,iteration,init_slope,init_intercept,est_intercept,est_slope,ss_res,nrmse,r_squared,aic
0,1.0,0.20000391453788735,5.046347713245834,0.09761770809758852,0.7842895089554548,0.05730476191813961,0.11404877737525693,0.8930320619163215,-29.636971919188213
1,2.0,0.16425291411905085,4.384119276117605,0.09761899834138314,0.7842858041120796,0.05730476190476829,0.11404877736195104,0.8930320619372155,-29.636971920821573
2,3.0,0.5914396756785211,4.145611750432864,0.09761813272648778,0.7842881466099793,0.057304761909998725,0.11404877736715588,0.8930320619286378,-29.63697192018266
3,4.0,0.681493599312902,3.6668265482447375,0.09761786586236161,0.7842887957337066,0.05730476191304916,0.11404877737019138,0.8930320619234415,-29.636971919810037
4,5.0,0.363733390917944,6.114096100643174,0.09761791461222133,0.7842888802746233,0.05730476191397536,0.11404877737111306,0.8930320619226748,-29.63697191969689
5,6.0,0.4443158021093806,1.6486465972886517,0.09761765451954756,0.7842892170516924,0.05730476191520329,0.11404877737233497,0.8930320619194141,-29.6369719195469
6,7.0,0.16546984038211054,8.635843875441854,0.09761898890168999,0.7842858235688686,0.05730476190477131,0.11404877736195403,0.8930320619372099,-29.63697192082121
7,8.0,0.30439397733205176,7.875754265225222,0.09761769727814851,0.7842895420551402,0.05730476191838083,0.11404877737549697,0.8930320619159552,-29.636971919158746
8,9.0,0.06844328413727807,5.579398918587699,0.0976189855066874,0.7842858303259245,0.05730476190477248,0.1140487773619552,0.8930320619372076,-29.63697192082106
9,10.0,0.6306147449366964,8.53340897112771,0.09761804946139217,0.7842884767883194,0.05730476191172477,0.11404877736887346,0.8930320619261476,-29.636971919971813
10,11.0,0.7201894548537668,9.627497534863204,0.09761805777758342,0.7842884529894281,0.05730476191160381,0.1140487773687531,0.8930320619263378,-29.636971919986593
11,12.0,0.004224474482989682,4.681875600283442,0.09761897945659616,0.7842858435450216,0.05730476190477497,0.11404877736195769,0.893032061937203,-29.636971920820756
12,13.0,0.6251323714392121,4.649798849081363,0.09761819364883859,0.7842879938281763,0.057304761909375265,0.11404877736653547,0.893032061929683,-29.636971920258816
13,14.0,0.3432668438069263,6.975077899519928,0.09761781094662926,0.7842891942298044,0.05730476191595397,0.11404877737308199,0.8930320619196455,-29.6369719194552
14,15.0,0.9066463008924939,5.683582216278415,0.09761801750474634,0.7842884326834868,0.057304761911267495,0.11404877736841842,0.8930320619264986,-29.63697192002767
15,16.0,0.543277312882378,0.19350239715613843,0.09761903897244051,0.7842857234482878,0.057304761904762073,0.11404877736194484,0.8930320619372271,-29.636971920822333
16,17.0,0.7660310847070481,9.170740343335591,0.09761813211828273,0.7842882322358649,0.05730476191051888,0.11404877736767349,0.8930320619280225,-29.636971920119116
17,18.0,0.4918375179534673,4.502576057102797,0.09761838548928056,0.7842875014911985,0.05730476190762125,0.11404877736479004,0.89303206193259,-29.636971920473073
18,19.0,0.3221070850380494,3.9555981573011465,0.09761811358529154,0.7842882864820209,0.057304761910775485,0.11404877736792883,0.8930320619276215,-29.636971920087774
19,20.0,0.6872314279279823,8.303009354108928,0.09761812578869306,0.7842882513544019,0.05730476191060966,0.11404877736776382,0.8930320619278822,-29.636971920108024
20,21.0,0.5877184272623578,2.135042943436949,0.09761765389882344,0.7842892107160879,0.05730476191514993,0.11404877737228189,0.8930320619194785,-29.636971919553417
21,22.0,0.29891606368507473,2.6743078815587844,0.09761836719196076,0.784287549183909,0.05730476190777383,0.11404877736494187,0.8930320619323391,-29.636971920454435
22,23.0,0.7120635139422321,1.7368954550892164,0.09761790882891376,0.7842884252188155,0.05730476191080656,0.11404877736795975,0.8930320619265575,-29.63697192008398
23,24.0,0.01563957148177142,1.7514997302429633,0.09761898413793893,0.7842858333499405,0.057304761904773044,0.11404877736195576,0.8930320619372066,-29.636971920820997
24,25.0,0.8942590198115371,8.337967198162378,0.09761840039793056,0.7842874627646148,0.05730476190750046,0.11404877736466984,0.8930320619327887,-29.63697192048783
25,26.0,0.68486275070479,2.885876162261555,0.09761768959376849,0.7842891756846708,0.057304761915052876,0.11404877737218529,0.8930320619198323,-29.63697191956527
26,27.0,0.1253719264663241,5.140471460873302,0.09761899231212784,0.7842858160659743,0.057304761904770074,0.1140487773619528,0.8930320619372123,-29.636971920821352
27,28.0,0.8995723885441115,8.495890193634038,0.09761841096996113,0.784287434982633,0.05730476190741502,0.1140487773645848,0.8930320619329286,-29.63697192049826
28,29.0,0.2537939563569217,0.917773455478051,0.0976190405853001,0.7842857202912797,0.057304761904762046,0.11404877736194483,0.8930320619372272,-29.63697192082234
29,30.0,0.8309842853602852,3.7886813098348755,0.09761773299946848,0.7842890915249404,0.05730476191461218,0.11404877737174676,0.893032061920668,-29.6369719196191
30,31.0,0.7604334174660271,4.046728332879167,0.0976178554105442,0.7842888199565258,0.057304761913174095,0.1140487773703157,0.8930320619232239,-29.636971919794767
31,32.0,0.7149071624176462,0.5693246426231212,0.09761903584765924,0.7842857277531831,0.05730476190476223,0.114048777361945,0.893032061937227,-29.63697192082231
32,33.0,0.4836279457684117,9.322681723873645,0.09761783898455696,0.7842891099073849,0.057304761915404935,0.11404877737253565,0.8930320619204871,-29.636971919522267
33,34.0,0.1023347420482259,3.205929072755856,0.09761899553733697,0.784285809313114,0.05730476190476906,0.11404877736195179,0.8930320619372141,-29.63697192082148
34,35.0,0.9965202027632774,6.009458662898649,0.09761797697436231,0.7842885311341311,0.05730476191173192,0.1140487773688806,0.8930320619257075,-29.636971919970932
35,36.0,0.7508496353457793,6.756663487058541,0.09761837149892028,0.7842875380123481,0.05730476190773779,0.11404877736490601,0.8930320619323985,-29.636971920458834
36,37.0,0.012258729547357405,2.9707287907436237,0.09761898013515012,0.7842858414757164,0.057304761904774584,0.1140487773619573,0.8930320619372037,-29.636971920820805
37,38.0,0.31448014467207097,8.542379924671833,0.09761899769893191,0.7842858055747924,0.057304761904768506,0.11404877736195125,0.8930320619372152,-29.63697192082155
38,39.0,0.9005484226763377,4.663189541664093,0.09761783108736845,0.7842888758996049,0.05730476191346529,0.11404877737060548,0.893032061922715,-29.636971919759205
39,40.0,0.6600441056237758,3.4249675310836216,0.09761783382752225,0.7842888700143107,0.057304761913435316,0.11404877737057566,0.893032061922769,-29.636971919762864
40,41.0,0.37776242904864554,2.045037941968301,0.0976178721774441,0.7842887811247385,0.05730476191297432,0.11404877737011691,0.893032061923572,-29.636971919819175
41,42.0,0.32933066946781386,0.8493589782065332,0.09761903191798536,0.7842857346915043,0.05730476190476243,0.1140487773619452,0.8930320619372266,-29.63697192082229
42,43.0,0.5057363892774748,3.7157818464483987,0.0976181806179936,0.7842880265219699,0.05730476190950534,0.1140487773666649,0.8930320619294652,-29.636971920242928
43,44.0,0.4822130085573063,4.88536490377968,0.09761846420532619,0.7842872964855444,0.05730476190701087,0.11404877736418263,0.8930320619335929,-29.636971920547637
44,45.0,0.909739900792858,2.6665046247993534,0.09761772836279609,0.7842889377684427,0.057304761913442484,0.11404877737058279,0.8930320619221415,-29.63697191976199
45,46.0,0.09732020629586646,3.3900594621508175,0.09761899408427563,0.7842858128261679,0.05730476190476959,0.11404877736195233,0.8930320619372131,-29.63697192082141
46,47.0,0.439411295785607,8.628155597415109,0.09761782899514052,0.7842891399304888,0.05730476191559878,0.11404877737272853,0.8930320619201899,-29.636971919498585
47,48.0,0.7375201183062478,4.8493304557924715,0.09761806670755702,0.7842883112213968,0.05730476191071319,0.11404877736786684,0.8930320619274359,-29.636971920095377
48,49.0,0.6343811481984062,2.1384375881465156,0.09761766110605628,0.7842891614669505,0.05730476191479962,0.11404877737193328,0.893032061919975,-29.636971919596206
49,50.0,0.8735130301552232,2.9052279112278274,0.09761766521329382,0.7842891460234341,0.05730476191470004,0.11404877737183419,0.8930320619201292,-29.63697191960837
50,51.0,0.39283281570332107,1.4963963242017269,0.09761765878467112,0.7842892174275633,0.057304761915227834,0.1140487773723594,0.8930320619194103,-29.636971919543896
51,52.0,0.3642605627915847,5.609336145761865,0.0976179673311974,0.7842887227011488,0.05730476191305917,0.11404877737020136,0.8930320619240872,-29.636971919808808
52,53.0,0.22918202114054764,5.552699933387393,0.09761772680408343,0.7842894519138438,0.05730476191772946,0.1140487773748488,0.8930320619169453,-29.636971919238313
53,54.0,0.6205842429788311,5.953970623264775,0.09761842280631088,0.7842874036881412,0.05730476190732019,0.11404877736449044,0.8930320619330836,-29.63697192050985
54,55.0,0.25487159909721124,1.9494233415666116,0.09761822089120245,0.7842879240598082,0.057304761909101484,0.11404877736626302,0.8930320619301377,-29.636971920292254
55,56.0,0.08501278576450122,6.701678912907476,0.09761898533571715,0.7842858305741822,0.05730476190477253,0.11404877736195525,0.8930320619372076,-29.636971920821054
56,57.0,0.4896844718521105,9.606573906406826,0.097617829840423,0.7842891376744593,0.0573047619155848,0.11404877737271463,0.8930320619202123,-29.636971919500297
57,58.0,0.5814575057531515,2.223704142505314,0.09761765882940306,0.7842892181901706,0.057304761915234176,0.11404877737236571,0.8930320619194025,-29.63697191954313
58,59.0,0.35455845015390175,5.68496398585107,0.09761794251994049,0.7842887967371015,0.0573047619134834,0.11404877737062351,0.8930320619234325,-29.636971919756988
59,60.0,0.029207233960424794,0.5339161285342174,0.09761903896709792,0.7842857218915577,0.057304761904762094,0.11404877736194487,0.8930320619372272,-29.636971920822333
60,61.0,0.3252623620131786,8.80651440690677,0.0976189978936689,0.7842858043937552,0.05730476190476837,0.11404877736195111,0.8930320619372155,-29.636971920821566
61,62.0,0.9378954409636151,1.7400624635457052,0.09761830764463053,0.784287398739535,0.05730476190704194,0.11404877736421355,0.8930320619331078,-29.636971920543836
62,63.0,0.13724218458008208,4.9114398230645495,0.0976189933540726,0.7842858139026332,0.05730476190476977,0.11404877736195251,0.8930320619372129,-29.636971920821395
63,64.0,0.09515377695601412,7.302527859048777,0.09761898602348616,0.784285829537667,0.057304761904772336,0.11404877736195507,0.893032061937208,-29.636971920821082
64,65.0,0.17007873630003967,3.561636855482733,0.09761779609117284,0.7842892398194908,0.057304761916258766,0.11404877737338528,0.8930320619191817,-29.636971919417967
65,66.0,0.11141713897748629,9.998227333860925,0.09761898518393393,0.784285831026237,0.05730476190477262,0.11404877736195534,0.8930320619372074,-29.636971920821047
66,67.0,0.08442013624275813,8.471031183572515,0.09761898423364114,0.7842858332673187,0.057304761904773016,0.11404877736195572,0.8930320619372067,-29.636971920820997
67,68.0,0.33921404692211954,5.402141619299668,0.09761794708302754,0.7842887835230856,0.05730476191340773,0.11404877737054821,0.8930320619235506,-29.636971919766232
68,69.0,0.2078513179974879,7.831961894852742,0.0976189925917452,0.784285815729544,0.05730476190477002,0.11404877736195275,0.8930320619372123,-29.63697192082136
69,70.0,0.5931111565148148,0.10217388030653274,0.09761903937218555,0.7842857203741185,0.05730476190476212,0.1140487773619449,0.8930320619372272,-29.636971920822326
70,71.0,0.04733765014538638,1.8429735339852633,0.09761899272583537,0.7842858156016589,0.057304761904770025,0.11404877736195276,0.8930320619372123,-29.63697192082136
71,72.0,0.6532202781385577,9.745999996864537,0.09761798709507039,0.7842886636621789,0.05730476191272836,0.11404877736987215,0.8930320619245979,-29.636971919849223
72,73.0,0.37956036037279084,8.996633200025197,0.09761773611761083,0.7842894224021815,0.057304761917517016,0.1140487773746374,0.8930320619172643,-29.636971919264262
73,74.0,0.8507044784627444,8.447265624244809,0.09761844921895158,0.7842873349428239,0.05730476190711915,0.1140487773642904,0.893032061933414,-29.636971920534407
74,75.0,0.017567053396639776,4.776622481173936,0.0976189809912948,0.7842858397262822,0.05730476190477425,0.11404877736195697,0.8930320619372044,-29.636971920820848
75,76.0,0.6352385714581272,4.411735851964989,0.09761812392079364,0.7842881690038714,0.05730476191009398,0.11404877736725066,0.893032061928479,-29.63697192017102
76,77.0,0.5707250570948388,2.9380524544448834,0.09761782645172162,0.7842888864838028,0.05730476191352079,0.11404877737066071,0.8930320619226176,-29.636971919752426
77,78.0,0.8885112396372654,0.5049924587894448,0.09761904018324827,0.7842857199667433,0.05730476190476208,0.11404877736194484,0.8930320619372272,-29.636971920822333
78,79.0,0.5545286319329683,9.091166611430436,0.09761792968098643,0.7842888350697375,0.05730476191370728,0.11404877737084629,0.8930320619230874,-29.636971919729646
79,80.0,0.0642989867345104,8.603479667749342,0.09761898370370337,0.7842858341910419,0.05730476190477318,0.1140487773619559,0.8930320619372064,-29.636971920820976
80,81.0,0.2795998974246592,4.545993973789899,0.09761793503305799,0.7842888196492572,0.05730476191361801,0.11404877737075746,0.8930320619232268,-29.636971919740546
81,82.0,0.14985867321263735,7.555005011362385,0.09761898852827812,0.7842858242393862,0.05730476190477142,0.11404877736195415,0.8930320619372096,-29.63697192082119
82,83.0,0.48247798435609435,9.393574680069102,0.09761783423694723,0.7842891244782912,0.05730476191549947,0.11404877737262972,0.8930320619203432,-29.636971919510714
83,84.0,0.2001035463749684,1.0721448382457723,0.09761786239307035,0.7842888035608627,0.05730476191308895,0.11404877737023099,0.8930320619233715,-29.63697191980517
84,85.0,0.8543398430647271,4.916142622756636,0.09761793012901823,0.7842886436384047,0.05730476191227986,0.11404877736942585,0.8930320619247689,-29.636971919904006
85,86.0,0.9489953920374833,4.579437966338639,0.09761777304256747,0.784289006027695,0.05730476191415458,0.11404877737129139,0.8930320619214958,-29.636971919675
86,87.0,0.11921131731489931,1.1757161413737292,0.0976184438359105,0.7842873488156941,0.057304761907158885,0.11404877736432993,0.8930320619333484,-29.636971920529554
87,88.0,0.43886573437084464,1.7260560264429863,0.09761766461746745,0.7842892143112246,0.05730476191523269,0.11404877737236423,0.893032061919442,-29.636971919543306
88,89.0,0.052189799286485816,5.383572392812139,0.09761898356446266,0.784285834246565,0.05730476190477319,0.1140487773619559,0.8930320619372063,-29.636971920820976
89,90.0,0.1761088797980933,5.910459872467099,0.09761899458418906,0.7842858116723759,0.057304761904769415,0.11404877736195214,0.8930320619372134,-29.636971920821438
90,91.0,0.00281825203947883,2.9048632865313646,0.09761897897244412,0.7842858443356275,0.05730476190477515,0.11404877736195786,0.8930320619372026,-29.636971920820734
91,92.0,0.16468605670130188,4.394085516204521,0.09761899837517259,0.7842858035115328,0.057304761904768256,0.114048777361951,0.8930320619372156,-29.63697192082158
92,93.0,0.42436119281029905,9.110921801701314,0.09761778297180757,0.784289279392424,0.05730476191652503,0.11404877737365025,0.8930320619187744,-29.636971919385438
93,94.0,0.2957243073039597,6.373498840026568,0.09761778181413137,0.7842892836370043,0.05730476191655557,0.11404877737368065,0.8930320619187304,-29.636971919381715
94,95.0,0.9335792777006742,8.685075191247455,0.09761839830758255,0.7842874677701673,0.0573047619075154,0.11404877736468469,0.8930320619327633,-29.636971920486005
95,96.0,0.5606954992657414,7.890902233021939,0.09761802421547798,0.7842885527670658,0.05730476191212523,0.11404877736927196,0.8930320619255299,-29.636971919922892
96,97.0,0.06979758539010072,5.5494289096135825,0.09761898607050404,0.7842858295189029,0.057304761904772315,0.11404877736195503,0.8930320619372081,-29.636971920821082
97,98.0,0.9273882086207815,7.4886518390743975,0.09761827244556853,0.7842877924745977,0.057304761908608594,0.11404877736577254,0.893032061930957,-29.636971920352465
98,99.0,0.3529312140652372,6.180824066355499,0.09761789177857082,0.7842889500184052,0.057304761914399475,0.11404877737153508,0.8930320619220266,-29.636971919645084
99,100.0,0.6439604436425546,8.162680649706667,0.09761809350094336,0.7842883470925255,0.05730476191107197,0.11404877736822387,0.8930320619271636,-29.636971920051558
100,101.0,0.1532224916161734,9.611740387899808,0.09761898752429347,0.7842858262953291,0.05730476190477175,0.11404877736195448,0.8930320619372091,-29.636971920821154
101,102.0,0.815700588983366,5.598189765313983,0.09761811095486718,0.7842882012265443,0.05730476191023126,0.11404877736738728,0.8930320619282478,-29.636971920154252
102,103.0,0.1619916562167042,1.9326357938550711,0.09761813482665192,0.7842882244809612,0.05730476191048294,0.11404877736763772,0.8930320619280792,-29.636971920123507
103,104.0,0.008444147828600035,6.747179141211177,0.09761897899417259,0.7842858440872258,0.05730476190477509,0.1140487773619578,0.8930320619372027,-29.63697192082074
104,105.0,0.17448012698332305,5.4823697832568445,0.09761899541889325,0.7842858099219798,0.05730476190476916,0.11404877736195189,0.893032061937214,-29.636971920821466
105,106.0,0.5985307037653401,1.1535157194562475,0.09761824848627702,0.7842875458677787,0.057304761907466355,0.1140487773646359,0.8930320619323568,-29.636971920491987
106,107.0,0.77033262588823,7.80658533787501,0.09761846411066195,0.7842872961586121,0.057304761907009345,0.11404877736418112,0.8930320619335943,-29.636971920547822
107,108.0,0.5036740048834267,7.093989193826917,0.0976180230634224,0.7842885552548855,0.057304761912136744,0.11404877736928343,0.8930320619255093,-29.636971919921493
108,109.0,0.6863698483919763,8.526899363253094,0.09761810632582046,0.7842883078088645,0.05730476191087802,0.11404877736803087,0.8930320619274617,-29.63697192007524
109,110.0,0.6661616441442176,5.651014206528925,0.09761831886238632,0.7842876732316106,0.05730476190818662,0.11404877736535263,0.8930320619316559,-29.636971920404008
110,111.0,0.37510493116576604,1.0494934780168956,0.09761776385930089,0.7842888307977894,0.057304761912843616,0.11404877736998684,0.893032061923126,-29.63697191983514
111,112.0,0.2650798453574592,4.245517490769743,0.0976179433967327,0.7842887942423974,0.05730476191346918,0.11404877737060934,0.8930320619234549,-29.63697191975873
112,113.0,0.1124235923017739,4.747632171783501,0.0976189910325736,0.7842858189018814,0.057304761904770546,0.11404877736195328,0.8930320619372114,-29.636971920821303
113,114.0,0.8114713920807716,2.9247232392249796,0.0976176535330049,0.7842892082148052,0.05730476191512831,0.11404877737226035,0.8930320619195038,-29.63697191955606
114,115.0,0.3960685966170264,6.84734981813709,0.09761789890272858,0.7842889286153719,0.057304761914269045,0.11404877737140531,0.893032061922227,-29.636971919661022
115,116.0,0.8856365365646902,6.082491500285299,0.09761811169583502,0.7842881992838948,0.05730476191022276,0.11404877736737883,0.8930320619282618,-29.63697192015529
116,117.0,0.3840481919056786,7.229631295478952,0.09761785229819284,0.7842890698811599,0.05730476191514918,0.11404877737228113,0.8930320619208795,-29.63697191955351
117,118.0,0.6065926848289503,8.299557517412554,0.09761804177447761,0.7842885000271578,0.057304761911846254,0.11404877736899437,0.8930320619259605,-29.63697191995697
118,119.0,0.7060405267130648,7.403945626410748,0.09761848795634544,0.7842872338016591,0.057304761906838,0.11404877736401062,0.8930320619338751,-29.636971920568747
119,120.0,0.8399046929799048,7.683295361658129,0.09761838511719534,0.7842875024991534,0.05730476190762449,0.11404877736479326,0.8930320619325847,-29.636971920472682
120,121.0,0.31555816982900853,0.7297986472168017,0.09761904332461904,0.7842857161550786,0.057304761904761956,0.11404877736194473,0.8930320619372273,-29.636971920822347
121,122.0,0.05176431599146336,9.382997115882597,0.09761898107030478,0.7842858397821127,0.05730476190477424,0.11404877736195695,0.8930320619372044,-29.636971920820848
122,123.0,0.9278098507348274,1.9416834996092598,0.09761812209166479,0.7842878659955548,0.05730476190852109,0.11404877736568546,0.8930320619305054,-29.63697192036316
123,124.0,0.7429158827951607,7.624215844256721,0.09761847283618709,0.7842872737523571,0.05730476190694744,0.11404877736411953,0.8930320619336964,-29.636971920555382
124,125.0,0.900445302700395,8.99158103716584,0.09761845371825288,0.7842873238660406,0.05730476190708822,0.11404877736425961,0.893032061933466,-29.636971920538187
125,126.0,0.05517149311293845,4.208421780994621,0.09761898567219827,0.7842858300920729,0.05730476190477243,0.11404877736195515,0.8930320619372077,-29.63697192082107
126,127.0,0.12522096758463797,4.34570595115846,0.09761899441683268,0.7842858120950792,0.057304761904769456,0.1140487773619522,0.8930320619372134,-29.63697192082143
127,128.0,0.953807125218243,7.32825227772418,0.09761822571881194,0.7842879118820869,0.05730476190905482,0.11404877736621659,0.8930320619302157,-29.63697192029796
128,129.0,0.8593955174324409,3.9409474560800426,0.0976177369654579,0.784289082944341,0.057304761914565454,0.11404877737170026,0.8930320619207519,-29.636971919624813
129,130.0,0.9009954445020614,8.376569063247288,0.09761839786379943,0.7842874690796807,0.05730476190751965,0.11404877736468894,0.8930320619327566,-29.63697192048548
130,131.0,0.7093878433672414,5.95377175665101,0.09761830923330805,0.7842876979837631,0.0573047619082722,0.1140487773654378,0.8930320619315142,-29.636971920393563
131,132.0,0.7332663451738842,7.541209670989117,0.097618474920238,0.7842872679974501,0.05730476190693122,0.11404877736410338,0.8930320619337225,-29.636971920557365
132,133.0,0.29852630776052014,7.473149174520196,0.09761771280464361,0.7842894957399023,0.057304761918046926,0.1140487773751647,0.8930320619164668,-29.63697191919954
133,134.0,0.03594371887369108,0.8194325118869997,0.0976190399506428,0.7842857210157151,0.05730476190476207,0.11404877736194483,0.8930320619372272,-29.636971920822333
134,135.0,0.7640495062577314,1.1002472755309898,0.09761867769557055,0.7842865146340782,0.05730476190526652,0.11404877736244683,0.8930320619362973,-29.636971920760715
135,136.0,0.575126184697873,6.888775091945092,0.0976181311427464,0.7842882339695992,0.05730476191052516,0.11404877736767974,0.8930320619280098,-29.63697192011835
136,137.0,0.4122557944966829,2.4490755138664855,0.09761796240717693,0.7842885664150608,0.05730476191190209,0.11404877736904993,0.8930320619254171,-29.63697191995015
137,138.0,0.5021183711836817,6.233514700991418,0.09761810659338316,0.7842883068232726,0.05730476191087292,0.1140487773680258,0.8930320619274691,-29.636971920075872
138,139.0,0.915881799371045,5.094065494398062,0.09761789751186399,0.7842887212664412,0.05730476191266867,0.11404877736981274,0.8930320619240998,-29.636971919856514
139,140.0,0.425461890787993,2.623581674261777,0.09761799954101534,0.784288476157432,0.05730476191147029,0.11404877736862025,0.8930320619261527,-29.6369719200029
140,141.0,0.18613989591039315,6.47619396387452,0.09761899399838309,0.7842858129705641,0.05730476190476961,0.11404877736195233,0.8930320619372131,-29.63697192082141
141,142.0,0.9819331488987294,4.754833967100651,0.0976177759738615,0.7842889992308184,0.05730476191411736,0.11404877737125436,0.8930320619215607,-29.636971919679546
142,143.0,0.5765055221446435,4.4023872682420775,0.0976182189888214,0.784287929174597,0.05730476190912163,0.11404877736628308,0.8930320619301049,-29.636971920289795
143,144.0,0.2367719697266717,4.335958542096549,0.09761786701291136,0.7842890251667473,0.057304761914866144,0.11404877737199948,0.8930320619213122,-29.636971919588085
144,145.0,0.663339700869626,3.0180147236918735,0.09761773182820564,0.7842890935100494,0.05730476191462165,0.11404877737175619,0.8930320619206484,-29.63697191961795
145,146.0,0.444948175341251,1.2133486757754202,0.09761778692634876,0.7842887639890006,0.05730476191248424,0.11404877736962923,0.8930320619237241,-29.636971919879038
146,147.0,0.6395035398465426,5.688852001903218,0.09761836096758704,0.784287564451806,0.05730476190782227,0.11404877736499007,0.8930320619322575,-29.636971920448516
147,148.0,0.46144614242578197,6.466871621493513,0.09761802698736666,0.7842885446198131,0.057304761912082114,0.11404877736922905,0.8930320619255969,-29.636971919928158
148,149.0,0.3239364246159291,2.278582381291599,0.0976181367913998,0.7842881370901816,0.05730476190995988,0.11404877736711722,0.8930320619287049,-29.6369719201874
149,150.0,0.3830933181214583,4.759139735824287,0.09761810652315259,0.7842883073358026,0.057304761910875926,0.11404877736802879,0.8930320619274652,-29.636971920075503
150,151.0,0.08857710657543905,6.239467633045761,0.09761898628133094,0.7842858287579234,0.05730476190477221,0.11404877736195494,0.8930320619372082,-29.636971920821097
151,152.0,0.43058245182799604,0.15330890710497375,0.09761903465833752,0.7842857298700905,0.05730476190476226,0.11404877736194502,0.8930320619372268,-29.63697192082231
152,153.0,0.34724728311314723,2.0549757356283798,0.09761795891383976,0.7842885748740478,0.0573047619119432,0.11404877736909083,0.8930320619253469,-29.636971919945132
153,154.0,0.22499228870096788,9.944930072572907,0.09761899177604855,0.784285817354293,0.05730476190477031,0.11404877736195303,0.8930320619372117,-29.636971920821324
154,155.0,0.7434141887282614,9.63369232392839,0.0976180783397512,0.7842883917141101,0.057304761911292856,0.11404877736844367,0.8930320619268196,-29.63697192002457
155,156.0,0.9301242149039909,9.390318279770076,0.09761846052780472,0.7842873053489602,0.057304761907034964,0.11404877736420663,0.8930320619335519,-29.63697192054469
156,157.0,0.8273498256795538,4.800196661771642,0.09761793872855815,0.7842886234283052,0.05730476191218079,0.11404877736932727,0.8930320619249401,-29.636971919916107
157,158.0,0.9112666212408064,0.24348473965746617,0.09761904112239181,0.784285715539278,0.05730476190476212,0.1140487773619449,0.8930320619372273,-29.636971920822326
158,159.0,0.5547941086027504,2.920380778005778,0.09761784589828108,0.7842888418644319,0.05730476191328757,0.11404877737042864,0.8930320619230258,-29.636971919780912
159,160.0,0.281080521763331,4.700597897994533,0.0976179185133392,0.7842888696704359,0.05730476191391442,0.11404877737105243,0.8930320619227721,-29.636971919704337
160,161.0,0.7397549820266827,9.187374674058363,0.09761810672820613,0.7842883073067466,0.057304761910876745,0.1140487773680296,0.8930320619274654,-29.636971920075403
161,162.0,0.06888372422879341,5.5020070354821105,0.0976189848681638,0.7842858315343477,0.057304761904772704,0.11404877736195541,0.8930320619372073,-29.636971920821033
162,163.0,0.3123095884540429,8.322619546072753,0.09761899839321012,0.784285803890588,0.05730476190476828,0.11404877736195101,0.8930320619372156,-29.636971920821573
163,164.0,0.12855760133399152,8.462981744495217,0.09761898710173393,0.7842858272306185,0.05730476190477192,0.11404877736195464,0.8930320619372087,-29.636971920821132
164,165.0,0.4096770170375127,2.342912295141136,0.09761792405095383,0.7842886580863144,0.05730476191235143,0.11404877736949706,0.8930320619246457,-29.636971919895267
165,166.0,0.3468627845722474,6.748483769135689,0.09761783330014068,0.7842891260296354,0.05730476191550661,0.11404877737263681,0.8930320619203278,-29.636971919509847
166,167.0,0.483958780758702,4.598359382243872,0.09761841532762291,0.784287423393264,0.057304761907379625,0.11404877736454959,0.8930320619329863,-29.63697192050259
167,168.0,0.33739452588981467,0.8927974903331236,0.09761904024084345,0.7842857178679629,0.057304761904762115,0.11404877736194488,0.8930320619372272,-29.636971920822326
168,169.0,0.6258184691241551,1.3266310606241363,0.09761810240443748,0.7842879158204876,0.057304761908700964,0.11404877736586447,0.8930320619301906,-29.636971920341182
169,170.0,0.6434525013757678,4.597169690043345,0.0976181528191221,0.7842880965104198,0.057304761909790385,0.11404877736694854,0.8930320619289881,-29.636971920208104
170,171.0,0.7512694306749279,2.0686303201379066,0.09761777863503097,0.7842887884930203,0.057304761912615694,0.11404877736976005,0.8930320619235063,-29.63697191986298
171,172.0,0.9872351916286151,2.1380807780535758,0.0976180707490485,0.7842879977643614,0.05730476190900772,0.11404877736616972,0.893032061929657,-29.636971920303715
172,173.0,0.1970402536236362,6.8303422887640375,0.09761899356352076,0.7842858134064802,0.05730476190476968,0.1140487773619524,0.893032061937213,-29.63697192082141
173,174.0,0.2578096471859441,7.8286414894715985,0.09761899605604928,0.7842858087618448,0.05730476190476897,0.11404877736195171,0.8930320619372143,-29.636971920821495
174,175.0,0.1169414966449589,9.810574991021666,0.09761898491998723,0.7842858319777964,0.05730476190477277,0.1140487773619555,0.8930320619372072,-29.636971920821026
175,176.0,0.6525460767564121,0.4321118313537958,0.09761903921779735,0.7842857199961571,0.05730476190476213,0.1140487773619449,0.8930320619372272,-29.636971920822326
176,177.0,0.5322277317121775,5.29961049148518,0.09761845094184426,0.7842873304119445,0.05730476190710614,0.11404877736427745,0.8930320619334352,-29.636971920536
177,178.0,0.7482706602585151,6.783397440194439,0.09761837723686254,0.7842875227461041,0.05730476190768845,0.11404877736485688,0.893032061932479,-29.636971920464866
178,179.0,0.8289593590480118,5.370042215703877,0.09761805137689834,0.784288349422102,0.0573047619108855,0.11404877736803833,0.8930320619271457,-29.636971920074338
179,180.0,0.858214322382521,5.928655554998252,0.0976181178095307,0.7842881840692704,0.05730476191015774,0.11404877736731411,0.8930320619283713,-29.636971920163226
180,181.0,0.9352449132720981,1.2340741897110206,0.09761878046778169,0.7842862803820246,0.05730476190501293,0.11404877736219447,0.893032061936762,-29.636971920791694
181,182.0,0.19999534217009174,5.064120026474388,0.0976177067376588,0.7842895129373272,0.057304761918168065,0.11404877737528524,0.8930320619162776,-29.636971919184738
182,183.0,0.2661195500995597,2.003656409329146,0.09761820516147902,0.7842879641819636,0.05730476190925764,0.1140487773664184,0.8930320619298779,-29.636971920273183
183,184.0,0.6406696083850544,2.294447162883271,0.09761765433413322,0.784289204200266,0.05730476191510053,0.11404877737223273,0.8930320619195445,-29.63697191955945
184,185.0,0.6122851566517203,8.364163315669831,0.0976180429683785,0.7842884961975114,0.05730476191182576,0.11404877736897398,0.8930320619259914,-29.63697191995948
185,186.0,0.3892786747469811,8.621072344276833,0.09761776937421285,0.7842893221845286,0.05730476191682073,0.1140487773739445,0.8930320619183287,-29.63697191934932
186,187.0,0.09455719875333235,4.203098892917126,0.09761899036117448,0.7842858203088591,0.05730476190477077,0.1140487773619535,0.893032061937211,-29.636971920821267
187,188.0,0.24204400861746012,5.120785384123819,0.0976177909577331,0.7842892556114439,0.057304761916365354,0.11404877737349135,0.8930320619190197,-29.63697191940495
188,189.0,0.24813441682445614,4.462083557565367,0.09761787667001146,0.7842889958124435,0.05730476191468241,0.11404877737181664,0.8930320619215932,-29.63697191961053
189,190.0,0.891834628332627,3.5227639526300996,0.09761766665032905,0.7842892110048985,0.05730476191521664,0.11404877737234827,0.8930320619194756,-29.636971919545267
190,191.0,0.6284707630319772,9.42721779048096,0.09761798350494524,0.7842886736682061,0.057304761912782554,0.11404877736992608,0.8930320619245121,-29.6369719198426
191,192.0,0.4677412688216943,0.9435897711432663,0.09761817724459812,0.7842877252739444,0.057304761908035094,0.11404877736520184,0.8930320619313559,-29.636971920422518
192,193.0,0.6470614787631668,9.326532791637357,0.09761800833101868,0.7842885994017742,0.05730476191237441,0.11404877736951993,0.8930320619251423,-29.636971919892453
193,194.0,0.6243197795552509,5.149757391737545,0.09761829349779992,0.7842877387563354,0.05730476190841596,0.11404877736558086,0.8930320619312769,-29.636971920376
194,195.0,0.7075169564290171,7.490838862356788,0.09761849377756947,0.7842872185630505,0.05730476190679713,0.11404877736396994,0.8930320619339419,-29.636971920573743
195,196.0,0.2203835936002776,6.730433122765758,0.09761899621862814,0.7842858082688244,0.0573047619047689,0.11404877736195164,0.8930320619372144,-29.6369719208215
196,197.0,0.5025171199913308,4.681426067430121,0.0976184000343435,0.7842874638179506,0.05730476190750386,0.11404877736467321,0.8930320619327834,-29.63697192048741
197,198.0,0.06307178634297184,5.258222282220628,0.09761898570338642,0.7842858303884317,0.05730476190477249,0.11404877736195522,0.8930320619372076,-29.636971920821054
198,199.0,0.8075332473242933,8.923466293844902,0.0976181890573129,0.7842880648055118,0.05730476190976116,0.11404877736691947,0.8930320619292059,-29.63697192021167
199,200.0,0.9682023353871588,0.39942906014055235,0.09761905305678262,0.7842856943386154,0.05730476190476234,0.1140487773619451,0.8930320619372266,-29.636971920822305
200,201.0,0.4780851929303326,4.679043282551035,0.09761843801818348,0.7842873639461515,0.05730476190720279,0.1140487773643736,0.8930320619332762,-29.63697192052419
201,202.0,0.1921930506045948,7.795975515905376,0.09761899144283966,0.7842858183179136,0.05730476190477045,0.1140487773619532,0.8930320619372115,-29.63697192082131
202,203.0,0.10241505933907313,4.2564939596566465,0.0976189910914877,0.7842858190451044,0.05730476190477054,0.11404877736195328,0.8930320619372114,-29.636971920821303
203,204.0,0.5193394644155174,8.106609447219554,0.09761795906651771,0.7842887473789708,0.057304761913199435,0.11404877737034093,0.8930320619238709,-29.636971919791677
204,205.0,0.9785717040389499,9.685730755645459,0.09761844678939378,0.7842873418847552,0.05730476190713978,0.11404877736431092,0.8930320619333812,-29.636971920531884
205,206.0,0.44431981629145856,6.477564866313423,0.09761800199987776,0.784288619593853,0.05730476191248672,0.11404877736963169,0.8930320619249725,-29.63697191987874
206,207.0,0.19602951963716453,2.6943378233208186,0.09761803907688478,0.7842885077532997,0.05730476191188611,0.11404877736903403,0.8930320619258979,-29.636971919952103
207,208.0,0.9009688904676969,6.168251625586937,0.09761810837314253,0.7842882076443316,0.05730476191025881,0.11404877736741469,0.8930320619282014,-29.636971920150884
208,209.0,0.02594451494001604,9.616852134823382,0.09761898002558875,0.7842858420815161,0.0573047619047747,0.11404877736195741,0.8930320619372035,-29.63697192082079
209,210.0,0.30437908852805806,9.218521241601636,0.09761899541121076,0.78428580942256,0.05730476190476908,0.11404877736195182,0.8930320619372141,-29.636971920821473
210,211.0,0.955230115833892,2.797920592097428,0.09761772809589818,0.7842889375358849,0.057304761913439764,0.11404877737058007,0.8930320619221436,-29.636971919762324
211,212.0,0.6032114732012727,2.647412647065791,0.09761771057495706,0.7842891368243544,0.057304761914852925,0.11404877737198632,0.8930320619202207,-29.636971919589698
212,213.0,0.5894256400726384,1.237230961455466,0.09761811768088438,0.7842878773082014,0.05730476190856168,0.11404877736572586,0.8930320619304346,-29.636971920358192
213,214.0,0.9386521175743624,4.0064738939553,0.0976176952356309,0.7842891660193417,0.05730476191500513,0.11404877737213778,0.8930320619199293,-29.636971919571103
214,215.0,0.35905471397854327,9.56141124987362,0.09761899725184171,0.784285805789806,0.05730476190476856,0.1140487773619513,0.8930320619372151,-29.636971920821544
215,216.0,0.07716235904485402,4.840623858524659,0.0976189872742195,0.7842858265779488,0.05730476190477181,0.11404877736195454,0.893032061937209,-29.636971920821146
216,217.0,0.5685461767611462,9.30473064526205,0.09761793139071188,0.7842888306250282,0.0573047619136825,0.11404877737082164,0.8930320619231277,-29.636971919732666
217,218.0,0.7420935476408195,4.500486511352431,0.09761798285814165,0.7842885164376506,0.057304761911660784,0.1140487773688098,0.8930320619258274,-29.63697191997963
218,219.0,0.015372614355433578,5.488686349848952,0.09761898026921799,0.7842858416466912,0.0573047619047746,0.1140487773619573,0.8930320619372037,-29.636971920820805
219,220.0,0.07332770420649459,1.2023234562556155,0.09761792933664346,0.784288836513899,0.05730476191371662,0.11404877737085557,0.8930320619230743,-29.636971919728502
220,221.0,0.4239577412453248,9.642321264536207,0.09761775579455108,0.7842893627924985,0.05730476191709974,0.11404877737422216,0.8930320619179009,-29.636971919315243
221,222.0,0.16873038569180343,6.763655377773022,0.09761899219470287,0.7842858165985296,0.05730476190477016,0.11404877736195289,0.8930320619372121,-29.636971920821345
222,223.0,0.031344144586716305,3.0568269248132776,0.09761898486500704,0.7842858321766866,0.05730476190477282,0.11404877736195554,0.8930320619372071,-29.63697192082102
223,224.0,0.010138300235010389,0.719210338962255,0.09761904552410217,0.7842857098198762,0.05730476190476204,0.11404877736194481,0.8930320619372272,-29.63697192082234
224,225.0,0.7685589743320769,4.64186232096045,0.09761797824409894,0.7842885278339701,0.05730476191171568,0.11404877736886443,0.8930320619257345,-29.636971919972922
225,226.0,0.46472388141167864,8.60159085037397,0.09761786082335548,0.7842890437494515,0.057304761914982766,0.11404877737211555,0.8930320619211332,-29.63697191957383
226,227.0,0.148290059253384,8.138535733845488,0.09761898842711031,0.7842858243527012,0.05730476190477143,0.11404877736195415,0.8930320619372096,-29.63697192082119
227,228.0,0.15431280058829144,8.986171333983089,0.09761898850556375,0.7842858241013864,0.0573047619047714,0.11404877736195414,0.8930320619372097,-29.636971920821196
228,229.0,0.11242913376627128,8.864665375078783,0.09761898601434638,0.7842858295713954,0.05730476190477234,0.11404877736195507,0.893032061937208,-29.636971920821075
229,230.0,0.29320980733888813,2.58132635347809,0.09761835210910909,0.7842875880216006,0.05730476190790037,0.11404877736506779,0.89303206193213,-29.636971920438974
230,231.0,0.9415269634139268,0.8350446451293072,0.09761902415698731,0.784285751645452,0.05730476190476314,0.11404877736194591,0.8930320619372252,-29.636971920822205
231,232.0,0.720032828493984,6.787350377771831,0.09761840942484888,0.7842874393101341,0.05730476190742856,0.11404877736459829,0.893032061932907,-29.636971920496613
232,233.0,0.3358038241092347,1.3584565832904267,0.09761767290343216,0.7842892033442433,0.057304761915187546,0.11404877737231932,0.8930320619195532,-29.63697191954882
233,234.0,0.2528672351032145,6.082346473864856,0.09761772966796103,0.7842894424629339,0.05730476191766033,0.11404877737477999,0.8930320619170478,-29.63697191924676
234,235.0,0.6391420357702776,0.2699179678015535,0.09761904044573275,0.784285718968574,0.057304761904762094,0.11404877736194487,0.8930320619372272,-29.636971920822333
235,236.0,0.6940614504308682,0.9582781711396332,0.0976187296101378,0.7842863960854776,0.05730476190512713,0.11404877736230812,0.8930320619365524,-29.63697192077774
236,237.0,0.07638976667764452,0.44773523652229286,0.09761903682975531,0.7842857270390066,0.05730476190476215,0.11404877736194492,0.8930320619372271,-29.636971920822326
237,238.0,0.6105932406329748,0.11852093539686287,0.09761903707168325,0.7842857253066452,0.05730476190476218,0.11404877736194495,0.8930320619372271,-29.63697192082232
238,239.0,0.5288468446397175,6.899227520545386,0.09761807466745032,0.7842884031939766,0.05730476191135152,0.11404877736850205,0.8930320619267301,-29.6369719200174
239,240.0,0.4624086932920385,8.421007234657328,0.09761786992709681,0.7842890159434721,0.057304761914807434,0.11404877737194107,0.8930320619214008,-29.636971919595254
240,241.0,0.27409624072681715,0.4716930961002729,0.09761903577908967,0.7842857264030754,0.05730476190476225,0.11404877736194502,0.8930320619372271,-29.63697192082231
241,242.0,0.07649641681326602,9.602426832070224,0.09761898272263946,0.7842858362018147,0.05730476190477356,0.11404877736195629,0.8930320619372056,-29.636971920820926
242,243.0,0.22311137862323716,1.6814188730852526,0.0976182062783149,0.7842879620252694,0.057304761909250226,0.11404877736641104,0.8930320619298922,-29.636971920274092
243,244.0,0.5958251442914573,6.8324568684137255,0.0976181628814522,0.7842881422682072,0.057304761910105834,0.11404877736726246,0.8930320619286685,-29.63697192016957
244,245.0,0.0968780234732245,5.896265487349533,0.09761898746518369,0.784285826610376,0.05730476190477181,0.11404877736195454,0.893032061937209,-29.636971920821146
245,246.0,0.023205346664338378,7.5620696591700245,0.09761897976918406,0.7842858425475862,0.05730476190477479,0.1140487773619575,0.8930320619372033,-29.636971920820777
246,247.0,0.7901506892214754,3.0071260848534163,0.09761765780135766,0.7842892189597975,0.057304761915235085,0.1140487773723666,0.8930320619193947,-29.636971919543015
247,248.0,0.22873222517255398,9.869023832846603,0.09761899061182579,0.7842858198665393,0.05730476190477069,0.11404877736195343,0.8930320619372111,-29.63697192082128
248,249.0,0.6924960849347012,0.6243036382629665,0.0976190409686423,0.7842857181788148,0.05730476190476205,0.11404877736194483,0.8930320619372272,-29.63697192082234
249,250.0,0.4445560307537275,3.3229482205650767,0.09761819861880178,0.7842879808735266,0.057304761909323446,0.1140487773664839,0.8930320619297685,-29.63697192026514
250,251.0,0.6095667097265869,1.668991405538584,0.09761778354352228,0.7842887749422832,0.057304761912544036,0.11404877736968873,0.893032061923627,-29.63697191987174
251,252.0,0.2012479753828632,0.011442623351736344,0.09761903880468872,0.7842857194489714,0.05730476190476219,0.11404877736194496,0.8930320619372272,-29.63697192082232
252,253.0,0.984789256274465,7.728988747671615,0.09761824689876657,0.784287858434022,0.057304761908853044,0.1140487773660158,0.8930320619305526,-29.6369719203226
253,254.0,0.7747708011522559,6.273002536046422,0.09761827620376683,0.784287783446485,0.057304761908576675,0.11404877736574077,0.8930320619310113,-29.636971920356366
254,255.0,0.9967752522670986,0.27127184653826036,0.09761903361935162,0.7842857295216621,0.05730476190476236,0.11404877736194513,0.893032061937227,-29.636971920822305
255,256.0,0.31560957884398566,0.2531740205240732,0.0976190353010735,0.7842857276481598,0.05730476190476226,0.11404877736194502,0.893032061937227,-29.63697192082231
256,257.0,0.5617534773682223,2.992900441392922,0.09761785743446559,0.7842888156148664,0.05730476191315237,0.1140487773702941,0.8930320619232631,-29.636971919797425
257,258.0,0.8559978486104768,5.467575089716849,0.09761803690216636,0.7842883851352525,0.057304761911048184,0.11404877736820021,0.8930320619268706,-29.636971920054457
258,259.0,0.21565215771036605,1.3159749902577436,0.09761798973144332,0.784288500580188,0.05730476191158692,0.1140487773687363,0.893032061925956,-29.636971919988653
259,260.0,0.9581616287702214,2.9754326845123216,0.09761769312090283,0.7842890490778864,0.05730476191409678,0.11404877737123388,0.8930320619210816,-29.63697191968206
260,261.0,0.8781711917703715,6.757645563634971,0.09761822739223544,0.7842879082802818,0.05730476190904202,0.11404877736620385,0.8930320619302387,-29.636971920299523
261,262.0,0.8364001469895908,8.72120839013772,0.09761848363797453,0.7842872451108928,0.057304761906868576,0.11404877736404105,0.893032061933825,-29.63697192056501
262,263.0,0.9907935231997366,5.970726610606835,0.09761797635374346,0.7842885325567828,0.0573047619117386,0.11404877736888723,0.8930320619256958,-29.636971919970122
263,264.0,0.6472680375304739,2.960471035463267,0.09761773574674196,0.7842890858014461,0.05730476191458152,0.11404877737171625,0.893032061920724,-29.63697191962285
264,265.0,0.6407561861046857,2.44885436975385,0.09761765910321793,0.7842892177791879,0.05730476191523228,0.11404877737236382,0.8930320619194067,-29.636971919543356
265,266.0,0.917345224284616,7.513177776181519,0.09761828610006598,0.7842877574829276,0.05730476190848234,0.1140487773656469,0.8930320619311664,-29.63697192036789
266,267.0,0.12756682750654846,1.7777179106426146,0.0976180297783561,0.7842885351461595,0.05730476191202975,0.11404877736917696,0.8930320619256746,-29.63697191993456
267,268.0,0.11714420344364151,1.7196610544343556,0.09761799682253262,0.784288633820966,0.057304761912562216,0.11404877736970682,0.8930320619248522,-29.636971919869517
268,269.0,0.9427826285551957,5.3372043358512204,0.09761791487785429,0.7842886804211453,0.05730476191246385,0.11404877736960893,0.8930320619244541,-29.636971919881532
269,270.0,0.1515999672215118,7.709874791747016,0.09761898994113091,0.7842858214667977,0.05730476190477095,0.11404877736195368,0.8930320619372105,-29.636971920821253
270,271.0,0.6416710210130518,7.30113292842834,0.09761816821190095,0.7842881265644588,0.05730476191003513,0.1140487773671921,0.8930320619287788,-29.636971920178205
271,272.0,0.9852899575309959,9.664628742477118,0.09761843976262159,0.784287359654486,0.057304761907190596,0.11404877736436149,0.8930320619332968,-29.63697192052568
272,273.0,0.9704388977944743,2.3013385685216114,0.09761794554943982,0.7842883275775807,0.057304761910366535,0.11404877736752188,0.8930320619273122,-29.636971920137725
273,274.0,0.5610382359727878,4.308948450330313,0.09761822468722109,0.7842879143408436,0.05730476190906401,0.11404877736622573,0.8930320619302,-29.636971920296837
274,275.0,0.4175630240739677,3.1585167500043956,0.09761821020296237,0.7842879517031891,0.05730476190920936,0.11404877736637037,0.8930320619299593,-29.63697192027908
275,276.0,0.626610705394671,1.3629816082550668,0.09761806444001031,0.784288013727882,0.0573047619090685,0.11404877736623019,0.8930320619295508,-29.636971920296283
276,277.0,0.8999318211641204,0.49136297100481907,0.0976190382627874,0.7842857229773678,0.05730476190476213,0.1140487773619449,0.8930320619372272,-29.636971920822326
277,278.0,0.11946919748800044,5.898887747946862,0.09761899005464804,0.7842858210694803,0.05730476190477088,0.11404877736195361,0.8930320619372107,-29.636971920821253
278,279.0,0.5038397348666582,3.6536777887500276,0.0976181681839575,0.7842880583247352,0.05730476190963466,0.1140487773667936,0.8930320619292501,-29.636971920227133
279,280.0,0.2985925463841137,7.940024686967496,0.09761899778231939,0.7842858045141315,0.05730476190476839,0.11404877736195113,0.8930320619372154,-29.63697192082156
280,281.0,0.4488373829733663,9.459682367652979,0.0976177926702986,0.7842892498691101,0.05730476191632545,0.11404877737345165,0.8930320619190787,-29.636971919409824
281,282.0,0.0201512359690732,6.903041807203264,0.09761898020230099,0.784285841622742,0.0573047619047746,0.1140487773619573,0.8930320619372037,-29.636971920820805
282,283.0,0.4962243837249414,5.567532343136694,0.09761817798856001,0.7842880977308929,0.05730476190990649,0.1140487773670641,0.8930320619289797,-29.636971920193922
283,284.0,0.27031608872399404,0.48286742836534463,0.09761903660665328,0.7842857250734634,0.057304761904762205,0.11404877736194499,0.8930320619372271,-29.63697192082232
284,285.0,0.6689140227572089,7.6654683853069905,0.0976181627649475,0.784288141672106,0.05730476191010166,0.11404877736725831,0.8930320619286727,-29.636971920170083
285,286.0,0.7346716211740274,4.404916011861136,0.09761797215176475,0.7842885430738861,0.057304761911789785,0.11404877736893819,0.8930320619256096,-29.63697191996387
286,287.0,0.6397133975799324,0.431311940190084,0.09761903830627959,0.7842857221351826,0.05730476190476215,0.11404877736194492,0.8930320619372272,-29.636971920822326
287,288.0,0.992658766247072,9.453866827486568,0.09761841729490114,0.7842874188424034,0.05730476190736658,0.11404877736453661,0.8930320619330089,-29.63697192050418
288,289.0,0.3132661065653013,7.768375080571576,0.09761771535372077,0.7842894860240823,0.0573047619179719,0.11404877737509006,0.8930320619165734,-29.636971919208705
289,290.0,0.6927275293684486,6.461065730000158,0.09761840051646499,0.7842874621067744,0.057304761907498,0.11404877736466738,0.893032061932792,-29.63697192048813
290,291.0,0.9837925434625174,6.512259710494033,0.0976180737192546,0.7842882942589532,0.05730476191063835,0.11404877736779237,0.8930320619275635,-29.63697192010453
291,292.0,0.696687099834498,9.943425375846346,0.09761801538615528,0.7842885789987709,0.05730476191226549,0.11404877736941155,0.8930320619253126,-29.63697191990576
292,293.0,0.11179173844995005,6.1668330596593774,0.09761898869113445,0.784285823991263,0.05730476190477135,0.11404877736195408,0.8930320619372099,-29.636971920821203
293,294.0,0.21515906693644704,5.9563372860484005,0.09761899791681748,0.7842858050607471,0.057304761904768436,0.11404877736195118,0.8930320619372153,-29.63697192082155
294,295.0,0.3521202200578655,2.24527274044795,0.09761803531166545,0.7842883894011851,0.05730476191106838,0.1140487773682203,0.8930320619268375,-29.63697192005199
295,296.0,0.5280955204586154,5.29571941103355,0.09761845655790191,0.7842873163857947,0.0573047619070669,0.1140487773642384,0.8930320619335008,-29.636971920540788
296,297.0,0.4467209664716192,0.7739585081976235,0.09761903592940334,0.7842857288632227,0.05730476190476219,0.11404877736194496,0.893032061937227,-29.63697192082232
297,298.0,0.01445653048237383,6.139693059070945,0.09761898026965336,0.7842858418493386,0.057304761904774626,0.11404877736195733,0.8930320619372036,-29.6369719208208
298,299.0,0.6889335067616933,5.34353213578388,0.09761823474671542,0.7842878891892071,0.05730476190896869,0.11404877736613087,0.8930320619303598,-29.636971920308476
299,300.0,0.29124409076558444,3.1064337289732586,0.09761849933673016,0.7842872044786512,0.05730476190676023,0.11404877736393322,0.8930320619340032,-29.636971920578247
300,301.0,0.7480994371524047,0.8120599375768114,0.0976189442197875,0.7842859188736717,0.057304761904794436,0.11404877736197705,0.8930320619371666,-29.636971920818375
301,302.0,0.931397351798075,0.9097438100837273,0.09761899585350554,0.7842858096655995,0.0573047619047691,0.11404877736195185,0.8930320619372141,-29.636971920821473
302,303.0,0.6175675613036369,7.7810146812708565,0.0976180971761373,0.7842883358161928,0.05730476191101595,0.11404877736816812,0.8930320619272496,-29.6369719200584
303,304.0,0.5495848328449823,6.215521826887887,0.09761817213964434,0.7842881140557579,0.0573047619099777,0.11404877736713495,0.8930320619288663,-29.636971920185225
304,305.0,0.6141923641959043,5.190454861377042,0.09761831556116211,0.784287682168952,0.057304761908218,0.11404877736538385,0.8930320619316049,-29.63697192040018
305,306.0,0.7055626691068233,1.7078023784233969,0.0976179185981065,0.7842883991177133,0.05730476191068716,0.11404877736784096,0.8930320619267619,-29.63697192009856
306,307.0,0.9518559291162753,5.494367818986116,0.09761793328420193,0.7842886364729743,0.05730476191224515,0.1140487773693913,0.8930320619248298,-29.636971919908248
307,308.0,0.09501122434429743,2.81144316663052,0.09761899616283459,0.7842858084115135,0.0573047619047689,0.11404877736195164,0.8930320619372144,-29.6369719208215
308,309.0,0.9821279728426042,8.698409283050664,0.0976183571782895,0.7842875743415039,0.057304761907854676,0.11404877736502231,0.8930320619322042,-29.63697192044456
309,310.0,0.23577226242561133,9.236373556860231,0.09761899248307425,0.784285816363036,0.05730476190477012,0.11404877736195286,0.8930320619372121,-29.636971920821352
310,311.0,0.770306903908825,6.182571261076237,0.09761826779654312,0.7842878048803565,0.057304761908654564,0.11404877736581828,0.8930320619308819,-29.636971920346852
311,312.0,0.21525837653195234,2.5630176683657977,0.09761813608021609,0.784288220621396,0.05730476191046465,0.11404877736761952,0.8930320619281072,-29.636971920125738
312,313.0,0.45350535027631766,8.660381057823491,0.09761784356528999,0.784289095135899,0.0573047619153079,0.11404877737243908,0.8930320619206326,-29.63697191953412
313,314.0,0.9922599399174771,5.591566777407139,0.09761790974932892,0.7842886924840481,0.05730476191252406,0.11404877736966886,0.8930320619243499,-29.636971919874178
314,315.0,0.39630427061218976,7.40648303627437,0.09761785524602444,0.7842890599257656,0.05730476191508359,0.11404877737221585,0.8930320619209764,-29.636971919561518
315,316.0,0.1385640901621623,8.020966528892144,0.09761898824615863,0.7842858249158806,0.057304761904771545,0.11404877736195428,0.8930320619372094,-29.636971920821175
316,317.0,0.1970045180161326,7.470284337494408,0.09761899233031153,0.7842858162160954,0.05730476190477013,0.11404877736195286,0.8930320619372121,-29.636971920821352
317,318.0,0.34247201263042304,2.3622163707802297,0.09761811600258391,0.7842881885083557,0.05730476191017658,0.11404877736733286,0.8930320619283394,-29.63697192016093
318,319.0,0.9337007321753492,2.3981997673304773,0.09761784812642488,0.7842885917622117,0.05730476191160246,0.11404877736875176,0.8930320619252062,-29.63697191998675
319,320.0,0.4442459868794678,7.707242590798306,0.09761789667614165,0.7842889351201916,0.05730476191430821,0.11404877737144428,0.8930320619221662,-29.63697191965624
320,321.0,0.9113039534447279,8.173317551030944,0.09761836799410915,0.7842875464681808,0.05730476190776422,0.1140487773649323,0.8930320619323536,-29.636971920455608
321,322.0,0.33148387681131775,6.3661531693266,0.09761784153456268,0.7842891026146286,0.05730476191535895,0.11404877737248988,0.893032061920559,-29.63697191952788
322,323.0,0.07572455364503361,1.7726495811897225,0.09761774290276712,0.7842894031732516,0.05730476191738496,0.11404877737450596,0.8930320619174708,-29.6369719192804
323,324.0,0.5519221181723968,0.06627621617066289,0.09761904145606133,0.7842857169584341,0.05730476190476208,0.11404877736194484,0.8930320619372272,-29.636971920822333
324,325.0,0.32735865237503603,8.212189583293192,0.09761771156411526,0.7842894991868299,0.057304761918070976,0.11404877737518863,0.8930320619164289,-29.636971919196604
325,326.0,0.1367183080688983,9.467121878719908,0.09761898642042738,0.7842858284852628,0.05730476190477217,0.11404877736195489,0.8930320619372083,-29.636971920821104
326,327.0,0.2277107285434764,9.401497889754685,0.09761899163236294,0.7842858178728397,0.05730476190477038,0.11404877736195312,0.8930320619372116,-29.636971920821317
327,328.0,0.9824768390015817,2.709641471574644,0.09761777733905538,0.7842887928285059,0.05730476191263974,0.11404877736978397,0.8930320619234675,-29.636971919860045
328,329.0,0.5429761130755526,3.797510886585354,0.09761813073022155,0.7842881522147689,0.057304761910023365,0.1140487773671804,0.8930320619285983,-29.636971920179647
329,330.0,0.49349635285538807,9.237424147004878,0.09761785410372248,0.784289062816618,0.0573047619151007,0.11404877737223289,0.8930320619209483,-29.63697191955943
330,331.0,0.7315709667835393,9.66111376087038,0.09761806520224027,0.7842884300189243,0.05730476191148491,0.11404877736863478,0.8930320619265196,-29.636971920001116
331,332.0,0.5041618252011353,4.590445235869357,0.09761838149788346,0.784287511872577,0.05730476190765409,0.1140487773648227,0.8930320619325359,-29.636971920469065
332,333.0,0.24692661960001627,1.2852932044043468,0.09761783553806282,0.7842888654536444,0.05730476191341006,0.11404877737055051,0.8930320619228107,-29.636971919765948
333,334.0,0.7108250657989567,0.6231546117973941,0.09761904225011166,0.7842857157393345,0.05730476190476205,0.11404877736194483,0.8930320619372272,-29.63697192082234
334,335.0,0.3864723084050321,7.934579901176426,0.0976178057694652,0.7842892103252086,0.05730476191606158,0.11404877737318907,0.8930320619194825,-29.636971919442054
335,336.0,0.7705814241090015,7.060654439169553,0.09761838563106079,0.7842875004706383,0.05730476190761721,0.11404877736478601,0.8930320619325953,-29.63697192047357
336,337.0,0.17546791012341445,6.408167037275956,0.09761899375818467,0.7842858133962913,0.057304761904769644,0.11404877736195236,0.893032061937213,-29.63697192082141
337,338.0,0.20273679292348146,9.235512100304497,0.0976189914241701,0.7842858181358484,0.0573047619047704,0.11404877736195314,0.8930320619372116,-29.63697192082131
338,339.0,0.7817836364586481,7.283215445548153,0.09761840079648934,0.7842874620466637,0.057304761907498614,0.114048777364668,0.8930320619327924,-29.636971920488058
339,340.0,0.5158188776330286,7.335287130144993,0.09761801669487642,0.7842885740346093,0.05730476191223683,0.11404877736938303,0.8930320619253538,-29.636971919909257
340,341.0,0.7517677486874713,8.64081984761768,0.0976181607793651,0.7842881480802422,0.05730476191013153,0.11404877736728804,0.8930320619286275,-29.63697192016643
341,342.0,0.6273787161637439,9.918728910516041,0.09761795122649707,0.784288770450104,0.05730476191333093,0.11404877737047178,0.8930320619236669,-29.63697191977562
342,343.0,0.6730345268450986,7.809464230636623,0.09761815407357308,0.7842881672785321,0.05730476191021794,0.11404877736737401,0.8930320619284913,-29.63697192015588
343,344.0,0.7707697338759448,7.170475221257117,0.09761839919078417,0.7842874660776771,0.05730476190751091,0.11404877736468023,0.8930320619327718,-29.636971920486552
344,345.0,0.5753152084336682,4.9495873457270525,0.09761833185097613,0.7842876396375109,0.05730476190807185,0.11404877736523843,0.8930320619318453,-29.636971920418034
345,346.0,0.09621207963251799,4.129240945145003,0.09761899161807772,0.7842858179408114,0.05730476190477037,0.1140487773619531,0.8930320619372116,-29.636971920821317
346,347.0,0.5985843085529138,7.034088199943245,0.0976181450527224,0.7842881938535359,0.05730476191033987,0.11404877736749536,0.893032061928301,-29.636971920140986
347,348.0,0.26449900965554807,2.3260408022898353,0.09761835143105417,0.7842875899015519,0.05730476190790672,0.1140487773650741,0.8930320619321198,-29.636971920438206
348,349.0,0.40796231328803234,3.060275671350639,0.09761820175939909,0.7842879731678268,0.05730476190929346,0.11404877736645407,0.8930320619298192,-29.636971920268806
349,350.0,0.9933996113508934,5.88756648537737,0.09761795989057644,0.7842885721954415,0.05730476191192956,0.11404877736907727,0.8930320619253691,-29.636971919946795
350,351.0,0.846344826338129,0.6463499471102461,0.09761903993247906,0.784285720908214,0.05730476190476208,0.11404877736194484,0.8930320619372272,-29.636971920822333
351,352.0,0.8996153883511695,0.8344240524490787,0.09761901237547946,0.7842857752366181,0.05730476190476495,0.11404877736194771,0.8930320619372218,-29.636971920821985
352,353.0,0.5195997931352602,9.871257096827856,0.09761784712718569,0.7842890853100886,0.05730476191524713,0.1140487773723786,0.8930320619207288,-29.636971919541544
353,354.0,0.8914367575826301,4.2071123584905505,0.09761775691433044,0.784289040714407,0.057304761914339426,0.11404877737147535,0.8930320619211625,-29.636971919652417
354,355.0,0.2318478244675587,5.742788855513397,0.09761771628922403,0.7842894832150896,0.05730476191795179,0.11404877737507002,0.8930320619166041,-29.636971919211156
355,356.0,0.6500272402864853,9.052556918483834,0.09761803047089117,0.784288533589812,0.05730476191202244,0.11404877736916968,0.8930320619256874,-29.636971919935455
356,357.0,0.7625393270780474,2.842879573401969,0.09761765549485904,0.7842892173104279,0.057304761915210264,0.1140487773723419,0.8930320619194114,-29.63697191954605
357,358.0,0.002909737071300933,1.8996418674269384,0.09761897942127905,0.7842858432641217,0.05730476190477492,0.11404877736195763,0.8930320619372031,-29.636971920820763
358,359.0,0.9366718520864227,0.2446752902911324,0.09761903127237881,0.7842857417493679,0.05730476190476254,0.1140487773619453,0.8930320619372262,-29.636971920822276
359,360.0,0.4415047636531918,6.931164053476,0.09761795514957777,0.7842887588232151,0.05730476191326438,0.11404877737040554,0.8930320619237698,-29.63697191978374
360,361.0,0.4603685432329355,6.177204856341568,0.09761805525377315,0.7842884602738668,0.05730476191164087,0.11404877736878999,0.8930320619262797,-29.636971919982066
361,362.0,0.8561924545637906,2.921995627637778,0.09761765937129763,0.7842891720559929,0.05730476191487338,0.11404877737200668,0.8930320619198688,-29.636971919587197
362,363.0,0.04070467726906446,8.70965879500542,0.09761898169459414,0.7842858383075396,0.057304761904773974,0.11404877736195669,0.893032061937205,-29.636971920820876
363,364.0,0.43221307819217014,4.814445233671806,0.09761818287800471,0.7842880825665154,0.05730476190983837,0.1140487773669963,0.8930320619290842,-29.636971920202242
364,365.0,0.7716260226358759,5.186197356062676,0.09761808920438078,0.7842882554288382,0.05730476191046642,0.1140487773676213,0.8930320619278521,-29.636971920125518
365,366.0,0.834690855326186,7.1350340356125646,0.0976183264188359,0.7842876543741538,0.05730476190812289,0.1140487773652892,0.8930320619317625,-29.636971920411796
366,367.0,0.36216344643922793,8.406562489650916,0.09761774560713202,0.7842893936452359,0.0573047619173148,0.11404877737443615,0.8930320619175727,-29.636971919288975
367,368.0,0.5990778173485244,2.938224937331371,0.09761778594342702,0.7842889773451852,0.057304761914000864,0.11404877737113842,0.8930320619217688,-29.636971919693778
368,369.0,0.39552445501818767,9.935752982738745,0.09761771076678297,0.784289501478142,0.057304761918087165,0.11404877737520475,0.8930320619164038,-29.63697191919462
369,370.0,0.39422587214501514,5.568751333877371,0.097618021896604,0.7842885600283002,0.05730476191216462,0.11404877736931117,0.8930320619254699,-29.636971919918082
370,371.0,0.5521068005631102,2.8176600648918417,0.0976178191839077,0.784288902895722,0.057304761913606755,0.11404877737074626,0.8930320619224661,-29.636971919741924
371,372.0,0.3099896157857228,0.6725446168318292,0.09761904991631407,0.7842856980816987,0.05730476190476235,0.11404877736194513,0.8930320619372268,-29.636971920822305
372,373.0,0.7360606724636932,0.21414603712117522,0.0976190444508454,0.784285713671069,0.057304761904761976,0.11404877736194476,0.8930320619372273,-29.636971920822347
373,374.0,0.6451559905726386,4.746908080500173,0.09761818287814175,0.7842880208516066,0.057304761909482645,0.11404877736664232,0.8930320619295031,-29.636971920245692
374,375.0,0.7452075874044112,2.553382556046423,0.09761765817322955,0.7842891758131185,0.05730476191489685,0.11404877737203004,0.8930320619198311,-29.636971919584326
375,376.0,0.7608799877146468,3.021513985193724,0.09761766783690168,0.7842892099034653,0.057304761915213914,0.11404877737234555,0.8930320619194867,-29.6369719195456
376,377.0,0.20228331269360056,4.863764709943317,0.097617730342858,0.7842894412009412,0.057304761917653366,0.11404877737477306,0.8930320619170613,-29.636971919247607
377,378.0,0.43240498433432595,1.3195227299609371,0.09761770160194692,0.7842890199784298,0.057304761913920144,0.1140487773710581,0.8930320619213621,-29.63697191970364
378,379.0,0.39909948080663105,2.739514061297477,0.0976181118565067,0.7842881992398842,0.05730476191022318,0.11404877736737923,0.8930320619282621,-29.63697192015524
379,380.0,0.18986515940372728,0.6589055797758144,0.09761903606796904,0.7842857216522763,0.05730476190476237,0.11404877736194514,0.8930320619372272,-29.636971920822297
380,381.0,0.005145464111553033,6.518874810776247,0.09761897873050984,0.7842858445926766,0.057304761904775195,0.1140487773619579,0.8930320619372026,-29.636971920820727
381,382.0,0.8216504013229297,5.1392353932461585,0.09761801489295584,0.7842884394196714,0.05730476191129952,0.1140487773684503,0.8930320619264454,-29.636971920023754
382,383.0,0.42381717839832345,5.735128158713172,0.09761804954259111,0.7842884772378129,0.057304761911728334,0.11404877736887703,0.893032061926144,-29.63697191997138
383,384.0,0.1643508344893545,1.9916321288538492,0.09761812433795852,0.7842882561393382,0.05730476191063313,0.11404877736778718,0.8930320619278469,-29.63697192010516
384,385.0,0.8908245737536096,4.3114226938666596,0.09761777532885829,0.7842890004786595,0.05730476191412365,0.11404877737126062,0.8930320619215487,-29.63697191967878
385,386.0,0.8056591908957685,4.007668518357642,0.09761779794263743,0.7842889508392056,0.057304761913860414,0.11404877737099867,0.8930320619220188,-29.636971919710938
386,387.0,0.7666742378311222,8.582567828768758,0.09761818001198308,0.7842880917113653,0.05730476190987978,0.11404877736703752,0.8930320619290213,-29.63697192019719
387,388.0,0.2282923836887576,1.3522041133204694,0.09761795913894458,0.7842885741608889,0.0573047619119394,0.11404877736908707,0.8930320619253528,-29.636971919945594
388,389.0,0.4569501041237638,2.1282805923474823,0.09761774723344545,0.7842890614206531,0.05730476191445042,0.11404877737158578,0.8930320619209619,-29.636971919638867
389,390.0,0.9668964385364391,6.638501269592121,0.09761811145657029,0.7842882002740885,0.057304761910227694,0.11404877736738372,0.8930320619282547,-29.636971920154686
390,391.0,0.12275292148371075,4.749338226673699,0.09761899244183508,0.7842858158206025,0.057304761904770074,0.1140487773619528,0.8930320619372123,-29.636971920821352
391,392.0,0.8622335266036047,5.74597535727209,0.09761808146730482,0.7842882752779057,0.05730476191055476,0.11404877736770917,0.8930320619277051,-29.636971920114732
392,393.0,0.443436933107758,0.9442845432012948,0.09761809627907758,0.7842879319912353,0.057304761908760854,0.11404877736592407,0.8930320619300868,-29.63697192033387
393,394.0,0.6622624998236922,8.19095482571766,0.0976181101831185,0.7842882978153324,0.05730476191083212,0.1140487773679852,0.8930320619275368,-29.636971920080853
394,395.0,0.2649331364480202,4.259979260883464,0.09761794106102104,0.7842888009023505,0.057304761913507196,0.11404877737064718,0.8930320619233953,-29.63697191975408
395,396.0,0.1730613944740763,9.48719271869155,0.0976189886929551,0.7842858237931009,0.05730476190477135,0.11404877736195408,0.8930320619372099,-29.636971920821203
396,397.0,0.04231915319050783,6.111807544007421,0.09761898292002151,0.7842858357338102,0.05730476190477347,0.11404877736195618,0.8930320619372059,-29.63697192082094
397,398.0,0.8265658593966212,6.850554113572984,0.09761829766956072,0.7842877282492413,0.057304761908379076,0.11404877736554415,0.8930320619313384,-29.636971920380503
398,399.0,0.5328777136740405,1.6801050322603683,0.0976176842867032,0.7842890761935474,0.05730476191425887,0.11404877737139518,0.8930320619208179,-29.63697191966226
399,400.0,0.22318991124059617,3.660171768626243,0.09761793006100737,0.7842888351672503,0.05730476191371039,0.11404877737084938,0.8930320619230865,-29.636971919729262
400,401.0,0.2175410514632431,0.45577767298655114,0.09761904304465911,0.784285714817807,0.05730476190476202,0.1140487773619448,0.8930320619372273,-29.63697192082234
401,402.0,0.05800667075949062,4.219496201808811,0.09761898672008378,0.7842858281469989,0.05730476190477207,0.1140487773619548,0.8930320619372084,-29.63697192082111
402,403.0,0.7895549099127244,6.053645931091186,0.09761822307417349,0.784287918679591,0.057304761909081015,0.11404877736624265,0.8930320619301723,-29.636971920294762
403,404.0,0.6167709744904362,7.487159085516008,0.0976181229368845,0.7842882599115014,0.05730476191065044,0.11404877736780442,0.8930320619278189,-29.636971920103043
404,405.0,0.791448230236071,2.6298606923364667,0.09761766543635682,0.7842891451569618,0.05730476191469444,0.11404877737182863,0.8930320619201378,-29.636971919609053
405,406.0,0.8990731656673401,4.540067949379817,0.09761780979732455,0.784288924220624,0.05730476191371946,0.1140487773708584,0.8930320619222679,-29.636971919728154
406,407.0,0.6102048207428195,1.665393898093944,0.09761778544456548,0.7842887682024627,0.057304761912506524,0.11404877736965141,0.8930320619236868,-29.636971919876324
407,408.0,0.9434565255006612,4.544665421075791,0.09761777211722494,0.7842890077044622,0.0573047619141627,0.11404877737129948,0.8930320619214798,-29.63697191967401
408,409.0,0.9768551378459432,7.425580477084938,0.0976182145370564,0.784287940104218,0.05730476190916335,0.11404877736632459,0.8930320619300344,-29.6369719202847
409,410.0,0.17136480514595676,7.737723184493338,0.0976189903874002,0.7842858208544665,0.057304761904770844,0.11404877736195357,0.8930320619372107,-29.63697192082126
410,411.0,0.46728607012868617,5.214948982191136,0.09761818153621128,0.7842880863857795,0.05730476190985499,0.11404877736701285,0.8930320619290579,-29.636971920200217
411,412.0,0.5441157077394604,6.296326866214039,0.09761815580327735,0.7842881620677322,0.05730476191019397,0.11404877736735017,0.8930320619285284,-29.636971920158807
412,413.0,0.9198119940719678,0.09096714850995326,0.0976190403275363,0.7842857176700602,0.05730476190476212,0.1140487773619449,0.8930320619372272,-29.636971920822326
413,414.0,0.7265846463234745,0.8164166078506114,0.09761892160660883,0.7842859678818914,0.057304761904811916,0.11404877736199444,0.8930320619371339,-29.636971920816244
414,415.0,0.009214140552029071,1.9750212624722374,0.09761898039782692,0.7842858413305526,0.05730476190477456,0.11404877736195726,0.8930320619372037,-29.636971920820812
415,416.0,0.34789758057430253,3.421297970396504,0.09761844269830704,0.7842873528009308,0.05730476190717159,0.11404877736434257,0.8930320619333295,-29.636971920527998
416,417.0,0.33050965802460364,7.6776541770218,0.09761774590353094,0.7842893934332231,0.05730476191731502,0.11404877737443637,0.893032061917575,-29.63697191928894
417,418.0,0.22983457040850075,7.260354060157692,0.09761899550009918,0.7842858098229073,0.05730476190476913,0.11404877736195186,0.893032061937214,-29.636971920821473
418,419.0,0.282271350339348,1.1673650618709743,0.09761768165073091,0.7842891894500841,0.057304761915121606,0.11404877737225369,0.8930320619196938,-29.63697191955687
419,420.0,0.6665909299022116,2.8827649036037952,0.09761770300587448,0.7842891514433546,0.05730476191492956,0.11404877737206259,0.8930320619200751,-29.63697191958034
420,421.0,0.2369580539539854,3.639675322398476,0.097617969059104,0.7842887176521466,0.057304761913030855,0.11404877737017317,0.8930320619241313,-29.636971919812268
421,422.0,0.9342873499295995,9.250691515552097,0.09761844808787454,0.784287338937494,0.05730476190713181,0.114048777364303,0.8930320619333951,-29.636971920532865
422,423.0,0.3019053736930787,9.862059435058882,0.09761899428092805,0.7842858120464373,0.05730476190476947,0.11404877736195221,0.8930320619372134,-29.63697192082143
423,424.0,0.8148989207839444,9.272870854789812,0.09761816831097032,0.7842881262154885,0.05730476191003349,0.11404877736719048,0.8930320619287813,-29.63697192017841
424,425.0,0.8262666453793739,3.230432992630639,0.09761766342628309,0.7842892150026242,0.05730476191523212,0.11404877737236367,0.893032061919435,-29.636971919543377
425,426.0,0.4287118866893176,0.1621499326054464,0.09761903928824256,0.7842857228183012,0.05730476190476207,0.11404877736194483,0.8930320619372272,-29.636971920822333
426,427.0,0.4534281250520148,7.007276927949276,0.09761796496779222,0.7842887293803865,0.05730476191309626,0.11404877737023826,0.893032061924029,-29.63697191980428
427,428.0,0.24225246374749687,2.2732980960291114,0.09761840567866391,0.7842874492010788,0.05730476190745895,0.11404877736462854,0.8930320619328573,-29.636971920492897
428,429.0,0.10652733774099643,6.926935445286149,0.0976189875745528,0.7842858262954685,0.05730476190477177,0.11404877736195448,0.8930320619372091,-29.636971920821154
429,430.0,0.9478453661293847,8.663890765396477,0.09761838471869307,0.7842875039247821,0.05730476190762948,0.11404877736479822,0.8930320619325772,-29.63697192047207
430,431.0,0.662224738570496,4.1545848840832935,0.09761801851761569,0.784288430487491,0.057304761911257815,0.11404877736840881,0.893032061926516,-29.636971920028856
431,432.0,0.92758827205483,7.496030275930418,0.09761827377808982,0.7842877890413211,0.057304761908596076,0.11404877736576009,0.8930320619309777,-29.636971920353993
432,433.0,0.4157194700412734,6.050986009254736,0.09761800242784319,0.7842886175291016,0.05730476191247394,0.11404877736961898,0.89303206192499,-29.636971919880303
433,434.0,0.4063633371184553,0.12888149472109967,0.09761903823802265,0.7842857216818827,0.057304761904762164,0.11404877736194494,0.8930320619372272,-29.63697192082232
434,435.0,0.8675697220517096,3.385208273730358,0.09761766231986879,0.7842892167697508,0.05730476191524061,0.11404877737237211,0.893032061919417,-29.63697191954234
435,436.0,0.46335814216684235,0.9625496542013298,0.09761813264804631,0.7842878382128181,0.05730476190842175,0.1140487773655866,0.8930320619306779,-29.636971920375288
436,437.0,0.8534907502991177,3.754230094982573,0.09761771167567079,0.7842891346072589,0.057304761914841074,0.11404877737197454,0.8930320619202428,-29.63697191959114
437,438.0,0.34938963327372896,9.353026801764253,0.09761899729175148,0.7842858058129499,0.057304761904768554,0.1140487773619513,0.8930320619372151,-29.636971920821544
438,439.0,0.5202407343990522,0.22608480676322845,0.09761903545646967,0.784285727375734,0.05730476190476225,0.11404877736194502,0.893032061937227,-29.63697192082231
439,440.0,0.39994900430863844,6.365690413937896,0.09761794699787953,0.7842887833811953,0.05730476191340611,0.1140487773705466,0.8930320619235519,-29.63697191976643
440,441.0,0.3674065694099895,6.819018235639945,0.09761785891898439,0.7842890489570268,0.057304761915014435,0.11404877737214705,0.8930320619210828,-29.636971919569966
441,442.0,0.6671943659083476,5.561205694782841,0.09761830289742238,0.7842877142334573,0.057304761908328915,0.11404877736549424,0.8930320619314203,-29.636971920386628
442,443.0,0.70303391191905,9.099116687665232,0.09761807928127421,0.7842883890851311,0.05730476191128,0.11404877736843089,0.8930320619268399,-29.63697192002614
443,444.0,0.5965461431324484,4.338137743741457,0.09761817004014106,0.7842880528140546,0.057304761909610896,0.11404877736676994,0.8930320619292875,-29.63697192023003
444,445.0,0.9221982471344251,4.4611023738168845,0.09761777493221953,0.7842890018702763,0.05730476191413233,0.11404877737126926,0.8930320619215355,-29.63697191967772
445,446.0,0.5895289418346423,1.1701312861190871,0.09761820317634634,0.7842876600301258,0.05730476190782197,0.11404877736498976,0.8930320619317307,-29.63697192044856
446,447.0,0.3244339355368313,9.83496119196289,0.09761899652020306,0.7842858076588404,0.0573047619047688,0.11404877736195154,0.8930320619372146,-29.63697192082151
447,448.0,0.7472823570299417,8.167828643558865,0.09761819624674815,0.7842880435443703,0.057304761909668586,0.11404877736682735,0.8930320619293504,-29.636971920222983
448,449.0,0.12451414351875822,1.456812325671869,0.09761814836928515,0.7842881845967679,0.05730476191029808,0.11404877736745378,0.8930320619283675,-29.636971920146088
449,450.0,0.9720377401240445,1.5207716169581933,0.09761856582946053,0.7842867759254298,0.05730476190565532,0.11404877736283371,0.8930320619355909,-29.636971920713222
450,451.0,0.8085077078963163,6.084548587848071,0.09761820539282906,0.7842879641699886,0.057304761909258484,0.11404877736641926,0.893032061929878,-29.636971920273083
451,452.0,0.3043857724813711,2.967859661929772,0.09761843600401122,0.7842873699448856,0.05730476190722119,0.11404877736439192,0.8930320619332475,-29.636971920521937
452,453.0,0.8092096612376591,8.540935205167267,0.09761849159939603,0.784287224273557,0.0573047619068124,0.11404877736398514,0.8930320619339169,-29.636971920571874
453,454.0,0.380601562346811,2.9789779046110443,0.09761824332470076,0.7842878673904956,0.05730476190888645,0.11404877736604904,0.8930320619304967,-29.636971920318523
454,455.0,0.6597772824947525,2.859354590777783,0.09761770316669385,0.7842891506063078,0.05730476191492372,0.11404877737205676,0.8930320619200836,-29.636971919581043
455,456.0,0.9561169635203262,4.053973322118613,0.09761769292828085,0.7842891698986084,0.057304761915024045,0.1140487773721566,0.8930320619198905,-29.636971919568794
456,457.0,0.7809713722844162,7.220595726650277,0.0976183936747394,0.7842874803046643,0.05730476190755494,0.11404877736472403,0.8930320619326992,-29.636971920481173
457,458.0,0.6879412037551556,8.576593081306319,0.09761810423985962,0.7842883147306631,0.05730476191091283,0.11404877736806551,0.8930320619274095,-29.636971920070998
458,459.0,0.17379446424770828,4.829118363128418,0.09761899698150743,0.7842858063374482,0.05730476190476863,0.11404877736195138,0.893032061937215,-29.63697192082153
459,460.0,0.5779835580200123,2.997910851276939,0.09761783329163777,0.7842888706972364,0.057304761913437696,0.11404877737057803,0.8930320619227626,-29.636971919762573
460,461.0,0.8203837285435032,2.4604759348299496,0.0976177129643261,0.7842889849749515,0.05730476191371501,0.11404877737085398,0.8930320619216964,-29.6369719197287
461,462.0,0.22001171114206397,4.842352360224335,0.0976177714964047,0.7842893149727374,0.05730476191676939,0.1140487773738934,0.8930320619184042,-29.636971919355588
462,463.0,0.8558519490520999,1.1315173734588884,0.09761877905385878,0.7842862838780903,0.057304761905016065,0.11404877736219758,0.8930320619367562,-29.63697192079131
463,464.0,0.3987048553996171,8.798018783943116,0.09761776977731128,0.784289319511619,0.05730476191679887,0.11404877737392274,0.8930320619183567,-29.636971919351993
464,465.0,0.9283540202532943,8.792414608705112,0.09761841335784592,0.7842874292133657,0.05730476190739805,0.11404877736456792,0.8930320619329575,-29.636971920500343
465,466.0,0.7963415811785772,1.5021712821354645,0.09761828216417448,0.7842874624524037,0.05730476190722145,0.1140487773643922,0.8930320619327903,-29.63697192052191
466,467.0,0.8222475098632217,1.3978292424427219,0.09761844367018455,0.7842870676327716,0.057304761906223446,0.11404877736339908,0.8930320619345682,-29.636971920643823
467,468.0,0.7260777036104424,3.391137522716082,0.0976177506156567,0.7842890540733548,0.0573047619144107,0.11404877737154627,0.8930320619210332,-29.636971919643713
468,469.0,0.8512451020634463,6.975257409321341,0.09761828724300427,0.7842877545705095,0.057304761908471946,0.11404877736563657,0.8930320619311836,-29.636971920369156
469,470.0,0.8826922549873792,4.95149542731146,0.09761790514484904,0.7842887030061538,0.05730476191257612,0.11404877736972066,0.8930320619242588,-29.63697191986782
470,471.0,0.43182460717211213,3.1617368402832637,0.09761817686308129,0.7842880357902101,0.057304761909542326,0.1140487773667017,0.8930320619294028,-29.63697192023841
471,472.0,0.7776239967457533,8.659757743869845,0.09761818284244288,0.78428808258384,0.057304761909838305,0.11404877736699623,0.8930320619290841,-29.636971920202257
472,473.0,0.4011783071129834,5.424666313467874,0.0976180499829361,0.7842884759725357,0.057304761911721874,0.11404877736887059,0.8930320619261543,-29.63697191997217
473,474.0,0.7489557134501297,2.4388191444718283,0.09761767245307731,0.7842891194922144,0.05730476191453107,0.11404877737166605,0.8930320619203925,-29.636971919629012
474,475.0,0.5062052827171303,0.07975702074940866,0.09761904063400732,0.7842857188306469,0.05730476190476205,0.11404877736194483,0.8930320619372273,-29.63697192082234
475,476.0,0.09225593459021353,5.05476928666631,0.09761898830015164,0.7842858244152158,0.057304761904771476,0.1140487773619542,0.8930320619372096,-29.636971920821182
476,477.0,0.2369612510156316,8.22143293886095,0.09761899419051641,0.7842858126408171,0.05730476190476956,0.11404877736195229,0.8930320619372132,-29.636971920821416
477,478.0,0.17443731121582573,3.410765634545538,0.09761783062285086,0.7842891340879121,0.05730476191555875,0.1140487773726887,0.8930320619202479,-29.63697191950348
478,479.0,0.6472962497652671,9.990138510986245,0.09761796569690821,0.7842887265852646,0.05730476191307918,0.11404877737022126,0.8930320619240534,-29.636971919806363
479,480.0,0.010754009295306677,7.305934864900405,0.09761897982768473,0.7842858424679194,0.05730476190477477,0.1140487773619575,0.8930320619372034,-29.636971920820784
480,481.0,0.08111796493090384,3.329694493465344,0.09761899171269035,0.7842858175951034,0.05730476190477033,0.11404877736195307,0.8930320619372117,-29.636971920821324
481,482.0,0.5106808594054915,3.6468837282664146,0.09761815182006395,0.7842880987013688,0.05730476190979891,0.11404877736695702,0.8930320619289729,-29.636971920207067
482,483.0,0.5697931586792969,5.31076986522173,0.09761840042037997,0.7842874628670766,0.05730476190750098,0.11404877736467034,0.8930320619327882,-29.636971920487767
483,484.0,0.22295024790831697,0.5631350057846937,0.09761904165952517,0.7842857150656193,0.0573047619047621,0.11404877736194487,0.8930320619372273,-29.636971920822333
484,485.0,0.8838225350749559,8.07096367437967,0.09761838385944746,0.7842875057494088,0.057304761907634734,0.11404877736480344,0.8930320619325678,-29.636971920471424
485,486.0,0.7552337539085668,3.3398285903322518,0.09761771471168995,0.7842891285039074,0.05730476191480858,0.11404877737194219,0.8930320619203033,-29.636971919595112
486,487.0,0.2411265443868379,9.398260874347265,0.0976189919223347,0.7842858173369787,0.057304761904770275,0.114048777361953,0.8930320619372119,-29.63697192082133
487,488.0,0.24337221278775667,2.02633968702943,0.09761830178420605,0.7842877171121184,0.05730476190833905,0.11404877736550433,0.8930320619314035,-29.636971920385392
488,489.0,0.9482213839078076,5.652686246725979,0.09761796592374396,0.7842885578916818,0.0573047619118608,0.11404877736900884,0.8930320619254876,-29.636971919955194
489,490.0,0.15552909266417703,1.21074833649043,0.09761823806807174,0.7842878803494276,0.057304761908934666,0.11404877736609702,0.8930320619304154,-29.636971920312632
490,491.0,0.6187798846885267,8.903261753581516,0.09761800968892684,0.7842885958242904,0.05730476191235594,0.11404877736950156,0.8930320619251723,-29.636971919894712
491,492.0,0.10249265604004987,1.953084087112455,0.09761784496926292,0.7842890911979411,0.057304761915283386,0.11404877737241467,0.8930320619206711,-29.636971919537118
492,493.0,0.7180034588973676,1.5761556831971906,0.09761805078762868,0.7842880491762964,0.057304761909205866,0.1140487773663669,0.8930320619293123,-29.636971920279507
493,494.0,0.7591938716443155,9.38783597001337,0.09761810965579974,0.7842882981589674,0.05730476191083174,0.11404877736798481,0.8930320619275341,-29.636971920080903
494,495.0,0.06627776696183507,6.023455747425213,0.09761898447430023,0.7842858331735173,0.057304761904772974,0.11404877736195569,0.8930320619372067,-29.636971920821004
495,496.0,0.032055089924149405,3.513307969567082,0.09761898350088341,0.7842858344060815,0.05730476190477324,0.11404877736195596,0.8930320619372063,-29.63697192082097
496,497.0,0.7626105537418402,6.212079324302607,0.09761828165707076,0.7842877695920836,0.05730476190852682,0.11404877736569116,0.8930320619310943,-29.636971920362456
497,498.0,0.33620297512859665,1.3680056231441349,0.09761767553385585,0.784289199018377,0.05730476191516648,0.11404877737229835,0.893032061919597,-29.6369719195514
498,499.0,0.0939823861522241,0.37816077755609195,0.09761904614182626,0.7842857094341682,0.05730476190476201,0.1140487773619448,0.8930320619372272,-29.63697192082234
499,500.0,0.33638540666757377,7.556937066763551,0.09761776180432102,0.7842893451865717,0.05730476191697927,0.11404877737410228,0.893032061918087,-29.63697191932996
500,501.0,0.741349603283765,7.513405146391772,0.09761846366332091,0.7842872970426532,0.0573047619070115,0.11404877736418327,0.8930320619335902,-29.636971920547552
501,502.0,0.04011822534804432,6.544469185493213,0.0976189823488668,0.7842858370171498,0.057304761904773724,0.11404877736195644,0.8930320619372054,-29.636971920820912
502,503.0,0.3090351946546249,4.378146254183133,0.09761801939690402,0.784288566387319,0.05730476191219661,0.114048777369343,0.8930320619254173,-29.636971919914174
503,504.0,0.351049502406223,2.6128441402109024,0.09761819374362317,0.7842879930438645,0.057304761909371255,0.11404877736653148,0.8930320619296883,-29.636971920259306
504,505.0,0.3865995088502293,2.4600465914346237,0.09761803295155098,0.7842883946912144,0.057304761911091726,0.11404877736824352,0.8930320619267964,-29.63697192004914
505,506.0,0.1489052866597308,5.358377591836328,0.09761899317742094,0.7842858142622479,0.0573047619047698,0.11404877736195253,0.8930320619372127,-29.636971920821388
506,507.0,0.3460331088915919,1.069409007962746,0.0976176946209502,0.784289042438482,0.05730476191405441,0.11404877737119172,0.8930320619211458,-29.636971919687234
507,508.0,0.5984897397156085,1.3767370859797499,0.09761798501425523,0.7842882214791231,0.05730476190990637,0.11404877736706397,0.8930320619281009,-29.636971920193936
508,509.0,0.026437801597421817,0.23242592798003422,0.09761902622439123,0.7842857441113689,0.05730476190476287,0.11404877736194564,0.893032061937226,-29.636971920822234
509,510.0,0.6680612330977218,5.5740588778001685,0.09761830407373943,0.7842877121982149,0.05730476190832315,0.11404877736548849,0.893032061931432,-29.63697192038734
510,511.0,0.7936079833325711,1.8553124896508644,0.09761796316704857,0.784288280101392,0.057304761910158035,0.11404877736731442,0.8930320619276692,-29.63697192016319
511,512.0,0.480468732644716,4.409565873045758,0.09761838742459117,0.7842874962331574,0.05730476190760442,0.11404877736477327,0.8930320619326172,-29.636971920475133
512,513.0,0.4831995355008276,2.6515313362570088,0.09761788345203185,0.7842887543686801,0.05730476191283674,0.11404877736998,0.8930320619238091,-29.636971919835986
513,514.0,0.817552677963576,8.387128807926269,0.09761847221056959,0.7842872742249145,0.05730476190694747,0.11404877736411956,0.8930320619336943,-29.636971920555375
514,515.0,0.00743763334307368,7.308026248798878,0.0976189794224653,0.7842858433183969,0.05730476190477496,0.11404877736195766,0.8930320619372031,-29.636971920820756
515,516.0,0.9137028257628973,6.89584423221527,0.09761820824566188,0.7842879567852823,0.05730476190922938,0.11404877736639031,0.8930320619299262,-29.63697192027663
516,517.0,0.5218488315682543,5.161349021669104,0.09761844609362647,0.784287343584836,0.05730476190714454,0.11404877736431565,0.8930320619333731,-29.636971920531302
517,518.0,0.4483691501491218,5.297657904312979,0.097618140720803,0.7842882061402245,0.05730476191039597,0.11404877736755117,0.8930320619282123,-29.63697192013413
518,519.0,0.09673789989127568,3.5906389266956835,0.09761899285893176,0.7842858148171037,0.05730476190476989,0.11404877736195261,0.8930320619372126,-29.63697192082138
519,520.0,0.8038409648874729,8.849327914733244,0.09761819144957173,0.7842880574698823,0.05730476190972873,0.11404877736688719,0.8930320619292559,-29.636971920215636
520,521.0,0.36276866370077177,4.720186011747444,0.09761807556637135,0.7842883997724774,0.057304761911332984,0.1140487773684836,0.8930320619267569,-29.636971920019676
521,522.0,0.8384623953081315,9.30268113171546,0.09761818548627584,0.7842880746504006,0.05730476190980325,0.11404877736696135,0.8930320619291385,-29.636971920206534
522,523.0,0.8446921081390554,9.018598885381849,0.09761850002078283,0.7842872021334709,0.05730476190675349,0.11404877736392652,0.8930320619340133,-29.63697192057908
523,524.0,0.17643151151668723,0.8706005229539985,0.09761903992281046,0.7842857188420072,0.05730476190476213,0.1140487773619449,0.8930320619372272,-29.636971920822326
524,525.0,0.8766710175827229,3.9422741715158405,0.09761772445213969,0.7842891086441967,0.057304761914702386,0.11404877737183652,0.8930320619204997,-29.636971919608087
525,526.0,0.5257726315307002,3.213822392061369,0.09761799163819394,0.78428849549454,0.05730476191156191,0.11404877736871143,0.8930320619259972,-29.63697191999171
526,527.0,0.2904346798880433,0.11518775002354086,0.09761904589623784,0.7842857087809966,0.05730476190476207,0.11404877736194483,0.8930320619372272,-29.636971920822333
527,528.0,0.0754858947340219,0.5086806655240201,0.09761903993641674,0.7842857195231114,0.057304761904762094,0.11404877736194487,0.8930320619372272,-29.636971920822333
528,529.0,0.79052830214551,1.8731345703567477,0.09761794594596777,0.7842883256253349,0.057304761910356924,0.11404877736751232,0.8930320619273271,-29.636971920138905
529,530.0,0.2099631736966271,7.2326388176427505,0.09761899411401119,0.7842858124462276,0.05730476190476953,0.11404877736195226,0.8930320619372133,-29.636971920821424
530,531.0,0.6466954140075546,3.4038196325012167,0.0976178459425184,0.7842888415988055,0.057304761913285845,0.11404877737042693,0.8930320619230281,-29.636971919781125
531,532.0,0.5698698532760428,4.998773916979768,0.09761834875133135,0.78428759638081,0.05730476190792757,0.11404877736509485,0.8930320619320844,-29.636971920435656
532,533.0,0.5161972516700329,7.29347126512618,0.09761802139603287,0.7842885606958343,0.05730476191216667,0.11404877736931322,0.8930320619254644,-29.636971919917833
533,534.0,0.3233731622621734,6.642817828588627,0.09761780516541714,0.7842892112726502,0.05730476191606582,0.11404877737319329,0.8930320619194728,-29.636971919441535
534,535.0,0.06537462737871247,1.9481082707983863,0.09761899591123312,0.7842858085253179,0.05730476190476895,0.11404877736195168,0.8930320619372143,-29.636971920821495
535,536.0,0.1958022865270399,3.220457617046681,0.09761792806684388,0.7842888404217082,0.05730476191373985,0.1140487773708787,0.8930320619230389,-29.63697191972566
536,537.0,0.8788804001702195,0.95655232602032,0.09761894337906184,0.7842859212845689,0.05730476190479523,0.11404877736197784,0.893032061937165,-29.636971920818283
537,538.0,0.7752568693797517,9.322574330420437,0.09761812939431995,0.7842882406937919,0.057304761910559304,0.11404877736771371,0.8930320619279606,-29.636971920114178
538,539.0,0.2566062723412289,9.025428235382122,0.09761899358522048,0.784285813556515,0.057304761904769706,0.11404877736195244,0.893032061937213,-29.636971920821402
539,540.0,0.14890480451016008,1.516252868764923,0.0976184677293277,0.7842872872045444,0.05730476190698487,0.11404877736415676,0.8930320619336353,-29.636971920550813
540,541.0,0.7217475339927588,9.553931195542287,0.09761806378784184,0.7842884343395793,0.0573047619115071,0.11404877736865686,0.8930320619264855,-29.636971919998402
541,542.0,0.40662862862866944,1.0143566825827366,0.09761788182751484,0.7842884994619951,0.05730476191115534,0.11404877736830682,0.8930320619259651,-29.63697192004137
542,543.0,0.7988986028527375,9.480587361640302,0.09761813800788842,0.7842882145834232,0.057304761910435924,0.11404877736759095,0.8930320619281511,-29.636971920129255
543,544.0,0.2429343973376591,5.0922971494574,0.09761779582163727,0.7842892414427781,0.05730476191627152,0.11404877737339797,0.8930320619191652,-29.63697191941641
544,545.0,0.1467481431056612,1.2486279993158111,0.09761832188613295,0.784287665946487,0.05730476190816228,0.11404877736532841,0.8930320619316972,-29.636971920406985
545,546.0,0.38552360002382435,9.57650269143861,0.09761771497018155,0.7842894877156389,0.05730476191798542,0.1140487773751035,0.8930320619165548,-29.63697191920705
546,547.0,0.7626442075720901,5.251136288062953,0.09761811436113096,0.7842881925494058,0.05730476191019376,0.11404877736734996,0.8930320619283104,-29.636971920158835
547,548.0,0.9823633844819594,0.02549037792498965,0.0976190411137398,0.7842857169513568,0.05730476190476207,0.11404877736194483,0.8930320619372273,-29.636971920822333
548,549.0,0.5561142602203033,0.671612902427654,0.09761903405821948,0.7842857322832905,0.05730476190476229,0.11404877736194506,0.8930320619372267,-29.636971920822305
549,550.0,0.24221483005595945,5.104134550655819,0.0976177928395347,0.7842892496852476,0.05730476191632501,0.11404877737345122,0.8930320619190806,-29.636971919409874
550,551.0,0.49792312356558754,8.633459589349059,0.09761789797255582,0.7842889317615642,0.05730476191428892,0.11404877737142508,0.8930320619221976,-29.636971919658592
551,552.0,0.3047970688136019,6.880278857694082,0.09761775960540756,0.7842893516422471,0.05730476191702341,0.1140487773741462,0.8930320619180189,-29.636971919324566
552,553.0,0.6015368115138323,2.0717750626561067,0.09761765730814907,0.7842891801172113,0.05730476191492621,0.11404877737205925,0.8930320619197878,-29.636971919580745
553,554.0,0.43305757889297847,8.804111767889793,0.09761781094860691,0.7842891945494369,0.05730476191595682,0.11404877737308482,0.8930320619196422,-29.63697191945485
554,555.0,0.1628301048802826,6.396385423404429,0.09761899181801388,0.7842858168371437,0.05730476190477023,0.11404877736195296,0.893032061937212,-29.63697192082134
555,556.0,0.3679003177869228,3.96262316463009,0.09761850580678422,0.7842871874866423,0.05730476190671552,0.11404877736388874,0.8930320619340762,-29.63697192058371
556,557.0,0.9830814697684652,3.2437800904776433,0.09761766819111517,0.7842891355185431,0.05730476191463346,0.11404877737176794,0.8930320619202337,-29.6369719196165
557,558.0,0.1871625609507428,3.045157448400891,0.09761793444258457,0.78428882134734,0.05730476191362781,0.1140487773707672,0.8930320619232115,-29.636971919739352
558,559.0,0.4767869192624231,1.1440642284703453,0.09761792988963092,0.7842883691222351,0.057304761910551574,0.11404877736770601,0.8930320619269945,-29.63697192011513
559,560.0,0.21711832355570526,4.103343505834947,0.09761784988050576,0.7842890771095156,0.05730476191519503,0.11404877737232676,0.893032061920809,-29.63697191954791
560,561.0,0.044142623485113885,8.242660133733033,0.09761898153601684,0.7842858387357343,0.057304761904774064,0.11404877736195677,0.8930320619372047,-29.63697192082087
561,562.0,0.641371668984594,9.88874964682054,0.0976179663760969,0.7842887250625066,0.057304761913071586,0.1140487773702137,0.8930320619240666,-29.636971919807294
562,563.0,0.006749350868203496,0.6432044438894395,0.09761903682575712,0.7842857273522714,0.05730476190476216,0.11404877736194494,0.893032061937227,-29.63697192082232
563,564.0,0.4266195377040197,2.6119415723186235,0.09761799312468171,0.7842884924298319,0.05730476191154843,0.114048777368698,0.8930320619260218,-29.636971919993357
564,565.0,0.39824881622166086,3.5405142901077213,0.09761836117675642,0.7842875649246354,0.0573047619078251,0.11404877736499287,0.8930320619322549,-29.636971920448175
565,566.0,0.8101221520249114,8.798903091228237,0.09761820160945137,0.7842880281462284,0.057304761909602764,0.11404877736676185,0.8930320619294542,-29.63697192023102
566,567.0,0.8034329841431967,8.869335065695767,0.09761818955694153,0.7842880633603424,0.057304761909754906,0.11404877736691324,0.8930320619292158,-29.63697192021244
567,568.0,0.9475307392273808,2.7285457230601065,0.09761774121419459,0.7842888986524902,0.05730476191322042,0.11404877737036181,0.8930320619225053,-29.63697191978911
568,569.0,0.1638514444087633,5.5321159089543706,0.09761899436875368,0.7842858121098449,0.05730476190476946,0.1140487773619522,0.8930320619372134,-29.63697192082143
569,570.0,0.9993026655502545,0.5226187604220913,0.0976190427074607,0.7842857140280204,0.057304761904762073,0.11404877736194484,0.8930320619372273,-29.636971920822333
570,571.0,0.8241811570737969,7.784627287278357,0.0976184112988321,0.7842874343015228,0.05730476190741317,0.11404877736458296,0.893032061932932,-29.63697192049849
571,572.0,0.11722731527492902,0.03807638694221583,0.09761903808004516,0.7842857266449245,0.05730476190476208,0.11404877736194484,0.8930320619372271,-29.636971920822333
572,573.0,0.9647980121397521,6.071086792298584,0.09761802112621827,0.7842884239286985,0.05730476191122708,0.11404877736837822,0.8930320619265676,-29.636971920032607
573,574.0,0.7968219388051802,8.120940710859832,0.09761846792285635,0.7842872857501254,0.05730476190697978,0.1140487773641517,0.8930320619336419,-29.63697192055143
574,575.0,0.9238103538901432,3.1336857737546793,0.0976176603994678,0.7842891662021658,0.0573047619148329,0.11404877737196639,0.8930320619199275,-29.636971919592142
575,576.0,0.02932772096304781,8.95324358110013,0.09761898060091538,0.784285841068038,0.05730476190477448,0.11404877736195719,0.893032061937204,-29.636971920820812
576,577.0,0.09026618498134409,4.7644250751374635,0.09761898843507205,0.7842858242110454,0.05730476190477144,0.11404877736195417,0.8930320619372096,-29.63697192082119
577,578.0,0.1991335558397036,5.467996558010096,0.09761899770444533,0.7842858055102957,0.0573047619047685,0.11404877736195124,0.8930320619372152,-29.63697192082155
578,579.0,0.4714461457285545,1.445539769162112,0.09761769838177235,0.7842890295423014,0.05730476191397613,0.11404877737111381,0.8930320619212702,-29.636971919696798
579,580.0,0.47743723827007933,6.0044664059508275,0.0976180980889988,0.7842883322746809,0.05730476191099719,0.11404877736814946,0.8930320619272765,-29.636971920060688
580,581.0,0.07228155512688827,7.44469643597772,0.09761898392963024,0.7842858336461116,0.05730476190477308,0.1140487773619558,0.8930320619372066,-29.63697192082099
581,582.0,0.038500418376044565,7.173808501739516,0.09761898125219295,0.7842858394395493,0.05730476190477419,0.1140487773619569,0.8930320619372045,-29.636971920820855
582,583.0,0.8238014929909839,7.617885341674574,0.09761839387920664,0.7842874797536158,0.057304761907553216,0.11404877736472234,0.893032061932702,-29.636971920481386
583,584.0,0.859240093727492,6.1171440476244925,0.09761814796170172,0.7842881080275953,0.05730476190983694,0.11404877736699488,0.8930320619289082,-29.636971920202413
584,585.0,0.8771218824793324,6.907397439503875,0.09761824970497622,0.7842878511401661,0.05730476190882558,0.11404877736598848,0.8930320619305979,-29.636971920325962
585,586.0,0.7756911068552985,8.833047680019641,0.09761816748356893,0.7842881283371627,0.0573047619100425,0.11404877736719943,0.8930320619287665,-29.63697192017731
586,587.0,0.5471346127179675,6.482839562088861,0.09761813920292052,0.7842882109715442,0.057304761910418986,0.11404877736757407,0.8930320619281773,-29.636971920131323
587,588.0,0.24546247176182978,7.90815649409305,0.09761899469311641,0.7842858111922328,0.05730476190476934,0.11404877736195207,0.8930320619372136,-29.636971920821445
588,589.0,0.8587876142293841,2.7572562272728596,0.09761767713260153,0.7842891019842576,0.057304761914419994,0.1140487773715555,0.8930320619205653,-29.636971919642583
589,590.0,0.48277799526545273,5.722196927170849,0.09761813896926828,0.7842882118408808,0.057304761910423316,0.11404877736757839,0.893032061928171,-29.63697192013079
590,591.0,0.2252911916313245,2.9800029541280897,0.09761806390819293,0.7842884335957762,0.05730476191150262,0.11404877736865242,0.8930320619264914,-29.63697191999895
591,592.0,0.7931306741599733,5.796801174739586,0.09761817566674189,0.7842880391697915,0.05730476190955655,0.11404877736671586,0.8930320619293799,-29.636971920236668
592,593.0,0.7562818020441783,1.2155887885432777,0.09761852756221104,0.7842868666750333,0.057304761905816855,0.11404877736299446,0.8930320619352992,-29.636971920693483
593,594.0,0.9391952255419832,7.5728286901689685,0.09761827217230433,0.784287793653592,0.057304761908613576,0.11404877736577751,0.8930320619309499,-29.636971920351854
594,595.0,0.799929804927817,8.284539472871673,0.09761847973107407,0.784287255662958,0.057304761906897664,0.11404877736406999,0.8930320619337779,-29.636971920561464
595,596.0,0.6018338740084963,3.2880179698115466,0.09761787982769476,0.7842887626239503,0.057304761912878324,0.11404877737002139,0.8930320619237362,-29.6369719198309
596,597.0,0.4083860904619967,3.703237069352836,0.0976183775408485,0.784287522563564,0.0573047619076886,0.11404877736485705,0.89303206193248,-29.636971920464845
597,598.0,0.7826599153679297,8.511430981304859,0.09761820024874754,0.784288031730212,0.057304761909617585,0.11404877736677661,0.8930320619294301,-29.636971920229215
598,599.0,0.5350182913581023,0.0881738919165972,0.09761903885325326,0.7842857223969493,0.05730476190476211,0.11404877736194488,0.8930320619372272,-29.636971920822326
599,600.0,0.8923108376073314,3.5592013351109117,0.09761766855501239,0.7842892090470411,0.057304761915210785,0.11404877737234242,0.8930320619194954,-29.636971919545978
600,601.0,0.11147628588452674,8.48446527560707,0.09761898607363621,0.7842858294153625,0.0573047619047723,0.11404877736195503,0.8930320619372081,-29.636971920821082
601,602.0,0.11420464314028078,4.212840845736505,0.0976189927953008,0.7842858154974867,0.05730476190477,0.11404877736195272,0.8930320619372123,-29.636971920821367
602,603.0,0.6505749704650051,6.649161888191234,0.09761846977724892,0.7842872816785786,0.0573047619069693,0.11404877736414126,0.8930320619336605,-29.636971920552718
603,604.0,0.6322365230645692,7.577653404451573,0.0976181313876515,0.7842882342358838,0.05730476191052802,0.11404877736768257,0.8930320619280079,-29.636971920118
604,605.0,0.05249501391192368,5.115894671890925,0.09761898439004413,0.7842858330643975,0.057304761904772974,0.11404877736195569,0.8930320619372067,-29.636971920821004
605,606.0,0.018804586442252913,0.67504437750344,0.09761903834653787,0.7842857250310586,0.0573047619047621,0.11404877736194487,0.8930320619372271,-29.636971920822333
606,607.0,0.2132744382109497,3.106783376104013,0.09761800187190024,0.7842886185113029,0.057304761912478026,0.11404877736962303,0.8930320619249816,-29.636971919879798
607,608.0,0.036823489103780305,1.914223908217724,0.09761898965872043,0.7842858218544565,0.057304761904771004,0.11404877736195373,0.8930320619372105,-29.636971920821246
608,609.0,0.3534560255301896,0.3163475269056242,0.0976190422080061,0.7842857168376193,0.05730476190476202,0.1140487773619448,0.8930320619372272,-29.63697192082234
609,610.0,0.4455311532132762,4.53319871320944,0.0976184673617107,0.7842872884294478,0.05730476190698857,0.11404877736416044,0.8930320619336297,-29.63697192055036
610,611.0,0.3110438349192791,2.38445677601107,0.09761822293912852,0.7842879185195986,0.05730476190907963,0.11404877736624126,0.8930320619301733,-29.636971920294926
611,612.0,0.34404606685502503,0.12338231267220467,0.09761904002064714,0.7842857181970199,0.057304761904762136,0.11404877736194492,0.8930320619372272,-29.636971920822326
612,613.0,0.49520802336616365,9.493130965470396,0.0976178414205758,0.7842891017144412,0.05730476191535036,0.11404877737248134,0.8930320619205678,-29.636971919528932
613,614.0,0.896801473727695,7.896203710063107,0.09761835205722803,0.7842875874853854,0.057304761907897725,0.11404877736506516,0.8930320619321329,-29.6369719204393
614,615.0,0.9151008545583141,7.964224673921021,0.09761834274396783,0.7842876121094758,0.057304761907980124,0.11404877736514715,0.8930320619319981,-29.636971920429232
615,616.0,0.4135187537466488,9.101184082887036,0.09761777087422273,0.7842893161936739,0.05730476191677615,0.11404877737390015,0.8930320619183915,-29.63697191935477
616,617.0,0.4525718571486932,8.255859028617278,0.09761786918700471,0.784289018470015,0.057304761914823886,0.11404877737195744,0.8930320619213765,-29.636971919593243
617,618.0,0.7703826746898691,1.0925527140083597,0.09761869650114609,0.7842864715690433,0.05730476190521324,0.1140487773623938,0.8930320619363946,-29.636971920767223
618,619.0,0.07826374044601869,8.459099095391027,0.09761898448871528,0.7842858326934763,0.057304761904772905,0.11404877736195562,0.8930320619372069,-29.63697192082101
619,620.0,0.9544474419359767,7.58549625642284,0.09761825862010595,0.7842878284103528,0.05730476190874121,0.1140487773659045,0.8930320619307381,-29.636971920336265
620,621.0,0.11796326277790592,1.1528536585015656,0.09761843753120111,0.7842873660832459,0.05730476190721002,0.11404877736438082,0.893032061933266,-29.636971920523308
621,622.0,0.3075874411547621,2.475624526930685,0.09761826993453951,0.7842877990238237,0.05730476190863262,0.11404877736579645,0.8930320619309173,-29.63697192034953
622,623.0,0.5915960536289984,0.9549019137520239,0.09761852161393825,0.7842868811730064,0.057304761905844034,0.1140487773630215,0.8930320619352504,-29.636971920690165
623,624.0,0.7139966179532565,7.278093673374422,0.09761846819857398,0.7842872858482769,0.05730476190698096,0.11404877736415286,0.8930320619336415,-29.63697192055129
624,625.0,0.4105204639718486,6.400395557332547,0.09761796037586053,0.7842887438983324,0.05730476191318045,0.11404877737032204,0.8930320619239014,-29.636971919793993
625,626.0,0.39454396258216373,9.73221466097142,0.09761771729136451,0.7842894797774995,0.057304761917926106,0.11404877737504447,0.8930320619166418,-29.636971919214297
626,627.0,0.0859368261675636,0.916023936635012,0.09761904143335473,0.7842857184411165,0.05730476190476202,0.1140487773619448,0.8930320619372273,-29.63697192082234
627,628.0,0.8512320318169599,9.292031918791663,0.09761819819968108,0.7842880389080551,0.057304761909650205,0.11404877736680906,0.8930320619293817,-29.63697192022523
628,629.0,0.8997028116363303,9.707565747555003,0.09761850713380027,0.7842871838477924,0.05730476190670585,0.11404877736387911,0.8930320619340918,-29.636971920584898
629,630.0,0.0018417141886947208,5.661419647374971,0.09761897845536543,0.7842858452924142,0.05730476190477532,0.11404877736195804,0.8930320619372023,-29.636971920820713
630,631.0,0.7136513026270024,0.6024130631855212,0.09761904008858563,0.7842857216434789,0.057304761904762046,0.11404877736194483,0.8930320619372272,-29.63697192082234
631,632.0,0.8872014048761351,0.002389157243194222,0.09761903964249508,0.7842857198660547,0.05730476190476211,0.11404877736194488,0.8930320619372272,-29.636971920822326
632,633.0,0.5610655914049731,8.560209065115995,0.09761797305290569,0.7842887052209675,0.05730476191295975,0.11404877737010241,0.8930320619242396,-29.636971919820958
633,634.0,0.44412110582236686,7.196299314307687,0.09761793643982425,0.7842888148953254,0.0573047619135891,0.11404877737072867,0.8930320619232696,-29.636971919744077
634,635.0,0.26595226327022004,8.307794573087454,0.09761899520245726,0.7842858101569437,0.05730476190476921,0.11404877736195194,0.8930320619372139,-29.63697192082146
635,636.0,0.09174763032089184,3.9566625377363835,0.09761899114150753,0.784285818633033,0.0573047619047705,0.11404877736195322,0.8930320619372114,-29.63697192082131
636,637.0,0.5054815536405511,7.903770119810364,0.09761795780103998,0.7842887511628481,0.05730476191322105,0.11404877737036245,0.8930320619238374,-29.63697191978904
637,638.0,0.11980562170477116,3.0833571726952878,0.09761769997025437,0.7842895337939028,0.05730476191832036,0.1140487773754368,0.8930320619160469,-29.636971919166136
638,639.0,0.9022891898942291,3.198662492262302,0.09761765404864471,0.784289200116756,0.05730476191506699,0.11404877737219936,0.893032061919586,-29.636971919563543
639,640.0,0.38199438204862934,1.3782123349496918,0.0976176535945321,0.7842892080688606,0.057304761915127456,0.1140487773722595,0.8930320619195053,-29.636971919556167
640,641.0,0.9380054602122391,6.495139626495444,0.0976181203139978,0.7842881774677761,0.05730476191012902,0.11404877736728553,0.8930320619284186,-29.636971920166744
641,642.0,0.026536789832653507,3.5874431580436545,0.09761898248031008,0.7842858363320876,0.05730476190477359,0.1140487773619563,0.8930320619372056,-29.636971920820926
642,643.0,0.22387638006803912,9.82897463965906,0.0976189914223134,0.7842858184235145,0.057304761904770456,0.1140487773619532,0.8930320619372114,-29.63697192082131
643,644.0,0.7080497769199957,2.0945129992905858,0.09761772087376716,0.7842889594469784,0.05730476191356536,0.11404877737070507,0.8930320619219378,-29.636971919746976
644,645.0,0.7059987084166329,8.982179831307633,0.09761808947780515,0.7842883576269228,0.0573047619111215,0.11404877736827315,0.8930320619270828,-29.636971920045504
645,646.0,0.6953507809821201,6.986825364264011,0.09761845731154631,0.7842873136579628,0.05730476190705831,0.11404877736422986,0.8930320619335135,-29.63697192054184
646,647.0,0.7206261042932224,1.5354860779392507,0.09761809447866496,0.7842879362991398,0.05730476190877652,0.11404877736593966,0.893032061930059,-29.636971920331952
647,648.0,0.5812079958766471,1.156393506926353,0.09761819881877802,0.7842876704910486,0.057304761907855266,0.1140487773650229,0.8930320619316714,-29.636971920444488
648,649.0,0.4343509474634135,1.5641353758113306,0.09761765427638329,0.7842892061894893,0.05730476191511596,0.11404877737224807,0.8930320619195244,-29.636971919557567
649,650.0,0.8312260257037216,5.794556090419126,0.09761812761953546,0.7842881599399198,0.05730476191005589,0.11404877736721276,0.8930320619285435,-29.636971920175668
650,651.0,0.31335086793662825,4.421823374647431,0.0976180217158151,0.7842885594292839,0.057304761912159295,0.11404877736930587,0.8930320619254749,-29.636971919918736
651,652.0,0.3499118442431147,2.16714358165758,0.09761800441712813,0.7842884640375636,0.05730476191141283,0.11404877736856306,0.8930320619262497,-29.63697192000992
652,653.0,0.195359935121722,7.114779434347974,0.09761899256559109,0.7842858154067738,0.05730476190476997,0.1140487773619527,0.8930320619372124,-29.636971920821367
653,654.0,0.06907664248101875,9.01494755369495,0.0976189835838884,0.7842858347547388,0.05730476190477328,0.11404877736195601,0.8930320619372062,-29.63697192082096
654,655.0,0.20407289247052673,7.6530146669697965,0.09761899281424354,0.7842858154074789,0.05730476190476999,0.11404877736195272,0.8930320619372124,-29.636971920821367
655,656.0,0.655127051131,4.785490569418284,0.09761817453151296,0.7842880415097738,0.057304761909565155,0.11404877736672443,0.8930320619293641,-29.636971920235617
656,657.0,0.9570341753873113,7.2885452223692555,0.09761821766731098,0.7842879331973996,0.057304761909138184,0.11404877736629954,0.893032061930079,-29.63697192028777
657,658.0,0.33409369616792894,9.341596087332713,0.09761899712985429,0.7842858061408613,0.05730476190476862,0.11404877736195135,0.893032061937215,-29.636971920821537
658,659.0,0.9727000312512942,1.5269906924307552,0.09761856110579198,0.7842867869026139,0.05730476190567409,0.1140487773628524,0.8930320619355568,-29.636971920710927
659,660.0,0.7223673345543246,5.599027034155226,0.09761823440431767,0.7842878900455938,0.05730476190897195,0.11404877736613413,0.8930320619303543,-29.636971920308078
660,661.0,0.03045486727156488,2.812697815748445,0.0976189841388814,0.7842858333739325,0.05730476190477303,0.11404877736195575,0.8930320619372067,-29.636971920820997
661,662.0,0.4604563757254214,7.086036113037502,0.09761796798953232,0.7842887208537384,0.05730476191304898,0.1140487773701912,0.8930320619241034,-29.63697191981006
662,663.0,0.894385465014301,0.6088988783811605,0.09761903637467505,0.7842857245462052,0.05730476190476225,0.11404877736194502,0.8930320619372271,-29.63697192082231
663,664.0,0.9895480546492504,9.629299972293552,0.09761843430788994,0.784287374457147,0.05730476190723452,0.1140487773644052,0.8930320619332257,-29.636971920520317
664,665.0,0.6879903578022123,4.42445308187323,0.09761804323284654,0.7842883688052525,0.05730476191097221,0.1140487773681246,0.8930320619269969,-29.636971920063743
665,666.0,0.7073354482106206,1.419100532021999,0.0976181864807479,0.7842877022270506,0.05730476190795913,0.11404877736512625,0.8930320619314897,-29.636971920431805
666,667.0,0.40347209159577746,0.11665510996013582,0.09761904455171956,0.7842857118321858,0.057304761904762025,0.1140487773619448,0.8930320619372273,-29.63697192082234
667,668.0,0.34487637051287223,7.907185861968296,0.09761775236328386,0.7842893738173857,0.05730476191717794,0.11404877737429997,0.893032061917784,-29.636971919305687
668,669.0,0.6361717661227831,6.739648509985593,0.09761849459428032,0.7842872165793152,0.057304761906792005,0.11404877736396485,0.8930320619339507,-29.636971920574368
669,670.0,0.663349251854875,8.016351742172342,0.09761812551594735,0.7842882518217105,0.057304761910611325,0.11404877736776549,0.8930320619278787,-29.63697192010782
670,671.0,0.6344478745509876,7.730062233565574,0.09761812065407015,0.7842882669693853,0.057304761910684496,0.11404877736783829,0.8930320619277667,-29.636971920098887
671,672.0,0.9061602191218538,1.1115186299851498,0.09761885236645151,0.7842861194813505,0.05730476190488998,0.11404877736207213,0.8930320619369889,-29.636971920806708
672,673.0,0.4327711404433753,4.5885332654769595,0.09761849432466137,0.7842872164733232,0.05730476190679089,0.11404877736396374,0.893032061933951,-29.63697192057451
673,674.0,0.5454428662191035,7.872217557187975,0.09761800795799881,0.7842886010447524,0.057304761912384344,0.11404877736952983,0.8930320619251285,-29.636971919891245
674,675.0,0.15286178635347536,1.1555142271028191,0.09761820913806327,0.7842879540467115,0.05730476190921795,0.11404877736637892,0.893032061929944,-29.63697192027803
675,676.0,0.49650062633183256,9.215663297453995,0.09761785928716225,0.7842890478420971,0.057304761915007406,0.11404877737214004,0.8930320619210935,-29.636971919570826
676,677.0,0.26894877901844716,3.1185316758622714,0.09761815481975149,0.7842881654235277,0.05730476191020998,0.11404877736736609,0.8930320619285045,-29.636971920156853
677,678.0,0.1279831862539086,5.072019979780235,0.097618993048749,0.7842858147580747,0.05730476190476989,0.11404877736195261,0.8930320619372126,-29.63697192082138
678,679.0,0.6400798847384828,2.5093613382706317,0.09761766448654928,0.784289213661294,0.05730476191522681,0.11404877737235838,0.8930320619194485,-29.636971919544024
679,680.0,0.07973935586224834,2.7450122310373555,0.09761899336107516,0.7842858141750674,0.05730476190476978,0.11404877736195253,0.8930320619372127,-29.636971920821395
680,681.0,0.49231033074111397,5.040785173019315,0.09761847107827606,0.7842872781600608,0.057304761906959406,0.11404877736413144,0.8930320619336765,-29.63697192055392
681,682.0,0.6686538749488543,7.056372579393176,0.09761849123973385,0.7842872244624365,0.05730476190681213,0.11404877736398486,0.893032061933916,-29.636971920571916
682,683.0,0.6619714337865986,8.395213723139774,0.09761809302140925,0.7842883483668883,0.05730476191107797,0.11404877736822984,0.8930320619271538,-29.63697192005082
683,684.0,0.7713384727535649,4.679676857380789,0.09761798403135771,0.7842885142528739,0.05730476191165167,0.11404877736880073,0.893032061925845,-29.636971919980738
684,685.0,0.6372502271202171,3.9910202677485467,0.09761801625866885,0.784288435695313,0.057304761911281456,0.11404877736843234,0.8930320619264748,-29.636971920025964
685,686.0,0.483780307120947,1.0778355653020033,0.09761802949199522,0.7842881048046394,0.05730476190942618,0.11404877736658613,0.8930320619289307,-29.6369719202526
686,687.0,0.6208216775094995,0.5359768688369946,0.09761904121135774,0.7842857168323312,0.0573047619047621,0.11404877736194487,0.8930320619372272,-29.636971920822333
687,688.0,0.9026837085365883,2.1337542849868516,0.09761794873905474,0.7842883184735391,0.05730476191032568,0.11404877736748123,0.8930320619273812,-29.63697192014272
688,689.0,0.08957823032939594,5.65894649220731,0.09761898698735506,0.784285827853925,0.05730476190477203,0.11404877736195475,0.8930320619372085,-29.636971920821118
689,690.0,0.3331125363761457,7.125464318516197,0.09761778579416387,0.7842892717036822,0.057304761916475044,0.1140487773736005,0.8930320619188539,-29.63697191939155
690,691.0,0.9144579877728563,7.314230045130609,0.09761826444837497,0.7842878132016238,0.05730476190868472,0.1140487773658483,0.8930320619308312,-29.63697192034317
691,692.0,0.5395345779911535,3.6847107311522316,0.09761810541628595,0.784288214802647,0.0573047619102893,0.11404877736744501,0.8930320619281495,-29.63697192014716
692,693.0,0.4170006733137127,6.146402712906262,0.0976179942580467,0.7842886414022151,0.05730476191260375,0.11404877736974817,0.8930320619247878,-29.636971919864443
693,694.0,0.43967758119202116,9.22576642453975,0.09761779516080413,0.7842892429768545,0.05730476191628075,0.11404877737340716,0.8930320619191494,-29.63697191941528
694,695.0,0.6020496181246211,2.995027260061107,0.09761779817254546,0.7842889502489792,0.05730476191385709,0.11404877737099536,0.8930320619220243,-29.636971919711343
695,696.0,0.6424216874742509,7.709586592607266,0.09761813059175992,0.7842882367336089,0.05730476191054001,0.11404877736769452,0.8930320619279896,-29.636971920116537
696,697.0,0.593777794947623,3.513701499993081,0.09761795884080793,0.7842885753298274,0.05730476191194598,0.1140487773690936,0.8930320619253431,-29.63697191994479
697,698.0,0.6970911389791413,5.3161200621816525,0.09761821763136311,0.7842879327719844,0.05730476190913577,0.11404877736629714,0.8930320619300818,-29.63697192028807
698,699.0,0.2906191793094266,3.459584558936378,0.0976181357009269,0.7842882210159937,0.057304761910465324,0.11404877736762019,0.8930320619281044,-29.63697192012566
699,700.0,0.4863450611258352,1.3606791574786512,0.09761776388842516,0.7842888307994582,0.05730476191284375,0.11404877736998698,0.893032061923126,-29.636971919835126
700,701.0,0.8533773897678698,9.971389090519983,0.09761814882369303,0.784288182979117,0.05730476191029019,0.11404877736744592,0.893032061928379,-29.636971920147055
701,702.0,0.4757632058688711,7.353231191428353,0.0976179655182286,0.7842887283888053,0.05730476191309196,0.11404877737023397,0.8930320619240375,-29.636971919804807
702,703.0,0.06543769502418184,1.8433961950203985,0.09761899684046861,0.78428580658124,0.05730476190476867,0.1140487773619514,0.8930320619372148,-29.63697192082153
703,704.0,0.3304433725948497,4.818649519391514,0.09761800111627775,0.7842886212553574,0.057304761912493916,0.11404877736963887,0.8930320619249585,-29.63697191987786
704,705.0,0.1584039939481613,0.03519266686997162,0.0976190383036718,0.7842857203559584,0.057304761904762205,0.11404877736194499,0.8930320619372272,-29.63697192082232
705,706.0,0.6490613476670695,8.436565323938042,0.0976180763337067,0.7842883973218533,0.05730476191132039,0.11404877736847106,0.8930320619267759,-29.63697192002121
706,707.0,0.4264391138711222,5.357274871764413,0.09761809948605717,0.7842883291877002,0.057304761910983895,0.11404877736813622,0.8930320619273,-29.636971920062315
707,708.0,0.2861074245566294,8.914025515274185,0.09761899566863803,0.784285809588527,0.0573047619047691,0.11404877736195185,0.8930320619372141,-29.636971920821473
708,709.0,0.2975479633169963,6.4900057560537645,0.09761777583178333,0.784289301307056,0.05730476191667471,0.11404877737379919,0.8930320619185468,-29.636971919367163
709,710.0,0.23244536205010424,3.957852960603262,0.09761790762114375,0.7842889018714151,0.05730476191410617,0.11404877737124322,0.8930320619224755,-29.636971919680917
710,711.0,0.814654532153026,8.667507143173657,0.09761849668957617,0.7842872109487345,0.0573047619067769,0.1140487773639498,0.8930320619339751,-29.636971920576215
711,712.0,0.4204853294879678,3.2995893854746,0.09761824562177421,0.7842878615557703,0.057304761908864583,0.11404877736602728,0.8930320619305331,-29.636971920321194
712,713.0,0.8951264360556638,0.40505829056580805,0.09761904916626354,0.7842857032710879,0.05730476190476211,0.11404877736194488,0.8930320619372271,-29.636971920822326
713,714.0,0.32061012825042956,9.466449603327012,0.09761899610432749,0.7842858085790284,0.057304761904768936,0.11404877736195167,0.8930320619372144,-29.636971920821495
714,715.0,0.2401602194263427,0.011614199385991024,0.09761904494316376,0.7842857114623588,0.05730476190476201,0.1140487773619448,0.8930320619372273,-29.63697192082234
715,716.0,0.6541882646794883,9.222501440023814,0.09761802332884921,0.7842885558406225,0.05730476191214241,0.11404877736928908,0.8930320619255046,-29.636971919920796
716,717.0,0.9624991824926765,8.994590135295898,0.09761840152993642,0.7842874588817076,0.057304761907487324,0.11404877736465675,0.8930320619328085,-29.636971920489437
717,718.0,0.0796087247795837,1.5249132584199767,0.09761784254297165,0.7842890986606029,0.057304761915331515,0.11404877737246256,0.8930320619205978,-29.636971919531234
718,719.0,0.9315310044738696,6.8212862865434625,0.09761817772780064,0.7842880336603631,0.05730476190953384,0.11404877736669328,0.8930320619294171,-29.636971920239446
719,720.0,0.6420073749875943,8.82326874004987,0.09761803897754305,0.7842885085403254,0.05730476191189112,0.11404877736903901,0.8930320619258915,-29.636971919951492
720,721.0,0.15594325318500446,5.211057231994873,0.097618993708582,0.7842858131372037,0.05730476190476962,0.11404877736195236,0.8930320619372131,-29.63697192082141
721,722.0,0.3524724412286494,5.234140658683428,0.09761798973832866,0.7842886551040245,0.05730476191267969,0.11404877736982373,0.8930320619246711,-29.636971919855164
722,723.0,0.20020093585932264,1.1066689695020218,0.09761789159872493,0.7842887357529297,0.057304761912743196,0.11404877736988692,0.893032061923973,-29.636971919847404
723,724.0,0.340201043031244,0.3996088597073178,0.0976190314309636,0.7842857297293726,0.05730476190476258,0.11404877736194535,0.893032061937227,-29.63697192082227
724,725.0,0.3575172152574211,9.011282190741824,0.0976177092658433,0.7842895057523492,0.05730476191811735,0.11404877737523478,0.8930320619163566,-29.636971919190934
725,726.0,0.9696569439345917,4.327652248970537,0.09761772053216757,0.7842891170214041,0.05730476191474809,0.11404877737188202,0.893032061920417,-29.6369719196025
726,727.0,0.9003413058564936,4.343066859955948,0.09761777300775616,0.7842890060196108,0.05730476191415436,0.11404877737129118,0.8930320619214958,-29.636971919675027
727,728.0,0.7471447249827239,1.050611385578481,0.09761870817908233,0.7842864451807259,0.05730476190518212,0.11404877736236282,0.8930320619364517,-29.636971920771018
728,729.0,0.6676368502774223,0.6294850011759848,0.09761903054391646,0.7842857393125633,0.05730476190476251,0.11404877736194528,0.8930320619372264,-29.636971920822283
729,730.0,0.06981715825341073,7.984932775035044,0.09761898322873092,0.7842858350443319,0.05730476190477337,0.11404877736195608,0.8930320619372061,-29.636971920820955
730,731.0,0.36531722442628434,6.145774342408736,0.09761791460125963,0.7842888810689053,0.05730476191398171,0.11404877737111938,0.8930320619226675,-29.636971919696123
731,732.0,0.9080073739559479,7.497420010525071,0.09761829471028795,0.7842877358680835,0.05730476190840604,0.114048777365571,0.8930320619312939,-29.636971920377206
732,733.0,0.25618597101722174,0.046033743419609564,0.0976190408152191,0.7842857180515037,0.05730476190476208,0.11404877736194484,0.8930320619372272,-29.636971920822333
733,734.0,0.9609406953468249,3.441138687796216,0.09761765359162057,0.7842892058326691,0.05730476191510979,0.11404877737224194,0.893032061919528,-29.63697191955832
734,735.0,0.5565912435637301,7.751240890813013,0.09761803071894612,0.7842885333138592,0.05730476191202186,0.1140487773691691,0.8930320619256896,-29.63697191993552
735,736.0,0.5425990488640924,3.6144394196897505,0.09761807991728452,0.7842882784754583,0.05730476191056773,0.11404877736772209,0.8930320619276814,-29.636971920113147
736,737.0,0.10621382964556902,3.4771030071821083,0.0976189948611825,0.7842858110807311,0.05730476190476931,0.11404877736195206,0.8930320619372136,-29.636971920821452
737,738.0,0.0010710129112723177,5.600795578764422,0.09761897895324807,0.7842858444990726,0.05730476190477518,0.11404877736195788,0.8930320619372026,-29.636971920820734
738,739.0,0.49211316741078404,3.0971928206642034,0.0976180217739558,0.7842884224441844,0.05730476191122039,0.11404877736837157,0.8930320619265792,-29.636971920033425
739,740.0,0.5797374489584057,3.2496778619867075,0.09761790422728409,0.7842887047737631,0.0573047619125842,0.1140487773697287,0.8930320619242433,-29.63697191986683
740,741.0,0.8273094709678847,0.47701843143435707,0.09761903806518621,0.7842857247054422,0.0573047619047621,0.11404877736194487,0.8930320619372271,-29.636971920822333
741,742.0,0.2611230290238232,9.053132324755687,0.09761899346756464,0.7842858134686579,0.05730476190476969,0.11404877736195242,0.893032061937213,-29.63697192082141
742,743.0,0.6575921779627137,1.7918342718395228,0.09761778799145204,0.7842887617229939,0.05730476191247322,0.11404877736961826,0.8930320619237442,-29.636971919880388
743,744.0,0.46188932801760874,4.478855985978277,0.09761843156040728,0.7842873816548411,0.05730476190725574,0.11404877736442631,0.893032061933191,-29.636971920517723
744,745.0,0.8925502870360625,5.541907387119578,0.09761800734130288,0.7842884576080257,0.05730476191138402,0.11404877736853439,0.893032061926301,-29.636971920013437
745,746.0,0.9138545035343867,4.141990587085674,0.09761772957200929,0.7842890988538035,0.05730476191465196,0.11404877737178634,0.8930320619205959,-29.636971919614247
746,747.0,0.9470929390499992,5.609628091163173,0.09761795939834224,0.7842885742600781,0.05730476191194134,0.11404877736908897,0.893032061925352,-29.63697191994536
747,748.0,0.9639714788714724,8.867091915518559,0.09761838905352488,0.7842874919080474,0.057304761907590734,0.11404877736475966,0.8930320619326395,-29.636971920476803
748,749.0,0.039092930355967836,5.853090150001544,0.09761898245218595,0.7842858370690707,0.0573047619047737,0.11404877736195643,0.8930320619372054,-29.636971920820912
749,750.0,0.392995549970938,7.331714753949621,0.09761785734246164,0.7842890552094052,0.05730476191505731,0.1140487773721897,0.8930320619210221,-29.63697191956473
750,751.0,0.8409540855561891,1.4125978265185717,0.09761846243041321,0.7842870224269323,0.05730476190612605,0.11404877736330217,0.8930320619347428,-29.636971920655718
751,752.0,0.43354896901534967,0.29258166574051675,0.09761903904737225,0.7842857211389467,0.057304761904762115,0.11404877736194488,0.8930320619372272,-29.636971920822326
752,753.0,0.19959121630677334,8.63424090720416,0.09761899068145279,0.7842858194104662,0.057304761904770615,0.11404877736195335,0.8930320619372112,-29.63697192082129
753,754.0,0.9696343703967445,9.675740310483912,0.09761845311369365,0.7842873255528946,0.05730476190709317,0.11404877736426454,0.893032061933458,-29.636971920537583
754,755.0,0.22725048946222304,2.2210857570741327,0.09761843704565641,0.7842873669782859,0.05730476190721222,0.114048777364383,0.8930320619332617,-29.636971920523038
755,756.0,0.9855581933083194,0.15728659927541055,0.09761903848416009,0.7842857212079344,0.05730476190476216,0.11404877736194494,0.8930320619372272,-29.63697192082232
756,757.0,0.3146995090991864,4.218731015365343,0.09761805499846452,0.7842884602885545,0.05730476191163958,0.11404877736878871,0.8930320619262796,-29.636971919982223
757,758.0,0.8368229216024679,2.15221153716792,0.09761784706491061,0.7842885949324917,0.05730476191161842,0.11404877736876765,0.8930320619251797,-29.636971919984802
758,759.0,0.1844779219869478,2.534077799295091,0.09761804012094868,0.7842885053077951,0.057304761911874495,0.11404877736902247,0.8930320619259178,-29.636971919953524
759,760.0,0.0313826702815464,9.07637720605153,0.09761898064953667,0.7842858407384928,0.05730476190477444,0.11404877736195715,0.893032061937204,-29.63697192082082
760,761.0,0.1365295451139188,3.535888663436559,0.09761769710056503,0.7842895424560958,0.05730476191838341,0.11404877737549954,0.8930320619159506,-29.636971919158434
761,762.0,0.9554702379632974,1.3237113591718164,0.0976187251771236,0.784286406060836,0.05730476190513794,0.11404877736231886,0.8930320619365325,-29.636971920776418
762,763.0,0.04790710458142933,2.1500515588846505,0.09761899106415799,0.7842858191043806,0.05730476190477055,0.11404877736195328,0.8930320619372113,-29.636971920821303
763,764.0,0.12279752806650868,5.439798248854272,0.09761899062485259,0.7842858199223496,0.0573047619047707,0.11404877736195343,0.8930320619372111,-29.63697192082128
764,765.0,0.9854802604151335,8.569869879691094,0.09761834121923757,0.7842876161241572,0.05730476190799361,0.11404877736516057,0.893032061931976,-29.636971920427584
765,766.0,0.7901691408223432,2.208788380640218,0.09761776477154803,0.7842888285293661,0.057304761912831764,0.11404877736997504,0.8930320619231465,-29.63697191983659
766,767.0,0.11506253954488499,2.867940833525801,0.09761771357020113,0.7842894916086696,0.05730476191801253,0.11404877737513046,0.8930320619165122,-29.636971919203738
767,768.0,0.26268066128728973,6.0401168391126046,0.0976177510405609,0.7842893780766202,0.057304761917208236,0.11404877737433011,0.8930320619177387,-29.636971919301985
768,769.0,0.9145823772127729,7.63370372383896,0.09761830377755168,0.7842877121893778,0.05730476190832205,0.11404877736548741,0.893032061931432,-29.636971920387467
769,770.0,0.09273941752107728,3.763488758461544,0.09761899234976411,0.7842858160703919,0.05730476190477009,0.11404877736195282,0.8930320619372122,-29.636971920821352
770,771.0,0.3571208019628953,4.96367660440382,0.09761803187993155,0.7842885293283373,0.05730476191199982,0.11404877736914718,0.8930320619257223,-29.636971919938212
771,772.0,0.7060187182987914,6.313050014671106,0.09761836592644829,0.7842875524999301,0.0573047619077846,0.1140487773649526,0.8930320619323214,-29.63697192045312
772,773.0,0.7470170959976824,2.1350934959808883,0.09761774647658224,0.7842888827599441,0.05730476191313119,0.11404877737027302,0.8930320619226519,-29.63697191980001
773,774.0,0.7512819811241052,4.335904496208173,0.09761793327751699,0.7842886364150465,0.05730476191224473,0.11404877736939088,0.8930320619248302,-29.636971919908298
774,775.0,0.07023857387288723,9.273950306566757,0.09761898339516227,0.7842858346635967,0.05730476190477327,0.11404877736195598,0.8930320619372062,-29.63697192082096
775,776.0,0.6110071229609059,9.513001494241514,0.09761796093837007,0.784288742039183,0.057304761913169494,0.11404877737031115,0.8930320619239178,-29.636971919795336
776,777.0,0.6162995866723964,6.659283772292045,0.09761820499441608,0.7842880178869333,0.05730476190955837,0.11404877736671767,0.893032061929523,-29.636971920236448
777,778.0,0.8672836531317589,8.27361452921941,0.09761841896347587,0.7842874144943583,0.057304761907353494,0.11404877736452358,0.8930320619330304,-29.63697192050578
778,779.0,0.5799000578316239,3.485137939922014,0.09761797423998034,0.7842885379247233,0.057304761911764875,0.11404877736891338,0.8930320619256518,-29.63697191996691
779,780.0,0.653754784816732,7.5003066822188975,0.09761816249965398,0.7842881433812249,0.05730476191011083,0.11404877736726743,0.8930320619286607,-29.63697192016896
780,781.0,0.7917599058684981,9.247196448710104,0.09761814928419336,0.7842881814455247,0.057304761910282845,0.11404877736743861,0.8930320619283901,-29.63697192014795
781,782.0,0.24635648981959846,7.391037991969793,0.09761899592125575,0.7842858085646909,0.05730476190476896,0.11404877736195171,0.8930320619372143,-29.636971920821495
782,783.0,0.7123745842356736,6.194051639203193,0.09761834111061143,0.7842876159932478,0.05730476190799264,0.1140487773651596,0.8930320619319767,-29.636971920427705
783,784.0,0.07394947499993254,6.912764297832982,0.0976189842944151,0.784285833368516,0.057304761904773016,0.11404877736195572,0.8930320619372067,-29.636971920820997
784,785.0,0.5453597919135648,0.6038541769096308,0.09761904087927384,0.7842857183032825,0.05730476190476206,0.11404877736194483,0.8930320619372273,-29.636971920822333
785,786.0,0.7541789582001441,5.0824242566513504,0.09761809185628116,0.7842882486000101,0.05730476191043612,0.11404877736759113,0.8930320619279025,-29.636971920129227
786,787.0,0.37028222513034104,5.9399273010483045,0.09761794230645114,0.7842887972156047,0.05730476191348585,0.11404877737062595,0.8930320619234283,-29.63697191975669
787,788.0,0.01116479607142118,9.254466181419964,0.09761897845002655,0.784285845148222,0.05730476190477531,0.11404877736195802,0.8930320619372024,-29.636971920820713
788,789.0,0.010861173783999867,7.5279468033900825,0.09761897952421443,0.7842858432118116,0.057304761904774904,0.11404877736195762,0.8930320619372032,-29.636971920820763
789,790.0,0.6060825508395522,8.903131408139272,0.09761799649031383,0.7842886351528544,0.0573047619125702,0.11404877736971476,0.8930320619248409,-29.636971919868536
790,791.0,0.2905984375519092,3.7040405389670994,0.09761808981672974,0.7842883578868726,0.05730476191112495,0.11404877736827658,0.893032061927081,-29.636971920045085
791,792.0,0.8297236211231878,5.327282129382318,0.09761804191020294,0.7842883724578136,0.057304761910989585,0.11404877736814188,0.8930320619269687,-29.63697192006162
792,793.0,0.49141082612093867,9.55270676409642,0.09761783500169476,0.7842891225891944,0.057304761915488216,0.11404877737261851,0.8930320619203619,-29.636971919512092
793,794.0,0.3124013819697208,3.899735630555766,0.09761810305274082,0.7842883172291929,0.05730476191092327,0.11404877736807591,0.8930320619273906,-29.63697192006972
794,795.0,0.919428926281782,2.775235785958865,0.09761770883647233,0.7842889981945741,0.05730476191379291,0.1140487773709315,0.8930320619215705,-29.63697191971918
795,796.0,0.13497027648874615,5.529142543502329,0.09761899190402791,0.784285817381603,0.05730476190477028,0.11404877736195301,0.8930320619372119,-29.63697192082133
796,797.0,0.9059740614147211,0.48080899030554497,0.09761903954407104,0.7842857212931027,0.05730476190476208,0.11404877736194484,0.8930320619372272,-29.636971920822333
797,798.0,0.30900384143727966,4.366454522569934,0.0976180219573535,0.7842885597593027,0.057304761912163014,0.11404877736930957,0.8930320619254721,-29.63697191991828
798,799.0,0.6007974037179374,9.558200156984926,0.09761794805231148,0.784288780788355,0.057304761913392246,0.11404877737053279,0.893032061923575,-29.636971919768122
799,800.0,0.7518980110334578,3.7898787333934405,0.09761780811220172,0.7842889281933001,0.057304761913740836,0.11404877737087968,0.893032061922231,-29.63697191972554
800,801.0,0.08747028791994016,4.256548772137572,0.09761898928619595,0.784285822392807,0.05730476190477112,0.11404877736195386,0.8930320619372103,-29.636971920821225
801,802.0,0.23645827937875696,4.7648551455757655,0.09761781580526331,0.7842891802620272,0.057304761915863575,0.11404877737299203,0.8930320619197862,-29.63697191946624
802,803.0,0.2602971825332566,8.440277473657128,0.09761899456701566,0.7842858119429998,0.05730476190476942,0.11404877736195215,0.8930320619372134,-29.636971920821438
803,804.0,0.5014016326605217,2.186325288706706,0.09761770703585419,0.7842891431092915,0.05730476191488431,0.11404877737201756,0.8930320619201583,-29.63697191958586
804,805.0,0.8687992633920656,0.4443856724526868,0.0976190385251011,0.7842857218642472,0.057304761904762136,0.11404877736194492,0.8930320619372272,-29.636971920822326
805,806.0,0.3559866014128299,2.3012859066199245,0.09761804922350655,0.7842883542429283,0.05730476191090644,0.11404877736805914,0.8930320619271088,-29.636971920071773
806,807.0,0.6042716462205874,7.899571486847377,0.09761807258565698,0.7842884088485863,0.05730476191137908,0.11404877736852947,0.8930320619266859,-29.63697192001404
807,808.0,0.23639482875153073,9.053838654983412,0.0976189925640244,0.7842858158824597,0.057304761904770046,0.11404877736195276,0.8930320619372123,-29.63697192082136
808,809.0,0.7827979324694264,9.505767806764537,0.0976181228298374,0.7842882602369813,0.057304761910651994,0.11404877736780594,0.8930320619278166,-29.63697192010285
809,810.0,0.9114612683736961,2.8241141719715204,0.09761769385297647,0.7842890460043489,0.05730476191407731,0.11404877737121451,0.8930320619211113,-29.63697191968444
810,811.0,0.9211807216627833,0.39586743639799005,0.09761904380286694,0.7842857115247109,0.057304761904762073,0.11404877736194484,0.8930320619372273,-29.636971920822333
811,812.0,0.10344294216452621,6.575609376219655,0.09761898683337154,0.7842858275815447,0.057304761904771996,0.1140487773619547,0.8930320619372086,-29.636971920821118
812,813.0,0.3044965997288608,7.319803467630139,0.09761773006242631,0.7842894411683481,0.05730476191765091,0.11404877737477062,0.8930320619170616,-29.636971919247912
813,814.0,0.3994784627295296,2.614582895315847,0.09761806177065716,0.7842883236434637,0.057304761910769164,0.11404877736792254,0.8930320619273421,-29.63697192008854
814,815.0,0.8698911502966357,6.2646038497598795,0.09761816019102927,0.784288077344752,0.057304761909710525,0.11404877736686908,0.8930320619291201,-29.63697192021786
815,816.0,0.8039884129882615,0.4350227527648899,0.09761903763569363,0.7842857230414412,0.05730476190476219,0.11404877736194496,0.8930320619372271,-29.63697192082232
816,817.0,0.26738595732999426,0.32707304150935723,0.09761904071253283,0.7842857202671718,0.05730476190476204,0.11404877736194481,0.8930320619372272,-29.63697192082234
817,818.0,0.12517512015477172,1.3509192681143358,0.09761850643364048,0.7842871851308779,0.05730476190670863,0.11404877736388189,0.8930320619340864,-29.636971920584557
818,819.0,0.024483742800009534,1.919163385206498,0.09761898588363746,0.7842858299101187,0.05730476190477239,0.11404877736195511,0.8930320619372079,-29.63697192082107
819,820.0,0.24148778797224102,7.0396732112053675,0.09761899605289995,0.7842858088524237,0.05730476190476897,0.11404877736195171,0.8930320619372143,-29.636971920821495
820,821.0,0.3391482344365163,4.4951136188902865,0.09761806362580579,0.7842884356128215,0.05730476191151499,0.11404877736866471,0.8930320619264754,-29.636971919997443
821,822.0,0.3298709245502274,1.9121200246329633,0.09761793803481611,0.7842886249054745,0.05730476191218768,0.11404877736933412,0.8930320619249277,-29.63697191991527
822,823.0,0.7897556707546523,6.314315502945253,0.09761826375730309,0.7842878148462334,0.05730476190869059,0.11404877736585413,0.8930320619308212,-29.636971920342447
823,824.0,0.7338636243139901,1.6266256141637867,0.09761803661267716,0.7842880856685093,0.057304761909349314,0.11404877736650965,0.8930320619290628,-29.636971920261985
824,825.0,0.9136656704439192,3.192046150526647,0.09761765531449206,0.784289191405538,0.05730476191500475,0.11404877737213741,0.893032061919674,-29.636971919571145
825,826.0,0.48246833334281924,3.1095408438544845,0.09761804572976371,0.7842883626879488,0.05730476191094447,0.114048777368097,0.893032061927044,-29.636971920067126
826,827.0,0.7508578000514923,9.14011895194671,0.09761812139037347,0.7842882643173007,0.057304761910671104,0.11404877736782497,0.8930320619277864,-29.63697192010052
827,828.0,0.9882172562059129,6.378013743621365,0.09761804750383761,0.7842883589443211,0.05730476191092859,0.11404877736808118,0.8930320619270727,-29.636971920069072
828,829.0,0.19586379111135743,9.439690053318728,0.09761898977452482,0.7842858214044235,0.05730476190477094,0.11404877736195367,0.8930320619372106,-29.636971920821253
829,830.0,0.15100781924740392,4.338476569880605,0.09761899669255746,0.784285807033159,0.057304761904768735,0.11404877736195147,0.8930320619372147,-29.636971920821516
830,831.0,0.21396687702692097,9.197085412717168,0.09761899130030051,0.784285818720265,0.057304761904770504,0.11404877736195322,0.8930320619372114,-29.63697192082131
831,832.0,0.6508222619892656,7.116438981077628,0.09761819690986918,0.7842880424224413,0.05730476190966499,0.11404877736682378,0.8930320619293579,-29.636971920223424
832,833.0,0.062074461755936006,2.0358249197614486,0.0976189950570823,0.7842858108874324,0.057304761904769276,0.11404877736195201,0.8930320619372137,-29.636971920821452
833,834.0,0.05130356598431418,3.685444509165202,0.0976189861265809,0.7842858287677442,0.057304761904772225,0.11404877736195496,0.8930320619372082,-29.636971920821097
834,835.0,0.8566149500024157,5.8770225643314395,0.09761811085546802,0.7842882013242386,0.05730476191023143,0.11404877736738744,0.8930320619282471,-29.63697192015423
835,836.0,0.2532373611865163,7.353621415065971,0.09761899648827944,0.7842858076940166,0.057304761904768825,0.11404877736195156,0.8930320619372145,-29.63697192082151
836,837.0,0.6817987782945073,1.759305052294826,0.09761784336084631,0.7842886054353573,0.057304761911670776,0.11404877736881974,0.8930320619250917,-29.636971919978407
837,838.0,0.7721360767290489,9.316440527505732,0.09761812651832036,0.7842882483483198,0.057304761910594054,0.1140487773677483,0.8930320619279043,-29.636971920109936
838,839.0,0.8540127063321946,5.782434016232701,0.09761809706442119,0.7842882355335391,0.057304761910378976,0.11404877736753427,0.8930320619279983,-29.63697192013621
839,840.0,0.3367238965846554,0.8392796646432533,0.09761904492134699,0.7842857118070407,0.05730476190476202,0.1140487773619448,0.8930320619372273,-29.63697192082234
840,841.0,0.8805830048890689,8.480161377365794,0.09761842599691385,0.7842873957364511,0.05730476190729693,0.11404877736446731,0.8930320619331225,-29.636971920512686
841,842.0,0.7238942426702459,5.1811347347769505,0.09761815404756442,0.7842880934353443,0.05730476190977773,0.11404877736693597,0.8930320619290093,-29.636971920209653
842,843.0,0.15029077299471783,3.773390054439199,0.09761771104239111,0.7842895006360024,0.057304761918081065,0.11404877737519867,0.893032061916413,-29.636971919195368
843,844.0,0.8306850963783816,9.548606080167529,0.09761816097542689,0.7842881470876953,0.05730476191012636,0.11404877736728289,0.8930320619286345,-29.636971920167063
844,845.0,0.3974046822238828,7.9816415007904045,0.09761781726973713,0.784289175214804,0.057304761915828964,0.11404877737295759,0.8930320619198371,-29.63697191947047
845,846.0,0.0797809565695703,1.7400301509645753,0.09761777649135574,0.7842893000392078,0.05730476191666783,0.11404877737379235,0.8930320619185601,-29.636971919368
846,847.0,0.03066142328710897,6.53097255629562,0.09761898125551717,0.7842858390613417,0.057304761904774126,0.11404877736195683,0.8930320619372046,-29.636971920820855
847,848.0,0.9518332426386853,2.026164444167788,0.0976180963997634,0.7842879316528906,0.057304761908759584,0.1140487773659228,0.8930320619300889,-29.63697192033402
848,849.0,0.5083295843319352,0.5539749853830741,0.09761903880740831,0.7842857216073239,0.057304761904762136,0.11404877736194492,0.8930320619372272,-29.636971920822326
849,850.0,0.2250624309101611,6.290054675259827,0.0976189965375216,0.7842858074381782,0.05730476190476878,0.11404877736195151,0.8930320619372146,-29.63697192082151
850,851.0,0.20430705704970187,4.737568214967118,0.09761774643666159,0.7842893909127362,0.05730476191729514,0.11404877737441659,0.8930320619176019,-29.63697191929137
851,852.0,0.13487997088677794,9.35605896100063,0.09761898621377262,0.784285829002263,0.057304761904772246,0.11404877736195497,0.8930320619372081,-29.63697192082109
852,853.0,0.059393002813073914,6.516357285718602,0.09761898405250057,0.7842858333656262,0.05730476190477303,0.11404877736195575,0.8930320619372066,-29.636971920820997
853,854.0,0.6178327890565977,4.548370500541312,0.09761818233227462,0.7842880216015142,0.057304761909484664,0.11404877736664433,0.893032061929498,-29.63697192024545
854,855.0,0.5601058701733655,2.947425068952876,0.09761784534140037,0.7842888428734137,0.05730476191329222,0.11404877737043326,0.8930320619230165,-29.636971919780336
855,856.0,0.13891244538907022,8.402989245390323,0.09761898747147618,0.7842858261709391,0.05730476190477174,0.11404877736195447,0.8930320619372091,-29.636971920821154
856,857.0,0.9000559976563334,9.683265421922881,0.09761850521544736,0.7842871888004115,0.05730476190671871,0.1140487773638919,0.8930320619340706,-29.63697192058332
857,858.0,0.1923745532114035,3.4676512593124715,0.09761787497762704,0.7842890001227306,0.057304761914707486,0.1140487773718416,0.8930320619215522,-29.63697191960746
858,859.0,0.654297406588283,3.9005444005855474,0.09761796562172566,0.7842885584873837,0.057304761911863414,0.11404877736901145,0.8930320619254826,-29.636971919954874
859,860.0,0.49463733510626695,3.4970319037911826,0.09761814184586563,0.7842881242702452,0.05730476190990596,0.11404877736706356,0.8930320619287949,-29.636971920193986
860,861.0,0.8123333282413836,0.0822770423092481,0.09761904029272496,0.7842857191745175,0.05730476190476208,0.11404877736194484,0.8930320619372272,-29.636971920822333
861,862.0,0.9633259911285827,3.1691293179693636,0.09761766927597113,0.7842891317438477,0.05730476191460968,0.11404877737174428,0.8930320619202712,-29.636971919619405
862,863.0,0.9943817534908899,9.142382328006677,0.09761838929196001,0.7842874917183834,0.05730476190759065,0.11404877736475959,0.8930320619326405,-29.63697192047681
863,864.0,0.41080097727904397,7.434871755113405,0.09761787309003782,0.7842890063151212,0.05730476191474711,0.11404877737188103,0.8930320619214931,-29.636971919602622
864,865.0,0.5405380371295542,6.818848245618354,0.09761809701750976,0.784288337111217,0.05730476191102368,0.11404877736817583,0.8930320619272397,-29.636971920057455
865,866.0,0.7755711195671353,8.161085969428903,0.09761849053470366,0.7842872275735349,0.057304761906821794,0.11404877736399448,0.8930320619339025,-29.63697192057073
866,867.0,0.1606021675269067,9.49762764696795,0.09761898820615836,0.7842858250014454,0.05730476190477154,0.11404877736195426,0.8930320619372094,-29.636971920821175
867,868.0,0.6179501330001014,6.554561401040968,0.0976184948306055,0.7842872158970506,0.05730476190679014,0.11404877736396297,0.8930320619339536,-29.636971920574602
868,869.0,0.2215825706514678,9.374732083000263,0.09761899185614016,0.7842858175498201,0.057304761904770324,0.11404877736195305,0.8930320619372117,-29.636971920821324
869,870.0,0.7434207433957093,4.914798697292902,0.09761807193050247,0.7842882984460797,0.057304761910656525,0.11404877736781047,0.893032061927532,-29.636971920102297
870,871.0,0.5260713030476559,8.81991016501669,0.09761791653403598,0.7842888750431344,0.057304761913945235,0.11404877737108307,0.8930320619227229,-29.63697191970057
871,872.0,0.8623016450255224,5.1276774225185475,0.09761796392438579,0.7842885631414491,0.05730476191188702,0.11404877736903493,0.8930320619254442,-29.63697191995199
872,873.0,0.649712563603444,0.5008635024586594,0.09761903477862349,0.7842857292720982,0.05730476190476225,0.11404877736194502,0.893032061937227,-29.63697192082231
873,874.0,0.0937575648893435,2.5190462379254983,0.09761899729600104,0.7842858057942628,0.057304761904768575,0.11404877736195132,0.8930320619372151,-29.636971920821544
874,875.0,0.8057921260722958,4.282164504731398,0.0976178551586256,0.7842888203763747,0.057304761913175906,0.1140487773703175,0.8930320619232202,-29.636971919794554
875,876.0,0.3287586007616291,9.218332188767924,0.09761899696104713,0.7842858067269812,0.057304761904768686,0.11404877736195142,0.8930320619372148,-29.636971920821523
876,877.0,0.3744572434982205,2.3832924459484666,0.09761803346124624,0.7842883937726315,0.05730476191108809,0.11404877736823991,0.8930320619268035,-29.636971920049582
877,878.0,0.0985270845666566,0.3826531738841466,0.0976190362365708,0.7842857230449689,0.05730476190476229,0.11404877736194506,0.8930320619372272,-29.636971920822305
878,879.0,0.31132583450433016,2.9427568075299506,0.09761841102323404,0.7842874349383913,0.057304761907415014,0.1140487773645848,0.8930320619329288,-29.63697192049826
879,880.0,0.7222886060996921,3.46831107327018,0.09761777012248393,0.7842890124999851,0.05730476191418939,0.11404877737132603,0.8930320619214338,-29.63697191967075
880,881.0,0.7025071069458749,9.469645314480799,0.09761805182665168,0.7842884697370689,0.05730476191168828,0.11404877736883716,0.8930320619262042,-29.63697191997627
881,882.0,0.38668744719839165,9.475512503918168,0.09761772142476431,0.7842894679360481,0.05730476191784306,0.11404877737496183,0.893032061916771,-29.636971919224436
882,883.0,0.7348598720122621,8.53128306174645,0.09761815423748754,0.7842881678394533,0.05730476191022213,0.11404877736737819,0.8930320619284873,-29.63697192015536
883,884.0,0.5823054203822966,5.354658337062559,0.0976183887297464,0.7842874925211796,0.057304761907592365,0.1140487773647613,0.8930320619326363,-29.636971920476604
884,885.0,0.6290957952207613,4.751215730403791,0.09761820799374149,0.7842879567513554,0.05730476190922821,0.11404877736638913,0.8930320619299265,-29.63697192027678
885,886.0,0.7822759171580745,9.672540294072638,0.09761810947473538,0.7842882984730476,0.05730476191083288,0.11404877736798595,0.8930320619275318,-29.63697192008076
886,887.0,0.4349681628056,4.346543083162827,0.09761845409183915,0.7842873229416818,0.05730476190708566,0.11404877736425707,0.8930320619334703,-29.6369719205385
887,888.0,0.7393332702527385,0.5617436627054722,0.09761903653127471,0.7842857262134941,0.0573047619047622,0.11404877736194496,0.893032061937227,-29.63697192082232
888,889.0,0.9252205238736078,7.04766919489343,0.09761821656156713,0.7842879354072023,0.057304761909145824,0.11404877736630714,0.8930320619300648,-29.63697192028684
889,890.0,0.30640144035556505,7.195648002592976,0.09761774098911422,0.7842894083319172,0.05730476191741961,0.11404877737454044,0.8930320619174155,-29.636971919276164
890,891.0,0.5218151986233811,5.778483004733319,0.09761818719495201,0.7842880695981829,0.05730476190978105,0.11404877736693926,0.8930320619291732,-29.63697192020925
891,892.0,0.43820296914177836,1.1539146318801115,0.09761782194407614,0.7842886654517713,0.057304761911973055,0.11404877736912054,0.8930320619245826,-29.636971919941487
892,893.0,0.921915221706894,4.8695613989227,0.0976178492702955,0.7842888341787423,0.05730476191324785,0.11404877737038908,0.8930320619230955,-29.636971919785765
893,894.0,0.0043358341329485794,7.250422534171549,0.09761897922265099,0.7842858439750453,0.05730476190477505,0.11404877736195776,0.8930320619372029,-29.63697192082075
894,895.0,0.09700512807017869,9.271341896513423,0.09761898375724962,0.7842858340927115,0.057304761904773155,0.11404877736195587,0.8930320619372064,-29.636971920820983
895,896.0,0.39166795842384317,9.395642788939188,0.09761773161973873,0.7842894372349835,0.057304761917624965,0.11404877737474481,0.8930320619171043,-29.63697191925108
896,897.0,0.06784026893898443,4.091498198290561,0.09761898815153046,0.7842858251319167,0.057304761904771566,0.11404877736195429,0.8930320619372094,-29.636971920821175
897,898.0,0.3166497706198458,8.48045032585122,0.09761899806934322,0.7842858042328903,0.05730476190476837,0.11404877736195111,0.8930320619372154,-29.636971920821566
898,899.0,0.8061651636106894,2.9002105456702085,0.09761765411337209,0.7842892063702571,0.0573047619151166,0.11404877737224872,0.8930320619195226,-29.63697191955749
899,900.0,0.7708850966897755,6.462564989699395,0.09761830853754719,0.7842877002725168,0.05730476190828086,0.11404877736544643,0.893032061931501,-29.636971920392497
900,901.0,0.3192649451714581,3.311319936512668,0.09761848053306017,0.7842872538072855,0.05730476190689288,0.11404877736406523,0.8930320619337861,-29.636971920562047
901,902.0,0.8898946006786452,7.66448743111497,0.09761833377090072,0.7842876355003723,0.05730476190805894,0.11404877736522559,0.8930320619318685,-29.63697192041961
902,903.0,0.6970280142321735,2.737563565371239,0.09761766455346843,0.7842892139087672,0.05730476191522914,0.1140487773723607,0.8930320619194461,-29.63697191954374
903,904.0,0.18905619617755665,9.476659972648395,0.0976189900111287,0.7842858211105711,0.05730476190477091,0.11404877736195362,0.8930320619372106,-29.636971920821253
904,905.0,0.6979556721219121,5.658081633332893,0.09761827693665222,0.7842877805986208,0.057304761908565004,0.11404877736572916,0.8930320619310284,-29.636971920357794
905,906.0,0.006258051580060764,7.13838304744841,0.09761897905475896,0.784285844018893,0.05730476190477506,0.11404877736195777,0.8930320619372029,-29.63697192082075
906,907.0,0.42722630806973483,0.22011813416203027,0.09761904209087752,0.7842857164725372,0.057304761904762046,0.11404877736194483,0.8930320619372272,-29.63697192082234
907,908.0,0.907232286171684,9.481946259901402,0.09761848481569532,0.7842872418253606,0.057304761906859444,0.11404877736403195,0.8930320619338395,-29.636971920566133
908,909.0,0.7303389997892673,8.675437371162419,0.09761813730406527,0.7842882166227693,0.057304761910445375,0.11404877736760033,0.8930320619281362,-29.636971920128097
909,910.0,0.44235632806067615,3.5643943050267706,0.09761827195303213,0.7842877939578609,0.05730476190861433,0.11404877736577824,0.893032061930948,-29.63697192035177
910,911.0,0.750480718131899,3.4066939204402673,0.09761773091281328,0.7842890956088175,0.057304761914633386,0.11404877737176787,0.8930320619206279,-29.636971919616514
911,912.0,0.6439945334524101,1.7407756305373063,0.09761779578338833,0.7842887396333246,0.05730476191235695,0.11404877736950256,0.8930320619239389,-29.63697191989459
912,913.0,0.002354767735532004,7.22857735360153,0.09761897874195302,0.7842858448875991,0.05730476190477525,0.11404877736195797,0.8930320619372024,-29.63697192082072
913,914.0,0.9422671582669516,2.4240752189233046,0.09761784591632894,0.7842885979417964,0.0573047619116331,0.11404877736878224,0.8930320619251545,-29.63697191998301
914,915.0,0.9712189862523216,4.033959892663369,0.09761768380091068,0.784289185876674,0.057304761915104224,0.1140487773722364,0.8930320619197297,-29.636971919559002
915,916.0,0.259463584041398,7.678048723564316,0.09761899564713716,0.7842858091187664,0.05730476190476903,0.11404877736195178,0.8930320619372142,-29.63697192082148
916,917.0,0.4833558912346655,8.59950247973795,0.09761788320869279,0.7842889761991827,0.05730476191456117,0.11404877737169601,0.8930320619217795,-29.63697191962534
917,918.0,0.7552941403528796,2.8354718597068818,0.0976176557103135,0.7842892186167648,0.057304761915221776,0.11404877737235336,0.8930320619193981,-29.636971919544635
918,919.0,0.34143053768142717,3.382928735293357,0.09761844688988877,0.7842873407169494,0.05730476190713536,0.11404877736430652,0.8930320619333867,-29.63697192053243
919,920.0,0.9679050657734166,4.395883325472455,0.09761773148418172,0.7842890943109193,0.057304761914626155,0.11404877737176067,0.8930320619206407,-29.636971919617395
920,921.0,0.46779908835448447,9.22797069246757,0.09761782614244827,0.7842891478246307,0.057304761915648476,0.11404877737277799,0.8930320619201112,-29.636971919492517
921,922.0,0.4516424450653379,1.2626354854512418,0.09761776532448789,0.7842888275958457,0.057304761912827566,0.11404877736997088,0.8930320619231551,-29.6369719198371
922,923.0,0.9818711480628767,0.3349327416073149,0.09761904027261428,0.7842857165110686,0.05730476190476218,0.11404877736194495,0.8930320619372272,-29.63697192082232
923,924.0,0.24385888733529182,2.380357811813199,0.09761843576646971,0.7842873702266315,0.057304761907221606,0.11404877736439234,0.8930320619332461,-29.636971920521887
924,925.0,0.4842778986392259,4.58911288537261,0.09761841324546575,0.7842874284776014,0.0573047619073946,0.1140487773645645,0.893032061932961,-29.636971920500763
925,926.0,0.5859399597416786,6.060642760366317,0.0976184788241925,0.7842872582938,0.057304761906905144,0.11404877736407744,0.8930320619337662,-29.636971920560548
926,927.0,0.7310061371961047,0.7074072457630535,0.09761904113384676,0.7842857174885556,0.057304761904762073,0.11404877736194484,0.8930320619372273,-29.636971920822333
927,928.0,0.22289187471375715,9.042028610770425,0.09761899173865521,0.7842858176477667,0.05730476190477034,0.11404877736195307,0.8930320619372117,-29.636971920821324
928,929.0,0.16700028794287303,3.2639543156260915,0.09761783112009137,0.7842891332839026,0.05730476191555511,0.11404877737268508,0.8930320619202559,-29.63697191950392
929,930.0,0.7143114807809882,3.4020820899042197,0.09761776361968146,0.7842890263588628,0.05730476191426287,0.11404877737139915,0.8930320619213008,-29.636971919661775
930,931.0,0.243619569666087,7.689103503343534,0.09761899517036539,0.7842858104096146,0.05730476190476923,0.11404877736195196,0.8930320619372139,-29.63697192082146
931,932.0,0.7797466987254594,1.3049233875916755,0.09761846783517221,0.7842870096365392,0.05730476190609925,0.11404877736327547,0.8930320619347911,-29.636971920658993
932,933.0,0.09132033995874589,7.1783484518996685,0.09761898578211452,0.784285830069561,0.05730476190477241,0.11404877736195514,0.8930320619372079,-29.63697192082107
933,934.0,0.6843587728241747,5.146489877207353,0.09761820437548802,0.7842879666398838,0.05730476190926799,0.11404877736642872,0.893032061929862,-29.636971920271918
934,935.0,0.6135007401548392,9.133624808292558,0.09761798814350771,0.7842886600653116,0.057304761912707544,0.11404877736985145,0.8930320619246287,-29.63697191985176
935,936.0,0.11414133104301594,5.2839066779004265,0.09761898974347107,0.78428582144864,0.05730476190477096,0.1140487773619537,0.8930320619372105,-29.636971920821253
936,937.0,0.5568519939176615,5.746544546210019,0.09761847705074807,0.7842872623249864,0.057304761906915545,0.11404877736408779,0.893032061933748,-29.636971920559283
937,938.0,0.5859693703194667,9.78710803352436,0.09761791846684782,0.7842888687714836,0.057304761913906904,0.11404877737104493,0.8930320619227803,-29.636971919705253
938,939.0,0.14256341039280385,7.142623633198847,0.0976189896920935,0.7842858215233856,0.05730476190477097,0.1140487773619537,0.8930320619372105,-29.636971920821253
939,940.0,0.4607454616807616,7.3189990601535975,0.09761794847659795,0.7842887788785308,0.05730476191337995,0.11404877737052055,0.893032061923592,-29.63697191976963
940,941.0,0.7428168636278785,4.575645239282591,0.09761799910647638,0.7842884769233697,0.05730476191147334,0.11404877736862327,0.8930320619261466,-29.636971920002523
941,942.0,0.08548402394569299,3.530533864087701,0.09761899191507449,0.7842858173739525,0.05730476190477028,0.11404877736195301,0.8930320619372119,-29.63697192082133
942,943.0,0.26830469066717644,4.756384859196895,0.09761788476280275,0.7842889708404034,0.05730476191452667,0.11404877737166166,0.8930320619218303,-29.636971919629545
943,944.0,0.514320311782499,0.03006931731750304,0.09761903764741399,0.7842857245672695,0.05730476190476214,0.11404877736194492,0.8930320619372271,-29.636971920822326
944,945.0,0.14507415460220285,7.479829525721608,0.09761898925534754,0.7842858227723821,0.05730476190477116,0.11404877736195389,0.8930320619372102,-29.636971920821225
945,946.0,0.7194305374708342,2.734307585898984,0.09761765722990479,0.7842892193616142,0.05730476191523539,0.11404877737236692,0.8930320619193906,-29.63697191954298
946,947.0,0.9332342021502953,0.5140278048460274,0.09761904267229701,0.7842857138661312,0.05730476190476209,0.11404877736194487,0.8930320619372273,-29.636971920822333
947,948.0,0.7640970291045757,6.152514324323917,0.09761827162668156,0.7842877958515545,0.057304761908622735,0.11404877736578661,0.8930320619309365,-29.63697192035074
948,949.0,0.4563080979009352,2.0047844992156443,0.09761771042098397,0.7842891367591006,0.05730476191485161,0.11404877737198502,0.8930320619202213,-29.636971919589854
949,950.0,0.9685307922056231,2.260007105614987,0.09761796581746926,0.7842882725685497,0.057304761910124916,0.11404877736728143,0.8930320619277252,-29.63697192016724
950,951.0,0.6946571603355839,5.173827760027095,0.09761819437224235,0.7842879915199236,0.057304761909365357,0.1140487773665256,0.8930320619296983,-29.636971920260024
951,952.0,0.311477031121803,0.24547956831974688,0.09761903811365515,0.7842857241261334,0.05730476190476212,0.1140487773619449,0.8930320619372271,-29.636971920822326
952,953.0,0.23597082384444423,5.271725688992907,0.09761776427547124,0.7842893371356683,0.057304761916922325,0.1140487773740456,0.8930320619181719,-29.636971919336915
953,954.0,0.12364478918574073,3.2313710551906145,0.09761769289998025,0.7842895550433833,0.05730476191847502,0.1140487773755907,0.8930320619158105,-29.636971919147243
954,955.0,0.5130306566204863,7.379420470730448,0.09761800979095976,0.7842885957725619,0.05730476191235616,0.11404877736950177,0.8930320619251727,-29.63697191989469
955,956.0,0.37739072528638784,5.006993409929643,0.09761806270360171,0.7842884378669222,0.05730476191152561,0.11404877736867527,0.8930320619264577,-29.636971919996142
956,957.0,0.2348302201304947,3.9137500331530006,0.09761792039055849,0.7842888638080601,0.05730476191387905,0.11404877737101721,0.8930320619228257,-29.636971919708664
957,958.0,0.6916166346102466,0.38431034094871674,0.09761904122580128,0.7842857168526519,0.057304761904762073,0.11404877736194484,0.8930320619372273,-29.636971920822333
958,959.0,0.8354128436343062,6.334565459117884,0.09761821194835954,0.7842879466467267,0.057304761909188706,0.11404877736634982,0.8930320619299921,-29.636971920281603
959,960.0,0.3767947527576083,9.207802766577052,0.09761772250377503,0.7842894645026676,0.057304761917818095,0.11404877737493699,0.8930320619168084,-29.63697191922749
960,961.0,0.2144220310048658,0.10301100185376524,0.09761903857104001,0.7842857207768629,0.05730476190476218,0.11404877736194495,0.8930320619372272,-29.63697192082232
961,962.0,0.8217426033715332,9.561936211943802,0.09761815239601382,0.7842881730487989,0.0573047619102456,0.11404877736740153,0.8930320619284501,-29.636971920152497
962,963.0,0.9025805060600662,1.255597734966866,0.09761872058625974,0.7842864165290003,0.05730476190514951,0.11404877736233039,0.8930320619365113,-29.636971920775004
963,964.0,0.2477741596397034,3.4178272634278253,0.09761803709816284,0.7842885140262643,0.05730476191191969,0.11404877736906743,0.8930320619258469,-29.636971919948003
964,965.0,0.8808809396773803,3.0905833516461825,0.0976176555739169,0.7842891923428605,0.05730476191501337,0.11404877737214598,0.8930320619196646,-29.6369719195701
965,966.0,0.6945013289991422,4.9079090428868435,0.09761814167796705,0.7842881249002128,0.05730476190990894,0.11404877736706652,0.8930320619287906,-29.636971920193623
966,967.0,0.24875060286852912,5.285472716485723,0.09761778810427779,0.784289263340212,0.05730476191641528,0.11404877737354104,0.8930320619189402,-29.636971919398846
967,968.0,0.033232529705252145,1.566970210568085,0.09761899016395666,0.7842858204268086,0.05730476190477081,0.11404877736195354,0.8930320619372109,-29.636971920821267
968,969.0,0.8908995075595219,1.787133236090782,0.09761818642226341,0.7842877021242802,0.05730476190795859,0.11404877736512573,0.8930320619314903,-29.63697192043186
969,970.0,0.7101277854627525,3.782382526715827,0.0976178566949536,0.7842888168061422,0.05730476191315739,0.11404877737029909,0.8930320619232524,-29.636971919796814
970,971.0,0.9826447514530477,1.8545950059607652,0.09761828171536205,0.7842874638333924,0.05730476190722556,0.11404877736439628,0.8930320619327833,-29.63697192052141
971,972.0,0.3575540221150587,5.680424500741464,0.09761794870198713,0.7842887788570309,0.05730476191338113,0.11404877737052171,0.8930320619235922,-29.636971919769486
972,973.0,0.8183465440994703,4.6002900266063405,0.09761790776329289,0.7842886973227464,0.05730476191254863,0.11404877736969331,0.8930320619243081,-29.636971919871172
973,974.0,0.4364718784020719,9.914450455799697,0.09761775649249957,0.784289360889832,0.057304761917087034,0.11404877737420949,0.8930320619179211,-29.636971919316792
974,975.0,0.31008837974893555,2.2213728110935986,0.09761815467499292,0.7842880913643482,0.05730476190976837,0.11404877736692665,0.8930320619290236,-29.636971920210797
975,976.0,0.18928858740674293,9.993942197104412,0.09761898875177456,0.7842858236507148,0.05730476190477132,0.11404877736195404,0.8930320619372099,-29.636971920821203
976,977.0,0.2634155813397083,7.283102747338969,0.09761899752040284,0.7842858056518558,0.057304761904768534,0.11404877736195128,0.8930320619372151,-29.636971920821544
977,978.0,0.23409451550076954,3.4285863488764052,0.09761799829452271,0.7842886294157952,0.057304761912538055,0.11404877736968279,0.8930320619248896,-29.636971919872465
978,979.0,0.23006564986778477,4.920600666316292,0.0976177858815014,0.7842892716689603,0.05730476191647535,0.11404877737360081,0.8930320619188543,-29.636971919391513
979,980.0,0.950210592264361,7.596589888439469,0.09761826423338031,0.7842878135580609,0.057304761908685733,0.1140487773658493,0.8930320619308291,-29.636971920343044
980,981.0,0.3837443806810096,3.2696119546071447,0.09761832331899437,0.7842876625003542,0.057304761908150786,0.11404877736531699,0.8930320619317168,-29.636971920408385
981,982.0,0.116526120546118,9.821095720036707,0.09761898516907225,0.7842858313710416,0.057304761904772655,0.11404877736195537,0.8930320619372074,-29.63697192082104
982,983.0,0.14858141834925875,3.488106440243803,0.0976177405682267,0.7842894091793358,0.05730476191742451,0.11404877737454533,0.8930320619174064,-29.636971919275567
983,984.0,0.6978471009890432,1.6771606332874305,0.0976179277896053,0.7842883742482107,0.05730476191057412,0.11404877736772845,0.893032061926955,-29.636971920112366
984,985.0,0.5601015374225147,4.348794460878215,0.09761823662133494,0.784287884698046,0.057304761908952104,0.11404877736611438,0.8930320619303881,-29.6369719203105
985,986.0,0.21957417526751222,7.864092463713659,0.0976189937566575,0.7842858134520331,0.057304761904769685,0.11404877736195242,0.893032061937213,-29.63697192082141
986,987.0,0.5011479413280747,3.374370714581648,0.09761809133854613,0.78428824987919,0.05730476191044172,0.1140487773675967,0.893032061927893,-29.636971920128545
987,988.0,0.37570054811473996,8.501263979725694,0.09761775829300026,0.7842893556142931,0.05730476191705091,0.11404877737417354,0.8930320619179769,-29.636971919321205
988,989.0,0.5290197004443392,8.366721077537807,0.09761795101207729,0.7842887710005703,0.057304761913333904,0.11404877737047474,0.893032061923662,-29.636971919775256
989,990.0,0.967912552677413,9.996495748815324,0.09761847781530204,0.7842872609732172,0.057304761906912534,0.11404877736408478,0.8930320619337541,-29.636971920559645
990,991.0,0.48103130175176023,6.890982587104818,0.09761801292532479,0.7842885860456038,0.05730476191230289,0.11404877736944877,0.8930320619252539,-29.636971919901193
991,992.0,0.5190168128994397,2.3362367530591577,0.097617725574276,0.784289106668207,0.05730476191469268,0.11404877737182685,0.8930320619205191,-29.636971919609273
992,993.0,0.9625502393003037,5.414856372003281,0.09761790811386357,0.7842886964604308,0.057304761912544244,0.11404877736968895,0.8930320619243155,-29.636971919871712
993,994.0,0.7431034757459961,4.8037136069040285,0.09761804893125291,0.7842883551036195,0.057304761910910586,0.11404877736806326,0.8930320619271023,-29.636971920071268
994,995.0,0.08957653349758843,4.462206940048662,0.09761898934052395,0.7842858224156763,0.057304761904771115,0.11404877736195383,0.8930320619372103,-29.63697192082123
995,996.0,0.30306741451189156,8.706704655764655,0.09761899603243149,0.7842858086834654,0.05730476190476895,0.11404877736195168,0.8930320619372143,-29.636971920821495
996,997.0,0.49991799144708615,9.606470305216,0.09761784000556967,0.7842891059124569,0.057304761915377166,0.114048777372508,0.8930320619205265,-29.636971919525656
997,998.0,0.44063987347686784,7.982422534378153,0.09761787300649319,0.7842890068096833,0.05730476191475074,0.11404877737188464,0.8930320619214883,-29.636971919602175
998,999.0,0.009728374145580698,0.7299675950697324,0.09761904080483852,0.7842857180278986,0.05730476190476208,0.11404877736194484,0.8930320619372272,-29.636971920822333
999,1000.0,0.6983170160344597,8.075674741476567,0.09761815592322826,0.7842881618040617,0.0573047619101929,0.1140487773673491,0.8930320619285302,-29.636971920158942
