,iteration,init_slope,init_intercept,est_intercept,est_slope,ss_res,nrmse,r_squared,aic
0,1.0,0.4834239689435923,2.3051366787131897,0.12202340467005834,0.6750010029035142,0.07821230158814922,0.15064602186302511,0.8191988037996079,-27.459669384826384
1,2.0,0.19810434827307755,3.695773304706945,0.122023502176634,0.6750008219301817,0.07821230158790221,0.15064602186278722,0.8191988038002017,-27.45966938484849
2,3.0,0.3688202284023383,8.78791740386816,0.12202346205337299,0.6750009377670703,0.07821230158808877,0.1506460218629669,0.8191988037998352,-27.45966938483179
3,4.0,0.8635420955545299,2.738638607808325,0.12202333209328384,0.6750011362749083,0.07821230158836341,0.1506460218632314,0.8191988037990949,-27.459669384807214
4,5.0,0.4405958477860863,4.925112837484975,0.12202404234514021,0.6749993642762624,0.07821230158766657,0.1506460218625603,0.8191988038006897,-27.459669384869578
5,6.0,0.6135918822851012,7.96443387685112,0.12202413960650352,0.6749990998333745,0.07821230158803265,0.15064602186291287,0.8191988037999594,-27.459669384836815
6,7.0,0.41713638801366626,5.84827743550013,0.12202418355902792,0.6749989784696581,0.07821230158824412,0.1506460218631165,0.8191988037995401,-27.45966938481789
7,8.0,0.6514171460935875,3.706218509408208,0.12202351370919655,0.6750007398046335,0.0782123015877657,0.15064602186265577,0.8191988038004323,-27.459669384860707
8,9.0,0.24930616763659763,7.106378359567357,0.12202343663115824,0.6750010105938331,0.07821230158821865,0.150646021863092,0.8191988037995801,-27.45966938482017
9,10.0,0.07627152933395964,0.1033280520011829,0.1220238054941816,0.6749999987891456,0.07821230158730176,0.15064602186220896,0.8191988038014163,-27.459669384902234
10,11.0,0.5258890857583886,1.2875166404004759,0.12202342548896121,0.6750008814224001,0.07821230158792837,0.15064602186281242,0.8191988038000194,-27.459669384846148
11,12.0,0.09051999874666161,8.861163195911425,0.12202333574468036,0.6750013096995879,0.07821230158886525,0.1506460218637147,0.8191988037983322,-27.4596693847623
12,13.0,0.5256210462470172,2.0967526703278567,0.12202333778879716,0.67500115140892,0.0782123015884084,0.15064602186327472,0.8191988037990328,-27.459669384803185
13,14.0,0.7426679113582729,9.405530293533824,0.12202412544311407,0.6749991395315053,0.07821230158796895,0.1506460218628515,0.819198803800085,-27.459669384842517
14,15.0,0.33839584881758733,1.2096219870154492,0.12202332420053122,0.6750011710792869,0.07821230158843857,0.15064602186330378,0.8191988037989506,-27.45966938480049
15,16.0,0.9626591228897858,8.984543598557964,0.12202390826315529,0.6749997238328888,0.07821230158737179,0.1506460218622764,0.8191988038012792,-27.459669384895967
16,17.0,0.5356912629704466,9.134852732120585,0.12202351739040787,0.675000778435615,0.07821230158783889,0.15064602186272624,0.8191988038003268,-27.45966938485416
17,18.0,0.8535410111539006,7.057452734207059,0.12202347743576562,0.6749996102354768,0.07821230158936364,0.15064602186419468,0.8191988038011432,-27.459669384717692
18,19.0,0.1321806621658309,4.7353357525248105,0.12202340949151329,0.6750010909976889,0.0782123015883755,0.15064602186324305,0.8191988037992762,-27.459669384806134
19,20.0,0.9356229328828053,6.948525651653696,0.12202372186708357,0.6750002128228089,0.07821230158733929,0.1506460218622451,0.8191988038013349,-27.459669384898874
20,21.0,0.005616552388892249,8.331199725765144,0.12202329200807603,0.6750014403313499,0.0782123015892026,0.15064602186403958,0.8191988037976864,-27.459669384732102
21,22.0,0.706306355692187,2.1149477558729184,0.12202334489789908,0.6750010976605205,0.0782123015882883,0.15064602186315906,0.8191988037992501,-27.459669384813935
22,23.0,0.762837936324412,1.1341815494938623,0.12202369892574332,0.6750002266301168,0.07821230158734159,0.15064602186224732,0.819198803801324,-27.459669384898664
23,24.0,0.811891738459939,2.6609817771150728,0.12202332826497875,0.6750011511672886,0.07821230158839457,0.1506460218632614,0.8191988037990336,-27.45966938480442
24,25.0,0.26136338113665314,2.1098141720354406,0.12202412104267203,0.6750003941594389,0.07821230158923315,0.150646021864069,0.8191988038011371,-27.459669384729366
25,26.0,0.8509425630806742,2.7501365513073632,0.12202332835336506,0.6750011470085715,0.07821230158838453,0.15064602186325174,0.8191988037990509,-27.459669384805323
26,27.0,0.30124935352525817,3.97001048367649,0.12202414857070212,0.6749990749062347,0.078212301588074,0.15064602186295267,0.8191988037998776,-27.459669384833116
27,28.0,0.6379381875710688,9.120576053618846,0.12202419450217379,0.6749989477996278,0.07821230158830213,0.15064602186317239,0.8191988037994258,-27.4596693848127
28,29.0,0.6152143924124528,5.120281496602008,0.12202381594415017,0.6749999674056023,0.07821230158730309,0.15064602186221027,0.8191988038014144,-27.459669384902107
29,30.0,0.38240000907423843,6.100989329570639,0.12202352965775355,0.6750007423876072,0.07821230158778865,0.15064602186267786,0.8191988038004254,-27.459669384858657
30,31.0,0.14573003983191635,9.194588143592908,0.12202335987900909,0.6750012371550522,0.07821230158869183,0.15064602186354767,0.8191988037986644,-27.45966938477782
31,32.0,0.5768208370088492,3.8753594242907003,0.12202364083743222,0.6750004216171432,0.07821230158745225,0.1506460218623539,0.8191988038010968,-27.45966938488876
32,33.0,0.7280769392045521,1.6934881103469497,0.12202345313497795,0.6750008119113303,0.07821230158783153,0.15064602186271916,0.819198803800231,-27.459669384854813
33,34.0,0.763133332510498,2.6779126702439267,0.12202332338018118,0.6750011713905354,0.07821230158843821,0.15064602186330345,0.8191988037989493,-27.45966938480052
34,35.0,0.19538291302876176,0.7155599703793435,0.12202379672503233,0.6750000128091698,0.07821230158730201,0.1506460218622092,0.8191988038014161,-27.459669384902206
35,36.0,0.177453787777186,1.436739406654555,0.12202404087241493,0.67500029644612,0.07821230158837848,0.1506460218632459,0.8191988038012583,-27.459669384805864
36,37.0,0.5069780706182673,4.561253768556296,0.12202388094633704,0.6749997978881709,0.07821230158733956,0.15064602186224538,0.8191988038013428,-27.459669384898852
37,38.0,0.2774328081070494,8.353917988891483,0.12202343000365465,0.6750010304559481,0.07821230158825641,0.15064602186312834,0.8191988037995072,-27.459669384816788
38,39.0,0.7779938616598161,0.9842841057003767,0.12202375548375245,0.6750001029922158,0.07821230158730992,0.15064602186221682,0.8191988038013972,-27.4596693849015
39,40.0,0.89214177137638,8.634635945409254,0.122023936143362,0.6749996494410606,0.07821230158741377,0.15064602186231682,0.8191988038011954,-27.459669384892205
40,41.0,0.025901198846047135,2.5275178754909193,0.12202333586381062,0.6750013095883416,0.07821230158886518,0.15064602186371465,0.8191988037983328,-27.459669384762307
41,42.0,0.04818690636489953,1.036671224475346,0.12202347745317595,0.6750008929732197,0.07821230158801341,0.15064602186289433,0.8191988037999827,-27.459669384838538
42,43.0,0.13767169722598316,7.968132267368042,0.12202336564380127,0.6750012195523863,0.07821230158865104,0.15064602186350842,0.8191988037987422,-27.45966938478147
43,44.0,0.1896929035910302,0.8886077826353693,0.1220238004536473,0.6750000043888755,0.078212301587302,0.15064602186220918,0.8191988038014162,-27.459669384902206
44,45.0,0.6413373642543027,7.5856777822393315,0.12202408073251084,0.6749992601871302,0.07821230158779548,0.15064602186268444,0.8191988038004323,-27.45966938485804
45,46.0,0.45500548858610756,3.6983170687968223,0.12202393498880613,0.6750001665997278,0.07821230158762825,0.15064602186252338,0.8191988038013664,-27.45966938487301
46,47.0,0.8020561014701835,6.201502458286904,0.12202375570364381,0.6750001250113781,0.07821230158731426,0.150646021862221,0.8191988038013882,-27.45966938490111
47,48.0,0.638745701400214,1.4724021131050624,0.12202345880009684,0.6750007973067593,0.07821230158781213,0.15064602186270049,0.8191988038002733,-27.459669384856554
48,49.0,0.21065415486671835,8.532185931714496,0.12202339588191388,0.6750011298072067,0.07821230158845457,0.15064602186331918,0.8191988037991212,-27.45966938479905
49,50.0,0.022303990831502474,2.6203086161883014,0.12202332746389802,0.6750013330007752,0.07821230158892176,0.1506460218637691,0.8191988037982215,-27.45966938475724
50,51.0,0.7359936132694118,0.20048268717909626,0.12202380941324534,0.6749999921543338,0.07821230158730177,0.15064602186220896,0.8191988038014162,-27.459669384902234
51,52.0,0.9104655709065735,8.342043060853426,0.12202389384432025,0.674999762462763,0.0782123015873538,0.1506460218622591,0.8191988038013148,-27.45966938489757
52,53.0,0.07365934694511966,9.805323940025257,0.12202332353367333,0.6750013457178929,0.07821230158895454,0.1506460218638007,0.8191988037981603,-27.459669384754307
53,54.0,0.8651704181010837,6.724010959171964,0.12202376073951611,0.675000113011224,0.07821230158731197,0.15064602186221882,0.8191988038013933,-27.459669384901318
54,55.0,0.39562550348222103,3.2334615388986876,0.12202378676294931,0.6749999881371203,0.07821230158730746,0.15064602186221446,0.8191988038014161,-27.459669384901723
55,56.0,0.4862332845131423,0.542367490986161,0.1220237999512085,0.6750000072954287,0.07821230158730189,0.15064602186220907,0.8191988038014162,-27.45966938490222
56,57.0,0.8937104663631256,6.043550182004934,0.12202364681505255,0.6750004060177458,0.0782123015874412,0.15064602186234327,0.8191988038011199,-27.45966938488975
57,58.0,0.02369595290612181,8.17919329167363,0.12202330309273819,0.675001408482738,0.07821230158911849,0.1506460218639586,0.8191988037978494,-27.459669384739634
58,59.0,0.008228875886713949,1.1182073404850839,0.1220233229132729,0.6750013476234415,0.07821230158895943,0.1506460218638054,0.819198803798151,-27.45966938475387
59,60.0,0.2151490363521733,3.12659945013072,0.12202420439556601,0.6749989224674375,0.07821230158834956,0.15064602186321807,0.8191988037993287,-27.45966938480845
60,61.0,0.7614789808213418,8.015444347514736,0.12202399933991398,0.6749994798983708,0.0782123015875465,0.15064602186244466,0.81919880380093,-27.45966938488033
61,62.0,0.22698012795996703,9.886050123294595,0.1220233901592491,0.6750011485392713,0.07821230158849557,0.15064602186335868,0.8191988037990445,-27.459669384795383
62,63.0,0.6981067321972544,8.241523499304533,0.12202407877789076,0.6749992652686398,0.07821230158778887,0.1506460218626781,0.8191988038004456,-27.459669384858636
63,64.0,0.8282024497548994,8.425185095725025,0.12202397434749042,0.6749995479696824,0.07821230158748677,0.15064602186238713,0.8191988038010489,-27.45966938488567
64,65.0,0.5407951520462864,7.256214372681404,0.12202415923991758,0.6749990457161701,0.07821230158812352,0.15064602186300036,0.819198803799779,-27.459669384828683
65,66.0,0.39379140058500994,6.345004235458775,0.12202352739976687,0.675000749324467,0.07821230158779825,0.1506460218626871,0.8191988038004068,-27.45966938485779
66,67.0,0.6347245296765276,9.747634833650814,0.12202423243487612,0.6749988437606435,0.07821230158851002,0.1506460218633726,0.8191988037990127,-27.45966938479409
67,68.0,0.866058292067402,8.340785391841742,0.12202393362840844,0.6749996568013371,0.078212301587409,0.15064602186231224,0.8191988038012046,-27.459669384892635
68,69.0,0.06893535674541973,1.643871678032883,0.12202346143218218,0.67500093904899,0.07821230158809064,0.1506460218629687,0.8191988037998309,-27.459669384831624
69,70.0,0.05581559264053615,7.3412270782946765,0.12202332507334697,0.67500134204275,0.07821230158894608,0.15064602186379256,0.8191988037981781,-27.459669384755063
70,71.0,0.3790429874301733,1.0051328068386527,0.12202338853049592,0.6750009792802656,0.07821230158808049,0.15064602186295892,0.8191988037996921,-27.459669384832537
71,72.0,0.8960962414300613,0.2315342041992917,0.12202379086581976,0.6750000293981667,0.07821230158730237,0.15064602186220954,0.8191988038014149,-27.459669384902178
72,73.0,0.384104576606768,8.772375063821165,0.1220234678209017,0.6750009200189588,0.07821230158805789,0.15064602186293718,0.8191988037998945,-27.45966938483456
73,74.0,0.4454811599216423,5.293640840447218,0.12202408432861431,0.6749992512555121,0.07821230158780704,0.15064602186269557,0.8191988038004083,-27.45966938485701
74,75.0,0.9647303802133285,4.882581165289496,0.12202343749201573,0.6750009252753971,0.07821230158802496,0.15064602186290546,0.819198803799877,-27.459669384837504
75,76.0,0.029411406851312938,9.359951658386011,0.12202330418209321,0.675001404072692,0.07821230158910573,0.1506460218639463,0.8191988037978718,-27.459669384740778
76,77.0,0.8557123592538248,7.431642521877454,0.12202385142746923,0.674999874318958,0.07821230158731696,0.15064602186222362,0.8191988038013879,-27.45966938490087
77,78.0,0.30908316389410584,6.336475555649468,0.12202348510967685,0.6750008702993028,0.07821230158797654,0.1506460218628588,0.8191988038000545,-27.45966938484184
78,79.0,0.17487128217697134,7.660616208339651,0.12202338945962476,0.6750011495779716,0.07821230158849704,0.1506460218633601,0.8191988037990403,-27.45966938479525
79,80.0,0.31588701302651134,3.044213077086323,0.12202393382922476,0.6749996566985884,0.07821230158740898,0.1506460218623122,0.8191988038012044,-27.459669384892635
80,81.0,0.15303332175354423,6.529861365360468,0.12202339220205043,0.675001142456503,0.07821230158848258,0.15064602186334616,0.8191988037990696,-27.459669384796545
81,82.0,0.23850833407316407,8.2834694716682,0.12202341233288547,0.6750010814634655,0.07821230158835545,0.15064602186322373,0.8191988037993136,-27.459669384807924
82,83.0,0.903295975277597,5.225491751903322,0.1220235244764233,0.6750007135533252,0.07821230158773365,0.15064602186262488,0.8191988038005008,-27.459669384863574
83,84.0,0.32393860249908324,7.2394393721232575,0.12202347077663182,0.6750009114707713,0.07821230158804353,0.15064602186292333,0.8191988037999227,-27.459669384835845
84,85.0,0.6523937260340968,6.425227995203028,0.12202394905119664,0.6749996139259514,0.0782123015874376,0.1506460218623398,0.8191988038011483,-27.45966938489007
85,86.0,0.277845521887075,3.3695244228060894,0.12202409757201756,0.6749992143508394,0.07821230158785854,0.15064602186274517,0.8191988038003065,-27.4596693848524
86,87.0,0.9111248578552146,4.956090170614504,0.122023483594603,0.6750008147050119,0.07821230158786426,0.1506460218627507,0.8191988038002229,-27.459669384851885
87,88.0,0.6305253137183873,0.023333838468108256,0.12202380404902778,0.6750000029753802,0.07821230158730172,0.15064602186220893,0.8191988038014163,-27.459669384902234
88,89.0,0.8836572654413261,6.567076242040849,0.12202372255566285,0.6750002104484828,0.0782123015873384,0.15064602186224424,0.8191988038013367,-27.45966938489895
89,90.0,0.3733681514161473,1.7324979652314298,0.12202339171731658,0.6750010333504995,0.07821230158820051,0.15064602186307452,0.8191988037994964,-27.459669384821794
90,91.0,0.21964557937209328,9.690902125428764,0.12202338833608709,0.6750011531854817,0.07821230158850496,0.15064602186336773,0.8191988037990253,-27.459669384794545
91,92.0,0.18193632939820736,9.287826071697681,0.12202337499939268,0.6750011920002266,0.07821230158858924,0.1506460218634489,0.8191988037988617,-27.459669384787002
92,93.0,0.16555108451291822,7.341333892060966,0.12202338839934358,0.6750011532980675,0.07821230158850544,0.15064602186336817,0.8191988037990249,-27.459669384794502
93,94.0,0.44308084978383433,4.106078069133059,0.1220239028221582,0.6749997382769752,0.07821230158736477,0.15064602186226966,0.8191988038012932,-27.459669384896593
94,95.0,0.2277964489194605,2.0441825050441866,0.12202387801162821,0.6749998051693927,0.078212301587337,0.1506460218622429,0.819198803801348,-27.459669384899072
95,96.0,0.8174386888662579,4.454265861519685,0.12202348416979994,0.6750008131559335,0.07821230158786206,0.15064602186274856,0.8191988038002274,-27.459669384852084
96,97.0,0.6556985299060304,3.913128141700503,0.12202354808720423,0.6750006549308499,0.07821230158766575,0.15064602186255951,0.819198803800645,-27.459669384869656
97,98.0,0.17991673588483859,6.084981643985729,0.12202341607589548,0.6750010709615352,0.07821230158833488,0.15064602186320392,0.8191988037993542,-27.459669384809764
98,99.0,0.41713860996529895,7.749128098831524,0.1220235014191858,0.6750008232105822,0.07821230158790367,0.15064602186278864,0.8191988038001978,-27.45966938484836
99,100.0,0.05197335913486567,0.06677224046816965,0.12202379855595286,0.6750000096413281,0.07821230158730193,0.15064602186220913,0.8191988038014162,-27.459669384902213
100,101.0,0.29294159720341495,7.199505696446779,0.12202345770135681,0.6750009505641551,0.07821230158811107,0.15064602186298837,0.8191988037997917,-27.459669384829795
101,102.0,0.8801541175637756,5.067605972117712,0.12202352165314069,0.6750007207427959,0.07821230158774242,0.15064602186263334,0.8191988038004823,-27.459669384862792
102,103.0,0.8935151553381266,0.014916640233491,0.12202379960929396,0.6750000075647878,0.0782123015873019,0.1506460218622091,0.8191988038014163,-27.45966938490222
103,104.0,0.10303504291801113,7.329584087751457,0.12202335164024651,0.6750012609812611,0.07821230158874688,0.15064602186360068,0.8191988037985574,-27.459669384772894
104,105.0,0.5943094152345657,0.9097860564531453,0.12202368508948142,0.6750002582262598,0.07821230158735361,0.1506460218622589,0.8191988038012965,-27.459669384897587
105,106.0,0.31487079396803686,0.5479136858597058,0.12202379736353598,0.6750000119645936,0.07821230158730198,0.15064602186220918,0.8191988038014161,-27.459669384902213
106,107.0,0.720889250715128,6.926239273676575,0.12202393113404188,0.6749996631771777,0.07821230158740516,0.15064602186230855,0.8191988038012123,-27.459669384892976
107,108.0,0.31955624927356685,6.901250402729653,0.12202347691937027,0.6750008936486219,0.07821230158801408,0.15064602186289497,0.8191988037999804,-27.459669384838474
108,109.0,0.08061305027687582,6.842002688022038,0.12202334288680541,0.675001287621695,0.07821230158881087,0.15064602186366233,0.8191988037984353,-27.459669384767164
109,110.0,0.3813905777284736,0.11836854950640535,0.1220237999493799,0.6750000059793243,0.0782123015873019,0.1506460218622091,0.8191988038014163,-27.45966938490222
110,111.0,0.3868534338704207,1.9490629942542408,0.12202343454025377,0.675000932527614,0.07821230158803628,0.15064602186291634,0.8191988037998528,-27.45966938483649
111,112.0,0.39412034522815576,0.41378766874966744,0.12202379957790827,0.6750000076058769,0.07821230158730196,0.15064602186220916,0.8191988038014161,-27.459669384902213
112,113.0,0.328044574776329,4.950020097192033,0.12202422256997442,0.6749988705114731,0.07821230158845494,0.15064602186331955,0.8191988037991226,-27.45966938479902
113,114.0,0.654975491186445,0.21533313267576515,0.12202379249541966,0.6750000261470634,0.07821230158730223,0.15064602186220943,0.8191988038014151,-27.45966938490219
114,115.0,0.8936505739296476,1.247563787995162,0.12202372349378245,0.6750001718761359,0.07821230158732458,0.15064602186223094,0.8191988038013632,-27.459669384900188
115,116.0,0.4302852251907452,8.8657044624926,0.12202348435787295,0.6750008729337857,0.07821230158798097,0.15064602186286308,0.8191988038000463,-27.45966938484144
116,117.0,0.29538638542895135,0.36511850592981515,0.12202379316331634,0.6750000212311827,0.07821230158730218,0.15064602186220938,0.8191988038014155,-27.459669384902195
117,118.0,0.7826951126168888,6.735157335017277,0.12202384436715673,0.6749998943156048,0.07821230158731253,0.15064602186221934,0.8191988038013963,-27.459669384901268
118,119.0,0.15346619043088616,8.966167732630161,0.12202336472306141,0.6750012224332906,0.07821230158865775,0.15064602186351486,0.8191988037987294,-27.459669384780874
119,120.0,0.39662647475653146,7.068259222600966,0.12202350919582843,0.6750008010526981,0.07821230158787096,0.15064602186275713,0.8191988038002627,-27.45966938485129
120,121.0,0.22069447698190303,4.382129232601276,0.12202349171034123,0.6750008523391045,0.07821230158794883,0.15064602186283213,0.8191988038001101,-27.459669384844318
121,122.0,0.4032320564450411,3.797842695830029,0.12202391646731868,0.6749997026999711,0.0782123015873825,0.15064602186228673,0.8191988038012574,-27.459669384895
122,123.0,0.31242942299130916,0.7389248788762491,0.12202380467074911,0.6749999944137688,0.07821230158730204,0.15064602186220924,0.8191988038014162,-27.459669384902206
123,124.0,0.37796591901393295,6.854554032790444,0.122023505516442,0.6750008108637766,0.078212301587885,0.15064602186277065,0.8191988038002342,-27.45966938485003
124,125.0,0.339205253330376,4.103058565416382,0.12202409582277958,0.6749992202560772,0.07821230158784959,0.15064602186273654,0.8191988038003231,-27.459669384853203
125,126.0,0.5712324514826386,8.648731761795037,0.12202422520061243,0.6749988633229563,0.07821230158846966,0.1506460218633337,0.8191988037990934,-27.459669384797703
126,127.0,0.6185988037063688,2.0937222421382806,0.12202332449549175,0.6750011629908839,0.07821230158841876,0.15064602186328468,0.8191988037989844,-27.45966938480226
127,128.0,0.2422580071418483,4.87267173221802,0.12202348747662611,0.6750008629358679,0.07821230158796456,0.15064602186284728,0.8191988038000775,-27.459669384842908
128,129.0,0.9116914002974478,8.72983591337538,0.12202392887404136,0.6749996692579414,0.07821230158740151,0.15064602186230502,0.8191988038012197,-27.459669384893303
129,130.0,0.4814933829640151,9.534294989221735,0.12202349079045466,0.6750008535878572,0.07821230158794999,0.15064602186283327,0.8191988038001063,-27.45966938484421
130,131.0,0.27876186594766783,1.16230865341733,0.12202334915654048,0.6750011281901231,0.07821230158836685,0.15064602186323472,0.8191988037991279,-27.459669384806904
131,132.0,0.7297707090221158,5.746860267518568,0.12202377172440271,0.6750000843150852,0.07821230158730727,0.15064602186221426,0.8191988038014035,-27.459669384901737
132,133.0,0.9134102517423236,2.0814878669572376,0.12202346457160106,0.6750007830722088,0.07821230158779371,0.15064602186268275,0.8191988038003138,-27.459669384858202
133,134.0,0.4225602207240675,0.4849193909215707,0.1220238000461422,0.6750000114809903,0.0782123015873018,0.15064602186220902,0.8191988038014161,-27.459669384902227
134,135.0,0.24051043420456586,3.4797247165798137,0.12202420113551307,0.6749989294632248,0.07821230158833745,0.1506460218632064,0.8191988037993557,-27.45966938480954
135,136.0,0.1237837774445153,4.374093231010929,0.12202340936888505,0.6750010896087282,0.07821230158837149,0.1506460218632392,0.8191988037992817,-27.45966938480649
136,137.0,0.7918469141554769,7.199190804804865,0.12202388840525134,0.6749997772989826,0.07821230158734756,0.1506460218622531,0.8191988038013271,-27.459669384898127
137,138.0,0.8069066679217048,2.395968685078224,0.12202334611936369,0.6750010934821536,0.07821230158828023,0.15064602186315126,0.8191988037992665,-27.459669384814656
138,139.0,0.8874480922874349,0.5561970835295524,0.12202379943406008,0.6750000098837843,0.07821230158730183,0.15064602186220905,0.8191988038014162,-27.459669384902227
139,140.0,0.24623464044162346,4.56320270634331,0.12202350202403651,0.6750008213711419,0.07821230158790088,0.15064602186278594,0.8191988038002034,-27.45966938484861
140,141.0,0.5331692186083166,9.76711319827886,0.12202350355212965,0.6750008170513063,0.07821230158789448,0.15064602186277978,0.819198803800216,-27.45966938484918
141,142.0,0.9644143545335636,6.805898839360653,0.12202368063062385,0.6750003190182592,0.07821230158738729,0.15064602186229134,0.8191988038012334,-27.459669384894575
142,143.0,0.005166379181312908,6.349117370893066,0.12202329212731451,0.6750014394201246,0.07821230158919963,0.15064602186403672,0.819198803797691,-27.459669384732372
143,144.0,0.20735866874173348,8.070730492195606,0.12202340101809633,0.675001115628708,0.07821230158842568,0.15064602186329137,0.8191988037991785,-27.459669384801636
144,145.0,0.8263191775226779,7.666468575717108,0.12202390429858777,0.6749997350547057,0.07821230158736613,0.15064602186227097,0.8191988038012902,-27.45966938489647
145,146.0,0.7938544296508186,4.264425101057364,0.1220234747679064,0.675000836033953,0.07821230158789376,0.1506460218627791,0.8191988038001596,-27.45966938484925
146,147.0,0.505454283048735,7.332010548954717,0.1220242027036295,0.6749989256701053,0.07821230158834444,0.15064602186321313,0.8191988037993412,-27.45966938480891
147,148.0,0.040809546273306796,3.3799179596610434,0.12202334444802013,0.6750012836874074,0.078212301588802,0.1506460218636538,0.8191988037984534,-27.45966938476796
148,149.0,0.18453578893279443,9.156569124623228,0.12202337895526028,0.6750011818336874,0.07821230158856791,0.15064602186342835,0.8191988037989051,-27.45966938478891
149,150.0,0.04201195000517599,1.27192763775338,0.12202343030257629,0.6750010311097396,0.07821230158825862,0.15064602186313047,0.8191988037995047,-27.45966938481659
150,151.0,0.9718095469307387,4.5726316134167035,0.12202339744128002,0.6750010195887384,0.07821230158817699,0.15064602186305187,0.8191988037995472,-27.459669384823897
151,152.0,0.7904921746919867,5.38893274683072,0.1220236527326766,0.6750003906564899,0.0782123015874307,0.15064602186233314,0.8191988038011419,-27.459669384890695
152,153.0,0.8795275044893377,6.546386915516404,0.12202372507462109,0.6750002053459748,0.07821230158733672,0.15064602186224263,0.8191988038013405,-27.4596693848991
153,154.0,0.8049781341376507,1.0888547274321188,0.1220237349894955,0.6750001466180877,0.07821230158731833,0.15064602186222492,0.8191988038013777,-27.459669384900746
154,155.0,0.33049503946003944,2.5511906894844123,0.12202375412727279,0.6750001291655919,0.07821230158731518,0.1506460218622219,0.8191988038013863,-27.459669384901034
155,156.0,0.31159025020758924,5.287319070209095,0.12202351611543787,0.6750007797662031,0.07821230158783966,0.150646021862727,0.8191988038003231,-27.459669384854088
156,157.0,0.5491944464042527,6.581066965004317,0.12202409070829828,0.6749992347495394,0.07821230158782909,0.1506460218627168,0.8191988038003635,-27.459669384855037
157,158.0,0.2804571683592685,6.045109523361439,0.122023476425909,0.6750008947675421,0.07821230158801572,0.15064602186289655,0.8191988037999769,-27.45966938483833
158,159.0,0.849426034041642,0.14306344981549773,0.12202380892128886,0.6749999894439076,0.07821230158730194,0.15064602186220913,0.8191988038014161,-27.459669384902213
159,160.0,0.696513495207739,6.9759899919402795,0.12202396239393822,0.6749995795201188,0.07821230158746217,0.15064602186236345,0.8191988038010984,-27.459669384887878
160,161.0,0.18843665693296507,3.6902369416169853,0.12202349118940267,0.6750008510380023,0.07821230158794533,0.15064602186282877,0.8191988038001141,-27.45966938484463
161,162.0,0.4186713296512611,6.9007206640587615,0.12202352321591116,0.6750007612750886,0.07821230158781466,0.15064602186270293,0.8191988038003744,-27.459669384856326
162,163.0,0.9040203376888895,6.373881102501938,0.12202368045284144,0.6750003207325106,0.07821230158738847,0.15064602186229248,0.8191988038012313,-27.459669384894468
163,164.0,0.7281148331091838,4.7740244463374655,0.12202362110694223,0.6750004716364969,0.07821230158749036,0.1506460218623906,0.8191988038010163,-27.459669384885352
164,165.0,0.17469807585827113,4.679307835153083,0.1220234453592649,0.6750009855266035,0.07821230158817279,0.15064602186304782,0.81919880379967,-27.459669384824274
165,166.0,0.9687947349118953,7.721222017644699,0.12202377994760301,0.6750000619268844,0.07821230158730462,0.1506460218622117,0.8191988038014094,-27.45966938490197
166,167.0,0.7035025105721688,5.253323905189084,0.12202372747831747,0.6750001982739295,0.07821230158733422,0.15064602186224021,0.8191988038013456,-27.45966938489932
167,168.0,0.24288332715756145,4.027950479607986,0.12202352160002541,0.6750007651192169,0.07821230158781962,0.1506460218627077,0.8191988038003637,-27.459669384855882
168,169.0,0.11742703055758597,9.850778139778646,0.12202334209233937,0.6750012892161451,0.07821230158881408,0.1506460218636654,0.8191988037984279,-27.459669384766876
169,170.0,0.8184021353883303,2.6066504663005317,0.1220233306653298,0.6750011408544169,0.07821230158837261,0.15064602186324025,0.8191988037990762,-27.45966938480639
170,171.0,0.7193840102087325,0.58306955052927,0.12202380271660748,0.6750000036736362,0.0782123015873018,0.15064602186220902,0.8191988038014163,-27.459669384902227
171,172.0,0.7826436390569192,9.642642802224474,0.12202410761037102,0.6749991869951397,0.07821230158789799,0.15064602186278317,0.8191988038002278,-27.45966938484887
172,173.0,0.4298440952267898,8.807329518440858,0.12202348515679719,0.6750008695710319,0.07821230158797507,0.15064602186285742,0.8191988038000568,-27.45966938484197
173,174.0,0.2557181850083894,3.2226334112334007,0.1220241215644912,0.6749991485563854,0.07821230158795595,0.15064602186283899,0.8191988038001128,-27.45966938484368
174,175.0,0.3750964887660736,1.669143562977973,0.12202337210886605,0.6750010784076372,0.07821230158827867,0.1506460218631498,0.8191988037993253,-27.4596693848148
175,176.0,0.6161772864666513,8.909048058661881,0.12202420066036672,0.6749989307181861,0.078212301588335,0.15064602186320405,0.8191988037993607,-27.459669384809757
176,177.0,0.8110542999990037,0.31891090253675475,0.12202380857795703,0.6749999935811491,0.07821230158730175,0.15064602186220896,0.8191988038014162,-27.459669384902234
177,178.0,0.8321701548496153,9.68712936717813,0.12202407104144741,0.6749992873770425,0.07821230158775948,0.15064602186264978,0.8191988038005033,-27.459669384861268
178,179.0,0.5860733008719993,4.173962963911746,0.12202368754168108,0.675000301557306,0.07821230158737813,0.15064602186228251,0.8191988038012528,-27.459669384895392
179,180.0,0.0556064191629676,7.799885709001963,0.12202332196030971,0.675001350402722,0.07821230158896639,0.1506460218638121,0.8191988037981376,-27.459669384753248
180,181.0,0.3953324305773884,8.345371108474735,0.12202347920229466,0.6750008864565485,0.07821230158800203,0.15064602186288337,0.8191988038000034,-27.459669384839557
181,182.0,0.3650173747762412,3.857242537167638,0.12202400289744181,0.6749994710525842,0.0782123015875546,0.15064602186245246,0.8191988038009133,-27.459669384879604
182,183.0,0.24456238759699678,4.937497504166199,0.12202348868123425,0.6750008613970544,0.07821230158796322,0.150646021862846,0.8191988038000821,-27.459669384843032
183,184.0,0.703453959780457,8.973094370882261,0.12202412798282555,0.674999130776476,0.07821230158798372,0.15064602186286574,0.8191988038000579,-27.4596693848412
184,185.0,0.4232481451037797,5.082182454168198,0.12202409180586857,0.674999231488946,0.07821230158783377,0.15064602186272133,0.8191988038003544,-27.459669384854614
185,186.0,0.8072564233193332,7.864826168168511,0.1220239436944956,0.6749996314856068,0.07821230158742475,0.1506460218623274,0.8191988038011723,-27.45966938489122
186,187.0,0.9883353929870151,4.937527300617205,0.1220234310433219,0.6750009411138133,0.0782123015880498,0.15064602186292936,0.8191988037998239,-27.45966938483528
187,188.0,0.611359753191244,8.869440349873308,0.12202420219253597,0.6749989270071244,0.07821230158834189,0.15064602186321066,0.8191988037993463,-27.459669384809143
188,189.0,0.09201631082208017,1.6765928277880857,0.1220235042670768,0.6750008148675336,0.07821230158789112,0.15064602186277656,0.8191988038002225,-27.459669384849484
189,190.0,0.9283769209593131,2.9979988743403867,0.12202332995114033,0.6750011443840291,0.07821230158838023,0.1506460218632476,0.8191988037990617,-27.45966938480571
190,191.0,0.7826898883622719,4.937875098981395,0.12202359060314026,0.6750005488521591,0.07821230158755743,0.15064602186245518,0.8191988038008748,-27.459669384879348
191,192.0,0.04876335291625189,5.853528621387083,0.12202332836937256,0.6750013327356607,0.0782123015889232,0.15064602186377052,0.8191988037982229,-27.45966938475711
192,193.0,0.9114357315533185,1.7494372942560448,0.12202356534283063,0.675000536977218,0.07821230158753001,0.15064602186242879,0.8191988038008979,-27.459669384881803
193,194.0,0.6763021503491539,9.594169535259217,0.12202419151633837,0.674998958338828,0.07821230158828048,0.15064602186315154,0.8191988037994654,-27.45966938481464
194,195.0,0.3770648041173589,5.823818291898833,0.12202353535752761,0.6750007262199281,0.07821230158776717,0.15064602186265716,0.8191988038004681,-27.459669384860575
195,196.0,0.9888421531022785,0.9240848569210833,0.12202379806567348,0.675000012225607,0.07821230158730189,0.15064602186220907,0.8191988038014161,-27.45966938490222
196,197.0,0.36213641630473137,2.4689285237003915,0.12202365159214136,0.67500039327212,0.07821230158743238,0.15064602186233478,0.8191988038011382,-27.45966938489054
197,198.0,0.09590793141918319,4.720126432111923,0.12202337786907481,0.6750011834315727,0.07821230158857022,0.15064602186343057,0.8191988037988983,-27.459669384788704
198,199.0,0.5560237350708045,6.774533903018517,0.12202410018840379,0.6749992075206732,0.07821230158786806,0.15064602186275433,0.8191988038002873,-27.459669384851544
199,200.0,0.7354429703764235,0.5592162311307745,0.12202380107590213,0.6750000093227584,0.07821230158730177,0.15064602186220896,0.8191988038014162,-27.459669384902234
200,201.0,0.37170405512352267,2.7504745317018067,0.12202371894027471,0.6750002209428951,0.07821230158734234,0.15064602186224807,0.8191988038013285,-27.459669384898596
201,202.0,0.027831737451490035,9.305189152496762,0.1220233023549868,0.6750014090027768,0.07821230158911828,0.1506460218639584,0.8191988037978468,-27.45966938473965
202,203.0,0.786096042319675,6.847530202469307,0.12202385404028881,0.674999868071621,0.07821230158731836,0.15064602186222495,0.819198803801385,-27.459669384900746
203,204.0,0.2886187778490731,4.704646875118216,0.12202352410868156,0.6750007574653858,0.07821230158780879,0.15064602186269727,0.8191988038003848,-27.459669384856852
204,205.0,0.07705997805444276,2.435941484020092,0.12202342524660648,0.6750010459825458,0.07821230158828725,0.15064602186315806,0.8191988037994492,-27.459669384814028
205,206.0,0.5995572776887129,9.905200493427724,0.12202352186251794,0.6750007643834978,0.07821230158781858,0.1506460218627067,0.8191988038003659,-27.459669384855978
206,207.0,0.35593141389627203,5.227817459662174,0.12202420935860844,0.6749989072130326,0.07821230158838079,0.15064602186324813,0.8191988037992692,-27.45966938480566
207,208.0,0.7836601889503618,8.767763475760075,0.12202404164735062,0.6749993653434476,0.07821230158766572,0.1506460218625595,0.8191988038006921,-27.459669384869656
208,209.0,0.08125773251090984,8.612133047069925,0.1220233330466959,0.6750013185821331,0.07821230158888785,0.15064602186373646,0.8191988037982902,-27.459669384760275
209,210.0,0.17967620569288545,7.428333054467144,0.12202339443779044,0.6750011350659334,0.07821230158846636,0.15064602186333054,0.8191988037990998,-27.459669384798
210,211.0,0.6807922307964911,2.4312558792954,0.1220233237405553,0.6750011721810182,0.07821230158844067,0.1506460218633058,0.8191988037989459,-27.4596693848003
211,212.0,0.5295629952799541,0.21168228528366445,0.12202380984771881,0.6749999914277496,0.07821230158730175,0.15064602186220896,0.8191988038014162,-27.459669384902234
212,213.0,0.6648640525196214,8.575346641955207,0.122024136144221,0.674999109590838,0.07821230158801666,0.15064602186289747,0.8191988037999909,-27.459669384838243
213,214.0,0.6543862428855971,2.123023254786243,0.12202332760174454,0.6750011495003564,0.07821230158838963,0.15064602186325665,0.8191988037990406,-27.459669384804865
214,215.0,0.730251814807716,0.59388721186183,0.12202380498488014,0.6749999991367194,0.07821230158730182,0.15064602186220902,0.8191988038014162,-27.459669384902227
215,216.0,0.8806607121499607,3.5564555410430025,0.1220233403032259,0.6750011469233835,0.07821230158840077,0.15064602186326737,0.8191988037990512,-27.45966938480387
216,217.0,0.6076519951189068,6.174080932195004,0.12202397249740947,0.6749995521943988,0.07821230158748352,0.15064602186238402,0.8191988038010558,-27.459669384885963
217,218.0,0.5145613722272278,1.5851949865337112,0.12202333690527498,0.6750011204563449,0.07821230158833177,0.15064602186320092,0.8191988037991591,-27.45966938481004
218,219.0,0.5563776688891724,3.6996802188168587,0.12202363184221308,0.6750004440215166,0.07821230158746868,0.15064602186236972,0.8191988038010619,-27.45966938488729
219,220.0,0.09645333789234967,4.797188036062376,0.12202337674937927,0.6750011857569937,0.07821230158857458,0.15064602186343476,0.8191988037988884,-27.459669384788313
220,221.0,0.7086979043517447,2.5521875297810976,0.12202332369176559,0.6750011731570337,0.07821230158844311,0.15064602186330817,0.8191988037989418,-27.459669384800076
221,222.0,0.516725157440223,7.9689479233072165,0.12202353590572908,0.6750007248526481,0.07821230158776547,0.15064602186265555,0.8191988038004716,-27.459669384860725
222,223.0,0.91917934016842,5.635929869375046,0.1220235680159836,0.6750006049181516,0.07821230158761222,0.15064602186250797,0.8191988038007584,-27.45966938487444
223,224.0,0.5194625553926925,9.078159209695308,0.12202351315726057,0.6750007900376853,0.07821230158785519,0.15064602186274195,0.8191988038002941,-27.4596693848527
224,225.0,0.2109684890879877,0.8932184977985657,0.122023355341849,0.6750011157456798,0.07821230158834512,0.15064602186321377,0.819198803799178,-27.459669384808848
225,226.0,0.6257745987769036,7.160799337316864,0.12202405929574897,0.6749993194770103,0.07821230158771912,0.15064602186261092,0.8191988038005836,-27.45966938486488
226,227.0,0.03165445502351805,9.513564296704669,0.12202330466817288,0.6750014020211229,0.07821230158909977,0.15064602186394055,0.8191988037978821,-27.45966938474131
227,228.0,0.6527173798820444,4.4429447103237525,0.12202365125709509,0.6750003944094515,0.0782123015874332,0.15064602186233553,0.8191988038011366,-27.459669384890468
228,229.0,0.08740983637445665,7.550503887889325,0.12202334308842055,0.6750012884364621,0.07821230158881401,0.15064602186366535,0.8191988037984316,-27.459669384766883
229,230.0,0.021481417225913235,9.000700435541052,0.12202329935331593,0.6750014172233371,0.07821230158913946,0.15064602186397877,0.8191988037978051,-27.459669384737754
230,231.0,0.37518393927222293,3.823773100912083,0.12202397679451066,0.6749995412309723,0.07821230158749229,0.15064602186239245,0.8191988038010379,-27.459669384885178
231,232.0,0.3412301276428681,9.646799136445624,0.12202343807107043,0.6750010072009927,0.07821230158821288,0.15064602186308643,0.8191988037995923,-27.459669384820685
232,233.0,0.582700668450906,8.398900493203373,0.12202419976719626,0.6749989342276417,0.0782123015883275,0.1506460218631968,0.819198803799374,-27.45966938481043
233,234.0,0.6435685449988117,6.284550326186862,0.12202394566119698,0.6749996262016762,0.07821230158742833,0.15064602186233084,0.819198803801165,-27.459669384890905
234,235.0,0.8546402910188984,5.197345035360488,0.12202356256506595,0.6750006187462687,0.07821230158762663,0.15064602186252182,0.819198803800728,-27.459669384873155
235,236.0,0.10070111900596213,9.723013599323199,0.12202333518533581,0.6750013094213665,0.07821230158886289,0.15064602186371243,0.8191988037983335,-27.459669384762513
236,237.0,0.3714761105772898,3.8078115432444175,0.12202398033068132,0.6749995314643291,0.07821230158750055,0.15064602186240042,0.8191988038010216,-27.45966938488444
237,238.0,0.08804426222926132,4.75466586460854,0.12202337072559419,0.6750012041620751,0.078212301588616,0.15064602186347464,0.8191988037988093,-27.459669384784608
238,239.0,0.7369018661998367,9.471334896469402,0.1220241343926621,0.6749991138345769,0.07821230158801021,0.15064602186289125,0.8191988038000044,-27.459669384838822
239,240.0,0.7190450591457052,5.146577635664403,0.1220236929060256,0.6750002882432763,0.07821230158737152,0.15064602186227613,0.819198803801267,-27.459669384895985
240,241.0,0.484544815398651,0.9999693093785722,0.12202352138925468,0.6750006423650854,0.07821230158763019,0.15064602186252526,0.8191988038006743,-27.45966938487284
241,242.0,0.8483122561412796,4.184550250679794,0.12202342331604413,0.6750009596683678,0.07821230158807928,0.15064602186295775,0.8191988037997604,-27.459669384832644
242,243.0,0.23493488264792395,4.259151321943956,0.12202350569667325,0.6750008103871323,0.07821230158788432,0.15064602186277,0.8191988038002356,-27.459669384850088
243,244.0,0.4954185420567594,3.0193368860392127,0.12202356381585952,0.6750006156989307,0.07821230158762349,0.1506460218625188,0.8191988038007347,-27.459669384873436
244,245.0,0.7806301570859299,0.28379925131120176,0.1220238185305193,0.6749999747520083,0.07821230158730219,0.15064602186220938,0.8191988038014152,-27.45966938490219
245,246.0,0.6050260987997931,5.7682711177994985,0.12202392481801219,0.6749996796529528,0.07821230158739555,0.1506460218622993,0.8191988038012318,-27.459669384893832
246,247.0,0.7855815032040634,3.6428789095787377,0.12202339012299832,0.6750010369570711,0.07821230158820665,0.15064602186308043,0.819198803799483,-27.45966938482124
247,248.0,0.2635197193648525,9.148034932066047,0.12202341289352836,0.6750010806802716,0.07821230158835454,0.15064602186322285,0.8191988037993164,-27.459669384808002
248,249.0,0.886319867073784,0.6272872794943811,0.1220238026007417,0.6750000041066027,0.07821230158730176,0.15064602186220896,0.8191988038014163,-27.459669384902234
249,250.0,0.8943851047951021,9.835728030213222,0.12202403085184432,0.6749993957883217,0.07821230158763119,0.1506460218625262,0.8191988038007599,-27.459669384872743
250,251.0,0.5079894334200552,5.787490376456124,0.12202405567265913,0.6749993281422633,0.07821230158770907,0.15064602186260123,0.8191988038006048,-27.459669384865776
251,252.0,0.23625288606097428,6.9339398203772555,0.12202343296774888,0.6750010222943137,0.07821230158824125,0.15064602186311374,0.8191988037995374,-27.459669384818145
252,253.0,0.6019064180965198,0.9838394372995304,0.12202365420202545,0.6750003278255559,0.0782123015873857,0.1506460218622898,0.8191988038012231,-27.459669384894717
253,254.0,0.6723656296296985,7.1351312316931415,0.12202400744847108,0.674999460576636,0.078212301587564,0.1506460218624615,0.8191988038008932,-27.45966938487876
254,255.0,0.08995361585424322,7.729372584462527,0.12202334212942798,0.6750012906706263,0.07821230158881888,0.15064602186367004,0.8191988037984212,-27.45966938476645
255,256.0,0.029904685416473398,3.5289233680900858,0.12202332833229165,0.6750013311461841,0.07821230158891777,0.15064602186376527,0.8191988037982304,-27.4596693847576
256,257.0,0.11460747780675828,4.97476643897531,0.12202338934876335,0.6750011493187945,0.07821230158849607,0.15064602186335915,0.8191988037990413,-27.45966938479534
257,258.0,0.2666968151404435,7.2213291046640125,0.12202344278253896,0.6750009921127805,0.07821230158818421,0.1506460218630588,0.8191988037996466,-27.45966938482325
258,259.0,0.16296923879564063,7.958158098242854,0.12202337846651512,0.6750011806386264,0.07821230158856331,0.1506460218634239,0.8191988037989101,-27.459669384789322
259,260.0,0.997487942387289,9.999326629086118,0.12202396432351426,0.6749995750090066,0.07821230158746541,0.15064602186236656,0.8191988038010916,-27.459669384887583
260,261.0,0.7504682546449665,5.551673753304762,0.12202371969951338,0.6750002187800791,0.07821230158734148,0.15064602186224724,0.8191988038013303,-27.459669384898675
261,262.0,0.4815467989166071,9.959366995159378,0.12202348419226584,0.6750008732866708,0.07821230158798148,0.15064602186286358,0.8191988038000452,-27.459669384841398
262,263.0,0.27943854222124265,9.638357989246222,0.12202341417954086,0.6750010774653646,0.07821230158834845,0.150646021863217,0.819198803799329,-27.45966938480855
263,264.0,0.3917394046814512,9.474527711276169,0.12202346102363505,0.675000941267282,0.07821230158809511,0.15064602186297302,0.8191988037998233,-27.459669384831226
264,265.0,0.4410759838588161,7.2147473383521685,0.1220235230341051,0.6750007603161393,0.07821230158781263,0.15064602186270096,0.8191988038003769,-27.459669384856504
265,266.0,0.5524786184608651,7.443658986287295,0.12202416216935687,0.6749990378607752,0.07821230158813706,0.15064602186301343,0.8191988037997519,-27.45966938482747
266,267.0,0.45295009075910764,4.050112609423843,0.12202387591849288,0.6749998110277673,0.07821230158733487,0.15064602186224085,0.8191988038013521,-27.459669384899268
267,268.0,0.06254112600120221,9.66814632114488,0.1220233196806464,0.6750013578682683,0.07821230158898596,0.15064602186383094,0.8191988037981013,-27.459669384751496
268,269.0,0.5661798515493394,8.223300649813593,0.12202420296900893,0.6749989248665161,0.07821230158834604,0.15064602186321466,0.8191988037993381,-27.45966938480877
269,270.0,0.7277958547725264,1.1019781878755313,0.12202369076941423,0.6750002455934301,0.07821230158734863,0.15064602186225412,0.8191988038013079,-27.459669384898035
270,271.0,0.8788435350180236,9.412954933993369,0.12202401292604377,0.6749994448322728,0.07821230158757984,0.15064602186247678,0.8191988038008622,-27.459669384877337
271,272.0,0.7019695945497895,5.414963349613715,0.1220237532636193,0.6750001309114011,0.07821230158731553,0.15064602186222223,0.8191988038013855,-27.459669384900995
272,273.0,0.34205331094180436,9.88024616757872,0.12202343519123897,0.675001015025696,0.07821230158822708,0.15064602186310008,0.8191988037995639,-27.459669384819414
273,274.0,0.052187907338861916,4.189098243609604,0.12202334502724846,0.6750012812656163,0.0782123015887956,0.15064602186364762,0.8191988037984647,-27.45966938476853
274,275.0,0.09190706721343378,8.695208496253894,0.12202333741773638,0.675001303818006,0.07821230158885009,0.1506460218637001,0.8191988037983599,-27.459669384763657
275,276.0,0.7857287018175795,2.4368017958438952,0.12202333583584295,0.6750011240966043,0.07821230158833903,0.1506460218632079,0.8191988037991444,-27.459669384809395
276,277.0,0.18334215505994156,8.86389181769142,0.12202338108551332,0.6750011757000427,0.07821230158855455,0.15064602186341547,0.8191988037989311,-27.459669384790104
277,278.0,0.04706957087147878,2.114855215876629,0.12202338746709224,0.6750011562793999,0.07821230158851201,0.1506460218633745,0.8191988037990124,-27.459669384793916
278,279.0,0.7523945376491156,7.878437407452772,0.1220239962452364,0.6749994890806243,0.0782123015875377,0.1506460218624362,0.819198803800947,-27.459669384881114
279,280.0,0.08500330974721315,3.0137692335798394,0.12202341096609029,0.6750010871840825,0.07821230158836819,0.150646021863236,0.8191988037992911,-27.459669384806787
280,281.0,0.5254009825575056,4.62878123827344,0.12202386353942678,0.6749998442700346,0.07821230158732444,0.1506460218622308,0.8191988038013728,-27.4596693849002
281,282.0,0.2442189654737017,9.74646873383659,0.1220233971966284,0.675001126533921,0.07821230158844814,0.150646021863313,0.8191988037991347,-27.45966938479963
282,283.0,0.7321106424201308,8.022007942770866,0.12202402964680266,0.6749993992989659,0.07821230158762732,0.1506460218625225,0.8191988038007675,-27.45966938487309
283,284.0,0.5963707599637225,6.373698687167402,0.12202401098918901,0.6749994498199798,0.07821230158757494,0.15064602186247206,0.8191988038008722,-27.45966938487778
284,285.0,0.5171457978762625,3.8865667514464044,0.12202373306334044,0.6750001845856741,0.07821230158732984,0.15064602186223602,0.8191988038013551,-27.45966938489972
285,286.0,0.0013233548402828976,7.0728692443868555,0.12202329030762832,0.6750014455967834,0.07821230158921706,0.15064602186405351,0.8191988037976591,-27.45966938473081
286,287.0,0.10278952773363481,3.2406493096890765,0.12202342432311161,0.6750010475625801,0.07821230158828954,0.15064602186316026,0.8191988037994433,-27.45966938481382
287,288.0,0.6263492566225761,6.790274980179466,0.12202402059024205,0.6749994232244767,0.07821230158760216,0.15064602186249826,0.8191988038008182,-27.459669384875344
288,289.0,0.7347990262546819,3.2227585646934545,0.12202336665463677,0.6750010902670259,0.07821230158829935,0.1506460218631697,0.8191988037992791,-27.459669384812948
289,290.0,0.18024553693626022,3.2117522120656528,0.12202350829855531,0.6750008027445012,0.07821230158787298,0.15064602186275908,0.8191988038002578,-27.459669384851107
290,291.0,0.06994219430752746,6.328912981419207,0.12202334038235492,0.6750012959994208,0.07821230158883187,0.15064602186368256,0.8191988037983965,-27.459669384765284
291,292.0,0.5103418762006704,0.9975143493610796,0.1220235532249809,0.6750005653572582,0.07821230158755509,0.15064602186245293,0.8191988038008416,-27.459669384879557
292,293.0,0.6243280286262566,0.9373295993525028,0.12202369366644569,0.6750002385595082,0.07821230158734592,0.1506460218622515,0.819198803801314,-27.459669384898277
293,294.0,0.7486958887906424,7.30396095835329,0.12202394223376115,0.6749996333803098,0.07821230158742408,0.15064602186232676,0.8191988038011746,-27.459669384891285
294,295.0,0.9160170909614225,3.4483943665233157,0.12202332765389574,0.6750011696383141,0.07821230158843984,0.150646021863305,0.8191988037989566,-27.459669384800375
295,296.0,0.10182951447954902,0.8958757945165979,0.12202380007105487,0.6750000108836685,0.07821230158730177,0.15064602186220896,0.8191988038014162,-27.459669384902234
296,297.0,0.9918648635189907,8.97318147825613,0.12202388552096524,0.6749997855033648,0.07821230158734423,0.15064602186224985,0.8191988038013336,-27.459669384898426
297,298.0,0.3438280956822297,8.30052811717133,0.12202345872694031,0.6750009457630034,0.07821230158810163,0.1506460218629793,0.8191988037998081,-27.45966938483064
298,299.0,0.9014835397522499,6.6430008256253545,0.12202371693987447,0.6750002259294328,0.07821230158734421,0.15064602186224985,0.8191988038013245,-27.459669384898433
299,300.0,0.5890955110299689,7.642329301628464,0.12202413879579135,0.6749991015493092,0.07821230158803016,0.15064602186291046,0.8191988037999649,-27.45966938483704
300,301.0,0.3222060751480833,4.745496916411753,0.12202420958781009,0.6749989057624596,0.07821230158838427,0.1506460218632515,0.8191988037992635,-27.45966938480535
301,302.0,0.9472612254503234,2.4349819504561037,0.12202340162764205,0.6750009430535936,0.07821230158802168,0.1506460218629023,0.8191988037998172,-27.459669384837795
302,303.0,0.7436765112962238,5.935768634740954,0.12202378246964363,0.6750000554805283,0.07821230158730401,0.15064602186221113,0.8191988038014107,-27.45966938490203
303,304.0,0.05591983908867393,5.085224428437222,0.12202333946809472,0.6750012986315455,0.07821230158883821,0.15064602186368864,0.8191988037983842,-27.45966938476472
304,305.0,0.8995942825859884,5.968495225665585,0.12202363116114796,0.6750004467786301,0.07821230158747101,0.15064602186237197,0.8191988038010575,-27.459669384887082
305,306.0,0.5470369474310395,1.5710677140703626,0.12202335758426266,0.6750010627441654,0.07821230158822422,0.15064602186309736,0.8191988037993857,-27.45966938481967
306,307.0,0.11281832852612383,5.831097229299894,0.1220233760126923,0.675001190453407,0.07821230158858691,0.15064602186344664,0.8191988037988683,-27.459669384787208
307,308.0,0.13431219543015083,4.588005600968276,0.12202341507395353,0.6750010736371573,0.07821230158834004,0.15064602186320888,0.8191988037993438,-27.459669384809303
308,309.0,0.08671344814578541,5.735613506942624,0.12202335669223775,0.675001246752913,0.07821230158871417,0.15064602186356918,0.8191988037986215,-27.459669384775818
309,310.0,0.7864720282026451,4.5420571730074535,0.122023524384308,0.6750007133995893,0.07821230158773328,0.15064602186262455,0.8191988038005014,-27.45966938486361
310,311.0,0.10318323749733183,3.551866512144452,0.12202341533238396,0.675001075159898,0.07821230158834462,0.1506460218632133,0.819198803799338,-27.459669384808894
311,312.0,0.9965823281807961,2.0735312844379603,0.12202351646276863,0.6750006536936816,0.07821230158764192,0.15064602186253656,0.819198803800648,-27.459669384871788
312,313.0,0.6678240231514212,2.080494913888831,0.12202333397815553,0.6750011288222932,0.07821230158834798,0.15064602186321654,0.8191988037991252,-27.459669384808596
313,314.0,0.2696541319352347,5.784468347425806,0.1220234767665076,0.6750008926097198,0.07821230158801153,0.15064602186289253,0.8191988037999838,-27.459669384838705
314,315.0,0.4122403090447522,5.287648464188181,0.12202413143419197,0.6749991212834775,0.0782123015879987,0.15064602186288015,0.8191988038000281,-27.459669384839856
315,316.0,0.1928944415741829,3.7786734339345958,0.12202349075668584,0.6750008527513724,0.07821230158794826,0.15064602186283158,0.8191988038001088,-27.459669384844368
316,317.0,0.29281020081114517,7.728644934563981,0.12202344704396303,0.6750009803461723,0.07821230158816321,0.1506460218630386,0.8191988037996885,-27.459669384825133
317,318.0,0.2593327105442743,2.859439024954855,0.12202403318337156,0.6749993894056429,0.07821230158763823,0.150646021862533,0.8191988038007461,-27.459669384872115
318,319.0,0.7086394286883662,5.666861493162606,0.12202378324175614,0.6750000530786202,0.0782123015873038,0.15064602186221093,0.8191988038014113,-27.459669384902046
319,320.0,0.039915400606715834,2.157809569791867,0.12202337137224191,0.6750012027351493,0.0782123015886132,0.15064602186347195,0.8191988037988154,-27.459669384784856
320,321.0,0.739507883157737,8.849467403221878,0.12202408844030756,0.6749992394294191,0.07821230158782347,0.1506460218627114,0.8191988038003762,-27.459669384855534
321,322.0,0.43187106286962695,8.587323789858939,0.12202348992729804,0.6750008562684876,0.07821230158795432,0.15064602186283743,0.8191988038000981,-27.459669384843828
322,323.0,0.5406975138437923,9.523195372297595,0.12202351215269301,0.6750007931818598,0.07821230158785986,0.15064602186274645,0.8191988038002851,-27.459669384852283
323,324.0,0.16144626918799232,9.936699695800954,0.1220233623530204,0.6750012307965374,0.07821230158867792,0.1506460218635343,0.8191988037986926,-27.459669384779062
324,325.0,0.18620759421109534,6.940909875094706,0.12202340487708549,0.6750011040106169,0.07821230158840159,0.15064602186326817,0.8191988037992248,-27.459669384803796
325,326.0,0.19023324135329078,1.98359012516888,0.12202399280628133,0.6749994986951379,0.07821230158752882,0.15064602186242762,0.8191988038009645,-27.45966938488191
326,327.0,0.3584711647596973,3.8322099253396766,0.12202401150128148,0.6749994486524675,0.07821230158757604,0.1506460218624731,0.8191988038008697,-27.45966938487768
327,328.0,0.29144508489023546,4.053350475860379,0.122024180000401,0.6749989894569699,0.07821230158822307,0.15064602186309622,0.8191988037995802,-27.459669384819772
328,329.0,0.25238317437184177,2.4096912361512195,0.12202392693635453,0.6749996747567315,0.0782123015873982,0.15064602186230183,0.8191988038012261,-27.459669384893598
329,330.0,0.13206919990908894,8.523945037916889,0.12202335716903441,0.675001244059391,0.0782123015887069,0.1506460218635622,0.8191988037986336,-27.45966938477647
330,331.0,0.5623548976902008,4.768620257335449,0.12202383217034891,0.6749999261396645,0.07821230158730726,0.15064602186221426,0.8191988038014065,-27.459669384901737
331,332.0,0.8255866882490878,7.30038096608678,0.12202386568498229,0.6749998361992049,0.07821230158732709,0.15064602186223336,0.8191988038013681,-27.459669384899964
332,333.0,0.565180877468908,1.4543462296098317,0.12202340159785233,0.675000943374995,0.07821230158802227,0.15064602186290285,0.8191988037998161,-27.459669384837746
333,334.0,0.22991291352513155,2.1839249246272328,0.12202392353313976,0.6749996849755833,0.07821230158739201,0.1506460218622959,0.8191988038012379,-27.459669384894156
334,335.0,0.5715553129556813,1.4083859705423272,0.12202342313691926,0.6750008884061888,0.07821230158793888,0.15064602186282255,0.8191988037999972,-27.459669384845206
335,336.0,0.08343782955163548,6.139897692112396,0.12202334970596948,0.6750012667458005,0.07821230158876052,0.15064602186361384,0.8191988037985312,-27.459669384771672
336,337.0,0.7265973256292723,1.4007443203443093,0.1220235628096306,0.6750005422138557,0.07821230158753441,0.15064602186243303,0.8191988038008877,-27.459669384881412
337,338.0,0.8546049162785051,1.6358228019622938,0.12202356638424895,0.6750005330879539,0.07821230158752646,0.15064602186242537,0.8191988038009054,-27.45966938488212
338,339.0,0.6275717321623754,6.949481778598227,0.12202403671880148,0.6749993803951505,0.07821230158764796,0.1506460218625424,0.8191988038007261,-27.459669384871248
339,340.0,0.7479116020359459,3.380954589146556,0.12202337976181203,0.6750010606982585,0.07821230158824748,0.15064602186311973,0.8191988037993935,-27.45966938481759
340,341.0,0.2536475058507631,6.65348000956531,0.1220234472261025,0.6750009795354722,0.0782123015881616,0.15064602186303702,0.8191988037996912,-27.459669384825276
341,342.0,0.2226897747686749,0.5095533746421245,0.12202380518011394,0.6749999992375451,0.07821230158730173,0.15064602186220893,0.8191988038014164,-27.459669384902234
342,343.0,0.0872352362235227,3.318119602454515,0.12202340390536963,0.6750011073695585,0.0782123015884088,0.15064602186327514,0.8191988037992116,-27.45966938480315
343,344.0,0.7426929740776992,0.6640593191596778,0.12202400909257696,0.6750005603041965,0.0782123015891567,0.15064602186399537,0.819198803800852,-27.459669384736213
344,345.0,0.15030231504636327,8.634786692893995,0.12202336684446294,0.6750012161096289,0.07821230158864331,0.15064602186350096,0.8191988037987573,-27.45966938478216
345,346.0,0.5769309486532299,4.303843095326422,0.12202372653644142,0.6750002017160754,0.0782123015873355,0.15064602186224146,0.8191988038013431,-27.45966938489921
346,347.0,0.7159972855489366,4.5836302703171965,0.12202360224385435,0.6750005184880543,0.07821230158752958,0.15064602186242834,0.819198803800933,-27.459669384881842
347,348.0,0.33539354800806365,4.21474486887649,0.12202411921363913,0.6749991543825513,0.07821230158794734,0.15064602186283071,0.8191988038001305,-27.45966938484445
348,349.0,0.3993207772080857,5.003194574963912,0.12202411819809854,0.6749991592447702,0.07821230158793874,0.15064602186282242,0.8191988038001454,-27.45966938484522
349,350.0,0.5314707164101311,2.179679626022943,0.12202334457971134,0.6750011375096961,0.07821230158838344,0.15064602186325068,0.8191988037990898,-27.459669384805416
350,351.0,0.5794492879645416,7.602129580112002,0.12202414596041697,0.6749990822818571,0.07821230158806157,0.1506460218629407,0.8191988037999021,-27.45966938483423
351,352.0,0.31558469998289707,6.828125166544849,0.12202347708183317,0.6750008943293646,0.07821230158801583,0.15064602186289666,0.8191988037999782,-27.45966938483832
352,353.0,0.23790116699035357,8.126420669139259,0.12202341543486005,0.6750010733156163,0.07821230158833989,0.15064602186320875,0.8191988037993451,-27.459669384809317
353,354.0,0.9630630331467258,7.756298921799838,0.12202418324939499,0.6750004675151151,0.07821230159005485,0.15064602186486037,0.8191988038010233,-27.459669384655832
354,355.0,0.5624279515370426,5.951898557687526,0.12202400321986094,0.6749994695597,0.07821230158755622,0.15064602186245402,0.8191988038009105,-27.459669384879454
355,356.0,0.3204766289681099,0.010936032823106298,0.12202380324560277,0.6750000022884836,0.0782123015873018,0.15064602186220902,0.8191988038014163,-27.459669384902227
356,357.0,0.14480416590510037,7.156792035772923,0.1220233785355072,0.6750011817589137,0.07821230158856676,0.15064602186342724,0.8191988037989053,-27.45966938478901
357,358.0,0.19462044206915663,8.521638827186536,0.1220233892263221,0.6750011506750639,0.07821230158849968,0.15064602186336262,0.8191988037990356,-27.459669384795017
358,359.0,0.5259400898612644,8.046261224496037,0.12202423033036576,0.6749988500181366,0.07821230158849657,0.15064602186335962,0.8191988037990386,-27.459669384795298
359,360.0,0.08570744173285483,1.981575667951136,0.12202346605859797,0.675000925781583,0.07821230158806805,0.15064602186294695,0.8191988037998753,-27.45966938483365
360,361.0,0.2961250478232902,6.356332081160749,0.12202347721522505,0.6750008920190954,0.07821230158801094,0.15064602186289194,0.8191988037999858,-27.45966938483876
361,362.0,0.21109926636525955,3.240489953835092,0.12202423319279068,0.6749988430145989,0.07821230158851056,0.15064602186337311,0.8191988037990094,-27.459669384794047
362,363.0,0.6540197492847271,5.029486585285916,0.12202375356555442,0.6750001324926077,0.078212301587316,0.15064602186222267,0.8191988038013848,-27.45966938490096
363,364.0,0.44030542303187714,4.921225386009849,0.12202404230351326,0.6749993640673515,0.0782123015876669,0.15064602186256063,0.8191988038006893,-27.45966938486955
364,365.0,0.20799091423440397,2.855970438594361,0.12202417120833403,0.6749990125602289,0.07821230158818199,0.15064602186305667,0.8191988037996633,-27.45966938482345
365,366.0,0.49378777697979237,2.6114386377098047,0.12202346572171957,0.6750008578547172,0.07821230158792475,0.15064602186280893,0.8191988038000931,-27.459669384846478
366,367.0,0.9327259253668415,9.173180808222975,0.12202395034231293,0.6749996127362043,0.07821230158743775,0.1506460218623399,0.8191988038011467,-27.45966938489006
367,368.0,0.39119342786687294,7.541954191527298,0.12202349558177084,0.6750008405522494,0.07821230158793027,0.15064602186281426,0.819198803800146,-27.45966938484598
368,369.0,0.962844018517005,9.634151406347396,0.12202396238033147,0.6749995794514558,0.07821230158746224,0.15064602186236353,0.8191988038010983,-27.459669384887864
369,370.0,0.9567381802126794,7.048119510387798,0.12202371580912484,0.6750002283151793,0.07821230158734506,0.15064602186225068,0.8191988038013226,-27.459669384898355
370,371.0,0.46448108357499795,1.862033945552738,0.12202333847355991,0.6750011505105449,0.0782123015884071,0.15064602186327347,0.8191988037990364,-27.459669384803306
371,372.0,0.6791194284795088,3.564112754914782,0.12202346040411789,0.6750008709872568,0.07821230158794386,0.15064602186282736,0.8191988038000524,-27.45966938484476
372,373.0,0.1958308441970824,4.671370244459055,0.12202346077272874,0.6750009402022187,0.07821230158809223,0.15064602186297021,0.819198803799827,-27.459669384831486
373,374.0,0.209856624096173,1.530048949230999,0.12202370768463414,0.6750002501730665,0.07821230158735407,0.15064602186225934,0.8191988038013038,-27.459669384897552
374,375.0,0.5260701759699744,3.107707749476362,0.12202354097887039,0.675000673492816,0.07821230158768692,0.1506460218625799,0.8191988038006008,-27.45966938486776
375,376.0,0.08070380798225285,8.848169243200767,0.12202333111703177,0.6750013226757627,0.07821230158889654,0.15064602186374484,0.8191988037982709,-27.459669384759497
376,377.0,0.5122663782575846,5.843635298692147,0.12202405686378243,0.6749993252884658,0.07821230158771236,0.1506460218626044,0.819198803800598,-27.45966938486548
377,378.0,0.679903407587019,0.7562180756728754,0.12202378127471693,0.6750000469439262,0.07821230158730348,0.15064602186221063,0.8191988038014124,-27.459669384902078
378,379.0,0.776781917715167,6.555216859576839,0.12202382865291515,0.6749999348020727,0.07821230158730617,0.15064602186221324,0.8191988038014087,-27.459669384901837
379,380.0,0.41379497321993997,8.629890747636452,0.1220234825409728,0.6750008778725526,0.07821230158798874,0.15064602186287057,0.8191988038000306,-27.459669384840744
380,381.0,0.6321752441653655,0.5321838654116385,0.12202380459406317,0.6750000015631752,0.07821230158730173,0.15064602186220893,0.8191988038014163,-27.459669384902234
381,382.0,0.7315822903502234,5.093015554473821,0.12202366967060024,0.6750003475286288,0.07821230158740361,0.15064602186230705,0.8191988038011991,-27.45966938489311
382,383.0,0.8277960465991512,1.6953883551112205,0.12202352769014929,0.6750006284178819,0.07821230158761608,0.1506460218625117,0.8191988038007063,-27.4596693848741
383,384.0,0.2685616271248221,3.72456349367,0.12202417922543539,0.6749989922892685,0.07821230158821736,0.15064602186309073,0.8191988037995905,-27.459669384820284
384,385.0,0.1530638556951256,1.4522180795246533,0.12202392264094637,0.6749996864532615,0.07821230158739138,0.15064602186229528,0.8191988038012397,-27.459669384894205
385,386.0,0.42117328852220404,1.2555762376098039,0.12202334615247752,0.6750010941290703,0.07821230158828174,0.15064602186315273,0.8191988037992639,-27.459669384814518
386,387.0,0.40868931692337496,8.229038382353126,0.12202348709551229,0.6750008634576903,0.0782123015879651,0.1506460218628478,0.8191988038000758,-27.459669384842858
387,388.0,0.3703172805349946,5.879138159189522,0.1220235307029604,0.675000740664693,0.07821230158778686,0.15064602186267614,0.8191988038004301,-27.459669384858813
388,389.0,0.1311990319016133,1.7892052772277454,0.12202416780605785,0.6749990215225845,0.0782123015881663,0.15064602186304157,0.8191988037996949,-27.459669384824853
389,390.0,0.9004284531494179,7.740446234670815,0.12202384470918012,0.6749998935629461,0.07821230158731268,0.1506460218622195,0.819198803801396,-27.45966938490125
390,391.0,0.12499527435826496,2.7135281970187046,0.12202347593672418,0.6750008970343455,0.07821230158801992,0.1506460218629006,0.8191988037999696,-27.45966938483795
391,392.0,0.7382220670860489,0.2206372251272217,0.12202379146243347,0.6750000282513727,0.07821230158730232,0.15064602186220952,0.8191988038014149,-27.459669384902185
392,393.0,0.9034593992673409,4.001749764261436,0.12202337027742483,0.6750010824813141,0.0782123015882858,0.15064602186315665,0.8191988037993095,-27.45966938481416
393,394.0,0.016091358157622526,9.86471785884587,0.1220232954448009,0.6750014289226697,0.07821230158917078,0.15064602186400894,0.8191988037977451,-27.45966938473495
394,395.0,0.106060085942011,1.7438369593834857,0.12202352361199348,0.675000760077184,0.07821230158781295,0.15064602186270126,0.8191988038003777,-27.45966938485648
395,396.0,0.8410292378393094,4.316037434493764,0.12202344597042772,0.6750009061542537,0.07821230158799636,0.1506460218628779,0.81919880379994,-27.459669384840065
396,397.0,0.6506881536312391,3.784013485216347,0.12202352906240495,0.6750007020932449,0.07821230158771984,0.1506460218626116,0.8191988038005301,-27.45966938486481
397,398.0,0.4315417388425262,5.402065607873613,0.12202411881504702,0.6749991578115581,0.07821230158794075,0.15064602186282436,0.8191988038001411,-27.45966938484504
398,399.0,0.6152203794738409,1.8637006962481442,0.12202334062443954,0.675001108654612,0.07821230158830866,0.15064602186317866,0.8191988037992064,-27.459669384812113
399,400.0,0.10070650461894037,0.16980246965958964,0.12202379925177269,0.6750000134977284,0.07821230158730182,0.15064602186220902,0.819198803801416,-27.459669384902227
400,401.0,0.46068978837775676,8.891417055474879,0.12202349577358618,0.6750008401518777,0.07821230158792974,0.15064602186281376,0.8191988038001472,-27.459669384846023
401,402.0,0.6312280480571514,7.034749738514189,0.12202404096779837,0.674999369318174,0.07821230158766021,0.15064602186255416,0.8191988038007012,-27.459669384870153
402,403.0,0.1345502826736079,3.59184330738116,0.12202344540563564,0.6750009852094968,0.07821230158817209,0.15064602186304715,0.8191988037996711,-27.459669384824338
403,404.0,0.3301031657157347,6.907096664346312,0.12202348237824388,0.6750008784525894,0.0782123015879897,0.1506460218628715,0.819198803800029,-27.45966938484066
404,405.0,0.5411662551776381,5.921131347947241,0.12202402726420042,0.6749994048621556,0.07821230158762167,0.15064602186251705,0.8191988038007796,-27.459669384873596
405,406.0,0.4114679752600443,9.728672822944286,0.12202346230964685,0.6750009362825622,0.07821230158808576,0.15064602186296402,0.8191988037998403,-27.459669384832065
406,407.0,0.2754115141085324,6.40078402120766,0.12202346656361612,0.6750009249993011,0.0782123015880671,0.15064602186294604,0.8191988037998779,-27.45966938483373
407,408.0,0.5028240865075772,8.376312158072732,0.12202352074133385,0.6750007676926651,0.07821230158782327,0.15064602186271123,0.8191988038003567,-27.45966938485555
408,409.0,0.8099238462893346,4.361622289229509,0.12202347540462966,0.6750008338378829,0.07821230158789036,0.15064602186277581,0.8191988038001662,-27.459669384849555
409,410.0,0.06940257900654445,1.7126667113421419,0.12202345600741069,0.6750009542142181,0.0782123015881167,0.1506460218629938,0.8191988037997793,-27.45966938482929
410,411.0,0.5902279656788544,4.021834594889884,0.12202365402596134,0.675000388965797,0.0782123015874299,0.15064602186233236,0.8191988038011444,-27.459669384890763
411,412.0,0.121299179633933,8.839420011350597,0.12202335094063406,0.6750012635066135,0.07821230158875321,0.1506460218636068,0.8191988037985459,-27.459669384772322
412,413.0,0.9689979898877914,7.887177958317993,0.1220238968346179,0.6750001214149517,0.07821230158746643,0.15064602186236756,0.8191988038013898,-27.45966938488749
413,414.0,0.6869418925633859,8.713618065245079,0.12202412614411223,0.674999137242651,0.07821230158797268,0.1506460218628551,0.8191988038000781,-27.45966938484218
414,415.0,0.08317012071493679,8.33841363900697,0.12202333477960384,0.6750013119857018,0.07821230158887037,0.15064602186371961,0.8191988037983213,-27.459669384761842
415,416.0,0.4298216637188894,8.483513600211058,0.12202349039251108,0.6750008542832471,0.07821230158795088,0.1506460218628341,0.8191988038001041,-27.459669384844133
416,417.0,0.1109350246201598,4.729528542489259,0.12202339144839905,0.6750011429890228,0.07821230158848248,0.15064602186334608,0.8191988037990674,-27.45966938479656
417,418.0,0.6378501463855437,4.3433162826583835,0.12202365004141942,0.6750003968444985,0.07821230158743471,0.150646021862337,0.8191988038011331,-27.459669384890333
418,419.0,0.04327413174901795,9.815879781493232,0.12202330842707182,0.6750013895289971,0.07821230158906589,0.15064602186390794,0.8191988037979447,-27.459669384744338
419,420.0,0.07111335575031774,9.352630821941748,0.12202332441414533,0.6750013429970317,0.07821230158894761,0.150646021863794,0.8191988037981734,-27.45966938475493
420,421.0,0.5007747608257616,3.826415858313539,0.12202374711636955,0.6750001479361086,0.07821230158731957,0.15064602186222611,0.819198803801377,-27.459669384900636
421,422.0,0.8973231742483281,9.178750476962268,0.12202397844559207,0.6749995367448138,0.07821230158749601,0.15064602186239603,0.8191988038010305,-27.459669384884844
422,423.0,0.7855881946628401,5.292860873372215,0.12202364314982259,0.67500041583301,0.07821230158744817,0.15064602186234996,0.8191988038011054,-27.459669384889125
423,424.0,0.5584196623428237,3.9548870427881635,0.12202368374655792,0.6750003115687797,0.07821230158738343,0.15064602186228762,0.8191988038012418,-27.459669384894923
424,425.0,0.9754054073382914,2.956864953006113,0.12202334223514635,0.675001106659829,0.07821230158830597,0.15064602186317608,0.8191988037992144,-27.459669384812358
425,426.0,0.7993670562112998,9.072314055204124,0.12202405317661086,0.6749993350723209,0.07821230158770072,0.15064602186259318,0.8191988038006214,-27.459669384866523
426,427.0,0.6864485528295102,2.3638979013989787,0.12202332316030179,0.6750011683608752,0.07821230158843025,0.15064602186329576,0.819198803798962,-27.459669384801234
427,428.0,0.7169304469800705,0.44157086361613873,0.12202380050089064,0.6750000076393902,0.07821230158730182,0.15064602186220902,0.8191988038014163,-27.459669384902227
428,429.0,0.0543771378602832,3.1237604018144443,0.1220233668620039,0.6750012162074457,0.07821230158864366,0.1506460218635013,0.8191988037987568,-27.459669384782128
429,430.0,0.4522744665370002,1.782641974057803,0.12202333536216266,0.6750011563779923,0.07821230158841742,0.1506460218632834,0.819198803799012,-27.45966938480238
430,431.0,0.43495564353312033,7.463221800648511,0.12202351523637985,0.675000783294051,0.07821230158784513,0.15064602186273227,0.8191988038003133,-27.4596693848536
431,432.0,0.9646728531308875,1.3355494064113376,0.12202372706079531,0.6750001637799274,0.07821230158732247,0.15064602186222892,0.819198803801368,-27.45966938490038
432,433.0,0.3942065854989657,6.54102977411311,0.12202352111133108,0.6750007662547503,0.07821230158782107,0.1506460218627091,0.8191988038003606,-27.45966938485575
433,434.0,0.3775087379333655,2.894449310204847,0.12202374890744704,0.6750001427684106,0.07821230158731828,0.15064602186222487,0.8191988038013797,-27.459669384900753
434,435.0,0.3588332202384543,8.380318387757756,0.12202346543290457,0.6750009284781243,0.07821230158807314,0.15064602186295184,0.8191988037998663,-27.45966938483319
435,436.0,0.35895215145936044,2.6686988887235468,0.12202372359489265,0.6750002089228163,0.07821230158733794,0.15064602186224382,0.8191988038013378,-27.459669384898994
436,437.0,0.9717055571902776,5.147903762583317,0.12202346451774204,0.6750008609726081,0.07821230158792931,0.15064602186281334,0.8191988038000835,-27.459669384846066
437,438.0,0.6289015173533513,4.76141998848909,0.1220237371581093,0.6750001719512219,0.07821230158732588,0.1506460218622322,0.8191988038013632,-27.459669384900074
438,439.0,0.8191649702577695,5.182490777244743,0.1220235943041818,0.6750005397821438,0.0782123015875491,0.15064602186244716,0.8191988038008926,-27.459669384880094
439,440.0,0.6491821580932778,1.0242855401166555,0.12202367238705668,0.6750002875698725,0.07821230158736622,0.15064602186227105,0.8191988038012676,-27.459669384896465
440,441.0,0.23292056540110573,3.049295037626925,0.12202414430858273,0.6749990867008108,0.07821230158805428,0.1506460218629337,0.8191988037999167,-27.459669384834882
441,442.0,0.21093553244512353,9.456430203753513,0.1220233868468158,0.6750011565384487,0.07821230158851143,0.15064602186337395,0.8191988037990113,-27.459669384793965
442,443.0,0.2233218320473246,5.588149302466345,0.12202345381270838,0.675000960660816,0.0782123015881281,0.15064602186300477,0.819198803799757,-27.459669384828274
443,444.0,0.18533091303002935,8.95355641484594,0.12202338103731146,0.6750011746957972,0.07821230158855152,0.15064602186341255,0.8191988037989353,-27.459669384790377
444,445.0,0.6259043727426716,6.620330311724171,0.12202400490558742,0.6749994669535674,0.07821230158755804,0.15064602186245576,0.8191988038009055,-27.45966938487929
445,446.0,0.6413772075518656,1.3163493269641438,0.12202352529543581,0.6750006326806612,0.07821230158762013,0.15064602186251558,0.8191988038006968,-27.459669384873738
446,447.0,0.9662525105731211,0.14888552131867364,0.1220238147140886,0.674999981848303,0.07821230158730198,0.15064602186220918,0.8191988038014157,-27.459669384902213
447,448.0,0.8718150707074417,7.985689576222112,0.12202389368744597,0.674999762415903,0.07821230158735391,0.1506460218622592,0.8191988038013148,-27.459669384897563
448,449.0,0.31108471225568424,5.982210625665528,0.12202349615950392,0.6750008390376714,0.078212301587928,0.15064602186281206,0.8191988038001506,-27.459669384846183
449,450.0,0.6895227678415522,9.96958232361484,0.12202420105264974,0.674998930443294,0.07821230158833499,0.15064602186320403,0.8191988037993595,-27.459669384809757
450,451.0,0.7089489781906955,1.7137012313614024,0.12202343264879838,0.6750008631612111,0.07821230158790202,0.15064602186278706,0.8191988038000768,-27.45966938484851
451,452.0,0.03532363353921275,9.453499876803749,0.12202330616633773,0.6750013969601987,0.07821230158908594,0.15064602186392723,0.8191988037979077,-27.459669384742547
452,453.0,0.2570823010193346,6.813137527245893,0.12202344558168417,0.6750009846781584,0.07821230158817111,0.15064602186304618,0.8191988037996731,-27.459669384824423
453,454.0,0.7084179137746148,0.8029610973879168,0.12202377808754444,0.6750000543120355,0.078212301587304,0.1506460218622111,0.8191988038014111,-27.459669384902035
454,455.0,0.36974702293384953,0.3316250619840097,0.12202381381879102,0.6749999831668848,0.07821230158730193,0.15064602186220913,0.8191988038014159,-27.459669384902213
455,456.0,0.4751214287589953,9.834830089449337,0.12202348307492952,0.675000876173978,0.07821230158798592,0.15064602186286785,0.8191988038000361,-27.459669384841
456,457.0,0.3801310563646765,8.024919931630846,0.12202347918098214,0.6750008867055625,0.07821230158800252,0.15064602186288384,0.8191988038000027,-27.459669384839515
457,458.0,0.9123662998212375,2.030855797745001,0.12202347764616482,0.6750007499303254,0.07821230158775203,0.1506460218626426,0.8191988038004051,-27.459669384861932
458,459.0,0.6243809899475194,6.237812842780983,0.12202396254324209,0.6749995805933531,0.0782123015874609,0.15064602186236223,0.8191988038011001,-27.459669384887988
459,460.0,0.9137033538654499,3.9537741561265696,0.12202336362539713,0.6750010973245083,0.07821230158831208,0.15064602186318196,0.8191988037992513,-27.45966938481181
460,461.0,0.158160794342604,7.547819587518194,0.12202338251907778,0.675001171661579,0.0782123015885459,0.15064602186340714,0.8191988037989482,-27.45966938479088
461,462.0,0.0325395900884734,9.758785454515333,0.12202330447355411,0.6750014024301679,0.0782123015891007,0.15064602186394144,0.8191988037978801,-27.459669384741225
462,463.0,0.35723985452339846,0.8185596128178105,0.12202379762828128,0.6750000134006445,0.07821230158730193,0.15064602186220913,0.819198803801416,-27.459669384902213
463,464.0,0.09420481919665136,1.9489484241644408,0.12202348428143678,0.6750008731212469,0.07821230158798124,0.15064602186286336,0.8191988038000457,-27.459669384841416
464,465.0,0.5505543256909772,7.80806713729325,0.12202418912931508,0.6749989626050694,0.07821230158827404,0.15064602186314535,0.8191988037994815,-27.45966938481521
465,466.0,0.48651857655886743,3.50273093688154,0.12202369691787238,0.6750002773648903,0.0782123015873662,0.15064602186227102,0.819198803801278,-27.459669384896465
466,467.0,0.205729155953565,0.8760457394650997,0.12202379918151032,0.6750000082846099,0.07821230158730193,0.15064602186220913,0.8191988038014162,-27.459669384902213
467,468.0,0.6407800412496945,9.460230540164815,0.122024211402326,0.6749989016183241,0.07821230158839183,0.15064602186325876,0.8191988037992473,-27.45966938480467
468,469.0,0.057193739337580096,0.09963481243352629,0.12202380149743391,0.6750000083082316,0.07821230158730175,0.15064602186220896,0.8191988038014162,-27.459669384902234
469,470.0,0.7798233281702928,7.9992785712931775,0.12202398153377249,0.6749995285515644,0.07821230158750289,0.15064602186240267,0.8191988038010167,-27.45966938488423
470,471.0,0.8077038920339116,2.652210004566363,0.1220233245924907,0.6750011575476854,0.0782123015884054,0.15064602186327183,0.8191988037990071,-27.459669384803455
471,472.0,0.7376395750320826,0.8867318917215945,0.12202376713325844,0.6750000772516718,0.07821230158730631,0.15064602186221335,0.8191988038014056,-27.459669384901822
472,473.0,0.9715640494067856,2.022232084171441,0.12202351693958634,0.6750006533792582,0.07821230158764177,0.1506460218625364,0.8191988038006488,-27.4596693848718
473,474.0,0.9411247280199444,7.116237514954552,0.12202373762649733,0.6750001726719952,0.07821230158732624,0.15064602186223255,0.8191988038013627,-27.45966938490004
474,475.0,0.6343038195974128,3.1619165069362785,0.12202342948873385,0.6750009449273872,0.07821230158805587,0.15064602186293521,0.819198803799811,-27.45966938483474
475,476.0,0.677199620980378,1.4643774614356513,0.12202349406504696,0.675000709420445,0.07821230158770383,0.15064602186259618,0.8191988038005115,-27.459669384866245
476,477.0,0.7456174438251684,6.585587229738974,0.1220238665018208,0.67499983648023,0.07821230158732667,0.15064602186223297,0.8191988038013682,-27.4596693849
477,478.0,0.08356939256651974,6.112251060470441,0.12202335044227923,0.6750012650653665,0.07821230158875694,0.1506460218636104,0.8191988037985389,-27.459669384771992
478,479.0,0.003975417116596769,7.195228941648833,0.12202329130758527,0.6750014421411064,0.07821230158920724,0.15064602186404405,0.819198803797677,-27.459669384731693
479,480.0,0.3089344796471589,7.999138922554029,0.1220234508732467,0.6750009711899289,0.078212301588148,0.15064602186302395,0.8191988037997204,-27.459669384826494
480,481.0,0.15691678279208987,8.921843144574312,0.12202336630731431,0.6750012171175297,0.07821230158864514,0.15064602186350273,0.8191988037987529,-27.459669384781996
481,482.0,0.41374139731118964,6.220215994243439,0.12202422007109807,0.674998876645646,0.07821230158844297,0.15064602186330803,0.8191988037991474,-27.45966938480009
482,483.0,0.4944276930494681,6.55399527986421,0.12202415278553842,0.6749990640541904,0.0782123015880918,0.15064602186296983,0.8191988037998412,-27.459669384831525
483,484.0,0.9597639826829018,0.057387072322558096,0.12202380078685775,0.6750000060902802,0.07821230158730184,0.15064602186220905,0.8191988038014163,-27.45966938490222
484,485.0,0.7327295447396943,3.366128662934396,0.12202338718732984,0.6750010442588659,0.07821230158821946,0.15064602186309275,0.8191988037994556,-27.459669384820096
485,486.0,0.046814230100500676,0.30687330517182726,0.12202380809871063,0.6749999927742363,0.07821230158730182,0.15064602186220902,0.8191988038014162,-27.459669384902227
486,487.0,0.8660027123217771,7.068426425399143,0.1220238221711643,0.6750000318085893,0.07821230158730809,0.15064602186221507,0.8191988038014145,-27.459669384901666
487,488.0,0.21621007937283876,9.232922748709491,0.12202339176246238,0.675001143466291,0.07821230158848452,0.15064602186334802,0.8191988037990654,-27.45966938479637
488,489.0,0.15270897166803998,2.9486458076973387,0.12202349466911183,0.6750008422298225,0.07821230158793238,0.15064602186281628,0.8191988038001409,-27.459669384845792
489,490.0,0.23292578151649967,0.40966682845936125,0.12202379947166395,0.6750000088227955,0.07821230158730187,0.15064602186220907,0.8191988038014162,-27.45966938490222
490,491.0,0.973400621014443,8.909000762227915,0.12202389347918945,0.6749997638201167,0.07821230158735316,0.15064602186225845,0.819198803801316,-27.45966938489763
491,492.0,0.7989461612023371,6.224714740375059,0.12202376059199445,0.6750001111369939,0.07821230158731153,0.15064602186221837,0.819198803801394,-27.459669384901357
492,493.0,0.9423181927699458,0.0675826745949956,0.12202380038611009,0.6750000079843825,0.07821230158730184,0.15064602186220905,0.8191988038014162,-27.45966938490222
493,494.0,0.3824806199316064,2.9388338558424576,0.1220237513300062,0.6750001368273412,0.07821230158731687,0.15064602186222353,0.8191988038013827,-27.459669384900877
494,495.0,0.46333330701203523,3.8108675638853624,0.12202361596524663,0.6749997844978679,0.07821230158797321,0.1506460218628556,0.8191988038013329,-27.459669384842137
495,496.0,0.17404398014060374,2.5042669567141607,0.12202419819400777,0.674998937791524,0.07821230158832115,0.1506460218631907,0.8191988037993877,-27.459669384810994
496,497.0,0.6753864709426124,9.591687562166994,0.12202419202057153,0.6749989555337872,0.07821230158828674,0.15064602186315754,0.819198803799455,-27.459669384814077
497,498.0,0.10878073701828361,0.12602359911249586,0.12202380869080334,0.6749999942353064,0.0782123015873017,0.1506460218622089,0.8191988038014163,-27.459669384902234
498,499.0,0.14693389279495594,9.78514322676864,0.1220233573100485,0.6750012450755973,0.07821230158871037,0.15064602186356552,0.8191988037986291,-27.45966938477616
499,500.0,0.5776249169467164,7.2558014044741395,0.12202411897969695,0.6749991555578033,0.07821230158794527,0.15064602186282872,0.8191988038001341,-27.459669384844638
500,501.0,0.4097912040253484,2.6877278001403555,0.12202362029015315,0.6750004726396742,0.07821230158749086,0.15064602186239107,0.8191988038010147,-27.459669384885302
501,502.0,0.22890259409165514,4.127911470276457,0.12202350636342577,0.6750008082005283,0.07821230158788094,0.15064602186276674,0.819198803800242,-27.459669384850393
502,503.0,0.006981926514375569,9.950265224086635,0.12202329183531281,0.6750014409646087,0.07821230158920445,0.15064602186404136,0.819198803797683,-27.459669384731942
503,504.0,0.06304976158763531,5.067055988251186,0.12202334482075314,0.675001281985357,0.07821230158879743,0.15064602186364937,0.8191988037984614,-27.459669384768368
504,505.0,0.9644306396932161,5.362307222822601,0.12202349713714608,0.6750007809964538,0.07821230158781874,0.15064602186270684,0.8191988038003196,-27.459669384855964
505,506.0,0.3367746924473557,5.488380855400414,0.12202352554943012,0.6750007549810353,0.07821230158780616,0.15064602186269474,0.8191988038003915,-27.45966938485709
506,507.0,0.48606255159850653,7.535316085911806,0.12202353446980396,0.675000728970069,0.07821230158777086,0.15064602186266074,0.819198803800461,-27.45966938486025
507,508.0,0.7586269652114452,4.2200542853641,0.1220234981897161,0.6750007783150658,0.07821230158781511,0.15064602186270334,0.8191988038003273,-27.459669384856287
508,509.0,0.08897623492598816,2.5399466064275873,0.12202343576703346,0.6750010128697105,0.07821230158822276,0.15064602186309595,0.8191988037995718,-27.459669384819797
509,510.0,0.7315384980646269,3.594535953098221,0.12202342032640284,0.6750009671045009,0.07821230158809135,0.15064602186296938,0.8191988037997348,-27.45966938483156
510,511.0,0.20872293895211946,8.182814598761004,0.12202340051282523,0.675001116913679,0.07821230158842822,0.15064602186329382,0.8191988037991733,-27.459669384801416
511,512.0,0.576167716608569,2.1685094113610246,0.12202332788628109,0.6750011694676675,0.07821230158843974,0.15064602186330492,0.8191988037989573,-27.45966938480038
512,513.0,0.5256251528887441,7.221806056488023,0.12202417263843253,0.6749990088910036,0.0782123015881884,0.15064602186306283,0.8191988037996502,-27.459669384822874
513,514.0,0.9406129046366578,2.7259365405487115,0.12202335314508557,0.6750010732577898,0.07821230158824259,0.15064602186311504,0.8191988037993453,-27.459669384818028
514,515.0,0.3210095121604529,8.866452640542201,0.12202344094339372,0.6750009984293208,0.07821230158819639,0.15064602186307055,0.8191988037996241,-27.45966938482216
515,516.0,0.21645859226640063,6.060234305442087,0.12202343991050513,0.675001001888648,0.07821230158820307,0.150646021863077,0.8191988037996116,-27.459669384821563
516,517.0,0.7678690579093363,5.404930691235726,0.1220236798540812,0.6750003220962376,0.0782123015873892,0.15064602186229317,0.8191988038012297,-27.459669384894404
517,518.0,0.40907974996877217,4.5054713056160125,0.12202403255329881,0.6749993909407106,0.07821230158763663,0.15064602186253145,0.8191988038007493,-27.45966938487226
518,519.0,0.4485777252232971,7.2339783737143675,0.1220235273462503,0.6750007493597029,0.07821230158779825,0.1506460218626871,0.8191988038004068,-27.45966938485779
519,520.0,0.618912662798364,9.73552373953103,0.12202353256013321,0.6750007343732368,0.07821230158777805,0.15064602186266765,0.8191988038004467,-27.459669384859602
520,521.0,0.085924121824561,8.040956381587575,0.12202333870867099,0.675001301000419,0.07821230158884408,0.1506460218636943,0.8191988037983731,-27.45966938476419
521,522.0,0.633768852285086,4.384492025160088,0.12202366378397775,0.6750003622949658,0.07821230158741248,0.1506460218623156,0.8191988038011803,-27.459669384892322
522,523.0,0.2865380308152443,5.748052749138489,0.12202348752320336,0.6750008619806223,0.07821230158796262,0.15064602186284543,0.8191988038000805,-27.45966938484308
523,524.0,0.14069229249448045,7.656978690375112,0.12202337134748698,0.6750012032422956,0.07821230158861464,0.15064602186347334,0.8191988037988133,-27.459669384784725
524,525.0,0.9282897125278153,7.279291108933656,0.12202376918419323,0.6750000913322153,0.0782123015873083,0.15064602186221526,0.8191988038014013,-27.459669384901648
525,526.0,0.917530534092657,6.670943317098831,0.1220237060549235,0.6750002544959324,0.0782123015873559,0.1506460218622611,0.8191988038013,-27.45966938489738
526,527.0,0.050353216019204505,8.793393828426996,0.12202331417496345,0.6750013726835441,0.07821230158902247,0.1506460218638661,0.8191988037980285,-27.459669384748224
527,528.0,0.8690740818629737,6.529668563875508,0.12202373335866161,0.6750001834519307,0.07821230158732949,0.15064602186223566,0.8191988038013558,-27.459669384899748
528,529.0,0.025374180768192423,6.459215394911967,0.12202330746556357,0.6750013943087434,0.07821230158908013,0.15064602186392165,0.8191988037979209,-27.459669384743066
529,530.0,0.9629154917378566,3.5609389966479306,0.12202332595952183,0.6750011714248972,0.07821230158844195,0.15064602186330703,0.819198803798949,-27.459669384800183
530,531.0,0.9247606584316695,1.6008471703578815,0.12202362364745045,0.6750003986535361,0.07821230158742648,0.1506460218623291,0.8191988038011306,-27.459669384891065
531,532.0,0.8848179912763936,2.6305456230462747,0.12202334538555036,0.6750010951605309,0.07821230158828318,0.15064602186315415,0.8191988037992599,-27.459669384814397
532,533.0,0.4972881572124269,3.397073067815911,0.12202365444149463,0.6750003860442739,0.07821230158742756,0.15064602186233012,0.8191988038011484,-27.459669384890972
533,534.0,0.5426602795791181,2.6581503706164136,0.12202341885000346,0.675000970145195,0.07821230158809601,0.15064602186297388,0.8191988037997241,-27.459669384831145
534,535.0,0.328078925242974,0.18897986483225016,0.12202380299766757,0.6750000037411755,0.07821230158730177,0.15064602186220896,0.8191988038014163,-27.459669384902234
535,536.0,0.32643922489296595,8.825980015088813,0.12202344508182732,0.6750009875573468,0.07821230158817723,0.1506460218630521,0.8191988037996628,-27.459669384823876
536,537.0,0.706970055142352,6.99026204940401,0.12202395160360781,0.6749996075394116,0.07821230158744194,0.15064602186234397,0.8191988038011393,-27.459669384889686
537,538.0,0.4202827252115646,2.0330436745976717,0.12202341274373091,0.6750009851969857,0.0782123015881208,0.15064602186299775,0.8191988037996711,-27.459669384828924
538,539.0,0.5649192714520989,8.519837870756326,0.12202422310985174,0.6749988703908617,0.07821230158845413,0.15064602186331877,0.819198803799122,-27.459669384799096
539,540.0,0.10092301921047431,7.36719970536283,0.12202335178766656,0.6750012618102658,0.07821230158874987,0.1506460218636036,0.8191988037985537,-27.459669384772628
540,541.0,0.6860633812704817,5.30952417837588,0.12202375598551694,0.6750001245672292,0.07821230158731418,0.15064602186222092,0.8191988038013884,-27.45966938490112
541,542.0,0.4812456961709559,3.0365903723569136,0.12202359092038707,0.675000547920276,0.07821230158755657,0.15064602186245438,0.8191988038008765,-27.459669384879426
542,543.0,0.00039544913760614087,1.3745850680879341,0.12202329011183953,0.6750014461544827,0.07821230158921855,0.15064602186405496,0.8191988037976562,-27.45966938473068
543,544.0,0.8884219262961299,5.143080510093118,0.12202352642263467,0.6750007089884638,0.07821230158772823,0.15064602186261966,0.8191988038005126,-27.459669384864064
544,545.0,0.38171027889891096,0.9748321204253982,0.12202340438326187,0.6750009358510775,0.07821230158801039,0.15064602186289142,0.8191988037998417,-27.45966938483881
545,546.0,0.4700057702872471,1.289573581200051,0.12202337276427866,0.675001019825937,0.07821230158814799,0.15064602186302392,0.8191988037995463,-27.459669384826494
546,547.0,0.5248804513186073,3.0593566818853284,0.12202353074110506,0.6750006980800733,0.07821230158771518,0.15064602186260712,0.8191988038005401,-27.45966938486523
547,548.0,0.07495694309156364,9.803245002357999,0.12202332429410227,0.6750013437635293,0.0782123015889499,0.15064602186379622,0.8191988037981698,-27.459669384754722
548,549.0,0.1391342209981684,4.382425513158215,0.12202342303990082,0.675001049071039,0.07821230158829105,0.15064602186316173,0.8191988037994374,-27.459669384813687
549,550.0,0.8704835197816259,8.69905685031669,0.1220239617504193,0.6749995812968713,0.0782123015874608,0.15064602186236212,0.8191988038011011,-27.459669384887995
550,551.0,0.5096960898621156,5.51567694509386,0.1220240199597106,0.6749994253444511,0.07821230158759986,0.15064602186249607,0.8191988038008226,-27.459669384875546
551,552.0,0.7777386681985804,1.94984114909949,0.12202341361645208,0.6750009123592187,0.07821230158797444,0.1506460218628568,0.8191988037999197,-27.459669384842023
552,553.0,0.31660808067520596,6.532274843270444,0.12202348385737326,0.6750008739132743,0.07821230158798231,0.15064602186286438,0.8191988038000432,-27.459669384841323
553,554.0,0.02727008120236052,6.244339091438538,0.12202330794996116,0.6750013911516234,0.07821230158907032,0.1506460218639122,0.8191988037979367,-27.45966938474394
554,555.0,0.26134810037532585,5.001157706740253,0.12202349676752453,0.6750008372394444,0.07821230158792525,0.15064602186280943,0.819198803800156,-27.45966938484643
555,556.0,0.24569730602063355,4.712705456971026,0.12202349627080004,0.6750008375070675,0.07821230158792504,0.15064602186280923,0.8191988038001552,-27.459669384846446
556,557.0,0.19376026341439923,8.335255072204287,0.12202339071921829,0.6750011459683882,0.07821230158848938,0.1506460218633527,0.8191988037990552,-27.459669384795937
557,558.0,0.9677524547019262,9.279744409503262,0.1220239300814516,0.6749996660908112,0.0782123015874034,0.15064602186230686,0.8191988038012158,-27.459669384893136
558,559.0,0.8190679771797224,6.518331194331445,0.12202377991744867,0.6750000624907715,0.07821230158730466,0.15064602186221177,0.8191988038014093,-27.45966938490197
559,560.0,0.3459807457573698,6.6298870229403875,0.12202349570044072,0.6750008388488643,0.07821230158792697,0.1506460218628111,0.8191988038001512,-27.45966938484628
560,561.0,0.8459843793063028,0.8956625210675087,0.12202378862939958,0.6750000315476815,0.07821230158730258,0.15064602186220977,0.8191988038014145,-27.459669384902156
561,562.0,0.7071747734843693,2.0248920689352508,0.12202335916594333,0.675001057980522,0.07821230158821546,0.15064602186308892,0.8191988037994038,-27.459669384820458
562,563.0,0.0856947664138954,7.772217745739552,0.1220233379070675,0.6750013011359428,0.07821230158884251,0.1506460218636928,0.8191988037983725,-27.459669384764332
563,564.0,0.07604714645135036,9.321885155171621,0.12202332688860625,0.675001335960953,0.07821230158893025,0.1506460218637773,0.8191988037982073,-27.45966938475648
564,565.0,0.10102593845239694,5.0978345536764325,0.12202337737271145,0.6750011855949815,0.07821230158857552,0.15064602186343568,0.8191988037988891,-27.459669384788228
565,566.0,0.49512855159326885,4.627654329728853,0.12202390925861797,0.6749997213541438,0.07821230158737295,0.15064602186227752,0.8191988038012767,-27.45966938489586
566,567.0,0.6074652279435795,2.580677428997294,0.12202335621130683,0.6750011134667242,0.07821230158834076,0.1506460218632096,0.8191988037991872,-27.459669384809242
567,568.0,0.45863762303055544,8.231751858476102,0.12202350818740544,0.6750008050608844,0.07821230158787738,0.15064602186276332,0.819198803800251,-27.45966938485071
568,569.0,0.05142170953242242,0.8187303712030154,0.12202379911768624,0.6750000118872688,0.07821230158730186,0.15064602186220905,0.819198803801416,-27.45966938490222
569,570.0,0.1648000314928767,8.867960443616933,0.12202337274878466,0.6750011995513163,0.07821230158860672,0.1506460218634657,0.8191988037988293,-27.459669384785435
570,571.0,0.29208007251665924,8.275940887596386,0.12202343791275812,0.6750010081575776,0.07821230158821496,0.15064602186308843,0.8191988037995889,-27.4596693848205
571,572.0,0.26810263851991334,4.030742778522348,0.12202422164993063,0.6749988742496548,0.07821230158844636,0.15064602186331127,0.8191988037991378,-27.459669384799792
572,573.0,0.34779542175462796,9.606181042007051,0.12202344091421119,0.6750009986484923,0.07821230158819686,0.150646021863071,0.8191988037996233,-27.459669384822117
573,574.0,0.4125545729457477,8.456098612278868,0.12202348418333195,0.6750008725993976,0.07821230158798004,0.1506460218628622,0.8191988038000473,-27.459669384841526
574,575.0,0.4527722571809588,7.281581435009784,0.12202352782895308,0.6750007482414048,0.07821230158779685,0.15064602186268577,0.8191988038004097,-27.45966938485792
575,576.0,0.4438144152882406,0.5879479806657238,0.12202379862411258,0.6750000154560751,0.07821230158730183,0.15064602186220905,0.819198803801416,-27.459669384902227
576,577.0,0.7705925261537571,6.6010543257347605,0.12202383952222692,0.6749999051863665,0.07821230158731074,0.15064602186221762,0.8191988038014002,-27.459669384901424
577,578.0,0.5828101290877492,9.554995710279792,0.12202352366370806,0.6750007593754009,0.07821230158781177,0.15064602186270012,0.8191988038003795,-27.459669384856586
578,579.0,0.06765275977047347,5.67252556817738,0.12202334287399069,0.6750012873566682,0.07821230158881,0.1506460218636615,0.8191988037984366,-27.459669384767246
579,580.0,0.19887939022875079,3.0358778064491627,0.12202422997922927,0.6749988516806502,0.07821230158849257,0.15064602186335577,0.8191988037990455,-27.45966938479565
580,581.0,0.7903368413059729,8.481776478459789,0.12202401457026144,0.6749994409763709,0.07821230158758348,0.15064602186248027,0.8191988038008544,-27.459669384877017
581,582.0,0.28698344689589805,6.239033827161072,0.12202347464804446,0.6750009001699938,0.07821230158802474,0.15064602186290524,0.8191988037999595,-27.459669384837525
582,583.0,0.5883447984420197,4.680759516800365,0.12202377843630793,0.6750000655300848,0.07821230158730497,0.15064602186221207,0.8191988038014086,-27.459669384901947
583,584.0,0.558787573630663,8.97905627797245,0.12202352799399376,0.6750007474525805,0.07821230158779564,0.1506460218626846,0.8191988038004118,-27.459669384858028
584,585.0,0.06109731151214626,5.245237561954205,0.12202334169471188,0.6750012910499164,0.07821230158881905,0.1506460218636702,0.8191988037984195,-27.459669384766435
585,586.0,0.3030202597593651,0.08342510766875354,0.12202380143380528,0.6750000040270373,0.07821230158730187,0.15064602186220907,0.8191988038014163,-27.45966938490222
586,587.0,0.4420489602234654,6.772131661700615,0.1220242297138694,0.6749988501893702,0.07821230158849744,0.15064602186336046,0.8191988037990392,-27.459669384795216
587,588.0,0.9240352325056115,8.063075798168704,0.12202385553106908,0.6749998646292096,0.07821230158731915,0.1506460218622257,0.8191988038013833,-27.45966938490067
588,589.0,0.2687871387354599,0.6314639807708529,0.12202380660791193,0.6749999940025632,0.0782123015873019,0.1506460218622091,0.8191988038014162,-27.45966938490222
589,590.0,0.9502350426857716,1.827830808722546,0.12202356470671084,0.675000537843269,0.07821230158753067,0.15064602186242942,0.8191988038008962,-27.459669384881742
590,591.0,0.5679129615689827,9.968272735209714,0.1220235110355438,0.6750007946091765,0.07821230158786106,0.15064602186274761,0.8191988038002811,-27.45966938485217
591,592.0,0.23675732647437664,6.0642413062616765,0.12202345118564785,0.6750009680867932,0.07821230158814113,0.15064602186301734,0.8191988037997313,-27.4596693848271
592,593.0,0.615730362002205,2.824400903683919,0.12202338659161481,0.6750010452059811,0.0782123015882208,0.15064602186309406,0.8191988037994522,-27.45966938481998
593,594.0,0.5782403666993936,9.47348723509683,0.12202352336316322,0.6750007599841453,0.07821230158781244,0.1506460218627008,0.8191988038003779,-27.459669384856525
594,595.0,0.30759522824880736,3.8221377067144338,0.1220241133066106,0.6749991725991347,0.0782123015879186,0.15064602186280301,0.8191988038001855,-27.459669384847025
595,596.0,0.3195873135765438,6.082775687478318,0.12202349666959375,0.6750008360174486,0.07821230158792258,0.15064602186280684,0.8191988038001597,-27.45966938484667
596,597.0,0.0760389344152449,2.092595905239816,0.12202344042131935,0.6750009995953975,0.07821230158819832,0.1506460218630724,0.8191988037996197,-27.459669384821986
597,598.0,0.0650915609432875,7.51119865303973,0.12202332832594762,0.6750013308319927,0.07821230158891666,0.15064602186376422,0.819198803798232,-27.459669384757696
598,599.0,0.2121051201089147,7.486623679167551,0.12202341139030207,0.6750010849065172,0.07821230158836286,0.15064602186323087,0.8191988037993001,-27.459669384807263
599,600.0,0.15585135670996364,1.7921533961362621,0.12202406306819082,0.6749993098247005,0.07821230158773075,0.1506460218626221,0.8191988038005599,-27.459669384863837
600,601.0,0.7518675837684669,4.386483727487002,0.1220235314323047,0.6750006962222279,0.07821230158771289,0.1506460218626049,0.8191988038005449,-27.459669384865432
601,602.0,0.33999991095733606,3.788861172363114,0.12202404129044776,0.6749993683171376,0.07821230158766143,0.15064602186255535,0.8191988038006989,-27.45966938487004
602,603.0,0.981652124125165,9.582843783178507,0.12202394526868772,0.6749996274575929,0.07821230158742741,0.15064602186232998,0.8191988038011668,-27.459669384890987
603,604.0,0.9077109548528899,0.4723550097637353,0.12202380020933695,0.6750000087706185,0.07821230158730187,0.15064602186220907,0.8191988038014161,-27.45966938490222
604,605.0,0.5310920684932041,3.0012274821042255,0.12202350928081232,0.6750007519416296,0.07821230158778152,0.150646021862671,0.8191988038003997,-27.45966938485929
605,606.0,0.6041984569885505,2.3325162113036,0.12202333134245169,0.6750011635142702,0.07821230158842962,0.15064602186329515,0.8191988037989824,-27.459669384801288
606,607.0,0.048499571322875634,6.920438606193069,0.12202332192715036,0.6750013517707059,0.078212301588971,0.15064602186381654,0.8191988037981309,-27.459669384752832
607,608.0,0.04198200843340061,8.979711631137043,0.1220233090900612,0.675001387614663,0.07821230158906094,0.15064602186390313,0.8191988037979544,-27.459669384744785
608,609.0,0.5057332066315222,8.762692027120183,0.12202351546014496,0.6750007845252284,0.07821230158784782,0.15064602186273485,0.8191988038003096,-27.45966938485336
609,610.0,0.7227140079747639,5.166683111525479,0.12202369109561127,0.6750002917002508,0.07821230158737305,0.15064602186227763,0.8191988038012633,-27.459669384895847
610,611.0,0.057132146789073746,5.966125150437023,0.12202333244202188,0.6750013182629618,0.07821230158888522,0.1506460218637339,0.8191988037982918,-27.45966938476051
611,612.0,0.8310133276244472,7.47771510348847,0.12202387941999145,0.6749998004797745,0.07821230158733881,0.15064602186224466,0.8191988038013447,-27.459669384898913
612,613.0,0.7998479755896833,8.857858678327075,0.12202403700493362,0.67499938021842,0.0782123015876479,0.1506460218625423,0.8191988038007256,-27.45966938487125
613,614.0,0.788802500869759,5.520646172876345,0.12202367403982442,0.6750003358292763,0.07821230158739667,0.15064602186230036,0.8191988038012136,-27.459669384893733
614,615.0,0.1784867584950528,4.538009120845947,0.12202345164827129,0.675000966609838,0.07821230158813844,0.15064602186301473,0.8191988037997364,-27.459669384827347
615,616.0,0.6231193325987046,1.3163338186328601,0.12202350809553927,0.6750006753107397,0.07821230158766547,0.15064602186255924,0.8191988038005964,-27.459669384869677
616,617.0,0.4075706980969348,1.3646652016760903,0.12202332594840985,0.6750011585398232,0.07821230158840962,0.1506460218632759,0.8191988037990031,-27.459669384803078
617,618.0,0.039393643488077945,8.60819707683019,0.12202331106383522,0.6750013834108036,0.07821230158905153,0.1506460218638941,0.8191988037979754,-27.459669384745627
618,619.0,0.6758579895133588,4.6551324985996985,0.12202366085445406,0.6750003698440861,0.0782123015874172,0.15064602186232012,0.8191988038011704,-27.4596693848919
619,620.0,0.0846905913054603,3.013518153398503,0.12202340878485858,0.6750010913677732,0.07821230158837504,0.15064602186324258,0.8191988037992748,-27.45966938480617
620,621.0,0.1600308194690544,5.857695843789287,0.12202340838991033,0.6750010949606361,0.07821230158838403,0.15064602186325124,0.8191988037992607,-27.459669384805366
621,622.0,0.18533972216623773,7.549315069180309,0.12202339585742938,0.6750011301149414,0.07821230158845537,0.15064602186331993,0.81919880379912,-27.459669384798982
622,623.0,0.6687534091597654,9.53709544111036,0.12202419360016675,0.6749989507898763,0.07821230158829603,0.1506460218631665,0.8191988037994371,-27.459669384813246
623,624.0,0.2236104168997053,7.486064223913552,0.12202341762631054,0.6750010674566392,0.07821230158832866,0.15064602186319792,0.8191988037993676,-27.459669384810322
624,625.0,0.8815402071859427,3.1373902980114963,0.12202332400499567,0.675001172129274,0.07821230158844093,0.15064602186330606,0.8191988037989462,-27.459669384800275
625,626.0,0.9711351948964736,9.432247556458213,0.12202393969461603,0.6749996407986774,0.07821230158741907,0.15064602186232195,0.8191988038011844,-27.459669384891733
626,627.0,0.5886312044016886,8.84098433386953,0.12202422039722267,0.6749988763093612,0.07821230158844322,0.15064602186330825,0.8191988037991461,-27.459669384800073
627,628.0,0.6347372600954607,1.1805870807509273,0.12202358373451712,0.6750004931022521,0.07821230158749372,0.15064602186239381,0.8191988038009792,-27.459669384885046
628,629.0,0.40122533018657736,5.05533973070996,0.12202412100935602,0.6749991497292017,0.07821230158795432,0.15064602186283743,0.8191988038001164,-27.459669384843828
629,630.0,0.655686662581081,2.2311779655453794,0.12202332324861533,0.6750011665781828,0.07821230158842597,0.15064602186329165,0.8191988037989695,-27.459669384801614
630,631.0,0.8515271404167695,1.2765001402037854,0.12202369635711538,0.675000232840377,0.07821230158734381,0.15064602186224946,0.8191988038013189,-27.459669384898465
631,632.0,0.0844965354700884,3.3839676678928683,0.12202339769570478,0.6750011253310865,0.07821230158844582,0.15064602186331078,0.8191988037991395,-27.459669384799835
632,633.0,0.7388199719045149,9.485594622875313,0.12202413305652733,0.6749991178162471,0.07821230158800364,0.15064602186288492,0.8191988038000171,-27.459669384839415
633,634.0,0.7536433614214602,2.3071802542021644,0.12202333903769537,0.6750011147191104,0.0782123015883209,0.15064602186319045,0.8191988037991822,-27.45966938481102
634,635.0,0.05131865085094567,8.724344805165128,0.12202331651952032,0.6750013668286005,0.07821230158900846,0.15064602186385262,0.8191988037980573,-27.459669384749482
635,636.0,0.5541211619323665,6.433203774094174,0.12202406947805448,0.67499929146599,0.07821230158775432,0.1506460218626448,0.8191988038005138,-27.459669384861726
636,637.0,0.9189654708449306,7.334396811286442,0.12202378234273863,0.67500005614302,0.07821230158730404,0.15064602186221118,0.8191988038014106,-27.45966938490203
637,638.0,0.10551722118243012,3.933546071368639,0.1220234045338763,0.6750011047037575,0.0782123015884028,0.15064602186326934,0.819198803799222,-27.45966938480369
638,639.0,0.192845053091805,2.8132484200081933,0.12202420573910383,0.6749989171616095,0.07821230158836111,0.15064602186322917,0.8191988037993082,-27.45966938480742
639,640.0,0.3583403983506137,2.4822475443616283,0.12202366490889041,0.6750003592462218,0.07821230158741058,0.15064602186231377,0.8191988038011843,-27.45966938489249
640,641.0,0.09466692422918499,3.8229292535371084,0.12202339720594825,0.6750011267063786,0.07821230158844868,0.15064602186331352,0.8191988037991338,-27.45966938479958
641,642.0,0.013742690057617857,4.956790854327215,0.1220233012622747,0.6750014113414886,0.07821230158912365,0.15064602186396356,0.8191988037978349,-27.459669384739172
642,643.0,0.0050599598374772015,8.346620799955781,0.12202329100549623,0.6750014426762033,0.07821230158920835,0.1506460218640451,0.8191988037976742,-27.459669384731594
643,644.0,0.5511754335246992,6.844155454295122,0.12202411104874378,0.6749991766919214,0.07821230158791369,0.1506460218627983,0.8191988038001976,-27.459669384847466
644,645.0,0.937118621311677,9.756677201289671,0.12202399288940999,0.6749994987065381,0.07821230158752875,0.15064602186242756,0.8191988038009644,-27.459669384881913
645,646.0,0.10049190114135131,8.054128345392208,0.12202334618755517,0.675001279159762,0.07821230158879167,0.15064602186364384,0.8191988037984744,-27.459669384768887
646,647.0,0.48369901264345727,5.616741789257974,0.12202406908005471,0.6749992930289724,0.0782123015877521,0.15064602186264267,0.8191988038005176,-27.459669384861925
647,648.0,0.9135148826955937,0.8351973267117718,0.12202379984381591,0.6750000097389222,0.07821230158730184,0.15064602186220905,0.8191988038014162,-27.45966938490222
648,649.0,0.3248863477403714,1.443461381130691,0.12202337322963419,0.6750010755307094,0.0782123015882734,0.1506460218631447,0.8191988037993365,-27.45966938481527
649,650.0,0.9265424926085136,4.31466058648852,0.12202339362122079,0.6750010297627261,0.07821230158819492,0.15064602186306914,0.8191988037995098,-27.45966938482229
650,651.0,0.7686509549878715,6.574017625303839,0.1220238391543672,0.6749999071169098,0.07821230158731027,0.15064602186221715,0.8191988038014009,-27.459669384901467
651,652.0,0.4619807993540749,2.9607205605873435,0.12202360294308813,0.6750005169187888,0.07821230158752827,0.15064602186242712,0.8191988038009358,-27.45966938488196
652,653.0,0.25575067907228766,4.485147697445749,0.12202351183400685,0.6750007932060803,0.07821230158785944,0.15064602186274606,0.8191988038002851,-27.45966938485232
653,654.0,0.41733579423667533,9.050663999521461,0.1220234767720085,0.6750008952479174,0.07821230158801734,0.1506460218628981,0.8191988037999752,-27.45966938483819
654,655.0,0.5854515189072097,6.606917073743482,0.1220240487424189,0.6749993470578743,0.07821230158768647,0.15064602186257947,0.8191988038006498,-27.4596693848678
655,656.0,0.2874907504036027,5.054037115444407,0.1220235101840804,0.6750007966243123,0.07821230158786374,0.1506460218627502,0.8191988038002753,-27.459669384851935
656,657.0,0.0016418182682261806,2.254844304688151,0.12202329151788985,0.6750014412265541,0.0782123015892045,0.1506460218640414,0.8191988037976817,-27.459669384731935
657,658.0,0.9631592189883165,3.859349735607293,0.12202333863681677,0.6750011496066705,0.0782123015884051,0.15064602186327156,0.8191988037990401,-27.459669384803483
658,659.0,0.22140375059951634,0.059883857557683516,0.12202380043169271,0.67500001001174,0.07821230158730179,0.150646021862209,0.8191988038014161,-27.459669384902227
659,660.0,0.75274229660573,1.3446969116404397,0.12202360669348426,0.6750004386479003,0.07821230158745315,0.1506460218623548,0.8191988038010704,-27.459669384888677
660,661.0,0.9983265549046901,3.9741265946973408,0.12202333610582566,0.6750011549132313,0.07821230158841476,0.15064602186328083,0.8191988037990182,-27.45966938480262
661,662.0,0.21333200595387325,4.597904880604739,0.12202347722684552,0.675000892751701,0.07821230158801258,0.15064602186289353,0.8191988037999833,-27.459669384838612
662,663.0,0.05326489393563594,1.1757623779867368,0.12202347296438283,0.6750009048127728,0.07821230158803227,0.15064602186291248,0.8191988037999445,-27.45966938483685
663,664.0,0.27865701523505226,5.604540226742599,0.1220234898934383,0.6750008583638216,0.07821230158795867,0.1506460218628416,0.8191988038000916,-27.459669384843437
664,665.0,0.7248603247474185,5.060381140746467,0.12202367064525507,0.6750003444978623,0.07821230158740167,0.1506460218623052,0.819198803801203,-27.459669384893285
665,666.0,0.5793450249735295,9.808064715582773,0.12202351931770451,0.6750007727332988,0.07821230158783074,0.15064602186271842,0.8191988038003427,-27.459669384854887
666,667.0,0.8498256719922557,5.509296229734985,0.12202361141386409,0.6750004948971794,0.07821230158750914,0.15064602186240866,0.819198803800976,-27.459669384883668
667,668.0,0.8218492719149428,6.313350341092632,0.12202375141840159,0.675000137215085,0.078212301587317,0.15064602186222364,0.8191988038013824,-27.459669384900863
668,669.0,0.33393556136375957,8.203272452808632,0.12202345602224825,0.6750009526730348,0.07821230158811311,0.15064602186299034,0.8191988037997846,-27.459669384829617
669,670.0,0.08244726889907894,4.037391526717123,0.12202337934465111,0.6750011792494512,0.07821230158856114,0.15064602186342183,0.8191988037989161,-27.459669384789514
670,671.0,0.3223423042108374,4.273510034138509,0.12202415243492071,0.6749990643509051,0.07821230158809173,0.15064602186296974,0.8191988037998423,-27.45966938483153
671,672.0,0.9227753809155644,4.842796063970898,0.12202346063423557,0.6750008704147896,0.07821230158794301,0.15064602186282652,0.8191988038000542,-27.45966938484484
672,673.0,0.00691701064614636,3.803254797084041,0.12202329696877283,0.6750014255833304,0.07821230158916295,0.15064602186400142,0.8191988037977623,-27.459669384735655
673,674.0,0.47459883681672344,7.350006115942355,0.12202353492245435,0.6750007280512643,0.07821230158776986,0.15064602186265977,0.8191988038004633,-27.459669384860334
674,675.0,0.29959285977701977,4.962283376214356,0.12202352122575155,0.6750007655268789,0.0782123015878199,0.15064602186270795,0.8191988038003626,-27.459669384855857
675,676.0,0.5812372527296935,9.80763945008471,0.12202351860281561,0.6750007737207562,0.07821230158783166,0.1506460218627193,0.8191988038003399,-27.459669384854806
676,677.0,0.3478423931974719,5.718884627863073,0.12202352307492882,0.67500076043338,0.07821230158781294,0.15064602186270126,0.8191988038003766,-27.45966938485648
677,678.0,0.5878562302139704,9.746996095770173,0.122023522149358,0.675000764527994,0.07821230158781926,0.15064602186270734,0.8191988038003654,-27.459669384855914
678,679.0,0.21317581867403057,8.921710876063857,0.12202339218585,0.675001140043517,0.07821230158847563,0.15064602186333947,0.8191988037990796,-27.459669384797166
679,680.0,0.1926997795921066,2.539562621217127,0.12202414889110427,0.6749990748877203,0.07821230158807349,0.15064602186295217,0.8191988037998775,-27.45966938483316
680,681.0,0.4329369200637375,8.555010762210483,0.12202349192962068,0.6750008515370165,0.0782123015879475,0.15064602186283085,0.8191988038001126,-27.45966938484444
681,682.0,0.044308969131582554,5.196057668299986,0.12202332718239456,0.6750013341553975,0.0782123015889249,0.15064602186377216,0.8191988037982161,-27.45966938475696
682,683.0,0.09093880267208398,4.451189893300528,0.12202337895753032,0.6750011804089293,0.07821230158856368,0.15064602186342427,0.8191988037989112,-27.45966938478929
683,684.0,0.5905333998285127,7.275305432941163,0.12202410667886295,0.6749991897964764,0.07821230158789369,0.15064602186277903,0.8191988038002361,-27.459669384849256
684,685.0,0.5070302143149145,9.268148115477171,0.12202350361633961,0.6750008163000848,0.07821230158789302,0.1506460218627784,0.8191988038002183,-27.459669384849313
685,686.0,0.7582039644371513,9.099054547802718,0.12202409069859017,0.6749992343276631,0.07821230158782994,0.15064602186271764,0.8191988038003623,-27.459669384854955
686,687.0,0.4876775104707862,3.47107766784391,0.12202368706304577,0.6750003023707416,0.07821230158737846,0.15064602186228285,0.819198803801252,-27.459669384895363
687,688.0,0.7176132984834686,4.294721879537955,0.12202355115670747,0.675000647828887,0.07821230158765809,0.15064602186255213,0.8191988038006618,-27.459669384870338
688,689.0,0.865803270289198,9.730110815521197,0.12202404545688632,0.6749993553159668,0.07821230158767711,0.15064602186257045,0.8191988038006691,-27.459669384868633
689,690.0,0.038234734580080865,6.742069807926704,0.12202331414385911,0.6750013725974232,0.07821230158902212,0.15064602186386578,0.8191988037980289,-27.459669384748256
690,691.0,0.07405940422093849,6.924443411045026,0.12202333793578919,0.6750013024770374,0.078212301588847,0.1506460218636971,0.8191988037983662,-27.45966938476393
691,692.0,0.43019960733826357,5.626928441518894,0.12202414392777076,0.6749990873622663,0.07821230158805348,0.1506460218629329,0.8191988037999187,-27.45966938483495
692,693.0,0.5741995042694055,3.2467376969612594,0.1220235096428769,0.6750007509385705,0.07821230158778018,0.1506460218626697,0.8191988038004024,-27.459669384859414
693,694.0,0.06095862927567275,8.781414554405075,0.1220233229055701,0.6750013498937093,0.07821230158896712,0.1506460218638128,0.8191988037981401,-27.45966938475318
694,695.0,0.5506823792444725,6.925959318890871,0.1220241206892063,0.6749991524280317,0.07821230158794913,0.15064602186283244,0.8191988038001247,-27.45966938484429
695,696.0,0.12951508149357271,5.757152894049277,0.12202338751872176,0.6750011548175606,0.0782123015885079,0.15064602186337053,0.8191988037990185,-27.45966938479428
696,697.0,0.9789647087859931,3.4197151993981185,0.1220233227513075,0.6750011712747553,0.07821230158843707,0.15064602186330234,0.8191988037989496,-27.45966938480062
697,698.0,0.04343179748079362,1.3235558190024614,0.1220234284478486,0.6750010354259921,0.07821230158826616,0.15064602186313775,0.8191988037994887,-27.459669384815918
698,699.0,0.9695974652254704,4.5854725014571995,0.1220234014127423,0.675001010824952,0.07821230158816259,0.150646021863038,0.8191988037995792,-27.45966938482519
699,700.0,0.40896415268704234,0.8148745211512327,0.12202354333604672,0.6750005897890218,0.07821230158757793,0.15064602186247494,0.8191988038007909,-27.459669384877515
700,701.0,0.02864637308356832,1.6451941048841074,0.1220233663998916,0.6750012173679193,0.07821230158864614,0.15064602186350368,0.8191988037987518,-27.45966938478191
701,702.0,0.5657910451380167,9.725608001183167,0.12202351480568656,0.675000784900621,0.07821230158784759,0.15064602186273462,0.8191988038003087,-27.459669384853377
702,703.0,0.7362999288957939,2.398979051081625,0.12202332787285163,0.6750011501693738,0.0782123015883916,0.15064602186325854,0.8191988037990379,-27.45966938480469
703,704.0,0.9461698210593485,1.7394082356251064,0.12202359085919251,0.6750004754719072,0.07821230158747997,0.1506460218623806,0.8191988038010098,-27.45966938488628
704,705.0,0.1178281955588204,0.20099886044824905,0.12202380001918908,0.6750000089846407,0.07821230158730183,0.15064602186220905,0.8191988038014162,-27.459669384902227
705,706.0,0.7640774272281825,3.3539568045020154,0.1220233676284201,0.6750010884154232,0.07821230158829624,0.1506460218631667,0.8191988037992864,-27.459669384813225
706,707.0,0.03603692453174401,2.9336622477937824,0.12202334531053904,0.6750012821247747,0.07821230158879905,0.15064602186365092,0.8191988037984608,-27.459669384768226
707,708.0,0.09829023100373369,3.0518347165663564,0.12202342730621013,0.6750010399600318,0.07821230158827563,0.15064602186314685,0.8191988037994717,-27.459669384815065
708,709.0,0.8760921801227145,6.037709518584694,0.12202366244921443,0.6750003666275294,0.07821230158741532,0.15064602186231832,0.8191988038011747,-27.459669384892067
709,710.0,0.2396254605712158,0.06686558974249132,0.1220238107203863,0.6749999899273071,0.07821230158730176,0.15064602186220896,0.8191988038014162,-27.459669384902234
710,711.0,0.08255141188930859,6.7626603283441025,0.12202334400034669,0.675001284057962,0.07821230158880209,0.15064602186365386,0.8191988037984518,-27.459669384767952
711,712.0,0.0031060921922759777,9.117526709769917,0.12202329124814794,0.6750014441099517,0.07821230158921431,0.15064602186405088,0.8191988037976667,-27.459669384731058
712,713.0,0.5453385374518304,1.7444478805700925,0.1220233320915096,0.6750011383887355,0.0782123015883685,0.1506460218632363,0.8191988037990863,-27.459669384806755
713,714.0,0.37519450167680646,5.822188781607107,0.12202353385270676,0.6750007298123235,0.07821230158777158,0.15064602186266143,0.8191988038004587,-27.459669384860177
714,715.0,0.42656904364085657,6.61117037947429,0.1220235343841717,0.6750007286625856,0.07821230158777026,0.15064602186266016,0.8191988038004617,-27.459669384860298
715,716.0,0.1396684239164575,3.5220685437887864,0.12202345214136888,0.6750009641659869,0.07821230158813348,0.15064602186300996,0.8191988037997449,-27.459669384827794
716,717.0,0.97527840214904,6.125237193891492,0.12202358585867443,0.6750005598546946,0.07821230158756752,0.1506460218624649,0.8191988038008529,-27.459669384878445
717,718.0,0.37168807308901464,8.934929288226003,0.12202346060422431,0.6750009408320233,0.07821230158809338,0.15064602186297132,0.8191988037998249,-27.45966938483138
718,719.0,0.44668215074043505,6.7629589457242805,0.1220242262333809,0.6749988625373267,0.07821230158846965,0.1506460218633337,0.8191988037990902,-27.459669384797703
719,720.0,0.14912098508482308,9.91895069406856,0.12202335625981471,0.6750012475589243,0.07821230158871569,0.15064602186357065,0.819198803798618,-27.459669384775687
720,721.0,0.7737795738239424,2.831587709524174,0.12202332450954756,0.6750011733634913,0.0782123015884448,0.1506460218633098,0.8191988037989409,-27.459669384799927
721,722.0,0.2722521475024864,9.99118675483588,0.1220234073158624,0.6750010972180578,0.07821230158838799,0.15064602186325507,0.8191988037992518,-27.459669384805014
722,723.0,0.25490932360294816,8.14891483397575,0.12202342290713979,0.6750010514206761,0.07821230158829685,0.1506460218631673,0.8191988037994287,-27.45966938481317
723,724.0,0.658843481177401,0.04986494562493648,0.12202380180913394,0.6750000065607548,0.07821230158730179,0.150646021862209,0.8191988038014162,-27.459669384902227
724,725.0,0.2779067461696745,0.6740993631992747,0.12202379963167416,0.6750000121100855,0.07821230158730183,0.15064602186220905,0.8191988038014161,-27.459669384902227
725,726.0,0.0392412325586281,8.34789043767745,0.12202331093448708,0.6750013835069086,0.07821230158905151,0.1506460218638941,0.8191988037979748,-27.459669384745627
726,727.0,0.8291351034244094,9.119313245588472,0.12202403154736506,0.6749993937341138,0.07821230158763354,0.15064602186252848,0.8191988038007554,-27.45966938487254
727,728.0,0.9469927231263371,3.9554850539774424,0.12202335114205458,0.6750011240476672,0.07821230158835951,0.15064602186322765,0.8191988037991447,-27.45966938480756
728,729.0,0.16856310581334166,7.081859539860292,0.12202339319371544,0.6750011392052055,0.07821230158847542,0.15064602186333925,0.819198803799083,-27.459669384797188
729,730.0,0.26570194153761373,3.1186288931898587,0.12202407537455026,0.6749992754009749,0.07821230158777508,0.1506460218626648,0.8191988038004723,-27.45966938485987
730,731.0,0.1375609958345394,5.065331159552389,0.12202340642745087,0.6750010996347551,0.07821230158839279,0.1506460218632597,0.8191988037992421,-27.459669384804585
731,732.0,0.8149301007310643,2.4571224543322465,0.12202334233692404,0.6750011044461373,0.07821230158830096,0.15064602186317125,0.8191988037992232,-27.459669384812806
732,733.0,0.6163426647679406,9.466916390478513,0.12202423166958694,0.6749988452263873,0.07821230158850745,0.1506460218633701,0.8191988037990188,-27.45966938479432
733,734.0,0.9585798673754099,9.605286424604706,0.12202396356298342,0.6749995762492489,0.07821230158746469,0.15064602186236586,0.8191988038010934,-27.459669384887647
734,735.0,0.5368122291697169,6.838507457686457,0.12202412790227306,0.6749991317942993,0.0782123015879816,0.1506460218628637,0.819198803800061,-27.459669384841384
735,736.0,0.676004082563209,5.358087895668338,0.1220237770646376,0.675000070587818,0.07821230158730551,0.15064602186221257,0.8191988038014074,-27.459669384901897
736,737.0,0.07081642990865678,2.009061805312357,0.12202343639942093,0.6750010108208269,0.07821230158821878,0.15064602186309212,0.8191988037995792,-27.45966938482016
737,738.0,0.05991976014541511,2.753891060799284,0.12202338438141351,0.6750011642944562,0.07821230158852852,0.1506460218633904,0.819198803798979,-27.459669384792434
738,739.0,0.8332260719909558,6.021651870395059,0.12202369992155483,0.6750002690608864,0.07821230158736225,0.15064602186226722,0.8191988038012861,-27.459669384896817
739,740.0,0.8942943607469783,3.560339165773956,0.12202333739434591,0.6750011515257971,0.07821230158840813,0.15064602186327444,0.8191988037990322,-27.45966938480321
740,741.0,0.022706586154015995,6.711718498794993,0.1220233048567275,0.6750014025723093,0.07821230158910225,0.15064602186394294,0.8191988037978793,-27.459669384741087
741,742.0,0.356087783011413,1.5439940465026318,0.12202336362776146,0.6750010976464098,0.07821230158831285,0.1506460218631827,0.8191988037992501,-27.45966938481174
742,743.0,0.12062876537467127,6.421307065961081,0.12202337341139208,0.675001197354514,0.07821230158860167,0.15064602186346085,0.8191988037988387,-27.45966938478589
743,744.0,0.033327142952277566,7.118951053362075,0.12202331039118779,0.6750013846196464,0.07821230158905394,0.15064602186389642,0.8191988037979694,-27.45966938474541
744,745.0,0.9220645100269879,4.838997014940297,0.12202346053017181,0.6750008713173757,0.07821230158794465,0.1506460218628281,0.8191988038000513,-27.45966938484469
745,746.0,0.9100172995256949,4.88357253764835,0.1220234743920244,0.6750008366600927,0.07821230158789451,0.1506460218627798,0.8191988038001577,-27.45966938484918
746,747.0,0.09015650561418831,2.439410614832218,0.12202344517595523,0.6750009875330398,0.07821230158817734,0.1506460218630522,0.8191988037996629,-27.459669384823865
747,748.0,0.7194012882849748,3.9267288765288906,0.12202348563610449,0.6750008092542659,0.07821230158785657,0.15064602186274326,0.8191988038002389,-27.459669384852575
748,749.0,0.008511724920316377,5.145368322839968,0.12202329746940764,0.6750014243665038,0.07821230158915991,0.15064602186399847,0.8191988037977687,-27.45966938473593
749,750.0,0.46194867023317576,1.4676943618280944,0.12202333088769397,0.6750011392611074,0.07821230158836906,0.15064602186323683,0.8191988037990827,-27.459669384806705
750,751.0,0.8000211253137741,7.173442846551917,0.12202387752283858,0.6749998062830559,0.07821230158733658,0.1506460218622425,0.8191988038013489,-27.45966938489911
751,752.0,0.47371980150069637,0.06490835849751583,0.12202380259914486,0.6750000020432803,0.07821230158730183,0.15064602186220905,0.8191988038014163,-27.459669384902227
752,753.0,0.35522012371750133,7.548086612491723,0.12202347834912675,0.675000889009254,0.0782123015880062,0.1506460218628874,0.8191988037999953,-27.459669384839184
753,754.0,0.025105786231321425,1.642081843667281,0.12202335852410767,0.6750012423327095,0.0782123015887047,0.15064602186356008,0.8191988037986414,-27.459669384776667
754,755.0,0.9515982194811728,6.007025323220179,0.1220235911042622,0.6750005471085216,0.07821230158755567,0.1506460218624535,0.8191988038008782,-27.459669384879508
755,756.0,0.07925158575617919,7.35539695544154,0.1220233382269955,0.6750013013333059,0.07821230158884396,0.1506460218636942,0.8191988037983715,-27.459669384764204
756,757.0,0.8697072149745628,0.852546030303272,0.1220237950945917,0.6750000190607865,0.07821230158730207,0.15064602186220924,0.8191988038014156,-27.459669384902202
757,758.0,0.06274945027684886,8.070525629574972,0.12202332376484946,0.6750013436442955,0.0782123015889481,0.15064602186379447,0.8191988037981703,-27.459669384754882
758,759.0,0.7810520672358533,6.950283911583803,0.12202386988566195,0.6749998253554563,0.0782123015873304,0.15064602186223655,0.8191988038013615,-27.459669384899666
759,760.0,0.9298516667890523,4.179431733301011,0.12202337710716071,0.6750010667167913,0.07821230158825798,0.15064602186312986,0.8191988037993704,-27.459669384816653
760,761.0,0.07025627049761196,2.30557243458609,0.12202341974919743,0.6750010614991457,0.07821230158831709,0.1506460218631868,0.8191988037993905,-27.459669384811363
761,762.0,0.9209235189917643,3.293939269874643,0.1220233215534783,0.6750011765221009,0.07821230158844861,0.15064602186331347,0.8191988037989276,-27.459669384799586
762,763.0,0.9560841843954555,0.0460204367599953,0.122023794051461,0.6750000191451505,0.07821230158730212,0.15064602186220932,0.8191988038014157,-27.459669384902195
763,764.0,0.7413154003497525,8.81513155215561,0.12202408462314866,0.6749992504064133,0.07821230158780819,0.15064602186269668,0.8191988038004061,-27.459669384856902
764,765.0,0.8947183711190447,0.4070702753506146,0.12202381171866968,0.6749999898687635,0.0782123015873017,0.1506460218622089,0.8191988038014162,-27.459669384902234
765,766.0,0.07266710890951189,7.974223359203994,0.12202333049216312,0.6750013244092806,0.07821230158890075,0.15064602186374887,0.8191988037982625,-27.459669384759124
766,767.0,0.944221632335643,1.1296041929003344,0.1220237676249293,0.6750000761515256,0.0782123015873062,0.15064602186221324,0.819198803801406,-27.459669384901837
767,768.0,0.22404655053893519,7.074722193310187,0.12202342250302627,0.6750010502283225,0.07821230158829295,0.15064602186316353,0.8191988037994332,-27.45966938481352
768,769.0,0.5528857097205514,1.8567048822831884,0.12202332670695797,0.6750011581211638,0.07821230158840961,0.1506460218632759,0.8191988037990049,-27.459669384803078
769,770.0,0.024719745268082405,5.90338162468686,0.12202331028280755,0.675001387277659,0.07821230158906302,0.15064602186390516,0.8191988037979561,-27.4596693847446
770,771.0,0.7739753956980571,0.12846008800174907,0.12202378825207567,0.6750000303297142,0.07821230158730261,0.1506460218622098,0.8191988038014146,-27.459669384902153
771,772.0,0.6434491241254564,1.0334122145689462,0.12202366176388847,0.6750003108591721,0.07821230158737719,0.15064602186228163,0.8191988038012425,-27.45966938489548
772,773.0,0.11796640778652145,3.687189361222908,0.1220234247226759,0.6750010455205343,0.07821230158828503,0.15064602186315593,0.8191988037994509,-27.459669384814227
773,774.0,0.6985116644118795,0.8513380518011662,0.12202376388906148,0.6750000835362112,0.07821230158730713,0.15064602186221412,0.8191988038014039,-27.459669384901748
774,775.0,0.8324418815636384,3.1111090755906,0.1220233269729657,0.6750011706921543,0.07821230158844156,0.15064602186330664,0.819198803798952,-27.459669384800222
775,776.0,0.2779906472881011,7.818271281043193,0.12202343894184964,0.6750010043406389,0.07821230158820736,0.1506460218630811,0.8191988037996026,-27.45966938482118
776,777.0,0.10288763872067175,0.732905568005307,0.12202379564780519,0.6750000165682829,0.07821230158730204,0.15064602186220924,0.8191988038014159,-27.459669384902206
777,778.0,0.5359745603025952,2.310251515372398,0.12202335940596006,0.6750011050949071,0.0782123015883249,0.1506460218631943,0.8191988037992205,-27.45966938481066
778,779.0,0.9719517338041775,0.9771628446126476,0.12202379393551448,0.675000021315955,0.07821230158730212,0.15064602186220932,0.8191988038014155,-27.459669384902195
779,780.0,0.47914173762037715,9.211389386703098,0.12202349530373677,0.675000840079047,0.07821230158792886,0.1506460218628129,0.8191988038001475,-27.4596693848461
780,781.0,0.26705222648906246,9.945151422184546,0.1220234051294596,0.6750011026099673,0.07821230158839826,0.15064602186326495,0.8191988037992304,-27.459669384804094
781,782.0,0.22275103583833056,4.934076394122733,0.1220234733424343,0.6750009048338511,0.07821230158803298,0.15064602186291315,0.8191988037999443,-27.459669384836783
782,783.0,0.8971346502904194,8.766764629012487,0.12202394468542889,0.6749996269965249,0.07821230158742828,0.15064602186233084,0.8191988038011662,-27.459669384890905
783,784.0,0.9017576919615367,4.863912508683582,0.12202347762002509,0.6750008289322466,0.07821230158788375,0.15064602186276946,0.8191988038001808,-27.459669384850145
784,785.0,0.5942328753534207,9.389189106017358,0.12202353058966148,0.675000739238898,0.07821230158778421,0.1506460218626736,0.8191988038004338,-27.459669384859055
785,786.0,0.33089152204510774,4.892850857658401,0.12202421325304975,0.6749988964550644,0.07821230158840221,0.15064602186326875,0.8191988037992267,-27.45966938480374
786,787.0,0.09832115965061816,1.3406060133631277,0.12202416848290662,0.6749990203969274,0.07821230158816779,0.15064602186304302,0.819198803799691,-27.45966938482472
787,788.0,0.18205922272400477,1.0354227512238974,0.1220235141507904,0.6750007396796047,0.07821230158776596,0.15064602186265602,0.8191988038004326,-27.459669384860682
788,789.0,0.6904768000198345,4.963455118037919,0.12202369594044082,0.6750002805175931,0.07821230158736778,0.15064602186227255,0.8191988038012749,-27.45966938489632
789,790.0,0.5316611695620878,9.490316620847265,0.1220235082408086,0.675000803453986,0.07821230158787427,0.15064602186276033,0.8191988038002558,-27.45966938485099
790,791.0,0.5253607544690801,0.034067626447833704,0.12202380477562613,0.6750000008738634,0.07821230158730172,0.15064602186220893,0.8191988038014163,-27.459669384902234
791,792.0,0.4337096014232035,1.4410269794001984,0.122023325507345,0.6750011585885449,0.07821230158840917,0.15064602186327547,0.819198803799003,-27.459669384803117
792,793.0,0.28829022521706826,8.080212835377809,0.12202343840264161,0.6750010048520715,0.07821230158820762,0.15064602186308135,0.8191988037996009,-27.459669384821154
793,794.0,0.13341853148105554,8.18290961246291,0.12202336244808507,0.6750012296843722,0.07821230158867472,0.15064602186353118,0.8191988037986976,-27.45966938477935
794,795.0,0.5608902435256886,2.020209483450694,0.12202332325445481,0.6750011740705276,0.07821230158844482,0.1506460218633098,0.819198803798938,-27.459669384799927
795,796.0,0.7802852294416813,4.9867379019221465,0.12202360150445268,0.6750005209238368,0.07821230158753188,0.1506460218624306,0.8191988038009285,-27.459669384881636
796,797.0,0.8876180024883468,5.960489605853187,0.12202364095460828,0.675000420972651,0.07821230158745175,0.1506460218623534,0.8191988038010977,-27.459669384888805
797,798.0,0.7183009786681119,2.735060813961862,0.12202332798991218,0.6750011695202458,0.07821230158844002,0.15064602186330517,0.819198803798957,-27.459669384800357
798,799.0,0.39847355309976695,5.9507836376025525,0.12202421759750383,0.6749988848287305,0.07821230158842532,0.150646021863291,0.8191988037991804,-27.459669384801675
799,800.0,0.5714785179570623,9.186897430401993,0.12202352806445688,0.6750007474830504,0.07821230158779578,0.15064602186268475,0.8191988038004118,-27.459669384858017
800,801.0,0.025925883677563433,6.220567474024154,0.1220233076955731,0.6750013928071101,0.07821230158907544,0.1506460218639171,0.8191988037979284,-27.45966938474349
801,802.0,0.18304530875654268,5.57396032725482,0.12202342763745351,0.6750010367474771,0.078212301588268,0.15064602186313952,0.8191988037994837,-27.45966938481575
802,803.0,0.5789619233898374,0.5915826865452649,0.1220237942883251,0.6750000240643541,0.07821230158730215,0.15064602186220932,0.8191988038014153,-27.459669384902195
803,804.0,0.4634808541233636,9.97026312526085,0.12202347796894067,0.6750008908796852,0.07821230158800967,0.15064602186289072,0.8191988037999893,-27.45966938483887
804,805.0,0.15531118613184647,9.119797079710215,0.12202336411723098,0.6750012227353168,0.07821230158865726,0.1506460218635144,0.8191988037987281,-27.459669384780916
805,806.0,0.4984619830307361,7.972498705960222,0.12202352704479562,0.6750007486957776,0.07821230158779667,0.15064602186268558,0.8191988038004085,-27.459669384857936
806,807.0,0.21555520023071073,5.817923292605169,0.12202344462905637,0.6750009877926002,0.07821230158817696,0.15064602186305182,0.819198803799662,-27.4596693848239
807,808.0,0.5132687173233941,4.031505672180946,0.12202376771513082,0.6750000936386893,0.07821230158730857,0.1506460218622155,0.8191988038014006,-27.459669384901623
808,809.0,0.1458191952661425,0.703522673256801,0.12202380705559068,0.6749999932079931,0.07821230158730189,0.15064602186220907,0.8191988038014162,-27.45966938490222
809,810.0,0.6816195100968377,8.232051407909443,0.12202409475517793,0.6749992227565753,0.0782123015878463,0.1506460218627334,0.8191988038003302,-27.459669384853495
810,811.0,0.802322823656856,5.187449807957754,0.12202361038989676,0.6750004982747662,0.0782123015875122,0.15064602186241163,0.8191988038009699,-27.459669384883394
811,812.0,0.08246605423078768,6.487274775092025,0.12202334712681075,0.6750012758346888,0.0782123015887833,0.1506460218636358,0.8191988037984896,-27.459669384769633
812,813.0,0.9881433089310787,4.047037368633586,0.1220233442254114,0.6750011384078497,0.07821230158838517,0.15064602186325235,0.8191988037990862,-27.459669384805263
813,814.0,0.38735300490246016,7.542371347716297,0.12202349362515295,0.6750008458399385,0.07821230158793822,0.15064602186282192,0.81919880380013,-27.459669384845263
814,815.0,0.25728079203197474,2.660178450524528,0.12202398694934277,0.6749995138020353,0.07821230158751565,0.15064602186241494,0.8191988038009913,-27.45966938488309
815,816.0,0.654490863038594,3.8162447484546385,0.12202353185891156,0.6750006955676918,0.07821230158771231,0.15064602186260434,0.8191988038005464,-27.45966938486549
816,817.0,0.1187394972223984,3.0539092816308804,0.12202345012529936,0.6750009705544933,0.07821230158814517,0.1506460218630212,0.8191988037997227,-27.459669384826743
817,818.0,0.6254336684111943,8.273329624305148,0.12202415213023554,0.6749990660089491,0.07821230158808841,0.15064602186296655,0.8191988037998479,-27.459669384831823
818,819.0,0.7216484766877387,4.855009647804776,0.12202364258032847,0.6750004177624057,0.07821230158744964,0.15064602186235138,0.8191988038011025,-27.459669384888997
819,820.0,0.6939156528405557,0.3988718901671406,0.12202380410963706,0.6750000005959599,0.07821230158730179,0.150646021862209,0.8191988038014163,-27.459669384902227
820,821.0,0.3946802765666555,0.09039584088529948,0.12202379727425351,0.6750000114619372,0.078212301587302,0.15064602186220918,0.8191988038014161,-27.459669384902206
821,822.0,0.40938879361523284,3.467021131315394,0.1220238312734973,0.6749999282606046,0.078212301587307,0.150646021862214,0.8191988038014071,-27.45966938490176
822,823.0,0.6905564719071277,0.5849167275317911,0.12202379562295278,0.675000017204921,0.07821230158730202,0.15064602186220924,0.8191988038014157,-27.459669384902206
823,824.0,0.15590019624050577,0.8565403589820888,0.12202380058478243,0.6750000064077494,0.07821230158730184,0.15064602186220905,0.8191988038014163,-27.45966938490222
824,825.0,0.852603191826051,9.732995546074724,0.12202405752502515,0.6749993235384087,0.07821230158771454,0.1506460218626065,0.8191988038005935,-27.45966938486529
825,826.0,0.23555317459184433,3.9707924572614917,0.12202351836614882,0.6750007739604666,0.07821230158783178,0.15064602186271941,0.8191988038003393,-27.459669384854795
826,827.0,0.7759846365587282,2.509589978325334,0.12202332878163952,0.6750011471432138,0.07821230158838541,0.15064602186325257,0.8191988037990504,-27.459669384805245
827,828.0,0.7234206066094678,6.906589849501167,0.12202392695470338,0.6749996751932726,0.07821230158739778,0.15064602186230144,0.8191988038012268,-27.459669384893633
828,829.0,0.7942007803944177,8.803671047275948,0.12202403777731351,0.6749993772568619,0.0782123015876516,0.1506460218625459,0.819198803800719,-27.45966938487092
829,830.0,0.45367698714816684,9.64374488287298,0.12202347799815197,0.6750008901694183,0.07821230158800817,0.15064602186288928,0.8191988037999917,-27.45966938483901
830,831.0,0.357348338634603,8.802579572630343,0.12202345515280376,0.675000956060815,0.07821230158811956,0.15064602186299655,0.8191988037997728,-27.459669384829038
831,832.0,0.7119615051197569,5.208708075941177,0.12202370962787899,0.6750002445995984,0.07821230158735164,0.150646021862257,0.8191988038013088,-27.45966938489777
832,833.0,0.6051379983739624,0.09087840525422285,0.1220238022981473,0.675000004670333,0.07821230158730176,0.15064602186220896,0.8191988038014163,-27.459669384902234
833,834.0,0.6210425960754221,4.416745448355622,0.12202368689462924,0.6750003034250573,0.07821230158737913,0.15064602186228349,0.8191988038012508,-27.459669384895307
834,835.0,0.17944382320024443,1.8053296992562333,0.1220239683581184,0.6749995655341243,0.07821230158747226,0.15064602186237316,0.819198803801077,-27.45966938488697
835,836.0,0.10752374387816943,9.564601138098743,0.12202334049245091,0.6750012959797107,0.07821230158883209,0.15064602186368276,0.8191988037983965,-27.459669384765267
836,837.0,0.2774564041293929,8.775259972796839,0.12202342272959378,0.6750010503847181,0.07821230158829381,0.15064602186316436,0.8191988037994326,-27.459669384813445
837,838.0,0.7600366219294479,9.148949032442438,0.12202409334765177,0.6749992264142544,0.07821230158784126,0.15064602186272852,0.8191988038003404,-27.459669384853942
838,839.0,0.8837595001258753,3.8368141327188887,0.12202336403189622,0.6750010964171802,0.07821230158831041,0.15064602186318035,0.819198803799255,-27.45966938481196
839,840.0,0.05253557935295805,3.2395718835954783,0.12202336124808617,0.6750012325766223,0.07821230158868085,0.15064602186353712,0.8191988037986847,-27.459669384778802
840,841.0,0.052772742093404545,0.09627071402990606,0.12202379594740612,0.675000016461301,0.07821230158730202,0.15064602186220924,0.8191988038014159,-27.459669384902206
841,842.0,0.08225886162955587,0.0885104722188152,0.12202381074415894,0.674999989206296,0.07821230158730182,0.15064602186220902,0.8191988038014162,-27.459669384902227
842,843.0,0.9762132131383664,8.36838883171528,0.12202384115076172,0.6749999020526855,0.0782123015873112,0.15064602186221807,0.8191988038013991,-27.45966938490139
843,844.0,0.6441066483712579,2.5698823511505138,0.12202333806507583,0.6750011504594099,0.07821230158840642,0.1506460218632728,0.8191988037990365,-27.459669384803366
844,845.0,0.26128054238921294,5.061387238724247,0.12202349474176945,0.6750008420265842,0.07821230158793208,0.150646021862816,0.8191988038001415,-27.459669384845817
845,846.0,0.35405302909810565,1.1593252908242857,0.12202332763718265,0.6750011513814586,0.07821230158839429,0.15064602186326115,0.8191988037990328,-27.45966938480445
846,847.0,0.7285949775909712,7.322806911647593,0.12202396488994467,0.674999572945279,0.07821230158746714,0.15064602186236825,0.8191988038010883,-27.45966938488743
847,848.0,0.37069544264881127,0.4537446245550226,0.12202379871689796,0.675000010625767,0.07821230158730191,0.1506460218622091,0.8191988038014161,-27.459669384902213
848,849.0,0.3803296711177937,2.6374947284165957,0.12202366717977138,0.6750003547333343,0.07821230158740809,0.15064602186231138,0.81919880380119,-27.459669384892713
849,850.0,0.17319972812647533,0.9454058884875213,0.12202348738012517,0.6750008065035544,0.07821230158785353,0.15064602186274037,0.8191988038002469,-27.459669384852848
850,851.0,0.9202968406899679,6.4955936285924,0.1220236808418602,0.6750003188988061,0.07821230158738729,0.15064602186229134,0.8191988038012336,-27.459669384894575
851,852.0,0.3996289130867807,1.198529044342768,0.12202334476621342,0.6750010991115781,0.07821230158829151,0.15064602186316214,0.8191988037992444,-27.45966938481365
852,853.0,0.2857223310166176,4.673815116000381,0.12202352310485576,0.6750007601241769,0.07821230158781238,0.15064602186270074,0.8191988038003775,-27.45966938485653
853,854.0,0.1803749472619407,2.423891397138228,0.1220241612096953,0.6749990409300193,0.07821230158813143,0.150646021863008,0.8191988037997625,-27.459669384827976
854,855.0,0.25237269106040305,7.672496039521261,0.12202342866998607,0.67500103447049,0.07821230158826413,0.15064602186313578,0.8191988037994923,-27.4596693848161
855,856.0,0.6102455258752065,7.367861805274197,0.12202409443008692,0.6749992241090217,0.07821230158784413,0.1506460218627313,0.8191988038003339,-27.45966938485369
856,857.0,0.19883374124459363,5.969707789385801,0.12202343066159121,0.6750010284528792,0.07821230158825254,0.15064602186312462,0.8191988037995146,-27.459669384817136
857,858.0,0.7656504309840061,8.605707287002229,0.12202404731620439,0.6749993512598088,0.07821230158768139,0.1506460218625746,0.8191988038006597,-27.459669384868256
858,859.0,0.6259719889150542,5.6355235629772595,0.12202387937270118,0.6749998003849514,0.07821230158733887,0.15064602186224468,0.8191988038013447,-27.459669384898906
859,860.0,0.66286836703128,2.01747493401156,0.12202334056330627,0.6750011107441928,0.07821230158831347,0.1506460218631833,0.8191988037991981,-27.459669384811683
860,861.0,0.6012771118678971,9.529216830465213,0.12202353097652134,0.6750007386216439,0.07821230158778361,0.150646021862673,0.8191988038004354,-27.459669384859104
861,862.0,0.642245494072198,1.644409972629632,0.12202340370101725,0.6750009385077201,0.07821230158801483,0.1506460218628957,0.8191988037998327,-27.459669384838413
862,863.0,0.6113478257747333,4.4496623003434275,0.12202370688253789,0.6750002522375987,0.07821230158735493,0.15064602186226017,0.819198803801302,-27.45966938489747
863,864.0,0.4700687549661001,9.031988032075663,0.12202349663781725,0.6750008384687174,0.0782123015879276,0.15064602186281167,0.8191988038001523,-27.459669384846222
864,865.0,0.2927129860497536,6.4292900094137035,0.12202347417527856,0.6750009017530195,0.07821230158802747,0.15064602186290788,0.8191988037999542,-27.45966938483728
865,866.0,0.6771689912325589,4.462344131122837,0.12202362482689416,0.6750004612722524,0.07821230158748185,0.1506460218623824,0.8191988038010338,-27.459669384886112
866,867.0,0.5003004092713825,2.465941506790935,0.12202342318171752,0.6750009597255996,0.0782123015880792,0.15064602186295767,0.8191988037997603,-27.45966938483265
867,868.0,0.37522691815631093,4.188562342010677,0.12202404219144514,0.6749993652573972,0.07821230158766518,0.15064602186255896,0.819198803800692,-27.459669384869706
868,869.0,0.7233287789930447,3.2959100372542283,0.12202338274172884,0.6750010541966737,0.0782123015882364,0.15064602186310908,0.8191988037994182,-27.45966938481858
869,870.0,0.055071616173820725,0.2290655515499246,0.12202380616776493,0.6749999987845696,0.0782123015873017,0.1506460218622089,0.8191988038014163,-27.459669384902234
870,871.0,0.781671506721542,8.4212976132301,0.12202401683625295,0.6749994340772311,0.07821230158759074,0.15064602186248727,0.8191988038008405,-27.45966938487637
871,872.0,0.9082767677287172,5.396751116323708,0.12202354677852838,0.6750006589987853,0.07821230158767059,0.15064602186256418,0.8191988038006355,-27.45966938486922
872,873.0,0.7169102418987983,4.42955069003972,0.1220235735658414,0.6750005910055493,0.07821230158759808,0.15064602186249434,0.8191988038007884,-27.45966938487571
873,874.0,0.9598653779820987,6.361879007365973,0.1220236301432395,0.6750004482434931,0.07821230158747187,0.1506460218623728,0.8191988038010551,-27.459669384887007
874,875.0,0.15511522520685128,1.7301449296690021,0.12202404204834182,0.6749993656142061,0.07821230158766476,0.15064602186255854,0.8191988038006928,-27.45966938486974
875,876.0,0.6313615100749838,1.0933707482116815,0.12202362363697118,0.6750003987653802,0.07821230158742656,0.15064602186232917,0.8191988038011304,-27.45966938489106
876,877.0,0.8769830611572221,7.682767578828495,0.12202385798418755,0.6749998566882144,0.07821230158732136,0.15064602186222784,0.8191988038013793,-27.45966938490048
877,878.0,0.12132084652568287,0.05134238201838308,0.12202379917473977,0.6750000125885243,0.07821230158730183,0.15064602186220905,0.819198803801416,-27.459669384902227
878,879.0,0.4245404421523197,2.0138688940851077,0.12202340242590715,0.6750010082461861,0.07821230158815816,0.15064602186303372,0.8191988037995885,-27.45966938482558
879,880.0,0.7587574089901313,3.876405524639107,0.12202344344156901,0.6750009120089782,0.07821230158800513,0.15064602186288636,0.8191988037999208,-27.459669384839277
880,881.0,0.79494906687302,8.556722952785265,0.12202401692824238,0.6749994338719537,0.07821230158759096,0.15064602186248746,0.8191988038008401,-27.45966938487635
881,882.0,0.9267017527636019,2.3006695650696503,0.12202341808444318,0.6750009007523985,0.07821230158795696,0.15064602186283996,0.8191988037999576,-27.459669384843593
882,883.0,0.6808198882511652,9.338037853149716,0.12202417377288696,0.6749990077295815,0.07821230158818912,0.15064602186306356,0.819198803799646,-27.459669384822813
883,884.0,0.45205308654128906,7.778693920786803,0.12202351439797941,0.6750007850041887,0.07821230158784725,0.15064602186273432,0.8191988038003084,-27.45966938485341
884,885.0,0.878296086521286,9.731417811610532,0.12202403502544015,0.6749993829178436,0.07821230158764605,0.15064602186254053,0.8191988038007316,-27.459669384871415
885,886.0,0.13644095665240585,9.963011022222469,0.12202335073444369,0.6750012642844834,0.0782123015887552,0.1506460218636087,0.8191988037985424,-27.45966938477215
886,887.0,0.8857729115307825,9.106234486607406,0.12202398255085606,0.6749995255699455,0.0782123015875055,0.15064602186240517,0.8191988038010116,-27.459669384884
887,888.0,0.54477155191926,5.9639882631182815,0.12202402808979292,0.6749994036700507,0.07821230158762255,0.15064602186251788,0.8191988038007769,-27.45966938487352
888,889.0,0.3567705991464425,8.53793454074493,0.12202346100611365,0.6750009398164502,0.07821230158809173,0.15064602186296974,0.8191988037998283,-27.45966938483153
889,890.0,0.9497495610592791,1.9593728966633865,0.12202352267793645,0.6750006390739061,0.07821230158762675,0.15064602186252193,0.819198803800682,-27.45966938487314
890,891.0,0.9203855670973339,3.5373809519942276,0.12202333154460844,0.6750011622408512,0.07821230158842671,0.15064602186329235,0.8191988037989877,-27.45966938480155
891,892.0,0.3638911922198179,0.18081920293599174,0.12202380202283178,0.6750000037188043,0.07821230158730183,0.15064602186220905,0.8191988038014163,-27.459669384902227
892,893.0,0.9421907266603939,1.3417047846542316,0.12202371520419666,0.6750001898422612,0.07821230158732964,0.1506460218622358,0.8191988038013516,-27.459669384899733
893,894.0,0.12016495950268047,9.728326772237386,0.122023345024525,0.6750012810824387,0.07821230158879498,0.150646021863647,0.8191988037984655,-27.45966938476859
894,895.0,0.377765125798743,9.141687374306171,0.12202345796726792,0.6750009480060897,0.07821230158810556,0.15064602186298306,0.8191988037998005,-27.459669384830292
895,896.0,0.3166447201470539,3.6274183868251733,0.12202405965975464,0.6749993186907984,0.07821230158771998,0.15064602186261175,0.8191988038005817,-27.4596693848648
896,897.0,0.3217942617894609,2.626386593313435,0.12202382386071145,0.6750000336861838,0.07821230158730928,0.1506460218622162,0.8191988038014143,-27.459669384901556
897,898.0,0.5500210193234584,5.710784629500616,0.12202399128801535,0.6749995032580948,0.0782123015875246,0.15064602186242357,0.8191988038009727,-27.45966938488229
898,899.0,0.7501605953514858,7.169692331839984,0.12202392613403878,0.6749996760309926,0.07821230158739767,0.15064602186230133,0.8191988038012277,-27.459669384893648
899,900.0,0.40068024580446926,7.582327775271834,0.12202349777586309,0.6750008330635587,0.07821230158791824,0.15064602186280265,0.8191988038001685,-27.459669384847054
900,901.0,0.2931335481260078,5.8580282348044985,0.12202348927615157,0.6750008579765376,0.0782123015879569,0.1506460218628399,0.8191988038000928,-27.459669384843597
901,902.0,0.07972571592571598,4.45468074494197,0.12202336796508072,0.675001213080762,0.07821230158863668,0.15064602186349457,0.8191988037987705,-27.459669384782757
902,903.0,0.236410395438584,0.8985002431730716,0.122023329495982,0.6750011664130523,0.07821230158843433,0.1506460218632997,0.8191988037989701,-27.45966938480087
903,904.0,0.8435078767772041,0.1794276830534299,0.12202379785157563,0.6750000134578357,0.07821230158730189,0.15064602186220907,0.8191988038014161,-27.45966938490222
904,905.0,0.93316283222225,3.222601424675534,0.12202332358297502,0.675001168437059,0.07821230158843108,0.15064602186329656,0.8191988037989616,-27.45966938480116
905,906.0,0.5829577748892809,4.756571362776223,0.12202383226176054,0.6750000409931156,0.078212301587316,0.15064602186222267,0.8191988038014133,-27.45966938490096
906,907.0,0.22316626895534875,8.499318404827966,0.12202340282046271,0.6750011103033212,0.0782123015884147,0.1506460218632808,0.8191988037991997,-27.45966938480262
907,908.0,0.013663856659994145,2.090149378455768,0.12202331868090914,0.6750013600313253,0.07821230158899077,0.15064602186383558,0.8191988037980906,-27.459669384751066
908,909.0,0.7455526756744263,3.3987025656998346,0.12202338381247639,0.6750010516364038,0.0782123015882319,0.15064602186310475,0.819198803799428,-27.459669384818984
909,910.0,0.2417544336223033,0.0015452289537899217,0.12202380036603609,0.6750000085825818,0.07821230158730182,0.15064602186220902,0.8191988038014162,-27.459669384902227
910,911.0,0.3769316088193576,6.598958115361013,0.12202351247378047,0.6750007914782893,0.078212301587857,0.1506460218627437,0.81919880380029,-27.45966938485254
911,912.0,0.721685161163877,8.302498354086408,0.12202406274878834,0.6749993100585521,0.07821230158773078,0.15064602186262213,0.8191988038005604,-27.459669384863837
912,913.0,0.14004980828195257,0.9653303837427598,0.12202366062364371,0.6750003699030203,0.07821230158741713,0.15064602186232007,0.8191988038011703,-27.459669384891907
913,914.0,0.5865129116567758,6.82858675879705,0.12202406997123331,0.6749992895785805,0.078212301587757,0.1506460218626474,0.8191988038005089,-27.459669384861485
914,915.0,0.5332494446527201,0.26857350852673967,0.12202380202037244,0.6750000054661655,0.07821230158730177,0.15064602186220896,0.8191988038014162,-27.459669384902234
915,916.0,0.6471963666531301,8.454055374949593,0.12202414354245592,0.6749990892550216,0.0782123015880498,0.15064602186292936,0.819198803799925,-27.45966938483528
916,917.0,0.6074525551956605,5.249933006952758,0.12202384804816896,0.67499988406468,0.0782123015873147,0.15064602186222142,0.8191988038013922,-27.459669384901076
917,918.0,0.49904436024650234,5.075173835345838,0.12202397604027607,0.6749995444224907,0.07821230158748932,0.1506460218623896,0.8191988038010432,-27.459669384885444
918,919.0,0.7133411656902703,7.864402277689819,0.12202403239395025,0.6749993911925014,0.07821230158763638,0.15064602186253123,0.8191988038007499,-27.459669384872285
919,920.0,0.673526121142512,2.7951140471287808,0.12202334867722091,0.6750011288066268,0.0782123015883677,0.15064602186323553,0.8191988037991254,-27.45966938480683
920,921.0,0.7031405053810686,9.259297898452491,0.12202414879624088,0.6749990753760873,0.07821230158807248,0.1506460218629512,0.8191988037998792,-27.45966938483325
921,922.0,0.9520154129528976,0.4412927356798467,0.12202378189543309,0.6750000464227183,0.07821230158730341,0.15064602186221054,0.8191988038014124,-27.459669384902085
922,923.0,0.34235677686609534,9.045346421303357,0.12202344748159916,0.6750009803780892,0.07821230158816411,0.15064602186303946,0.8191988037996882,-27.45966938482505
923,924.0,0.24350929688351752,1.0032577854396691,0.1220233470859723,0.6750011324829949,0.07821230158837456,0.15064602186324214,0.8191988037991104,-27.45966938480621
924,925.0,0.9830176227598085,5.930587530564362,0.1220235565890831,0.6750006333977432,0.07821230158764209,0.15064602186253673,0.819198803800695,-27.459669384871773
925,926.0,0.6709552138536264,2.414371974596201,0.12202332362233868,0.6750011737718,0.07821230158844455,0.15064602186330953,0.8191988037989392,-27.459669384799952
926,927.0,0.6294061201244849,1.214496369604231,0.12202356125953702,0.6750005464655139,0.07821230158753822,0.15064602186243667,0.8191988038008795,-27.459669384881067
927,928.0,0.3461568855017352,3.6404701245845383,0.12202399992351393,0.6749994800771585,0.07821230158754575,0.15064602186244394,0.8191988038009302,-27.459669384880392
928,929.0,0.4749367903449433,3.8396555472451346,0.12202407962850759,0.6750003434421247,0.0782123015887598,0.15064602186361314,0.8191988038012042,-27.45966938477174
929,930.0,0.07860996650677099,6.688474076410521,0.12202334238073584,0.6750012898841089,0.07821230158881694,0.15064602186366816,0.8191988037984249,-27.45966938476662
930,931.0,0.45224888747184544,6.457589284073161,0.12202419445193594,0.6749989493421177,0.07821230158829819,0.15064602186316858,0.8191988037994316,-27.459669384813054
931,932.0,0.9301471631336694,1.2965856243982758,0.1220237248075984,0.6750001688456846,0.07821230158732376,0.15064602186223017,0.8191988038013651,-27.459669384900263
932,933.0,0.8264789613243,8.969695835533889,0.12202402232836682,0.6749994193887613,0.07821230158760584,0.1506460218625018,0.8191988038008102,-27.459669384875014
933,934.0,0.31550200173260035,5.222739007781926,0.12202352234167554,0.6750007633565229,0.07821230158781735,0.1506460218627055,0.8191988038003686,-27.45966938485608
934,935.0,0.48297672099479205,1.6675689866237886,0.12202332406089321,0.6750011669194681,0.0782123015884279,0.1506460218632935,0.8191988037989681,-27.459669384801437
935,936.0,0.8704658953068697,0.7548308985453153,0.1220238450712948,0.6750001262990013,0.07821230158738217,0.1506460218622864,0.8191988038013878,-27.459669384895033
936,937.0,0.8809836064750577,1.3903966161213186,0.12202367196427405,0.67500028736801,0.07821230158736604,0.15064602186227088,0.819198803801268,-27.459669384896475
937,938.0,0.26982198639756516,8.236071206161826,0.12202342817092958,0.6750010353959565,0.07821230158826555,0.15064602186313716,0.8191988037994888,-27.459669384815975
938,939.0,0.5574107837117658,0.5420386736326912,0.12202380066197027,0.675000005809547,0.07821230158730187,0.15064602186220907,0.8191988038014162,-27.45966938490222
939,940.0,0.9621090572422871,1.3075358885226342,0.12202373299146282,0.6750001515203995,0.07821230158731947,0.15064602186222603,0.8191988038013751,-27.459669384900646
940,941.0,0.4568529136725318,1.0618977621461105,0.12202345177474701,0.6750008138620389,0.07821230158783372,0.15064602186272127,0.8191988038002254,-27.45966938485462
941,942.0,0.3487857998853128,5.006499942873778,0.12202419649544188,0.6749989424818013,0.07821230158831212,0.15064602186318202,0.8191988037994056,-27.459669384811804
942,943.0,0.39711078316349524,9.630663772922258,0.12202345846844931,0.6750009468327811,0.07821230158810369,0.15064602186298126,0.8191988037998044,-27.459669384830462
943,944.0,0.8000728754417219,7.427677026587231,0.12202390507523483,0.6749997335871147,0.07821230158736671,0.15064602186227152,0.8191988038012887,-27.45966938489642
944,945.0,0.48039023402221515,1.1797197419051557,0.12202342262411649,0.6750008884485208,0.07821230158793854,0.15064602186282222,0.8191988037999971,-27.45966938484524
945,946.0,0.404959568326024,0.32953139218038713,0.12202380553993067,0.6750000004028616,0.07821230158730168,0.15064602186220888,0.8191988038014164,-27.459669384902238
946,947.0,0.9282555433250952,6.357497290697191,0.12202365650074931,0.6750003814368323,0.0782123015874247,0.15064602186232737,0.8191988038011547,-27.459669384891228
947,948.0,0.4349019404307929,2.848893451268229,0.12202362196629908,0.6750004697989109,0.07821230158748897,0.15064602186238926,0.8191988038010195,-27.459669384885476
948,949.0,0.31585616573173403,6.41041175182961,0.12202348704040342,0.6750008653701154,0.07821230158796906,0.15064602186285161,0.8191988038000699,-27.45966938484251
949,950.0,0.7268883544325783,4.4269593033909915,0.12202356207834479,0.6750006189020699,0.07821230158762645,0.15064602186252166,0.8191988038007276,-27.459669384873173
950,951.0,0.38444243276084744,1.8517277460444301,0.12202341060386208,0.6750009900119127,0.07821230158812857,0.15064602186300524,0.819198803799654,-27.459669384828228
951,952.0,0.7141222414703253,4.131548643968275,0.12202352654055122,0.675000709456903,0.07821230158772913,0.15064602186262055,0.8191988038005114,-27.459669384863986
952,953.0,0.768098774912796,4.9834330812432395,0.1220236132853987,0.6750004913836611,0.07821230158750653,0.15064602186240617,0.8191988038009821,-27.459669384883902
953,954.0,0.913671374224841,4.2098342379680584,0.12202338760697258,0.6750010421214616,0.0782123015882151,0.15064602186308856,0.8191988037994637,-27.459669384820486
954,955.0,0.28868270192898837,6.445405840379243,0.12202347038186162,0.6750009119546552,0.07821230158804397,0.15064602186292375,0.819198803799921,-27.459669384835802
955,956.0,0.7611690160206628,1.3142811594765569,0.1220236262684533,0.6750003929453362,0.07821230158742291,0.15064602186232565,0.8191988038011386,-27.45966938489139
956,957.0,0.6885632670317872,6.225485543288659,0.12202388417064655,0.6749997883366903,0.07821230158734326,0.15064602186224893,0.8191988038013358,-27.459669384898515
957,958.0,0.06463870558373441,7.009706260601316,0.12202333140886959,0.6750013215639815,0.07821230158889358,0.15064602186374199,0.819198803798276,-27.459669384759763
958,959.0,0.599678495459433,0.33058877062202663,0.12202379983478465,0.6750000090694965,0.07821230158730186,0.15064602186220905,0.8191988038014162,-27.45966938490222
959,960.0,0.40126052160526215,6.5833327887708935,0.12202352434170609,0.675000758257336,0.07821230158781059,0.15064602186269901,0.8191988038003826,-27.459669384856692
960,961.0,0.06588604318217706,6.057723702192286,0.1220233379708641,0.6750013016965085,0.07821230158884449,0.1506460218636947,0.8191988037983698,-27.459669384764155
961,962.0,0.9831449401526927,3.246082568836984,0.12202332632330189,0.6750011562597285,0.07821230158840453,0.150646021863271,0.8191988037990126,-27.459669384803533
962,963.0,0.09642872499233557,8.6691251688946,0.12202333884562838,0.6750012988878404,0.07821230158883745,0.15064602186368792,0.8191988037983831,-27.459669384764787
963,964.0,0.6108053738848274,4.994003481702526,0.1220237750175774,0.6749999772400953,0.07821230158731675,0.1506460218622234,0.8191988038014154,-27.45966938490089
964,965.0,0.8063008481705295,0.47452727444817383,0.1220238036814841,0.6750000022908048,0.07821230158730176,0.15064602186220896,0.8191988038014163,-27.459669384902234
965,966.0,0.48135462683546715,8.043306071320005,0.12202352115887836,0.675000766508897,0.0782123015878216,0.1506460218627096,0.8191988038003599,-27.4596693848557
966,967.0,0.753326192201887,6.172958922709216,0.12202371704179164,0.6749999033037993,0.07821230158744773,0.15064602186234954,0.8191988038013995,-27.459669384889164
967,968.0,0.8439445471715699,4.661501269130229,0.12202349214904755,0.675000793297048,0.07821230158783504,0.15064602186272255,0.8191988038002849,-27.459669384854504
968,969.0,0.028160198064309916,7.727249330637743,0.12202330637517118,0.6750013980725764,0.07821230158909041,0.15064602186393156,0.8191988037979021,-27.459669384742146
969,970.0,0.2572848816595156,8.077573371582313,0.12202342351319237,0.6750010480230946,0.07821230158828921,0.15064602186315992,0.8191988037994414,-27.459669384813854
970,971.0,0.8713910631265431,9.241545580238537,0.12202400560731562,0.6749994643790642,0.07821230158756075,0.15064602186245837,0.8191988038009006,-27.45966938487905
971,972.0,0.9085970521528397,5.806072344992876,0.12202360014636841,0.675000524233098,0.07821230158753484,0.15064602186243342,0.8191988038009221,-27.459669384881366
972,973.0,0.2243168234480868,2.087928134032854,0.12202390691701737,0.6749997286638426,0.07821230158736912,0.15064602186227385,0.819198803801284,-27.459669384896202
973,974.0,0.9313288772085941,6.148174402187284,0.12202362701293325,0.6750004561400015,0.07821230158747798,0.15064602186237866,0.8191988038010423,-27.45966938488646
974,975.0,0.9758196802314816,1.7117476181518174,0.12202361581678763,0.6750004174250435,0.07821230158743873,0.15064602186234088,0.819198803801103,-27.45966938488997
975,976.0,0.20363092910786273,4.958652273394661,0.12202345729318698,0.675000949873053,0.07821230158810875,0.15064602186298615,0.8191988037997942,-27.459669384830008
976,977.0,0.7785583338928218,4.696976923838345,0.12202355742481182,0.67500063233765,0.07821230158764131,0.15064602186253598,0.8191988038006974,-27.459669384871844
977,978.0,0.872920883943855,9.92715664266163,0.12202405444029743,0.6749993315642548,0.07821230158770497,0.1506460218625973,0.8191988038006129,-27.459669384866142
978,979.0,0.5431863271485164,7.5442852178203665,0.12202417881602137,0.6749989913778959,0.07821230158822048,0.15064602186309373,0.8191988037995872,-27.459669384820003
979,980.0,0.6353191742511765,8.048320024551424,0.12202412483493605,0.6749991406081114,0.0782123015879676,0.1506460218628502,0.8191988038000885,-27.45966938484264
980,981.0,0.9061255745079119,0.6997512434014571,0.12202380271966524,0.675000003586245,0.07821230158730176,0.15064602186220896,0.8191988038014163,-27.459669384902234
981,982.0,0.5711159078484657,0.552298854607058,0.12202380185070028,0.6750000044420068,0.0782123015873018,0.15064602186220902,0.8191988038014163,-27.459669384902227
982,983.0,0.5940738153287654,3.570425189750477,0.12202355407991115,0.675000640576951,0.07821230158765019,0.15064602186254453,0.8191988038006786,-27.45966938487105
983,984.0,0.26374916599210185,5.7966302678937875,0.12202347444136666,0.6750009015912021,0.07821230158802757,0.15064602186290796,0.8191988037999548,-27.45966938483727
984,985.0,0.5976046775585282,0.32526085647232045,0.12202380148737496,0.6750000072360349,0.07821230158730182,0.15064602186220902,0.8191988038014162,-27.459669384902227
985,986.0,0.9760038659298342,7.805035908736558,0.12202378338714272,0.6750000523100234,0.07821230158730373,0.15064602186221085,0.8191988038014113,-27.459669384902053
986,987.0,0.09881874762750864,0.07813775482442246,0.1220237963259855,0.6750000154346305,0.078212301587302,0.15064602186220918,0.8191988038014159,-27.459669384902206
987,988.0,0.5124503096102736,1.3703095294582692,0.12202338618495318,0.6750009855841048,0.07821230158809088,0.15064602186296894,0.8191988037996698,-27.459669384831606
988,989.0,0.840759422353898,6.945757526815265,0.12202350005604676,0.674999636744095,0.07821230158909244,0.1506460218639335,0.819198803801179,-27.459669384741964
989,990.0,0.9732013220967164,3.7980060220056604,0.12202333372882418,0.6750011586121148,0.07821230158842064,0.15064602186328652,0.8191988037990029,-27.45966938480209
990,991.0,0.3246205492320149,5.781965322385976,0.12202350864965587,0.6750008026902976,0.0782123015878734,0.1506460218627595,0.8191988038002579,-27.459669384851072
991,992.0,0.8902211693870139,8.749085589995019,0.12202394986445297,0.6749996140230397,0.07821230158743689,0.1506460218623391,0.8191988038011484,-27.459669384890134
992,993.0,0.16010291989139125,1.168983458815876,0.12202370842222861,0.6750002479477576,0.07821230158735308,0.15064602186225837,0.8191988038013057,-27.459669384897637
993,994.0,0.10458995367535384,5.776097905719768,0.12202336962773921,0.6750012087071069,0.07821230158862721,0.15064602186348544,0.8191988037987896,-27.459669384783602
994,995.0,0.9523583699377238,8.054873852090536,0.12202382957636533,0.6749999322610992,0.07821230158730648,0.1506460218622135,0.8191988038014082,-27.459669384901808
995,996.0,0.29385261650399597,4.666952246977659,0.12202352999571156,0.6750007415056779,0.07821230158778751,0.15064602186267678,0.8191988038004276,-27.459669384858756
996,997.0,0.024027683623688678,0.033118007805197455,0.12202380209570776,0.6750000065798298,0.07821230158730173,0.15064602186220893,0.8191988038014163,-27.459669384902234
997,998.0,0.8817664480402181,8.882392641417912,0.12202396749788194,0.6749995666603357,0.07821230158747176,0.1506460218623727,0.8191988038010788,-27.459669384887015
998,999.0,0.7426056555022083,7.437093345996968,0.12202396351444104,0.6749995768946282,0.07821230158746405,0.15064602186236525,0.8191988038010944,-27.459669384887704
999,1000.0,0.8444931777031384,9.416090555463748,0.12202404170622629,0.6749993675471238,0.07821230158766215,0.15064602186255605,0.8191988038006972,-27.459669384869976
