,iteration,init_sigma,init_center,est_sigma,est_center,ss_res,nrmse,r_squared,aic
0,1.0,0.17523401870323407,9.594087151856481,0.17523401870323407,9.594087151856481,2.8564195953547795,0.6387956967556527,-2.220446049250313e-16,-2.2743883875974866
1,2.0,0.2739162292430867,2.85685245256432,0.18248768193608617,0.44570001776572815,0.05041203272930101,0.08486294221465997,0.9420560978481823,-30.53404875778272
2,3.0,0.36843082216132417,5.054312568713672,0.1824876954490014,0.44570000421784756,0.05041203272929447,0.08486294221465443,0.9420560992848371,-30.53404875778363
3,4.0,0.7462906371618686,1.1548969731882677,0.1824876971528908,0.44569988232030266,0.050412032729385756,0.08486294221473126,0.942056113281355,-30.534048757770954
4,5.0,0.6678537387279304,5.249435632421137,0.18248771861770174,0.445699922434845,0.050412032729335865,0.08486294221468929,0.9420561084786885,-30.534048757777875
5,6.0,0.021400599761449923,1.9002688980328357,0.021400599761449923,1.9002688980328357,2.8564195953547795,0.6387956967556527,-2.220446049250313e-16,-2.2743883875974866
6,7.0,0.7524487490000749,4.241124044229102,0.18248771894706103,0.44569995159590453,0.05041203272931121,0.08486294221466854,0.9420561051237802,-30.534048757781306
7,8.0,0.47622514109141345,1.7572848493846402,0.18248770886293122,0.4457000228922836,0.050412032729290165,0.08486294221465088,0.9420560970185159,-30.534048757784227
8,9.0,0.9627081569959395,3.32888874089286,0.1824879847094643,0.44569976343996714,0.05041203273025788,0.08486294221546535,0.9420561243781834,-30.53404875764985
9,10.0,0.8634763352697848,9.088895678126327,0.1824877052295057,0.4456997869612529,0.05041203272956733,0.08486294221488416,0.9420561241704389,-30.534048757745737
10,11.0,0.5323643111672923,2.1853710423327732,0.18248778054921116,0.44570003916189743,0.05041203272931777,0.08486294221467408,0.9420560945083452,-30.534048757780397
11,12.0,0.6348620715372236,9.192715395406143,0.1824876952168321,0.4456998019003655,0.05041203272953317,0.08486294221485538,0.9420561225426337,-30.534048757750483
12,13.0,0.04057928305837066,3.7949669871376632,0.04057928305837066,3.7949669871376632,2.8564195953547795,0.6387956967556527,-2.220446049250313e-16,-2.2743883875974866
13,14.0,0.655992871670342,4.5116226549545,0.18248769548127877,0.4457000534018171,0.05041203272930211,0.0848629422146609,0.942056093631001,-30.534048757782564
14,15.0,0.6574648356795115,8.452854286653343,0.18248769787534122,0.4457000175640408,0.050412032729293045,0.08486294221465322,0.9420560977290725,-30.53404875778383
15,16.0,0.7671486307408052,4.508892739845348,0.1824881412669263,0.44569999884551403,0.05041203273070103,0.08486294221583833,0.9420560959205547,-30.534048757588323
16,17.0,0.6959472101557089,0.8056476425216874,0.18248809910491798,0.44570063546052474,0.05041203273218784,0.08486294221708976,0.9420560231204963,-30.534048757381868
17,18.0,0.19367430648346373,2.296081606809257,0.18248844781390608,0.44570002439191564,0.05041203273347769,0.08486294221817545,0.9420560902440702,-30.53404875720276
18,19.0,0.21356035296461517,5.227766364093059,0.21356035296461517,5.227766364093059,2.8564195870978484,0.6387956958323828,3.833921180529387e-09,-2.27438840783209
19,20.0,0.6712651199198916,2.6398069949872114,0.18248844781390608,0.44570002439191564,0.05041203273347769,0.08486294221817545,0.9420560902440702,-30.53404875720276
20,21.0,0.7170137716670494,5.471371134651408,0.18248748500745018,0.4457000879371049,0.050412032729778025,0.08486294221506145,0.9420560915397973,-30.534048757716484
21,22.0,0.580778398699049,9.949269039302246,0.5808057545942383,9.949267262945554,2.8564185871029357,0.6387955840153892,2.9578351390391333e-07,-2.2743908584404124
22,23.0,0.558936803003616,1.0005596982356844,0.182487416242053,0.44569936522048537,0.05041203273205592,0.08486294221697875,0.942056175227423,-30.534048757400186
23,24.0,0.5759202000739126,0.5260292350498713,0.18248770933140915,0.4457000041801708,0.05041203272929049,0.08486294221465111,0.9420560991652329,-30.534048757784184
24,25.0,0.442087977315178,5.944528501774047,0.18248771301861638,0.4457000565112488,0.05041203272929791,0.08486294221465736,0.9420560931170182,-30.534048757783147
25,26.0,0.0980590875342574,8.69136570845705,0.0980590875342574,8.69136570845705,2.8564195953547795,0.6387956967556527,-2.220446049250313e-16,-2.2743883875974866
26,27.0,0.06820344334857653,8.360380891112042,0.06820344334857653,8.360380891112042,2.8564195953547795,0.6387956967556527,-2.220446049250313e-16,-2.2743883875974866
27,28.0,0.07517106501515369,1.4098675465357047,0.18248776881361495,0.4457000068224931,0.05041203272930776,0.08486294221466566,0.9420560983304398,-30.534048757781783
28,29.0,0.9843946692993456,9.165516087738926,0.18248769653932703,0.44569979376979063,0.05041203272955165,0.08486294221487092,0.9420561234654075,-30.534048757747918
29,30.0,0.2845850434701591,4.569066191055586,0.182487904281584,0.44570004713223876,0.05041203272955347,0.08486294221487241,0.9420560924872534,-30.534048757747662
30,31.0,0.27809826080850153,3.8746039220545865,0.18248767051199621,0.4456997600225516,0.05041203272964468,0.0848629422149492,0.9420561275768953,-30.534048757734993
31,32.0,0.9616610167403494,9.646977095472819,0.18248768112540859,0.44569989655141645,0.05041203272937291,0.08486294221472047,0.9420561117886211,-30.534048757772737
32,33.0,0.7673306246818865,0.255723234605662,0.18248828522971255,0.4456999522412488,0.05041203273188021,0.08486294221683087,0.9420560999909203,-30.534048757424586
33,34.0,0.3630307373515591,2.0509278933261412,0.18248773689058503,0.4457000075503683,0.05041203272929128,0.08486294221465178,0.9420560985317947,-30.53404875778407
34,35.0,0.7682571946996689,4.653436213126609,0.1824877845659228,0.44570001993067115,0.05041203272932041,0.08486294221467627,0.9420560966830477,-30.534048757780027
35,36.0,0.756847401045824,0.46360512264700715,0.18248771623922833,0.4457000115380374,0.05041203272928903,0.0848629422146499,0.9420560982577983,-30.534048757784383
36,37.0,0.42684020818626034,6.037035018265417,0.18248771586775414,0.44570001081046556,0.05041203272928911,0.08486294221464993,0.9420560983447469,-30.534048757784376
37,38.0,0.8264931396221145,8.587587591596101,0.1824877042126506,0.44570001336744075,0.050412032729291,0.08486294221465152,0.9420560981548828,-30.534048757784113
38,39.0,0.7910453916881556,0.926297654058453,0.1824874612817946,0.44570051321335086,0.05041203273128104,0.08486294221632659,0.9420560428668052,-30.534048757507783
39,40.0,0.24500768517998428,3.256607259721068,0.18248764393670533,0.44570010808511445,0.050412032729388365,0.0848629422147335,0.9420560878054357,-30.53404875777059
40,41.0,0.835809585880762,7.164233249417289,0.18248680136296566,0.44570071874509537,0.0504120327393657,0.08486294222313133,0.9420560251245608,-30.534048756385182
41,42.0,0.9720879058265641,6.236744384837304,0.18248770951167909,0.44570002618889626,0.050412032729290374,0.08486294221465099,0.9420560966337888,-30.53404875778419
42,43.0,0.9678326344666761,4.439932545569679,0.1824877144465856,0.4457000085601086,0.05041203272928936,0.08486294221465014,0.9420560986161063,-30.534048757784333
43,44.0,0.46075067521801527,9.140825370490479,0.46075067521801527,9.140825370490479,2.856419498559029,0.6387956859321888,3.2645584902013525e-08,-2.274388624807127
44,45.0,0.3586770417268862,1.3971503207615066,0.18248767400115523,0.4457000585891806,0.05041203272931786,0.08486294221467412,0.9420560932264829,-30.534048757780383
45,46.0,0.8852045091219534,5.619068382069759,0.1824877720496737,0.44570009452796805,0.05041203272933673,0.08486294221469,0.9420560882200788,-30.53404875777776
46,47.0,0.25724158541263076,0.24915299561617196,0.18248769607114537,0.4456999630249983,0.05041203272930757,0.08486294221466549,0.9420561040142718,-30.534048757781804
47,48.0,0.061894851984137356,7.148730794614956,0.061894851984137356,7.148730794614956,2.8564195953547795,0.6387956967556527,-2.220446049250313e-16,-2.2743883875974866
48,49.0,0.374006047371519,8.250628832332419,0.374006047371519,8.250628832332419,2.8564195793739113,0.6387956949687112,6.012507824948443e-09,-2.2743884267605274
49,50.0,0.7111898339450167,1.7243987879032314,0.18248754255867825,0.44570081246249554,0.0504120327330656,0.08486294221782863,0.9420560077432953,-30.53404875725999
50,51.0,0.5768979788552991,6.335077506876853,0.18248770843874468,0.4457000203737923,0.0504120327292901,0.08486294221465077,0.9420560973117957,-30.534048757784234
51,52.0,0.02120447651111823,1.8762923143939463,0.02120447651111823,1.8762923143939463,2.8564195953547795,0.6387956967556527,-2.220446049250313e-16,-2.2743883875974866
52,53.0,0.6468737565364556,1.4961838829570997,0.18248768497045587,0.44570024269964414,0.050412032729579205,0.08486294221489411,0.9420560719655673,-30.534048757744095
53,54.0,0.8217402211254787,2.7250695829918765,0.18248844781390608,0.44570002439191564,0.05041203273347769,0.08486294221817545,0.9420560902440702,-30.53404875720276
54,55.0,0.7324266448686895,8.352504553465122,0.18248768558983877,0.4457000228045753,0.05041203272929923,0.08486294221465847,0.9420560972363647,-30.53404875778297
55,56.0,0.9077453706207003,2.136797868449793,0.18248844781390608,0.44570002439191564,0.05041203273347769,0.08486294221817545,0.9420560902440702,-30.53404875720276
56,57.0,0.16774261123150058,0.7058850461282604,0.18248771519189363,0.4457000110945268,0.050412032729289104,0.08486294221464996,0.9420560983181289,-30.534048757784376
57,58.0,0.37937205822778053,7.2289610863303375,0.3793859138111351,7.228960286969755,2.8564192826689436,0.638795661791887,1.1682582212735326e-07,-2.2743891538718026
58,59.0,0.8156534845761552,5.052394441911716,0.18248769382665597,0.4457000043955484,0.05041203272929513,0.084862942214655,0.9420560992788941,-30.534048757783538
59,60.0,0.006609921731840163,7.230099991306932,0.006609921731840163,7.230099991306932,2.8564195953547795,0.6387956967556527,-2.220446049250313e-16,-2.2743883875974866
60,61.0,0.6849129556848811,1.7529313869622483,0.18248771731910154,0.44569999158137197,0.05041203272929209,0.08486294221465243,0.9420561005421135,-30.534048757783957
61,62.0,0.04717568472750344,2.6900981475627623,0.04717568472750344,2.6900981475627623,2.856419595354779,0.6387956967556527,1.1102230246251565e-16,-2.2743883875974884
62,63.0,0.5824035076166731,4.625546021830126,0.1824877029381336,0.4456999810643615,0.05041203272929744,0.08486294221465696,0.9420561018793991,-30.534048757783218
63,64.0,0.8607355208540973,0.8856742224550304,0.1824880548935639,0.4457005501066818,0.05041203273147967,0.08486294221649372,0.9420560333266367,-30.5340487574802
64,65.0,0.3575848268717249,4.247754841638652,0.18248834553838567,0.4456996827298823,0.050412032733217246,0.08486294221795625,0.9420561304308133,-30.534048757238928
65,66.0,0.5646723224893411,8.088616011734322,0.1824877209691581,0.445699994163727,0.050412032729291456,0.08486294221465192,0.9420561002126929,-30.534048757784042
66,67.0,0.12138951541143694,4.503342598848437,0.12138951541143694,4.503342598848437,2.8564195953540286,0.6387956967555687,3.86468634872017e-13,-2.274388387599327
67,68.0,0.4809558699617721,6.587653228403902,0.18248786711873627,0.4456996447492848,0.050412032730255386,0.08486294221546323,0.9420561390715242,-30.534048757650197
68,69.0,0.8775408998261955,6.762006526093719,0.18248771195654367,0.445700051253432,0.05041203272929601,0.08486294221465578,0.9420560937308701,-30.534048757783417
69,70.0,0.9732820718306169,4.862734770422273,0.18248771205843,0.44570000602792964,0.05041203272928988,0.08486294221465063,0.942056098928493,-30.534048757784262
70,71.0,0.8070516394591617,3.548685739780068,0.1824878394127149,0.44570024489989996,0.0504120327296449,0.08486294221494939,0.9420560703337869,-30.534048757734965
71,72.0,0.6665571779641779,8.200083150425302,0.18248779984508368,0.44570024829945903,0.050412032729601326,0.08486294221491274,0.9420560702963203,-30.53404875774102
72,73.0,0.6762564898786914,7.444571350924355,0.18248907698879654,0.4457006655022557,0.05041203274512278,0.08486294222797704,0.942056010922722,-30.534048755585772
73,74.0,0.21456712599783045,9.280249475525624,0.21456712599783045,9.280249475525624,2.8564195953547795,0.6387956967556527,-2.220446049250313e-16,-2.2743883875974866
74,75.0,0.3837042207581346,1.7720711835456882,0.1824876080837814,0.445699855480056,0.05041203272950792,0.08486294221483412,0.9420561171616617,-30.534048757753993
75,76.0,0.6756784708191818,1.8246208327771378,0.18248777290956725,0.4457000042353411,0.05041203272931151,0.0848629422146688,0.9420560985912528,-30.534048757781257
76,77.0,0.671104544660376,2.4373370718002993,0.18248724005801611,0.44569993408018954,0.050412032731119244,0.08486294221619038,0.9420561114105355,-30.53404875753025
77,78.0,0.7091038008557834,3.493543820001437,0.182487837373444,0.44570024135923936,0.0504120327296336,0.08486294221493991,0.9420560707589851,-30.534048757736542
78,79.0,0.6092339542680492,9.465584366232259,0.18248754559660785,0.44569961277234554,0.050412032730320036,0.08486294221551764,0.9420561456178299,-30.534048757641223
79,80.0,0.5828302174682639,2.640034771292375,0.1824882386053792,0.44569957422772793,0.05041203273271814,0.08486294221753615,0.9420561438584606,-30.534048757308234
80,81.0,0.8758941441288595,7.766327081206869,0.18248701632577302,0.4457001711653227,0.05041203273348754,0.08486294221818375,0.94205608615297,-30.534048757201397
81,82.0,0.19267520787533,5.338783256020812,0.19267520787533,5.338783256020812,2.856419594836841,0.6387956966977381,2.467818172036118e-10,-2.2743883888667575
82,83.0,0.36704405897227077,4.255385451088929,0.18248709817982436,0.4456996786851014,0.05041203273273986,0.08486294221755444,0.9420561420328888,-30.534048757305214
83,84.0,0.20727895093528603,2.0757226472872365,0.1824882386840779,0.4457003105016149,0.050412032731700376,0.0848629422166795,0.9420560592263628,-30.534048757449554
84,85.0,0.27956578044580616,6.391815785331122,0.27956578044580616,6.391815785331122,2.856419579800039,0.6387956950163597,6.628301685296378e-09,-2.27438842571625
85,86.0,0.7138033703110872,8.71700859602585,0.18248767941176677,0.4456996870944585,0.05041203272986445,0.0848629422151342,0.9420561358802583,-30.534048757704483
86,87.0,0.7181948567721487,5.3053190101351735,0.18248765877644665,0.44569983565093657,0.05041203272948122,0.08486294221481165,0.9420561189884417,-30.534048757757695
87,88.0,0.5521359564116233,5.9336418786078085,0.1824877215169212,0.4457000078859894,0.05041203272928913,0.08486294221464996,0.9420560986304718,-30.53404875778437
88,89.0,0.39059020685826074,2.0507072154244796,0.1824877574094473,0.4457000207179313,0.05041203272929906,0.08486294221465833,0.942056096835027,-30.53404875778299
89,90.0,0.07178550643201398,8.329783799301715,0.07178550643201398,8.329783799301715,2.8564195953547795,0.6387956967556527,-2.220446049250313e-16,-2.2743883875974866
90,91.0,0.11304637163621678,4.550431683567814,0.11304637163621678,4.550431683567814,2.8564195953547222,0.6387956967556463,2.986499936241671e-14,-2.274388387597626
91,92.0,0.7592555703366884,1.4881228437222824,0.1824878301664192,0.4456998733702262,0.05041203272951031,0.08486294221483615,0.9420561131224696,-30.534048757753652
92,93.0,0.20797295305421615,3.1594320355169376,0.18248797846395184,0.4457000814751579,0.05041203272981766,0.08486294221509483,0.9420560878770765,-30.534048757710977
93,94.0,0.3445964767833065,8.5186874623781,0.3445964767833065,8.5186874623781,2.8564195939991217,0.6387956966040664,5.30013810617902e-10,-2.2743883909196887
94,95.0,0.5563153109888552,5.636794785220796,0.18248770284393714,0.44570002298511074,0.05041203272929175,0.08486294221465217,0.9420560970615803,-30.534048757784007
95,96.0,0.7250056220112658,4.326523367985015,0.18248773147142944,0.4456994787305981,0.05041203273083391,0.08486294221595019,0.9420561593660254,-30.534048757569863
96,97.0,0.6104967908371609,2.1434449194340646,0.18248771049755536,0.44570021920001773,0.05041203272950938,0.08486294221483533,0.9420560744389112,-30.534048757753787
97,98.0,0.1801992546690443,8.744739833035236,0.1801992546690443,8.744739833035236,2.8564195953547795,0.6387956967556527,-2.220446049250313e-16,-2.2743883875974866
98,99.0,0.8344910197034966,4.012750302286498,0.1824877000568881,0.4456999488337099,0.05041203272931524,0.08486294221467193,0.9420561056099321,-30.534048757780745
99,100.0,0.08428769168502392,0.05399002718460909,0.18248770751249277,0.4457000120710203,0.050412032729290235,0.08486294221465086,0.9420560982744429,-30.53404875778422
100,101.0,0.028430059578094413,4.392245917932185,0.028430059578094413,4.392245917932185,2.8564195953547795,0.6387956967556527,-2.220446049250313e-16,-2.2743883875974866
101,102.0,0.5075101041683328,9.30173009340919,0.507522361030463,9.301729382866514,2.856419223004436,0.6387956551203472,1.187372438149481e-07,-2.2743893000868765
102,103.0,0.35221898212159297,8.703288736062929,0.35221898212159297,8.703288736062929,2.8564195940556076,0.6387956966103826,5.028727434464031e-10,-2.2743883907812634
103,104.0,0.4453985413532626,4.153985103916383,0.18248716986752234,0.44569984619139125,0.05041203273175143,0.08486294221672248,0.9420561221391556,-30.534048757442463
104,105.0,0.6975926702017877,7.097652692620047,0.18248771204221131,0.4457000106870999,0.05041203272928954,0.0848629422146503,0.9420560983930807,-30.534048757784312
105,106.0,0.8045116711811746,1.254307535455686,0.1824875953365174,0.4457003739581269,0.05041203273014294,0.08486294221536858,0.9420560576777456,-30.534048757665815
106,107.0,0.5336164241527265,2.373563283273183,0.18248844781390608,0.44570002439191564,0.05041203273347769,0.08486294221817545,0.9420560902440702,-30.53404875720276
107,108.0,0.8459485308402812,1.2980384046992286,0.18248786175090023,0.44570000816022687,0.050412032729447415,0.0848629422147832,0.9420560973467826,-30.534048757762392
108,109.0,0.7083377410911592,9.446495532857579,0.18248774406097798,0.44570010638555546,0.05041203272933302,0.08486294221468692,0.9420560871069762,-30.534048757778272
109,110.0,0.4505774027965951,4.9104944839184315,0.18248800068001905,0.44570022060945047,0.050412032730064456,0.08486294221530255,0.9420560716856237,-30.534048757676707
110,111.0,0.6063843073432182,4.083074772072057,0.1824876932813073,0.44569995358458525,0.05041203272931415,0.084862942214671,0.9420561051243234,-30.534048757780894
111,112.0,0.2717960581753829,8.259935478852034,0.2717960581753829,8.259935478852034,2.8564195953456197,0.6387956967546286,3.9434011611660935e-12,-2.2743883876199327
112,113.0,0.7178444287266448,5.217851800621749,0.1824876248700311,0.4456995410482688,0.05041203273051257,0.0848629422156797,0.9420561531546228,-30.534048757614485
113,114.0,0.015584218137640105,6.062814204462832,0.015584218137640105,6.062814204462832,2.8564195953547795,0.6387956967556527,-2.220446049250313e-16,-2.2743883875974866
114,115.0,0.041345797001389184,3.59108071353185,0.041345797001389184,3.59108071353185,2.8564195953547795,0.6387956967556527,-2.220446049250313e-16,-2.2743883875974866
115,116.0,0.6502913391899889,7.060827185624935,0.1824877164542957,0.445700007731427,0.050412032729289305,0.08486294221465007,0.9420560986934363,-30.53404875778434
116,117.0,0.30263437480934996,0.6312501058302777,0.18248755764862198,0.4457007315188931,0.05041203273234658,0.08486294221722336,0.942056016913031,-30.534048757359827
117,118.0,0.8495776582326935,0.08183396002080802,0.18248770856804208,0.4457002164565483,0.050412032729504265,0.08486294221483102,0.9420560747714907,-30.53404875775449
118,119.0,0.19787578468176237,9.16929896062436,0.19787578468176237,9.16929896062436,2.8564195953547795,0.6387956967556527,-2.220446049250313e-16,-2.2743883875974866
119,120.0,0.4793325788131354,6.066910652390797,0.18248771139372352,0.4457000187391171,0.0504120327292895,0.08486294221465028,0.9420560974733158,-30.53404875778432
120,121.0,0.8225255219884121,4.915087976420599,0.1824880141258523,0.4456998417409824,0.05041203273019195,0.08486294221540987,0.942056115115024,-30.534048757659008
121,122.0,0.7519419395688884,7.458908137230161,0.182488505776885,0.4457002656489844,0.05041203273428509,0.08486294221885501,0.9420560619943967,-30.534048757090652
122,123.0,0.6886596994637993,5.885529263755156,0.18248770525027808,0.4457000239632921,0.05041203272929111,0.08486294221465165,0.9420560969276589,-30.534048757784092
123,124.0,0.2235195806037601,3.680596963311988,0.18248769374570356,0.44569998505019587,0.050412032729299124,0.08486294221465839,0.942056101503305,-30.534048757782983
124,125.0,0.8850306872617758,0.3599082391052203,0.18248773017127376,0.44569994448504113,0.050412032729317935,0.08486294221467422,0.9420561058409407,-30.53404875778037
125,126.0,0.5719608361403329,5.450304008435745,0.18248756415049378,0.44570006597697226,0.05041203272950635,0.08486294221483276,0.9420560933577834,-30.534048757754206
126,127.0,0.26394291910503775,0.629112553347357,0.18248770945080892,0.44570000106616703,0.050412032729290936,0.08486294221465149,0.9420560995221119,-30.53404875778412
127,128.0,0.6265683758042103,4.543028418214727,0.1824877181428192,0.4457000471256208,0.05041203272929374,0.08486294221465386,0.9420560941501207,-30.53404875778373
128,129.0,0.20652835363972455,4.076489697341832,0.18248794364789228,0.44569992162015337,0.05041203272975422,0.08486294221504144,0.9420561065628038,-30.534048757719788
129,130.0,0.19229344774933976,6.321263820397901,0.19229344774933976,6.321263820397901,2.8564195953517904,0.6387956967553186,1.4247492075014634e-12,-2.2743883876048114
130,131.0,0.2853864235338762,3.2636695419011152,0.18248773569405005,0.4457000469663802,0.05041203272929467,0.08486294221465464,0.9420560940117304,-30.534048757783594
131,132.0,0.22134427042489135,8.596621838377336,0.22134427042489135,8.596621838377336,2.8564195953547755,0.6387956967556522,1.9984014443252818e-15,-2.2743883875974964
132,133.0,0.6256906321034775,3.3362871096491853,0.18248789491516496,0.4456999093291668,0.05041203272961122,0.0848629422149211,0.9420561084108716,-30.534048757739647
133,134.0,0.46547644328599513,4.1650150687424725,0.18248716947345645,0.44569986940700324,0.05041203273173023,0.0848629422167046,0.9420561194740869,-30.53404875744541
134,135.0,0.9394652297824612,3.6363676863462957,0.182487872816953,0.44570029836504776,0.05041203272984317,0.08486294221511628,0.942056063889831,-30.53404875770744
135,136.0,0.3874058696807252,9.730915259729315,0.3874058696807252,9.730915259729315,2.8564195946602258,0.6387956966779894,2.5682911353186455e-10,-2.274388389299574
136,137.0,0.00623396641680074,1.2942686819336284,0.00623396641680074,1.2942686819336284,2.8564195953547795,0.6387956967556527,-2.220446049250313e-16,-2.2743883875974866
137,138.0,0.8918382779944581,9.938613531902794,0.1824879737111064,0.4457001641719389,0.05041203272986787,0.0848629422151371,0.942056078413822,-30.534048757704014
138,139.0,0.3806752481515444,8.754384837334545,0.3806752481515444,8.754384837334545,2.8564195893349362,0.6387956960825286,2.245392649591338e-09,-2.274388402349837
139,140.0,0.6621751378891328,5.060076993142633,0.1824876933532823,0.4457000035353374,0.05041203272929539,0.08486294221465522,0.9420560993819987,-30.534048757783495
140,141.0,0.24580521740739325,1.1104454364854726,0.1824874430759967,0.44569956834767166,0.05041203273082933,0.08486294221594631,0.9420561516392428,-30.534048757570503
141,142.0,0.03784250737450878,7.101147539669244,0.03784250737450878,7.101147539669244,2.8564195953547795,0.6387956967556527,-2.220446049250313e-16,-2.2743883875974866
142,143.0,0.29713352700080076,3.629404999413896,0.18248775833440395,0.44569985135633544,0.050412032729452216,0.08486294221478721,0.9420561162943107,-30.534048757761724
143,144.0,0.44830582964235466,3.2472632590345567,0.18248721874139068,0.4457003025663818,0.05041203273189234,0.08486294221684106,0.9420560692438134,-30.534048757422894
144,145.0,0.07563900281471947,7.673487447309068,0.07563900281471947,7.673487447309068,2.8564195953547795,0.6387956967556527,-2.220446049250313e-16,-2.2743883875974866
145,146.0,0.7952424490983342,0.01305518867159322,0.18248775327649028,0.44570005257713086,0.050412032729302295,0.08486294221466102,0.9420560932098132,-30.534048757782543
146,147.0,0.7127889555261849,0.43857463368710653,0.18248759619682706,0.4457016040505576,0.05041203274301608,0.08486294222620384,0.9420559162717731,-30.534048755878302
147,148.0,0.6761659802746943,8.805226838669586,0.1824876462734514,0.4456998578080788,0.05041203272945419,0.08486294221478886,0.9420561165531655,-30.534048757761454
148,149.0,0.7071464156103598,7.11792348305491,0.1824877107199675,0.4457000523171961,0.05041203272929668,0.08486294221465629,0.9420560936196332,-30.534048757783324
149,150.0,0.4480154551273098,1.1977866422181218,0.18248771807580658,0.4457000187408725,0.0504120327292888,0.0848629422146497,0.9420560974134584,-30.53404875778442
150,151.0,0.6126570861479104,9.92118159752751,0.6127152618341084,9.921177689542787,2.856417198415756,0.6387954287357411,6.792004557665265e-07,-2.27439426158751
151,152.0,0.997325047748922,8.630243829627428,0.18248770344928628,0.44570001278113963,0.050412032729291206,0.0848629422146517,0.9420560982290912,-30.534048757784085
152,153.0,0.17384566145967073,3.5096465154393344,0.18248792849419837,0.44570038149616725,0.05041203273024954,0.08486294221545838,0.9420560538369236,-30.534048757651014
153,154.0,0.029076941542857337,6.485396305350323,0.029076941542857337,6.485396305350323,2.8564195953547795,0.6387956967556527,-2.220446049250313e-16,-2.2743883875974866
154,155.0,0.8561690144061129,9.30983843418173,0.1824877238249806,0.44570000040114366,0.05041203272929027,0.0848629422146509,0.9420560994702252,-30.534048757784213
155,156.0,0.032521053138133804,8.560297516850463,0.032521053138133804,8.560297516850463,2.8564195953547795,0.6387956967556527,-2.220446049250313e-16,-2.2743883875974866
156,157.0,0.4626241530885735,0.02426906684065599,0.1824877202677686,0.4457000099974663,0.05041203272928896,0.08486294221464981,0.9420560983989164,-30.53404875778439
157,158.0,0.09079385591508127,4.730772467675737,0.09079385591508127,4.730772467675737,2.8564195953547795,0.6387956967556527,-2.220446049250313e-16,-2.2743883875974866
158,159.0,0.7865458730816353,5.1595943153801755,0.18248771393029742,0.44570008585291493,0.05041203272931495,0.08486294221467167,0.9420560897361422,-30.534048757780788
159,160.0,0.09423893178028697,4.670672420668529,0.09423893178028697,4.670672420668529,2.8564195953547795,0.6387956967556527,-2.220446049250313e-16,-2.2743883875974866
160,161.0,0.8309929081698133,6.251571038419553,0.18248771011655684,0.44570001778247903,0.05041203272928971,0.08486294221465043,0.9420560975946803,-30.53404875778429
161,162.0,0.39473781805197206,5.13889147769103,0.18248766390627055,0.4456998288180505,0.05041203272949035,0.08486294221481931,0.9420561197280642,-30.53404875775643
162,163.0,0.926794434096231,9.69038291726305,0.18248767902371743,0.4456998932124891,0.05041203272937816,0.08486294221472492,0.9420561121911823,-30.534048757772005
163,164.0,0.5152218273927615,6.259934743906658,0.18248770960633975,0.4457000223905281,0.05041203272929,0.0848629422146507,0.9420560970695544,-30.534048757784248
164,165.0,0.05249279448470945,3.5184335626309324,0.05249279448470945,3.5184335626309324,2.8564195953547795,0.6387956967556527,-2.220446049250313e-16,-2.2743883875974866
165,166.0,0.22984544576199506,9.600045958033025,0.22984544576199506,9.600045958033025,2.8564195953547795,0.6387956967556527,-2.220446049250313e-16,-2.2743883875974866
166,167.0,0.6007383292695581,7.914379604679254,0.1824877161640313,0.44570000073066557,0.05041203272929021,0.0848629422146509,0.9420560995007432,-30.53404875778422
167,168.0,0.27873207080817686,3.559632503707276,0.18248791425475802,0.4457003607780985,0.05041203273013677,0.08486294221536345,0.9420560563455758,-30.534048757666667
168,169.0,0.9676739350579056,6.120328859519807,0.18248758427469128,0.44570082364766417,0.050412032733019946,0.08486294221779016,0.9420560060853366,-30.53404875726632
169,170.0,0.8337540971897368,4.962103959786083,0.18248771940526481,0.4457006289499251,0.05041203273127911,0.08486294221632489,0.9420560272595444,-30.534048757508046
170,171.0,0.4941928806787683,0.0805698393376279,0.18248771455215515,0.44569999877420907,0.05041203272929066,0.08486294221465128,0.9420560997400221,-30.534048757784156
171,172.0,0.28487109769803054,0.17343825507542032,0.1824876884020464,0.4457000533065593,0.05041203272930565,0.08486294221466385,0.9420560937051481,-30.534048757782074
172,173.0,0.14381630002768442,1.8226697815826731,0.18248766934301366,0.445700889671949,0.05041203273340665,0.08486294221811565,0.9420559977367515,-30.53404875721263
173,174.0,0.5920777991621984,1.1815064902687655,0.18248738459371597,0.4457000401307178,0.05041203273020094,0.08486294221541743,0.942056097930961,-30.534048757657757
174,175.0,0.9234888654376664,9.802717444371751,0.18248767479749756,0.44569988779616193,0.05041203272938752,0.08486294221473278,0.9420561128514999,-30.534048757770705
175,176.0,0.19826065793377623,2.6567774345636934,0.1824877329545631,0.44569998041108344,0.05041203272929734,0.08486294221465687,0.9420561016865099,-30.534048757783232
176,177.0,0.514737375840311,0.40884720588050505,0.18248783042582697,0.4457002293660931,0.05041203272959659,0.08486294221490874,0.9420560721996006,-30.534048757741672
177,178.0,0.555413490648253,5.615764890982232,0.1824877262546005,0.44570000895803397,0.05041203272928926,0.08486294221465009,0.9420560984649463,-30.534048757784348
178,179.0,0.626681713595953,9.533099131159368,0.18248771763706037,0.4457000054693907,0.050412032729289444,0.08486294221465024,0.9420560989428909,-30.534048757784326
179,180.0,0.1488873675210286,5.715211630806247,0.1488873675210286,5.715211630806247,2.85641959535473,0.6387956967556473,2.4424906541753444e-14,-2.2743883875976083
180,181.0,0.34626593027874353,9.77096962175916,0.34626593027874353,9.77096962175916,2.85641959531422,0.6387956967511175,1.5822565480050343e-11,-2.2743883876968827
181,182.0,0.6592922193986555,1.8656908881835506,0.18248771292212612,0.44569999393703336,0.05041203272929186,0.08486294221465225,0.9420561003105927,-30.534048757783992
182,183.0,0.5606326665044219,8.876315038884213,0.1824875555132609,0.4456998666360583,0.050412032729598356,0.08486294221491024,0.942056116348537,-30.53404875774143
183,184.0,0.9357511042695831,6.217949056938473,0.18248771068536862,0.4457000515527864,0.0504120327292964,0.08486294221465607,0.9420560937078086,-30.53404875778336
184,185.0,0.2471736644625646,1.7469213068801055,0.1824881091617417,0.44570005848380556,0.050412032730475224,0.08486294221564829,0.94205608935224,-30.534048757619672
185,186.0,0.9032959303297322,3.3652260082051666,0.18248718762571306,0.4456989226486833,0.050412032737242346,0.08486294222134415,0.9420562281389628,-30.534048756680015
186,187.0,0.3518030848598934,1.1728110728853582,0.18248760099641642,0.4456999279847796,0.05041203272943333,0.08486294221477131,0.9420561088907323,-30.534048757764346
187,188.0,0.8870779062605677,4.868023828672742,0.18248824343886466,0.4457004846857178,0.05041203273233831,0.08486294221721645,0.9420560391620116,-30.53404875736097
188,189.0,0.18782262616189715,4.130430941817665,0.18783887982698622,4.130430009230319,2.8564194170046178,0.6387956768129739,8.547498997479863e-08,-2.274388824666036
189,190.0,0.8639913770037024,9.418743375646013,0.18248792342709008,0.4457003000301269,0.05041203272997375,0.08486294221522617,0.942056063246465,-30.534048757689305
190,191.0,0.9024036984291134,6.818477542586434,0.18248770879572854,0.4457000364622703,0.050412032729292226,0.08486294221465251,0.9420560954592876,-30.534048757783935
191,192.0,0.1423290080846492,0.1977425365345269,0.18248783430609153,0.44570023703731865,0.050412032729619145,0.08486294221492774,0.9420560712831672,-30.534048757738546
192,193.0,0.43979871715440577,6.785238309969325,0.18248779245320748,0.4456999946495385,0.05041203272933347,0.08486294221468726,0.9420560995186044,-30.534048757778216
193,194.0,0.8891364214319843,2.3764163103018694,0.18248844781390608,0.44570002439191564,0.05041203273347769,0.08486294221817545,0.9420560902440702,-30.53404875720276
194,195.0,0.9455016775382753,0.6012049138832507,0.18248770426168756,0.44569996010082563,0.05041203272930703,0.08486294221466505,0.9420561042772747,-30.53404875778189
195,196.0,0.824301860196901,3.7069361538804317,0.18248791585235274,0.44570036272375685,0.05041203273014774,0.08486294221537267,0.9420560561076604,-30.534048757665147
196,197.0,0.1263550261079286,2.8988305997684156,0.18248780984774574,0.4456999942944681,0.05041203272935613,0.08486294221470635,0.942056099404097,-30.534048757775068
197,198.0,0.9657196212804475,0.46906273042186264,0.1824881785812366,0.44570005249597766,0.05041203273093891,0.0848629422160386,0.9420560894202177,-30.53404875755529
198,199.0,0.0861323727617741,9.051273074456727,0.0861323727617741,9.051273074456727,2.8564195953547795,0.6387956967556527,-2.220446049250313e-16,-2.2743883875974866
199,200.0,0.5549123499631218,0.04100482384268652,0.18248798804244196,0.44569995897989795,0.0504120327298899,0.0848629422151556,0.9420561018718909,-30.53404875770095
200,201.0,0.6413935160575103,3.554130858450853,0.18248793093820964,0.44570038540648677,0.050412032730270846,0.08486294221547627,0.9420560533656163,-30.53404875764805
201,202.0,0.09267492173215475,5.647213138655553,0.09267492173215475,5.647213138655553,2.8564195953547795,0.6387956967556527,-2.220446049250313e-16,-2.2743883875974866
202,203.0,0.8758195941478317,6.376594988598744,0.18248773020656678,0.44570000779418323,0.05041203272928987,0.08486294221465059,0.9420560985634443,-30.53404875778427
203,204.0,0.06387035873877567,4.932482584728647,0.06387035873877567,4.932482584728647,2.8564195953547795,0.6387956967556527,-2.220446049250313e-16,-2.2743883875974866
204,205.0,0.5120979915874029,7.274495758424042,0.1824876760122754,0.4457007940366303,0.050412032732552015,0.08486294221739628,0.9420560086703956,-30.5340487573313
205,206.0,0.8469639071618652,7.228743660012204,0.1824895038420556,0.4457005850319573,0.050412032755094954,0.08486294223637053,0.942056016349719,-30.53404875420108
206,207.0,0.49003298127972106,9.767336577756714,0.49003298127972106,9.767336577756714,2.8564195160706496,0.6387956878902953,2.5811325743418934e-08,-2.274388581892792
207,208.0,0.6097290257282323,3.449090283858539,0.1824878557224612,0.4457002714465998,0.050412032729737336,0.08486294221502719,0.9420560671366807,-30.534048757722132
208,209.0,0.2804462525413597,6.184985889817689,0.2804462525413597,6.184985889817689,2.856419560755309,0.6387956928868247,1.472658717194264e-08,-2.2743884723876526
209,210.0,0.5669113045112739,9.489440148738897,0.5669530044878693,9.48943743979494,2.856418050978527,0.6387955240672566,4.6007692566796266e-07,-2.2743921722783886
210,211.0,0.5753665108486568,3.4658884607717066,0.18248789863455542,0.445700337271728,0.05041203273001882,0.08486294221526411,0.9420560591870629,-30.534048757683045
211,212.0,0.6583301447083377,9.127312784251655,0.1824877183806715,0.44569970410555626,0.05041203272980734,0.08486294221508613,0.9420561335769777,-30.534048757712412
212,213.0,0.011676682426040585,9.950437469948252,0.011676682426040585,9.950437469948252,2.8564195953547795,0.6387956967556527,-2.220446049250313e-16,-2.2743883875974866
213,214.0,0.3407474425723912,1.3193120125615807,0.18248785207440804,0.44570042830969203,0.050412032730261944,0.0848629422154688,0.9420560491382645,-30.534048757649288
214,215.0,0.9857589686285191,4.370939848520852,0.18248771270630657,0.44570000276845456,0.05041203272929022,0.08486294221465089,0.9420560992973753,-30.53404875778422
215,216.0,0.22455314292197393,7.785325228392826,0.22455314292197393,7.785325228392826,2.8564195953545277,0.6387956967556245,1.1535217225855376e-13,-2.274388387598103
216,217.0,0.6307486464865636,0.5624997524905505,0.18248769068325654,0.44570060865001304,0.0504120327311761,0.08486294221623818,0.9420560298493603,-30.534048757522356
217,218.0,0.32893953646924734,8.388001012281705,0.32893953646924734,8.388001012281705,2.8564195946550495,0.6387956966774107,2.792751585545261e-10,-2.274388389312259
218,219.0,0.21592669283481147,6.765864706368715,0.21592669283481147,6.765864706368715,2.856419595346469,0.6387956967547235,3.847255847233555e-12,-2.2743883876178526
219,220.0,0.5964770098564621,7.098026350904671,0.18248771662228433,0.4457000052282491,0.05041203272928952,0.0848629422146503,0.942056098979669,-30.534048757784312
220,221.0,0.020879490054521832,7.975749468175431,0.020879490054521832,7.975749468175431,2.8564195953547795,0.6387956967556527,-2.220446049250313e-16,-2.2743883875974866
221,222.0,0.3600926837418983,6.38614119842404,0.3601489942537369,6.386137556892497,2.856418273731834,0.6387955489749925,5.062834655955584e-07,-2.2743916263943262
222,223.0,0.388276112690768,7.966222056997757,0.388276112690768,7.966222056997757,2.8564195265073,0.6387956890572959,2.5429687022793246e-08,-2.2743885563165236
223,224.0,0.573658024457261,2.052191505953475,0.18248772686438502,0.4457003999467748,0.050412032730065545,0.08486294221530347,0.9420560535164086,-30.53404875767656
224,225.0,0.3320087716236738,5.481963410409331,0.18248750069711261,0.44570008377602516,0.050412032729715756,0.08486294221500905,0.9420560918780976,-30.53404875772513
225,226.0,0.24938003122797592,0.693759092977885,0.18248775271665374,0.4456999868855053,0.050412032729302426,0.08486294221466115,0.9420561007658547,-30.53404875778252
226,227.0,0.2874500037740567,6.728944433780668,0.2874500037740567,6.728944433780668,2.8564195870812554,0.6387956958305275,3.4889016120587257e-09,-2.2743884078727525
227,228.0,0.8044290163192789,4.092686309672342,0.1824877454344305,0.4457000041577159,0.05041203272929457,0.08486294221465454,0.9420560988454882,-30.534048757783616
228,229.0,0.21331765659654356,0.8934019586305088,0.18248757976093857,0.44569986401594613,0.05041203272954714,0.08486294221486713,0.9420561164332927,-30.534048757748543
229,230.0,0.3280183003079594,2.1566117365652757,0.18248844781390608,0.44570002439191564,0.05041203273347769,0.08486294221817545,0.9420560902440702,-30.53404875720276
230,231.0,0.6409777229698238,7.4422108328167615,0.1824891955298438,0.4457007490566224,0.0504120327481724,0.08486294223054387,0.942056000257329,-30.534048755162317
231,232.0,0.2188423880639636,5.943353335089448,0.2188423880639636,5.943353335089448,2.856419594842972,0.6387956966984237,2.360656115030224e-10,-2.2743883888517322
232,233.0,0.48513651383642387,4.430953028047778,0.18248889240812405,0.44569887965881755,0.050412032748578195,0.08486294223088545,0.9420562178460423,-30.53404875510597
233,234.0,0.3884735910925695,8.382864028866377,0.3884735910925695,8.382864028866377,2.8564195715779195,0.6387956940969824,8.780054128187942e-09,-2.2743884458655437
234,235.0,0.18335047896094014,8.709554494796341,0.18335047896094014,8.709554494796341,2.8564195953547795,0.6387956967556527,-2.220446049250313e-16,-2.2743883875974866
235,236.0,0.09897444937325262,8.621983429601874,0.09897444937325262,8.621983429601874,2.8564195953547795,0.6387956967556527,-2.220446049250313e-16,-2.2743883875974866
236,237.0,0.6186338246637091,4.976512577100861,0.18248781657473725,0.4456999838041637,0.050412032729370386,0.08486294221471834,0.9420561005498528,-30.534048757773085
237,238.0,0.3219794327202724,4.422054048419917,0.1824877875535701,0.4457000385358859,0.05041203272932449,0.0848629422146797,0.942056094517762,-30.53404875777946
238,239.0,0.13588267884839278,3.099311605435311,0.1359437411147793,3.0993077418591617,2.856419068084082,0.6387956377975311,2.6763816751707026e-07,-2.2743896797379097
239,240.0,0.42775925851187735,7.179980270075544,0.18248670156414906,0.44570072918570225,0.050412032741074385,0.08486294222456951,0.942056024813443,-30.534048756147918
240,241.0,0.1792109797529795,9.712395108942777,0.1792109797529795,9.712395108942777,2.8564195953547795,0.6387956967556527,-2.220446049250313e-16,-2.2743883875974866
241,242.0,0.3229928000192003,4.60417910438348,0.1824877018391641,0.44570002414227095,0.0504120327292921,0.08486294221465242,0.9420560969375384,-30.534048757783957
242,243.0,0.381522156617908,8.115927287001945,0.381522156617908,8.115927287001945,2.8564195617506742,0.638795692998124,1.2520581682551324e-08,-2.2743884699483905
243,244.0,0.5763312201082702,3.9731926303794123,0.1824874654060364,0.4457001942982281,0.05041203273002763,0.08486294221527158,0.942056079488732,-30.53404875768183
244,245.0,0.21081078977412848,2.359334688568736,0.18248844781390608,0.44570002439191564,0.05041203273347769,0.08486294221817545,0.9420560902440702,-30.53404875720276
245,246.0,0.6217306052818156,0.5786680861519097,0.18248770578602327,0.4457000170460316,0.05041203272929058,0.08486294221465115,0.9420560977179939,-30.53404875778417
246,247.0,0.9999168149268686,2.8188914036106705,0.18248822287982175,0.44569957995867443,0.050412032732552806,0.08486294221739694,0.9420561433402769,-30.534048757331185
247,248.0,0.3587244718574454,4.931269980594499,0.18248755121656987,0.4457001213248956,0.050412032729596504,0.08486294221490867,0.9420560871111124,-30.534048757741687
248,249.0,0.8260754596718801,8.866007849861571,0.1824878038111439,0.4457000212307415,0.05041203272934256,0.08486294221469494,0.9420560963617656,-30.53404875777695
249,250.0,0.9896340452531655,1.6429701961486864,0.18248771376750178,0.44570001752478644,0.050412032729289145,0.08486294221464995,0.942056097591707,-30.53404875778437
250,251.0,0.30991636744621887,4.168984430195258,0.18248771351038143,0.44570000175231456,0.05041203272929028,0.08486294221465092,0.942056099406999,-30.534048757784213
251,252.0,0.4855494505441005,3.611426272650136,0.1824879061120103,0.44570034870018704,0.05041203273007471,0.08486294221531118,0.9420560578066169,-30.534048757675286
252,253.0,0.8178559296376635,9.820822686082117,0.1824876810284819,0.44569969095799167,0.05041203272985076,0.0848629422151227,0.942056135421726,-30.534048757706387
253,254.0,0.8612039919207579,5.592298332244412,0.1824877279438732,0.44570000857293757,0.05041203272928949,0.08486294221465024,0.9420560984941302,-30.53404875778432
254,255.0,0.9366118992046008,3.150281445988974,0.18248768234076093,0.44570005083136915,0.050412032729308325,0.08486294221466609,0.9420560940437734,-30.534048757781704
255,256.0,0.6003474360781517,9.93853282180143,0.6003908680026567,9.938529979630722,2.8564178797540167,0.6387955049213454,4.926349935763241e-07,-2.2743925918848973
256,257.0,0.4222263273329683,2.9713907131311488,0.18248539566041758,0.4456993399319286,0.050412032772897186,0.08486294225135463,0.942056196127665,-30.534048751729138
257,258.0,0.5354178474978845,6.427006359076828,0.18248824098998098,0.44570031798909565,0.050412032731737805,0.08486294221671097,0.9420560583450971,-30.53404875744436
258,259.0,0.49715648933585466,5.344953190754164,0.1824875773001202,0.4457005000060391,0.05041203273077201,0.08486294221589809,0.9420560433497382,-30.534048757578468
259,260.0,0.9341698785175645,3.5759901105586622,0.18248780317705526,0.4457001841370198,0.05041203272947486,0.0848629422148063,0.9420560776418586,-30.534048757758576
260,261.0,0.7589956115416668,2.9773602914685324,0.18248762999122575,0.44570015911038785,0.05041203272947702,0.08486294221480808,0.9420560820646938,-30.534048757758278
261,262.0,0.09939652788534825,9.757078607697606,0.09939652788534825,9.757078607697606,2.8564195953547795,0.6387956967556527,-2.220446049250313e-16,-2.2743883875974866
262,263.0,0.2191823626667213,7.91330623197658,0.2191823626667213,7.91330623197658,2.856419595354714,0.6387956967556453,3.042011087472929e-14,-2.2743883875976474
263,264.0,0.8153649666660729,4.92531642268324,0.1824876851311262,0.44570002363862565,0.0504120327292996,0.08486294221465882,0.942056097144588,-30.534048757782912
264,265.0,0.7407925891102206,7.070849901330335,0.18248816447736002,0.44570004532001384,0.050412032730839745,0.08486294221595511,0.9420560903710983,-30.53404875756906
265,266.0,0.9321936284932101,2.0088717673299517,0.18248844781390608,0.44570002439191564,0.05041203273347769,0.08486294221817545,0.9420560902440702,-30.53404875720276
266,267.0,0.7367210161284804,2.9147734012150655,0.18248776284959975,0.4457000081893095,0.05041203272930329,0.08486294221466187,0.9420560982265793,-30.5340487577824
267,268.0,0.6995851667923666,8.902991469651095,0.18248774217095573,0.445700174606763,0.050412032729420436,0.08486294221476044,0.9420560792820201,-30.534048757766136
268,269.0,0.16278094903720863,3.07980298634486,0.1824877216868949,0.44570006177284,0.05041203272929934,0.08486294221465855,0.942056092434827,-30.534048757782948
269,270.0,0.30481375254912435,3.943847154619047,0.18248812506176398,0.4457002239929922,0.05041203273071667,0.0848629422158515,0.9420560701855152,-30.53404875758615
270,271.0,0.3538450841600156,7.741625815606998,0.3538450841600156,7.741625815606998,2.8564195735539597,0.6387956943179384,8.420527053409899e-09,-2.274388441023019
271,272.0,0.14973640708326397,6.202870372053367,0.14973640708326397,6.202870372053367,2.8564195953547773,0.6387956967556526,8.881784197001252e-16,-2.274388387597491
272,273.0,0.97935655355818,8.538426061832952,0.1824877034805483,0.44570001383269997,0.050412032729291165,0.0848629422146517,0.9420560981079384,-30.534048757784092
273,274.0,0.6652067801464797,3.744374903729079,0.18248770808175213,0.44570000472430543,0.05041203272929072,0.08486294221465128,0.9420560991138427,-30.53404875778415
274,275.0,0.46674040851515086,5.802504496275575,0.18248771561534788,0.445700020049085,0.050412032729289034,0.08486294221464986,0.9420560972850498,-30.534048757784383
275,276.0,0.8693521688345268,9.23892079038677,0.18248768018205785,0.4457000514936947,0.05041203272931007,0.0848629422146676,0.9420560939869117,-30.534048757781456
276,277.0,0.33806727467684305,2.0038223557612636,0.1824877972444221,0.44570004264871305,0.050412032729335914,0.08486294221468935,0.9420560939584754,-30.534048757777867
277,278.0,0.8609568974831736,5.53560001012917,0.18248775489606375,0.44570005946378755,0.05041203272930568,0.08486294221466392,0.9420560924037533,-30.534048757782074
278,279.0,0.01231458373251193,5.821703451835064,0.01231458373251193,5.821703451835064,2.8564195953547795,0.6387956967556527,-2.220446049250313e-16,-2.2743883875974866
279,280.0,0.153493150948658,4.708719774055414,0.153493150948658,4.708719774055414,2.8564195952642075,0.6387956967455252,4.514322249349334e-11,-2.274388387819444
280,281.0,0.14980383382756512,1.249007744422974,0.18248786999728095,0.44569996632281117,0.050412032729486744,0.08486294221481627,0.9420561020822018,-30.534048757756935
281,282.0,0.05951747669484686,7.103659639471739,0.05951747669484686,7.103659639471739,2.8564195953547795,0.6387956967556527,-2.220446049250313e-16,-2.2743883875974866
282,283.0,0.23093763256409083,5.946451166210008,0.23093763256409083,5.946451166210008,2.8564195936651027,0.6387956965667172,7.673945923158954e-10,-2.2743883917382437
283,284.0,0.012412487357660096,7.565906902483933,0.012412487357660096,7.565906902483933,2.8564195953547795,0.6387956967556527,-2.220446049250313e-16,-2.2743883875974866
284,285.0,0.5164209694887307,7.296826471858151,0.1824877069520465,0.4457000253333422,0.05041203272929081,0.08486294221465135,0.9420560967549834,-30.534048757784134
285,286.0,0.264921373799479,9.223956007627407,0.264921373799479,9.223956007627407,2.8564195953546605,0.6387956967556394,5.162537064506978e-14,-2.274388387597778
286,287.0,0.49035309119581894,3.000229387087534,0.1824878181804019,0.44569999140797223,0.050412032729369644,0.08486294221471771,0.9420560996614828,-30.534048757773192
287,288.0,0.015675489749895632,4.2894418936965595,0.015675489749895632,4.2894418936965595,2.8564195953547795,0.6387956967556527,-2.220446049250313e-16,-2.2743883875974866
288,289.0,0.22692396662366165,4.0499358521211315,0.18248769445404922,0.44569993434323185,0.050412032729328045,0.08486294221468271,0.9420561073255853,-30.53404875777896
289,290.0,0.3302029126175131,1.9639092311352695,0.1824882249469658,0.4456999486528299,0.050412032731368885,0.08486294221640048,0.9420561009421887,-30.534048757495583
290,291.0,0.11149164697557168,6.2603546254086995,0.11149164697557168,6.2603546254086995,2.8564195953547795,0.6387956967556527,-2.220446049250313e-16,-2.2743883875974866
291,292.0,0.4579303313011739,5.4224044938988465,0.18248768332076948,0.4457000267438854,0.05041203272930104,0.08486294221465998,0.9420560968038092,-30.534048757782713
292,293.0,0.07078028239718925,7.455480676948822,0.07078028239718925,7.455480676948822,2.8564195953547795,0.6387956967556527,-2.220446049250313e-16,-2.2743883875974866
293,294.0,0.6925891029959895,3.1060084758750497,0.18248739695102295,0.4457001629444203,0.05041203273029159,0.08486294221549374,0.9420560837035477,-30.534048757645166
294,295.0,0.6913684603687233,8.450475243780204,0.182487697699431,0.44570001736791176,0.05041203272929312,0.08486294221465332,0.9420560977531872,-30.534048757783815
295,296.0,0.9138683498068818,4.098744449576061,0.18248814461317292,0.4457002340677143,0.05041203273085837,0.08486294221597078,0.9420560688527712,-30.534048757566474
296,297.0,0.7356111203652063,3.556849336806344,0.18248789601306706,0.4457003330953195,0.05041203272999913,0.08486294221524754,0.9420560596905401,-30.53404875768578
297,298.0,0.6451540826917568,0.5571636577786531,0.1824855396619983,0.4456940871667002,0.05041203293903783,0.08486294239119405,0.9420567986243594,-30.534048728659556
298,299.0,0.6649476032234248,1.4116479156831263,0.18248805103034765,0.4456994792242364,0.050412032731890946,0.0848629422168399,0.9420561564549296,-30.534048757423093
299,300.0,0.4173773869932679,8.743294459491876,0.4173773869932679,8.743294459491876,2.8564195568666353,0.6387956924520027,1.3698724932176276e-08,-2.274388481917317
300,301.0,0.13015542928049784,0.6236819953109763,0.18248770436124723,0.44570001674908,0.05041203272929092,0.08486294221465142,0.9420560977648473,-30.53404875778412
301,302.0,0.5497231323433384,1.6289530029474173,0.18248744543782336,0.44569990007319504,0.05041203272992875,0.08486294221518831,0.9420561134873525,-30.534048757695558
302,303.0,0.5734555192289243,7.91156075137108,0.1824876567779825,0.44570002231966244,0.05041203272932223,0.08486294221467781,0.9420560975493036,-30.53404875777977
303,304.0,0.40167517112294926,0.9778280816145986,0.18248787621177687,0.4456997672948327,0.05041203272985468,0.08486294221512598,0.94205612490421,-30.53404875770584
304,305.0,0.19556073676440577,2.757937913828138,0.1824876929817622,0.4457000338807261,0.05041203272929713,0.08486294221465669,0.9420560958972055,-30.53404875778326
305,306.0,0.05770285276138043,8.531372480971504,0.05770285276138043,8.531372480971504,2.8564195953547795,0.6387956967556527,-2.220446049250313e-16,-2.2743883875974866
306,307.0,0.6117739739538888,6.0379292348565405,0.18248771386897042,0.4457000132546677,0.05041203272928917,0.08486294221465002,0.942056098081638,-30.534048757784362
307,308.0,0.9371878837105448,2.863461886260799,0.1824877793510032,0.445699998203545,0.050412032729318663,0.08486294221467482,0.9420560992270732,-30.53404875778027
308,309.0,0.5423513506609184,4.788766646932257,0.18248770651817425,0.4456999845184626,0.05041203272929548,0.0848629422146553,0.9420561014504,-30.534048757783488
309,310.0,0.8174090562431674,7.470898515778538,0.18248814090040358,0.4457000958409438,0.050412032730683405,0.08486294221582351,0.9420560847745941,-30.534048757590767
310,311.0,0.25046945474686055,1.5736229525216,0.18248771980172135,0.4457000082920074,0.05041203272928913,0.08486294221464996,0.9420560985991142,-30.53404875778437
311,312.0,0.6899249768119691,1.0373529070510452,0.18248771006294626,0.4457000031319251,0.05041203272929053,0.08486294221465111,0.9420560992791946,-30.534048757784177
312,313.0,0.696807436243114,6.367063199129446,0.18248771787005025,0.4457000117071114,0.0504120327292889,0.08486294221464977,0.9420560982238043,-30.534048757784397
313,314.0,0.2648784902176329,5.803727561405231,0.2648784902176329,5.803727561405231,2.8564195473788554,0.6387956913911023,2.0844854287105363e-08,-2.2743885051682637
314,315.0,0.36618114463965334,2.3171606933823927,0.18248844781390608,0.44570002439191564,0.05041203273347769,0.08486294221817545,0.9420560902440702,-30.53404875720276
315,316.0,0.856174813853233,6.0147708598218115,0.1824877186567338,0.4457004854377775,0.050412032730455754,0.08486294221563193,0.9420560437626727,-30.53404875762238
316,317.0,0.8177514644887585,7.438842480510641,0.18248892563225247,0.4457005446527425,0.05041203274156746,0.08486294222498456,0.9420560261684561,-30.53404875607945
317,318.0,0.472452467069543,5.8788085693255026,0.18248769612403481,0.44570083020192297,0.05041203273282936,0.08486294221762977,0.9420560043337369,-30.534048757292787
318,319.0,0.6897801247285985,9.350903451304212,0.18248773779200414,0.4457001218937689,0.05041203272934739,0.084862942214699,0.9420560853803219,-30.534048757776276
319,320.0,0.36374504262426355,1.0510772906496544,0.18248771636171013,0.44570001113843327,0.05041203272928901,0.08486294221464986,0.9420560983026381,-30.53404875778439
320,321.0,0.355993404784104,9.047949072429821,0.355993404784104,9.047949072429821,2.856419594729788,0.6387956966857677,2.407237742474422e-10,-2.274388389129104
321,322.0,0.4655515266048249,4.025637816853455,0.1824876909558057,0.4456999748125,0.05041203272930393,0.0848629422146624,0.9420561027050025,-30.534048757782315
322,323.0,0.08328524501339929,4.997523938404189,0.08328524501339929,4.997523938404189,2.8564195953547795,0.6387956967556527,-2.220446049250313e-16,-2.2743883875974866
323,324.0,0.9073776795143939,3.8247179079960465,0.18248773590630565,0.44569958404020393,0.05041203273029272,0.08486294221549469,0.9420561472215319,-30.534048757645017
324,325.0,0.9864522816700623,1.3186621631845832,0.18248771185449125,0.4457000166681345,0.050412032729289395,0.08486294221465018,0.9420560977072552,-30.534048757784333
325,326.0,0.9973593415923855,5.889167938176517,0.18248770094240144,0.44570002837362965,0.05041203272929293,0.08486294221465317,0.9420560964591624,-30.534048757783836
326,327.0,0.19206546950078518,4.366792355735088,0.19206546950078518,4.366792355735088,2.856419519417695,0.6387956882645538,3.6208432696582804e-08,-2.2743885736904543
327,328.0,0.7094088778105462,2.693087247191261,0.18248770734241632,0.4456998793574986,0.05041203272938854,0.08486294221473366,0.9420561135309495,-30.534048757770563
328,329.0,0.6789153062290372,9.431480637931896,0.18248799604083213,0.44570028341084433,0.050412032730182216,0.08486294221540168,0.9420560645082452,-30.534048757660358
329,330.0,0.3841472042804305,9.56723202936372,0.3841472042804305,9.56723202936372,2.8564195944793607,0.6387956966577655,3.2507052605268427e-10,-2.274388389742805
330,331.0,0.3754667957624048,4.299550371431732,0.1824877316226529,0.4456999291146861,0.05041203272933155,0.08486294221468564,0.9420561075947538,-30.53404875777848
331,332.0,0.8359080071031328,3.693741606383594,0.18248792786195697,0.44570038048679517,0.05041203273024402,0.08486294221545368,0.9420560539585946,-30.53404875765178
332,333.0,0.04468919441619468,0.17830354521333242,0.18248753901926199,0.44569988225603535,0.05041203272962074,0.08486294221492907,0.9420561147002758,-30.534048757738326
333,334.0,0.6102611232696145,7.85268881354805,0.18248769632059605,0.44570003057375035,0.05041203272929504,0.0848629422146549,0.9420560962475257,-30.534048757783545
334,335.0,0.07008193006714003,9.308403396367229,0.07008193006714003,9.308403396367229,2.8564195953547795,0.6387956967556527,-2.220446049250313e-16,-2.2743883875974866
335,336.0,0.549923728873919,2.670535398467875,0.182487734270424,0.4456999877998532,0.050412032729294974,0.08486294221465486,0.9420561008254464,-30.53404875778356
336,337.0,0.3677371683446601,8.387362599294091,0.3677371683446601,8.387362599294091,2.856419587493049,0.6387956958765734,2.982010416374692e-09,-2.2743884068636033
337,338.0,0.6309314077555901,4.687474918528672,0.18248772888768686,0.445700029868112,0.05041203272928994,0.08486294221465061,0.9420560960378903,-30.534048757784255
338,339.0,0.521705947413058,3.7482365925997403,0.18248790203144613,0.4457003419457418,0.05041203273004226,0.08486294221528391,0.9420560586194626,-30.53404875767979
339,340.0,0.6056776768321436,4.934110290081172,0.18248773317462166,0.4457001136523931,0.0504120327293382,0.08486294221469126,0.9420560863688672,-30.534048757777555
340,341.0,0.6659057108241743,1.366298536694585,0.18248826363368167,0.4456994882282308,0.05041203273343846,0.08486294221814243,0.9420561535199173,-30.53404875720821
341,342.0,0.637355924653011,9.181798280988307,0.18248770993994232,0.4456997207397753,0.05041203272975171,0.08486294221503932,0.942056131740299,-30.534048757720136
342,343.0,0.030340598073098413,0.1578816351396685,0.1824863507588195,0.4456991315143739,0.05041203274698872,0.08486294222954754,0.9420562115890763,-30.53404875532668
343,344.0,0.5580617268069392,2.55753881997341,0.18248844781390608,0.44570002439191564,0.05041203273347769,0.08486294221817545,0.9420560902440702,-30.53404875720276
344,345.0,0.6267563285882035,2.620227452045749,0.18248844781390608,0.44570002439191564,0.05041203273347769,0.08486294221817545,0.9420560902440702,-30.53404875720276
345,346.0,0.2758927176134094,4.546260744724136,0.18248727802927436,0.4456994510693004,0.05041203273226304,0.08486294221715308,0.9420561665925867,-30.534048757371423
346,347.0,0.10960884185826048,1.226853666352232,0.18248765026686592,0.4456999271630805,0.05041203272936421,0.08486294221471316,0.942056108545384,-30.534048757773945
347,348.0,0.9671357399067407,8.03444507281768,0.18248771258908528,0.44569987468955075,0.05041203272939532,0.08486294221473935,0.9420561140206725,-30.534048757769625
348,349.0,0.46970327836000736,0.4572734539948979,0.18248767936600296,0.4457000794666267,0.050412032729326386,0.08486294221468128,0.9420560907787897,-30.534048757779196
349,350.0,0.35040520717555257,1.6452627129843307,0.18248779271300655,0.44570003670456354,0.05041203272932977,0.08486294221468421,0.9420560946821976,-30.534048757778727
350,351.0,0.1870995770435504,6.892716281746716,0.1870995770435504,6.892716281746716,2.8564195953547147,0.6387956967556455,3.108624468950438e-14,-2.2743883875976456
351,352.0,0.08863109290011306,0.5837974536762905,0.18248771552731677,0.44570002355322014,0.05041203272928924,0.08486294221465004,0.9420560968830463,-30.534048757784355
352,353.0,0.23974845363237118,9.5957563801936,0.23974845363237118,9.5957563801936,2.8564195953547786,0.6387956967556527,3.3306690738754696e-16,-2.2743883875974884
353,354.0,0.9533186014199676,0.6305851538731418,0.1824872833583016,0.44570017764738906,0.050412032731029795,0.08486294221611507,0.9420560830267642,-30.534048757542664
354,355.0,0.1018717022573501,7.878204443842069,0.1018717022573501,7.878204443842069,2.8564195953547795,0.6387956967556527,-2.220446049250313e-16,-2.2743883875974866
355,356.0,0.35488212592592405,4.794431991811508,0.182487712896761,0.4457000136198901,0.050412032729289256,0.08486294221465007,0.9420560980483365,-30.534048757784348
356,357.0,0.5669976467787206,2.9559584633346536,0.1824877047752333,0.445700012044104,0.05041203272929087,0.08486294221465142,0.9420560983019738,-30.534048757784127
357,358.0,0.8600236723633737,3.2466146233065296,0.18248783918420175,0.4456999793337558,0.05041203272941182,0.08486294221475323,0.9420561008618116,-30.53404875776733
358,359.0,0.3122162242607085,6.871673398927428,0.3122162242607085,6.871673398927428,2.8564195689462766,0.6387956938027186,1.077615696676304e-08,-2.2743884523147013
359,360.0,0.704343871533134,5.9246706910612765,0.18248772097524235,0.4457000073204962,0.050412032729289166,0.08486294221465003,0.9420560987003095,-30.534048757784362
360,361.0,0.11770485436757283,5.333070431622965,0.11770485436757283,5.333070431622965,2.8564195953547795,0.6387956967556527,0.0,-2.2743883875974866
361,362.0,0.8919795640102646,6.322146329177672,0.1824877042754071,0.44570002187656227,0.05041203272929121,0.08486294221465174,0.9420560971762252,-30.534048757784085
362,363.0,0.555460781091001,3.3320011190477774,0.18248771945096778,0.44570001209591464,0.05041203272928885,0.08486294221464974,0.9420560981649985,-30.53404875778441
363,364.0,0.9572646168471389,7.216884057495066,0.18248947024623308,0.4457005595129444,0.05041203275407447,0.08486294223551163,0.942056019583968,-30.534048754342784
364,365.0,0.4500927987291794,6.952724854699462,0.18248767515030231,0.4457002422759863,0.05041203272958716,0.08486294221490082,0.9420560721019255,-30.534048757742987
365,366.0,0.16680148493409708,6.543324200807886,0.16680148493409708,6.543324200807886,2.856419595354769,0.6387956967556515,5.218048215738236e-15,-2.2743883875975124
366,367.0,0.09021258466648441,8.290540212268931,0.09021258466648441,8.290540212268931,2.8564195953547795,0.6387956967556527,-2.220446049250313e-16,-2.2743883875974866
367,368.0,0.3261801509699671,6.7520863138950915,0.3261801509699671,6.7520863138950915,2.8564195084655566,0.6387956870399125,3.4805843762697464e-08,-2.2743886005299876
368,369.0,0.449312749944092,9.830115180169866,0.449312749944092,9.830115180169866,2.856419582169809,0.6387956952813417,4.509614903724923e-09,-2.274388419908843
369,370.0,0.48474471052817414,6.529540746059065,0.18248762195875015,0.4457001854951306,0.050412032729537024,0.08486294221485861,0.9420560791035305,-30.53404875774995
370,371.0,0.13872255912150566,1.0380777500042153,0.18248766654391257,0.4457000328230399,0.05041203272931481,0.08486294221467154,0.9420560962547941,-30.53404875778081
371,372.0,0.035311787890490165,0.6694194111757494,0.18248773779222044,0.44569999015465755,0.05041203272929522,0.08486294221465505,0.9420561005233262,-30.534048757783523
372,373.0,0.2867439269370069,5.262607850635392,0.2868138265786741,5.262603276516503,2.8564182819523585,0.6387955498941915,5.54322642676297e-07,-2.2743916062489324
373,374.0,0.6952478483104442,5.020579363198841,0.1824877161537221,0.4457000310873694,0.05041203272929004,0.08486294221465074,0.9420560960114267,-30.53404875778424
374,375.0,0.7104224655208259,6.993318057457093,0.18248810969881388,0.44570085840164625,0.05041203273387436,0.08486294221850935,0.9420559973993057,-30.534048757147687
375,376.0,0.6158492407376651,3.770123603122352,0.18248778887860084,0.44570033067329745,0.050412032729823565,0.08486294221509975,0.9420560609255831,-30.53404875771016
376,377.0,0.3808562809871332,1.3802330342671034,0.1824877175892655,0.44570001043703755,0.050412032729289,0.08486294221464984,0.9420560983723021,-30.53404875778439
377,378.0,0.18443264915827073,5.227685466036003,0.18443264915827073,5.227685466036003,2.8564195950157374,0.6387956967177418,1.6314882778090123e-10,-2.27438838842835
378,379.0,0.9323638472092507,2.353473147956784,0.18248844781390608,0.44570002439191564,0.05041203273347769,0.08486294221817545,0.9420560902440702,-30.53404875720276
379,380.0,0.8053825283823871,2.0893746678804495,0.18248844781390608,0.44570002439191564,0.05041203273347769,0.08486294221817545,0.9420560902440702,-30.53404875720276
380,381.0,0.28385347791434956,4.164552142210187,0.18248721923735944,0.4457000384729126,0.050412032731305845,0.08486294221634741,0.942056099596503,-30.534048757504337
381,382.0,0.07906538786317385,1.0032235215935636,0.1824882420451225,0.4456999396029147,0.05041203273152183,0.08486294221652917,0.9420561018296227,-30.534048757474345
382,383.0,0.5822165341301102,2.292992991706395,0.18248769146443078,0.4457000294562826,0.05041203272929698,0.08486294221465655,0.9420560964193276,-30.53404875778328
383,384.0,0.38355032877690254,8.254515936868511,0.38355032877690254,8.254515936868511,2.8564195694574948,0.6387956938598819,9.623873920006076e-09,-2.2743884510619
384,385.0,0.986876540493237,4.353597727101547,0.18248822452423746,0.4456997115087399,0.05041203273197246,0.08486294221690849,0.9420561282045691,-30.534048757411774
385,386.0,0.12864593585641815,2.3061339992541563,0.18248818778720008,0.4456995934086198,0.050412032732196646,0.08486294221709718,0.9420561421079234,-30.534048757380646
386,387.0,0.8522023274975664,0.894076169170764,0.18248770855666452,0.44570001200001025,0.050412032729290054,0.08486294221465072,0.9420560982732833,-30.53404875778424
387,388.0,0.7856690629291523,4.792977537450993,0.18248771364088726,0.4457000165967584,0.05041203272928912,0.08486294221464995,0.9420560976995114,-30.534048757784376
388,389.0,0.5009747457423547,4.9944871260178525,0.1824877170925369,0.44570003096986555,0.050412032729289964,0.08486294221465068,0.9420560960165518,-30.534048757784255
389,390.0,0.5651896118928784,7.900118760782299,0.18248775567911607,0.44569996899620273,0.050412032729312224,0.08486294221466943,0.9420561027957208,-30.534048757781157
390,391.0,0.7368688965267197,0.6217520558306848,0.18248797103389805,0.44570080194566497,0.050412032732832936,0.08486294221763274,0.9420560051273383,-30.53404875729229
391,392.0,0.6320498876246611,0.9476046893669432,0.18248781159936145,0.4457000497281248,0.05041203272935591,0.08486294221470618,0.9420560930165409,-30.534048757775096
392,393.0,0.7013015771215796,8.497084193302033,0.18248770135002473,0.4457000149921494,0.050412032729291796,0.08486294221465222,0.9420560979936835,-30.534048757784
393,394.0,0.38314168066317367,5.028177288189508,0.18248769103823814,0.44569995056695216,0.05041203272931703,0.08486294221467346,0.9420561054912153,-30.534048757780496
394,395.0,0.857585549293354,1.7545082020669418,0.1824878508092417,0.44570008084318413,0.05041203272943435,0.08486294221477221,0.942056089089833,-30.534048757764204
395,396.0,0.3815315287687332,1.1806397913374855,0.182487023442762,0.44569912788830784,0.05041203273664562,0.08486294222084186,0.9420562060117713,-30.53404875676288
396,397.0,0.25275535861233533,8.80703346956112,0.25275535861233533,8.80703346956112,2.8564195953546436,0.6387956967556375,5.995204332975845e-14,-2.274388387597819
397,398.0,0.2686925838686598,3.7379950502595656,0.18248830809058125,0.44570091810655726,0.05041203273573351,0.08486294222007416,0.9420559887637691,-30.534048756889533
398,399.0,0.21080856897488132,0.43703635184778217,0.18248749387261265,0.4457029320597702,0.0504120327755834,0.08486294225361556,0.9420557645267524,-30.534048751356146
399,400.0,0.12792908996900731,0.09919725204364425,0.1824879008959064,0.44569970627337957,0.05041203273012144,0.08486294221535051,0.9420561316979073,-30.5340487576688
400,401.0,0.8351487520417236,9.759915784428028,0.18248767807809843,0.44569989729863746,0.050412032729373564,0.08486294221472102,0.9420561117299349,-30.534048757772645
401,402.0,0.6217154967036158,3.20907672015143,0.1824877181909899,0.445700094493806,0.05041203272932098,0.08486294221467676,0.9420560887048597,-30.53404875777995
402,403.0,0.3791665798588949,7.468804449972135,0.3791665798588949,7.468804449972135,2.856419430855665,0.6387956783617641,6.147766151709533e-08,-2.2743887907223748
403,404.0,0.9186152797002489,8.661320345143768,0.1824877041102437,0.44570001354798044,0.050412032729291026,0.08486294221465157,0.9420560981350445,-30.534048757784106
404,405.0,0.26717696135527447,5.119682422314373,0.26722030446217865,5.119679713370176,2.8564188650216287,0.638795615091582,3.1634012453984894e-07,-2.2743901773669997
405,406.0,0.30328302889318814,7.96539993614829,0.30328302889318814,7.96539993614829,2.856419594947969,0.6387956967101641,1.6798151758479207e-10,-2.2743883885944243
406,407.0,0.4725899508471407,1.086450990390165,0.18248890729195205,0.4457004520568207,0.050412032740882205,0.08486294222440777,0.9420560369760381,-30.534048756174606
407,408.0,0.9460079417108211,2.1568021235947397,0.18248844781390608,0.44570002439191564,0.05041203273347769,0.08486294221817545,0.9420560902440702,-30.53404875720276
408,409.0,0.4894924467100713,4.5107218385819845,0.18248778994417955,0.4456999925705031,0.05041203272933128,0.08486294221468545,0.9420560997799861,-30.53404875777852
409,410.0,0.6277926999801908,0.890312000272524,0.18248769776017604,0.44570004168840566,0.050412032729296986,0.08486294221465661,0.9420560949570781,-30.53404875778328
410,411.0,0.6575794891297898,6.018435190948126,0.182487742349835,0.445700074192816,0.05041203272930829,0.08486294221466607,0.942056090822712,-30.534048757781704
411,412.0,0.4511261500922983,9.430943420265066,0.4511261500922983,9.430943420265066,2.856419560733704,0.6387956928844088,1.181493547441903e-08,-2.2743884724405987
412,413.0,0.24427374745146424,7.321886658391277,0.24427374745146424,7.321886658391277,2.85641959533476,0.6387956967534142,8.936296147510348e-12,-2.274388387646547
413,414.0,0.5478686190128126,8.860129713777873,0.5479452244011268,8.86012447352563,2.8564167321336114,0.6387953765971889,8.714057957437404e-07,-2.2743954042690753
414,415.0,0.5457719975589794,4.161929652878931,0.18248780891530506,0.44570009963160073,0.050412032729377824,0.08486294221472461,0.9420560873042626,-30.534048757772055
415,416.0,0.5554065077378133,0.9113628663822897,0.18248712099261805,0.4456996042487926,0.050412032732772664,0.08486294221758202,0.9420561503857219,-30.53404875730066
416,417.0,0.7346608429626744,6.03519609017569,0.1824876774963739,0.445700088090776,0.05041203272933435,0.08486294221468801,0.9420560898041584,-30.534048757778088
417,418.0,0.22641793326386306,7.242176035372364,0.22641793326386306,7.242176035372364,2.856419595351208,0.6387956967552535,1.631361712384205e-12,-2.2743883876062387
418,419.0,0.07975814576551576,7.517483546411459,0.07975814576551576,7.517483546411459,2.8564195953547795,0.6387956967556527,-2.220446049250313e-16,-2.2743883875974866
419,420.0,0.9955952877216194,2.9255067862208386,0.1824871215793789,0.44569906471966597,0.05041203273630795,0.08486294222055767,0.9420562123975983,-30.534048756809767
420,421.0,0.16363388572239512,4.311232294904585,0.16363388572239512,4.311232294904585,2.8564195906318135,0.6387956962275423,2.3279655980701364e-09,-2.2743883991716825
421,422.0,0.5006702665004898,1.9000113991853353,0.1824882381148176,0.44569932989698785,0.05041203273432393,0.08486294221888774,0.9420561719473066,-30.53404875708526
422,423.0,0.4963205760951004,8.036894763237793,0.18248768954116262,0.4457002227623584,0.05041203272952915,0.084862942214852,0.942056074216506,-30.534048757751044
423,424.0,0.7452742434524698,2.854263850490064,0.1824877210051843,0.44569999906777286,0.050412032729290374,0.08486294221465103,0.9420560996486668,-30.53404875778419
424,425.0,0.8047850282307528,4.790097815961446,0.18248771100408964,0.4457000052312772,0.05041203272929011,0.08486294221465077,0.9420560990294785,-30.534048757784234
425,426.0,0.9102891637624779,7.067307181327377,0.18248771543035838,0.44570001070967924,0.05041203272928912,0.08486294221464993,0.942056098360237,-30.534048757784376
426,427.0,0.7276554570328448,1.5211688089450937,0.18248771597360067,0.44570000748271926,0.05041203272928934,0.08486294221465018,0.9420560987263159,-30.53404875778434
427,428.0,0.797813407097229,9.160115147753396,0.18248775136054615,0.4456995439949743,0.050412032730499864,0.08486294221566903,0.9420561516865689,-30.534048757616254
428,429.0,0.6973235562494984,3.1478606712251254,0.18248780224013267,0.4456999973735382,0.05041203272934469,0.08486294221469672,0.9420560991180998,-30.534048757776652
429,430.0,0.6501213441296152,1.1666464777995775,0.18248771629282834,0.44570001216776517,0.05041203272928901,0.08486294221464985,0.9420560981849346,-30.53404875778439
430,431.0,0.3504839871715606,2.8521440039220702,0.1824877008956228,0.4457000718088692,0.05041203272930923,0.08486294221466692,0.9420560914668296,-30.534048757781576
431,432.0,0.9416529078026443,7.271218426806514,0.18248768374213256,0.44570008439300557,0.050412032729326914,0.08486294221468177,0.9420560901734513,-30.534048757779118
432,433.0,0.7195246516016727,5.093669968980618,0.1824876986420922,0.44570000657022546,0.05041203272929305,0.08486294221465326,0.9420560989859326,-30.53404875778383
433,434.0,0.06988898261132914,2.9810483071538423,0.06988898261132914,2.9810483071538423,2.8564195953537133,0.6387956967555335,5.699885008425554e-13,-2.2743883876000996
434,435.0,0.4039064443866791,6.872315115653413,0.40398420440736477,6.872309919809625,2.8564174873296846,0.6387954610414024,7.631326458534815e-07,-2.274393553568597
435,436.0,0.292387367693728,4.861803376545589,0.18248813985207277,0.4457003666953452,0.050412032731163514,0.08486294221622763,0.9420560536502228,-30.534048757524104
436,437.0,0.9927266908726572,5.910899628605552,0.1824876793556185,0.44570004743995134,0.05041203272930904,0.08486294221466671,0.9420560944602552,-30.534048757781605
437,438.0,0.6939964387297315,3.0423555267985414,0.18248770995698588,0.44570001216924765,0.05041203272928974,0.0848629422146505,0.9420560982413285,-30.53404875778429
438,439.0,0.5560048908526257,2.617106695643396,0.18248824169232267,0.4456995733217773,0.05041203273274997,0.08486294221756291,0.9420561439350026,-30.534048757303815
439,440.0,0.7978673361559689,3.963402470671111,0.18248767014831116,0.44569975849539434,0.050412032729648955,0.08486294221495279,0.9420561277556833,-30.534048757734404
440,441.0,0.8349796490388606,4.114663843760867,0.18248756916734124,0.44569952512942235,0.05041203273067124,0.0848629422158133,0.9420561554816682,-30.53404875759245
441,442.0,0.4255804226340376,0.26351438707753244,0.18248772346504616,0.44569994703258686,0.05041203272931484,0.08486294221467158,0.9420561056079824,-30.534048757780802
442,443.0,0.8908702415887534,6.929092714791337,0.1824877147898795,0.4457000424137759,0.05041203272929265,0.0848629422146529,0.9420560947216668,-30.534048757783886
443,444.0,0.4246229048880259,2.2878411117153403,0.1824890823680032,0.44569812533990555,0.05041203276595316,0.08486294224550985,0.9420563028469091,-30.53404875269336
444,445.0,0.4464297758682517,2.4199592823653173,0.18248844781390608,0.44570002439191564,0.05041203273347769,0.08486294221817545,0.9420560902440702,-30.53404875720276
445,446.0,0.2769694751863957,8.66812930611493,0.2769694751863957,8.66812930611493,2.8564195953512943,0.638795696755263,1.4901413436518851e-12,-2.2743883876060274
446,447.0,0.4614494635435826,4.195309415577289,0.18248771351825366,0.44570000261175335,0.05041203272929011,0.08486294221465082,0.9420560993081389,-30.534048757784234
447,448.0,0.7658054797246671,8.91365386633939,0.18248773222296188,0.4457004591405157,0.050412032730322576,0.0848629422155198,0.9420560466643836,-30.534048757640868
448,449.0,0.052209352230511596,1.747410411717174,0.1824871326945216,0.4457002417189978,0.05041203273246053,0.08486294221731933,0.9420560770054335,-30.534048757344003
449,450.0,0.012249987559216469,8.14180450969456,0.012249987559216469,8.14180450969456,2.8564195953547795,0.6387956967556527,-2.220446049250313e-16,-2.2743883875974866
450,451.0,0.6038199034022509,0.5961854514710596,0.18248771293427313,0.44570000527699355,0.05041203272928986,0.08486294221465054,0.9420560990069915,-30.53404875778427
451,452.0,0.37377156785365073,9.962292026482336,0.37377156785365073,9.962292026482336,2.8564195951928295,0.6387956967375438,6.094924565047677e-11,-2.2743883879943647
452,453.0,0.6077119485716902,4.088461583656497,0.1824877723767014,0.44570003489579185,0.05041203272931016,0.08486294221466768,0.9420560950716909,-30.53404875778145
453,454.0,0.051179972995188394,5.413731657487966,0.051179972995188394,5.413731657487966,2.8564195953547795,0.6387956967556527,-2.220446049250313e-16,-2.2743883875974866
454,455.0,0.027267981400784236,2.1273694971802612,0.027267981400784236,2.1273694971802612,2.8564195953547795,0.6387956967556527,-2.220446049250313e-16,-2.2743883875974866
455,456.0,0.14062296987549983,8.513625471116224,0.14062296987549983,8.513625471116224,2.8564195953547795,0.6387956967556527,-2.220446049250313e-16,-2.2743883875974866
456,457.0,0.5317168679674626,2.7738711689709286,0.1824877780058843,0.44570003324866236,0.05041203272931466,0.08486294221467144,0.9420560952107615,-30.534048757780823
457,458.0,0.192766721402029,0.2162197989904707,0.18248761570867672,0.44569967254261605,0.0504120327299654,0.0848629422152192,0.9420561381216297,-30.534048757690464
458,459.0,0.35957759819658297,5.906158935463093,0.1824876888225832,0.4457000388159441,0.05041203272930039,0.08486294221465944,0.9420560953670469,-30.534048757782806
459,460.0,0.39237932827996513,2.963286589135818,0.18248769261636447,0.4457000553477363,0.05041203272930429,0.08486294221466273,0.9420560934328991,-30.534048757782266
460,461.0,0.35348655827760045,0.6501322580892793,0.18248768783076816,0.4457000099425547,0.05041203272929756,0.08486294221465705,0.9420560986948097,-30.534048757783196
461,462.0,0.7045200988448189,0.6810482888655061,0.18248769892239847,0.4457011899494254,0.05041203273662941,0.0848629422208282,0.9420559629560951,-30.53404875676513
462,463.0,0.5582444147440474,4.689359081252581,0.18248776192719532,0.44570008163461106,0.05041203272932107,0.08486294221467684,0.9420560897925091,-30.534048757779935
463,464.0,0.3258439571249877,3.922448920224323,0.18248775767404382,0.4457000279761521,0.05041203272929943,0.08486294221465863,0.9420560959983553,-30.53404875778294
464,465.0,0.8051934500684328,1.705973240888398,0.1824875113289182,0.44569998569726715,0.05041203272963648,0.08486294221494228,0.9420561030571208,-30.534048757736144
465,466.0,0.19819412654468704,5.317840229890016,0.19819412654468704,5.317840229890016,2.856419594263186,0.6387956966335935,5.166259642308546e-10,-2.274388390272568
466,467.0,0.6374978869812803,5.851539874956135,0.1824877541175808,0.4457003334673499,0.05041203272981749,0.08486294221509469,0.9420560609147607,-30.534048757711005
467,468.0,0.360176430551578,6.618423258881741,0.3602073391605998,6.618421349298127,2.8564189001228404,0.6387956190165142,2.6630714744513284e-07,-2.274390091347234
468,469.0,0.061760377870668015,3.53289886329156,0.061760377870668015,3.53289886329156,2.8564195953547795,0.6387956967556527,-2.220446049250313e-16,-2.2743883875974866
469,470.0,0.08539911316002158,8.23752718228831,0.08539911316002158,8.23752718228831,2.8564195953547795,0.6387956967556527,-2.220446049250313e-16,-2.2743883875974866
470,471.0,0.581992450829105,8.43724873978436,0.1824876956729996,0.44570001849367996,0.050412032729293926,0.08486294221465399,0.9420560976418744,-30.5340487577837
471,472.0,0.03495145229462415,7.108666034374321,0.03495145229462415,7.108666034374321,2.8564195953547795,0.6387956967556527,-2.220446049250313e-16,-2.2743883875974866
472,473.0,0.8312553304327489,7.9164795132800645,0.18248751141785177,0.4457001739259986,0.05041203272980702,0.08486294221508586,0.9420560814199055,-30.534048757712462
473,474.0,0.7627182166728285,8.877934415271296,0.1824877150479084,0.44570001125696534,0.05041203272928913,0.08486294221464996,0.9420560983007426,-30.53404875778437
474,475.0,0.7381928215993567,6.361991249439477,0.18248771611214465,0.4457000113285702,0.05041203272928902,0.08486294221464986,0.9420560982830106,-30.53404875778439
475,476.0,0.1499787272093217,2.559050474543562,0.182487849271856,0.44570000779794483,0.050412032729420755,0.08486294221476075,0.9420560974998673,-30.534048757766087
476,477.0,0.41050142424598246,5.2097967663474805,0.18248771616291873,0.44570001136487514,0.05041203272928903,0.08486294221464985,0.9420560982783842,-30.534048757784383
477,478.0,0.6204128008222013,9.436311969629482,0.18248825549029862,0.44570023193477565,0.050412032731670976,0.08486294221665472,0.9420560681071299,-30.534048757453633
478,479.0,0.4965841938542096,3.655329623646086,0.18248792992631868,0.4457003832429108,0.050412032730260015,0.08486294221546718,0.9420560536233502,-30.534048757649558
479,480.0,0.7081743332926237,5.3694767130223635,0.18248807220859392,0.4456993544812211,0.05041203273286354,0.08486294221765855,0.9420561706042494,-30.53404875728804
480,481.0,0.9543558104988477,6.260237944299117,0.18248780643653403,0.4457000081859914,0.05041203272934764,0.08486294221469923,0.9420560978377732,-30.53404875777624
481,482.0,0.05958518810276858,3.004331340381777,0.05958518810276858,3.004331340381777,2.856419595354774,0.6387956967556522,2.7755575615628914e-15,-2.274388387597499
482,483.0,0.7807522765015185,1.6690094032761045,0.1824877499719603,0.4456999840042243,0.050412032729302086,0.08486294221466084,0.9420561011215544,-30.53404875778257
483,484.0,0.2642890544935441,6.947204500013772,0.2642890544935441,6.947204500013772,2.8564195947466553,0.6387956966876538,2.644265917339794e-10,-2.2743883890877683
484,485.0,0.6537141679749409,5.542583469822122,0.1824878635938987,0.4456993217828444,0.05041203273212882,0.08486294221704012,0.9420561762265021,-30.534048757390067
485,486.0,0.4105125149404607,1.4471382515346762,0.18248776332070077,0.4456996093701327,0.05041203273020437,0.0848629422154203,0.94205614406517,-30.53404875765728
486,487.0,0.5196749323248736,7.051926091708355,0.18248773335464671,0.4456999687047812,0.050412032729302884,0.08486294221466152,0.9420561030285394,-30.534048757782458
487,488.0,0.8227755894068238,2.925516396641942,0.18248771056310248,0.4457000172367911,0.050412032729289596,0.08486294221465035,0.9420560976534189,-30.534048757784305
488,489.0,0.6684305248117994,8.408099104672871,0.18248769175996063,0.4457000196734244,0.050412032729295744,0.08486294221465553,0.9420560975411991,-30.534048757783445
489,490.0,0.33017719610795104,5.059317553482166,0.1824876938418805,0.445700004263752,0.05041203272929511,0.084862942214655,0.9420560992939079,-30.534048757783538
490,491.0,0.7952730792490256,9.92742504303025,0.18248779283671568,0.4457000051388011,0.05041203272933117,0.08486294221468536,0.9420560983094741,-30.53404875777853
491,492.0,0.19513890866738348,2.2093104748685652,0.18248844781390608,0.44570002439191564,0.05041203273347769,0.08486294221817545,0.9420560902440702,-30.53404875720276
492,493.0,0.111949143694136,7.426226615486381,0.111949143694136,7.426226615486381,2.8564195953547795,0.6387956967556527,-2.220446049250313e-16,-2.2743883875974866
493,494.0,0.6644640602136676,0.9925503268400552,0.1824877187157769,0.4456999962551606,0.050412032729290956,0.08486294221465149,0.942056099992407,-30.534048757784113
494,495.0,0.018971440407592466,6.111543862729082,0.018971440407592466,6.111543862729082,2.8564195953547795,0.6387956967556527,-2.220446049250313e-16,-2.2743883875974866
495,496.0,0.5601078106361981,9.727649041041417,0.5601316582266472,9.727647575547145,2.8564187576989424,0.6387956030910203,2.5145397697379224e-07,-2.2743904403742317
496,497.0,0.7375437581939353,9.100992244143596,0.18248770671294998,0.44569977813165107,0.05041203272958917,0.08486294221490247,0.9420561251721257,-30.53404875774271
497,498.0,0.22867506423770423,0.8684541025274429,0.18248771401410266,0.44570000855088665,0.050412032729289416,0.0848629422146502,0.9420560986210273,-30.534048757784333
498,499.0,0.5168208044894048,0.07742550596169108,0.18248727177962232,0.4456998111504459,0.05041203273101291,0.08486294221610084,0.9420561252580747,-30.53404875754501
499,500.0,0.7697062631849164,6.506143493404078,0.18248752662306403,0.4457002809923226,0.05041203273001865,0.08486294221526403,0.9420560689771811,-30.534048757683067
500,501.0,0.4042416580527306,3.9922742221357117,0.18248812762674685,0.44570022911570784,0.0504120327307416,0.0848629422158725,0.9420560695737598,-30.53404875758269
501,502.0,0.5053091382224855,2.8214960068525063,0.18248646061456272,0.44570005586818795,0.05041203274198024,0.08486294222533197,0.9420561043573765,-30.534048756022138
502,503.0,0.6273709330476237,7.623417835908632,0.1824877113604451,0.4457000127063759,0.05041203272928951,0.08486294221465028,0.9420560981670577,-30.53404875778432
503,504.0,0.7434730561211729,1.0095166904063977,0.18248760656593843,0.4457000249287547,0.050412032729394554,0.08486294221473867,0.9420560976975956,-30.53404875776973
504,505.0,0.5230617458103983,6.311302313802732,0.1824877586617401,0.4457000307384271,0.05041203272930027,0.08486294221465936,0.9420560956720219,-30.53404875778282
505,506.0,0.6559775483770668,2.673526232332264,0.18248770620411028,0.44569986103320947,0.05041203272941685,0.08486294221475744,0.9420561156474268,-30.534048757766634
506,507.0,0.7344697495720722,0.05645005879239689,0.18248770536025347,0.44570007418097973,0.050412032729309185,0.08486294221466685,0.9420560911543051,-30.534048757781584
507,508.0,0.7222193456740275,9.580251545363424,0.18248768337759824,0.4456998995858317,0.05041203272936813,0.08486294221471646,0.942056111419719,-30.534048757773398
508,509.0,0.9282899980715885,8.151894941819855,0.182487696815529,0.4457000216782324,0.050412032729293704,0.08486294221465378,0.94205609726562,-30.534048757783737
509,510.0,0.22924956394381557,0.9394114140347615,0.1824877076664113,0.4456999580443323,0.05041203272930764,0.08486294221466555,0.9420561044832658,-30.534048757781804
510,511.0,0.799170370755423,2.076365531998797,0.18248844781390608,0.44570002439191564,0.05041203273347769,0.08486294221817545,0.9420560902440702,-30.53404875720276
511,512.0,0.7604838434179685,9.070894323779857,0.18248769726723033,0.44569985609293816,0.05041203272942623,0.08486294221476537,0.9420561162950807,-30.534048757765333
512,513.0,0.39047943760450643,6.8710572006973,0.39052935323171983,6.871053958846049,2.856418331267909,0.6387955554085369,4.6555656840752135e-07,-2.2743914853951868
513,514.0,0.7942703829544485,6.616801997295582,0.18248783833179982,0.4456997681533358,0.05041203272975958,0.08486294221504594,0.9420561251438302,-30.53404875771904
514,515.0,0.374148406924416,0.5236529640773719,0.1824875254481902,0.4456999983337675,0.050412032729590966,0.084862942214904,0.9420561014785873,-30.534048757742454
515,516.0,0.6469420629814062,1.5919889129343925,0.18248827039636809,0.44569954893879976,0.050412032733141786,0.08486294221789273,0.942056146481118,-30.53404875724941
516,517.0,0.6109784180368603,2.1626376122510775,0.18248834167493533,0.44570023492853184,0.05041203273244533,0.08486294221730652,0.9420560669926941,-30.534048757346113
517,518.0,0.6472737216541771,2.563069640461424,0.18248844781390608,0.44570002439191564,0.05041203273347769,0.08486294221817545,0.9420560902440702,-30.53404875720276
518,519.0,0.4270170983157685,8.537307359202618,0.4270170983157685,8.537307359202618,2.856419499712314,0.6387956860611462,3.363110434584371e-08,-2.2743886219808633
519,520.0,0.5696641417550358,9.900984851977052,0.5696867458957036,9.900983430891698,2.8564187882450747,0.6387956065066146,2.3971032370173617e-07,-2.2743903655172364
520,521.0,0.9781164986318187,2.3766921342756335,0.18248770294346311,0.4457000297242265,0.05041203272929249,0.08486294221465282,0.9420560962860511,-30.5340487577839
521,522.0,0.42176295836621935,6.5131769357167615,0.18248748393456446,0.4457003162237668,0.05041203273029299,0.08486294221549494,0.9420560653083141,-30.534048757644975
522,523.0,0.47269001297288493,5.679517644937435,0.18248793550816628,0.4457002036887741,0.05041203272979308,0.08486294221507416,0.9420560742127098,-30.534048757714395
523,524.0,0.40424098816879717,3.7344708584492823,0.18248821217429678,0.4457009125191085,0.05041203273496069,0.08486294221942371,0.9420559902631124,-30.53404875699684
524,525.0,0.2668611520712749,9.520366391492217,0.2668611520712749,9.520366391492217,2.85641959535473,0.6387956967556473,2.120525977034049e-14,-2.2743883875976083
525,526.0,0.8492005356653376,5.064665669697273,0.182487698755237,0.44570000625935513,0.050412032729293045,0.08486294221465325,0.942056099020656,-30.53404875778383
526,527.0,0.600319345219375,6.038033833596367,0.1824877150866362,0.44570001218766453,0.05041203272928907,0.0848629422146499,0.9420560981934158,-30.534048757784383
527,528.0,0.635160304002358,1.1332721830368773,0.18248717740502765,0.44570042885365746,0.050412032732795806,0.08486294221760153,0.9420560550958473,-30.534048757297448
528,529.0,0.3115697899598585,7.934723983943188,0.3115697899598585,7.934723983943188,2.8564195945179764,0.6387956966620835,3.417558458451708e-10,-2.2743883896481734
529,530.0,0.24031869434689812,7.393308906278323,0.24031869434689812,7.393308906278323,2.856419595345138,0.6387956967545747,4.32587299314946e-12,-2.274388387621114
530,531.0,0.5270303213901781,7.535252536169971,0.1824881339251171,0.44569990797092107,0.05041203273075648,0.08486294221588503,0.94205610643181,-30.53404875758062
531,532.0,0.026094109759980055,7.841466356508991,0.026094109759980055,7.841466356508991,2.8564195953547795,0.6387956967556527,-2.220446049250313e-16,-2.2743883875974866
532,533.0,0.8842203581341428,1.7040628038087746,0.18248770231554517,0.4457000495005686,0.050412032729297875,0.08486294221465732,0.9420560940184262,-30.534048757783154
533,534.0,0.4435631260098736,1.8161427555031642,0.18248769381704089,0.4457001483086794,0.05041203272939045,0.08486294221473525,0.9420560827365867,-30.5340487577703
534,535.0,0.24689467284079492,8.593325912570863,0.24689467284079492,8.593325912570863,2.856419595354626,0.6387956967556356,6.816769371198461e-14,-2.2743883875978623
535,536.0,0.8585391235728494,9.06107043624176,0.18248769651236418,0.4456998612971149,0.05041203272941776,0.08486294221475817,0.9420561157036176,-30.534048757766506
536,537.0,0.34471234353388724,1.2903637294885384,0.18248734675362568,0.4456995380197662,0.05041203273141585,0.08486294221644002,0.9420561559848011,-30.53404875748906
537,538.0,0.5699469282398196,9.89406155223847,0.5699699320607743,9.894060086744199,2.8564187718756555,0.6387956046762259,2.4449494007150463e-07,-2.274390405632479
538,539.0,0.5599527304658362,5.150444899397783,0.18248770020651972,0.4457002917386414,0.05041203272969985,0.08486294221499568,0.9420560661926494,-30.534048757727334
539,540.0,0.23851319231732893,9.65820851209731,0.23851319231732893,9.65820851209731,2.8564195953547786,0.6387956967556527,3.3306690738754696e-16,-2.2743883875974884
540,541.0,0.42782601524369734,3.25295429699593,0.18248796738578907,0.44569979964006234,0.050412032730082,0.08486294221531734,0.9420561203718886,-30.53404875767427
541,542.0,0.0429854979030706,1.804161079302277,0.0429854979030706,1.804161079302277,2.856419580060541,0.6387956950454884,8.263863038315833e-09,-2.2743884250778574
542,543.0,0.13197728910571116,0.7162991079588896,0.1824877306844259,0.4456999899326521,0.05041203272929356,0.0848629422146537,0.9420561006123042,-30.53404875778375
543,544.0,0.5231859614266431,1.0464139122128953,0.18248783654197281,0.44569996821380853,0.05041203272941336,0.08486294221475452,0.942056102163606,-30.534048757767124
544,545.0,0.1359067036100048,1.2038667016746722,0.18248726627652806,0.44569937247328917,0.05041203273280361,0.08486294221760807,0.9420561757317728,-30.53404875729636
545,546.0,0.4884521346593673,5.30743967057378,0.18248767405493532,0.44569988088290063,0.05041203272939731,0.08486294221474099,0.9420561136527855,-30.534048757769348
546,547.0,0.3498772355812333,9.823620787829201,0.3498772355812333,9.823620787829201,2.8564195953092577,0.6387956967505626,1.767419544052018e-11,-2.2743883877090427
547,548.0,0.9984957598160703,4.277024243655978,0.18248716954069089,0.4456998707871204,0.05041203273172836,0.08486294221670301,0.9420561193148458,-30.534048757445674
548,549.0,0.43354025301431365,0.22477494097313966,0.18248772880375957,0.44569961012370535,0.0504120327301714,0.08486294221539256,0.9420561442867582,-30.534048757661864
549,550.0,0.9021965421523812,5.900767374449376,0.18248767605342353,0.44570004972156907,0.05041203272931227,0.08486294221466945,0.9420560942274684,-30.53404875778115
550,551.0,0.03142724127544272,8.19802720101535,0.03142724127544272,8.19802720101535,2.8564195953547795,0.6387956967556527,-2.220446049250313e-16,-2.2743883875974866
551,552.0,0.8456173402380958,0.5341548135988222,0.18248804731902205,0.44569966205645817,0.0504120327309346,0.08486294221603491,0.9420561354724147,-30.534048757555887
552,553.0,0.8391010265585195,3.0042610588779657,0.18248771878837747,0.44570000678412797,0.050412032729289236,0.08486294221465002,0.9420560987814873,-30.534048757784355
553,554.0,0.7745609905404391,2.708332012098365,0.18248844781390608,0.44570002439191564,0.05041203273347769,0.08486294221817545,0.9420560902440702,-30.53404875720276
554,555.0,0.08609683119983014,0.21734686382669444,0.18248758014114355,0.4456994870604065,0.05041203273085224,0.08486294221596562,0.9420561597595973,-30.534048757567327
555,556.0,0.6256974460062517,0.36581821921788993,0.18248726360320183,0.44570017644221055,0.05041203273117133,0.08486294221623421,0.9420560833414966,-30.53404875752301
556,557.0,0.25221772571315304,0.395252637361312,0.18248743412399218,0.44569994860932116,0.050412032729946,0.08486294221520287,0.9420561080092065,-30.534048757693164
557,558.0,0.9400949966281641,2.673465112029179,0.18248844781390608,0.44570002439191564,0.05041203273347769,0.08486294221817545,0.9420560902440702,-30.53404875720276
558,559.0,0.7623603048136022,7.469669741169832,0.18248824704275443,0.4457001371648375,0.0504120327314901,0.0848629422165025,0.9420560790760568,-30.53404875747875
559,560.0,0.15747693189507828,7.065880242890737,0.15747693189507828,7.065880242890737,2.8564195953547795,0.6387956967556527,-2.220446049250313e-16,-2.2743883875974866
560,561.0,0.5078969750568144,5.395813623653772,0.1824882366629522,0.44569916121384107,0.05041203273579213,0.0848629422201235,0.9420561913493986,-30.53404875688139
561,562.0,0.7143984973512328,8.97001938495641,0.1824877536512546,0.44570001298087625,0.05041203272929727,0.08486294221465683,0.9420560977579315,-30.53404875778324
562,563.0,0.3506860260945991,3.305233752141859,0.18248770919758467,0.4456999908380477,0.050412032729293094,0.0848629422146533,0.9420561007000628,-30.53404875778382
563,564.0,0.4193420165308609,0.2547373466250111,0.18248771737430164,0.4457000114630279,0.05041203272928896,0.08486294221464981,0.9420560982562869,-30.53404875778439
564,565.0,0.3281860227291584,8.280616313107565,0.3281860227291584,8.280616313107565,2.856419594433895,0.6387956966526817,3.67908259413241e-10,-2.2743883898542254
565,566.0,0.6359913672429914,1.8132494545007878,0.18248789463433887,0.445699797306149,0.05041203272982726,0.08486294221510289,0.942056121289991,-30.534048757709648
566,567.0,0.906295057394959,4.430464348875829,0.18248769742937537,0.44569991672045234,0.05041203272934376,0.08486294221469595,0.9420561093247038,-30.53404875777678
567,568.0,0.25470065042064727,5.4519662360573955,0.25470065042064727,5.4519662360573955,2.856419504504922,0.638795686597044,4.000516828917e-08,-2.2743886102359996
568,569.0,0.7611258850685407,9.215930002416064,0.1824877710240147,0.44570001398519343,0.05041203272930865,0.0848629422146664,0.9420560974873746,-30.534048757781655
569,570.0,0.6675031437391086,5.441624286641411,0.1824875909066974,0.445700057934522,0.05041203272943868,0.08486294221477582,0.9420560940434409,-30.5340487577636
570,571.0,0.08373020077176951,5.221594169101192,0.08373020077176951,5.221594169101192,2.8564195953547795,0.6387956967556527,-2.220446049250313e-16,-2.2743883875974866
571,572.0,0.43867318521375986,4.103170644265206,0.1824878456997651,0.4456999355841702,0.050412032729458496,0.08486294221479251,0.9420561058324869,-30.534048757760857
572,573.0,0.7660777713442204,9.022926515731909,0.18248807362862296,0.4457002230843658,0.050412032730418145,0.08486294221560026,0.9420560707494783,-30.534048757627602
573,574.0,0.1774150481594069,0.8477290787487897,0.18248770903053305,0.44570000826080086,0.05041203272929017,0.08486294221465086,0.9420560986988633,-30.534048757784227
574,575.0,0.7894258442496489,0.9971257794771855,0.1824883238701928,0.44570010747026484,0.0504120327321557,0.08486294221706271,0.942056081802642,-30.53404875738633
575,576.0,0.6094111527059293,1.4073063737841085,0.18248786633031341,0.4457002063828765,0.05041203272961521,0.08486294221492438,0.9420560745208373,-30.534048757739093
576,577.0,0.7656272977562276,1.3329102529058452,0.18248742801002135,0.44569913021266616,0.05041203273384981,0.08486294221848867,0.9420562021355792,-30.53404875715109
577,578.0,0.8251700014751727,2.056147376039802,0.18248844781390608,0.44570002439191564,0.05041203273347769,0.08486294221817545,0.9420560902440702,-30.53404875720276
578,579.0,0.8992562154949624,2.2832675838405465,0.18248844781390608,0.44570002439191564,0.05041203273347769,0.08486294221817545,0.9420560902440702,-30.53404875720276
579,580.0,0.13888019284680853,2.874931804967229,0.18248775504766424,0.4457000092323244,0.050412032729298416,0.08486294221465776,0.9420560981763478,-30.534048757783083
580,581.0,0.5980177638676493,8.403933883533192,0.18248769122742425,0.44570002004563775,0.050412032729295994,0.08486294221465578,0.9420560975031684,-30.534048757783417
581,582.0,0.6772452480855735,3.6684518817185814,0.18248778493417228,0.44569996390665995,0.05041203272933975,0.08486294221469254,0.9420561031195336,-30.53404875777734
582,583.0,0.9812847674753716,0.8223756863417392,0.18248771453532356,0.44570001124827485,0.05041203272928918,0.08486294221464996,0.9420560983063178,-30.534048757784362
583,584.0,0.8868025649018509,1.8495402972237176,0.18248785318270516,0.4457005404863227,0.05041203273080375,0.0848629422159248,0.9420560362339317,-30.534048757574055
584,585.0,0.08481055114440206,6.6760309983342285,0.08481055114440206,6.6760309983342285,2.8564195953547795,0.6387956967556527,-2.220446049250313e-16,-2.2743883875974866
585,586.0,0.4082217137470934,7.133426794337105,0.4082707856048076,7.133423641303695,2.8564182944310628,0.6387955512895301,4.68392145180907e-07,-2.2743915756683517
586,587.0,0.4036054347289252,6.132539352384251,0.18248899898553067,0.4457002051962935,0.050412032742175046,0.08486294222549594,0.9420560645307204,-30.534048755995087
587,588.0,0.1375792002729681,4.09180106872025,0.1375792002729681,4.09180106872025,2.8564195948861126,0.6387956967032475,2.3750224009688736e-10,-2.2743883887460106
588,589.0,0.8474241719353518,8.724652536197214,0.18248774922646788,0.445700037170272,0.05041203272929646,0.08486294221465611,0.9420560950169432,-30.534048757783346
589,590.0,0.09704507422133501,9.817385190807714,0.09704507422133501,9.817385190807714,2.8564195953547795,0.6387956967556527,-2.220446049250313e-16,-2.2743883875974866
590,591.0,0.00916797708195316,8.752545206377375,0.00916797708195316,8.752545206377375,2.8564195953547795,0.6387956967556527,-2.220446049250313e-16,-2.2743883875974866
591,592.0,0.3099417740714113,7.480414334032413,0.3099417740714113,7.480414334032413,2.856419592137942,0.6387956963959539,1.3166175927281643e-09,-2.2743883954807336
592,593.0,0.5349912829899445,7.706219518599227,0.18248776258614444,0.4457000382231313,0.05041203272930369,0.08486294221466219,0.9420560947766399,-30.534048757782344
593,594.0,0.7591485789135178,4.52183669099137,0.18248770204225265,0.44569995710892646,0.05041203272930933,0.08486294221466695,0.9420561046409981,-30.534048757781562
594,595.0,0.7652744532972628,4.321650092285068,0.18248771622010299,0.44570001023704037,0.0504120327292891,0.0848629422146499,0.9420560984075147,-30.534048757784376
595,596.0,0.8339292027550481,0.6582523706246229,0.18248770430649608,0.44570015556741355,0.05041203272939575,0.08486294221473975,0.942056081808575,-30.53404875776957
596,597.0,0.5395930319287111,1.0735199354452627,0.1824876867169473,0.4456999621096179,0.05041203272931194,0.08486294221466914,0.9420561042030003,-30.534048757781207
597,598.0,0.8199369290570493,8.0756469384498,0.18248771379387535,0.4456999581214282,0.050412032729307006,0.08486294221466499,0.9420561044196994,-30.53404875778189
598,599.0,0.8639066977033467,4.638917353233152,0.1824877750665259,0.4457003602057287,0.05041203272991639,0.0848629422151779,0.9420560576542215,-30.53404875769727
599,600.0,0.12316604348342919,0.46082207977935297,0.18248759170835296,0.4456999616859727,0.05041203272943,0.0848629422147685,0.9420561050997832,-30.534048757764808
600,601.0,0.6871119828913447,6.325141419399784,0.18248770459409036,0.44570002127178865,0.05041203272929108,0.0848629422146516,0.9420560972428971,-30.5340487577841
601,602.0,0.3862487598290265,5.501104515726494,0.18248757406851016,0.4457000619140684,0.05041203272947906,0.08486294221480982,0.9420560937362861,-30.534048757757994
602,603.0,0.03452126956257595,4.352328983801227,0.03452126956257595,4.352328983801227,2.8564195953547795,0.6387956967556527,-2.220446049250313e-16,-2.2743883875974866
603,604.0,0.2250656323778929,4.329328672949735,0.18248771592968402,0.44570001424103095,0.050412032729288965,0.0848629422146498,0.9420560979498612,-30.53404875778439
604,605.0,0.3238635213733462,4.610222381892949,0.18248765140784515,0.44570016009825464,0.05041203272944773,0.08486294221478347,0.9420560817599766,-30.53404875776235
605,606.0,0.14099489682603117,8.652303746493681,0.14099489682603117,8.652303746493681,2.8564195953547795,0.6387956967556527,-2.220446049250313e-16,-2.2743883875974866
606,607.0,0.5005024416723566,7.212861184169712,0.18248769268851223,0.4457000747547491,0.05041203272931483,0.08486294221467158,0.942056091201476,-30.534048757780802
607,608.0,0.8154885121221965,4.043948743460166,0.1824875793974943,0.44569982614538134,0.050412032729610895,0.08486294221492076,0.9420561207896376,-30.53404875773969
608,609.0,0.26729269921858323,0.34005479436470615,0.18248642667232068,0.4456993435042479,0.050412032744016844,0.08486294222704614,0.9420561865452161,-30.53404875573934
609,610.0,0.4199266428880313,0.014833638437118555,0.18248771718042422,0.4457000125065126,0.05041203272928891,0.08486294221464977,0.9420560981380725,-30.534048757784397
610,611.0,0.2704917186540128,3.5233920020595546,0.18248793061486746,0.44570038453970623,0.05041203273026674,0.08486294221547278,0.942056053468138,-30.53404875764862
611,612.0,0.9826574129782956,5.420869784061577,0.18248776316889892,0.44569976755834656,0.050412032729644826,0.08486294221494933,0.9420561258834146,-30.53404875773498
612,613.0,0.39830298391367214,0.8909571672874307,0.18248769769156375,0.44570001547144866,0.05041203272929306,0.08486294221465325,0.9420560979712502,-30.53404875778382
613,614.0,0.7712521109291625,0.5434227395683853,0.18248772620321535,0.44570001422110495,0.05041203272928895,0.08486294221464985,0.9420560978604315,-30.53404875778439
614,615.0,0.2256700311318488,9.59029579056988,0.2256700311318488,9.59029579056988,2.8564195953547795,0.6387956967556527,-2.220446049250313e-16,-2.2743883875974866
615,616.0,0.4043693626358267,6.906065213008854,0.40444237090196444,6.906060328027516,2.856417623000164,0.6387954762117486,7.13601897017746e-07,-2.274393221091522
616,617.0,0.6190156920171208,0.9608672931328606,0.18248770466243686,0.44569997675862033,0.050412032729298714,0.08486294221465802,0.9420561023589366,-30.53404875778304
617,618.0,0.10350330958775744,0.07381994644076251,0.18248773925291034,0.4457000126575606,0.05041203272929146,0.08486294221465193,0.9420560979236481,-30.534048757784042
618,619.0,0.3332837407690923,2.922357128780433,0.1824874358636482,0.4456989806461066,0.05041203273530019,0.08486294221970944,0.9420562192574766,-30.534048756949694
619,620.0,0.3310251726458683,6.20704838186814,0.3310538608088397,6.20704660551129,2.856419007144253,0.638795630983388,2.3411070848577964e-07,-2.2743898290783235
620,621.0,0.26086198990726794,3.098073050251038,0.1824875703020255,0.4456998225750715,0.05041203272963674,0.08486294221494252,0.9420561212812153,-30.5340487577361
621,622.0,0.7471103131588152,5.616440209554374,0.18248771480078224,0.4457000203871554,0.050412032729289104,0.08486294221464995,0.9420560972534618,-30.534048757784376
622,623.0,0.41436933099632967,2.891706989134057,0.18248770623347857,0.4456998612034448,0.05041203272941659,0.08486294221475725,0.9420561156275965,-30.53404875776667
623,624.0,0.028268363433408106,6.1577320589018925,0.028268363433408106,6.1577320589018925,2.8564195953547795,0.6387956967556527,-2.220446049250313e-16,-2.2743883875974866
624,625.0,0.19908970446672547,4.803694960434377,0.19908970446672547,4.803694960434377,2.8564195793934326,0.6387956949708941,7.54584783546619e-09,-2.2743884267126884
625,626.0,0.7265110170446186,4.63295562059318,0.18248771567098238,0.44570001124130415,0.050412032729289104,0.08486294221464993,0.9420560982969801,-30.534048757784376
626,627.0,0.3809551887917795,6.963074645003876,0.3809836105012248,6.963072868647026,2.8564189210431024,0.6387956213557668,2.514171104639473e-07,-2.274390040079602
627,628.0,0.6950717333321517,0.8684185315690107,0.1824877136841867,0.4457000155364736,0.05041203272928915,0.08486294221465,0.9420560978210012,-30.53404875778437
628,629.0,0.2962213348313535,7.490008795328322,0.2962213348313535,7.490008795328322,2.8564195941959194,0.6387956966260718,4.830276179035309e-10,-2.2743883904374123
629,630.0,0.19868447858926253,8.627271524057255,0.19868447858926253,8.627271524057255,2.8564195953547795,0.6387956967556527,-2.220446049250313e-16,-2.2743883875974866
630,631.0,0.49838665796627,4.5538934514642,0.1824877024206747,0.44570003493098326,0.05041203272929361,0.08486294221465371,0.9420560956922175,-30.534048757783744
631,632.0,0.9388057619622475,4.482843578408513,0.1824882180535011,0.44569964466455253,0.0504120327321973,0.08486294221709775,0.9420561359458074,-30.534048757380553
632,633.0,0.2764601174001641,5.284752090155309,0.2764995525220195,5.284749603255719,2.856418910390146,0.6387956201645792,2.930703297820969e-07,-2.27439006618596
633,634.0,0.5897388097463243,5.920920171813108,0.182487677881472,0.44570004947130465,0.050412032729310885,0.08486294221466827,0.9420560942399167,-30.53404875778135
634,635.0,0.11935733334191478,7.743077918744397,0.11935733334191478,7.743077918744397,2.8564195953547795,0.6387956967556527,-2.220446049250313e-16,-2.2743883875974866
635,636.0,0.9758496528529416,4.464420794882293,0.18248771682455048,0.44570000943211946,0.05041203272928911,0.08486294221464993,0.9420560984946414,-30.534048757784376
636,637.0,0.3726997144241956,8.123119720482595,0.3726997144241956,8.123119720482595,2.8564195743635787,0.6387956944084681,7.910945232225686e-09,-2.27438843903895
637,638.0,0.6029709859642467,8.199473410125151,0.18248780774530765,0.445700157726916,0.05041203272943957,0.0848629422147766,0.9420560806368315,-30.53404875776348
638,639.0,0.6750579041109713,2.6664520864176864,0.18248770800857736,0.4456998891659954,0.05041203272937481,0.08486294221472207,0.9420561123975487,-30.534048757772474
639,640.0,0.41879999283665337,5.51236287395987,0.18248762965773896,0.4457000449239693,0.05041203272936242,0.08486294221471162,0.9420560951930884,-30.534048757774187
640,641.0,0.3894801882657112,1.6988354041918494,0.18248771526729723,0.44570002240082723,0.050412032729289194,0.08486294221465002,0.9420560970178316,-30.534048757784362
641,642.0,0.8122778497565133,1.1551257719944876,0.18248795761983447,0.4456999592896644,0.050412032729765945,0.0848629422150513,0.9420561021080368,-30.53404875771816
642,643.0,0.8598534315260384,9.277763495891394,0.18248771569494854,0.4457000140592844,0.050412032729288916,0.0848629422146498,0.9420560979728482,-30.534048757784397
643,644.0,0.9259434798431965,6.614910397408986,0.18248770908037149,0.4457000131670265,0.050412032729289895,0.08486294221465061,0.942056098134463,-30.534048757784262
644,645.0,0.6485696274371261,2.4497227262698344,0.18248844781390608,0.44570002439191564,0.05041203273347769,0.08486294221817545,0.9420560902440702,-30.53404875720276
645,646.0,0.24214325422788563,6.8409513176806795,0.24214325422788563,6.8409513176806795,2.856419595239063,0.6387956967427136,5.1798121347701453e-11,-2.2743883878810625
646,647.0,0.5862579153678585,8.676167352672989,0.18248770385382615,0.4457000132487778,0.05041203272929109,0.08486294221465161,0.9420560981717261,-30.534048757784092
647,648.0,0.7245299855293228,0.7239310800769159,0.18248771344395606,0.4457000992019636,0.05041203272932585,0.0848629422146809,0.94205608820605,-30.534048757779267
648,649.0,0.6309492663684303,6.412668901491772,0.18248771476359396,0.44570000724970416,0.050412032729289444,0.08486294221465021,0.942056098763903,-30.534048757784326
649,650.0,0.8094337052062348,7.264293881492408,0.18248770473078255,0.445700034146029,0.05041203272929275,0.08486294221465301,0.9420560957618221,-30.534048757783864
650,651.0,0.5984501777503242,2.6865859882248224,0.18248806866567743,0.44569965709938414,0.050412032731078256,0.08486294221615588,0.9420561358514783,-30.534048757535942
651,652.0,0.13689345041140444,6.857583032460949,0.13689345041140444,6.857583032460949,2.8564195953547795,0.6387956967556527,-2.220446049250313e-16,-2.2743883875974866
652,653.0,0.8298273256553635,6.983771406747319,0.1824877058120184,0.4457000291508067,0.050412032729291574,0.08486294221465204,0.942056096326355,-30.534048757784035
653,654.0,0.07409732683283698,3.585957264546934,0.07409732683283698,3.585957264546934,2.8564195953547777,0.6387956967556526,6.661338147750939e-16,-2.27438838759749
654,655.0,0.27800905887185523,9.175824366071842,0.27800905887185523,9.175824366071842,2.856419595354156,0.638795696755583,2.6612045900265e-13,-2.2743883875990143
655,656.0,0.4175954693377145,2.737583376045931,0.18248788751641132,0.4456998740827007,0.05041203272964392,0.0848629422149486,0.9420561125283994,-30.5340487577351
656,657.0,0.7833832401742008,1.6795186562937492,0.18248739763797378,0.4457005307597124,0.05041203273171281,0.08486294221668995,0.9420560414176579,-30.534048757447827
657,658.0,0.35935062610170065,7.498068864541899,0.35935062610170065,7.498068864541899,2.8564195374864023,0.6387956902849524,2.219117800628112e-08,-2.27438852941091
658,659.0,0.39571748175354826,3.9666168191088005,0.1824881484894254,0.4457002500270833,0.05041203273091398,0.08486294221601756,0.9420560669836642,-30.53404875755875
659,660.0,0.24429619680520442,5.440402337402052,0.24429619680520442,5.440402337402052,2.8564195509643735,0.6387956917920262,1.9814822449504277e-08,-2.274388496381519
660,661.0,0.8012672808076282,7.584855218969139,0.18248764924808536,0.44569963375570354,0.050412032730077966,0.08486294221531393,0.9420561422806346,-30.53404875767483
661,662.0,0.5606479353576116,5.563167322273087,0.18248771531752583,0.445700001804604,0.0504120327292901,0.0848629422146508,0.9420560993848548,-30.534048757784234
662,663.0,0.37770154316091253,3.1440020932146053,0.18248787617685322,0.44569995034243637,0.050412032729514826,0.0848629422148399,0.9420561038639002,-30.534048757753034
663,664.0,0.5555272403710867,2.8045643218236616,0.1824877198303024,0.44570011924889846,0.050412032729344476,0.08486294221469652,0.9420560858446989,-30.53404875777668
664,665.0,0.45709529025245155,1.216861752961421,0.18248808627200683,0.44570006612026414,0.05041203273033988,0.08486294221553435,0.9420560886789704,-30.534048757638466
665,666.0,0.07399247208239479,1.1516161346952756,0.18248757436946897,0.44570017649802757,0.050412032729622094,0.08486294221493021,0.9420560805624671,-30.534048757738134
666,667.0,0.5431542225748358,2.1785716325557583,0.18248752430792212,0.44569910499951926,0.05041203273380747,0.08486294221845304,0.9420562041742248,-30.534048757156974
667,668.0,0.9085456932777606,6.274785409495824,0.18248777281770692,0.44570003305062367,0.05041203272931027,0.08486294221466777,0.9420560952798495,-30.534048757781434
668,669.0,0.9581162348331939,4.8029775897674885,0.18248770650224175,0.44569998798894417,0.05041203272929439,0.08486294221465437,0.9420561010516213,-30.534048757783637
669,670.0,0.52944238501205,0.2633885059384653,0.18248770950164817,0.4457000943080417,0.050412032729322626,0.08486294221467815,0.9420560888037868,-30.534048757779715
670,671.0,0.6671352657625798,2.495553177863622,0.18248844781390608,0.44570002439191564,0.05041203273347769,0.08486294221817545,0.9420560902440702,-30.53404875720276
671,672.0,0.001890518769667504,3.1843230005968532,0.001890518769667504,3.1843230005968532,2.8564195953547795,0.6387956967556527,-2.220446049250313e-16,-2.2743883875974866
672,673.0,0.032135535328084774,1.5607609196028451,0.032164356717799214,1.5607592320638375,2.8564195414452858,0.6387956907276251,2.918134833773678e-08,-2.2743885197091904
673,674.0,0.17004110704489728,4.484663795771657,0.17004110704489728,4.484663795771657,2.85641959164192,0.6387956963404898,1.8168749837954579e-09,-2.2743883966962954
674,675.0,0.22377041718710744,4.39785582505789,0.22382979191449565,4.3978520058906625,2.856418742439282,0.6387956013847222,3.9091052461692755e-07,-2.2743904777698765
675,676.0,0.3154021331425185,0.8357948419966664,0.18248765341728565,0.44569924363941016,0.05041203273244062,0.08486294221730255,0.9420561870856239,-30.534048757346767
676,677.0,0.25507296300155724,3.9937457534766896,0.1824887220269398,0.44570058621586256,0.050412032738317195,0.08486294222224884,0.9420560232125964,-30.534048756530773
677,678.0,0.8831516003132697,5.827650275279622,0.18248748663508277,0.4456994584956113,0.05041203273123217,0.08486294221628536,0.9420561638776047,-30.53404875751456
678,679.0,0.35063131186427776,5.906906727139488,0.18248768793965914,0.44570004017429277,0.05041203272930128,0.08486294221466018,0.9420560952187909,-30.534048757782685
679,680.0,0.5993865512451373,7.844555031059435,0.18248762045890807,0.44570003667367647,0.05041203272937373,0.08486294221472117,0.9420560962235446,-30.534048757772624
680,681.0,0.7660010137224608,2.299736937761043,0.18248844781390608,0.44570002439191564,0.05041203273347769,0.08486294221817545,0.9420560902440702,-30.53404875720276
681,682.0,0.7310676659874021,6.761620475747127,0.18248772417124295,0.4456999159164441,0.05041203272934328,0.08486294221469552,0.9420561091783748,-30.53404875777685
682,683.0,0.1719119366690861,7.387749807991596,0.1719119366690861,7.387749807991596,2.8564195953547795,0.6387956967556527,-2.220446049250313e-16,-2.2743883875974866
683,684.0,0.274301059443784,6.161217536494672,0.274301059443784,6.161217536494672,2.856419570667839,0.6387956939952195,1.0593393384716876e-08,-2.274388448095805
684,685.0,0.9334417966131644,3.8315080300380755,0.18248773748657157,0.445699655748493,0.05041203272999019,0.08486294221524004,0.9420561389648435,-30.534048757687025
685,686.0,0.8565738618822725,2.1441811088190303,0.18248844781390608,0.44570002439191564,0.05041203273347769,0.08486294221817545,0.9420560902440702,-30.53404875720276
686,687.0,0.38930770282481686,9.289128017755695,0.38930770282481686,9.289128017755695,2.85641959293802,0.6387956964854167,8.914775584401013e-10,-2.274388393520047
687,688.0,0.7884214259731119,4.61379211692187,0.18248770137388046,0.4457000242548673,0.05041203272929227,0.08486294221465261,0.9420560969287496,-30.534048757783935
688,689.0,0.596014193757158,3.833380677717791,0.18248791823764482,0.4457003661748927,0.05041203273016617,0.08486294221538818,0.9420560556896599,-30.534048757662582
689,690.0,0.5370119507151111,1.8527769499208533,0.18248715336184188,0.4457011099687673,0.05041203273890495,0.0848629422227435,0.9420559770161533,-30.53404875644916
690,691.0,0.3695465972543499,7.703192641349589,0.3695465972543499,7.703192641349589,2.856419539997712,0.6387956905657609,2.094798945417864e-08,-2.2743885232566434
691,692.0,0.2634426267654011,1.245498884501998,0.18248775041236506,0.4456999709692193,0.05041203272930822,0.08486294221466602,0.9420561026159533,-30.53404875778172
692,693.0,0.7069201370838195,8.193439851675029,0.18248768833124396,0.4457000594449835,0.05041203272930846,0.08486294221466623,0.9420560930001866,-30.534048757781683
693,694.0,0.19928555875109322,7.494106485883983,0.19928555875109322,7.494106485883983,2.8564195953547573,0.6387956967556503,1.0436096431476471e-14,-2.274388387597541
694,695.0,0.982598582024298,6.735290470301034,0.18248749916641388,0.44570057066288177,0.050412032731449334,0.08486294221646819,0.9420560359250498,-30.534048757484413
695,696.0,0.14154863874878842,8.867086537478986,0.14154863874878842,8.867086537478986,2.8564195953547795,0.6387956967556527,-2.220446049250313e-16,-2.2743883875974866
696,697.0,0.24122537227477647,4.342881528851201,0.18248788855245707,0.44570005368362914,0.050412032729511336,0.08486294221483702,0.9420560918746698,-30.534048757753517
697,698.0,0.1172392300195505,4.112203363821608,0.1172392300195505,4.112203363821608,2.856419595347278,0.638795696754814,3.875455512059034e-12,-2.27438838761587
698,699.0,0.7698928244738762,1.5941089434190205,0.18248787978153858,0.4457008552655836,0.05041203273306869,0.0848629422178312,0.9420559998131668,-30.534048757259555
699,700.0,0.5640116318489055,9.481962218981401,0.5640509781527004,9.481959643264197,2.8564181489428906,0.6387955350213949,4.3229223967156116e-07,-2.274391932204799
700,701.0,0.8865433134461884,9.594320102674198,0.18248772398600915,0.4457000406449462,0.05041203272929168,0.0848629422146521,0.942056094842888,-30.534048757784014
701,702.0,0.9885380729261289,5.03835160650585,0.18248771609616868,0.4457000291190093,0.05041203272928977,0.08486294221465053,0.9420560962381974,-30.534048757784284
702,703.0,0.3800277269423493,9.858414501446093,0.3800277269423493,9.858414501446093,2.856419595036709,0.6387956967200868,1.1873912963977773e-10,-2.2743883883769564
703,704.0,0.21587580933349204,8.488864678403688,0.21587580933349204,8.488864678403688,2.8564195953547764,0.6387956967556524,1.2212453270876722e-15,-2.2743883875974937
704,705.0,0.3501389340241685,5.2044448818926226,0.18248773769569152,0.44570001256509745,0.050412032729291054,0.08486294221465157,0.9420560979481795,-30.5340487577841
705,706.0,0.9624592185799771,1.800373387885742,0.18248738525820588,0.44569934060879474,0.05041203273235476,0.08486294221723027,0.9420561783329231,-30.534048757358683
706,707.0,0.6932673081112702,7.391423561219182,0.1824877116988187,0.44570005330161666,0.05041203272929687,0.08486294221465648,0.9420560934977382,-30.534048757783296
707,708.0,0.07575416493093778,7.663543274573092,0.07575416493093778,7.663543274573092,2.8564195953547795,0.6387956967556527,-2.220446049250313e-16,-2.2743883875974866
708,709.0,0.5879511078658306,3.1861984548991487,0.18248806317093302,0.4456993316282824,0.05041203273297942,0.08486294221775605,0.9420561733118292,-30.534048757271947
709,710.0,0.7576869438186833,6.848363007172276,0.1824876540415313,0.44570019484479917,0.05041203272950634,0.08486294221483279,0.9420560777424432,-30.534048757754206
710,711.0,0.1771771855340375,4.057590840434806,0.1771771855340375,4.057590840434806,2.8564194992130245,0.638795686005317,4.6660792119013195e-08,-2.274388623204432
711,712.0,0.885423665567536,3.096125679409947,0.1824877104765135,0.44570001331600323,0.05041203272928964,0.08486294221465038,0.9420560981048743,-30.534048757784298
712,713.0,0.5376411915046564,7.727662947253506,0.18248793299718014,0.4457002285560961,0.05041203272983169,0.0848629422151066,0.9420560713767162,-30.53404875770903
713,714.0,0.4486699928465159,3.0396529712120572,0.18248770129576816,0.4456999800214635,0.050412032729298256,0.08486294221465764,0.9420561020139392,-30.534048757783097
714,715.0,0.4544340944611045,3.6001299628205787,0.18248793223036336,0.4457003866609265,0.05041203273027924,0.08486294221548332,0.942056053209882,-30.534048757646886
715,716.0,0.4172808415800058,0.8892994098300334,0.18248796161059852,0.4456997860956144,0.0504120327300942,0.08486294221532759,0.942056121980355,-30.53404875767258
716,717.0,0.6513362907789578,6.589951934187454,0.18248785933102848,0.4456996827742992,0.05041203273008591,0.08486294221532063,0.9420561347702634,-30.53404875767373
717,718.0,0.9673551769338654,8.802567579306908,0.18248766999025853,0.4457002377004431,0.050412032729581335,0.08486294221489592,0.9420560726739334,-30.534048757743797
718,719.0,0.8474143685729307,0.29532153901928726,0.18248787786266898,0.4456995203870775,0.050412032730881746,0.08486294221599043,0.9420561532704484,-30.534048757563227
719,720.0,0.7853621108620339,0.6075519327704552,0.18248767017336381,0.4457000114915316,0.050412032729309254,0.0848629422146669,0.9420560986743879,-30.534048757781576
720,721.0,0.8029987820612782,8.416889890950218,0.18248769471739537,0.4457000189043735,0.05041203272929438,0.08486294221465437,0.9420560976031973,-30.534048757783637
721,722.0,0.6649538535434796,4.584003032815273,0.18248739487910998,0.44570289159928655,0.050412032775089696,0.08486294225319997,0.9420557700604797,-30.5340487514247
722,723.0,0.7391322759070794,8.868786244342479,0.1824878395481036,0.4457005528626395,0.05041203273085274,0.08486294221596602,0.9420560349330438,-30.534048757567255
723,724.0,0.031218204314257925,7.255608327774992,0.031218204314257925,7.255608327774992,2.8564195953547795,0.6387956967556527,-2.220446049250313e-16,-2.2743883875974866
724,725.0,0.7796468512907612,0.1951857665071652,0.1824872358113865,0.4457004948251708,0.05041203273263897,0.0848629422174695,0.9420560469916588,-30.534048757319226
725,726.0,0.9682925574755228,2.4765819661485367,0.18248771447412135,0.44569998882694145,0.05041203272929303,0.08486294221465324,0.9420561008841258,-30.53404875778383
726,727.0,0.5178769089837163,8.26079118737724,0.1824877162535888,0.44570000101023627,0.050412032729290145,0.08486294221465078,0.942056099467808,-30.534048757784227
727,728.0,0.6793461857367803,1.566877486354201,0.1824877407015788,0.44570001316227575,0.050412032729291886,0.0848629422146523,0.9420560978526987,-30.534048757783992
728,729.0,0.20478059173109375,5.601178945072661,0.20478059173109375,5.601178945072661,2.856419594795093,0.6387956966930699,2.627443818070674e-10,-2.274388388969066
729,730.0,0.1262560596457657,6.088686435536686,0.1262560596457657,6.088686435536686,2.8564195953547795,0.6387956967556527,-2.220446049250313e-16,-2.2743883875974866
730,731.0,0.168221790098685,7.136794805012878,0.168221790098685,7.136794805012878,2.8564195953547795,0.6387956967556527,1.1102230246251565e-16,-2.2743883875974866
731,732.0,0.5934606870944299,1.3986928346948322,0.18248767670244662,0.44570006713786603,0.05041203272932039,0.0848629422146763,0.9420560922197223,-30.534048757780027
732,733.0,0.5326643575352332,1.943016140142355,0.18248774898868123,0.4456999832357733,0.05041203272930192,0.08486294221466072,0.9420561012186643,-30.5340487577826
733,734.0,0.6496018629326759,5.711151809265198,0.18248771708290332,0.4457000159955516,0.050412032729288826,0.08486294221464971,0.9420560977378889,-30.53404875778441
734,735.0,0.43365612835690426,9.72120064493473,0.43365612835690426,9.72120064493473,2.8564195871321143,0.6387956958362144,2.8674753682622622e-09,-2.2743884077481162
735,736.0,0.48389310580809464,7.488723571667797,0.18248809087781417,0.4457000783078079,0.05041203273036852,0.08486294221555851,0.9420560872369086,-30.534048757634487
736,737.0,0.8859040224540713,9.448952783694308,0.18248755938566796,0.445699648321339,0.050412032730150096,0.08486294221537465,0.9420561414085258,-30.53404875766482
737,738.0,0.04436355046696261,1.2443210390411543,0.18248770966308137,0.44569999577538816,0.050412032729291865,0.0848629422146523,0.9420561001283753,-30.534048757783992
738,739.0,0.6536046379332112,1.471690404101409,0.18248840883548736,0.44570016345524655,0.05041203273304447,0.08486294221781081,0.9420560746078683,-30.534048757262923
739,740.0,0.21636345511037802,5.257545379551324,0.21636345511037802,5.257545379551324,2.8564195860001735,0.6387956957096436,4.328276514975471e-09,-2.274388410522075
740,741.0,0.7376109221285742,9.281156328449013,0.18248767944635993,0.4456996869032872,0.050412032729865136,0.08486294221513478,0.9420561359019238,-30.53404875770439
741,742.0,0.23934007729166829,4.2859299261288974,0.18248771323169968,0.4457000110925337,0.05041203272928932,0.08486294221465013,0.942056098335858,-30.53404875778434
742,743.0,0.5564814265038442,3.0460659141519337,0.18248779814496488,0.4456999988347629,0.05041203272933902,0.08486294221469198,0.9420560989867038,-30.53404875777744
743,744.0,0.021273860105420095,7.758707995034742,0.021273860105420095,7.758707995034742,2.8564195953547795,0.6387956967556527,-2.220446049250313e-16,-2.2743883875974866
744,745.0,0.015399103774373812,7.486612385483505,0.015399103774373812,7.486612385483505,2.8564195953547795,0.6387956967556527,-2.220446049250313e-16,-2.2743883875974866
745,746.0,0.192962094520027,9.68058333537043,0.192962094520027,9.68058333537043,2.8564195953547795,0.6387956967556527,-2.220446049250313e-16,-2.2743883875974866
746,747.0,0.40576017974829715,3.87118088700878,0.18248769756980635,0.4456999430486066,0.050412032729320114,0.08486294221467607,0.9420561062971146,-30.534048757780063
747,748.0,0.2789576469776135,9.696856107661864,0.2789576469776135,9.696856107661864,2.856419595354673,0.6387956967556409,4.54081217071689e-14,-2.2743883875977478
748,749.0,0.6040446279670374,6.804178843645047,0.18248770995774788,0.44570001163940265,0.050412032729289805,0.0848629422146505,0.9420560983022258,-30.534048757784277
749,750.0,0.08159346207639673,3.3054951388868465,0.08159346207639673,3.3054951388868465,2.85641959535357,0.6387956967555174,6.425970866530406e-13,-2.2743883876004514
750,751.0,0.9325971747049949,5.303173844595221,0.18248773708969296,0.4456999549523157,0.05041203272931222,0.08486294221466939,0.9420561045759931,-30.534048757781164
751,752.0,0.6278714428516242,7.978322273741424,0.18248771703784844,0.4457000112013675,0.05041203272928896,0.08486294221464978,0.9420560982893678,-30.53404875778439
752,753.0,0.32510302184308904,6.134639723366968,0.3251302889205882,6.13463803582796,2.8564190478547142,0.6387956355355325,2.196208526150656e-07,-2.2743897293124187
753,754.0,0.8627750590048636,5.3215220419608045,0.18248769720114622,0.44570002577001994,0.050412032729293954,0.08486294221465403,0.942056096791839,-30.534048757783694
754,755.0,0.010583923313902899,9.519619097631056,0.010583923313902899,9.519619097631056,2.8564195953547795,0.6387956967556527,-2.220446049250313e-16,-2.2743883875974866
755,756.0,0.35953776820992855,8.367137760470511,0.35953776820992855,8.367137760470511,2.8564195901445713,0.63879569617306,1.997505383322107e-09,-2.274388400365728
756,757.0,0.439562562159697,0.5871078644950115,0.18248773245696134,0.4456999807122688,0.05041203272929713,0.0848629422146567,0.9420561016563322,-30.53404875778326
757,758.0,0.3469268620994035,6.129010440665555,0.3469945412950203,6.12900599977343,2.856418047155645,0.6387955236397911,6.03386148267937e-07,-2.274392181646826
758,759.0,0.5868113688083789,2.893505531259091,0.18248786074107715,0.4457005193108086,0.050412032730703556,0.08486294221584045,0.9420560386005188,-30.534048757587968
759,760.0,0.582671698916008,7.7428355319150555,0.18248795282342423,0.445698857428778,0.05041203273716092,0.08486294222127558,0.9420562288042773,-30.534048756691327
760,761.0,0.8329594711876924,0.32016380414192325,0.18248762485862283,0.44570012706436224,0.05041203272943904,0.08486294221477611,0.9420560857941128,-30.53404875776355
761,762.0,0.8107991118076647,6.280604238182336,0.1824877805240081,0.44570003109297257,0.050412032729316755,0.0848629422146732,0.9420560954360672,-30.534048757780532
762,763.0,0.4616280457665044,8.317779011576286,0.46164896236829933,8.317777723717684,2.856418999159337,0.6387956300905341,2.008540869180564e-07,-2.274389848646326
763,764.0,0.2968988546089254,9.2962835309419,0.2968988546089254,9.2962835309419,2.8564195953519995,0.638795696755342,1.1576295477766507e-12,-2.274388387604299
764,765.0,0.578922459674931,7.361753222779575,0.18248770661880623,0.4457000498046957,0.05041203272929666,0.08486294221465632,0.9420560939450506,-30.534048757783324
765,766.0,0.18627593925400587,0.1824274313099086,0.1824877179412418,0.44569999653100173,0.0504120327292909,0.08486294221465143,0.942056099967615,-30.534048757784127
766,767.0,0.17980313532895098,2.5301214809290413,0.18248771203218733,0.44570001542942905,0.05041203272928938,0.08486294221465017,0.9420560978480541,-30.534048757784333
767,768.0,0.11328326924726395,2.3183746668069025,0.18248811243858593,0.44569963088351355,0.05041203273146878,0.08486294221648454,0.9420561384737355,-30.534048757481713
768,769.0,0.22383997712344317,1.0489453210671935,0.18248814879292005,0.44570000406729143,0.05041203273074847,0.08486294221587828,0.9420560952530832,-30.53404875758173
769,770.0,0.7417167928442279,5.232075909576735,0.1824877072556959,0.4457000248818856,0.05041203272929073,0.0848629422146513,0.942056096804166,-30.53404875778414
770,771.0,0.20187128350592332,8.521659566834796,0.20187128350592332,8.521659566834796,2.8564195953547795,0.6387956967556527,-2.220446049250313e-16,-2.2743883875974866
771,772.0,0.338031594553276,0.4581500254018579,0.18248772814305986,0.4457001455901206,0.050412032729375986,0.08486294221472307,0.9420560827426381,-30.534048757772304
772,773.0,0.30594600479460576,0.8547224668819345,0.1824877838150343,0.44569999808725913,0.050412032729323084,0.0848629422146785,0.9420560992005809,-30.534048757779658
773,774.0,0.46980209563332886,0.18139871901273477,0.1824876452103217,0.44569998615445,0.05041203272933697,0.08486294221469018,0.9420561018096459,-30.534048757777725
774,775.0,0.210899287613192,8.11550780936689,0.210899287613192,8.11550780936689,2.856419595354772,0.638795696755652,3.219646771412954e-15,-2.2743883875975053
775,776.0,0.06303626650176519,6.92667413693529,0.06303626650176519,6.92667413693529,2.8564195953547795,0.6387956967556527,-2.220446049250313e-16,-2.2743883875974866
776,777.0,0.7253844789829839,8.09266733559574,0.18248755322394147,0.4456999258024356,0.050412032729539556,0.08486294221486072,0.9420561095679721,-30.534048757749595
777,778.0,0.0990099514591497,9.59416786336163,0.0990099514591497,9.59416786336163,2.8564195953547795,0.6387956967556527,-2.220446049250313e-16,-2.2743883875974866
778,779.0,0.15470718738207545,0.04359146994890517,0.18248762991050055,0.4457000247836786,0.05041203272935613,0.08486294221470635,0.9420560975059008,-30.534048757775068
779,780.0,0.6564082561201531,5.513444611021865,0.18248763913675603,0.44570004158526927,0.05041203272934781,0.08486294221469937,0.9420560954922513,-30.534048757776226
780,781.0,0.032975111157499404,0.3042796657373876,0.18248687675069367,0.4456999758773815,0.05041203273492463,0.0848629422193933,0.9420561098451641,-30.534048757001848
781,782.0,0.27608665237443997,0.6309277603539853,0.1824877384364354,0.44570002234317,0.0504120327292911,0.08486294221465161,0.9420560968176075,-30.534048757784092
782,783.0,0.826271992855015,0.4099925775658897,0.1824877334909692,0.44570001957608213,0.050412032729289874,0.08486294221465061,0.942056097179829,-30.53404875778427
783,784.0,0.5182416175148837,9.278300386523394,0.5182589369939808,9.27829932070938,2.856419044502369,0.6387956351606815,1.7346738401258222e-07,-2.2743897375277458
784,785.0,0.5493920073200689,7.441957840293068,0.1824892784166159,0.44570080635223536,0.050412032750460564,0.08486294223246982,0.9420559929293064,-30.53404875484459
785,786.0,0.6690062822894797,2.137963107902806,0.18248844781390608,0.44570002439191564,0.05041203273347769,0.08486294221817545,0.9420560902440702,-30.53404875720276
786,787.0,0.7210931291654123,6.7085127122368515,0.18248771524830543,0.44570000476510957,0.050412032729289694,0.08486294221465045,0.9420560990451718,-30.53404875778429
787,788.0,0.21150931123742056,8.675676469011517,0.21150931123742056,8.675676469011517,2.8564195953547786,0.6387956967556527,3.3306690738754696e-16,-2.2743883875974884
788,789.0,0.5037221136449288,5.363129273185894,0.18248767429769516,0.4457001172365721,0.05041203272936501,0.08486294221471383,0.9420560864824855,-30.53404875777384
789,790.0,0.11542399925571101,7.753752350926343,0.11542399925571101,7.753752350926343,2.8564195953547795,0.6387956967556527,-2.220446049250313e-16,-2.2743883875974866
790,791.0,0.9858699091695318,1.1951112494368332,0.18248789082652775,0.44570020312338404,0.05041203272966528,0.08486294221496656,0.9420560746767479,-30.534048757732137
791,792.0,0.46435843989959436,1.6340080369970882,0.18248775936546874,0.4457000006303088,0.050412032729302364,0.08486294221466108,0.9420560991265703,-30.534048757782536
792,793.0,0.6225510984411151,0.27374844435221984,0.1824877324346502,0.4456999696156641,0.050412032729302204,0.08486294221466097,0.9420561029320502,-30.53404875778255
793,794.0,0.7220773322614062,7.891323693494116,0.18248857201729765,0.44569908933535185,0.05041203274051125,0.08486294222409554,0.9420561966124636,-30.534048756226113
794,795.0,0.6062009071027009,2.6597090471816136,0.18248823312172255,0.44569957631413276,0.05041203273265952,0.08486294221748682,0.942056143667654,-30.53404875731637
795,796.0,0.5534294963925954,6.06772005073576,0.18248770980512508,0.4457000200225381,0.05041203272928983,0.08486294221465056,0.9420560973399729,-30.534048757784277
796,797.0,0.6616602803656315,8.185235359092118,0.1824877480507864,0.44570001078004234,0.0504120327292948,0.08486294221465474,0.9420560980609134,-30.534048757783587
797,798.0,0.9873450185247131,9.139268512140236,0.18248774829595904,0.44569955733791733,0.05041203273043033,0.0848629422156105,0.9420561501802188,-30.53404875762591
798,799.0,0.6445995136324202,2.9310978548876045,0.18248772430560997,0.44569999599353755,0.05041203272929119,0.0848629422146517,0.9420560999725746,-30.534048757784085
799,800.0,0.3920981850029709,2.113901824295392,0.18248844781390608,0.44570002439191564,0.05041203273347769,0.08486294221817545,0.9420560902440702,-30.53404875720276
800,801.0,0.916613998501921,7.7599798579374815,0.18248773839846671,0.4457000005742074,0.05041203272929281,0.08486294221465307,0.9420560993202196,-30.534048757783857
801,802.0,0.7814169753186289,0.6242569776281982,0.18248772563523585,0.44570001202125836,0.05041203272928901,0.08486294221464985,0.9420560981183679,-30.53404875778439
802,803.0,0.6192929223961613,0.862902878926948,0.18248755935508462,0.44570059073867785,0.050412032731351565,0.08486294221638588,0.9420560330803038,-30.53404875749799
803,804.0,0.24786541727492095,1.4556843121354615,0.1824876759340885,0.4457001087797543,0.05041203272935456,0.08486294221470507,0.9420560874399653,-30.53404875777528
804,805.0,0.28658452479825836,7.153998988682558,0.28658452479825836,7.153998988682558,2.8564195935894405,0.6387956965582569,7.452894967840962e-10,-2.2743883919236616
805,806.0,0.17114070819340732,9.868756716421666,0.17114070819340732,9.868756716421666,2.8564195953547795,0.6387956967556527,-2.220446049250313e-16,-2.2743883875974866
806,807.0,0.564585207018239,1.3389968362789408,0.18248767840865415,0.44569991139953996,0.05041203272935722,0.08486294221470723,0.9420561101061314,-30.53404875777491
807,808.0,0.252294260115722,5.17299424071294,0.25230984764699593,5.172993308125594,2.8564193637700965,0.6387956708604198,1.0229707281261824e-07,-2.274388955123648
808,809.0,0.03799246148939539,8.724708737691653,0.03799246148939539,8.724708737691653,2.8564195953547795,0.6387956967556527,-2.220446049250313e-16,-2.2743883875974866
809,810.0,0.654109844616978,2.4812513887130105,0.18248844781390608,0.44570002439191564,0.05041203273347769,0.08486294221817545,0.9420560902440702,-30.53404875720276
810,811.0,0.7348921942361274,6.056339123492494,0.1824878851755559,0.44569995921105954,0.05041203272953076,0.08486294221485338,0.9420561027641177,-30.534048757750817
811,812.0,0.9818379694485633,9.287103158849947,0.18248767952566242,0.44569999484497247,0.05041203272930404,0.0848629422146625,0.9420561005043714,-30.5340487577823
812,813.0,0.9130237956306505,9.74601111649451,0.1824876771624681,0.4456998906695912,0.05041203272938239,0.08486294221472844,0.942056112500096,-30.534048757771416
813,814.0,0.47219618039629707,8.719315936419786,0.4722091478012315,8.719315181468192,2.856419229114053,0.6387956558035097,1.2181111574971482e-07,-2.2743892851145233
814,815.0,0.7058393313167792,7.537904809519018,0.18248807933655614,0.44569992787733165,0.05041203273038627,0.0848629422155734,0.9420561046314089,-30.53404875763203
815,816.0,0.17730595234463087,3.156643175845469,0.18248730122862084,0.4456991653562693,0.050412032734132285,0.08486294221872638,0.9420561992272674,-30.53404875711187
816,817.0,0.5389742904979675,0.6125698639960996,0.18248762454231585,0.4457000956136652,0.050412032729404574,0.08486294221474715,0.942056089412109,-30.53404875776834
817,818.0,0.8810532238373359,7.65827244198095,0.182489127748212,0.4457002120343669,0.05041203274489664,0.08486294222778673,0.9420560625920217,-30.534048755617178
818,819.0,0.36005615808688274,9.87987440135018,0.36005615808688274,9.87987440135018,2.8564195952743727,0.6387956967466619,3.0805691331181606e-11,-2.2743883877945326
819,820.0,0.5896496365923294,2.1849988612363225,0.18248772449175,0.44569983907319344,0.05041203272945743,0.08486294221479161,0.9420561180083807,-30.534048757761
820,821.0,0.18104135851761638,1.7297209538078977,0.18248844781390608,0.44570002439191564,0.05041203273347769,0.08486294221817545,0.9420560902440702,-30.53404875720276
821,822.0,0.6082737418945581,9.93444621748308,0.6083257003318494,9.934442753587529,2.8564174889535856,0.638795461222983,5.996934414609356e-07,-2.2743935495890284
822,823.0,0.6605706494603409,5.681271965550415,0.1824871940737696,0.44570084769693674,0.050412032735662436,0.08486294222001432,0.9420560068014027,-30.534048756899395
823,824.0,0.39094868492779944,3.783806489411547,0.1824875503312325,0.44569990490387357,0.05041203272956553,0.08486294221488257,0.9420561119960172,-30.534048757745992
824,825.0,0.20852002216510446,9.546502734753712,0.20852002216510446,9.546502734753712,2.8564195953547795,0.6387956967556527,-2.220446049250313e-16,-2.2743883875974866
825,826.0,0.0797981511431286,6.9709493424811155,0.0797981511431286,6.9709493424811155,2.8564195953547795,0.6387956967556527,-2.220446049250313e-16,-2.2743883875974866
826,827.0,0.19676857868870934,9.81244013772771,0.19676857868870934,9.81244013772771,2.8564195953547795,0.6387956967556527,-2.220446049250313e-16,-2.2743883875974866
827,828.0,0.14437560700752938,6.399411744027755,0.14437560700752938,6.399411744027755,2.8564195953547795,0.6387956967556527,-2.220446049250313e-16,-2.2743883875974866
828,829.0,0.6974600358907445,5.217746384215396,0.18248782819896886,0.4457000312330147,0.05041203272937894,0.08486294221472553,0.9420560949942656,-30.5340487577719
829,830.0,0.21106275646354644,9.493425569154317,0.21106275646354644,9.493425569154317,2.8564195953547795,0.6387956967556527,-2.220446049250313e-16,-2.2743883875974866
830,831.0,0.3838853991132757,1.3819788082596893,0.18248806480050653,0.44570025618875864,0.05041203273043672,0.08486294221561588,0.9420560670231095,-30.534048757625023
831,832.0,0.7303656095904406,9.356662884566235,0.18248809480142344,0.44570066418155097,0.050412032732345964,0.08486294221722286,0.9420560198575325,-30.534048757359912
832,833.0,0.6322162366435033,6.930276118891396,0.18248796661911473,0.44570035305764044,0.05041203273027288,0.08486294221547794,0.9420560567653505,-30.534048757647767
833,834.0,0.07288651453989647,9.274543972058883,0.07288651453989647,9.274543972058883,2.8564195953547795,0.6387956967556527,-2.220446049250313e-16,-2.2743883875974866
834,835.0,0.656361804940205,2.5618362812963835,0.18248844781390608,0.44570002439191564,0.05041203273347769,0.08486294221817545,0.9420560902440702,-30.53404875720276
835,836.0,0.6783296115771279,2.6236158560883376,0.18248844781390608,0.44570002439191564,0.05041203273347769,0.08486294221817545,0.9420560902440702,-30.53404875720276
836,837.0,0.08092871720117856,8.111337055426835,0.08092871720117856,8.111337055426835,2.8564195953547795,0.6387956967556527,-2.220446049250313e-16,-2.2743883875974866
837,838.0,0.9295682902494802,5.789842842921217,0.1824877063758066,0.44570009305786545,0.05041203272932254,0.08486294221467809,0.9420560889753964,-30.53404875777973
838,839.0,0.3600387094737745,8.029456566024722,0.3600387094737745,8.029456566024722,2.856419581651691,0.6387956952234068,5.250095802544763e-09,-2.2743884211785534
839,840.0,0.4108751366910288,1.7062261691213962,0.1824880838194547,0.44570012531312586,0.05041203273035084,0.08486294221554358,0.9420560818968864,-30.534048757636945
840,841.0,0.03775946365217375,9.949579030156826,0.03775946365217375,9.949579030156826,2.8564195953547795,0.6387956967556527,-2.220446049250313e-16,-2.2743883875974866
841,842.0,0.17154021302675626,1.7506905161491029,0.18248771192793184,0.44570000347449773,0.05041203272929021,0.08486294221465084,0.942056099223167,-30.53404875778422
842,843.0,0.1287236187904527,4.805247429845998,0.1287236187904527,4.805247429845998,2.8564195953543985,0.6387956967556101,1.9451107391432743e-13,-2.27438838759842
843,844.0,0.519544885071522,4.681536222684987,0.1824877150934886,0.4457000111018989,0.050412032729289166,0.08486294221464995,0.9420560983181601,-30.534048757784362
844,845.0,0.8921979421831753,2.6802228334486036,0.18248844781390608,0.44570002439191564,0.05041203273347769,0.08486294221817545,0.9420560902440702,-30.53404875720276
845,846.0,0.8842004128649082,1.7894833068245428,0.1824877142532397,0.44570001400900777,0.05041203272928911,0.08486294221464998,0.9420560979914984,-30.534048757784376
846,847.0,0.347399002701991,9.984367872020847,0.347399002701991,9.984367872020847,2.856419595330912,0.6387956967529839,9.296896585908598e-12,-2.2743883876559776
847,848.0,0.2721951589939442,5.552901868798487,0.2722077711275106,5.552901158255747,2.8564193964437243,0.638795674513905,8.559130026952744e-08,-2.274388875052983
848,849.0,0.6607665932621006,4.1474725590957,0.18248777166280783,0.44570003482099224,0.05041203272930959,0.08486294221466714,0.942056095086663,-30.534048757781527
849,850.0,0.776615569186408,8.199601091119886,0.1824876954643205,0.4457000198653342,0.05041203272929415,0.0848629422146542,0.9420560974860698,-30.534048757783673
850,851.0,0.6096260034253631,8.93347674796781,0.1824877186749084,0.44570001143937354,0.0504120327292889,0.08486294221464977,0.9420560982473943,-30.534048757784397
851,852.0,0.3604659037658787,5.390582957675171,0.18248823647255433,0.4456991618600834,0.05041203273578414,0.08486294222011678,0.9420561912768189,-30.5340487568825
852,853.0,0.16968696362807134,1.8592579808420253,0.18248772377966285,0.4457000675254389,0.05041203272930219,0.08486294221466092,0.9420560917548995,-30.53404875778255
853,854.0,0.49052007956929744,1.3601649123573605,0.18248775395476421,0.44570005280562347,0.05041203272930268,0.08486294221466135,0.9420560931774928,-30.534048757782486
854,855.0,0.9522285894501273,0.13984313826904066,0.18248738298053538,0.44569926750692856,0.05041203273289039,0.08486294221768115,0.942056186756019,-30.534048757284317
855,856.0,0.5433626803957791,0.29163157481413726,0.18248765345443113,0.44570008750954637,0.05041203272935712,0.08486294221470721,0.9420560900855822,-30.534048757774933
856,857.0,0.4212607326418768,3.503940208835976,0.18248789822193096,0.4457003366245863,0.05041203273001572,0.08486294221526153,0.9420560592651348,-30.53404875768348
857,858.0,0.017368878311775915,1.8932906471647792,0.017368878311775915,1.8932906471647792,2.8564195953547795,0.6387956967556527,-2.220446049250313e-16,-2.2743883875974866
858,859.0,0.5005809395862697,4.379926644715181,0.18248773643604818,0.4457000247862543,0.050412032729290755,0.0848629422146513,0.9420560965546423,-30.53404875778414
859,860.0,0.4842243428141678,8.907297974948435,0.48423735462802325,8.90729721999684,2.8564192189886635,0.6387956546713133,1.2337932353556624e-07,-2.2743893099280124
860,861.0,0.2998409057365171,6.51621112615023,0.2998409057365171,6.51621112615023,2.8564195562966157,0.6387956923882644,1.6201887054201336e-08,-2.274388483314218
861,862.0,0.25748329958610716,9.59374645416839,0.25748329958610716,9.59374645416839,2.856419595354768,0.6387956967556515,4.884981308350689e-15,-2.274388387597514
862,863.0,0.31346159640670723,1.465203919540623,0.18248791219622568,0.44569995117514843,0.05041203272961577,0.08486294221492485,0.9420561034464887,-30.534048757739015
863,864.0,0.46806700710490423,8.345688473764092,0.46809107674009076,8.345686963860903,2.8564188930534193,0.6387956182260287,2.3475287902474662e-07,-2.2743901086717067
864,865.0,0.5104758576707463,0.04349328415238071,0.18248767788921316,0.4456995485523487,0.05041203273044531,0.0848629422156231,0.9420561518187253,-30.53404875762383
865,866.0,0.01769343646169652,8.7573885506508,0.01769343646169652,8.7573885506508,2.8564195953547795,0.6387956967556527,-2.220446049250313e-16,-2.2743883875974866
866,867.0,0.38424895685790206,5.703013230118741,0.18248751601992702,0.44569992141016246,0.05041203272964934,0.08486294221495312,0.9420561104048811,-30.534048757734354
867,868.0,0.1305018801592036,4.540300418046563,0.1305018801592036,4.540300418046563,2.8564195953504155,0.6387956967551649,2.226663298188214e-12,-2.274388387608182
868,869.0,0.8847397059004619,2.192404394606348,0.18248844781390608,0.44570002439191564,0.05041203273347769,0.08486294221817545,0.9420560902440702,-30.53404875720276
869,870.0,0.9511495212470902,3.130396662724848,0.18248770321758348,0.44570001938031834,0.05041203272929137,0.08486294221465186,0.9420560974726044,-30.534048757784056
870,871.0,0.09666944685820267,1.9087171747716432,0.18248761177031267,0.4457000051933877,0.05041203272938313,0.08486294221472906,0.9420560999196665,-30.534048757771316
871,872.0,0.8947511396365284,9.966768438355103,0.18248775868925712,0.445700304510519,0.05041203272972672,0.08486294221501832,0.9420560642024602,-30.53404875772361
872,873.0,0.2821858891468685,9.44226171807355,0.2821858891468685,9.44226171807355,2.856419595354402,0.6387956967556107,1.6009416015094757e-13,-2.274388387598411
873,874.0,0.8418374193253781,4.941610959197464,0.18248796044303314,0.4456999753761311,0.05041203272976393,0.08486294221504964,0.9420561002337404,-30.534048757718438
874,875.0,0.44830899317899797,0.2131496716873264,0.1824877744818818,0.44570004800104057,0.05041203272931448,0.08486294221467126,0.9420560935464878,-30.53404875778085
875,876.0,0.1925967589513945,0.23011182101551036,0.18248771855978727,0.4457000128791044,0.05041203272928884,0.08486294221464971,0.9420560980829296,-30.53404875778441
876,877.0,0.4054849894700163,8.752325525902066,0.4054849894700163,8.752325525902066,2.8564195737622633,0.6387956943412305,7.801861712231073e-09,-2.2743884405125465
877,878.0,0.6401128825505413,7.6379867319783505,0.18248771904308517,0.44569995342524427,0.05041203272931,0.08486294221466754,0.9420561049126462,-30.53404875778147
878,879.0,0.09261293944154447,4.8006354306393115,0.09261293944154447,4.8006354306393115,2.8564195953547795,0.6387956967556527,-2.220446049250313e-16,-2.2743883875974866
879,880.0,0.34749624987458994,0.15448660403805495,0.18248759344687585,0.4456999623848961,0.05041203272942625,0.08486294221476537,0.9420561050039268,-30.534048757765333
880,881.0,0.036237986401484124,4.000561797200608,0.036237986401484124,4.000561797200608,2.8564195953547795,0.6387956967556527,-2.220446049250313e-16,-2.2743883875974866
881,882.0,0.19932269414201764,0.25846953452053073,0.18248715612487124,0.44570041963386836,0.050412032732947525,0.08486294221772916,0.9420560563454009,-30.53404875727638
882,883.0,0.3587367208373805,5.835051693459656,0.1824877111403966,0.4457000182111809,0.05041203272928954,0.0848629422146503,0.942056097536262,-30.534048757784312
883,884.0,0.9364253844774005,6.271368767183964,0.18248778247550584,0.44570002974292044,0.05041203272931846,0.08486294221467466,0.9420560955738266,-30.534048757780297
884,885.0,0.5856902405189479,3.2501077445620776,0.18248773344935662,0.4457000044467018,0.050412032729290894,0.08486294221465145,0.9420560989192749,-30.534048757784127
885,886.0,0.06311669262326824,0.17189035504098876,0.18248709694726623,0.4457002325134153,0.05041203273278608,0.08486294221759333,0.9420560783823302,-30.534048757298798
886,887.0,0.7406327758259783,7.417061784959074,0.18248771516216736,0.4457000277747241,0.050412032729289714,0.08486294221465046,0.9420560964010573,-30.53404875778429
887,888.0,0.9853899312197779,3.866278172934777,0.18248774296727116,0.44569933047058213,0.050412032731811725,0.08486294221677322,0.9420561763051922,-30.534048757434093
888,889.0,0.04035166514116295,6.260377940177336,0.04035166514116295,6.260377940177336,2.8564195953547795,0.6387956967556527,-2.220446049250313e-16,-2.2743883875974866
889,890.0,0.31239232470124634,2.16103408048613,0.18248792475721282,0.44569966111314024,0.05041203273037291,0.08486294221556213,0.942056136675751,-30.534048757633883
890,891.0,0.4807555632824607,5.681676062388336,0.1824878428276385,0.4457000923752952,0.050412032729425904,0.08486294221476509,0.9420560878355297,-30.534048757765376
891,892.0,0.344944526072826,2.2031510390634494,0.18248844781390608,0.44570002439191564,0.05041203273347769,0.08486294221817545,0.9420560902440702,-30.53404875720276
892,893.0,0.6680801787527919,4.201921955742606,0.18248768842913982,0.4457000117897664,0.050412032729297195,0.08486294221465675,0.9420560984771366,-30.534048757783246
893,894.0,0.39479052874906106,5.460923511244795,0.18248750963997945,0.4457000818864698,0.05041203272968255,0.08486294221498111,0.9420560920154942,-30.534048757729742
894,895.0,0.42558771588870037,3.205983490996231,0.18248724607768332,0.44570027918149263,0.0504120327315903,0.08486294221658683,0.9420560716880844,-30.534048757464838
895,896.0,0.9417366594271178,3.882262701411323,0.18248819749656803,0.4457008763804513,0.05041203273454578,0.08486294221907445,0.9420559945483105,-30.53404875705445
896,897.0,0.6542601311090899,5.318001412587723,0.18248772611175498,0.44569999091777984,0.050412032729292636,0.08486294221465292,0.9420561005398916,-30.534048757783886
897,898.0,0.41824471148159725,9.541368555632138,0.41824471148159725,9.541368555632138,2.8564195894160216,0.6387956960915954,2.1114160420054873e-09,-2.2743884021511276
898,899.0,0.6807837746747789,8.084532786728992,0.18248772302246663,0.44570000545402033,0.050412032729289465,0.08486294221465024,0.9420560988965777,-30.534048757784326
899,900.0,0.8271486683503987,0.020055361155352055,0.1824877219408662,0.4456998666348758,0.05041203272940873,0.08486294221475062,0.9420561148630364,-30.534048757767764
900,901.0,0.8006937055144746,1.1753342385111936,0.1824875735497154,0.4456995535008572,0.05041203273052415,0.0848629422156895,0.9420561521813632,-30.53404875761288
901,902.0,0.7631347506013882,1.4889151958069817,0.18248766144219775,0.44570002664246616,0.05041203272931829,0.0848629422146745,0.9420560970107744,-30.53404875778032
902,903.0,0.9527087207800402,6.125264214551585,0.18248740357346357,0.44570021254439296,0.05041203273036471,0.08486294221555522,0.9420560779430485,-30.53404875763502
903,904.0,0.14659834558513218,3.560971786273348,0.14659834558513218,3.560971786273348,2.856419523702156,0.6387956887436318,3.597615005901389e-08,-2.2743885631908656
904,905.0,0.8039902324816802,9.114714278125598,0.18248771570867786,0.4456997196482937,0.05041203272975634,0.0848629422150432,0.9420561318142556,-30.53404875771949
905,906.0,0.7496050095788784,7.97671782311654,0.18248767030869453,0.4456999899471458,0.05041203272931161,0.08486294221466886,0.9420561011496414,-30.53404875778125
906,907.0,0.3913578362620507,5.492575087167582,0.18248752634624277,0.44570007539209305,0.05041203272962167,0.08486294221492983,0.9420560926129212,-30.53404875773819
907,908.0,0.1298424461114227,5.774205096255223,0.1298424461114227,5.774205096255223,2.8564195953547795,0.6387956967556527,0.0,-2.2743883875974866
908,909.0,0.9258682911943081,4.235573768092086,0.18248789688866038,0.4457001433664837,0.0504120327295934,0.08486294221490608,0.9420560814914756,-30.53404875774212
909,910.0,0.4678545515884801,6.889016780929606,0.1824877064974241,0.4457000100780156,0.05041203272929057,0.08486294221465117,0.9420560985125946,-30.53404875778417
910,911.0,0.45993849125451014,7.877690116965237,0.45998716343193535,7.877686963931827,2.8564181317286437,0.6387955330965394,4.940867897040846e-07,-2.2743919743904044
911,912.0,0.7948383647772135,1.1967777706895775,0.18248760999065658,0.4457002891196261,0.05041203272981509,0.08486294221509266,0.9420560672989621,-30.534048757711332
912,913.0,0.17561425111888385,8.732903755751991,0.17561425111888385,8.732903755751991,2.8564195953547795,0.6387956967556527,-2.220446049250313e-16,-2.2743883875974866
913,914.0,0.3129667786163094,3.571208334441246,0.1824879119103185,0.4457003573091359,0.05041203273011871,0.08486294221534822,0.9420560567652605,-30.534048757669176
914,915.0,0.06774666214084302,0.895963441840529,0.1824877559829378,0.4456999780655779,0.05041203272930784,0.08486294221466571,0.9420561017505135,-30.53404875778177
915,916.0,0.6331213699901269,4.201675056279746,0.18248769670917364,0.44569997821363067,0.050412032729300345,0.08486294221465937,0.9420561022626907,-30.534048757782813
916,917.0,0.262414600379146,9.002536183204791,0.262414600379146,9.002536183204791,2.8564195953545752,0.6387956967556299,8.915090887740007e-14,-2.2743883875979867
917,918.0,0.13331231956661338,3.94723971088508,0.13331231956661338,3.94723971088508,2.856419594688084,0.6387956966811045,3.3929181686431775e-10,-2.274388389231304
918,919.0,0.3246901975790256,3.701924179112112,0.18248769645673626,0.4456999898200028,0.05041203272929672,0.08486294221465637,0.9420561009308281,-30.534048757783317
919,920.0,0.9091092523114854,1.7770248503581707,0.18248774175850263,0.44569999132466603,0.05041203272929613,0.08486294221465589,0.9420561003534256,-30.534048757783395
920,921.0,0.9265245953334076,4.945958491632725,0.18248770402469083,0.4457000228087624,0.05041203272929136,0.08486294221465182,0.9420560970713099,-30.534048757784056
921,922.0,0.9675194381783306,8.878761876022322,0.18248577725439805,0.44570005600204293,0.050412032759411946,0.08486294224000411,0.9420561104226234,-30.534048753601645
922,923.0,0.3850038463765719,5.249669758613549,0.18248770412312457,0.4456998521564498,0.05041203272943194,0.08486294221477016,0.9420561166863585,-30.534048757764538
923,924.0,0.005773516364080078,3.689725457617388,0.005773516364080078,3.689725457617388,2.8564195953547795,0.6387956967556527,-2.220446049250313e-16,-2.2743883875974866
924,925.0,0.545129186830904,4.5512773803610465,0.18248770822118196,0.44569995308040095,0.05041203272931076,0.08486294221466814,0.9420561050489008,-30.534048757781363
925,926.0,0.7764523017005486,1.4933856122331304,0.1824877518330305,0.4457000560415534,0.050412032729302884,0.08486294221466156,0.9420560928244762,-30.534048757782458
926,927.0,0.465696902491218,9.902200666226229,0.465696902491218,9.902200666226229,2.8564195724942976,0.6387956941994495,7.663657153322845e-09,-2.2743884436198494
927,928.0,0.38950625479769785,7.837029362687336,0.38950625479769785,7.837029362687336,2.856419493704289,0.6387956853893435,3.7486575066303374e-08,-2.274388636704252
928,929.0,0.4830820322541781,9.889120199807662,0.4830820322541781,9.889120199807662,2.856419547974505,0.6387956914577063,1.555359419036506e-08,-2.2743885037085523
929,930.0,0.10191934647072587,5.866663546154161,0.10191934647072587,5.866663546154161,2.8564195953547795,0.6387956967556527,-2.220446049250313e-16,-2.2743883875974866
930,931.0,0.35265623530461965,7.678117359219631,0.35265623530461965,7.678117359219631,2.8564195709110924,0.6387956940224194,9.456044947064868e-09,-2.2743884474996836
931,932.0,0.10394552916988375,8.343933616987425,0.10394552916988375,8.343933616987425,2.8564195953547795,0.6387956967556527,-2.220446049250313e-16,-2.2743883875974866
932,933.0,0.35649570315092427,6.727198804235038,0.35651577598322004,6.727197560785243,2.856419161260005,0.6387956482162357,1.6708325745184993e-07,-2.274389451399057
933,934.0,0.638715547778245,0.9392647473127126,0.18248839859756855,0.445700627140438,0.05041203273443947,0.084862942218985,0.942056021400557,-30.534048757069215
934,935.0,0.6099104556274113,4.586172596890361,0.1824878566162296,0.44570006728571326,0.05041203272944004,0.08486294221477698,0.9420560905963624,-30.534048757763415
935,936.0,0.7314447825812386,5.446799938359539,0.18248755447762352,0.44570006883042806,0.05041203272953383,0.08486294221485591,0.9420560931161136,-30.53404875775039
936,937.0,0.377585040668848,1.2441017590444787,0.1824877164079246,0.4457000112590681,0.05041203272928899,0.08486294221464985,0.942056098288359,-30.53404875778439
937,938.0,0.9576888203380265,0.7166079274122491,0.18248771663721666,0.4457000118688419,0.050412032729288965,0.08486294221464986,0.9420560982162203,-30.53404875778439
938,939.0,0.4770748428040349,6.898586498927132,0.18248767836080548,0.4456998216357428,0.05041203272949625,0.08486294221482427,0.9420561204246056,-30.534048757755606
939,940.0,0.2814342114086025,4.859120356024111,0.18248814801168994,0.4457003755388762,0.05041203273124407,0.08486294221629538,0.9420560525607835,-30.53404875751292
940,941.0,0.9451768199037548,9.424455965388765,0.18248821343418387,0.4457002840039053,0.050412032731442326,0.08486294221646232,0.942056062497823,-30.534048757485387
941,942.0,0.9037601254978357,4.4530416393484655,0.18248771375449832,0.44570007892725233,0.05041203272931012,0.08486294221466764,0.9420560905337959,-30.53404875778145
942,943.0,0.3911784131900262,7.502487381342854,0.39118964864704137,7.5024866708001134,2.8564193370759345,0.6387956678755436,9.504215270350613e-08,-2.2743890205409105
943,944.0,0.9496204216079595,1.50128518039658,0.1824877950113094,0.44569997954765017,0.050412032729342526,0.08486294221469488,0.942056101231674,-30.534048757776958
944,945.0,0.2319283303057248,8.041014059426963,0.2319283303057248,8.041014059426963,2.8564195953545575,0.6387956967556279,1.0058620603103918e-13,-2.27438838759803
945,946.0,0.4437619277931575,3.024254545481441,0.1824871383799103,0.44569918131878367,0.050412032735139084,0.08486294221957383,0.9420561988451253,-30.53404875697207
946,947.0,0.4936076328906006,2.9799914774710947,0.18248775857170968,0.44570000854239006,0.050412032729300504,0.08486294221465952,0.9420560982241892,-30.53404875778279
947,948.0,0.22791038173752742,8.00429827771446,0.22791038173752742,8.00429827771446,2.8564195953546276,0.6387956967556357,6.905587213168474e-14,-2.2743883875978588
948,949.0,0.9880196651812575,9.64815126659141,0.18248768076779967,0.4456998961931427,0.050412032729373495,0.08486294221472097,0.9420561118329961,-30.534048757772652
949,950.0,0.5822594824352669,9.80407889628167,0.5822951872075595,9.80407658701797,2.8564182484188962,0.638795546144561,3.9449296806992606e-07,-2.274391688426756
950,951.0,0.8249672484314642,5.16506655020012,0.18248770672272752,0.44570001517252417,0.05041203272929037,0.08486294221465103,0.9420560979249852,-30.5340487577842
951,952.0,0.09738544533429705,2.701387945987673,0.09739663638239116,2.7013872798538543,2.8564195337398255,0.6387956898660193,3.2362581503520005e-08,-2.2743885385923495
952,953.0,0.7992298531145894,8.067218131957123,0.18248779931008488,0.4457000246205565,0.05041203272933676,0.08486294221469005,0.9420560960123086,-30.534048757777754
953,954.0,0.18612350648431475,7.472542155870212,0.18612350648431475,7.472542155870212,2.856419595354777,0.6387956967556524,1.2212453270876722e-15,-2.2743883875974937
954,955.0,0.7098159765212565,5.767226705534509,0.18248820909775892,0.4457000742479422,0.05041203273116547,0.08486294221622927,0.94205608664721,-30.534048757523827
955,956.0,0.2399757215467302,8.413497434382363,0.2399757215467302,8.413497434382363,2.856419595354647,0.6387956967556381,5.906386491005833e-14,-2.274388387597811
956,957.0,0.7499960560972669,9.042591141165945,0.18248769271587542,0.4456999162761765,0.050412032729345656,0.08486294221469752,0.9420561094178519,-30.534048757776524
957,958.0,0.3476023987525596,4.507238904720705,0.18248786510532197,0.4456999844335235,0.050412032729464144,0.08486294221479727,0.9420561000441278,-30.53404875776006
958,959.0,0.3900405920131268,6.746755455318968,0.3901068057143503,6.7467511032446845,2.8564178857544413,0.6387955055922984,6.299785816343828e-07,-2.2743925771801266
959,960.0,0.30864326733761993,9.566003953497212,0.30864326733761993,9.566003953497212,2.8564195953513614,0.6387956967552705,1.40121247937941e-12,-2.274388387605862
960,961.0,0.3683335409280605,8.403475707742798,0.3683335409280605,8.403475707742798,2.856419587575475,0.6387956958857899,2.9484577002136803e-09,-2.2743884066616085
961,962.0,0.1770457149290563,5.553739299872421,0.1770457149290563,5.553739299872421,2.856419595334496,0.6387956967533848,9.845679826980813e-12,-2.2743883876471935
962,963.0,0.9825489426194229,3.291302485189271,0.18248783329820217,0.44569998297657815,0.05041203272939898,0.08486294221474243,0.9420561004956438,-30.534048757769114
963,964.0,0.48948047716833754,0.05501485383322241,0.18248775386633823,0.44570003570793415,0.05041203272929835,0.08486294221465772,0.9420560951436081,-30.53404875778309
964,965.0,0.9309263486784433,1.5601627996926741,0.1824874220674671,0.44569934965396674,0.05041203273213597,0.08486294221704614,0.9420561769647493,-30.534048757389073
965,966.0,0.5011652213827199,3.3801541502572734,0.18248796348173615,0.4456995656694783,0.05041203273096126,0.08486294221605738,0.9420561473006481,-30.534048757552185
966,967.0,0.40418126282578404,0.4788482167249267,0.1824880292199203,0.44569929485059046,0.05041203273306527,0.08486294221782832,0.9420561778425915,-30.53404875726003
967,968.0,0.5657687284154028,5.127259341346129,0.18248822456160718,0.44569998586371007,0.05041203273132476,0.08486294221636334,0.9420560966684051,-30.534048757501715
968,969.0,0.04140864343336692,7.730136729533927,0.04140864343336692,7.730136729533927,2.8564195953547795,0.6387956967556527,-2.220446049250313e-16,-2.2743883875974866
969,970.0,0.9344478265789677,7.738005367030071,0.18248744408754386,0.44570106562416867,0.05041203273607128,0.08486294222035845,0.9420559795210103,-30.53404875684263
970,971.0,0.9383714402814491,6.329795682846541,0.18248767290229354,0.44569999965706875,0.05041203272930787,0.08486294221466577,0.9420561000103626,-30.53404875778177
971,972.0,0.6389963571308623,0.6909809608830484,0.18248772355861675,0.44570008017058915,0.05041203272930982,0.08486294221466739,0.9420560903033507,-30.5340487577815
972,973.0,0.04662436578175411,7.250010320776568,0.04662436578175411,7.250010320776568,2.8564195953547795,0.6387956967556527,-2.220446049250313e-16,-2.2743883875974866
973,974.0,0.8325212697395147,9.856857181111474,0.1824874286334471,0.44569996259631106,0.050412032729966444,0.08486294221522003,0.9420561064504283,-30.53404875769032
974,975.0,0.5868902580010587,5.60968683736276,0.1824876424378953,0.4456996570817426,0.050412032729993214,0.08486294221524254,0.9420561396601908,-30.534048757686605
975,976.0,0.6051978263974874,5.9805302366844515,0.18248795274728097,0.4457001593047089,0.0504120327297846,0.084862942215067,0.9420560791605413,-30.534048757715567
976,977.0,0.09859869043791414,3.9970601246243276,0.09859869043791414,3.9970601246243276,2.856419595354629,0.638795696755636,7.860379014346108e-14,-2.2743883875978543
977,978.0,0.04488964409161822,5.699632844156942,0.04488964409161822,5.699632844156942,2.8564195953547795,0.6387956967556527,-2.220446049250313e-16,-2.2743883875974866
978,979.0,0.9477762597316113,7.198544617482572,0.18248771274235634,0.44570002248277435,0.0504120327292895,0.0848629422146503,0.9420560970309538,-30.53404875778432
979,980.0,0.5781409822346989,4.46011126737707,0.1824877164999316,0.445700011409174,0.05041203272928901,0.08486294221464985,0.9420560982702834,-30.53404875778439
980,981.0,0.7200726570927145,2.8157347895807914,0.18248770173378895,0.44570006862792105,0.05041203272930707,0.08486294221466506,0.9420560918249876,-30.534048757781882
981,982.0,0.7723910998289508,2.215907342464319,0.18248844781390608,0.44570002439191564,0.05041203273347769,0.08486294221817545,0.9420560902440702,-30.53404875720276
982,983.0,0.8111462822590354,1.9483000430401638,0.18248784840527876,0.44570005114155736,0.050412032729418466,0.08486294221475882,0.9420560925254043,-30.534048757766413
983,984.0,0.7278030881534947,6.933952897670299,0.18248767008984823,0.44570008905948993,0.05041203272934132,0.08486294221469388,0.9420560897589239,-30.53404875777713
984,985.0,0.07036564252247823,4.898687973507604,0.07036564252247823,4.898687973507604,2.8564195953547795,0.6387956967556527,-2.220446049250313e-16,-2.2743883875974866
985,986.0,0.1426775808564117,7.204144862135436,0.1426775808564117,7.204144862135436,2.8564195953547795,0.6387956967556527,-2.220446049250313e-16,-2.2743883875974866
986,987.0,0.8627894969596301,4.609446958198643,0.18248783841755398,0.44570002741700976,0.050412032729397004,0.08486294221474078,0.9420560953416521,-30.53404875776939
987,988.0,0.2399392669901348,6.873136999667101,0.2399392669901348,6.873136999667101,2.8564195952740397,0.6387956967466246,3.62451180180301e-11,-2.2743883877953497
988,989.0,0.18544098614740412,3.043825054035727,0.18248742726108744,0.44569993785623074,0.050412032729981994,0.08486294221523313,0.942056109306481,-30.53404875768816
989,990.0,0.32103861877366746,6.590084868621937,0.32103861877366746,6.590084868621937,2.8564194875979845,0.6387956847065516,4.3459654652799884e-08,-2.2743886516684864
990,991.0,0.9978705517124583,3.2703340912158674,0.1824877611565,0.4457000085059951,0.05041203272930213,0.08486294221466091,0.9420560982052942,-30.534048757782564
991,992.0,0.694875248823679,9.972908398955338,0.1824876735675087,0.44570001938069254,0.050412032729306944,0.08486294221466495,0.9420560977372533,-30.534048757781896
992,993.0,0.17672729701487677,7.728737723852678,0.17672729701487677,7.728737723852678,2.8564195953547795,0.6387956967556527,-2.220446049250313e-16,-2.2743883875974866
993,994.0,0.9340639821736022,7.062907198116434,0.18248821008222751,0.4457000582107279,0.05041203273117358,0.08486294221623611,0.9420560884818237,-30.534048757522704
994,995.0,0.9976121360399419,0.7674878147212313,0.18248771073774228,0.4456999929778904,0.05041203272929234,0.08486294221465267,0.9420561004403447,-30.53404875778393
995,996.0,0.6360339798167689,6.8377383315597084,0.1824876946144259,0.4457000526826899,0.05041203272930223,0.084862942214661,0.9420560937214011,-30.53404875778255
996,997.0,0.19619121300186426,5.6239811175496515,0.19619121300186426,5.6239811175496515,2.856419595172061,0.6387956967352215,8.668821216417655e-11,-2.274388388045261
997,998.0,0.9662882954699075,6.917134572952028,0.18248745894470791,0.44570054173986334,0.05041203273145529,0.08486294221647318,0.9420560396085734,-30.534048757483582
998,999.0,0.7825329914442662,8.749362406591642,0.18248769767652023,0.4456999247607191,0.05041203272933572,0.08486294221468917,0.9420561083982952,-30.534048757777903
999,1000.0,0.5493559672741541,3.912142823692773,0.1824880553723094,0.4457002487244034,0.05041203273037268,0.08486294221556197,0.942056067965339,-30.53404875763391
