,iteration,init_sigma,init_center,est_sigma,est_center,ss_res,nrmse,r_squared,aic
0,1.0,0.3946444841986855,7.661838012879289,0.3946444841986855,7.661838012879289,2.6865891600880145,0.6195146902545128,8.070574009089171e-08,-2.703464111564437
1,2.0,0.45096139472762775,2.977273212452972,0.2083836102597325,0.45795337612242887,0.039464662250681334,0.0750853440623034,0.9473527849558271,-32.24781848178808
2,3.0,0.5888679513372722,4.786803927586515,0.2083829750264469,0.457953514620349,0.03946466224840537,0.07508534406013824,0.9473527776504158,-32.247818482191775
3,4.0,0.8338396227642096,3.17751433001014,0.20838303836578584,0.45795344917067776,0.03946466224838451,0.0750853440601184,0.9473527823625194,-32.24781848219548
4,5.0,0.009643270249418356,4.250203439265989,0.009643270249418356,4.250203439265989,2.68658935546875,0.6195147127814468,3.3306690738754696e-16,-2.7034636024932626
5,6.0,0.3214894315475544,5.531223081194787,0.20838300870778365,0.4579534645918994,0.039464662248380605,0.07508534406011472,0.9473527813305423,-32.24781848219617
6,7.0,0.44800368812609315,9.279367568846517,0.44800368812609315,9.279367568846517,2.6865893139769104,0.6195147079975365,1.5991147073179945e-08,-2.703463710601664
7,8.0,0.9582321309268108,5.575763780901653,0.2083830163563531,0.4579534421863402,0.039464662248381605,0.07508534406011566,0.9473527830182071,-32.24781848219599
8,9.0,0.9549712357847215,4.511759144505217,0.2083830580269987,0.4579534719622426,0.039464662248392894,0.07508534406012637,0.9473527804999785,-32.24781848219399
9,10.0,0.15548548522196537,8.423344620615941,0.15548548522196537,8.423344620615941,2.68658935546875,0.6195147127814468,3.3306690738754696e-16,-2.7034636024932626
10,11.0,0.15617470375481624,3.755149941349684,0.15617470375481624,3.755149941349684,2.6865892945402754,0.6195147057565387,3.480720967008466e-08,-2.7034637612444783
11,12.0,0.07264485310149815,1.0441081094265319,0.20838315829747608,0.45795344275755556,0.039464662248513825,0.07508534406024146,0.9473527822198652,-32.24781848217254
12,13.0,0.571147696147371,5.768187177739133,0.20838239771951572,0.4579534387997702,0.03946466225077417,0.07508534406239173,0.9473527865629249,-32.24781848177162
13,14.0,0.5380050835919862,9.159536416325686,0.5380403442750711,9.159534107061987,2.6865881327970422,0.6195145718102939,4.221254540359709e-07,-2.7034667882067343
14,15.0,0.06403280137433998,1.1505360914560334,0.20838271310360149,0.45795339591441603,0.039464662248960655,0.07508534406066648,0.9473527881978641,-32.24781848209328
15,16.0,0.8399004389584809,9.863374395148993,0.2083830568495159,0.457953694815432,0.03946466224864345,0.07508534406036475,0.947352763315958,-32.24781848214955
16,17.0,0.4814767441560933,5.4201188381256316,0.20838301868413855,0.45795345088578615,0.03946466224838071,0.07508534406011481,0.9473527823347901,-32.24781848219615
17,18.0,0.5903255250236594,8.58421071400474,0.20838235420140602,0.4579536821094653,0.03946466225143846,0.07508534406302365,0.9473527680251608,-32.24781848165379
18,19.0,0.6454555386909713,2.090599100906579,0.20838277765120444,0.4579530933046519,0.039464662249305435,0.0750853440609945,0.9473528111976739,-32.24781848203213
19,20.0,0.6551557269964364,3.1960507689107045,0.20838303826908522,0.45795313201290055,0.03946466224888252,0.07508534406059217,0.9473528068275671,-32.24781848210714
20,21.0,0.05867604599491505,6.775788937676646,0.05867604599491505,6.775788937676646,2.68658935546875,0.6195147127814468,3.3306690738754696e-16,-2.7034636024932626
21,22.0,0.3067257860777146,6.993435135047212,0.3067257860777146,6.993435135047212,2.6865893431836985,0.6195147113650097,5.72075375959713e-09,-2.7034636345023824
22,23.0,0.4627173831446164,6.4655374848300635,0.20838301081116667,0.4579534541200309,0.03946466224838044,0.07508534406011452,0.9473527821271374,-32.247818482196195
23,24.0,0.3183343181260134,5.986272973237666,0.31836482705474617,5.986271063654052,2.6865887520675114,0.6195146432107167,2.764770578034259e-07,-2.7034651746759017
24,25.0,0.626841629366404,6.087363411414167,0.20838273345684774,0.45795455935306645,0.039464662254640695,0.07508534406606993,0.9473526983440738,-32.24781848108579
25,26.0,0.09769308449193415,9.000522101661005,0.09769308449193415,9.000522101661005,2.68658935546875,0.6195147127814468,3.3306690738754696e-16,-2.7034636024932626
26,27.0,0.22961315347275713,4.036791739870389,0.20838300809989588,0.4579534551335125,0.03946466224838056,0.07508534406011466,0.9473527820633645,-32.24781848219618
27,28.0,0.515779875388137,5.086471362118221,0.20838260607687925,0.45795346209199184,0.0394646622494322,0.07508534406111508,0.9473527836610565,-32.24781848200964
28,29.0,0.3478128900185238,6.490130852139085,0.34783869160162967,6.490129164600077,2.686588800279792,0.6195146487694786,2.442641635624909e-07,-2.7034650490571375
29,30.0,0.0876083651738998,8.996198667031504,0.0876083651738998,8.996198667031504,2.68658935546875,0.6195147127814468,3.3306690738754696e-16,-2.7034636024932626
30,31.0,0.8146469398867003,6.59974675134541,0.20838300631991666,0.4579534689359555,0.03946466224838113,0.07508534406011522,0.9473527810081404,-32.24781848219608
31,32.0,0.11383403715167573,4.226659987911373,0.11383403715167573,4.226659987911373,2.686589355467537,0.619514712781307,7.276401703393276e-13,-2.7034636024964236
32,33.0,0.8412775103652201,7.912190975034236,0.20838334964496286,0.4579536701619889,0.0394646622492589,0.07508534406095022,0.9473527636612674,-32.24781848204038
33,34.0,0.2858798991441047,8.984682527755986,0.2858798991441047,8.984682527755986,2.6865893554660456,0.619514712781135,1.2965184481572578e-12,-2.7034636025003094
34,35.0,0.9198439504899292,9.905236299857684,0.20838193964310892,0.45795374776508474,0.03946466225621979,0.07508534406757207,0.9473527651567728,-32.247818480805705
35,36.0,0.970240675077111,7.6447922577991285,0.2083829795267496,0.45795349536310753,0.03946466224839461,0.07508534406012803,0.94735277911196,-32.247818482193686
36,37.0,0.9725708381374966,0.9774255173889723,0.208382992867025,0.45795333671910654,0.03946466224845088,0.07508534406018154,0.9473527912784258,-32.2478184821837
37,38.0,0.2470397566410213,3.8082621975518345,0.2083830117267857,0.45795344896401985,0.039464662248380765,0.07508534406011483,0.9473527825199927,-32.24781848219614
38,39.0,0.31051104496054516,5.612434352027914,0.3105770366171636,5.6124300887714735,2.686588012371557,0.6195145579255188,6.220949793078745e-07,-2.7034671019795837
39,40.0,0.783622717833957,5.2678970531786184,0.20838300351712558,0.45795346769053913,0.039464662248381355,0.07508534406011542,0.9473527811190983,-32.24781848219604
40,41.0,0.20658720169820477,7.014012405978853,0.20658720169820477,7.014012405978853,2.686589355468032,0.6195147127813642,3.838040996129166e-13,-2.703463602495133
41,42.0,0.966081022113805,5.962341553130393,0.20838303340137462,0.45795349098388266,0.039464662248386996,0.07508534406012077,0.9473527791635473,-32.247818482195036
42,43.0,0.18151960612052975,3.5279275896507407,0.20838356534490454,0.4579542286093306,0.03946466225280941,0.07508534406432785,0.9473527194368078,-32.24781848141062
43,44.0,0.5935506018119737,0.003265818250356956,0.2083832061447864,0.457953940676762,0.03946466224963609,0.07508534406130905,0.9473527435574518,-32.247818481973475
44,45.0,0.4945563483096116,1.1658548012043355,0.20838299766206578,0.457953465888655,0.03946466224838224,0.07508534406011626,0.9473527812891956,-32.24781848219588
45,46.0,0.5985647941809652,2.395444745493009,0.20838277765120444,0.4579530933046519,0.039464662249305435,0.0750853440609945,0.9473528111976739,-32.24781848203213
46,47.0,0.11057920448753833,1.689736495879209,0.2083835697078196,0.4579523826757811,0.03946466225600439,0.07508534406736721,0.9473528618014728,-32.247818480843904
47,48.0,0.6286866897159927,5.608358523966641,0.2083836610580014,0.45795386919905756,0.03946466225165769,0.07508534406323218,0.9473527466512862,-32.2478184816149
48,49.0,0.5140050315225874,8.352519869988093,0.20838307351843552,0.4579533867285452,0.03946466224842894,0.07508534406016067,0.9473527869923309,-32.2478184821876
49,50.0,0.759066898666697,2.5939907812065712,0.20838277765120444,0.4579530933046519,0.039464662249305435,0.0750853440609945,0.9473528111976739,-32.24781848203213
50,51.0,0.3381794538968904,3.976546276808954,0.20838259720531602,0.4579544500992617,0.03946466225424011,0.07508534406568886,0.9473527074946809,-32.24781848115685
51,52.0,0.3180319877982424,3.4139450899472985,0.2083832341552438,0.4579537769289708,0.03946466224911562,0.07508534406081391,0.9473527560396385,-32.247818482065796
52,53.0,0.8850718679749905,1.0925618651505216,0.20838340581972958,0.4579525113747562,0.03946466225369889,0.07508534406517396,0.9473528527465853,-32.24781848125285
53,54.0,0.24349825510102396,8.466701029957083,0.24349825510102396,8.466701029957083,2.6865893554685862,0.619514712781428,8.326672684688674e-14,-2.7034636024936898
54,55.0,0.9201572535616506,8.438219741907126,0.20838283687891526,0.45795320590615257,0.039464662248850854,0.07508534406056207,0.9473528021974535,-32.24781848211276
55,56.0,0.6258073039842355,6.041038329729268,0.20838192366410924,0.4579535707698397,0.03946466225600966,0.07508534406737219,0.9473527788946285,-32.24781848084297
56,57.0,0.8530192687458275,7.562612688457237,0.20838346463199828,0.4579541045102278,0.03946466225143205,0.07508534406301753,0.9473527295452963,-32.247818481654924
57,58.0,0.4185586430855234,4.5533556729306985,0.20838299288548748,0.45795344714215613,0.0394646622483836,0.07508534406011755,0.9473527827606221,-32.24781848219564
58,59.0,0.7841489990862606,8.837400487516412,0.20838292371623912,0.45795325129736847,0.03946466224862138,0.07508534406034376,0.9473527982349312,-32.24781848215346
59,60.0,0.42184337293907814,3.497116941171191,0.20838292668324063,0.4579534544111013,0.039464662248428435,0.07508534406016022,0.9473527825515737,-32.24781848218768
60,61.0,0.8890562963810265,6.07686799314879,0.2083829774683597,0.45795334824470135,0.039464662248443326,0.07508534406017434,0.9473527904711814,-32.24781848218504
61,62.0,0.4239871986069971,5.247844785376125,0.20838301190304018,0.45795341512710797,0.03946466224838915,0.07508534406012285,0.9473527851291361,-32.24781848219465
62,63.0,0.333872694936013,4.410462495269731,0.20838294248651687,0.457953174180574,0.03946466224877685,0.07508534406049165,0.9473528040837731,-32.247818482125886
63,64.0,0.0591598315072116,3.224071704689975,0.0591598315072116,3.224071704689975,2.68658935546875,0.6195147127814468,3.3306690738754696e-16,-2.7034636024932626
64,65.0,0.9318540509460175,4.787462134621014,0.20838300662611536,0.45795347837558714,0.03946466224838242,0.07508534406011647,0.9473527802783674,-32.24781848219585
65,66.0,0.21063627349717362,7.390833309979371,0.21063627349717362,7.390833309979371,2.686589355468538,0.6195147127814224,1.1268763699945339e-13,-2.703463602493815
66,67.0,0.7880114676624057,9.900569831180011,0.2083830575536915,0.457953493728037,0.0394646622483969,0.07508534406013019,0.947352778823544,-32.24781848219328
67,68.0,0.27132089744818066,9.039490773693846,0.27132089744818066,9.039490773693846,2.686589355468268,0.6195147127813911,2.360334150353083e-13,-2.7034636024945193
68,69.0,0.2655589171783733,7.97964679627,0.2655589171783733,7.97964679627,2.6865893554551596,0.61951471277988,6.703082533476845e-12,-2.7034636025286733
69,70.0,0.01767028351938771,2.6377705568472942,0.01767028351938771,2.6377705568472942,2.68658935546875,0.6195147127814468,3.3306690738754696e-16,-2.7034636024932626
70,71.0,0.4272462434666293,4.087121206151341,0.20838312248166024,0.4579534537899229,0.03946466224845473,0.07508534406018522,0.9473527815592211,-32.24781848218302
71,72.0,0.2187657485837441,7.396457640652059,0.2187657485837441,7.396457640652059,2.6865893554681017,0.6195147127813722,3.411715354673106e-13,-2.703463602494951
72,73.0,0.19810960159504154,4.1622050327509115,0.1981395332078012,4.1622031675762186,2.686588992679497,0.6195146709527082,1.9633903891591586e-07,-2.7034645477530725
73,74.0,0.5483589498803978,1.6467456456277676,0.20838300795078077,0.45795345403259635,0.039464662248380585,0.07508534406011468,0.9473527821490783,-32.24781848219617
74,75.0,0.2703411657103183,0.9280255557932658,0.20838301703924808,0.45795344647646136,0.03946466224838106,0.07508534406011515,0.9473527826836516,-32.24781848219609
75,76.0,0.7973031537474905,4.30437742067718,0.20838315958581263,0.4579526694205735,0.03946466225145767,0.07508534406304193,0.947352841865316,-32.24781848165038
76,77.0,0.8170481100177571,6.485502985180502,0.2083830107359094,0.4579534540803105,0.03946466224838041,0.07508534406011452,0.9473527821306011,-32.2478184821962
77,78.0,0.014727134605845849,5.393219443199881,0.014727134605845849,5.393219443199881,2.68658935546875,0.6195147127814468,3.3306690738754696e-16,-2.7034636024932626
78,79.0,0.6398103716322793,1.9993365491787713,0.20838304437377358,0.45795333631952684,0.039464662248457585,0.07508534406018794,0.9473527910355906,-32.24781848218251
79,80.0,0.25703440984321546,4.05701781401539,0.20838272448343337,0.45795470196441174,0.03946466225624545,0.07508534406759651,0.947352687390733,-32.24781848080115
80,81.0,0.14084303157649236,5.727642345478636,0.14084303157649236,5.727642345478636,2.686589355468743,0.619514712781446,4.218847493575595e-15,-2.7034636024932803
81,82.0,0.7423391324766995,6.01858325013608,0.20838300674107063,0.4579534415230693,0.03946466224838193,0.07508534406011594,0.9473527831204536,-32.24781848219594
82,83.0,0.7789291392869553,2.674409890433948,0.20838277765120444,0.4579530933046519,0.039464662249305435,0.0750853440609945,0.9473528111976739,-32.24781848203213
83,84.0,0.6196453397042742,2.3752242067885523,0.20838289585541866,0.4579542886097278,0.039464662251703114,0.07508534406327541,0.9473527183669384,-32.24781848160684
84,85.0,0.11617968317043936,3.148825651891126,0.11617968317043936,3.148825651891126,2.6865893323146195,0.6195147101118308,1.3851756519578373e-08,-2.703463662822138
85,86.0,0.00024268624427326024,5.619974257621814,0.00024268624427326024,5.619974257621814,2.68658935546875,0.6195147127814468,3.3306690738754696e-16,-2.7034636024932626
86,87.0,0.7375698464605058,6.167774284300327,0.20838304197208415,0.45795348565615157,0.03946466224838801,0.07508534406012175,0.9473527795289759,-32.24781848219485
87,88.0,0.19162241729814133,6.107941816672567,0.19162241729814133,6.107941816672567,2.686589355460665,0.6195147127805147,4.41369163439731e-12,-2.7034636025143293
88,89.0,0.5022922957120711,5.967040018570141,0.2083830121960401,0.457953393884777,0.039464662248399826,0.07508534406013298,0.9473527867661495,-32.247818482192756
89,90.0,0.4119160113223995,2.119889336201367,0.2083828950136947,0.45795337010497916,0.03946466224850075,0.07508534406022899,0.9473527892229111,-32.24781848217486
90,91.0,0.31606310485743905,0.9608520959943542,0.20838284479588276,0.45795272132610665,0.039464662251010536,0.07508534406261658,0.9473528395342614,-32.24781848172969
91,92.0,0.9656235277442432,8.871996867273923,0.20838296781289287,0.45795349625032483,0.039464662248401144,0.07508534406013424,0.947352779105747,-32.24781848219253
92,93.0,0.7226765491208352,2.205860014967726,0.20838277765120444,0.4579530933046519,0.039464662249305435,0.0750853440609945,0.9473528111976739,-32.24781848203213
93,94.0,0.8379950716402871,1.355468444133416,0.20838285901859122,0.45795275849213923,0.039464662250742966,0.07508534406236202,0.9473528365918749,-32.247818481777145
94,95.0,0.28403123817580733,9.58925325832862,0.28403123817580733,9.58925325832862,2.686589355468482,0.619514712781416,1.2867484855405564e-13,-2.7034636024939616
95,96.0,0.4648330591782903,6.616948064154634,0.20838300452621428,0.45795347297850386,0.039464662248381834,0.07508534406011587,0.947352780705839,-32.24781848219595
96,97.0,0.451964822880924,4.731531552497611,0.20838349210972407,0.45795347209436804,0.039464662249819565,0.07508534406148357,0.9473527781816999,-32.24781848194093
97,98.0,0.25550013087807866,7.29620773079372,0.25550013087807866,7.29620773079372,2.686589355399881,0.6195147127735066,3.444888818648906e-11,-2.703463602672702
98,99.0,0.12116679311464373,1.1321231436485668,0.2083832703387057,0.457953407791646,0.03946466224881363,0.07508534406052662,0.9473527843213866,-32.247818482119364
99,100.0,0.19264613976598388,3.5139496224181697,0.20838299997401052,0.4579534555350296,0.03946466224838158,0.07508534406011565,0.9473527820755623,-32.247818482195996
100,101.0,0.733041179210162,6.160284161632447,0.20838304167463698,0.4579534853883774,0.039464662248387836,0.07508534406012159,0.9473527795512116,-32.24781848219489
101,102.0,0.8009015785997914,0.6174490719522931,0.20838300451985736,0.4579534616591133,0.0394646622483809,0.075085344060115,0.9473527815790179,-32.24781848219612
102,103.0,0.8340871444032184,2.349891198705444,0.20838277765120444,0.4579530933046519,0.039464662249305435,0.0750853440609945,0.9473528111976739,-32.24781848203213
103,104.0,0.050627700511521545,3.205707615439582,0.050627700511521545,3.205707615439582,2.68658935546875,0.6195147127814468,3.3306690738754696e-16,-2.7034636024932626
104,105.0,0.9293381176366284,1.8607467120193208,0.20838309521577134,0.45795325881228927,0.039464662248615695,0.07508534406033839,0.9473527967440745,-32.24781848215447
105,106.0,0.2112341847486875,9.444541775370146,0.2112341847486875,9.444541775370146,2.68658935546875,0.6195147127814468,3.3306690738754696e-16,-2.7034636024932626
106,107.0,0.7381931579595764,4.449409134569744,0.208383423856866,0.45795339544520974,0.03946466224947231,0.07508534406115323,0.9473527844572628,-32.24781848200253
107,108.0,0.8198469619196125,4.771118578758883,0.20838299409971123,0.4579534905237216,0.03946466224838773,0.07508534406012146,0.9473527794078413,-32.2478184821949
108,109.0,0.9132957355787484,3.5318468694437195,0.20838294745174224,0.457953507708214,0.039464662248421045,0.07508534406015319,0.9473527783300701,-32.247818482189
109,110.0,0.4146005231536759,0.7579894763218429,0.20838299405502225,0.45795348394484603,0.03946466224838599,0.07508534406011982,0.9473527799155546,-32.247818482195214
110,111.0,0.3689004278134266,6.40023401228195,0.36897343607956434,6.400229171709533,2.6865875619577144,0.61951450599386,7.667412679213115e-07,-2.7034682755488655
111,112.0,0.5874362116913562,6.433079704416058,0.20838243286695,0.4579535510326442,0.03946466225058099,0.07508534406220792,0.9473527777191206,-32.24781848180588
112,113.0,0.26523206661198817,6.17525515551095,0.26523206661198817,6.17525515551095,2.6865893436260557,0.6195147114160123,5.843861172749598e-09,-2.7034636333498057
113,114.0,0.18835299517063298,2.5219683701829725,0.2083830922292462,0.4579533386483141,0.0394646622484907,0.07508534406021945,0.947352790601657,-32.24781848217664
114,115.0,0.6278374916970092,7.8200998303607685,0.20838288391348123,0.45795324998407055,0.03946466224867478,0.07508534406039455,0.9473527985476371,-32.24781848214399
115,116.0,0.9840312383545748,8.935870083797441,0.2083829468366009,0.4579534570657512,0.03946466224840881,0.07508534406014154,0.9473527822397574,-32.247818482191164
116,117.0,0.6485228064140452,5.102303601527961,0.20838302250845023,0.457953467973402,0.03946466224838102,0.07508534406011508,0.9473527809963831,-32.247818482196095
117,118.0,0.9242001541299234,0.8993068313844341,0.20838303341655257,0.45795345680748945,0.03946466224838264,0.07508534406011665,0.9473527817997343,-32.24781848219581
118,119.0,0.9934646003101083,1.0309170999107116,0.20838298793917287,0.4579534736534648,0.03946466224838579,0.07508534406011963,0.9473527807418922,-32.24781848219525
119,120.0,0.512130658935878,5.906366891885445,0.20838257326055207,0.4579537843757196,0.039464662250173504,0.07508534406182027,0.9473527589748255,-32.247818481878156
120,121.0,0.8179653365537984,1.312449234059027,0.20838340930861413,0.4579536028451402,0.03946466224943106,0.07508534406111397,0.9473527685365429,-32.24781848200985
121,122.0,0.8282385703380206,0.5258947387732785,0.20838333360124953,0.4579533904147112,0.0394646622490578,0.0750853440607589,0.9473527853253703,-32.247818482076056
122,123.0,0.3198949688879742,6.5976935229421985,0.3198949688879742,6.5976935229421985,2.6865892590921754,0.6195147016694572,4.406595910388944e-08,-2.7034638536057125
123,124.0,0.6450809036758848,5.69208170902544,0.20838299773091631,0.45795347335738246,0.03946466224838303,0.075085344060117,0.9473527807127136,-32.24781848219574
124,125.0,0.3429868345341427,6.409151860915301,0.34301321343322166,6.409150262194136,2.686588795775917,0.6195146482501924,2.4787815866567087e-07,-2.703465060792139
125,126.0,0.12023591997210892,3.328902420241613,0.12023591997210892,3.328902420241613,2.6865893456865466,0.6195147116535821,5.826729543301212e-09,-2.703463627981127
126,127.0,0.8343285563922344,7.610519493084091,0.20838301585160798,0.4579533694209824,0.03946466224841743,0.07508534406014974,0.947352788633791,-32.247818482189636
127,128.0,0.3657970071829668,7.122828018030511,0.36580722123479875,7.122827396305613,2.68658913707699,0.6195146876013964,9.376473875111202e-08,-2.703464171520449
128,129.0,0.40618010358010626,5.171212924457782,0.208382976263493,0.45795341421618585,0.039464662248397675,0.07508534406013095,0.9473527853887372,-32.247818482193146
129,130.0,0.11523016840649059,0.5604631617750742,0.20838293101751101,0.4579534093907606,0.03946466224843309,0.07508534406016465,0.9473527860012954,-32.24781848218686
130,131.0,0.8253390097461047,9.239824002924427,0.20838316837035642,0.4579535839440447,0.03946466224859218,0.075085344060316,0.947352771275631,-32.24781848215864
131,132.0,0.6896328000934221,7.114671715702512,0.20838301359384123,0.45795341397018713,0.03946466224838963,0.0750853440601233,0.9473527852093946,-32.24781848219457
132,133.0,0.8497790943199511,7.523581981809044,0.208383021676649,0.4579537302668934,0.03946466224871971,0.07508534406043729,0.9473527607681884,-32.24781848213602
133,134.0,0.23020990928750962,5.0756932705933,0.23020990928750962,5.0756932705933,2.6865892877051705,0.6195147049684675,3.510744284174194e-08,-2.7034637790535783
134,135.0,0.8092772306147865,6.924752178290872,0.20838304063685073,0.4579534262853299,0.03946466224839006,0.0750853440601237,0.9473527841157603,-32.24781848219449
135,136.0,0.8140621757132801,7.13395519420141,0.2083830846507273,0.4579533386861684,0.039464662248483086,0.07508534406021218,0.947352790639011,-32.24781848217799
136,137.0,0.40290460338603407,1.907344643991478,0.20838299378293432,0.4579535027797021,0.03946466224839222,0.07508534406012572,0.9473527784641324,-32.247818482194106
137,138.0,0.09599352722417664,9.065284055996944,0.09599352722417664,9.065284055996944,2.68658935546875,0.6195147127814468,3.3306690738754696e-16,-2.7034636024932626
138,139.0,0.2872200457001295,8.045036018190032,0.2872200457001295,8.045036018190032,2.6865893553873956,0.6195147127720669,3.89294152469688e-11,-2.7034636027052334
139,140.0,0.6308471187625463,6.441538221596958,0.20838245875702832,0.45795354525707765,0.03946466225038743,0.0750853440620238,0.9473527780273413,-32.24781848184021
140,141.0,0.9915674550625844,8.960520537510073,0.20838300473753502,0.45795346222905964,0.03946466224838088,0.07508534406011497,0.9473527815338976,-32.247818482196124
141,142.0,0.8423708937527692,2.312363290643308,0.20838277765120444,0.4579530933046519,0.039464662249305435,0.0750853440609945,0.9473528111976739,-32.24781848203213
142,143.0,0.6961838959524045,7.193626875491594,0.20838300332445509,0.45795347736156394,0.03946466224838267,0.07508534406011667,0.9473527803741266,-32.247818482195804
143,144.0,0.3480995455057023,3.5659061584611296,0.20838345358024596,0.45795427593518817,0.0394646622524926,0.07508534406402645,0.9473527163807807,-32.24781848146681
144,145.0,0.8271935299334615,0.36791425865921196,0.20838299966214666,0.45795345238499835,0.03946466224838173,0.07508534406011577,0.9473527823202034,-32.247818482195974
145,146.0,0.6894104184604891,2.0839486147885204,0.20838277765120444,0.4579530933046519,0.039464662249305435,0.0750853440609945,0.9473528111976739,-32.24781848203213
146,147.0,0.5154682281145458,6.205943483049331,0.2083830410575029,0.45795348549064574,0.03946466224838769,0.07508534406012145,0.9473527795466018,-32.24781848219491
147,148.0,0.45342290231461313,5.828084073105439,0.20838338199050482,0.45795342624181545,0.03946466224924565,0.07508534406093763,0.9473527823044279,-32.24781848204274
148,149.0,0.5970901817150365,6.014182742365529,0.20838338787920369,0.45795411883387777,0.03946466225114287,0.07508534406274243,0.9473527288486309,-32.24781848170622
149,150.0,0.38581547888678835,0.28558208781194044,0.2083830063371994,0.4579534640967627,0.039464662248380786,0.07508534406011487,0.9473527813813298,-32.24781848219614
150,151.0,0.3256454061930376,1.8940180472191097,0.20838328893331645,0.45795418110513925,0.039464662251161464,0.0750853440627601,0.9473527245712807,-32.24781848170292
151,152.0,0.3286004330552822,8.922233754070312,0.3286004330552822,8.922233754070312,2.6865893553374898,0.619514712766313,5.929712276753207e-11,-2.7034636028352645
152,153.0,0.4211520744331415,3.701301828882617,0.2083832084310417,0.45795314470246784,0.03946466224910784,0.07508534406080651,0.947352804944307,-32.247818482067174
153,154.0,0.7759118788752192,6.11644915445997,0.20838300569549428,0.45795343675897415,0.03946466224838291,0.07508534406011687,0.9473527834934967,-32.24781848219576
154,155.0,0.2324213828899755,3.114039193570562,0.20838341131355176,0.4579542647664121,0.03946466225220646,0.07508534406375426,0.9473527174671119,-32.24781848151756
155,156.0,0.10057707867386845,9.957386772183227,0.10057707867386845,9.957386772183227,2.68658935546875,0.6195147127814468,3.3306690738754696e-16,-2.7034636024932626
156,157.0,0.2121828573891955,1.6209689377160454,0.20838303533775301,0.45795351752885183,0.03946466224839824,0.07508534406013144,0.9473527771056564,-32.24781848219305
157,158.0,0.5226373111969871,3.4516347174367237,0.20838295247814478,0.45795345117052666,0.03946466224840428,0.07508534406013721,0.9473527826645324,-32.24781848219197
158,159.0,0.5216356392929841,5.094630737706967,0.2083829595056034,0.457953799446106,0.039464662248944946,0.07508534406065155,0.9473527557621143,-32.247818482096065
159,160.0,0.591349454549007,2.9361467547814146,0.20838299199756455,0.45795346635070927,0.03946466224838368,0.07508534406011762,0.9473527812836464,-32.247818482195626
160,161.0,0.10885584320632768,8.26806856047211,0.10885584320632768,8.26806856047211,2.68658935546875,0.6195147127814468,3.3306690738754696e-16,-2.7034636024932626
161,162.0,0.19615025323314483,6.707492956815402,0.19615025323314483,6.707492956815402,2.6865893554680387,0.6195147127813648,3.8602454566216693e-13,-2.703463602495116
162,163.0,0.08774875117150394,6.229349339367136,0.08774875117150394,6.229349339367136,2.68658935546875,0.6195147127814468,3.3306690738754696e-16,-2.7034636024932626
163,164.0,0.00140814719771154,4.47374287060653,0.00140814719771154,4.47374287060653,2.68658935546875,0.6195147127814468,3.3306690738754696e-16,-2.7034636024932626
164,165.0,0.8209015957732956,8.059489499767118,0.20838292059090496,0.45795316611091896,0.03946466224881755,0.07508534406053037,0.947352804822546,-32.24781848211867
165,166.0,0.613227446912664,4.2410706684631645,0.20838302144403298,0.4579534421521427,0.03946466224838195,0.07508534406011597,0.9473527829938149,-32.24781848219593
166,167.0,0.5586452417907323,1.9499245379012347,0.20838291225699032,0.45795335468355997,0.039464662248490434,0.0750853440602192,0.9473527903208949,-32.24781848217668
167,168.0,0.5397521161473027,8.342840461712685,0.20838293359661064,0.45795333526083476,0.0394646622484867,0.07508534406021562,0.9473527917057633,-32.24781848217735
168,169.0,0.672523728565117,3.599822885860367,0.20838300780821417,0.45795344941623195,0.039464662248380925,0.075085344060115,0.9473527825059286,-32.24781848219611
169,170.0,0.25643219423609676,4.8341444626559475,0.2564991628889774,4.834140110581664,2.6865882356623723,0.6195145836704241,5.593578209506234e-07,-2.703466520187499
170,171.0,0.9269266841043964,0.20236148961011075,0.20838306415033364,0.457953012613138,0.039464662249329256,0.07508534406101713,0.9473528159001049,-32.2478184820279
171,172.0,0.4228080112435396,0.18832808421033556,0.20838277353115872,0.45795200787956525,0.03946466225829515,0.07508534406954637,0.9473528949449438,-32.247818480437594
172,173.0,0.5742905529063964,2.7732858791926778,0.2083834687997044,0.457952967734806,0.03946466225092024,0.07508534406253066,0.9473528172100016,-32.2478184817457
173,174.0,0.4287745955939283,1.945462791167464,0.2083831232738436,0.45795330943485674,0.03946466224856754,0.07508534406029255,0.9473527926900991,-32.24781848216301
174,175.0,0.5820304346398919,1.0698253981541286,0.20838244671066558,0.4579532858784455,0.039464662250498904,0.07508534406212986,0.947352798099156,-32.24781848182044
175,176.0,0.5602891236290635,9.938465528430383,0.5603055105208246,9.938464507025285,2.686588791249859,0.6195146477283486,1.8982381355669986e-07,-2.7034650725849403
176,177.0,0.623972863677912,7.506885549046613,0.2083830482217984,0.45795363799045485,0.0394646622485324,0.0750853440602591,0.9473527677451269,-32.247818482169244
177,178.0,0.3003077034281194,2.7071210938104913,0.20838265021736596,0.4579534575473126,0.0394646622492161,0.07508534406090951,0.9473527837774021,-32.247818482047975
178,179.0,0.3364283961955854,9.083900915542445,0.3364283961955854,9.083900915542445,2.6865893553250464,0.6195147127648781,6.422207210476927e-11,-2.7034636028676875
179,180.0,0.1781902778499148,9.611376885682288,0.1781902778499148,9.611376885682288,2.68658935546875,0.6195147127814468,3.3306690738754696e-16,-2.7034636024932626
180,181.0,0.696220741936593,6.350142111709823,0.2083830375741425,0.4579534850091972,0.03946466224838653,0.07508534406012034,0.947352779602247,-32.24781848219512
181,182.0,0.7666439666244241,5.1899187760770165,0.20838299241660313,0.4579535398915414,0.03946466224841442,0.07508534406014686,0.9473527756086862,-32.24781848219017
182,183.0,0.4160412127119024,9.43179570069294,0.4160412127119024,9.43179570069294,2.6865893487144814,0.6195147120026958,2.71253330907939e-09,-2.703463620091739
183,184.0,0.962386259429972,9.841775851004478,0.2083827318344038,0.4579544144592438,0.039464662253248343,0.0750853440647454,0.9473527095296728,-32.24781848133276
184,185.0,0.950144713602329,8.365494525745458,0.20838306869497739,0.45795337395929836,0.039464662248434985,0.07508534406016643,0.947352788002942,-32.247818482186524
185,186.0,0.9777544493861257,7.215734513539173,0.2083840374766398,0.4579535621652997,0.039464662254982824,0.07508534406639539,0.9473527683297139,-32.24781848102511
186,187.0,0.19535249053983328,1.7215301771441534,0.20838299367524304,0.4579534739797238,0.039464662248384096,0.07508534406011799,0.9473527806862535,-32.24781848219555
187,188.0,0.057039887665525923,3.6322916954715625,0.057039887665525923,3.6322916954715625,2.68658935546875,0.6195147127814468,3.3306690738754696e-16,-2.7034636024932626
188,189.0,0.6817778281229226,1.8676356755033336,0.2083836230255202,0.4579539687981628,0.039464662251755794,0.0750853440633255,0.9473527391709606,-32.2478184815975
189,190.0,0.8817192860216053,6.597952330634292,0.20838300662427547,0.45795346366267076,0.03946466224838072,0.07508534406011483,0.9473527814132894,-32.247818482196145
190,191.0,0.5560848010729859,1.7067639089555735,0.2083831462607737,0.45795355712041924,0.039464662248527946,0.0750853440602549,0.947352773462239,-32.24781848217003
191,192.0,0.07976360512476299,4.6392360006024855,0.07976360512476299,4.6392360006024855,2.68658935546875,0.6195147127814468,3.3306690738754696e-16,-2.7034636024932626
192,193.0,0.4113866046043655,5.658559520271799,0.20838304973027363,0.45795397851618747,0.03946466224962617,0.07508534406129962,0.9473527414697762,-32.24781848197524
193,194.0,0.16990778575616394,8.160958686334636,0.16990778575616394,8.160958686334636,2.68658935546875,0.6195147127814468,3.3306690738754696e-16,-2.7034636024932626
194,195.0,0.1651798235334384,8.436305434897479,0.1651798235334384,8.436305434897479,2.68658935546875,0.6195147127814468,3.3306690738754696e-16,-2.7034636024932626
195,196.0,0.5019288019672751,2.0773981098912175,0.20838324378948117,0.4579530967862254,0.03946466224936418,0.07508534406105036,0.9473528084523881,-32.24781848202171
196,197.0,0.4364660585609149,2.797391924957736,0.2083828619603728,0.45795239119299697,0.03946466225371148,0.07508534406518597,0.9473528649082148,-32.24781848125061
197,198.0,0.6248002513679554,7.427943835690788,0.2083827620986881,0.45795421729853114,0.039464662251542035,0.07508534406312219,0.9473527245778198,-32.24781848163541
198,199.0,0.038830870100547976,7.773100824241802,0.038830870100547976,7.773100824241802,2.68658935546875,0.6195147127814468,3.3306690738754696e-16,-2.7034636024932626
199,200.0,0.03158455268842786,2.3429144308200027,0.03158455268842786,2.3429144308200027,2.68658935546875,0.6195147127814468,3.3306690738754696e-16,-2.7034636024932626
200,201.0,0.5468262565026388,0.15226602778334022,0.20838348843528634,0.4579538446234879,0.039464662250389713,0.07508534406202595,0.9473527494655987,-32.24781848183981
201,202.0,0.14620270583504336,3.9835943808681207,0.14620270583504336,3.9835943808681207,2.686589351736255,0.6195147123510991,2.158270562269138e-09,-2.703463612218405
202,203.0,0.051342021819122174,0.958874260342147,0.20838267125949753,0.45795216657192056,0.03946466225660859,0.075085344067942,0.9473528832472122,-32.24781848073674
203,204.0,0.28900625702160454,4.204262252481194,0.20838300435409596,0.45795349065308594,0.03946466224838566,0.0750853440601195,0.9473527793433865,-32.24781848219527
204,205.0,0.5449097545783607,8.379785235154035,0.20838306883373872,0.45795338035974925,0.03946466224843005,0.07508534406016172,0.9473527875084938,-32.2478184821874
205,206.0,0.929541722878618,5.882254735243887,0.20838249908482329,0.4579538329492748,0.03946466225080445,0.07508534406242053,0.9473527556213773,-32.247818481766245
206,207.0,0.15983796637766357,6.103973174569648,0.15983796637766357,6.103973174569648,2.6865893554687115,0.6195147127814423,2.1760371282653068e-14,-2.703463602493363
207,208.0,0.9880397216867605,8.554437554834271,0.20838236994773868,0.45795367425448463,0.0394646622512883,0.07508534406288077,0.9473527685476044,-32.24781848168042
208,209.0,0.49949614546653864,7.90895208574635,0.20838295025299755,0.4579535942089539,0.03946466224849515,0.07508534406022369,0.9473527716427536,-32.24781848217585
209,210.0,0.6725758369872572,3.517675858069659,0.20838292240385625,0.4579534518090056,0.039464662248433306,0.07508534406016486,0.9473527827750211,-32.24781848218682
210,211.0,0.06273662918519152,4.337776324627654,0.06273662918519152,4.337776324627654,2.68658935546875,0.6195147127814468,3.3306690738754696e-16,-2.7034636024932626
211,212.0,0.42381484761568367,4.85552675543837,0.2083828922044322,0.4579538034252662,0.03946466224904504,0.07508534406074681,0.9473527558125896,-32.247818482078316
212,213.0,0.15274742745029957,4.90316121953622,0.15274742745029957,4.90316121953622,2.686589355446624,0.6195147127788957,1.2693623929749265e-11,-2.7034636025509133
213,214.0,0.7547907063251397,1.1350763167856472,0.20838301429456357,0.4579541180958302,0.03946466225038862,0.07508534406202491,0.9473527308911207,-32.24781848184
214,215.0,0.7011248786241908,4.671454086263686,0.20838293435130179,0.4579533571476708,0.03946466224846409,0.07508534406019413,0.9473527900134687,-32.24781848218136
215,216.0,0.6688299103952048,8.673320028990924,0.20838299864171486,0.4579534675944188,0.03946466224838218,0.07508534406011622,0.9473527811524135,-32.24781848219589
216,217.0,0.04082322270386651,1.1987945490656033,0.20838310886400807,0.4579532597551416,0.039464662248630496,0.07508534406035244,0.9473527965988114,-32.24781848215184
217,218.0,0.7625488898900364,7.946049814946365,0.2083831064910045,0.45795346578480595,0.03946466224843391,0.07508534406016541,0.9473527807189543,-32.247818482186716
218,219.0,0.8032905082252288,1.274001408853468,0.20838273260100593,0.4579533026668821,0.039464662248970175,0.07508534406067556,0.9473527952872424,-32.247818482091596
219,220.0,0.8589139028155466,8.717092084977125,0.2083809143997539,0.4579527630467446,0.03946466227766909,0.07508534408797682,0.9473528465369861,-32.247818477001154
220,221.0,0.7732509660068074,4.98865158714659,0.2083839403250718,0.4579585964184361,0.03946466237327733,0.07508534417892875,0.9473523805062833,-32.24781846004275
221,222.0,0.37507997604234,0.2455709548796173,0.20838301482306992,0.45795345025839984,0.0394646622483806,0.07508534406011472,0.9473527824036981,-32.24781848219617
222,223.0,0.7986358102478508,8.120101912167918,0.2083846505288301,0.4579540503324399,0.039464662266381255,0.07508534407723869,0.9473527274042414,-32.24781847900332
223,224.0,0.7652111236844379,0.9354942779559344,0.208383970819368,0.4579531022877475,0.03946466225492784,0.07508534406634308,0.9473528041577811,-32.247818481034855
224,225.0,0.1128994982674637,3.4417300641886928,0.1128994982674637,3.4417300641886928,2.686589354468219,0.6195147126660879,6.006286579207654e-10,-2.70346360510018
225,226.0,0.9934985369774123,5.477741385231026,0.20838300623205191,0.457953456392303,0.039464662248380675,0.07508534406011477,0.9473527819761882,-32.24781848219616
226,227.0,0.4231742872255114,8.536584311613977,0.4231742872255114,8.536584311613977,2.6865892761051122,0.6195147036310084,3.157821748533962e-08,-2.703463809277925
227,228.0,0.6969244730592254,0.3032792172845524,0.20838292701050085,0.4579535274504736,0.03946466224845305,0.07508534406018362,0.9473527769157765,-32.24781848218332
228,229.0,0.43268626776983443,7.887959974454589,0.4327062517842882,7.887958731004794,2.6865888247812615,0.61951465159444,2.085713346478002e-07,-2.703464985217712
229,230.0,0.0695029410728999,7.20950414499348,0.0695029410728999,7.20950414499348,2.68658935546875,0.6195147127814468,3.3306690738754696e-16,-2.7034636024932626
230,231.0,0.2814708980962911,3.4531871374779253,0.20838292546836612,0.45795345321936504,0.039464662248429795,0.07508534406016153,0.9473527826499535,-32.24781848218744
231,232.0,0.656713741895141,9.68563189768662,0.2083830182240344,0.45795323082857753,0.03946466224862157,0.07508534406034394,0.9473527993117665,-32.24781848215343
232,233.0,0.1923497463807452,3.1322162869192978,0.20838297260147878,0.45795347699085115,0.03946466224839303,0.07508534406012654,0.9473527805659321,-32.24781848219396
233,234.0,0.7822600399279277,7.0675007124019436,0.2083838578189349,0.4579535244468353,0.03946466225286316,0.07508534406437893,0.9473527721964452,-32.247818481401076
234,235.0,0.8378178818565436,4.822943503905633,0.20838294350022482,0.4579537923678648,0.03946466224893812,0.07508534406064507,0.9473527563931212,-32.24781848209728
235,236.0,0.6921401707106346,9.157405711166506,0.2083829983789463,0.4579534546703142,0.03946466224838188,0.07508534406011591,0.9473527821507378,-32.24781848219594
236,237.0,0.004986822272088132,2.4337676047880787,0.004986822272088132,2.4337676047880787,2.68658935546875,0.6195147127814468,3.3306690738754696e-16,-2.7034636024932626
237,238.0,0.9804479427106493,4.45226297056543,0.20838301037798654,0.45795377281483257,0.039464662248836276,0.07508534406054819,0.9473527575461667,-32.24781848211535
238,239.0,0.20210384122805503,3.6521693629178547,0.20838305817088704,0.4579536411255906,0.03946466224854154,0.07508534406026779,0.9473527674504298,-32.247818482167624
239,240.0,0.2431157206629947,6.795312177770138,0.2431157206629947,6.795312177770138,2.6865893553181115,0.6195147127640787,7.666145496187937e-11,-2.7034636028857557
240,241.0,0.49039664029925467,3.501313448670403,0.2083829987355041,0.45795329309577004,0.039464662248507684,0.0750853440602356,0.9473527946122172,-32.24781848217363
241,242.0,0.37153220965072165,2.770677163344808,0.20838277765120444,0.4579530933046519,0.039464662249305435,0.0750853440609945,0.9473528111976739,-32.24781848203213
242,243.0,0.07446232383844609,6.978922932142017,0.07446232383844609,6.978922932142017,2.68658935546875,0.6195147127814468,3.3306690738754696e-16,-2.7034636024932626
243,244.0,0.3632439683415537,4.0056141129355085,0.20838300867194665,0.45795345552522393,0.03946466224838046,0.07508534406011458,0.94735278203011,-32.247818482196195
244,245.0,0.8668970067837335,8.01715988450539,0.20838300533867588,0.45795358056813773,0.03946466224844966,0.0750853440601804,0.9473527724023575,-32.247818482183916
245,246.0,0.14566097816541212,3.993833557967163,0.14566097816541212,3.993833557967163,2.686589352248691,0.6195147124101817,1.8631661768964136e-09,-2.7034636108832357
246,247.0,0.2916306486034721,0.6407451363749935,0.20838233871646167,0.4579529522464601,0.039464662252264415,0.07508534406380937,0.9473528244073827,-32.24781848150728
247,248.0,0.6665059631186369,3.406379590274581,0.20838294855144743,0.45795350621299036,0.039464662248419394,0.0750853440601516,0.9473527784395664,-32.24781848218929
248,249.0,0.9147692707272964,8.765622995673462,0.208382969807916,0.45795373357056235,0.03946466224874772,0.07508534406046392,0.9473527607888796,-32.24781848213105
249,250.0,0.13244667580790404,5.60677677101597,0.13244667580790404,5.60677677101597,2.686589355468748,0.6195147127814467,1.2212453270876722e-15,-2.703463602493269
250,251.0,0.5245916297574349,8.080901953017742,0.20838255610702394,0.4579524436683883,0.03946466225422244,0.07508534406567204,0.9473528624843359,-32.24781848115998
251,252.0,0.0801275012808107,1.208496937511901,0.20838286669827621,0.45795361697073556,0.039464662248645324,0.07508534406036652,0.9473527703307053,-32.24781848214921
252,253.0,0.20539428466805265,5.069550532581104,0.20539428466805265,5.069550532581104,2.686589347654995,0.6195147118805395,4.187748259276702e-09,-2.703463622852267
253,254.0,0.5497809974674441,6.064169755669096,0.20838300754013495,0.4579534577404147,0.039464662248380536,0.07508534406011463,0.9473527818652494,-32.24781848219618
254,255.0,0.5322115864070638,1.9191675264971275,0.208382722514667,0.45795339676540703,0.03946466224892541,0.07508534406063296,0.947352788082268,-32.24781848209954
255,256.0,0.571375180112461,2.0595058060604305,0.20838363816380812,0.4579535533373544,0.03946466225084765,0.0750853440624616,0.947352771137617,-32.24781848175858
256,257.0,0.4073405464151808,8.781664575654549,0.4073405464151808,8.781664575654549,2.686589334037973,0.6195147103105293,8.705265952535512e-09,-2.7034636583318816
257,258.0,0.8054080843871461,2.549239501701244,0.20838277765120444,0.4579530933046519,0.039464662249305435,0.0750853440609945,0.9473528111976739,-32.24781848203213
258,259.0,0.871545138103215,6.257506922681082,0.20838303980502235,0.4579534856815619,0.039464662248387336,0.07508534406012111,0.9473527795385297,-32.24781848219497
259,260.0,0.2920012258773028,5.617882882430514,0.29202898145293305,5.617881194891506,2.6865888559301827,0.6195146551858367,2.3743613108972994e-07,-2.703464904058122
260,261.0,0.22778692497670783,7.516395415093324,0.22778692497670783,7.516395415093324,2.6865893554675084,0.6195147127813038,6.45039577307216e-13,-2.7034636024964973
261,262.0,0.6405394001573551,8.887530516341375,0.20838297680147863,0.4579534884774978,0.03946466224839369,0.07508534406012717,0.9473527796575737,-32.24781848219385
262,263.0,0.48731640945356447,8.026434567734604,0.4873919490281997,8.026429505118031,2.686586861213276,0.6195144251996624,9.151256109563022e-07,-2.7034701013638047
263,264.0,0.5968366813742408,3.374092540116071,0.20838295224234266,0.45795350056102263,0.039464662248413794,0.07508534406014629,0.9473527788559392,-32.24781848219028
264,265.0,0.31072152239389506,2.1499487402505184,0.2083829811487923,0.45795368545604764,0.03946466224862821,0.07508534406035025,0.9473527644400762,-32.24781848215225
265,266.0,0.1010250774563134,9.746056091022625,0.1010250774563134,9.746056091022625,2.68658935546875,0.6195147127814468,3.3306690738754696e-16,-2.7034636024932626
266,267.0,0.3572600061769703,2.521204822153327,0.208382878952867,0.4579534788215979,0.0394646622484989,0.07508534406022725,0.9473527809221045,-32.24781848217519
267,268.0,0.9276150107347991,7.5404292418077254,0.20838294623822418,0.4579539414479483,0.03946466224950301,0.07508534406118243,0.9473527448788621,-32.247818481997086
268,269.0,0.9201048354573649,9.067212675852758,0.20838299830585044,0.45795345484278815,0.03946466224838189,0.07508534406011591,0.9473527821378219,-32.24781848219594
269,270.0,0.7467572050815972,6.845151844648496,0.20838300864662523,0.45795345312571956,0.03946466224838059,0.07508534406011472,0.9473527822153353,-32.24781848219617
270,271.0,0.8565330114804272,3.215324626088575,0.2083830452360649,0.45795345833274526,0.039464662248386344,0.07508534406012017,0.947352781619281,-32.24781848219515
271,272.0,0.23293994515995797,6.522491451283895,0.23293994515995797,6.522491451283895,2.6865893553004856,0.6195147127620463,8.684752916821026e-11,-2.7034636029316808
272,273.0,0.04670244775543897,5.7246030769928025,0.04670244775543897,5.7246030769928025,2.68658935546875,0.6195147127814468,3.3306690738754696e-16,-2.7034636024932626
273,274.0,0.030201212931106225,0.4184766965078657,0.20838289435591578,0.45795338006603103,0.039464662248494625,0.07508534406022317,0.9473527884580373,-32.247818482175944
274,275.0,0.014607488339120511,1.3017139516481646,0.014607488339120511,1.3017139516481646,2.6865893533268848,0.6195147125344947,1.3598231429767793e-09,-2.7034636080739656
275,276.0,0.3727452176511684,4.187328272307773,0.20838300940596452,0.45795345317840175,0.03946466224838053,0.07508534406011462,0.9473527822072374,-32.24781848219618
276,277.0,0.32754063696473956,0.324287112804751,0.20838313977968595,0.4579534271229671,0.03946466224848669,0.07508534406021562,0.9473527835242918,-32.24781848217735
277,278.0,0.3050041262507508,4.246183227955932,0.20838312708990628,0.45795352748831664,0.03946466224847826,0.07508534406020761,0.9473527758498591,-32.24781848217884
278,279.0,0.10427914325916743,8.889806788544233,0.10427914325916743,8.889806788544233,2.68658935546875,0.6195147127814468,3.3306690738754696e-16,-2.7034636024932626
279,280.0,0.2749425837542604,5.261736035671514,0.2749811306976957,5.261733593180844,2.686588689159727,0.6195146359575981,3.243429691490718e-07,-2.703465338584314
280,281.0,0.7356936544762931,5.219833904046419,0.2083829683692743,0.45795273769677997,0.03946466225078139,0.07508534406239856,0.9473528376150552,-32.24781848177033
281,282.0,0.908373927612005,2.573237964768631,0.20838277765120444,0.4579530933046519,0.039464662249305435,0.0750853440609945,0.9473528111976739,-32.24781848203213
282,283.0,0.5996286027739886,6.814728076096703,0.20838298058941582,0.4579534532075015,0.039464662248387405,0.07508534406012117,0.9473527823580794,-32.247818482194965
283,284.0,0.27603468625362826,5.611004642548147,0.2760471207515106,5.611003932005406,2.6865891555176926,0.6195146897275656,9.718628724009193e-08,-2.7034641234725667
284,285.0,0.17908486242089627,6.070550507448132,0.17908486242089627,6.070550507448132,2.6865893554672535,0.6195147127812742,8.305578447220796e-13,-2.7034636024971617
285,286.0,0.8217706238023956,6.630289237953087,0.20838312712866539,0.4579529780740882,0.039464662249559246,0.07508534406123596,0.9473528182295944,-32.24781848198711
286,287.0,0.5275821902823669,8.531679851871592,0.20838248450081945,0.45795443392420343,0.03946466225482165,0.07508534406624204,0.9473527093401117,-32.2478184810537
287,288.0,0.8606170956672528,0.5045580229974773,0.20838288207408362,0.4579533380050643,0.039464662248549526,0.0750853440602754,0.9473527917677265,-32.2478184821662
288,289.0,0.8817336916812971,9.951997561901319,0.2083829938590567,0.45795346779126644,0.039464662248383325,0.0750853440601173,0.9473527811626369,-32.24781848219568
289,290.0,0.2926808800726308,5.073643950586675,0.20838287688328905,0.45795350690198305,0.03946466224851335,0.07508534406024099,0.9473527787670478,-32.24781848217262
290,291.0,0.8838141316740169,2.1325831565566493,0.20838277765120444,0.4579530933046519,0.039464662249305435,0.0750853440609945,0.9473528111976739,-32.24781848203213
291,292.0,0.2412121383393553,7.9219880181108016,0.2412121383393553,7.9219880181108016,2.6865893554675857,0.6195147127813126,5.943023850818463e-13,-2.7034636024962957
292,293.0,0.4882114422505329,0.030272292788074518,0.2083830086671783,0.4579534516646248,0.03946466224838067,0.07508534406011477,0.9473527823279306,-32.24781848219616
293,294.0,0.3894717295930936,1.1914453981357367,0.2083829868455888,0.45795347138383996,0.039464662248385844,0.0750853440601197,0.9473527809227741,-32.24781848219524
294,295.0,0.8848394234238639,8.1785538624005,0.20838300376837032,0.45795353020229496,0.03946466224840475,0.07508534406013766,0.9473527762957831,-32.24781848219189
295,296.0,0.20519689615554992,1.4091938439891303,0.2083832323789826,0.45795283752035193,0.03946466225053916,0.07508534406216814,0.9473528285117845,-32.2478184818133
296,297.0,0.5652500521168258,7.204262749155177,0.20838300581081592,0.4579534706018955,0.03946466224838136,0.07508534406011542,0.9473527808823392,-32.24781848219604
297,298.0,0.7815921375167754,5.881479800801511,0.20838238575815293,0.45795390305932515,0.03946466225193381,0.07508534406349487,0.9473527508140932,-32.24781848156592
298,299.0,0.8965830333042145,2.1317266994072033,0.20838277765120444,0.4579530933046519,0.039464662249305435,0.0750853440609945,0.9473528111976739,-32.24781848203213
299,300.0,0.9262088773324685,3.9424592472038573,0.20838304863332946,0.4579534801835886,0.03946466224838943,0.0750853440601231,0.9473527799157205,-32.2478184821946
300,301.0,0.11290242532623529,3.2961444693394597,0.11290242532623529,3.2961444693394597,2.686589351833849,0.6195147123623513,2.1820594220400835e-09,-2.7034636119641213
301,302.0,0.5759558557430184,0.5238593212752047,0.20838263541033575,0.4579542596386446,0.03946466225241162,0.0750853440639494,0.9473527219839875,-32.247818481481175
302,303.0,0.7260559612775509,8.268674746119554,0.2083829782506371,0.4579541807998594,0.03946466225081097,0.07508534406242667,0.9473527262456863,-32.24781848176509
303,304.0,0.3025511886628097,1.1601916308722322,0.208382999341739,0.45795343551684325,0.03946466224838401,0.07508534406011792,0.9473527836230662,-32.24781848219556
304,305.0,0.8046207990725135,7.336698916805998,0.20838324489054336,0.4579532206066157,0.03946466224900848,0.07508534406071202,0.9473527988954921,-32.2478184820848
305,306.0,0.25171915359563235,2.3634210057766243,0.20838293512715209,0.4579534087289893,0.03946466224842926,0.075085344060161,0.9473527860305142,-32.24781848218753
306,307.0,0.1183660432075947,6.833297541019577,0.1183660432075947,6.833297541019577,2.68658935546875,0.6195147127814468,3.3306690738754696e-16,-2.7034636024932626
307,308.0,0.6195368800577113,2.2294880215196136,0.20838318561991653,0.4579537015758855,0.039464662248815605,0.07508534406052852,0.947352762110163,-32.24781848211901
308,309.0,0.9099342077730551,3.757997325290822,0.20838307343335674,0.45795320756546504,0.03946466224870274,0.07508534406042115,0.9473528008128403,-32.24781848213903
309,310.0,0.37332256376351936,7.995965613588805,0.37332256376351936,7.995965613588805,2.6865893257163975,0.6195147093510714,1.2645022029467157e-08,-2.70346368001403
310,311.0,0.23127818936074263,9.38889626799119,0.23127818936074263,9.38889626799119,2.686589355468749,0.6195147127814468,5.551115123125783e-16,-2.7034636024932652
311,312.0,0.9627550268417209,6.1581731623479365,0.20838304116517484,0.4579534851593651,0.03946466224838763,0.07508534406012139,0.9473527795715838,-32.24781848219492
312,313.0,0.25229801565467014,7.302094072094329,0.25229801565467014,7.302094072094329,2.6865893554198172,0.619514712775805,2.458622194723148e-11,-2.703463602620759
313,314.0,0.47394751126405,8.99529917595524,0.47394751126405,8.99529917595524,2.6865891431597193,0.6195146883027207,7.919949451817843e-08,-2.703464155671689
314,315.0,0.05346293064251051,1.8859048080737268,0.05350418653009867,1.8859023655830578,2.6865892215509795,0.6195146973410466,8.436186993421302e-08,-2.70346395142058
315,316.0,0.16283526248671965,0.393146947055899,0.2083831021438741,0.45795349051186757,0.0394646622484322,0.0750853440601638,0.947352778834685,-32.24781848218702
316,317.0,0.26482558290468405,8.92589486956607,0.26482558290468405,8.92589486956607,2.6865893554683957,0.619514712781406,1.7486012637846216e-13,-2.7034636024941854
317,318.0,0.9815341351039092,1.2221000847958488,0.20838293966995378,0.457953615803414,0.03946466224853518,0.07508534406026175,0.9473527700332227,-32.24781848216875
318,319.0,0.7767519300507971,2.8130489605462285,0.20838257278442635,0.45795347493908034,0.03946466224961494,0.07508534406128893,0.9473527828466963,-32.247818481977234
319,320.0,0.5562627241436632,7.849735942598125,0.20838290127827772,0.4579531720940621,0.039464662248824,0.0750853440605365,0.9473528044636044,-32.24781848211752
320,321.0,0.5427911822996131,3.6685394309173054,0.20838302135648928,0.45795355426020057,0.03946466224842214,0.07508534406015419,0.9473527743465839,-32.247818482188805
321,322.0,0.6833767230168978,4.047064964959973,0.20838301235681234,0.45795346340316284,0.03946466224838037,0.07508534406011447,0.947352781402852,-32.24781848219621
322,323.0,0.008668497525703311,7.379605800416763,0.008668497525703311,7.379605800416763,2.68658935546875,0.6195147127814468,3.3306690738754696e-16,-2.7034636024932626
323,324.0,0.6110556346770324,0.6937492204402973,0.2083829979654188,0.45795345325806064,0.039464662248382035,0.07508534406011606,0.9473527822618718,-32.24781848219592
324,325.0,0.4707481782683606,5.2649705161904,0.20838299820327466,0.45795349403481617,0.03946466224838788,0.07508534406012163,0.9473527791152055,-32.24781848219488
325,326.0,0.5389675893918705,0.6113957069381862,0.2083830085588019,0.45795345320019015,0.0394646622483806,0.07508534406011469,0.9473527822100574,-32.24781848219617
326,327.0,0.2615606097159747,7.155907724957707,0.2615606097159747,7.155907724957707,2.6865893552581213,0.6195147127571619,1.0447065434959768e-10,-2.7034636030420627
327,328.0,0.6658137473742185,9.902213989030011,0.2083830613716709,0.4579536453103017,0.03946466224855009,0.07508534406027595,0.9473527671106259,-32.2478184821661
328,329.0,0.7186959578769417,2.116501529510851,0.20838277765120444,0.4579530933046519,0.039464662249305435,0.0750853440609945,0.9473528111976739,-32.24781848203213
329,330.0,0.6059904973692051,5.509866796053645,0.208382954398759,0.4579532329504698,0.03946466224863188,0.0750853440603537,0.9473527994871729,-32.2478184821516
330,331.0,0.10185366394717466,0.5941204943750578,0.20838316602912216,0.4579532673122224,0.0394646622487113,0.07508534406042928,0.9473527957120419,-32.24781848213751
331,332.0,0.30629344902866884,6.035638522673076,0.30630845924396966,6.03563759008573,2.686589082851556,0.6195146813493326,1.2702283835874795e-07,-2.703464312806676
332,333.0,0.03983355011904288,8.905560793008592,0.03983355011904288,8.905560793008592,2.68658935546875,0.6195147127814468,3.3306690738754696e-16,-2.7034636024932626
333,334.0,0.40051041972301016,4.565494416418453,0.2083830551165947,0.45795350285807385,0.039464662248398764,0.075085344060132,0.9473527781322287,-32.24781848219295
334,335.0,0.006734599938473695,7.6423534428299895,0.006734599938473695,7.6423534428299895,2.68658935546875,0.6195147127814468,3.3306690738754696e-16,-2.7034636024932626
335,336.0,0.2800139757090304,0.4453715265449026,0.2083830249290461,0.457953448419463,0.0394646622483816,0.07508534406011563,0.9473527824918564,-32.24781848219599
336,337.0,0.22845892904597942,3.8543340578177028,0.2083830046787062,0.4579534261994588,0.03946466224838564,0.07508534406011949,0.9473527843134286,-32.24781848219528
337,338.0,0.46445443978327583,1.3541638563560678,0.20838282343192335,0.4579532770483829,0.039464662248744425,0.07508534406046079,0.9473527967811557,-32.247818482131635
338,339.0,0.1467485212807591,6.862861996428704,0.1467485212807591,6.862861996428704,2.68658935546875,0.6195147127814468,3.3306690738754696e-16,-2.7034636024932626
339,340.0,0.027382444647147564,2.766014779060927,0.027382444647147564,2.766014779060927,2.68658935546875,0.6195147127814468,3.3306690738754696e-16,-2.7034636024932626
340,341.0,0.5925142807169339,5.378902660586938,0.20838309856386644,0.45795347682816506,0.03946466224842589,0.07508534406015778,0.9473527799092297,-32.24781848218814
341,342.0,0.6568567994087309,2.6111460286810244,0.20838277765120444,0.4579530933046519,0.039464662249305435,0.0750853440609945,0.9473528111976739,-32.24781848203213
342,343.0,0.3529470878589669,1.1656608670273796,0.20838343746819776,0.45795357182324964,0.03946466224954459,0.07508534406122203,0.9473527707796732,-32.24781848198971
343,344.0,0.5529638037361599,9.643467231334157,0.5529861858322239,9.643465810248802,2.6865885802204934,0.6195146233971622,2.63032732594759e-07,-2.7034656224292704
344,345.0,0.1482836005711624,8.239632760949275,0.1482836005711624,8.239632760949275,2.68658935546875,0.6195147127814468,3.3306690738754696e-16,-2.7034636024932626
345,346.0,0.04293347486662802,0.8276013204410961,0.20838318724153862,0.4579530565453158,0.03946466224935549,0.0750853440610421,0.9473528118570709,-32.24781848202325
346,347.0,0.28178747448267993,5.030999448343882,0.20838301126118844,0.4579534518933023,0.03946466224838058,0.07508534406011468,0.9473527822965099,-32.24781848219617
347,348.0,0.7179531535932301,9.050246858104927,0.208382998351934,0.4579534546399361,0.039464662248381896,0.07508534406011591,0.9473527821532246,-32.24781848219594
348,349.0,0.6896282359584228,9.960935121295451,0.2083829445652501,0.4579534585855319,0.03946466224841083,0.07508534406014347,0.9473527821345903,-32.24781848219081
349,350.0,0.017151615101629214,2.3731107431637235,0.017151615101629214,2.3731107431637235,2.68658935546875,0.6195147127814468,3.3306690738754696e-16,-2.7034636024932626
350,351.0,0.22075200176499643,0.2495539239259833,0.20838299451461711,0.4579538941618443,0.03946466224926276,0.0750853440609539,0.9473527482700019,-32.2478184820397
351,352.0,0.26118043346835673,2.6134403262365686,0.20838264533984685,0.4579534321187804,0.03946466224923698,0.07508534406092936,0.9473527857647827,-32.24781848204427
352,353.0,0.030552664920634465,2.8427084652691845,0.030552664920634465,2.8427084652691845,2.68658935546875,0.6195147127814468,3.3306690738754696e-16,-2.7034636024932626
353,354.0,0.6244651672629813,8.65583800780615,0.20838215854868067,0.4579538733710167,0.03946466225398475,0.07508534406544592,0.9473527543083281,-32.24781848120214
354,355.0,0.6836114334827623,6.476429352400929,0.20838301068327797,0.45795345452058045,0.0394646622483804,0.0750853440601145,0.9473527820969196,-32.2478184821962
355,356.0,0.6081767430925361,5.556724175060028,0.20838307304003945,0.4579536214305179,0.039464662248518974,0.07508534406024633,0.9473527688906491,-32.247818482171624
356,357.0,0.28199450874200593,6.310552858520978,0.28199450874200593,6.310552858520978,2.686589331442648,0.6195147100112944,1.1581163028573371e-08,-2.7034636650940893
357,358.0,0.1878643011465333,0.9927382226677786,0.2083829345311577,0.4579530926907049,0.03946466224902514,0.07508534406072782,0.9473528104118918,-32.24781848208184
358,359.0,0.24477473589397047,1.552511823554098,0.20838299316060646,0.45795339773886623,0.039464662248399736,0.07508534406013291,0.9473527865699857,-32.24781848219278
359,360.0,0.44801702367691587,4.417475133764562,0.20838331046783068,0.4579528227629122,0.03946466225090687,0.0750853440625179,0.9473528292348242,-32.24781848174808
360,361.0,0.4348829738396721,0.9304738567942277,0.208382955843039,0.4579533230895875,0.039464662248482905,0.07508534406021206,0.947352792526448,-32.247818482178026
361,362.0,0.3643923824541617,1.4930920492312763,0.2083830167896802,0.45795351151315694,0.03946466224839297,0.07508534406012647,0.9473527776682338,-32.24781848219398
362,363.0,0.26214590521104686,7.2062372833833495,0.26214590521104686,7.2062372833833495,2.6865893552853524,0.6195147127603016,9.088996222317292e-11,-2.7034636029711105
363,364.0,0.2231923951183753,4.70881435370156,0.22320749415151814,4.708813421114214,2.6865891570428535,0.6195146899034131,1.0379733872412089e-07,-2.703464119498708
364,365.0,0.3719110518029145,4.544367570653182,0.20838298017558102,0.45795342629767033,0.03946466224839192,0.07508534406012549,0.9473527844360247,-32.24781848219416
365,366.0,0.03978996438930782,0.06429004676340029,0.20838300309825356,0.45795332973006986,0.0394646622484575,0.07508534406018788,0.9473527917631831,-32.24781848218253
366,367.0,0.34349279453424864,0.4905024501648434,0.20838310058871579,0.4579534226942615,0.03946466224843519,0.07508534406016665,0.9473527840741932,-32.24781848218649
367,368.0,0.2554640701398848,4.375728708150606,0.20838302959576885,0.457953458359888,0.0394646622483818,0.07508534406011584,0.9473527817002868,-32.24781848219595
368,369.0,0.7898153436068774,7.365522441674438,0.2083830978902581,0.4579536342475679,0.039464662248558616,0.07508534406028405,0.9473527677699303,-32.2478184821646
369,370.0,0.4891711127845877,1.5695435236460848,0.20838266122193277,0.4579529527181397,0.039464662250256174,0.07508534406189891,0.9473528226601416,-32.24781848186349
370,371.0,0.025381814891037524,0.1418027465392544,0.2083837764381405,0.4579536594810385,0.03946466225215203,0.07508534406370246,0.9473527622138866,-32.24781848152721
371,372.0,0.3699376751015879,2.5084980802279357,0.20838266288669474,0.45795342895929925,0.039464662249157706,0.07508534406085395,0.947352785915381,-32.24781848205833
372,373.0,0.329480728975471,9.856209257431276,0.329480728975471,9.856209257431276,2.6865893554605176,0.6195147127804977,3.714584195790849e-12,-2.703463602514712
373,374.0,0.8735260525860373,1.2443019265790654,0.20838301059064815,0.4579534535936517,0.039464662248380446,0.07508534406011455,0.9473527821689123,-32.247818482196195
374,375.0,0.6453484570997421,2.1226266048800633,0.20838277765120444,0.4579530933046519,0.039464662249305435,0.0750853440609945,0.9473528111976739,-32.24781848203213
375,376.0,0.057967618127727216,7.009273035544488,0.057967618127727216,7.009273035544488,2.68658935546875,0.6195147127814468,3.3306690738754696e-16,-2.7034636024932626
376,377.0,0.05773474707076642,7.808898214142894,0.05773474707076642,7.808898214142894,2.68658935546875,0.6195147127814468,3.3306690738754696e-16,-2.7034636024932626
377,378.0,0.40563364923678624,4.7627741621666155,0.2083829996119486,0.45795348454482976,0.039464662248384796,0.0750853440601187,0.9473527798397527,-32.24781848219543
378,379.0,0.16271085968966836,2.780455514702275,0.20838307878373885,0.45795347062577507,0.03946466224840682,0.07508534406013963,0.9473527804927753,-32.24781848219152
379,380.0,0.15118553626522013,8.616981862795049,0.15118553626522013,8.616981862795049,2.68658935546875,0.6195147127814468,3.3306690738754696e-16,-2.7034636024932626
380,381.0,0.6610798999429776,6.575413094362972,0.2083830103524045,0.4579534541424476,0.03946466224838042,0.07508534406011452,0.9473527821278456,-32.2478184821962
381,382.0,0.8445287531926273,3.8049711678649536,0.2083830389284385,0.45795358389637236,0.0394646622484546,0.0750853440601851,0.9473527719671737,-32.24781848218305
382,383.0,0.15634298124098234,6.869906499072573,0.15634298124098234,6.869906499072573,2.68658935546875,0.6195147127814468,3.3306690738754696e-16,-2.7034636024932626
383,384.0,0.8048695275444399,4.4200716204169535,0.20838295674439958,0.4579533590938014,0.03946466224844417,0.0750853440601752,0.9473527897444028,-32.2478184821849
384,385.0,0.12075820737088161,8.397197138411162,0.12075820737088161,8.397197138411162,2.68658935546875,0.6195147127814468,3.3306690738754696e-16,-2.7034636024932626
385,386.0,0.7395925623053345,7.140771439723982,0.20838318828372282,0.4579531675540948,0.03946466224899151,0.07508534406069588,0.9473528032887268,-32.24781848208781
386,387.0,0.9482944733993203,9.637068090519993,0.2083830071265561,0.4579532891451643,0.03946466224851332,0.07508534406024095,0.9473527948723741,-32.247818482172626
387,388.0,0.4411751855864996,3.5163892106270445,0.20838300779844454,0.4579535378139176,0.03946466224840949,0.07508534406014221,0.9473527756872338,-32.24781848219104
388,389.0,0.35632886858401125,9.312387580300953,0.35632886858401125,9.312387580300953,2.6865893551719697,0.6195147127472288,1.2906953283930989e-10,-2.703463603266534
389,390.0,0.6491544429686646,4.279896124271044,0.20838302799483052,0.4579534348707677,0.03946466224838433,0.07508534406011824,0.9473527835206743,-32.247818482195505
390,391.0,0.17124638822495097,7.731718917697219,0.17124638822495097,7.731718917697219,2.68658935546875,0.6195147127814468,3.3306690738754696e-16,-2.7034636024932626
391,392.0,0.6680291202377779,0.18855467856506206,0.20838267959736348,0.4579534631448106,0.03946466224908765,0.07508534406078733,0.9473527831897084,-32.247818482070755
392,393.0,0.9762792839861127,9.72239260569145,0.208383047989358,0.45795310662664546,0.03946466224896797,0.07508534406067345,0.9473528087341228,-32.247818482091986
393,394.0,0.7906463012511122,6.989672787159984,0.2083834166022429,0.4579537591190441,0.03946466224975433,0.0750853440614215,0.9473527564432755,-32.24781848195251
394,395.0,0.7710472956811474,7.543914237520713,0.20838298810706454,0.45795382192622514,0.03946466224899853,0.07508534406070251,0.9473527538761317,-32.247818482086565
395,396.0,0.010793568565567901,9.607318555440893,0.010793568565567901,9.607318555440893,2.68658935546875,0.6195147127814468,3.3306690738754696e-16,-2.7034636024932626
396,397.0,0.3734403498224065,7.03839738333463,0.37345766930159974,7.038396361929441,2.6865889663432334,0.6195146679161997,1.653518236777174e-07,-2.703464616373113
397,398.0,0.04698050471285786,1.0700787024780976,0.20838368035191412,0.4579493981473329,0.03946466232887236,0.07508534413668635,0.9473530914148802,-32.24781846791904
398,399.0,0.5120752823017867,3.370184353681707,0.2083828599818586,0.45795289836253394,0.0394646622499374,0.07508534406159569,0.9473528257976678,-32.247818481920035
399,400.0,0.32774365589008025,8.312419150751865,0.32774365589008025,8.312419150751865,2.686589354677454,0.6195147126902123,3.5789393670881964e-10,-2.7034636045550107
400,401.0,0.6253894035555682,7.965604050159429,0.2083829737577843,0.45795349941344365,0.03946466224839895,0.07508534406013215,0.9473527788301737,-32.24781848219291
401,402.0,0.6954988974240043,9.35729146871038,0.20838296230498815,0.4579534960048573,0.039464662248404586,0.07508534406013753,0.9473527791539389,-32.24781848219191
402,403.0,0.6006147383529276,2.003440033395903,0.20838301992152014,0.4579534524881055,0.03946466224838067,0.07508534406011477,0.9473527822046178,-32.24781848219616
403,404.0,0.44481167815454914,2.316782939830178,0.20838293697442295,0.4579535443180354,0.039464662248455,0.07508534406018548,0.9473527755617365,-32.24781848218297
404,405.0,0.15381075193207683,8.328386997512762,0.15381075193207683,8.328386997512762,2.68658935546875,0.6195147127814468,3.3306690738754696e-16,-2.7034636024932626
405,406.0,0.057055099094289186,0.9199170203533398,0.20838314013533366,0.45795329039800153,0.039464662248623196,0.07508534406034549,0.9473527940689196,-32.24781848215314
406,407.0,0.15170899278559102,8.193768841322173,0.15170899278559102,8.193768841322173,2.68658935546875,0.6195147127814468,3.3306690738754696e-16,-2.7034636024932626
407,408.0,0.5834408602678048,4.83958505908443,0.2083829093625857,0.4579538230339912,0.03946466224908264,0.07508534406078257,0.9473527542089,-32.247818482071644
408,409.0,0.042804496398840985,5.016932483645015,0.042804496398840985,5.016932483645015,2.68658935546875,0.6195147127814468,3.3306690738754696e-16,-2.7034636024932626
409,410.0,0.03040243975300827,6.7010634591491804,0.03040243975300827,6.7010634591491804,2.68658935546875,0.6195147127814468,3.3306690738754696e-16,-2.7034636024932626
410,411.0,0.0737066340578767,9.641756980152378,0.0737066340578767,9.641756980152378,2.68658935546875,0.6195147127814468,3.3306690738754696e-16,-2.7034636024932626
411,412.0,0.5844528866785659,9.689192278807377,0.5844969847368824,9.689189347818836,2.6865876584059016,0.61951451711411,5.554674425978234e-07,-2.703468024249667
412,413.0,0.5537485332973504,5.4963221057794724,0.20838263311481756,0.45795356256146036,0.03946466224936748,0.07508534406105351,0.9473527757675978,-32.247818482021124
413,414.0,0.7149607517551373,0.9966549801950607,0.20838212818817467,0.4579517968734112,0.039464662265320985,0.07508534407623006,0.9473529146450319,-32.24781847919139
414,415.0,0.5367566974163607,9.485314563092796,0.5367760152968921,9.485313364052029,2.6865887129982244,0.6195146387061204,2.221413617498058e-07,-2.703465276472283
415,416.0,0.753409167949889,9.35140509004023,0.20838300768954665,0.45795344875187555,0.039464662248380994,0.07508534406011508,0.9473527825578055,-32.2478184821961
416,417.0,0.9559469609733933,2.646325424460227,0.20838277765120444,0.4579530933046519,0.039464662249305435,0.0750853440609945,0.9473528111976739,-32.24781848203213
417,418.0,0.9685109885378431,2.1662234351008816,0.20838277765120444,0.4579530933046519,0.039464662249305435,0.0750853440609945,0.9473528111976739,-32.24781848203213
418,419.0,0.5494086137366238,4.598547238395526,0.2083836372895072,0.4579526134863979,0.039464662254418276,0.07508534406585834,0.9473528436381569,-32.24781848112524
419,420.0,0.8001017191600063,7.8996084926469665,0.20838295037941068,0.45795359558088294,0.03946466224849681,0.07508534406022525,0.9473527715362551,-32.24781848217555
420,421.0,0.23784096134498556,3.5163493929891074,0.20838254835358197,0.4579532415980532,0.03946466224991428,0.07508534406157368,0.9473528009756894,-32.247818481924135
421,422.0,0.034604763436239416,5.918990225272178,0.034604763436239416,5.918990225272178,2.68658935546875,0.6195147127814468,3.3306690738754696e-16,-2.7034636024932626
422,423.0,0.39766742068372385,0.42472611929380105,0.20838301873524276,0.45795346072383125,0.03946466224838038,0.07508534406011448,0.9473527815756405,-32.24781848219621
423,424.0,0.3835861630218438,2.7415975671894675,0.20838277765120444,0.4579530933046519,0.039464662249305435,0.0750853440609945,0.9473528111976739,-32.24781848203213
424,425.0,0.6671557093374207,2.3045880341519953,0.20838299328684223,0.4579536278621345,0.039464662248516684,0.07508534406024417,0.9473527688182467,-32.24781848217203
425,426.0,0.29900545488598895,6.451758532413219,0.29900545488598895,6.451758532413219,2.686589310577787,0.6195147076056258,2.1130388327961214e-08,-2.7034637194581954
426,427.0,0.02626194577056884,2.2714650957355027,0.02626194577056884,2.2714650957355027,2.68658935546875,0.6195147127814468,3.3306690738754696e-16,-2.7034636024932626
427,428.0,0.8402867276039637,4.85232088315799,0.20838289244568436,0.4579538120065166,0.03946466224907288,0.07508534406077325,0.9473527551493693,-32.247818482073384
428,429.0,0.13389133024587074,5.32196212029225,0.13389133024587074,5.32196212029225,2.686589355468725,0.619514712781444,1.4765966227514582e-14,-2.7034636024933283
429,430.0,0.5616737854357483,7.443454216320817,0.20838286996124367,0.45795393738066387,0.039464662249606396,0.0750853440612808,0.9473527455976518,-32.24781848197875
430,431.0,0.09411895689148841,2.030200903201133,0.20838277765120444,0.4579530933046519,0.039464662249305435,0.0750853440609945,0.9473528111976739,-32.24781848203213
431,432.0,0.13759518702021234,7.078387812720949,0.13759518702021234,7.078387812720949,2.68658935546875,0.6195147127814468,3.3306690738754696e-16,-2.7034636024932626
432,433.0,0.4149555174266042,7.3397325795966655,0.41499295414701426,7.339730181514918,2.6865883640088812,0.619514598468474,3.9871830692650434e-07,-2.703466185776171
433,434.0,0.8554464472773253,6.204864947869614,0.20838304094196403,0.4579534855272215,0.03946466224838765,0.07508534406012142,0.9473527795443943,-32.24781848219492
434,435.0,0.6727868789830516,2.9614087184254894,0.20838298422407525,0.4579533761395993,0.03946466224841632,0.07508534406014866,0.9473527882835638,-32.247818482189835
435,436.0,0.5592516618121832,4.732290344705071,0.20838330458223625,0.457953420208575,0.039464662248925586,0.07508534406063316,0.9473527831814984,-32.247818482099504
436,437.0,0.08844143821522099,1.9118469336249522,0.20838298523403526,0.4579535149208332,0.039464662248400874,0.075085344060134,0.9473527775730134,-32.24781848219257
437,438.0,0.9812428931080788,3.5696369226499365,0.20838295145204444,0.4579535014324278,0.039464662248414814,0.07508534406014725,0.9473527787929191,-32.247818482190105
438,439.0,0.21246039936140715,1.2193479017273805,0.20838316291119907,0.4579537826535603,0.03946466224897843,0.07508534406068341,0.9473527559767481,-32.24781848209013
439,440.0,0.620918193745542,6.624577696812544,0.20838299451256118,0.45795350315703975,0.03946466224839215,0.0750853440601257,0.9473527784311495,-32.24781848219412
440,441.0,0.9229389228391514,1.777239271831474,0.20838295631042383,0.4579535329580657,0.039464662248428956,0.07508534406016071,0.9473527763353109,-32.24781848218759
441,442.0,0.8931369977302919,5.667118953137544,0.20838302996505156,0.45795349896945664,0.03946466224838887,0.07508534406012256,0.9473527785658203,-32.2478184821947
442,443.0,0.6872420239955311,8.419815709364233,0.20838287854814044,0.4579532664224826,0.03946466224865388,0.07508534406037469,0.9473527973081219,-32.24781848214769
443,444.0,0.339027085091291,8.374493788241063,0.339027085091291,8.374493788241063,2.686589354063855,0.6195147126194658,6.256168916252136e-10,-2.7034636061537647
444,445.0,0.4454021147841536,6.044049520647066,0.20838175359928318,0.45795367056608893,0.03946466225876015,0.07508534406998878,0.9473527720965187,-32.24781848035511
445,446.0,0.43468704648090606,2.402097528526151,0.20838277765120444,0.4579530933046519,0.039464662249305435,0.0750853440609945,0.9473528111976739,-32.24781848203213
446,447.0,0.9934320776923317,4.271846683699265,0.20838298687177675,0.45795330873982637,0.03946466224848717,0.07508534406021605,0.9473527934685115,-32.247818482177266
447,448.0,0.20151131424071278,6.575217103068326,0.20151131424071278,6.575217103068326,2.686589355465741,0.6195147127811,1.6207035713478035e-12,-2.7034636025011034
448,449.0,0.3411700000097465,9.104028634524616,0.3411700000097465,9.104028634524616,2.686589355278429,0.6195147127595033,8.450329325171424e-11,-2.7034636029891503
449,450.0,0.1377319329970571,9.40654762968865,0.1377319329970571,9.40654762968865,2.68658935546875,0.6195147127814468,3.3306690738754696e-16,-2.7034636024932626
450,451.0,0.6639062360723729,3.3291391720705885,0.20838300717735284,0.4579534540871275,0.039464662248380675,0.07508534406011476,0.9473527821489808,-32.24781848219616
451,452.0,0.38708579069048843,7.2876465402696216,0.3871016002663674,7.2876456520911965,2.686588988688226,0.6195146704925243,1.530332154331404e-07,-2.703464558152466
452,453.0,0.6951693914378794,9.425522388609094,0.20838308880091036,0.45795282218306854,0.03946466225031588,0.07508534406195572,0.9473528304581356,-32.2478184818529
453,454.0,0.5218419736299589,6.966477690620432,0.20838299995347023,0.45795343371250374,0.03946466224838429,0.0750853440601182,0.9473527837589978,-32.24781848219551
454,455.0,0.7877688233793791,8.23976932973177,0.20838298209376038,0.45795371145850494,0.03946466224868572,0.07508534406040497,0.9473527624292913,-32.24781848214205
455,456.0,0.2882565400511943,5.3043650711227635,0.28832044448852534,5.304360941093087,2.6865881531279796,0.619514574154403,5.744544550045916e-07,-2.70346673523376
456,457.0,0.3833440314179045,4.669729370740402,0.2083830060160513,0.4579535911624249,0.03946466224846202,0.07508534406019214,0.9473527715815441,-32.24781848218173
457,458.0,0.029933580574226237,1.4731706925476435,0.20838294320535977,0.4579534894091431,0.03946466224841749,0.07508534406014977,0.9473527797641653,-32.24781848218962
458,459.0,0.4174361347379383,1.769738820316427,0.20838305587141878,0.4579528669930398,0.03946466225002492,0.07508534406167894,0.9473528271766836,-32.24781848190451
459,460.0,0.14653508143941485,0.5037497442087396,0.2083830393473362,0.4579534739406503,0.03946466224838506,0.07508534406011894,0.9473527804466213,-32.24781848219538
460,461.0,0.6609133736075721,9.218902628171588,0.20838300520298378,0.45795346317106306,0.039464662248380834,0.07508534406011493,0.9473527814587613,-32.24781848219613
461,462.0,0.472434317922686,3.0070912135558774,0.20838300169281412,0.45795345521932035,0.03946466224838123,0.07508534406011527,0.9473527820907841,-32.24781848219606
462,463.0,0.20455673478827097,8.455655784820268,0.20455673478827097,8.455655784820268,2.686589355468749,0.6195147127814468,3.3306690738754696e-16,-2.7034636024932652
463,464.0,0.2138216417460581,0.8070569725971736,0.208383007949941,0.4579534645601221,0.03946466224838064,0.07508534406011476,0.9473527813370197,-32.247818482196166
464,465.0,0.691608102126631,9.357047042799207,0.2083829726357348,0.45795348892665855,0.03946466224839591,0.07508534406012926,0.9473527796450554,-32.24781848219345
465,466.0,0.7902945255421193,0.956546220928939,0.20838300815817706,0.45795343292201046,0.039464662248383554,0.0750853440601175,0.9473527837763853,-32.24781848219564
466,467.0,0.8142102791975954,8.918120941759778,0.20838333923728386,0.4579534531911032,0.039464662249048446,0.07508534406075,0.9473527804530434,-32.24781848207771
467,468.0,0.7856504940377911,9.02357128014953,0.20838299776778485,0.45795345448274716,0.039464662248382035,0.07508534406011606,0.947352782168453,-32.24781848219592
468,469.0,0.6897563341638135,8.017150913535911,0.2083829925802579,0.45795360965976367,0.03946466224848985,0.07508534406021866,0.9473527702260834,-32.24781848217679
469,470.0,0.19822305210960767,0.22668319401894188,0.20838226175273183,0.45795437729857114,0.039464662256222006,0.07508534406757422,0.9473527148888543,-32.24781848080531
470,471.0,0.8005394418873895,5.727354742035666,0.20838302063401076,0.45795352131892014,0.039464662248398244,0.07508534406013148,0.9473527768914208,-32.24781848219304
471,472.0,0.5339157563903781,9.849824296841602,0.5339157563903781,9.849824296841602,2.6865890577868137,0.6195146784594273,1.0327365873585848e-07,-2.703464378113722
472,473.0,0.10179169536145549,6.859603662250892,0.10179169536145549,6.859603662250892,2.68658935546875,0.6195147127814468,3.3306690738754696e-16,-2.7034636024932626
473,474.0,0.9460221783964856,4.547487274269702,0.20838301540765633,0.4579534983859067,0.03946466224838739,0.07508534406012113,0.947352778688175,-32.247818482194965
474,475.0,0.31621243005648825,8.703302152789187,0.31621243005648825,8.703302152789187,2.6865893553684317,0.6195147127698803,4.610301029828179e-11,-2.7034636027546455
475,476.0,0.2830802647914741,4.79128914475492,0.20838289529421078,0.4579536297414523,0.03946466224861507,0.07508534406033775,0.9473527691937513,-32.24781848215458
476,477.0,0.2190290568108405,5.16499711258939,0.2190290568108405,5.16499711258939,2.686589337615123,0.6195147107229663,9.392924771312039e-09,-2.7034636490114954
477,478.0,0.019266912710113715,8.51364982986272,0.019266912710113715,8.51364982986272,2.68658935546875,0.6195147127814468,3.3306690738754696e-16,-2.7034636024932626
478,479.0,0.7963366721391735,1.337590597402048,0.20838292901863295,0.4579524265366693,0.03946466225330768,0.0750853440648018,0.9473528618257159,-32.24781848132224
479,480.0,0.752668772001083,0.061554568896041564,0.20838273409583605,0.45795304103377577,0.039464662249620516,0.07508534406129422,0.9473528154609236,-32.24781848197624
480,481.0,0.4995793256452963,5.7867889386453255,0.20838314625186066,0.4579534991352798,0.03946466224849501,0.07508534406022355,0.9473527779350859,-32.24781848217588
481,482.0,0.17540886053307903,5.263300648414344,0.17540886053307903,5.263300648414344,2.686589355387059,0.6195147127720281,4.555056332122831e-11,-2.703463602706112
482,483.0,0.3693327792998048,1.0667269757233804,0.20838299318982367,0.45795346673190046,0.03946466224838339,0.07508534406011735,0.9473527812479087,-32.247818482195676
483,484.0,0.7374661663998264,5.930364063790846,0.2083824642419081,0.4579538571183988,0.039464662251139024,0.0750853440627388,0.9473527539417838,-32.2478184817069
484,485.0,0.9837300114040451,0.8963481349035674,0.2083828651981786,0.45795379868574065,0.03946466224908085,0.07508534406078086,0.947352756321588,-32.24781848207196
485,486.0,0.17411391453472114,4.452637237008275,0.17411391453472114,4.452637237008275,2.6865893483182486,0.6195147119570111,3.99373334403208e-09,-2.703463621124137
486,487.0,0.6260009435745465,4.160148135440785,0.20838261337431385,0.4579535653063663,0.039464662249469235,0.0750853440611503,0.9473527756606047,-32.247818482003076
487,488.0,0.20545572856816086,8.93887399611958,0.20545572856816086,8.93887399611958,2.68658935546875,0.6195147127814468,3.3306690738754696e-16,-2.7034636024932626
488,489.0,0.716263268402088,9.605555119756103,0.20838336175823244,0.45795353362939856,0.039464662249154764,0.07508534406085117,0.9473527741285299,-32.247818482058854
489,490.0,0.631968657481972,2.518447203483429,0.20838300400107398,0.4579532580696763,0.039464662248566526,0.07508534406029159,0.9473527972860437,-32.24781848216319
490,491.0,0.473204385277998,3.2281676397484174,0.208383065179941,0.4579534684358239,0.039464662248396835,0.07508534406013015,0.9473527807339884,-32.247818482193296
491,492.0,0.6540423339780296,4.720070458624591,0.20838296386277386,0.45795331364042063,0.039464662248490004,0.07508534406021877,0.9473527932127267,-32.24781848217677
492,493.0,0.2319415940083529,3.323386704415218,0.20838300806507076,0.45795341172200427,0.039464662248390674,0.0750853440601243,0.9473527854121859,-32.24781848219438
493,494.0,0.16141299393304298,4.583722734020443,0.16141299393304298,4.583722734020443,2.686589354822993,0.6195147127069925,3.665203696101571e-10,-2.7034636041758047
494,495.0,0.738825825279306,2.5965899615335717,0.20838301892933297,0.45795345976541113,0.03946466224838038,0.07508534406011448,0.9473527816485391,-32.24781848219621
495,496.0,0.5953399004449731,6.4752357779621965,0.20838301058571504,0.4579534541680723,0.03946466224838043,0.07508534406011452,0.9473527821246294,-32.2478184821962
496,497.0,0.7637878354002439,6.75666100480543,0.2083829638224815,0.4579535051759424,0.03946466224840734,0.07508534406014014,0.9473527784384461,-32.24781848219143
497,498.0,0.4383756282785525,9.058405855221526,0.4383756282785525,9.058405855221526,2.686589310083489,0.6195147075486342,1.77079468866026e-08,-2.7034637207461065
498,499.0,0.5850091719272039,2.60425820728848,0.20838349708493176,0.45795268092098723,0.03946466225285239,0.0750853440643687,0.94735283918296,-32.247818481402994
499,500.0,0.5191845470056231,0.08725707314068819,0.20838292548638934,0.45795353959306767,0.03946466224846375,0.0750853440601938,0.9473527759872237,-32.24781848218142
500,501.0,0.7754232663545004,9.669288204224356,0.20838301389556615,0.45795325300564527,0.03946466224857642,0.07508534406030098,0.9473527976240974,-32.247818482161435
501,502.0,0.6999275955563333,8.029933746201666,0.20838300838270754,0.4579535709065986,0.03946466224843873,0.07508534406016999,0.947352773131451,-32.247818482185856
502,503.0,0.21299426865036952,0.6407767337968091,0.20838308880873826,0.45795346756666006,0.03946466224841541,0.07508534406014782,0.947352780675474,-32.24781848219
503,504.0,0.8496892764290144,0.347347190286165,0.2083829539953517,0.45795330781933585,0.03946466224850393,0.07508534406023203,0.9473527937141639,-32.247818482174296
504,505.0,0.5244652819498921,3.976666053676957,0.20838272843065364,0.45795300811716827,0.03946466224976674,0.07508534406143334,0.9473528180300819,-32.247818481950304
505,506.0,0.47827077590044453,3.316183492959095,0.20838376936392042,0.45795345091823003,0.039464662251983786,0.07508534406354239,0.9473527783392701,-32.247818481557054
506,507.0,0.050999131416887056,8.86003041084463,0.050999131416887056,8.86003041084463,2.68658935546875,0.6195147127814468,3.3306690738754696e-16,-2.7034636024932626
507,508.0,0.9263864697438237,1.0256616002622339,0.20838358995041414,0.45795253697201765,0.03946466225468746,0.07508534406611439,0.947352849792122,-32.247818481077495
508,509.0,0.183180204637043,8.775930642175423,0.183180204637043,8.775930642175423,2.68658935546875,0.6195147127814468,3.3306690738754696e-16,-2.7034636024932626
509,510.0,0.26863019421607826,4.543263756340641,0.20838364365913545,0.457953348311061,0.039464662250975426,0.07508534406258316,0.9473527869232897,-32.24781848173591
510,511.0,0.06994614874044047,4.559961450325018,0.06994614874044047,4.559961450325018,2.68658935546875,0.6195147127814468,3.3306690738754696e-16,-2.7034636024932626
511,512.0,0.11755472908725839,2.7391475012257636,0.20838299329033916,0.4579534552996114,0.03946466224838303,0.07508534406011703,0.9473527821292286,-32.24781848219574
512,513.0,0.18052950832542836,1.5919487056195702,0.20838313312158335,0.4579532836565085,0.0394646622486229,0.0750853440603452,0.9473527946262145,-32.24781848215319
513,514.0,0.17629402060800203,0.9543832293891117,0.20838329322593674,0.45795304349987914,0.039464662249732066,0.07508534406140033,0.9473528122998003,-32.24781848195645
514,515.0,0.40075717348561735,2.446190816820429,0.2083834110139196,0.4579532157643686,0.03946466224969949,0.07508534406136938,0.9473527983854849,-32.247818481962234
515,516.0,0.859758230045119,0.6540135162643959,0.20838296272317072,0.45795337860404584,0.03946466224842466,0.0750853440601566,0.9473527882076811,-32.24781848218836
516,517.0,0.9740291367799854,6.323860719150465,0.20838303811133393,0.45795348526770585,0.039464662248386684,0.07508534406012048,0.9473527795794523,-32.247818482195086
517,518.0,0.7970431183862315,4.141477152678553,0.20838301306454063,0.4579533073332546,0.03946466224848654,0.07508534406021548,0.9473527934378538,-32.24781848217738
518,519.0,0.26886903443525767,7.797763368473488,0.26886903443525767,7.797763368473488,2.686589355431601,0.6195147127771637,1.8238410781634684e-11,-2.7034636025900554
519,520.0,0.5860487991407893,4.019618914401194,0.2083829840754702,0.4579537584882309,0.03946466224880545,0.07508534406051887,0.9473527587910054,-32.24781848212081
520,521.0,0.36162350813469657,2.2705826333700023,0.20838277765120444,0.4579530933046519,0.039464662249305435,0.0750853440609945,0.9473528111976739,-32.24781848203213
521,522.0,0.3702473254136134,1.4944252924658614,0.20838283045908107,0.45795364454213927,0.03946466224877066,0.07508534406048577,0.9473527683963319,-32.24781848212699
522,523.0,0.8412325458805165,0.7208027327497394,0.20838300485989647,0.45795344585956965,0.03946466224838152,0.07508534406011556,0.9473527827959426,-32.247818482196
523,524.0,0.12794586084242,7.815765541349175,0.12794586084242,7.815765541349175,2.68658935546875,0.6195147127814468,3.3306690738754696e-16,-2.7034636024932626
524,525.0,0.20913741678279052,7.685345825738326,0.20913741678279052,7.685345825738326,2.6865893554687084,0.619514712781442,2.2315482794965646e-14,-2.703463602493371
525,526.0,0.8943105830373328,4.596447389550433,0.20838301758640834,0.4579532698650696,0.039464662248546105,0.07508534406027213,0.9473527963040057,-32.247818482166814
526,527.0,0.39497434841238244,9.189606919911498,0.39497434841238244,9.189606919911498,2.6865893513259627,0.6195147123037934,1.7105087346536152e-09,-2.703463613287436
527,528.0,0.05344822213904776,7.01952670512778,0.05344822213904776,7.01952670512778,2.68658935546875,0.6195147127814468,3.3306690738754696e-16,-2.7034636024932626
528,529.0,0.8076782324577089,8.192716168082848,0.20838297137321263,0.45795338482977826,0.03946466224841555,0.07508534406014793,0.9473527876814967,-32.24781848218997
529,530.0,0.6861956314620812,4.914191059833785,0.2083829565692237,0.45795369292210636,0.03946466224866139,0.07508534406038182,0.9473527639947207,-32.247818482146364
530,531.0,0.2382741229441212,8.915329934159335,0.2382741229441212,8.915329934159335,2.6865893554687372,0.6195147127814454,6.328271240363392e-15,-2.7034636024932963
531,532.0,0.2601409292851553,2.6211557940341534,0.20838298312617576,0.457953415595229,0.03946466224839434,0.07508534406012773,0.9473527852459055,-32.247818482193736
532,533.0,0.22889311511896093,4.239992342402756,0.20838291420381533,0.45795327890218923,0.03946466224858369,0.0750853440603079,0.9473527961561048,-32.24781848216015
533,534.0,0.9157715486700213,8.969054313361537,0.20838300387632866,0.45795346081318206,0.03946466224838094,0.07508534406011501,0.9473527816476895,-32.24781848219611
534,535.0,0.9087422554710926,2.6145007189876726,0.20838277765120444,0.4579530933046519,0.039464662249305435,0.0750853440609945,0.9473528111976739,-32.24781848203213
535,536.0,0.2583010400018797,8.099159694059894,0.2583010400018797,8.099159694059894,2.6865893554647116,0.6195147127809812,2.012057187528171e-12,-2.703463602503785
536,537.0,0.926557667282239,2.401598138131566,0.2083830160544689,0.45795344600708604,0.039464662248381084,0.07508534406011518,0.9473527827250898,-32.24781848219608
537,538.0,0.586980163337878,8.155870347337826,0.20838296743622772,0.4579534957954552,0.03946466224840122,0.07508534406013431,0.9473527791428351,-32.247818482192514
538,539.0,0.754610088340192,4.354135031261173,0.20838302905273354,0.4579531974185489,0.039464662248700155,0.07508534406041871,0.9473528018313693,-32.247818482139486
539,540.0,0.14705678565403058,3.9375526222470896,0.14705678565403058,3.9375526222470896,2.6865893497082496,0.6195147121172749,3.3275345812100454e-09,-2.7034636175024422
540,541.0,0.9976839125572848,4.037434205021104,0.20838260334469222,0.45795199701686673,0.0394646622590068,0.07508534407022341,0.9473528966864612,-32.24781848031136
541,542.0,0.006768865247527844,8.114278163815566,0.006768865247527844,8.114278163815566,2.68658935546875,0.6195147127814468,3.3306690738754696e-16,-2.7034636024932626
542,543.0,0.484151244447495,9.764612785958297,0.484151244447495,9.764612785958297,2.6865892931294564,0.6195147055938747,2.2963220436267306e-08,-2.703463764920415
543,544.0,0.4753809945162216,9.675597413779826,0.4753809945162216,9.675597413779826,2.6865893020055474,0.6195147066172668,1.9908367288046236e-08,-2.703463741793458
544,545.0,0.9559605509550905,1.3133259009730278,0.208382515207772,0.4579534848999903,0.03946466224996174,0.07508534406161883,0.9473527823837655,-32.247818481915715
545,546.0,0.6314991807663962,4.450335560314992,0.20838301282422292,0.4579543393358654,0.03946466225196395,0.07508534406352355,0.9473527138328462,-32.24781848156058
546,547.0,0.0015880535469565693,1.263435936229864,0.0015880535469565693,1.263435936229864,2.68658935546875,0.6195147127814468,3.3306690738754696e-16,-2.7034636024932626
547,548.0,0.10375525864845525,9.759214737843777,0.10375525864845525,9.759214737843777,2.68658935546875,0.6195147127814468,3.3306690738754696e-16,-2.7034636024932626
548,549.0,0.052020589043875964,3.6959399764326175,0.052020589043875964,3.6959399764326175,2.68658935546875,0.6195147127814468,3.3306690738754696e-16,-2.7034636024932626
549,550.0,0.7396539394097784,9.018254396816896,0.20838299846987982,0.45795345506421575,0.039464662248381875,0.07508534406011594,0.9473527821198702,-32.24781848219594
550,551.0,0.4210190937628454,8.255482526361105,0.4210190937628454,8.255482526361105,2.686589214503792,0.6195146965285226,5.6246129864767624e-08,-2.703463969782267
551,552.0,0.9305849316666109,2.1989035796284777,0.20838277765120444,0.4579530933046519,0.039464662249305435,0.0750853440609945,0.9473528111976739,-32.24781848203213
552,553.0,0.2836028584798076,1.5432411464609306,0.2083829335614694,0.45795317865698787,0.03946466224877258,0.07508534406048759,0.9473528037858863,-32.24781848212665
553,554.0,0.9774185720002334,8.201927211672412,0.2083832378774972,0.4579535030967178,0.039464662248699836,0.07508534406041838,0.9473527771424576,-32.24781848213954
554,555.0,0.11483330134229808,4.99470266388093,0.11483330134229808,4.99470266388093,2.6865893554687483,0.6195147127814467,1.2212453270876722e-15,-2.703463602493266
555,556.0,0.7629209553392231,2.704711309001668,0.20838307656152338,0.45795332651175497,0.03946466224849043,0.07508534406021916,0.947352791621093,-32.24781848217668
556,557.0,0.5974695222117571,3.526367698877756,0.20838300731780457,0.45795345316986236,0.03946466224838067,0.07508534406011477,0.9473527822189898,-32.24781848219616
557,558.0,0.38161399733514867,9.856789990841541,0.38161399733514867,9.856789990841541,2.6865893551247133,0.6195147127417803,1.4460010966388381e-10,-2.703463603389663
558,559.0,0.20577790672557017,1.694300898559039,0.2083830819260288,0.4579541260325853,0.03946466225044213,0.07508534406207582,0.9473527299196164,-32.24781848183051
559,560.0,0.8533229989765124,0.5785905459962496,0.20838351745523703,0.45795291448897385,0.039464662251496536,0.07508534406307886,0.9473528210582169,-32.247818481643485
560,561.0,0.987048767441188,1.1030525961391318,0.20838300831396614,0.4579534542332161,0.03946466224838056,0.07508534406011466,0.9473527821316735,-32.24781848219618
561,562.0,0.934869075759752,9.860148634882394,0.2083831496367125,0.45795294812337345,0.039464662249739865,0.0750853440614078,0.9473528204202311,-32.24781848195507
562,563.0,0.5456647614285133,8.631378219678794,0.2083823093653048,0.45795377174467033,0.039464662252085884,0.07508534406363955,0.9473527613484941,-32.24781848153894
563,564.0,0.41587172843408415,5.927490495009305,0.20838261630073848,0.457953754765133,0.03946466224984678,0.07508534406150946,0.947352761030598,-32.24781848193611
564,565.0,0.3339753038026917,7.930538928337217,0.3339753038026917,7.930538928337217,2.6865893516733426,0.6195147123438454,1.7019277098739849e-09,-2.7034636123823255
565,566.0,0.9153914693550569,1.5216130497210898,0.20838299165094634,0.45795341484057245,0.03946466224839195,0.07508534406012551,0.9473527852588306,-32.247818482194155
566,567.0,0.9751612949090148,7.800588229866694,0.20838306361653935,0.4579541352336306,0.03946466225049202,0.07508534406212332,0.9473527293071382,-32.24781848182165
567,568.0,0.049111055437020656,8.94619175182989,0.049111055437020656,8.94619175182989,2.68658935546875,0.6195147127814468,3.3306690738754696e-16,-2.7034636024932626
568,569.0,0.29619555493101435,4.218984526604552,0.20838300735012244,0.45795345393980597,0.03946466224838064,0.07508534406011473,0.9473527821594269,-32.247818482196166
569,570.0,0.058392058931183155,8.109926075873021,0.058392058931183155,8.109926075873021,2.68658935546875,0.6195147127814468,3.3306690738754696e-16,-2.7034636024932626
570,571.0,0.8053550498227251,3.026389438523311,0.20837977984216643,0.45795416919461296,0.039464662317972354,0.07508534412631725,0.9473527440413675,-32.247818469852405
571,572.0,0.27469795631103655,2.2268063234744644,0.20838277765120444,0.4579530933046519,0.039464662249305435,0.0750853440609945,0.9473528111976739,-32.24781848203213
572,573.0,0.3958827632573977,9.719184151608092,0.3958827632573977,9.719184151608092,2.6865893543274444,0.6195147126498571,4.70664618390515e-10,-2.7034636054669736
573,574.0,0.3446587129637336,5.281553460688907,0.20838301501426454,0.45795345446289243,0.03946466224838037,0.07508534406011448,0.9473527820783599,-32.24781848219621
574,575.0,0.5528605460553536,3.6762095942390554,0.20838321109762112,0.45795375732392635,0.03946466224900507,0.07508534406070878,0.9473527576744877,-32.24781848208541
575,576.0,0.22700304280411288,7.926533324486085,0.22700304280411288,7.926533324486085,2.6865893554685654,0.6195147127814256,9.614531393253856e-14,-2.703463602493744
576,577.0,0.2911841377561222,6.40538290470974,0.2911841377561222,6.40538290470974,2.686589323586751,0.6195147091055283,1.5171756850840268e-08,-2.7034636855628973
577,578.0,0.38964392459367037,9.789199174552,0.38964392459367037,9.789199174552,2.6865893548028845,0.6195147127046742,2.768820728249466e-10,-2.7034636042281974
578,579.0,0.19318326958014942,8.725963959130187,0.19318326958014942,8.725963959130187,2.68658935546875,0.6195147127814468,3.3306690738754696e-16,-2.7034636024932626
579,580.0,0.47889003425513754,3.5231845587394055,0.2083834461443633,0.4579540852230531,0.03946466225122652,0.07508534406282205,0.9473527311313985,-32.24781848169138
580,581.0,0.23049749625149096,2.816404142703529,0.20838306055514721,0.45795346984892327,0.03946466224839412,0.07508534406012757,0.9473527806495604,-32.24781848219377
581,582.0,0.1617463590733489,3.8421543240628724,0.1617463590733489,3.8421543240628724,2.686589289177931,0.6195147051382733,3.760982703049365e-08,-2.7034637752162496
582,583.0,0.667758655966511,8.394250274884163,0.20838306939000878,0.4579533703366,0.039464662248438455,0.07508534406016976,0.9473527882786924,-32.247818482185906
583,584.0,0.2487497387537817,1.096455785939459,0.20838302984872523,0.45795348657719526,0.03946466224838509,0.07508534406011896,0.9473527795223418,-32.24781848219538
584,585.0,0.7620636895241191,3.4834722879587154,0.20838362937855662,0.4579542475263473,0.03946466225338451,0.07508534406487492,0.9473527176368505,-32.24781848130861
585,586.0,0.1007094307953812,1.5776934493976718,0.20838347309085173,0.4579545660271808,0.039464662255103956,0.07508534406651064,0.9473526938999176,-32.24781848100362
586,587.0,0.20841295509715219,1.2086436188210143,0.20838291091015218,0.4579526423872189,0.03946466225148573,0.07508534406306862,0.9473528452721186,-32.247818481645396
587,588.0,0.3004748192414417,3.4833320839531736,0.208383159235325,0.4579537073222317,0.039464662248778884,0.07508534406049361,0.9473527618071412,-32.247818482125524
588,589.0,0.7060449751955171,9.319575442933685,0.20838300681887983,0.4579534547781153,0.03946466224838066,0.07508534406011476,0.9473527820975844,-32.24781848219616
589,590.0,0.9590675037303875,8.873751988037169,0.20838297507109058,0.45795349111027694,0.03946466224839534,0.07508534406012872,0.9473527794636805,-32.24781848219355
590,591.0,0.21913890748108578,7.449018399007251,0.21913890748108578,7.449018399007251,2.6865893554682136,0.619514712781385,2.821076705572523e-13,-2.7034636024946597
591,592.0,0.1406988003923404,9.569007397277668,0.1406988003923404,9.569007397277668,2.68658935546875,0.6195147127814468,3.3306690738754696e-16,-2.7034636024932626
592,593.0,0.868824184044854,3.2509300333557505,0.20838271184685483,0.4579539206439667,0.039464662250017095,0.07508534406167151,0.9473527477280019,-32.2478184819059
593,594.0,0.6902270614737279,1.1834654847375259,0.2083830071594414,0.45795327199487273,0.03946466224854156,0.07508534406026783,0.9473527961951185,-32.247818482167624
594,595.0,0.2862635627436536,2.137926343581501,0.20838277765120444,0.4579530933046519,0.039464662249305435,0.0750853440609945,0.9473528111976739,-32.24781848203213
595,596.0,0.13748277568383782,3.745130122314181,0.13748277568383782,3.745130122314181,2.6865893498113262,0.6195147121291594,3.305151263788275e-09,-2.703463617233872
596,597.0,0.29497838746218696,6.93788724842058,0.29497838746218696,6.93788724842058,2.6865893487740458,0.6195147120095634,3.168987294799308e-09,-2.7034636199365414
597,598.0,0.36365137795407276,2.154763864955287,0.20838277765120444,0.4579530933046519,0.039464662249305435,0.0750853440609945,0.9473528111976739,-32.24781848203213
598,599.0,0.44668880226755814,4.504132451841783,0.20838295815644636,0.4579534607689239,0.039464662248400104,0.07508534406013324,0.9473527818939771,-32.247818482192706
599,600.0,0.41181386527683006,1.528085465207005,0.20838281108433426,0.4579536044691705,0.0394646622487542,0.07508534406047013,0.9473527715903325,-32.2478184821299
600,601.0,0.557204437341404,1.7682535961917287,0.20838318987935459,0.45795277831429776,0.03946466225078139,0.07508534406239857,0.9473528333046644,-32.24781848177033
601,602.0,0.8037481106459147,0.375464069883735,0.20838319425512405,0.4579532830551126,0.03946466224874504,0.07508534406046138,0.9473527943476441,-32.24781848213152
602,603.0,0.3308974535747531,2.2386594398870936,0.20838277765120444,0.4579530933046519,0.039464662249305435,0.0750853440609945,0.9473528111976739,-32.24781848203213
603,604.0,0.12016517553651085,8.744604148982708,0.12016517553651085,8.744604148982708,2.68658935546875,0.6195147127814468,3.3306690738754696e-16,-2.7034636024932626
604,605.0,0.7047533114992798,8.181753330902481,0.20838300201084511,0.457953458544837,0.03946466224838119,0.07508534406011524,0.9473527818325737,-32.24781848219607
605,606.0,0.983747324428674,0.665358843807326,0.20838301144817797,0.4579535426798872,0.039464662248412816,0.07508534406014536,0.9473527752924968,-32.24781848219046
606,607.0,0.9688669581056322,7.614847636887481,0.20838300763768686,0.4579534744971544,0.0394646622483817,0.07508534406011572,0.9473527805721645,-32.247818482195974
607,608.0,0.9279901811254115,1.8265684552080848,0.2083832527536513,0.4579535233202738,0.03946466224875047,0.07508534406046656,0.9473527755033864,-32.24781848213057
608,609.0,0.07872260955725685,0.387823627202516,0.2083830052485634,0.4579534584000283,0.03946466224838074,0.07508534406011483,0.947352781826543,-32.247818482196145
609,610.0,0.8380001447367268,4.389119646760047,0.2083830043557711,0.4579534326146279,0.03946466224838393,0.07508534406011785,0.947352783820297,-32.247818482195584
610,611.0,0.026801303899382956,6.485524894071793,0.026801303899382956,6.485524894071793,2.68658935546875,0.6195147127814468,3.3306690738754696e-16,-2.7034636024932626
611,612.0,0.3256575399753959,8.734435989998646,0.3256575399753959,8.734435989998646,2.686589355281566,0.619514712759865,8.490586012044332e-11,-2.7034636029809764
612,613.0,0.7070650477635265,1.800471795564385,0.20838294356549134,0.45795335531683296,0.03946466224845752,0.07508534406018787,0.9473527901057516,-32.247818482182524
613,614.0,0.38318295795055113,7.729179837536028,0.38318295795055113,7.729179837536028,2.6865892577413564,0.619514701513711,4.098910810768075e-08,-2.7034638571253176
614,615.0,0.7041385269453696,1.3491086709456932,0.20838301954403624,0.457953461541748,0.039464662248380473,0.07508534406011458,0.9473527815082518,-32.24781848219619
615,616.0,0.24206212248477899,6.7514406144762065,0.24206212248477899,6.7514406144762065,2.6865893553062934,0.619514712762716,8.279688046286537e-11,-2.703463602916549
616,617.0,0.8571104561784892,1.2081215099450509,0.20838300473614818,0.4579534461163091,0.039464662248381494,0.07508534406011555,0.9473527827767959,-32.24781848219601
617,618.0,0.8829043429668273,7.735667688765378,0.20838280016913424,0.4579535216179554,0.03946466224869463,0.07508534406041348,0.9473527780392256,-32.247818482140474
618,619.0,0.038201649549163164,1.1141021208197173,0.20838259101679177,0.4579530386094152,0.039464662250232506,0.0750853440618764,0.9473528164073235,-32.24781848186769
619,620.0,0.5597768377157679,2.706338057807027,0.20838298848434822,0.4579533832155887,0.03946466224840994,0.07508534406014263,0.9473527877151107,-32.247818482190965
620,621.0,0.58546861351418,6.2404832844288425,0.2083830403309792,0.4579534853986285,0.03946466224838739,0.07508534406012116,0.9473527795575599,-32.247818482194965
621,622.0,0.09526046953674638,1.8533370548765897,0.20838306316462293,0.45795340988408656,0.039464662248407834,0.07508534406014063,0.9473527852612018,-32.24781848219134
622,623.0,0.5606511261073144,6.283042311303688,0.20838303927367768,0.45795348571753813,0.039464662248387156,0.07508534406012092,0.9473527795385778,-32.24781848219501
623,624.0,0.24896806792788384,7.245888677681079,0.24896806792788384,7.245888677681079,2.686589355425103,0.6195147127764145,2.203226490138377e-11,-2.7034636026069876
624,625.0,0.5288285714548251,0.9673045911264823,0.20838301629565298,0.457953443533797,0.0394646622483814,0.07508534406011548,0.9473527829145907,-32.24781848219603
625,626.0,0.8267954859123064,3.2043094442178393,0.20838305748232702,0.4579534660836634,0.03946466224839218,0.07508534406012572,0.9473527809563289,-32.24781848219411
626,627.0,0.15747175940827896,2.6324671561370847,0.20838271048003362,0.4579538136702818,0.039464662249601545,0.07508534406127619,0.947352755987016,-32.24781848197961
627,628.0,0.14634205609990214,7.998501654107502,0.14634205609990214,7.998501654107502,2.68658935546875,0.6195147127814468,3.3306690738754696e-16,-2.7034636024932626
628,629.0,0.14534683584168184,5.493423048888602,0.14534683584168184,5.493423048888602,2.686589355468648,0.6195147127814351,5.906386491005833e-14,-2.703463602493529
629,630.0,0.9238707650401974,4.891836766696613,0.2083829028899651,0.45795377834953693,0.03946466224894889,0.07508534406065531,0.9473527576901333,-32.24781848209537
630,631.0,0.5339942753950864,3.9917849529596134,0.20838310757355485,0.45795341200181255,0.03946466224844785,0.07508534406017867,0.9473527848618557,-32.24781848218424
631,632.0,0.362977975208156,5.10041088461539,0.20838299308864686,0.45795340973400617,0.03946466224839372,0.07508534406012717,0.9473527856450984,-32.24781848219384
632,633.0,0.958820038431002,7.399498967064636,0.20838275939394707,0.4579542246443561,0.03946466225160452,0.07508534406318161,0.9473527240255273,-32.24781848162433
633,634.0,0.5605845799921239,6.559120256651868,0.20838301086538055,0.4579534543228645,0.03946466224838044,0.07508534406011455,0.9473527821112033,-32.247818482196195
634,635.0,0.41168648147520914,7.532065702875773,0.4117081086197402,7.532064370608135,2.68658880710332,0.6195146495562153,2.2147592382282255e-07,-2.703465031278199
635,636.0,0.9493616266552196,0.6406702642861043,0.20838300572451485,0.4579535416433252,0.03946466224841262,0.07508534406014515,0.9473527754028617,-32.24781848219049
636,637.0,0.38900222810927065,6.90490717110048,0.3890448606734387,6.904904417747362,2.6865882893809996,0.6195145898640553,4.436573398658439e-07,-2.7034663802217302
637,638.0,0.1343143123107844,8.320600714374388,0.1343143123107844,8.320600714374388,2.68658935546875,0.6195147127814468,3.3306690738754696e-16,-2.7034636024932626
638,639.0,0.5472698421309563,6.736021463094105,0.20838293111491463,0.4579534601220941,0.03946466224842385,0.07508534406015584,0.9473527820875054,-32.2478184821885
639,640.0,0.11443962207477831,1.2961839168693836,0.208382987590671,0.45795354031587454,0.039464662248416424,0.07508534406014877,0.9473527756015908,-32.247818482189814
640,641.0,0.2478569167608632,5.740656839685659,0.2478569167608632,5.740656839685659,2.6865893385758968,0.6195147108337412,8.540460894046475e-09,-2.703463646508167
641,642.0,0.9201467032799964,0.4153952000001067,0.2083828713296093,0.45795289259503447,0.039464662249949135,0.07508534406160683,0.9473528261822824,-32.247818481917946
642,643.0,0.11874469621611317,0.9621155046484946,0.2083829581036391,0.45795351766164927,0.039464662248417756,0.07508534406015005,0.94735277750571,-32.24781848218958
643,644.0,0.9922106276041217,8.970556758227323,0.20838300104423174,0.45795345755040845,0.039464662248381334,0.07508534406011542,0.9473527819144162,-32.24781848219604
644,645.0,0.2563646984352501,8.96207711861905,0.2563646984352501,8.96207711861905,2.6865893554686364,0.6195147127814338,5.6288307348495437e-14,-2.7034636024935583
645,646.0,0.13939844432125503,0.7829018664562293,0.20838277916799394,0.4579528040991769,0.039464662250629653,0.07508534406225419,0.9473528334979662,-32.247818481797246
646,647.0,0.6587564103615459,6.648770654926565,0.20838305587653888,0.4579530647062326,0.039464662249118876,0.075085344060817,0.9473528119258019,-32.24781848206522
647,648.0,0.9652262599302811,5.315029590901637,0.20838234846779666,0.4579534400375701,0.0394646622511725,0.0750853440627706,0.9473527867285748,-32.24781848170096
648,649.0,0.22138897736882945,3.9794142654831566,0.20838300864437254,0.45795345515867547,0.0394646622483805,0.07508534406011459,0.9473527820585309,-32.24781848219619
649,650.0,0.6632893304150936,4.9370075467438115,0.2083830206118515,0.4579534259115757,0.03946466224838571,0.07508534406011955,0.9473527842509855,-32.247818482195264
650,651.0,0.07789401616319735,2.938661439938232,0.07789401616319735,2.938661439938232,2.6865893554342763,0.619514712777472,2.1376345138435227e-11,-2.703463602583086
651,652.0,0.5068969948577529,7.849669239865567,0.20838412229788422,0.4579530373635939,0.03946466225720306,0.0750853440685075,0.9473528083581894,-32.247818480631295
652,653.0,0.1594354924122514,7.5562610654857805,0.1594354924122514,7.5562610654857805,2.68658935546875,0.6195147127814468,3.3306690738754696e-16,-2.7034636024932626
653,654.0,0.0705317200003639,0.25795197188794183,0.20838474034721327,0.4579531495202571,0.039464662267916964,0.07508534407869963,0.9473527964083583,-32.247818478730935
654,655.0,0.3822200899216682,8.382811080929255,0.3822200899216682,8.382811080929255,2.686589338577223,0.619514710833894,7.093825082904459e-09,-2.7034636465047113
655,656.0,0.01592455091514977,5.627683068907423,0.01592455091514977,5.627683068907423,2.68658935546875,0.6195147127814468,3.3306690738754696e-16,-2.7034636024932626
656,657.0,0.778455723899245,8.878465329504532,0.20838302072400608,0.45795338807081326,0.03946466224840408,0.07508534406013703,0.9473527871693127,-32.247818482192
657,658.0,0.9442389870276019,3.3785861775071195,0.20838307156122976,0.45795267443398097,0.03946466225127117,0.07508534406286448,0.9473528419465189,-32.24781848168346
658,659.0,0.23460438269490547,5.90318398484569,0.23460438269490547,5.90318398484569,2.6865893526705578,0.619514712458822,1.4409334836429366e-09,-2.7034636097840474
659,660.0,0.5150771001412661,6.1824355156369535,0.20838304116408618,0.45795348521294016,0.03946466224838765,0.0750853440601214,0.9473527795674569,-32.24781848219492
660,661.0,0.8879041374237653,7.738800508452257,0.20838282593763016,0.45795333689198475,0.03946466224866056,0.075085344060381,0.9473527921516854,-32.24781848214651
661,662.0,0.8048987976978927,5.544455885139076,0.2083829186546047,0.4579530561675758,0.039464662249167566,0.07508534406086334,0.9473528133134976,-32.24781848205658
662,663.0,0.5005736668905676,4.014906429328806,0.20838300855505107,0.45795345543107757,0.0394646622483805,0.07508534406011459,0.9473527820379931,-32.24781848219619
663,664.0,0.11680976125765496,4.791495285746269,0.11680976125765496,4.791495285746269,2.68658935546873,0.6195147127814445,1.2212453270876722e-14,-2.703463602493314
664,665.0,0.8867185004420896,4.075725947280692,0.20838305053505257,0.45795288729519756,0.03946466224991099,0.07508534406157055,0.9473528256390134,-32.24781848192472
665,666.0,0.624717456364086,1.5675274070492995,0.20838260619843402,0.4579534562585632,0.039464662249430266,0.07508534406111324,0.9473527841103891,-32.24781848200999
666,667.0,0.9220144539090823,4.183820042492379,0.20838306684857638,0.4579535139399868,0.039464662248410186,0.07508534406014286,0.9473527772150644,-32.24781848219092
667,668.0,0.4785749298324743,5.397186239311541,0.20838275186812566,0.4579533297122318,0.03946466224887371,0.0750853440605838,0.9473527930987593,-32.247818482108705
668,669.0,0.7296668313211124,2.2778075787319265,0.20838277765120444,0.4579530933046519,0.039464662249305435,0.0750853440609945,0.9473528111976739,-32.24781848203213
669,670.0,0.37207187154892185,6.522398286973158,0.37213191241012517,6.522394378988087,2.686587887805479,0.6195145435633429,6.247713456586368e-07,-2.703467426540909
670,671.0,0.895227976536853,8.854133172442564,0.20838301698460868,0.457953416806176,0.03946466224838861,0.07508534406012231,0.9473527849726202,-32.247818482194745
671,672.0,0.32908513348566626,8.938596799387184,0.32908513348566626,8.938596799387184,2.68658935533926,0.6195147127665169,5.845879336163762e-11,-2.703463602830653
672,673.0,0.0467592403610092,0.9808446865499166,0.2083828813888088,0.45795302165505103,0.03946466224934485,0.07508534406103197,0.9473528161736148,-32.24781848202514
673,674.0,0.9115942148365552,1.7889670487619687,0.20838282628823407,0.4579535296224951,0.03946466224863321,0.07508534406035498,0.9473527772831019,-32.24781848215137
674,675.0,0.48929734808142056,1.6674308412309409,0.20838299640202118,0.4579533953204273,0.039464662248400395,0.07508534406013355,0.9473527867393167,-32.247818482192656
675,676.0,0.4944438716032079,2.1455596643839545,0.20838319395271052,0.4579536500766749,0.03946466224873468,0.07508534406045154,0.9473527660383738,-32.24781848213337
676,677.0,0.16806459290759446,6.345139880257935,0.16806459290759446,6.345139880257935,2.6865893554687057,0.6195147127814418,2.4868995751603507e-14,-2.703463602493377
677,678.0,0.8269158536389122,1.9998948977470783,0.20838277765120444,0.4579530933046519,0.039464662249305435,0.0750853440609945,0.9473528111976739,-32.24781848203213
678,679.0,0.4093153120928624,4.438823127992747,0.20838301884446875,0.45795345811860205,0.03946466224838041,0.07508534406011452,0.94735278177602,-32.2478184821962
679,680.0,0.7716993420914597,9.111445846234375,0.20838299826275636,0.4579534551975853,0.03946466224838186,0.07508534406011588,0.9473527821106829,-32.247818482195946
680,681.0,0.2531624191146631,1.8041091224644366,0.20838351925577475,0.4579534324384745,0.03946466225000099,0.07508534406165615,0.9473527810961626,-32.24781848190875
681,682.0,0.9848993411912136,8.66582596809582,0.20838300963265,0.4579534548120476,0.03946466224838045,0.07508534406011455,0.9473527820800184,-32.247818482196195
682,683.0,0.5004520748549587,9.463338395614462,0.5004520748549587,9.463338395614462,2.686589147676741,0.6195146888235226,7.50313934316793e-08,-2.7034641439024343
683,684.0,0.8813789457140436,1.0852878238493782,0.20838362168942612,0.457954249946586,0.03946466225334534,0.07508534406483766,0.9473527174910799,-32.247818481315555
684,685.0,0.3284140025215251,5.698237115988448,0.20838297250388255,0.457953455690472,0.03946466224839122,0.07508534406012482,0.9473527822095016,-32.24781848219429
685,686.0,0.7969774938845563,4.435848259446786,0.20838298994730103,0.4579535292859559,0.039464662248407695,0.07508534406014046,0.9473527764398896,-32.24781848219136
686,687.0,0.15254736385330248,1.3935782171518138,0.20838294289052742,0.45795336907745154,0.03946466224844628,0.0750853440601772,0.9473527890478831,-32.24781848218452
687,688.0,0.09155126921067891,2.724193617453755,0.09155126921067891,2.724193617453755,2.686589340144775,0.6195147110146291,9.39292976731565e-09,-2.7034636424204006
688,689.0,0.9449656120188471,7.6882414861411394,0.20838271900482389,0.4579529731664424,0.03946466224994487,0.07508534406160278,0.9473528207761078,-32.247818481918706
689,690.0,0.30218432809335116,3.5583148016841384,0.2083830207382964,0.45795345311645774,0.03946466224838071,0.07508534406011479,0.9473527821518092,-32.24781848219615
690,691.0,0.32897576812042895,3.578736963160327,0.20838300900532203,0.45795345340627436,0.03946466224838054,0.07508534406011465,0.9473527821917884,-32.24781848219618
691,692.0,0.3695877914924063,5.383754079831497,0.2083830117607939,0.4579534526377621,0.03946466224838048,0.07508534406011458,0.9473527822364302,-32.24781848219619
692,693.0,0.06351578790073686,3.5579259280043893,0.06351578790073686,3.5579259280043893,2.68658935546875,0.6195147127814468,3.3306690738754696e-16,-2.7034636024932626
693,694.0,0.47769776412575804,7.163659330219984,0.20838294563864948,0.457953731009605,0.039464662248761904,0.07508534406047743,0.9473527611147982,-32.24781848212854
694,695.0,0.7310064871419758,9.351227449391944,0.2083831054917548,0.4579534183512604,0.03946466224844255,0.07508534406017364,0.9473527843831424,-32.24781848218518
695,696.0,0.017326480167362157,6.204868219500382,0.017326480167362157,6.204868219500382,2.68658935546875,0.6195147127814468,3.3306690738754696e-16,-2.7034636024932626
696,697.0,0.45424478307106564,6.073198240400463,0.20838327300909104,0.45795258328671745,0.03946466225247012,0.07508534406400508,0.947352847906161,-32.2478184814708
697,698.0,0.7028993517290277,8.675523528916859,0.20838165846697865,0.4579541943010744,0.03946466226301443,0.07508534407403583,0.9473527321988832,-32.24781847960051
698,699.0,0.7478515732641915,6.0204747717216005,0.20838300655827935,0.45795343991548876,0.03946466224838224,0.07508534406011626,0.9473527832454287,-32.24781848219588
699,700.0,0.6626287819130428,9.225616755061345,0.20838298045666528,0.45795339583279476,0.03946466224840475,0.07508534406013766,0.947352786784503,-32.24781848219189
700,701.0,0.744815004593862,3.0253953369584066,0.20838314029313065,0.4579535228444983,0.03946466224849522,0.07508534406022373,0.9473527761378984,-32.247818482175845
701,702.0,0.10377097462987928,7.569172500296361,0.10377097462987928,7.569172500296361,2.68658935546875,0.6195147127814468,3.3306690738754696e-16,-2.7034636024932626
702,703.0,0.5805951045812405,6.67622181796412,0.20838289994157447,0.4579530931786563,0.039464662249059035,0.07508534406076009,0.947352810557983,-32.247818482075836
703,704.0,0.44402801765620903,5.0226829867155045,0.20838237196030318,0.45795235262619166,0.039464662256263244,0.07508534406761343,0.9473528704839225,-32.247818480797996
704,705.0,0.011997216660159293,6.255114550269092,0.011997216660159293,6.255114550269092,2.68658935546875,0.6195147127814468,3.3306690738754696e-16,-2.7034636024932626
705,706.0,0.37476785431637827,9.874120068905546,0.37476785431637827,9.874120068905546,2.6865893552553795,0.6195147127568458,9.050815652500432e-11,-2.7034636030492063
706,707.0,0.4703664643156591,8.67755305155075,0.47037943172059354,8.677552252190239,2.686588989433676,0.6195146705784729,1.3715309976625178e-07,-2.70346455621017
707,708.0,0.008508703214487379,1.8077397314450685,0.008508703214487379,1.8077397314450685,2.68658935546875,0.6195147127814468,3.3306690738754696e-16,-2.7034636024932626
708,709.0,0.5245560161593077,2.4232831471906526,0.20838484037614277,0.4579549620069516,0.03946466227840799,0.0750853440886797,0.94735265606746,-32.247818476870094
709,710.0,0.9038942434935424,9.02223534397569,0.20838299793391918,0.4579534547230457,0.039464662248381945,0.07508534406011597,0.9473527821490345,-32.24781848219593
710,711.0,0.7843806807434243,8.903155687067816,0.20838295843396176,0.45795350799526136,0.03946466224841238,0.07508534406014493,0.9473527782495943,-32.24781848219053
711,712.0,0.5288712430217891,6.490380946878015,0.2083830109949529,0.4579534543490643,0.039464662248380404,0.07508534406011448,0.947352782108494,-32.2478184821962
712,713.0,0.03882133241204211,7.783393407475094,0.03882133241204211,7.783393407475094,2.68658935546875,0.6195147127814468,3.3306690738754696e-16,-2.7034636024932626
713,714.0,0.9448660974576903,7.912393827914275,0.2083829499966733,0.4579534765844426,0.039464662248408305,0.07508534406014104,0.9473527807173547,-32.247818482191256
714,715.0,0.1266850418258516,5.507460350821205,0.1266850418258516,5.507460350821205,2.686589355468749,0.6195147127814468,7.771561172376096e-16,-2.7034636024932652
715,716.0,0.8182766176533502,6.630758858500567,0.20838312813386686,0.45795297482155967,0.03946466224957565,0.07508534406125156,0.9473528184751389,-32.2478184819842
716,717.0,0.7412693710775538,3.063748271765215,0.2083830136922386,0.45795345439039054,0.03946466224838035,0.07508534406011448,0.9473527820909762,-32.247818482196216
717,718.0,0.21407312608977247,8.246656484392465,0.21407312608977247,8.246656484392465,2.6865893554687434,0.6195147127814461,3.4416913763379853e-15,-2.7034636024932794
718,719.0,0.47921923337822847,9.536227634963447,0.47921923337822847,9.536227634963447,2.6865892724540257,0.6195147032100466,3.0765934910803594e-08,-2.703463818790956
719,720.0,0.4012787640929173,7.866873117938401,0.4012787640929173,7.866873117938401,2.6865891994668036,0.6195146947947935,6.387643081140482e-08,-2.703464008961655
720,721.0,0.5042226939257021,0.7291085090479777,0.20838302065602374,0.4579534213670785,0.03946466224838724,0.07508534406012102,0.9473527846012998,-32.24781848219499
721,722.0,0.6810036180868904,8.999312010081283,0.2083830005085717,0.4579534581206173,0.03946466224838143,0.0750853440601155,0.9473527818732776,-32.247818482196024
722,723.0,0.5585399150363531,5.039358745462408,0.20838300998937523,0.45795344454311127,0.0394646622483813,0.07508534406011537,0.947352782870239,-32.247818482196045
723,724.0,0.8423282142722126,1.4492411717838833,0.2083829789828802,0.45795344005935706,0.039464662248389404,0.07508534406012306,0.9473527833808238,-32.24781848219461
724,725.0,0.04038562900487519,3.5286456446652785,0.04038562900487519,3.5286456446652785,2.68658935546875,0.6195147127814468,3.3306690738754696e-16,-2.7034636024932626
725,726.0,0.9797545475343478,3.7203069664704924,0.20838302534053837,0.457953523909727,0.03946466224840012,0.0750853440601333,0.9473527766665683,-32.247818482192706
726,727.0,0.44267188896600407,9.253535098692662,0.44267188896600407,9.253535098692662,2.6865893204246953,0.6195147087409507,1.3598191461738907e-08,-2.7034636938017407
727,728.0,0.8815046278354212,3.3970140886958675,0.20838299908664779,0.45795342633410496,0.03946466224838635,0.07508534406012017,0.9473527843327509,-32.24781848219515
728,729.0,0.19153494011901584,9.056900665723985,0.19153494011901584,9.056900665723985,2.68658935546875,0.6195147127814468,3.3306690738754696e-16,-2.7034636024932626
729,730.0,0.8382303124121822,6.7983649259567684,0.20838297138997827,0.4579534627155044,0.039464662248391964,0.07508534406012553,0.9473527816735277,-32.24781848219415
730,731.0,0.6239353033165526,4.561387503422795,0.2083830066089197,0.45795343851118625,0.03946466224838248,0.07508534406011647,0.9473527833534835,-32.24781848219584
731,732.0,0.8637486090780272,7.559683637197634,0.20838355405706374,0.4579541728472929,0.03946466225236996,0.0750853440639098,0.9473527237982071,-32.247818481488565
732,733.0,0.04157259110338607,0.04294855174207757,0.20838306130115467,0.4579542778396865,0.03946466225147355,0.075085344063057,0.9473527183190633,-32.24781848164756
733,734.0,0.22390845565156525,5.464585523596854,0.22390845565156525,5.464585523596854,2.6865893483089804,0.6195147119559425,3.741699949877386e-09,-2.703463621148286
734,735.0,0.3467856848812503,4.852118781492035,0.20838289329112214,0.4579538011310952,0.039464662249035755,0.07508534406073797,0.9473527559837864,-32.247818482079964
735,736.0,0.8282202485582227,4.163016238021254,0.20838300150005426,0.45795343357849055,0.03946466224838408,0.07508534406011802,0.9473527837611188,-32.24781848219555
736,737.0,0.303474461520553,9.644680077441615,0.303474461520553,9.644680077441615,2.6865893554671563,0.6195147127812631,7.455147610357926e-13,-2.7034636024974157
737,738.0,0.9423734591751682,0.35927910521079615,0.20838308047976256,0.45795203315174676,0.039464662257858496,0.07508534406913099,0.9473528913645771,-32.247818480515036
738,739.0,0.5585581288262605,2.7010959235874856,0.20838301038065432,0.45795345424865136,0.03946466224838044,0.07508534406011455,0.9473527821195031,-32.247818482196195
739,740.0,0.10791307190982835,6.569228193492975,0.10791307190982835,6.569228193492975,2.68658935546875,0.6195147127814468,3.3306690738754696e-16,-2.7034636024932626
740,741.0,0.46690838420907044,1.7680844189748102,0.20838298416260148,0.45795344742340827,0.03946466224838636,0.07508534406012017,0.9473527827852661,-32.24781848219515
741,742.0,0.2692784260123767,6.409339418677518,0.2692784260123767,6.409339418677518,2.68658934876686,0.6195147120087349,3.2884394096655e-09,-2.703463619955265
742,743.0,0.09745280642109988,8.108848930786523,0.09745280642109988,8.108848930786523,2.68658935546875,0.6195147127814468,3.3306690738754696e-16,-2.7034636024932626
743,744.0,0.7228673463624445,4.677686835064281,0.20838301420494837,0.4579534596118642,0.039464662248380245,0.07508534406011434,0.947352781685483,-32.24781848219624
744,745.0,0.7990964525117131,3.1291378144371396,0.2083834786483286,0.45795362099669273,0.03946466224982308,0.07508534406148695,0.9473527667675201,-32.247818481940314
745,746.0,0.46470938090500513,9.153533573570764,0.46470938090500513,9.153533573570764,2.686589248267161,0.6195147004213588,4.045404211616699e-08,-2.7034638818106567
746,747.0,0.20892517471807426,2.1378422383572957,0.2083829612542918,0.4579533389305313,0.03946466224846118,0.07508534406019136,0.9473527912757806,-32.24781848218188
747,748.0,0.4292198072917368,0.4222316999780988,0.20838319053201168,0.45795366471356974,0.03946466224875285,0.07508534406046882,0.9473527649275083,-32.24781848213014
748,749.0,0.093275678338398,0.8098877385632366,0.2083825769909331,0.4579538138584552,0.03946466225025179,0.07508534406189474,0.9473527566807874,-32.24781848186427
749,750.0,0.25830304903350454,2.927967730600033,0.20838300759932787,0.45795345502915547,0.039464662248380605,0.07508534406011469,0.9473527820740737,-32.24781848219617
750,751.0,0.3332066682623712,9.216359397747286,0.3332066682623712,9.216359397747286,2.6865893553925195,0.6195147127726577,3.4219294064996575e-11,-2.7034636026918832
751,752.0,0.6496959643891994,8.895252092670715,0.20838296273836862,0.4579534963703499,0.03946466224840442,0.07508534406013737,0.9473527791234438,-32.247818482191946
752,753.0,0.2546830279175777,9.556649948791305,0.2546830279175777,9.556649948791305,2.6865893554687412,0.6195147127814459,4.3298697960381105e-15,-2.7034636024932857
753,754.0,0.8655403187268315,4.677066681686705,0.2083829887792181,0.45795331569452497,0.03946466224847736,0.07508534406020671,0.9473527929219141,-32.24781848217901
754,755.0,0.06166090653993184,9.23583576197468,0.06166090653993184,9.23583576197468,2.68658935546875,0.6195147127814468,3.3306690738754696e-16,-2.7034636024932626
755,756.0,0.49181838264368327,3.311168391951604,0.20838301735574943,0.4579534842008094,0.0394646622483832,0.0750853440601172,0.9473527797720231,-32.24781848219571
756,757.0,0.8827413784814758,5.0207200869604,0.20838338456701425,0.45795393499057707,0.039464662250199435,0.07508534406184499,0.947352743047441,-32.24781848187356
757,758.0,0.20404864154542923,4.441465396996791,0.2040612092700746,4.44146464204513,2.6865892068349915,0.619514695644328,7.98028965132147e-08,-2.7034639897635895
758,759.0,0.6061895058033036,2.262621471352495,0.208383008631976,0.45795345287152733,0.039464662248380626,0.0750853440601147,0.9473527822350207,-32.247818482196166
759,760.0,0.06877792914760539,0.863214833954894,0.2083836548414504,0.45795348056622287,0.03946466225096589,0.07508534406257407,0.9473527766621234,-32.2478184817376
760,761.0,0.07516179282957725,3.549280023650688,0.07516179282957725,3.549280023650688,2.6865893554687457,0.6195147127814463,2.55351295663786e-15,-2.703463602493273
761,762.0,0.014939050774445461,4.904837440131895,0.014939050774445461,4.904837440131895,2.68658935546875,0.6195147127814468,3.3306690738754696e-16,-2.7034636024932626
762,763.0,0.7069129337594895,9.758308875798459,0.208383042096671,0.45795312186337045,0.03946466224891577,0.0750853440606238,0.9473528075901279,-32.247818482101245
763,764.0,0.9910580224356729,5.0650260756076495,0.20838300789361322,0.457953438352356,0.039464662248382375,0.07508534406011641,0.94735278335891,-32.247818482195854
764,765.0,0.6730612373229371,4.803359585193455,0.2083829894520425,0.4579534952955888,0.03946466224839066,0.0750853440601243,0.9473527790644429,-32.24781848219439
765,766.0,0.6564101460559659,0.9084989365079659,0.20838290178426835,0.4579531480052985,0.03946466224888852,0.07508534406059787,0.9473528063190471,-32.24781848210608
766,767.0,0.33870541035958956,8.859376140514795,0.33870541035958956,8.859376140514795,2.6865893551400726,0.6195147127435511,1.4642886903004637e-10,-2.7034636033496433
767,768.0,0.03334027557218089,7.653166701306059,0.03334027557218089,7.653166701306059,2.68658935546875,0.6195147127814468,3.3306690738754696e-16,-2.7034636024932626
768,769.0,0.1362501055383497,7.63932868327465,0.1362501055383497,7.63932868327465,2.68658935546875,0.6195147127814468,3.3306690738754696e-16,-2.7034636024932626
769,770.0,0.9314472228212352,3.2993922308941674,0.2083830878384886,0.4579534820015838,0.039464662248416056,0.07508534406014844,0.9473527795671631,-32.24781848218988
770,771.0,0.9083815020688095,8.115055077411775,0.20838296093897377,0.457953342154476,0.03946466224845794,0.0750853440601883,0.9473527910287702,-32.24781848218245
771,772.0,0.3943639212043809,9.788834938516413,0.3943639212043809,9.788834938516413,2.6865893545913897,0.6195147126802892,3.625455491373941e-10,-2.7034636047792553
772,773.0,0.2525148437888589,0.6146747177590596,0.20838299326377455,0.457953243445759,0.039464662248595433,0.07508534406031905,0.9473527984711315,-32.24781848215807
773,774.0,0.6040553196869997,9.496128605793611,0.20838237897489242,0.4579541121802314,0.03946466225312141,0.07508534406462461,0.9473527347186813,-32.247818481355274
774,775.0,0.5697735105844565,6.823960657380243,0.20838298894381335,0.45795353649873644,0.03946466224841306,0.07508534406014561,0.9473527758888463,-32.24781848219041
775,776.0,0.3128064727696267,7.578125162796929,0.3128064727696267,7.578125162796929,2.686589352674261,0.6195147124592488,1.2903454971180395e-09,-2.7034636097743983
776,777.0,0.7669847137232132,4.800740027382067,0.2083829540236609,0.4579537748178532,0.03946466224887436,0.07508534406058442,0.9473527576909975,-32.24781848210859
777,778.0,0.8943337847113427,7.699336940568832,0.2083827536221686,0.45795338678926684,0.0394646622488228,0.07508534406053537,0.9473527886866765,-32.24781848211774
778,779.0,0.4821468988168043,0.7796789096923208,0.20838300757190098,0.45795346051551516,0.03946466224838058,0.07508534406011468,0.9473527816510174,-32.24781848219617
779,780.0,0.5270077746272251,4.488080931589801,0.20838347276532487,0.4579534533279211,0.03946466224970931,0.0750853440613787,0.9473527797322006,-32.24781848196049
780,781.0,0.553628312237768,9.546845777718394,0.5536551352259081,9.546844090179537,2.6865884144090706,0.6195146042794969,3.1904363639867483e-07,-2.7034660544567144
781,782.0,0.595899460172155,4.108081684058297,0.2083830085543803,0.45795345575963414,0.039464662248380494,0.07508534406011458,0.9473527820126528,-32.24781848219619
782,783.0,0.8747373991664386,6.4110939808514775,0.20838240002138061,0.45795355994088255,0.03946466225084133,0.07508534406245557,0.9473527772061195,-32.2478184817597
783,784.0,0.7652478185320423,6.088667609047494,0.2083829922064075,0.45795336528039754,0.03946466224842284,0.07508534406015487,0.947352789078804,-32.24781848218868
784,785.0,0.7456737029965339,9.570880304248266,0.20838331390263456,0.45795349829917265,0.03946466224894817,0.07508534406065465,0.9473527771082892,-32.2478184820955
785,786.0,0.6077841348550317,9.837313368137798,0.6078423993590713,9.837309460153074,2.6865869702900214,0.6195144377759572,7.606872104437556e-07,-2.703469817160374
786,787.0,0.9994954690689304,7.816731503680612,0.20838302458779398,0.4579534447737544,0.039464662248381924,0.07508534406011595,0.9473527827748888,-32.24781848219594
787,788.0,0.4876600445450623,9.281505658686417,0.4876600445450623,9.281505658686417,2.6865891637160697,0.619514690672819,7.032962590081127e-08,-2.7034641021114147
788,789.0,0.8643272580812102,0.8992855014954229,0.20838296253251964,0.4579534659785671,0.039464662248397515,0.07508534406013079,0.9473527814688747,-32.24781848219317
789,790.0,0.2661948855359699,1.178359493993747,0.2083830079852271,0.45795401662139557,0.039464662249819905,0.07508534406148391,0.9473527387521761,-32.247818481940875
790,791.0,0.43577813778698216,6.907376504690302,0.20838256509490907,0.45795508753304837,0.03946466226230615,0.07508534407336204,0.9473526584934212,-32.24781847972614
791,792.0,0.7217815709179574,4.071934272328727,0.20838271989925652,0.45795354182416864,0.039464662248971605,0.07508534406067689,0.9473527769066683,-32.24781848209134
792,793.0,0.6445860156153322,0.8775524335067926,0.208383492528424,0.4579536589865754,0.03946466224995837,0.07508534406161564,0.94735276376326,-32.24781848191631
793,794.0,0.49923379178273497,1.9636051234418643,0.20838309407722505,0.4579534825526943,0.03946466224842209,0.07508534406015417,0.9473527794914993,-32.24781848218881
794,795.0,0.615251794524015,7.721113428452324,0.2083829978447317,0.4579534399178422,0.039464662248383436,0.07508534406011741,0.9473527832915388,-32.24781848219567
795,796.0,0.32092394442156824,8.282653395422633,0.32092394442156824,8.282653395422633,2.686589354933261,0.6195147127197062,2.444912050592052e-10,-2.7034636038884976
796,797.0,0.6005254478409504,0.85773057697683,0.20838278151545245,0.4579532215081069,0.03946466224895321,0.07508534406065942,0.9473528012879284,-32.24781848209461
797,798.0,0.33262616284512536,8.064437099919036,0.33262616284512536,8.064437099919036,2.6865893531400027,0.6195147125129478,1.046194131326672e-09,-2.7034636085608934
798,799.0,0.8464372469314044,7.420957965660717,0.20838283141450686,0.4579540260350595,0.039464662250133,0.07508534406178174,0.9473527389636641,-32.24781848188534
799,800.0,0.34304202725471555,1.2260621649650292,0.20838339640226552,0.4579539879393072,0.03946466225048787,0.07508534406211932,0.9473527389001754,-32.2478184818224
800,801.0,0.5672175473892797,0.1645944901256325,0.2083832984237939,0.45795345444804786,0.03946466224889106,0.07508534406060033,0.9473527805731301,-32.24781848210563
801,802.0,0.11533092035543213,7.481892957335335,0.11533092035543213,7.481892957335335,2.68658935546875,0.6195147127814468,3.3306690738754696e-16,-2.7034636024932626
802,803.0,0.7916547792923835,4.2892254460365855,0.2083829872328341,0.45795345296504186,0.03946466224838488,0.07508534406011877,0.9473527823414905,-32.24781848219541
803,804.0,0.11447554245814895,4.193739897398874,0.11447554245814895,4.193739897398874,2.6865893554668503,0.6195147127812278,1.138755756358023e-12,-2.7034636024982124
804,805.0,0.42174927925184824,7.97955296192904,0.4217605147088634,7.979552295795221,2.686589075762302,0.6195146805319585,1.114976170280002e-07,-2.7034643312779707
805,806.0,0.4021028462262253,6.173413200149894,0.2083830416714717,0.4579534851400259,0.03946466224838778,0.07508534406012152,0.9473527795703856,-32.247818482194894
806,807.0,0.9585740545086077,6.862686279300986,0.2083830494820725,0.4579534812989524,0.03946466224839001,0.07508534406012364,0.947352779825175,-32.247818482194496
807,808.0,0.6318090686814419,6.6016001186434154,0.20838546163114408,0.4579539064795415,0.039464662286530325,0.07508534409640645,0.9473527341637809,-32.247818475429405
808,809.0,0.5346012355928428,7.0156320568857256,0.208383005589725,0.4579534650530937,0.03946466224838092,0.07508534406011504,0.9473527813115323,-32.24781848219612
809,810.0,0.0357413935550136,3.0060449664644993,0.0357413935550136,3.0060449664644993,2.68658935546875,0.6195147127814468,3.3306690738754696e-16,-2.7034636024932626
810,811.0,0.7365782504592135,1.8724938134361964,0.20838300173714505,0.4579534410197885,0.03946466224838259,0.07508534406011656,0.9473527831858592,-32.24781848219582
811,812.0,0.13386428339816514,8.554315303567288,0.13386428339816514,8.554315303567288,2.68658935546875,0.6195147127814468,3.3306690738754696e-16,-2.7034636024932626
812,813.0,0.23294180671651576,6.954388936154584,0.23294180671651576,6.954388936154584,2.6865893554423956,0.6195147127784082,1.3602452497707418e-11,-2.7034636025619294
813,814.0,0.8422057065165255,7.3776971886398215,0.2083830356281556,0.45795350942168733,0.03946466224839433,0.07508534406012776,0.947352777729477,-32.247818482193736
814,815.0,0.4463681872016164,0.5854535634591012,0.20838299906115762,0.4579534146135136,0.039464662248390465,0.0750853440601241,0.9473527852369782,-32.24781848219442
815,816.0,0.7110864871039718,1.8729245617596333,0.20838295909749155,0.457952946149757,0.03946466224960038,0.07508534406127508,0.9473528215850445,-32.24781848197981
816,817.0,0.5394287204323405,8.942996549764288,0.5394818779104924,8.942992997050903,2.6865874515861905,0.6195144932682817,6.562024728040683e-07,-2.703468563125824
817,818.0,0.36865284530205,2.3163173085270707,0.20838277765120444,0.4579530933046519,0.039464662249305435,0.0750853440609945,0.9473528111976739,-32.24781848203213
818,819.0,0.1172659507244066,7.227595784775622,0.1172659507244066,7.227595784775622,2.68658935546875,0.6195147127814468,3.3306690738754696e-16,-2.7034636024932626
819,820.0,0.37266738269179,8.813793404280691,0.37266738269179,8.813793404280691,2.6865893522637707,0.6195147124119204,1.3633477680130568e-09,-2.7034636108439454
820,821.0,0.3981395144232971,9.861290302504134,0.3981395144232971,9.861290302504134,2.6865893545617334,0.6195147126768701,3.7292990917592306e-10,-2.703463604856525
821,822.0,0.20619952180023526,7.153576227669229,0.20619952180023526,7.153576227669229,2.6865893554684046,0.619514712781407,1.8496315590255108e-13,-2.7034636024941623
822,823.0,0.3990182785040919,6.849788751311166,0.39908653501568175,6.849784177192277,2.6865875434738613,0.619514503862715,7.44089379334234e-07,-2.703468323709206
823,824.0,0.5722152545477974,9.416039612700438,0.572267168576168,9.416036148804887,2.686587378981889,0.6195144848971756,6.559318933563318e-07,-2.7034687522989405
824,825.0,0.09207966273236667,0.07602953457010234,0.20838298805483424,0.457952514926737,0.03946466225249227,0.07508534406402613,0.9473528546940099,-32.24781848146687
825,826.0,0.4320490872260261,4.0223467888266065,0.20838292878207032,0.4579534963995718,0.03946466224843445,0.07508534406016593,0.9473527793015506,-32.24781848218662
826,827.0,0.4510398509908192,8.277788177673896,0.45105574938454024,8.277787200677716,2.686588921184654,0.6195146627095226,1.6672788571980846e-07,-2.7034647340353466
827,828.0,0.9388762525485809,9.441748929279857,0.2083830151306253,0.4579534019679951,0.03946466224839537,0.07508534406012875,0.9473527861270432,-32.24781848219355
828,829.0,0.04800242940658206,4.804805685232551,0.04800242940658206,4.804805685232551,2.68658935546875,0.6195147127814468,3.3306690738754696e-16,-2.7034636024932626
829,830.0,0.06629071899260841,9.296955012499529,0.06629071899260841,9.296955012499529,2.68658935546875,0.6195147127814468,3.3306690738754696e-16,-2.7034636024932626
830,831.0,0.894341795482271,6.043557527103364,0.20838296875808981,0.4579534866718297,0.039464662248397474,0.07508534406013073,0.9473527798395847,-32.247818482193175
831,832.0,0.41830799283463693,5.7695751637433625,0.20838300716453856,0.45795344731366777,0.03946466224838112,0.07508534406011518,0.947352782671534,-32.24781848219608
832,833.0,0.969912633768479,8.15361432052518,0.2083826921037299,0.45795365589845505,0.03946466224924815,0.07508534406094,0.9473527682547481,-32.24781848204229
833,834.0,0.133015902343257,2.348987493190298,0.2083827779547684,0.45795316203541997,0.03946466224910272,0.07508534406080167,0.9473528058943804,-32.247818482068084
834,835.0,0.5303011542182602,7.961295138262037,0.20838299125749424,0.4579535748818012,0.03946466224844704,0.07508534406017787,0.9473527729157899,-32.247818482184385
835,836.0,0.5360543193775744,1.484325001563176,0.20838325958985968,0.4579535969876342,0.039464662248830364,0.07508534406054256,0.9473527697845704,-32.247818482116394
836,837.0,0.7686451492155634,4.480686167057077,0.20838360482112828,0.45795389490150473,0.03946466225132314,0.07508534406291395,0.9473527449680058,-32.24781848167424
837,838.0,0.03406907145143012,1.5611993775183353,0.03413750559865655,1.5611952474886586,2.6865892094626553,0.6195146959472916,9.258108346621441e-08,-2.703463982917122
838,839.0,0.5566631890351074,6.596688597469645,0.20838301036164175,0.45795345386210706,0.03946466224838044,0.07508534406011452,0.9473527821494211,-32.247818482196195
839,840.0,0.39303765318482664,6.120613229574918,0.2083829970110086,0.45795321889474583,0.03946466224864649,0.07508534406036764,0.9473528003450089,-32.24781848214901
840,841.0,0.9457676382916035,9.126971838775964,0.2083829987691181,0.45795345470286497,0.0394646622483818,0.07508534406011584,0.9473527821461541,-32.24781848219595
841,842.0,0.9353686662245645,1.0850336532486853,0.20838291381660914,0.45795309085282887,0.03946466224905074,0.0750853440607522,0.9473528106636918,-32.24781848207731
842,843.0,0.09958405730212883,7.265952493908716,0.09958405730212883,7.265952493908716,2.68658935546875,0.6195147127814468,3.3306690738754696e-16,-2.7034636024932626
843,844.0,0.027119578018907742,5.6436975623078,0.027119578018907742,5.6436975623078,2.68658935546875,0.6195147127814468,3.3306690738754696e-16,-2.7034636024932626
844,845.0,0.5036758766229299,9.147378767318289,0.5036901762954152,9.14737792354886,2.6865889206552818,0.6195146626484872,1.5639128081446074e-07,-2.7034647354146433
845,846.0,0.760701458778248,0.7884403283463419,0.20838301100404494,0.45795352604731177,0.03946466224840123,0.07508534406013433,0.947352776577847,-32.24781848219251
846,847.0,0.6861882540655981,1.4456767259783168,0.208383012767371,0.4579535298641259,0.039464662248403524,0.07508534406013648,0.9473527762740608,-32.2478184821921
847,848.0,0.7955336063844484,4.999378662198933,0.20838339661840555,0.4579539698615842,0.039464662250405604,0.07508534406204108,0.9473527402934928,-32.24781848183699
848,849.0,0.7304817964453066,4.616580026034589,0.20838323140653206,0.45795374722966314,0.03946466224902871,0.07508534406073122,0.9473527583451731,-32.247818482081215
849,850.0,0.6833637048189122,1.013856132773223,0.2083828841535964,0.4579536776709712,0.03946466224872319,0.07508534406044061,0.9473527655557438,-32.2478184821354
850,851.0,0.03815218065654402,5.0801679306096394,0.03815218065654402,5.0801679306096394,2.68658935546875,0.6195147127814468,3.3306690738754696e-16,-2.7034636024932626
851,852.0,0.7806662209036231,0.9311218981350751,0.20838316529337483,0.4579533736092122,0.03946466224856505,0.07508534406029016,0.9473527875165603,-32.24781848216345
852,853.0,0.15122841029947443,6.8424434420139955,0.15122841029947443,6.8424434420139955,2.68658935546875,0.6195147127814468,3.3306690738754696e-16,-2.7034636024932626
853,854.0,0.3968204814810691,3.9739572836083252,0.20838344706328463,0.4579544329890137,0.03946466225372362,0.07508534406519753,0.9473527043006523,-32.24781848124846
854,855.0,0.04481145627136285,7.670304979378899,0.04481145627136285,7.670304979378899,2.68658935546875,0.6195147127814468,3.3306690738754696e-16,-2.7034636024932626
855,856.0,0.09038972693605785,6.454304932592003,0.09038972693605785,6.454304932592003,2.68658935546875,0.6195147127814468,3.3306690738754696e-16,-2.7034636024932626
856,857.0,0.2537251250322077,6.949302009062618,0.2537251250322077,6.949302009062618,2.6865893552419826,0.6195147127553011,1.1371237285118241e-10,-2.7034636030841135
857,858.0,0.38200088277743594,4.34395635210333,0.20838300222782244,0.45795356154239736,0.0394646622484304,0.07508534406016207,0.9473527738864778,-32.247818482187334
858,859.0,0.26514292214356894,1.3608298164261048,0.20838300798572365,0.45795345444479685,0.039464662248380564,0.07508534406011462,0.9473527821170967,-32.24781848219618
859,860.0,0.42157508467979143,0.06756113347892145,0.20838300701931142,0.45795345646531616,0.039464662248380605,0.0750853440601147,0.9473527819663738,-32.24781848219617
860,861.0,0.014607389483413558,3.118727616574352,0.014607389483413558,3.118727616574352,2.68658935546875,0.6195147127814468,3.3306690738754696e-16,-2.7034636024932626
861,862.0,0.6101998965437523,4.284196477535398,0.20838319583494164,0.4579529232145252,0.03946466224996789,0.07508534406162468,0.9473528220959977,-32.24781848191462
862,863.0,0.9052082208571677,0.5186041972712352,0.20838344413404927,0.4579530839807906,0.039464662250283694,0.07508534406192513,0.9473528083745294,-32.247818481858616
863,864.0,0.1502360290032725,1.9407840530250935,0.20838300648549943,0.4579533496350743,0.039464662248435506,0.07508534406016691,0.9473527902097765,-32.24781848218643
864,865.0,0.11817742224998007,7.700393993580803,0.11817742224998007,7.700393993580803,2.68658935546875,0.6195147127814468,3.3306690738754696e-16,-2.7034636024932626
865,866.0,0.42773762522712844,5.007980783484916,0.2083830156694306,0.4579535108232282,0.03946466224839265,0.07508534406012617,0.9473527777274044,-32.247818482194035
866,867.0,0.30828747179564175,7.473918147711403,0.30828747179564175,7.473918147711403,2.6865893526081255,0.6195147124516238,1.3292084100058332e-09,-2.7034636099467173
867,868.0,0.41609282891462385,3.0340128156049935,0.2083828681608317,0.45795321328414257,0.039464662248774804,0.07508534406048971,0.9473528014622171,-32.24781848212625
868,869.0,0.23884472367188603,4.518272601746461,0.2083837117104566,0.45795336501100287,0.03946466225152745,0.07508534406310828,0.94735278527281,-32.247818481638
869,870.0,0.3974493599168758,2.6183469609861754,0.20838350769607467,0.45795291108234143,0.0394646622514504,0.075085344063035,0.9473528213729279,-32.24781848165166
870,871.0,0.1917851240736108,7.490703636290969,0.1917851240736108,7.490703636290969,2.686589355468744,0.6195147127814462,3.219646771412954e-15,-2.7034636024932786
871,872.0,0.33048551537008697,0.03603596857325276,0.20838321059712828,0.45795400983376355,0.039464662249968745,0.07508534406162548,0.947352738199181,-32.24781848191447
872,873.0,0.18613465635184923,4.610349344422177,0.18613465635184923,4.610349344422177,2.686589344116725,0.6195147114725854,6.242159344971299e-09,-2.70346363207135
873,874.0,0.9261725814441738,1.5277154754231093,0.20838293634835062,0.45795254412134023,0.0394646622522504,0.07508534406379605,0.9473528527167991,-32.24781848150977
874,875.0,0.3911447395923684,7.004327052735637,0.39118097727191126,7.004324787880654,2.686588455171828,0.6195146089793466,3.735992414322098e-07,-2.703465948247925
875,876.0,0.35685779441403653,9.712221393253483,0.35685779441403653,9.712221393253483,2.68658935536849,0.6195147127698871,4.357159077983397e-11,-2.7034636027544936
876,877.0,0.0030851548087393876,6.216491750679232,0.0030851548087393876,6.216491750679232,2.68658935546875,0.6195147127814468,3.3306690738754696e-16,-2.7034636024932626
877,878.0,0.34816646852689637,0.1858786204365362,0.2083835119375978,0.45795387363634005,0.03946466225062869,0.07508534406225333,0.947352747102595,-32.24781848179742
878,879.0,0.3173981248465989,9.389621581805155,0.3173981248465989,9.389621581805155,2.6865893554560873,0.6195147127799868,5.809797087863444e-12,-2.703463602526255
879,880.0,0.2522685833533699,1.2789594148994121,0.20838373770318533,0.4579533523736926,0.03946466225177851,0.07508534406334712,0.9473527861091896,-32.24781848159347
880,881.0,0.04898541075051188,9.698366548436663,0.04898541075051188,9.698366548436663,2.68658935546875,0.6195147127814468,3.3306690738754696e-16,-2.7034636024932626
881,882.0,0.0006460916567875286,6.175624949319041,0.0006460916567875286,6.175624949319041,2.68658935546875,0.6195147127814468,3.3306690738754696e-16,-2.7034636024932626
882,883.0,0.07077461915895611,9.440456124010602,0.07077461915895611,9.440456124010602,2.68658935546875,0.6195147127814468,3.3306690738754696e-16,-2.7034636024932626
883,884.0,0.8006034888894599,2.8495241389307058,0.20838244160454827,0.4579534070333188,0.039464662250446175,0.07508534406207967,0.9473527887806119,-32.24781848182979
884,885.0,0.609460483760893,3.449654307448855,0.20838342918269057,0.4579538941476706,0.03946466225024628,0.0750853440618895,0.9473527459606517,-32.247818481865245
885,886.0,0.22697533529293412,6.857967668285877,0.22697533529293412,6.857967668285877,2.6865893554484046,0.6195147127791011,1.0587752896640268e-11,-2.7034636025462735
886,887.0,0.8242321681434657,3.78950752965268,0.20838008676975023,0.4579546261370096,0.039464662310599426,0.07508534411930336,0.9473527071770341,-32.24781847116017
887,888.0,0.5160644289995904,1.951731159126217,0.20838300515534258,0.4579535508383155,0.03946466224842018,0.07508534406015237,0.9473527746966091,-32.24781848218915
888,889.0,0.24035479045888664,9.876520402769804,0.24035479045888664,9.876520402769804,2.6865893554687497,0.6195147127814468,3.3306690738754696e-16,-2.7034636024932635
889,890.0,0.6843495977008305,5.334918549951831,0.20838301303539775,0.4579534429109025,0.03946466224838145,0.0750853440601155,0.9473527829799601,-32.247818482196024
890,891.0,0.545108317528706,6.62886807715968,0.20838299223740367,0.4579535071190537,0.039464662248394566,0.07508534406012798,0.9473527781376172,-32.24781848219369
891,892.0,0.638648493527603,2.8798367637004634,0.20838332294628373,0.45795306668068797,0.039464662249758545,0.07508534406142553,0.9473528103536615,-32.24781848195176
892,893.0,0.24682335086062368,4.702976232219831,0.246888587565585,4.702972013372312,2.6865883090147133,0.6195145921277762,5.297654851466049e-07,-2.7034663290654004
893,894.0,0.520950056161103,3.9237307310063025,0.2083830109059848,0.4579534514982683,0.03946466224838059,0.0750853440601147,0.9473527823288688,-32.24781848219617
894,895.0,0.02296458857905148,5.058915607492277,0.02296458857905148,5.058915607492277,2.68658935546875,0.6195147127814468,3.3306690738754696e-16,-2.7034636024932626
895,896.0,0.6012555355694246,1.2690490438351993,0.20838307353962893,0.457953711007098,0.039464662248688095,0.07508534406040722,0.9473527619782962,-32.247818482141625
896,897.0,0.9667305420796622,2.3321786621550578,0.2083829918935519,0.45795345615009253,0.03946466224838338,0.07508534406011735,0.9473527820710453,-32.247818482195676
897,898.0,0.9127145480325575,1.629148492551278,0.20838237208394073,0.4579535660994097,0.03946466225107237,0.07508534406267539,0.9473527768791858,-32.24781848171872
898,899.0,0.5617962711879356,4.714825061967122,0.20838299929159107,0.45795340706446247,0.03946466224839373,0.07508534406012722,0.9473527858180656,-32.24781848219384
899,900.0,0.6159924526092503,1.428464335000876,0.20838301031098305,0.4579534532033602,0.0394646622483805,0.0750853440601146,0.947352782200504,-32.24781848219619
900,901.0,0.829458947639987,0.3815459525983872,0.2083830154188779,0.4579534031705426,0.03946466224839471,0.07508534406012812,0.9473527860327509,-32.247818482193665
901,902.0,0.34371440515533946,7.790284422068619,0.34371440515533946,7.790284422068619,2.6865893450649563,0.6195147115819142,4.603231351651971e-09,-2.7034636296007015
902,903.0,0.09380129358260991,6.980715069432769,0.09380129358260991,6.980715069432769,2.68658935546875,0.6195147127814468,3.3306690738754696e-16,-2.7034636024932626
903,904.0,0.7590144925802182,5.944716471031683,0.2083817991936272,0.4579541748947142,0.039464662260532746,0.07508534407167501,0.9473527329514642,-32.24781848004069
904,905.0,0.37588792714879926,3.2332018757663703,0.20838326579123492,0.4579542596177473,0.03946466225163568,0.07508534406321127,0.9473527186380076,-32.2478184816188
905,906.0,0.8504567669939158,9.080087280642203,0.20838299752302056,0.45795345431978096,0.039464662248382076,0.07508534406011608,0.947352782182324,-32.24781848219591
906,907.0,0.5675317256215154,8.897714767310571,0.20838296525143957,0.45795349635389543,0.03946466224840278,0.07508534406013581,0.947352779111364,-32.24781848219224
907,908.0,0.10631194664971366,4.042901181333566,0.10631194664971366,4.042901181333566,2.6865893554678513,0.6195147127813432,5.434541705540141e-13,-2.703463602495604
908,909.0,0.42454371270228497,9.374306316504017,0.42454371270228497,9.374306316504017,2.686589343769298,0.6195147114325279,4.646868001501048e-09,-2.7034636329765824
909,910.0,0.679889343368553,5.6474062943086905,0.2083830088184595,0.4579534558720969,0.039464662248380446,0.07508534406011458,0.9473527820025748,-32.247818482196195
910,911.0,0.48807352944741755,6.750121431169849,0.20838252176994887,0.457953823085747,0.03946466225061941,0.07508534406224447,0.9473527562619203,-32.247818481799065
911,912.0,0.9146926367805392,8.229455028763981,0.2083829761397926,0.4579534130788429,0.039464662248398175,0.07508534406013144,0.9473527854771256,-32.247818482193054
912,913.0,0.4426849098035608,4.447133935892564,0.20838305969740703,0.4579534735374536,0.03946466224839396,0.07508534406012739,0.9473527803695957,-32.2478184821938
913,914.0,0.8852343349420115,7.185936660638525,0.2083830063826986,0.45795346669487264,0.03946466224838092,0.075085344060115,0.9473527811806775,-32.24781848219612
914,915.0,0.23852732679752098,6.907859659661258,0.23852732679752098,6.907859659661258,2.6865893554098452,0.6195147127746553,3.0168867404256616e-11,-2.7034636026467416
915,916.0,0.14771966274395243,8.597592476339036,0.14771966274395243,8.597592476339036,2.68658935546875,0.6195147127814468,3.3306690738754696e-16,-2.7034636024932626
916,917.0,0.3731276779161127,6.6934944736175686,0.37316831207883533,6.693491897900135,2.686588387401792,0.6195146011656214,4.115227445478098e-07,-2.7034661248251233
917,918.0,0.35833371879701037,2.3196412829572717,0.20838277765120444,0.4579530933046519,0.039464662249305435,0.0750853440609945,0.9473528111976739,-32.24781848203213
918,919.0,0.10228265965883876,9.110215881594273,0.10228265965883876,9.110215881594273,2.68658935546875,0.6195147127814468,3.3306690738754696e-16,-2.7034636024932626
919,920.0,0.20769695768181806,7.726467319974786,0.20769695768181806,7.726467319974786,2.6865893554687226,0.6195147127814438,1.454392162258955e-14,-2.7034636024933345
920,921.0,0.7590912353162164,4.230491193014576,0.2083829961817346,0.4579536623188478,0.03946466224857541,0.07508534406030003,0.9473527661449663,-32.24781848216162
921,922.0,0.17950666102972124,1.4555225149464517,0.20838306290778102,0.4579534207424175,0.03946466224840302,0.07508534406013603,0.947352784424988,-32.247818482192194
922,923.0,0.9715836532755951,7.122104098685173,0.20838365458327002,0.45795252759575367,0.03946466225529908,0.07508534406669622,0.9473528501712182,-32.24781848096901
923,924.0,0.7008199795478078,1.8927974561639405,0.2083830816263689,0.45795345564180734,0.039464662248409145,0.07508534406014188,0.9473527816334881,-32.24781848219111
924,925.0,0.0747150778909269,7.281870170640494,0.0747150778909269,7.281870170640494,2.68658935546875,0.6195147127814468,3.3306690738754696e-16,-2.7034636024932626
925,926.0,0.5913094548847877,4.1645389979576874,0.20838276321386062,0.4579549465522134,0.03946466225920814,0.07508534407041492,0.9473526683178007,-32.24781848027565
926,927.0,0.9383692485557165,0.6244160039051188,0.20838254611193147,0.45795376237306556,0.039464662250264536,0.0750853440619069,0.9473527608160857,-32.247818481862005
927,928.0,0.9128238980229159,6.470587519609101,0.20838301099951825,0.457953454548494,0.03946466224838039,0.07508534406011451,0.9473527820930863,-32.24781848219621
928,929.0,0.02709369191398292,8.071887274000453,0.02709369191398292,8.071887274000453,2.68658935546875,0.6195147127814468,3.3306690738754696e-16,-2.7034636024932626
929,930.0,0.6711525579738286,9.560571951335925,0.208382901589129,0.45795343781249964,0.03946466224846107,0.07508534406019128,0.9473527839652214,-32.2478184821819
930,931.0,0.9219970032604089,0.7009204214211207,0.2083829848727393,0.4579534486456778,0.039464662248386004,0.07508534406011985,0.9473527826872112,-32.247818482195214
931,932.0,0.8425595284418412,1.1281627986326463,0.20838304202110075,0.4579534089029795,0.0394646622483975,0.07508534406013076,0.9473527854492276,-32.247818482193175
932,933.0,0.09167379006467102,2.93591378722737,0.09167379006467102,2.93591378722737,2.686589353907524,0.6195147126014412,9.568577041818571e-10,-2.7034636065610904
933,934.0,0.8152532334640973,4.31430666004205,0.20838354808098528,0.4579533195418203,0.03946466225030938,0.07508534406194954,0.9473527896511763,-32.247818481854054
934,935.0,0.5232105938213476,4.8360522566084745,0.20838291536285247,0.45795381970825083,0.039464662249062456,0.07508534406076336,0.9473527544335761,-32.247818482075225
935,936.0,0.06960418827909354,7.58947772222671,0.06960418827909354,7.58947772222671,2.68658935546875,0.6195147127814468,3.3306690738754696e-16,-2.7034636024932626
936,937.0,0.14817217057714405,7.900735429918057,0.14817217057714405,7.900735429918057,2.68658935546875,0.6195147127814468,3.3306690738754696e-16,-2.7034636024932626
937,938.0,0.8513704259017967,3.351137160563551,0.20838279016268182,0.4579526832997287,0.03946466225138616,0.07508534406297386,0.9473528427576102,-32.24781848166306
938,939.0,0.9166887703258035,9.617101719297743,0.20838300057157008,0.4579533317304327,0.03946466224845541,0.07508534406018585,0.947352791622305,-32.24781848218291
939,940.0,0.8507290227450494,5.288927653481082,0.208383289543635,0.45795329218523373,0.03946466224901214,0.07508534406071549,0.94735279313674,-32.24781848208415
940,941.0,0.6368470829122552,9.316150976974335,0.20838244451466661,0.4579534112957436,0.039464662250424595,0.07508534406205913,0.9473527884363844,-32.24781848183362
941,942.0,0.39369546267416233,3.4431021269154147,0.20838304364210947,0.4579535799267109,0.03946466224845146,0.07508534406018212,0.9473527722483386,-32.247818482183604
942,943.0,0.6993984436077038,1.99709686332727,0.20838260940749434,0.4579534213954453,0.039464662249412794,0.07508534406109661,0.9473527867826231,-32.24781848201309
943,944.0,0.41900940764201855,3.356797705513856,0.2083829106667534,0.4579533978757782,0.039464662248461756,0.07508534406019188,0.9473527869976172,-32.24781848218177
944,945.0,0.31966771829732676,9.62969099321719,0.31966771829732676,9.62969099321719,2.6865893554615186,0.619514712780613,3.307465412660804e-12,-2.7034636025121035
945,946.0,0.6943898478857654,0.17661774978629044,0.20838310371334237,0.45795343963282203,0.03946466224843354,0.07508534406016505,0.9473527827509998,-32.24781848218678
946,947.0,0.28521180483818986,3.871044129337203,0.2083826343082936,0.45795424439672383,0.03946466225230251,0.07508534406384562,0.9473527231655797,-32.24781848150052
947,948.0,0.25137768813942407,7.049805554509393,0.25137768813942407,7.049805554509393,2.686589355347121,0.6195147127674234,6.119049711372782e-11,-2.703463602810171
948,949.0,0.048745981082742085,9.933139409139281,0.048745981082742085,9.933139409139281,2.68658935546875,0.6195147127814468,3.3306690738754696e-16,-2.7034636024932626
949,950.0,0.3939505754027258,1.1815222007076982,0.20838323176001952,0.45795297757555525,0.039464662249806784,0.07508534406147142,0.9473528177117946,-32.247818481943206
950,951.0,0.9438898221326425,2.764613988480368,0.20838347976849544,0.4579527959329576,0.039464662251946524,0.07508534406350693,0.947352830403645,-32.24781848156367
951,952.0,0.3429787192622398,4.276784972981335,0.20838299834836627,0.4579535253961621,0.03946466224840276,0.0750853440601358,0.9473527766953083,-32.247818482192244
952,953.0,0.7793793797695525,9.565866344279156,0.2083833589906421,0.4579534872330978,0.03946466224912924,0.0750853440608269,0.9473527777221037,-32.24781848206338
953,954.0,0.5227154909274319,4.362465256323847,0.20838321910779872,0.45795359848754946,0.03946466224872004,0.07508534406043758,0.9473527698840886,-32.24781848213596
954,955.0,0.3166601328838079,0.9538029415889503,0.20838297457074437,0.4579525329688532,0.03946466225233544,0.07508534406387694,0.9473528533739696,-32.24781848149468
955,956.0,0.9999381051510668,7.677044401396192,0.20838263793426487,0.4579525720080011,0.03946466225273297,0.07508534406425507,0.9473528521504221,-32.247818481424176
956,957.0,0.9905022543593535,0.20134542253401475,0.2083828717029738,0.4579526524942936,0.03946466225145438,0.07508534406303882,0.9473528447007672,-32.24781848165096
957,958.0,0.41272985719621946,1.7311939230723494,0.20838244249828564,0.4579529791422552,0.03946466225136111,0.07508534406295005,0.9473528217823558,-32.24781848166751
958,959.0,0.7026653355577989,9.365140745822822,0.20838365253978303,0.45795347683828846,0.03946466225094794,0.07508534406255701,0.9473527769619347,-32.24781848174079
959,960.0,0.24802543339882865,5.866086859275904,0.24802543339882865,5.866086859275904,2.6865893451446903,0.6195147115911074,5.218274701235259e-09,-2.7034636293929513
960,961.0,0.09165748604290058,7.76407838380757,0.09165748604290058,7.76407838380757,2.68658935546875,0.6195147127814468,3.3306690738754696e-16,-2.7034636024932626
961,962.0,0.668682623649261,0.6209867766672009,0.20838290750078498,0.4579533616199878,0.03946466224849034,0.07508534406021909,0.9473527898110999,-32.247818482176704
962,963.0,0.6093702277506965,5.895953440484501,0.2083824303766466,0.4579538764874505,0.039464662251467664,0.07508534406305141,0.9473527526272536,-32.24781848164861
963,964.0,0.2981390724981853,5.44355227191602,0.2982034210247264,5.4435480530685005,2.686588100380099,0.6195145680726966,5.914374371362996e-07,-2.703466872670223
964,965.0,0.027035466266713493,7.127403011370123,0.027035466266713493,7.127403011370123,2.68658935546875,0.6195147127814468,3.3306690738754696e-16,-2.7034636024932626
965,966.0,0.21514349040460645,6.858646604292123,0.21514349040460645,6.858646604292123,2.6865893554639606,0.6195147127808946,2.533084852984757e-12,-2.7034636025057424
966,967.0,0.814372735394804,4.953159441528585,0.20838299783238903,0.4579533864241698,0.03946466224840569,0.07508534406013857,0.9473527874179485,-32.24781848219172
967,968.0,0.8988826943930993,6.096851309420443,0.20838300486693195,0.4579533004959136,0.03946466224849621,0.07508534406022466,0.9473527940088182,-32.24781848217567
968,969.0,0.44539546211525693,5.297527186032054,0.2083831094002339,0.4579534036782776,0.039464662248454456,0.07508534406018497,0.9473527854941992,-32.24781848218307
969,970.0,0.47678549012406235,6.175392706097315,0.20838304150664635,0.4579534853645313,0.03946466224838781,0.07508534406012156,0.9473527795539435,-32.24781848219489
970,971.0,0.03805748856997371,1.816341793348326,0.03805748856997371,1.816341793348326,2.6865893544915487,0.6195147126687779,6.191192003512924e-10,-2.7034636050393948
971,972.0,0.18042941265651868,7.85339765990051,0.18042941265651868,7.85339765990051,2.68658935546875,0.6195147127814468,3.3306690738754696e-16,-2.7034636024932626
972,973.0,0.6684804216994241,7.216986040566972,0.2083830079464752,0.4579534594938252,0.039464662248380494,0.0750853440601146,0.9473527817278377,-32.24781848219619
973,974.0,0.44919427767543996,5.199760250818244,0.20838281655003607,0.4579539746325003,0.039464662249910465,0.07508534406157011,0.947352743007679,-32.24781848192481
974,975.0,0.33473266102570276,7.312430311880751,0.33473266102570276,7.312430311880751,2.6865893302322115,0.6195147098717342,1.1304710278992047e-08,-2.703463668247922
975,976.0,0.9094994351103108,8.970281344068638,0.20838300387987382,0.45795346088745675,0.0394646622483809,0.07508534406011498,0.9473527816419414,-32.24781848219612
976,977.0,0.36022578878503886,4.757899886338915,0.20838300322406464,0.4579534734292348,0.03946466224838205,0.0750853440601161,0.9473527806779886,-32.24781848219591
977,978.0,0.9306673468398642,0.8758612693938329,0.20838325857061038,0.4579536661454307,0.03946466224892859,0.07508534406063604,0.9473527644553656,-32.24781848209897
978,979.0,0.8467756371616271,8.219887882237558,0.20838313684378482,0.4579534508590157,0.03946466224847609,0.07508534406020556,0.9473527817089713,-32.24781848217923
979,980.0,0.6961755973652676,5.3941079894273924,0.20838301439501256,0.4579534302853332,0.03946466224838407,0.07508534406011799,0.9473527839466361,-32.247818482195555
980,981.0,0.4971516193412141,3.4169421317902855,0.20838300075727514,0.4579533139648036,0.03946466224847761,0.07508534406020698,0.947352792991704,-32.247818482178964
981,982.0,0.80119178284127,1.7082677773138033,0.20838288439016328,0.45795375032248703,0.039464662248899135,0.07508534406060795,0.9473527599503161,-32.24781848210419
982,983.0,0.7742100500942688,6.774056671100307,0.20838295628300546,0.4579535635512718,0.039464662248455164,0.07508534406018562,0.9473527739755783,-32.24781848218294
983,984.0,0.04218190681615552,3.593865869471578,0.04218190681615552,3.593865869471578,2.68658935546875,0.6195147127814468,3.3306690738754696e-16,-2.7034636024932626
984,985.0,0.5862258768138175,0.6546930427932475,0.2083830876376994,0.45795350543568536,0.03946466224842244,0.0750853440601545,0.947352777760593,-32.24781848218875
985,986.0,0.10459029354008531,1.964866817830998,0.20838277765120444,0.4579530933046519,0.039464662249305435,0.0750853440609945,0.9473528111976739,-32.24781848203213
986,987.0,0.5328658659345288,5.828718961228824,0.2083833773639594,0.4579534264032645,0.03946466224922415,0.07508534406091717,0.9473527823165828,-32.24781848204655
987,988.0,0.2731785437114417,0.03223006456509721,0.20838262600766994,0.4579527627437094,0.03946466225142822,0.0750853440630139,0.9473528375010476,-32.2478184816556
988,989.0,0.34258643803333644,6.398827938622573,0.34261312779486247,6.398826251083565,2.686588789461152,0.6195146475221149,2.5081241561419887e-07,-2.703465077245478
989,990.0,0.8984569008893002,1.5228155847122329,0.2083830173643313,0.45795346105129014,0.03946466224838033,0.07508534406011443,0.9473527815576647,-32.24781848219622
990,991.0,0.8896960010473935,9.957813076785886,0.20838339074781875,0.4579537866021993,0.039464662249705594,0.07508534406137518,0.947352754460824,-32.247818481961154
991,992.0,0.08484167638157414,3.1348476981140667,0.08484167638157414,3.1348476981140667,2.6865893554419893,0.6195147127783615,1.6499690502769226e-11,-2.703463602562988
992,993.0,0.27806143416007345,1.5435040788504892,0.2083831860648716,0.45795343379200804,0.039464662248572015,0.0750853440602968,0.947352782763842,-32.24781848216222
993,994.0,0.09224621464725624,8.244992130991177,0.09224621464725624,8.244992130991177,2.68658935546875,0.6195147127814468,3.3306690738754696e-16,-2.7034636024932626
994,995.0,0.584541788578906,5.008692191991921,0.20838308256791,0.45795336922841096,0.03946466224845033,0.07508534406018104,0.9473527882941477,-32.2478184821838
995,996.0,0.6960173584419037,0.7063840487055897,0.20838259058130118,0.45795306551381637,0.0394646622501396,0.075085344061788,0.9473528143343062,-32.247818481884174
996,997.0,0.06561869613475613,6.009504437903568,0.06561869613475613,6.009504437903568,2.68658935546875,0.6195147127814468,3.3306690738754696e-16,-2.7034636024932626
997,998.0,0.4206190100310768,8.424479642705593,0.4206190100310768,8.424479642705593,2.6865892627140013,0.6195147020870451,3.702912887426635e-08,-2.7034638441689216
998,999.0,0.4216480364347951,1.820288710544344,0.20838310475527536,0.45795358004788794,0.03946466224849389,0.07508534406022248,0.9473527719142608,-32.24781848217608
999,1000.0,0.7889155742504423,3.387214934348989,0.20838311750995636,0.4579533503639343,0.03946466224850823,0.0750853440602361,0.9473527895635979,-32.24781848217353
