,iteration,init_sigma,init_center,est_sigma,est_center,ss_res,nrmse,r_squared,aic
0,1.0,0.10808125265224933,5.514909300889886,0.10808125265224933,5.514909300889886,2.7119292238734327,0.6224294823940681,0.0,-2.6377491369665638
1,2.0,0.2339132493394518,6.524328321753418,0.2339132493394518,6.524328321753418,2.7119292236921098,0.62242948237326,1.0085199342313445e-10,-2.637749137434592
2,3.0,0.2992010352057941,1.062745880437332,0.25844945478805775,0.427363263906979,0.089502182350049,0.11307531140795941,0.8584995457252358,-26.51581693478143
3,4.0,0.5789767900116025,7.896193243638214,0.2584493892045318,0.42736312564921136,0.08950218235002885,0.1130753114079467,0.858499557665332,-26.51581693478301
4,5.0,0.6490047869148833,6.26801350764029,0.2584494456083213,0.42736306721949613,0.08950218235003235,0.11307531140794892,0.8584995617904229,-26.515816934782734
5,6.0,0.8493276958949375,9.383372294154103,0.25844945669428543,0.4273631535052423,0.08950218235000473,0.11307531140793148,0.8584995546654304,-26.515816934784894
6,7.0,0.14238719679905498,1.8238073071035947,0.25844943365307305,0.42736313049689034,0.08950218235000973,0.11307531140793457,0.8584995567852322,-26.515816934784507
7,8.0,0.4709659781878396,0.9808219341217759,0.2584498197603381,0.4273631503776157,0.08950218235053146,0.11307531140826418,0.8584995509433888,-26.515816934743697
8,9.0,0.38617533695421513,7.877599604206687,0.38617533695421513,7.877599604206687,2.7119291482569388,0.6224294737164936,3.341743393114882e-08,-2.637749332146976
9,10.0,0.8983916187929201,5.943518903954383,0.2584494464399774,0.4273631373303365,0.08950218235000651,0.11307531140793259,0.8584995560905805,-26.515816934784755
10,11.0,0.6093162072443847,7.5582297282963,0.25844946658043794,0.4273632086025889,0.08950218235001565,0.11307531140793836,0.858499550085063,-26.51581693478404
11,12.0,0.010472218858760707,5.857708607671324,0.010472218858760707,5.857708607671324,2.7119292238734327,0.6224294823940681,0.0,-2.6377491369665638
12,13.0,0.7306824998421171,0.28129639782666727,0.2584496665561048,0.4273646738094562,0.08950218235846481,0.11307531141327562,0.8584994289674384,-26.51581693412323
13,14.0,0.18881193233809135,1.8876491245478728,0.25844955031303973,0.42736317446451,0.08950218235003814,0.11307531140795259,0.8584995519391689,-26.515816934782283
14,15.0,0.202500067905809,7.926924597580542,0.202500067905809,7.926924597580542,2.7119292238734283,0.6224294823940676,2.55351295663786e-15,-2.6377491369665753
15,16.0,0.18441138731890594,9.89238646182168,0.18441138731890594,9.89238646182168,2.7119292238734327,0.6224294823940681,0.0,-2.6377491369665638
16,17.0,0.9774548338589897,7.056579899048411,0.2584492708301712,0.4273629443433936,0.08950218235030644,0.11307531140812206,0.8584995736774037,-26.515816934761297
17,18.0,0.5760519847356961,0.18151650288192783,0.25844885361833475,0.427361798137117,0.08950218235802716,0.11307531141299916,0.858499671278825,-26.51581693415746
18,19.0,0.8034401008292817,5.658477193392277,0.2584495114076968,0.4273631518866014,0.08950218235001478,0.11307531140793778,0.8584995541977585,-26.51581693478411
19,20.0,0.6617785820900335,2.117260495513374,0.2584492875116995,0.4273628708311767,0.08950218235041035,0.11307531140818766,0.8584995794616249,-26.515816934753172
20,21.0,0.9226438206504834,6.417011672761077,0.2584493791006054,0.42736335611480514,0.08950218235018334,0.11307531140804428,0.8584995390695263,-26.51581693477093
21,22.0,0.6306721274078353,1.305433952443686,0.25844890323728115,0.4273630974051112,0.0895021823512942,0.11307531140874602,0.8584995652766082,-26.515816934684043
22,23.0,0.3725065749341153,1.8647400694683944,0.2584502807691609,0.4273635933916712,0.08950218235340686,0.11307531141008054,0.8584995099346191,-26.515816934518813
23,24.0,0.2588263921797096,0.7346995029613249,0.2584494614119243,0.42736329952099406,0.08950218235008163,0.11307531140798002,0.8584995427620026,-26.515816934778883
24,25.0,0.5918276689291563,9.014421988810524,0.2584494438654226,0.42736312871385435,0.08950218235000809,0.11307531140793359,0.8584995568181484,-26.51581693478463
25,26.0,0.6002557598281751,1.970503005351967,0.2584495965921786,0.42736324508801804,0.0895021823501078,0.11307531140799655,0.8584995457000748,-26.515816934776836
26,27.0,0.5610766116597662,5.589391132253843,0.2584494486841746,0.42736315534316743,0.08950218235000537,0.1130753114079319,0.8584995546039489,-26.515816934784844
27,28.0,0.7497884370650522,7.487648876006916,0.25844969379254296,0.4273618458775532,0.08950218235643381,0.11307531141199263,0.8584996582051082,-26.51581693428207
28,29.0,0.43261281204724733,2.144151215207857,0.2584492875116995,0.4273628708311767,0.08950218235041035,0.11307531140818766,0.8584995794616249,-26.515816934753172
29,30.0,0.18241785367032315,1.0926632361021795,0.2584504135946484,0.427363275650747,0.08950218235376545,0.11307531141030708,0.8584995342687921,-26.51581693449077
30,31.0,0.8394431098903683,0.35755876576066437,0.2584494236250722,0.4273635264645941,0.08950218235051435,0.11307531140825336,0.858499524755137,-26.51581693474504
31,32.0,0.5090315113722276,0.9807680923204093,0.25844958816003855,0.4273631440823699,0.08950218235007075,0.11307531140797317,0.8584995539907876,-26.515816934779732
32,33.0,0.4664503959368068,2.8480613456560704,0.25844952954357847,0.4273641300825474,0.08950218235345249,0.11307531141010939,0.858499474600967,-26.515816934515243
33,34.0,0.9289584560193758,4.446519295639118,0.25844963331958415,0.4273633014212793,0.08950218235020077,0.11307531140805531,0.8584995407254625,-26.51581693476956
34,35.0,0.7443104792217536,2.2233027406763197,0.2584492875116995,0.4273628708311767,0.08950218235041035,0.11307531140818766,0.8584995794616249,-26.515816934753172
35,36.0,0.231557322886908,5.189293158019809,0.231557322886908,5.189293158019809,2.7119291785823005,0.6224294771965623,2.5283971694101126e-08,-2.6377492538715055
36,37.0,0.8552654319371652,4.260600727289371,0.2584494263669965,0.42736312830898965,0.08950218235001196,0.11307531140793604,0.8584995570425891,-26.515816934784333
37,38.0,0.31824804018689856,5.065966328335937,0.25844982199808786,0.4273631067249987,0.08950218235054824,0.11307531140827481,0.8584995544620325,-26.515816934742386
38,39.0,0.8840129655827211,3.2364374133750977,0.2584491111784374,0.42736332159441204,0.08950218235062074,0.1130753114083206,0.8584995448040362,-26.515816934736716
39,40.0,0.9857730676779293,8.68513625573021,0.25844999555964826,0.42736292691831285,0.08950218235137836,0.11307531140879917,0.858499567155066,-26.515816934677467
40,41.0,0.946261687961573,5.79394889526693,0.2584494765315768,0.42736308450146476,0.08950218235002284,0.11307531140794291,0.858499560049114,-26.51581693478348
41,42.0,0.5889886032664663,6.693779360671646,0.25844948529401635,0.42736330811503204,0.08950218235009261,0.11307531140798696,0.8584995418029697,-26.515816934778023
42,43.0,0.892422261499244,3.0617675485840175,0.2584494442842965,0.42736317259608336,0.08950218235000727,0.11307531140793307,0.85849955325174,-26.515816934784695
43,44.0,0.874602972259941,1.097249051430917,0.25844941336903104,0.42736330998641275,0.08950218235010379,0.11307531140799405,0.8584995424385227,-26.515816934777146
44,45.0,0.07409011684861755,3.324649749223339,0.07409011684861755,3.324649749223339,2.711929223873381,0.6224294823940623,3.608224830031759e-14,-2.637749136966697
45,46.0,0.7254951732382497,5.235113081759461,0.25844967640925953,0.4273628043718234,0.0895021823506441,0.11307531140833536,0.8584995805977367,-26.515816934734886
46,47.0,0.030417679686573496,2.0614558226018525,0.030417679686573496,2.0614558226018525,2.7119292238734314,0.6224294823940679,8.881784197001252e-16,-2.6377491369665673
47,48.0,0.1811852866619421,8.762750745501844,0.1811852866619421,8.762750745501844,2.7119292238734327,0.6224294823940681,0.0,-2.6377491369665638
48,49.0,0.37093232080961835,0.30870922583273414,0.25844935067262764,0.427363005978312,0.08950218235013144,0.1130753114080115,0.8584995678005917,-26.51581693477499
49,50.0,0.6366248024432395,4.552454967872749,0.2584494441640531,0.4273631036274913,0.08950218235001475,0.1130753114079378,0.858499558851082,-26.51581693478411
50,51.0,0.5368947847948206,8.338329971683834,0.25844944281232246,0.42736315625243326,0.0895021823500062,0.11307531140793238,0.8584995545944334,-26.51581693478478
51,52.0,0.6901974899026413,7.059194765930468,0.2584495481695006,0.42736304867643066,0.0895021823500762,0.1130753114079766,0.8584995621725492,-26.515816934779302
52,53.0,0.1534085300616388,6.401566731751249,0.1534085300616388,6.401566731751249,2.7119292238734314,0.6224294823940679,8.881784197001252e-16,-2.6377491369665673
53,54.0,0.3658564961339348,1.044943254712324,0.25844948641820276,0.427363166629097,0.08950218235000773,0.1130753114079334,0.858499553274757,-26.515816934784663
54,55.0,0.039478134541596765,4.022281747490692,0.039478134541596765,4.022281747490692,2.7119292238734327,0.6224294823940681,0.0,-2.6377491369665638
55,56.0,0.2508973517491312,9.946330765878189,0.2508973517491312,9.946330765878189,2.7119292238734314,0.6224294823940679,7.771561172376096e-16,-2.6377491369665673
56,57.0,0.8669167012415117,7.839638712873582,0.2584494183652912,0.42736311476440086,0.08950218235001761,0.1130753114079396,0.8584995582295775,-26.515816934783885
57,58.0,0.10349302879107591,3.517949623577785,0.10349302879107591,3.517949623577785,2.711929223808915,0.6224294823866643,4.360523053748011e-11,-2.6377491371330963
58,59.0,0.9114377329718089,6.005651754675983,0.2584494715349372,0.4273630894411682,0.0895021823500199,0.11307531140794103,0.8584995597028777,-26.51581693478371
59,60.0,0.3054192413151693,0.9251434047329581,0.25844940821223267,0.4273634900695172,0.08950218235042764,0.11307531140819864,0.858499527877987,-26.515816934751818
60,61.0,0.1580546711044366,9.776091375282087,0.1580546711044366,9.776091375282087,2.7119292238734327,0.6224294823940681,0.0,-2.6377491369665638
61,62.0,0.9594686197147715,0.3348448910210156,0.25844834732780786,0.4273618218147561,0.08950218236128722,0.11307531141505847,0.8584996748957878,-26.515816933902485
62,63.0,0.7113249048340854,3.892343417764438,0.25844966995588287,0.4273633088047751,0.08950218235026498,0.11307531140809587,0.8584995397249657,-26.515816934764544
63,64.0,0.06746364118867887,0.40505884443025036,0.25844973140003696,0.42736312518318503,0.08950218235030735,0.11307531140812262,0.8584995539561323,-26.51581693476123
64,65.0,0.6217390980636116,2.030732507584326,0.2584492875116995,0.4273628708311767,0.08950218235041035,0.11307531140818766,0.8584995794616249,-26.515816934753172
65,66.0,0.7166382019316605,1.5149804209477704,0.2584492131562322,0.42736242809448227,0.08950218235212928,0.11307531140927352,0.858499616211504,-26.51581693461873
66,67.0,0.8410811091483935,9.13401755409949,0.2584494232890838,0.42736308724577915,0.08950218235002619,0.113075311407945,0.8584995604092958,-26.515816934783214
67,68.0,0.5160450194538799,3.0685425596671005,0.25844955080563753,0.42736311222683854,0.08950218235004385,0.11307531140795617,0.8584995569854552,-26.515816934781835
68,69.0,0.6706157576584554,3.431961752133163,0.25844945128476843,0.4273627893885601,0.08950218235048235,0.11307531140823317,0.8584995842791349,-26.51581693474754
69,70.0,0.16642047189149378,8.73611950053043,0.16642047189149378,8.73611950053043,2.7119292238734327,0.6224294823940681,0.0,-2.6377491369665638
70,71.0,0.92273716550869,1.0579621935605745,0.2584496262928818,0.42736316412875,0.08950218235011599,0.11307531140800177,0.8584995519460997,-26.515816934776197
71,72.0,0.12251455498271024,0.35206835885927323,0.25844892000825603,0.4273627568943752,0.08950218235174716,0.11307531140903213,0.8584995927318614,-26.51581693464862
72,73.0,0.9046572441601441,1.9035837026292473,0.2584492875116995,0.4273628708311767,0.08950218235041035,0.11307531140818766,0.8584995794616249,-26.515816934753172
73,74.0,0.7692107930450858,7.36238480841032,0.25844943592792885,0.4273630621471781,0.0895021823500371,0.1130753114079519,0.8584995623081174,-26.515816934782364
74,75.0,0.821760609956254,3.363433436424123,0.25844946014705095,0.42736323614281474,0.0895021823500293,0.11307531140794701,0.8584995479201201,-26.515816934782972
75,76.0,0.41422602168576406,4.970522031363113,0.25844941891120116,0.427363041855272,0.08950218235005641,0.1130753114079641,0.8584995641414707,-26.51581693478085
76,77.0,0.9550947473668717,2.4619058025273244,0.2584494453080045,0.4273633241354727,0.08950218235011123,0.11307531140799876,0.8584995409404073,-26.515816934776566
77,78.0,0.28663771372915625,4.8561841295088435,0.2584493194980805,0.4273629311254638,0.08950218235026149,0.11307531140809364,0.8584995742175123,-26.515816934764818
78,79.0,0.3252883871760557,3.8606789476191974,0.2584512303873544,0.4273640504431783,0.08950218236553206,0.11307531141773992,0.8584994624259716,-26.5158169335705
79,80.0,0.718812644085794,4.570960536704695,0.25844969698826487,0.4273634776042218,0.08950218235059967,0.11307531140830729,0.8584995257278993,-26.515816934738364
80,81.0,0.4124227342439838,2.012636038544348,0.2584495595449628,0.4273631182233282,0.08950218235004892,0.11307531140795937,0.8584995564030401,-26.51581693478144
81,82.0,0.004278457622130194,6.4636735685236495,0.004278457622130194,6.4636735685236495,2.7119292238734327,0.6224294823940681,0.0,-2.6377491369665638
82,83.0,0.7389528417199412,4.6671421620532065,0.2584494545781047,0.4273630936396631,0.08950218235001771,0.11307531140793968,0.858499559547752,-26.515816934783878
83,84.0,0.534799545271454,6.083624107649542,0.25845007521439123,0.42736301737716237,0.08950218235163024,0.1130753114089583,0.8584995589401104,-26.515816934657764
84,85.0,0.3519265905655554,0.7257849386942027,0.258449468511884,0.42736296563785164,0.08950218235013212,0.1130753114080119,0.858499569784797,-26.515816934774932
85,86.0,0.399823128030914,2.3247574038916974,0.2584492875116995,0.4273628708311767,0.08950218235041035,0.11307531140818766,0.8584995794616249,-26.515816934753172
86,87.0,0.5511958978209884,3.012932445025644,0.2584497509869673,0.42736307811122926,0.08950218235037197,0.11307531140816343,0.8584995575623081,-26.515816934756174
87,88.0,0.5398547283148065,6.726155073777769,0.25844943302924583,0.4273632317371252,0.08950218235003052,0.11307531140794772,0.8584995485746142,-26.51581693478288
88,89.0,0.7210049881883678,3.869114433930902,0.25844936737412677,0.4273631189553353,0.08950218235004515,0.113075311407957,0.8584995584476508,-26.515816934781736
89,90.0,0.3785818848631417,9.868091755573994,0.3785818848631417,9.868091755573994,2.7119292236003267,0.6224294823627271,1.2201495369623672e-10,-2.637749137671502
90,91.0,0.04204350202477325,2.7837661347538227,0.04204350202477325,2.7837661347538227,2.7119292238734327,0.6224294823940681,0.0,-2.6377491369665638
91,92.0,0.5438589586014503,7.1078005064864,0.25844923338445,0.4273641588292022,0.08950218235389687,0.11307531141039008,0.8584994755093415,-26.51581693448049
92,93.0,0.683344374537261,3.380257503799363,0.2584494247905734,0.4273631868052724,0.08950218235001448,0.1130753114079376,0.8584995523118335,-26.515816934784134
93,94.0,0.04695522772059302,7.123701995583967,0.04695522772059302,7.123701995583967,2.7119292238734327,0.6224294823940681,0.0,-2.6377491369665638
94,95.0,0.011975542912928683,9.515190776197203,0.011975542912928683,9.515190776197203,2.7119292238734327,0.6224294823940681,0.0,-2.6377491369665638
95,96.0,0.7034257850004543,3.391621661833413,0.2584495307153174,0.4273631396705354,0.08950218235002495,0.11307531140794425,0.8584995549779002,-26.515816934783313
96,97.0,0.10163731274351673,8.921661115254217,0.10163731274351673,8.921661115254217,2.7119292238734327,0.6224294823940681,0.0,-2.6377491369665638
97,98.0,0.34928616443585747,9.03950628224577,0.34928616443585747,9.03950628224577,2.711929223477172,0.6224294823485941,1.84753101706292e-10,-2.6377491379893874
98,99.0,0.9437541716467727,5.671453755366065,0.2584494462938765,0.4273631882074642,0.08950218235001009,0.11307531140793482,0.8584995519625973,-26.515816934784475
99,100.0,0.2442565160962622,4.713313694086605,0.2443099844371563,4.713310274599669,2.711928386629878,0.622429386313922,4.581730410624374e-07,-2.637751298050171
100,101.0,0.6325741210554047,9.268416365239178,0.2584492940102536,0.4273626802646013,0.08950218235091605,0.11307531140850713,0.8584995948583414,-26.51581693471362
101,102.0,0.18315292946880435,6.181664365396463,0.18315292946880435,6.181664365396463,2.711929223871915,0.622429482393894,9.138245715689663e-13,-2.6377491369704824
102,103.0,0.12580102256642378,1.2158887006475365,0.2584500375883148,0.42736304231426236,0.08950218235142124,0.11307531140882626,0.8584995573283019,-26.515816934674106
103,104.0,0.5521926694460609,7.680354901123782,0.2584501856566236,0.4273635359087126,0.08950218235264541,0.11307531140959957,0.8584995156425426,-26.515816934578368
104,105.0,0.3208288965521955,8.463639501857719,0.3208288965521955,8.463639501857719,2.7119292235753245,0.622429482359858,1.4501355671825422e-10,-2.637749137736038
105,106.0,0.5722381828937635,8.0284957357078,0.2584516776056157,0.4273605423547285,0.08950218239561097,0.11307531143674047,0.8584997422458698,-26.515816931218012
106,107.0,0.8046877069478171,7.146458461905926,0.25844910493846435,0.4273629200121193,0.0895021823507126,0.1130753114083786,0.8584995774680986,-26.515816934729536
107,108.0,0.2721803488371578,4.238659410017926,0.2584494362473578,0.42736313500566847,0.08950218235000855,0.11307531140793385,0.8584995563908615,-26.515816934784596
108,109.0,0.5137481725921323,5.0405017591037895,0.25844946010775377,0.4273631484767895,0.08950218235000473,0.11307531140793145,0.8584995550362058,-26.515816934784894
109,110.0,0.8858990804835589,6.4751409319984425,0.2584494414063262,0.4273631071888003,0.08950218235001395,0.11307531140793728,0.8584995585922116,-26.515816934784173
110,111.0,0.6231110665395274,7.4071410727941265,0.2584478733770752,0.4273594397930708,0.0895021824092355,0.11307531144534697,0.8584998734231015,-26.515816930152432
111,112.0,0.023509852497435535,0.03878126745022407,0.2584492934749203,0.4273630486190082,0.08950218235015824,0.11307531140802841,0.8584995649656845,-26.515816934772886
112,113.0,0.04578063737992388,5.119468104730396,0.04578063737992388,5.119468104730396,2.7119292238734327,0.6224294823940681,0.0,-2.6377491369665638
113,114.0,0.8183506475045639,7.899875301043319,0.2584494532092009,0.42736315261776925,0.08950218235000493,0.11307531140793156,0.8584995547756213,-26.51581693478488
114,115.0,0.40553548190288347,0.386980145893975,0.25844983492861406,0.4273628229959964,0.08950218235098857,0.11307531140855295,0.8584995773498028,-26.51581693470795
115,116.0,0.38386243134936604,8.128993981021699,0.38386243134936604,8.128993981021699,2.711929188679851,0.6224294783553338,1.5604723957451938e-08,-2.6377492278078263
116,117.0,0.41482520864947725,8.3691875337756,0.41482520864947725,8.3691875337756,2.7119291423263916,0.6224294730359178,3.461208319954778e-08,-2.637749347454836
117,118.0,0.08736459902497984,1.5775792234597201,0.2584497051039666,0.42736309466445743,0.08950218235026247,0.11307531140809428,0.8584995567212478,-26.515816934764736
118,119.0,0.39248557234679526,8.783258671030568,0.39248557234679526,8.783258671030568,2.711929213783984,0.6224294812362262,4.418973187370057e-09,-2.6377491630093317
119,120.0,0.11082562343875502,9.864645745062434,0.11082562343875502,9.864645745062434,2.7119292238734327,0.6224294823940681,0.0,-2.6377491369665638
120,121.0,0.49498815517489647,1.0247230466651263,0.2584515898986728,0.4273627884063266,0.08950218236921559,0.11307531142006677,0.858499560913481,-26.51581693328241
121,122.0,0.2108433761919033,1.1428684814412744,0.2584495631700718,0.4273625522674324,0.08950218235135865,0.1130753114087867,0.8584996023004509,-26.51581693467901
122,123.0,0.7867023846551497,4.875416544046186,0.25844940482301093,0.42736309987207133,0.08950218235002795,0.11307531140794608,0.858499559586617,-26.51581693478308
123,124.0,0.8164162887977979,5.361985676820543,0.25844939283263846,0.4273626864676455,0.08950218235080572,0.11307531140843745,0.8584995932729502,-26.51581693472225
124,125.0,0.20981453178079656,9.415328346554196,0.20981453178079656,9.415328346554196,2.7119292238734327,0.6224294823940681,0.0,-2.6377491369665638
125,126.0,0.21097454420575612,8.68905026886478,0.21097454420575612,8.68905026886478,2.7119292238734323,0.6224294823940681,3.3306690738754696e-16,-2.6377491369665655
126,127.0,0.23652905335793772,0.09185308668993908,0.2584494752508186,0.42736314824496907,0.08950218235000548,0.11307531140793194,0.8584995548892248,-26.515816934784837
127,128.0,0.7154782313142168,7.929484181130601,0.25844947679961694,0.42736313690767375,0.08950218235000654,0.11307531140793263,0.8584995557924895,-26.515816934784755
128,129.0,0.806865171051201,9.78371664070398,0.2584495822694078,0.4273630660497964,0.08950218235009333,0.11307531140798743,0.8584995603889983,-26.515816934777966
129,130.0,0.31438118666327963,1.0458066770574974,0.2584494596420268,0.42736319591179966,0.08950218235001114,0.11307531140793553,0.8584995511911118,-26.515816934784397
130,131.0,0.29865005687221957,1.5897497567026344,0.25844945904776156,0.4273631471106467,0.08950218235000484,0.11307531140793153,0.8584995551586979,-26.515816934784887
131,132.0,0.7864293753153244,1.537690377087187,0.25844944752648924,0.4273630456846414,0.08950218235004712,0.11307531140795826,0.8584995635173558,-26.51581693478158
132,133.0,0.9617155096549337,3.9367407912871584,0.2584494528029933,0.4273627905768102,0.0895021823504792,0.11307531140823118,0.8584995841660642,-26.51581693474779
133,134.0,0.0478117686739985,7.00113419614393,0.0478117686739985,7.00113419614393,2.7119292238734327,0.6224294823940681,0.0,-2.6377491369665638
134,135.0,0.42500570220176714,1.9863722890233413,0.2584494448469669,0.42736329588600114,0.08950218235007938,0.11307531140797863,0.8584995432384047,-26.515816934779053
135,136.0,0.6101750554775759,9.096505397438401,0.25844942846119906,0.42736313545424454,0.08950218235001031,0.11307531140793502,0.8584995564396968,-26.515816934784457
136,137.0,0.11247455537446749,7.942333931833824,0.11247455537446749,7.942333931833824,2.7119292238734327,0.6224294823940681,0.0,-2.6377491369665638
137,138.0,0.4071012934802516,7.354495274866331,0.4071288270112768,7.3544935873273225,2.711928524803474,0.6224294021704072,2.99919836854734e-07,-2.637750941397999
138,139.0,0.8104675614803881,4.607425672032863,0.2584496236327517,0.4273631586504467,0.08950218235011223,0.11307531140799935,0.85849955241989,-26.51581693477649
139,140.0,0.5455394370074877,0.35598360428840414,0.25844930706177066,0.42736334675542725,0.0895021823502422,0.11307531140808143,0.8584995406178013,-26.51581693476632
140,141.0,0.21483991028233407,6.661947487186359,0.21483991028233407,6.661947487186359,2.7119292238621346,0.6224294823927715,6.4742655681016e-12,-2.637749136995726
141,142.0,0.17168030112961308,5.956417808263845,0.17168030112961308,5.956417808263845,2.7119292238726045,0.622429482393973,5.074829445561591e-13,-2.6377491369687016
142,143.0,0.708997307916951,4.284045218917445,0.25844990764466474,0.42736340043200793,0.08950218235102551,0.11307531140857625,0.8584995296845508,-26.515816934705057
143,144.0,0.1950488034124862,4.239203170363592,0.19506496825973327,4.239202237776246,2.7119290384551418,0.6224294611158925,1.0957283547163854e-07,-2.637749615566105
144,145.0,0.929574361221969,1.6445676106593925,0.25844950223717084,0.4273631591218607,0.08950218235001144,0.11307531140793568,0.8584995537108995,-26.51581693478437
145,146.0,0.16668517367998148,2.3209597726527136,0.25844940399556926,0.42736324504021234,0.08950218235004945,0.11307531140795969,0.8584995478126896,-26.515816934781398
146,147.0,0.5827289400058466,5.20049559411727,0.2584495533456087,0.42736285620581826,0.08950218235036152,0.11307531140815684,0.8584995777382105,-26.51581693475699
147,148.0,0.1512389891116268,4.672552367416267,0.1512389891116268,4.672552367416267,2.7119292237962203,0.6224294823852073,4.8783088679726916e-11,-2.637749137165864
148,149.0,0.43826421963578466,1.0608760483123651,0.258448724258884,0.4273629453609064,0.08950218235237482,0.11307531140942863,0.8584995795759794,-26.51581693459953
149,150.0,0.22652053405988937,3.167773998629141,0.2584494191015125,0.4273631529417923,0.08950218235001214,0.11307531140793613,0.8584995551227427,-26.515816934784315
150,151.0,0.007735651592760684,3.7402605270530516,0.007735651592760684,3.7402605270530516,2.7119292238734327,0.6224294823940681,0.0,-2.6377491369665638
151,152.0,0.9114822334331588,8.438923655680656,0.25844969438948445,0.4273635705952049,0.08950218235084019,0.11307531140845921,0.8584995182085027,-26.515816934719556
152,153.0,0.30260300759602166,0.6987457864972023,0.25844906386106,0.4273639457378283,0.08950218235296489,0.11307531140980141,0.8584994946608555,-26.51581693455338
153,154.0,0.5300975547261024,5.606319847300362,0.2584494549367288,0.42736313393118525,0.08950218235000619,0.11307531140793238,0.858499556273455,-26.51581693478478
154,155.0,0.8378986768557024,3.636869372402574,0.25845034849693727,0.42736338745471963,0.0895021823534037,0.11307531141007858,0.8584995259075655,-26.515816934519062
155,156.0,0.49285248501439616,5.371305108610337,0.258450143436601,0.427363131645847,0.08950218235191841,0.11307531140914033,0.858499548917805,-26.515816934635225
156,157.0,0.09557515785673243,7.111006573880891,0.09557515785673243,7.111006573880891,2.7119292238734327,0.6224294823940681,0.0,-2.6377491369665638
157,158.0,0.4125453962928973,9.770890342239726,0.4125453962928973,9.770890342239726,2.7119292214064656,0.6224294821109647,1.0504156433555067e-09,-2.63774914333427
158,159.0,0.603519344919773,3.4924966627487914,0.2584503425938592,0.42736338446395367,0.08950218235335644,0.11307531141004871,0.85849952621501,-26.515816934522753
159,160.0,0.8069034152067863,8.536137696521086,0.2584495703704664,0.4273632492114183,0.08950218235008467,0.11307531140798195,0.8584995456525168,-26.515816934778645
160,161.0,0.9956624247511888,7.8275416423481685,0.2584494516093198,0.42736308166221326,0.08950218235002354,0.11307531140794334,0.8584995605524383,-26.515816934783427
161,162.0,0.34500821285044914,0.974247583940281,0.2584493614513656,0.4273631333960222,0.08950218235004723,0.11307531140795833,0.8584995573403698,-26.515816934781572
162,163.0,0.7736745888673396,7.738285925758594,0.2584493874225952,0.4273613339639406,0.0895021823619423,0.11307531141547231,0.8584997031107636,-26.515816933851255
163,164.0,0.940811488894897,9.14298714880052,0.2584494167485242,0.42736306629644477,0.0895021823500398,0.11307531140795357,0.8584995621813137,-26.51581693478215
164,165.0,0.209462538152422,6.864367538127626,0.209462538152422,6.864367538127626,2.711929223871272,0.6224294823938201,1.248556813493451e-12,-2.6377491369721398
165,166.0,0.9211928543993482,6.843046643582807,0.2584497494034798,0.42736268148852946,0.08950218235116737,0.11307531140866592,0.8584995897723208,-26.515816934693966
166,167.0,0.2469365019408083,1.5739519142619172,0.25844925959674353,0.42736289681524503,0.08950218235040264,0.11307531140818283,0.8584995776581309,-26.515816934753776
167,168.0,0.6459011437980656,2.0897952643988233,0.2584492875116995,0.4273628708311767,0.08950218235041035,0.11307531140818766,0.8584995794616249,-26.515816934753172
168,169.0,0.017239888431515804,1.967135832454274,0.017239888431515804,1.967135832454274,2.7119292238734327,0.6224294823940681,0.0,-2.6377491369665638
169,170.0,0.3496084561269188,2.340559583214654,0.2584492875116995,0.4273628708311767,0.08950218235041035,0.11307531140818766,0.8584995794616249,-26.515816934753172
170,171.0,0.14686339129196735,9.710763886654632,0.14686339129196735,9.710763886654632,2.7119292238734327,0.6224294823940681,0.0,-2.6377491369665638
171,172.0,0.908141792248146,1.7769358824320243,0.25844847688963607,0.4273645050739685,0.08950218236077344,0.11307531141473397,0.8584994556798126,-26.515816933942673
172,173.0,0.39796591053139374,3.1593813662874894,0.2584489551256136,0.4273641215548396,0.08950218235451066,0.11307531141077783,0.8584994815796183,-26.515816934432486
173,174.0,0.17026720030598552,5.791920612541756,0.17026720030598552,5.791920612541756,2.711929223871726,0.6224294823938723,1.0474954237338352e-12,-2.637749136970969
174,175.0,0.800848570197905,9.16238737911205,0.2584494101675857,0.4273630747823246,0.08950218235003737,0.11307531140795209,0.8584995615645831,-26.515816934782343
175,176.0,0.7276736969618819,9.397500460648478,0.2584492508938725,0.42736313818828536,0.08950218235018793,0.11307531140804722,0.8584995581616287,-26.51581693477057
176,177.0,0.22808351257920867,1.508203287433349,0.25844941936849447,0.4273632576830698,0.08950218235005188,0.11307531140796125,0.8584995466181953,-26.515816934781206
177,178.0,0.8638867826914005,8.208815290651264,0.25844943232053774,0.4273631494148756,0.08950218235000833,0.11307531140793371,0.8584995552642903,-26.515816934784613
178,179.0,0.6100977546586853,2.3914965224642346,0.2584492875116995,0.4273628708311767,0.08950218235041035,0.11307531140818766,0.8584995794616249,-26.515816934753172
179,180.0,0.5813770040818291,3.5242924039938845,0.2584503880563861,0.4273634058980598,0.089502182353727,0.1130753114102828,0.8584995239770234,-26.515816934493778
180,181.0,0.9699753799954217,0.06143699905728874,0.2584491616409141,0.42736365687988204,0.08950218235131094,0.11307531140875657,0.8584995170371312,-26.51581693468274
181,182.0,0.12928321832387424,6.195985046355231,0.12928321832387424,6.195985046355231,2.7119292238734327,0.6224294823940681,0.0,-2.6377491369665638
182,183.0,0.16300535200084487,5.301843860426316,0.16300535200084487,5.301843860426316,2.7119292238637627,0.6224294823929584,6.002753849543296e-12,-2.6377491369915234
183,184.0,0.6953975796145926,0.8653138108955487,0.25844940003861183,0.42736298070032447,0.08950218235012634,0.11307531140800828,0.8584995693118992,-26.515816934775387
184,185.0,0.713430640839744,3.2375567154019484,0.25844903935885744,0.4273623763060901,0.08950218235286778,0.11307531140974002,0.8584996223173842,-26.51581693456098
185,186.0,0.9506888128088596,3.1793564472528506,0.25844956953623754,0.4273631059575934,0.08950218235006123,0.11307531140796713,0.8584995572892145,-26.515816934780478
186,187.0,0.5949484644629284,9.453794221295647,0.2584495329707576,0.42736299175400105,0.08950218235012136,0.11307531140800514,0.858499566959224,-26.51581693477577
187,188.0,0.7975169887453933,2.3937158093910784,0.2584492875116995,0.4273628708311767,0.08950218235041035,0.11307531140818766,0.8584995794616249,-26.515816934753172
188,189.0,0.5147011135802267,1.0819049302904307,0.25844903841287303,0.4273633866953089,0.08950218235095228,0.11307531140853001,0.8584995403161844,-26.51581693471079
189,190.0,0.09129216223406755,9.61114394428645,0.09129216223406755,9.61114394428645,2.7119292238734327,0.6224294823940681,0.0,-2.6377491369665638
190,191.0,0.15202732674927943,8.73239732740385,0.15202732674927943,8.73239732740385,2.7119292238734327,0.6224294823940681,0.0,-2.6377491369665638
191,192.0,0.8214486414397026,6.118736751641048,0.2584493126325352,0.42736289652259507,0.08950218235032857,0.11307531140813602,0.8584995771013095,-26.51581693475957
192,193.0,0.7521254636112581,0.2627765808823499,0.25844943249929736,0.42736317318231487,0.08950218235000969,0.11307531140793457,0.8584995533331827,-26.515816934784507
193,194.0,0.3354974266378967,3.367326010638997,0.2584494527687221,0.42736279060476573,0.08950218235047909,0.11307531140823109,0.8584995841641706,-26.515816934747797
194,195.0,0.5925317885190371,7.749390942817293,0.25844945796348634,0.4273631482875573,0.08950218235000483,0.11307531140793152,0.858499555075042,-26.515816934784887
195,196.0,0.45005439194095276,0.5989623063459123,0.2584495546070296,0.42736321893829377,0.08950218235005454,0.11307531140796294,0.8584995482823207,-26.515816934781
196,197.0,0.46997187074026403,0.9422739509478976,0.2584494580798177,0.4273631480523119,0.08950218235000476,0.11307531140793152,0.8584995550928627,-26.515816934784894
197,198.0,0.9294469793276725,0.42868159541617823,0.2584494586533188,0.42736314739097675,0.08950218235000486,0.11307531140793153,0.8584995551402627,-26.515816934784887
198,199.0,0.5601971692732095,5.710853314220613,0.25844959248370813,0.42736312009613153,0.08950218235007945,0.11307531140797866,0.8584995558903445,-26.515816934779053
199,200.0,0.3194801318498449,8.104803104012978,0.3194801318498449,8.104803104012978,2.711929223044171,0.6224294822989039,4.04211442095459e-10,-2.6377491391070436
200,201.0,0.2301325415611447,4.728388878406475,0.2301541687056758,4.728387546138838,2.7119289242114824,0.622429448005553,1.6765495303161515e-07,-2.6377499104505286
201,202.0,0.2893681518490374,8.553589007596385,0.2893681518490374,8.553589007596385,2.711929223856813,0.6224294823921609,8.481104707414033e-12,-2.637749137009463
202,203.0,0.3103044215937121,2.028213830054635,0.2584492875116995,0.4273628708311767,0.08950218235041035,0.11307531140818766,0.8584995794616249,-26.515816934753172
203,204.0,0.558300112193761,8.477966657960572,0.25844968162979276,0.4273634688217718,0.08950218235055175,0.113075311408277,0.8584995266089399,-26.515816934742112
204,205.0,0.4650718378129327,4.035384453497146,0.25844946592850704,0.42736313774582707,0.08950218235000562,0.11307531140793205,0.8584995558434839,-26.515816934784823
205,206.0,0.3401374505454904,1.7863726215086166,0.25844958105072763,0.4273629725966585,0.08950218235018408,0.11307531140804475,0.8584995679876921,-26.515816934770868
206,207.0,0.7388423392581717,4.114764918123487,0.2584497055970865,0.4273632233752621,0.08950218235026411,0.11307531140809529,0.8584995462687395,-26.51581693476461
207,208.0,0.7214272174610594,3.5592721746515186,0.25845034067670813,0.42736338268231444,0.08950218235333987,0.11307531141003827,0.8584995263806302,-26.515816934524054
208,209.0,0.05812765121248731,8.691090951046926,0.05812765121248731,8.691090951046926,2.7119292238734327,0.6224294823940681,0.0,-2.6377491369665638
209,210.0,0.16141572390986825,0.21661902852311793,0.25844947125450063,0.42736307291766223,0.0895021823500285,0.11307531140794648,0.8584995610471224,-26.515816934783032
210,211.0,0.9995388449147206,2.5678184299169087,0.2584492875116995,0.4273628708311767,0.08950218235041035,0.11307531140818766,0.8584995794616249,-26.515816934753172
211,212.0,0.16104456920233334,1.8123520739710415,0.2584495361150567,0.4273628757226104,0.08950218235030838,0.11307531140812328,0.8584995763427627,-26.515816934761148
212,213.0,0.9390171074661339,4.697276963040145,0.25844947186035017,0.42736347951884274,0.0895021823503879,0.11307531140817355,0.8584995280375601,-26.515816934754927
213,214.0,0.15077048398387072,9.398778069227127,0.15077048398387072,9.398778069227127,2.7119292238734327,0.6224294823940681,0.0,-2.6377491369665638
214,215.0,0.6051609461654338,4.51604815649336,0.2584494467110266,0.42736310459998145,0.08950218235001406,0.11307531140793738,0.8584995587442616,-26.515816934784166
215,216.0,0.5135234513858853,7.4200013091931405,0.25844989258071893,0.42735911656819825,0.08950218240977097,0.11307531144568521,0.8584998775511072,-26.515816930110553
216,217.0,0.041898929747456126,7.221797573304537,0.041898929747456126,7.221797573304537,2.7119292238734327,0.6224294823940681,0.0,-2.6377491369665638
217,218.0,0.19145329237690945,5.454798145177709,0.19145329237690945,5.454798145177709,2.7119292236384194,0.6224294823670985,1.3966061640502403e-10,-2.637749137573177
218,219.0,0.8766430658802059,3.9988135504188813,0.258449747948704,0.4273632172181524,0.08950218235035315,0.1130753114081516,0.8584995463046639,-26.515816934757645
219,220.0,0.42883732896339966,1.1762136472390057,0.2584490006673119,0.4273626961166014,0.08950218235160223,0.11307531140894057,0.8584995967824388,-26.515816934659952
220,221.0,0.5441398359716169,8.680576518695782,0.2584495110577338,0.42736317351045067,0.08950218235001592,0.11307531140793853,0.8584995524464332,-26.515816934784024
221,222.0,0.25160239643307747,0.04519519060283291,0.2584496226095749,0.4273629723160658,0.08950218235023341,0.11307531140807596,0.8584995675553657,-26.515816934767013
222,223.0,0.4820138329490906,3.790131373691269,0.2584505001609629,0.42736346400963454,0.08950218235473745,0.11307531141092109,0.8584995180315806,-26.51581693441475
223,224.0,0.45727072826974524,1.0644856448828275,0.2584489542074877,0.4273631855672422,0.08950218235107016,0.11307531140860448,0.8584995575628964,-26.51581693470157
224,225.0,0.7910473932494423,2.988121856291059,0.2584492950144803,0.42736318376366295,0.08950218235012314,0.11307531140800627,0.8584995539794095,-26.515816934775636
225,226.0,0.14783549933372586,5.274472243611716,0.14783549933372586,5.274472243611716,2.711929223872686,0.6224294823939824,4.737321646075543e-13,-2.637749136968491
226,227.0,0.46700676009528586,1.5204331280862475,0.25844942098265083,0.42736308579443033,0.0895021823500276,0.1130753114079459,0.8584995605523499,-26.51581693478311
227,228.0,0.8277966443058629,5.635275674327389,0.25844945515495354,0.4273631413638673,0.08950218235000534,0.11307531140793185,0.8584995556677717,-26.51581693478485
228,229.0,0.04823885351628909,7.2456017215543636,0.04823885351628909,7.2456017215543636,2.7119292238734327,0.6224294823940681,0.0,-2.6377491369665638
229,230.0,0.1330274020525546,3.0403313135327967,0.13309397102514614,3.0403270946852774,2.711928655277261,0.6224294171432798,3.689228983416726e-07,-2.637750604620508
230,231.0,0.1582157746335605,4.777316633014511,0.1582157746335605,4.777316633014511,2.7119292237551305,0.622429482380492,7.396760981492889e-11,-2.637749137271925
231,232.0,0.03203181888310569,7.773167838781281,0.03203181888310569,7.773167838781281,2.7119292238734327,0.6224294823940681,0.0,-2.6377491369665638
232,233.0,0.7590270805096767,3.33077540527675,0.25844942504603574,0.42736318927748307,0.08950218235001503,0.11307531140793796,0.8584995521083727,-26.51581693478409
233,234.0,0.6219069656977464,8.744710940989961,0.25844913735358804,0.42736299366954494,0.08950218235052194,0.11307531140825822,0.8584995711346871,-26.515816934744443
234,235.0,0.925326642116501,4.802400138432604,0.25844965883519316,0.42736314927905694,0.0895021823501644,0.1130753114080323,0.8584995527950414,-26.51581693477241
235,236.0,0.595250081637142,1.2054349577961896,0.25844966596907654,0.4273631770854106,0.08950218235017726,0.11307531140804045,0.8584995504599481,-26.5158169347714
236,237.0,0.31985730575740645,6.325848802386655,0.3198691185303947,6.325848091843914,2.7119290020501343,0.6224294569381377,1.0806113759365132e-07,-2.637749709534291
237,238.0,0.7919256970477562,5.451739840708531,0.2584501844815278,0.42736314896084204,0.08950218235215199,0.11307531140928785,0.8584995470626516,-26.515816934616957
238,239.0,0.10572539042844786,7.993824919180588,0.10572539042844786,7.993824919180588,2.7119292238734327,0.6224294823940681,0.0,-2.6377491369665638
239,240.0,0.8991685455249533,6.778881059561368,0.2584494416184007,0.4273631479023124,0.08950218235000641,0.11307531140793252,0.8584995552852657,-26.515816934784763
240,241.0,0.7346379254655734,2.526950665267027,0.2584495194410465,0.4273632682901859,0.08950218235006487,0.11307531140796945,0.8584995446615904,-26.515816934780194
241,242.0,0.4821707454749783,8.233763929630888,0.48221453267109254,8.233761043051262,2.7119278486990535,0.6224293245822089,5.330742857134751e-07,-2.63775268655149
242,243.0,0.7170086246551415,5.321995088598452,0.2584496383865508,0.4273631012573874,0.08950218235014397,0.11307531140801942,0.8584995569167689,-26.51581693477401
243,244.0,0.3239369762505899,8.874169838737407,0.3239369762505899,8.874169838737407,2.7119292237680406,0.6224294823819736,5.1028070657821445e-11,-2.6377491372386013
244,245.0,0.15308855565118762,6.486263332275044,0.15308855565118762,6.486263332275044,2.7119292238734323,0.6224294823940679,5.551115123125783e-16,-2.6377491369665655
245,246.0,0.7661563830048844,1.0459622507507715,0.25844948758490227,0.42736360971190823,0.08950218235075619,0.11307531140840614,0.8584995172978922,-26.51581693472612
246,247.0,0.8432090880585338,0.06769929937559048,0.2584494497752715,0.42736315214928333,0.08950218235000522,0.11307531140793178,0.8584995548512435,-26.515816934784855
247,248.0,0.10385328959433582,2.4705626422559908,0.25844887235183284,0.4273638316176722,0.08950218235314966,0.11307531140991807,0.8584995060191982,-26.515816934538925
248,249.0,0.15265954557647876,8.336430301886129,0.15265954557647876,8.336430301886129,2.7119292238734327,0.6224294823940681,0.0,-2.6377491369665638
249,250.0,0.2877646103321352,6.570254725687123,0.2877646103321352,6.570254725687123,2.711929209761318,0.6224294807745944,7.219237319056049e-09,-2.6377491733925886
250,251.0,0.5226397471953851,6.901356469302202,0.2584494586695205,0.4273631500709184,0.08950218235000475,0.11307531140793145,0.8584995549225606,-26.515816934784894
251,252.0,0.7185492316723936,0.9217390908328023,0.25844918361899905,0.42736276591187783,0.08950218235084856,0.1130753114084645,0.8584995891149465,-26.5158169347189
252,253.0,0.1871412531036366,3.7067062507093316,0.2584505045030813,0.42736346671852155,0.08950218235478004,0.11307531141094795,0.8584995177641153,-26.51581693441142
253,254.0,0.32555024976948055,9.756973473426783,0.32555024976948055,9.756973473426783,2.7119292238655186,0.6224294823931598,3.8228309406918015e-12,-2.637749136986991
254,255.0,0.4071014192240139,9.447191272758088,0.4071014192240139,9.447191272758088,2.7119292197848877,0.622429481924876,1.7541634811379936e-09,-2.6377491475198687
255,256.0,0.3672161468357039,9.007790373261734,0.3672161468357039,9.007790373261734,2.7119292225146734,0.62242948223814,6.171039235169928e-10,-2.637749140473778
256,257.0,0.9203420013946796,1.731484348873613,0.25844935053599216,0.4273634923677293,0.0895021823504752,0.11307531140822866,0.8584995283228256,-26.5158169347481
257,258.0,0.674947566612592,4.210360456186646,0.2584489861241508,0.42736203175450643,0.089502182355393,0.11307531141133519,0.8584996508665019,-26.515816934363475
258,259.0,0.2737198374010822,8.852667486598103,0.2737198374010822,8.852667486598103,2.711929223872211,0.6224294823939279,6.3860028376439e-13,-2.637749136969717
259,260.0,0.11417723362274046,7.978396503376319,0.11417723362274046,7.978396503376319,2.7119292238734327,0.6224294823940681,0.0,-2.6377491369665638
260,261.0,0.7021291120143042,4.849496528796953,0.25844891785586466,0.4273624811010646,0.08950218235279747,0.11307531140969557,0.8584996151410834,-26.515816934566473
261,262.0,0.4528788928334253,3.0228548928334633,0.25844946353091647,0.42736315000293823,0.08950218235000473,0.11307531140793148,0.8584995548748526,-26.515816934784894
262,263.0,0.620142237900583,0.8967569450326217,0.2584494566212263,0.4273631712042737,0.08950218235000593,0.11307531140793223,0.8584995532296397,-26.5158169347848
263,264.0,0.2834322696360445,5.678150242718457,0.2834467469442932,5.678149354540032,2.7119289809818,0.6224294545203841,1.2508293845137075e-07,-2.6377497639156333
264,265.0,0.424231341436636,3.857924006054715,0.2584495060351817,0.42736314867109926,0.0895021823500128,0.11307531140793653,0.8584995545175782,-26.515816934784265
265,266.0,0.9460346048773471,6.006846780918976,0.2584503212657167,0.4273618803292177,0.0895021823590439,0.11307531141364141,0.8584996485329747,-26.515816934077936
266,267.0,0.8652193970644567,5.208910985975078,0.2584495003524868,0.42736314920888574,0.08950218235001087,0.11307531140793532,0.8584995545361481,-26.515816934784414
267,268.0,0.7457710649969682,6.75640111389975,0.25844946312722017,0.42736309143195417,0.08950218235001853,0.1130753114079402,0.8584995596333449,-26.515816934783818
268,269.0,0.6730636992106716,1.6096083276216282,0.25844938106061316,0.4273635657417565,0.0895021823506492,0.11307531140833857,0.8584995220330423,-26.515816934734488
269,270.0,0.571673621642329,7.936782311616178,0.2584493125030717,0.4273641665054835,0.08950218235381836,0.11307531141034054,0.8584994740203612,-26.515816934486633
270,271.0,0.7544965147132887,9.790349567624498,0.258449585317295,0.42736306357586806,0.08950218235009809,0.11307531140799046,0.8584995605564252,-26.515816934777593
271,272.0,0.07443443863422317,4.604290741541026,0.07443443863422317,4.604290741541026,2.7119292238734327,0.6224294823940681,0.0,-2.6377491369665638
272,273.0,0.3359925326847717,4.49507982074518,0.2584494454735039,0.42736310353923274,0.0895021823500146,0.1130753114079377,0.8584995588439093,-26.515816934784123
273,274.0,0.2576108052027205,7.611453853170688,0.2576108052027205,7.611453853170688,2.7119292238489807,0.6224294823912621,1.3106737917212286e-11,-2.6377491370296786
274,275.0,0.7155976422357885,9.041788062048532,0.2584491380361288,0.4273632275899459,0.08950218235045904,0.11307531140821842,0.8584995521402993,-26.51581693474936
275,276.0,0.3784689794267463,3.907086049974045,0.25844974979107815,0.42736321919065773,0.08950218235035833,0.11307531140815485,0.858499546124383,-26.51581693475724
276,277.0,0.7010585037777407,8.50498047180775,0.2584496268964392,0.42736333550504274,0.08950218235023173,0.11307531140807489,0.8584995380293032,-26.515816934767145
277,278.0,0.8510663905893779,9.619404037880656,0.2584494702573239,0.42736314994867974,0.08950218235000497,0.11307531140793162,0.8584995548056112,-26.51581693478488
278,279.0,0.9942996673454435,0.7630197862482889,0.25844947668975476,0.42736323429983464,0.08950218235002898,0.11307531140794679,0.8584995478885915,-26.515816934782997
279,280.0,0.7487204809437812,3.4732420075737362,0.25844945175035017,0.42736278850173315,0.08950218235048467,0.11307531140823465,0.8584995843460186,-26.51581693474736
280,281.0,0.5205025452847812,8.539674864472808,0.5205703132978639,8.539670290354325,2.7119268461766186,0.6224292095350075,8.776502740115433e-07,-2.6377552742524664
281,282.0,0.9282978439868589,4.243851928860122,0.2584495191052936,0.42736311922080217,0.08950218235002261,0.11307531140794273,0.8584995567648799,-26.5158169347835
282,283.0,0.2213710721958344,2.1496170532777628,0.2584492875116995,0.4273628708311767,0.08950218235041035,0.11307531140818766,0.8584995794616249,-26.515816934753172
283,284.0,0.6544431377868235,1.7635811231404301,0.2584497345173394,0.4273628606987455,0.08950218235063094,0.11307531140832705,0.8584995753894277,-26.51581693473592
284,285.0,0.6412463226197589,9.306518962341658,0.25844943379556556,0.42736324667351705,0.08950218235003958,0.11307531140795349,0.8584995473538696,-26.51581693478217
285,286.0,0.2655471974551181,1.1493200983272618,0.25844942927311126,0.42736317687208497,0.08950218235001113,0.11307531140793553,0.858499553069013,-26.515816934784397
286,287.0,0.3703117756174734,9.354990154038562,0.3703117756174734,9.354990154038562,2.7119292232326417,0.6224294823205324,2.897226902831562e-10,-2.637749138620567
287,288.0,0.9203042546907491,0.23101215324688212,0.2584493394484543,0.42736304743315157,0.08950218235010488,0.11307531140799472,0.858499564558667,-26.515816934777064
288,289.0,0.09445620001718535,6.506818842469044,0.09445620001718535,6.506818842469044,2.7119292238734327,0.6224294823940681,0.0,-2.6377491369665638
289,290.0,0.9320230671012855,5.357454362464488,0.2584501055126003,0.4273631072844498,0.08950218235171992,0.11307531140901492,0.8584995513106755,-26.51581693465075
290,291.0,0.15674824056811443,7.178779929300548,0.15674824056811443,7.178779929300548,2.7119292238734327,0.6224294823940681,0.0,-2.6377491369665638
291,292.0,0.7367194465914422,8.022637067799858,0.25844950066654665,0.42736323702233636,0.08950218235003561,0.11307531140795099,0.858499547405094,-26.51581693478248
292,293.0,0.12955532298928585,1.7976430757451194,0.2584495787187569,0.4273631404747861,0.0895021823500616,0.1130753114079674,0.8584995543869903,-26.515816934780446
293,294.0,0.14853058685626763,2.013425472674775,0.2584492875116995,0.4273628708311767,0.08950218235041035,0.11307531140818766,0.8584995794616249,-26.515816934753172
294,295.0,0.46332502560967814,3.1131121379681455,0.2584500926125281,0.4273639610338828,0.08950218235391726,0.11307531141040295,0.8584994821558276,-26.5158169344789
295,296.0,0.4026927882908291,4.927653050013634,0.25844906408183715,0.42736101888602823,0.08950218236695713,0.11307531141864013,0.8584997322248737,-26.51581693345904
296,297.0,0.7852160892380953,8.963379535038044,0.2584484309407691,0.4273636915423447,0.08950218235549853,0.11307531141140183,0.8584995222168479,-26.515816934355225
297,298.0,0.888273276391462,7.337270133317083,0.25844944805791,0.4273631166863192,0.08950218235001024,0.11307531140793496,0.8584995577484947,-26.515816934784464
298,299.0,0.09217868278207586,2.752691504823973,0.09217868278207586,2.752691504823973,2.7119292111715785,0.6224294809364326,8.708539667168225e-09,-2.637749169752441
299,300.0,0.47080491902528077,7.74551402163491,0.2584492759063844,0.4273614370054355,0.08950218236072137,0.11307531141470106,0.8584996959683658,-26.515816933946745
300,301.0,0.1510338484399747,9.394332667845013,0.1510338484399747,9.394332667845013,2.7119292238734327,0.6224294823940681,0.0,-2.6377491369665638
301,302.0,0.30965473913902397,3.1972601894788037,0.2584492370842665,0.4273630133704312,0.08950218235027844,0.1130753114081044,0.858499568444012,-26.515816934763485
302,303.0,0.17676436227247616,1.0451383874372735,0.25844878890317063,0.4273639787295979,0.08950218235440284,0.11307531141070967,0.8584994949910585,-26.515816934440917
303,304.0,0.7953994638374331,7.120402681039939,0.25844920229783314,0.4273623457566994,0.08950218235260278,0.11307531140957264,0.858499623013526,-26.5158169345817
304,305.0,0.869964676946694,6.793818566299828,0.25844976964626465,0.4273630311346551,0.08950218235045357,0.11307531140821502,0.858499561170892,-26.51581693474979
305,306.0,0.343410492542904,8.731619016471566,0.343410492542904,8.731619016471566,2.711929223223228,0.622429482319452,3.0579616616677185e-10,-2.637749138644865
306,307.0,0.9885403871847781,5.161391954051054,0.25844935986277146,0.4273621307775541,0.08950218235380251,0.11307531141033048,0.8584996387377875,-26.51581693448787
307,308.0,0.8723468096203735,9.163008670106413,0.25844935533336516,0.42736299396774025,0.08950218235014051,0.11307531140801726,0.8584995687244398,-26.515816934774275
308,309.0,0.6735131547756643,6.232603456126254,0.25844947884066977,0.42736295659901447,0.08950218235014597,0.11307531140802071,0.8584995704053658,-26.515816934773852
309,310.0,0.5657142828576,1.728958321035296,0.258449492616674,0.42736309655638444,0.08950218235002048,0.11307531140794143,0.8584995588945281,-26.51581693478366
310,311.0,0.930745862255502,7.150555654877134,0.2584487296776466,0.42736286458791334,0.08950218235247832,0.11307531140949403,0.858499586072952,-26.515816934591438
311,312.0,0.7491831511794848,4.748509321206973,0.25844945202736136,0.42736320230592095,0.08950218235001373,0.11307531140793714,0.8584995507554841,-26.51581693478419
312,313.0,0.06389449082468912,9.332693971907615,0.06389449082468912,9.332693971907615,2.7119292238734327,0.6224294823940681,0.0,-2.6377491369665638
313,314.0,0.795546359691187,3.1640374485676537,0.2584492853890869,0.42736351964626984,0.08950218235062556,0.11307531140832362,0.8584995268217817,-26.515816934736343
314,315.0,0.5312875957864616,2.7054144520208045,0.2584489155320879,0.4273635548652517,0.08950218235184458,0.1130753114090937,0.8584995280105627,-26.515816934641002
315,316.0,0.590071804817519,2.929853176122531,0.25844981844114345,0.42736532125879856,0.08950218236735655,0.11307531141889245,0.8584993747518272,-26.515816933427804
316,317.0,0.9357427959286352,2.5436565474709276,0.2584492875116995,0.4273628708311767,0.08950218235041035,0.11307531140818766,0.8584995794616249,-26.515816934753172
317,318.0,0.6635499612156391,8.23233117308185,0.25844944522565594,0.42736317090033205,0.0895021823500069,0.11307531140793282,0.858499553379074,-26.515816934784723
318,319.0,0.6730486982791477,7.377690572704821,0.25844939687746155,0.42736291902895407,0.08950218235021791,0.1130753114080661,0.8584995743522301,-26.515816934768225
319,320.0,0.35429224343988464,9.759643092176931,0.35429224343988464,9.759643092176931,2.7119292238011212,0.6224294823857698,3.3467340010417956e-11,-2.6377491371532136
320,321.0,0.3539809982509309,9.807367787340233,0.3539809982509309,9.807367787340233,2.711929223811625,0.622429482386975,2.8619218106484823e-11,-2.637749137126102
321,322.0,0.12914680413774648,1.1297189478301688,0.2584494580165837,0.4273631372166536,0.08950218235000561,0.11307531140793202,0.8584995559730608,-26.515816934784823
322,323.0,0.37346643598010976,1.1210511199298379,0.25844879737835463,0.4273624906754683,0.08950218235333901,0.11307531141003768,0.8584996156822229,-26.515816934524125
323,324.0,0.6584889641046106,4.706998234300608,0.25844926026432635,0.4273631195686514,0.08950218235017486,0.11307531140803893,0.8584995595703793,-26.51581693477159
324,325.0,0.07643214932858822,7.1415893528187775,0.07643214932858822,7.1415893528187775,2.7119292238734327,0.6224294823940681,0.0,-2.6377491369665638
325,326.0,0.43688151330224834,0.022190072031803953,0.25844966739203873,0.4273630939635276,0.08950218235019289,0.11307531140805031,0.8584995571911473,-26.51581693477018
326,327.0,0.8219788519181682,4.925329613774883,0.2584492104864397,0.4273619513712448,0.08950218235542956,0.11307531141135828,0.8584996549351165,-26.515816934360615
327,328.0,0.37294128745538757,2.6527708601705347,0.2584492875116995,0.4273628708311767,0.08950218235041035,0.11307531140818766,0.8584995794616249,-26.515816934753172
328,329.0,0.49951136618452696,3.2313688916311794,0.25844945378227324,0.4273631438459048,0.08950218235000523,0.11307531140793178,0.8584995554813393,-26.515816934784855
329,330.0,0.22211553915787974,7.794899009587016,0.22211553915787974,7.794899009587016,2.711929223873267,0.622429482394049,9.370282327836321e-14,-2.637749136966992
330,331.0,0.8168152480010862,1.7538911933278132,0.2584497150633544,0.4273633237212136,0.08950218235036647,0.11307531140815995,0.8584995380202509,-26.515816934756604
331,332.0,0.7831843113362078,7.456595889621404,0.25844964690336253,0.4273619455627889,0.08950218235543778,0.11307531141136348,0.8584996506276289,-26.515816934359975
332,333.0,0.5172393966694531,4.261780203254954,0.2584499963466564,0.42736307722457706,0.08950218235120608,0.11307531140869033,0.8584995549465895,-26.51581693469094
333,334.0,0.09935340258375136,0.4259912446683196,0.25844921551243655,0.42736413694964964,0.08950218235377666,0.11307531141031414,0.85849947748087,-26.51581693448989
334,335.0,0.10214321935727433,2.052939505721689,0.2584492875116995,0.4273628708311767,0.08950218235041035,0.11307531140818766,0.8584995794616249,-26.515816934753172
335,336.0,0.07380379115918512,7.295809516505362,0.07380379115918512,7.295809516505362,2.7119292238734327,0.6224294823940681,0.0,-2.6377491369665638
336,337.0,0.18725042323167584,3.123486123758572,0.258449322728863,0.42736331170664665,0.08950218235017776,0.11307531140804075,0.8584995432911466,-26.515816934771365
337,338.0,0.9897817278632756,6.5890334059887365,0.25844943304117013,0.42736315057746177,0.08950218235000808,0.11307531140793357,0.8584995551620361,-26.51581693478463
338,339.0,0.8061423176751612,2.314419979492338,0.2584492875116995,0.4273628708311767,0.08950218235041035,0.11307531140818766,0.8584995794616249,-26.515816934753172
339,340.0,0.7053608106911784,6.084373980804865,0.25844947244763444,0.42736321283754003,0.08950218235001774,0.11307531140793968,0.8584995496770836,-26.515816934783878
340,341.0,0.6075656831939658,4.806099729136951,0.2584489087355069,0.42736248654168696,0.08950218235281188,0.11307531140970473,0.8584996147992803,-26.51581693456535
341,342.0,0.3104155317290639,2.1491270361038977,0.2584492875116995,0.4273628708311767,0.08950218235041035,0.11307531140818766,0.8584995794616249,-26.515816934753172
342,343.0,0.9394749768541872,5.630349462738415,0.2584494558044233,0.42736314840526757,0.08950218235000489,0.11307531140793156,0.8584995550891266,-26.51581693478488
343,344.0,0.11108552059540078,5.792691706859714,0.11108552059540078,5.792691706859714,2.7119292238734327,0.6224294823940681,0.0,-2.6377491369665638
344,345.0,0.4965887968015976,4.402007667682804,0.25844938863365624,0.4273631717743413,0.0895021823500281,0.1130753114079462,0.8584995539277038,-26.515816934783064
345,346.0,0.3557276274822072,4.041120495071517,0.25844950431629365,0.4273629982875923,0.08950218235009982,0.11307531140799151,0.8584995667426654,-26.515816934777458
346,347.0,0.6714489914586891,8.925525542491226,0.2584493166084979,0.42736287718057164,0.08950218235036066,0.11307531140815628,0.858499578627733,-26.51581693475706
347,348.0,0.34404987074051274,1.6854807758234496,0.2584495792280545,0.4273635782739401,0.08950218235070471,0.11307531140837364,0.8584995188462688,-26.51581693473015
348,349.0,0.023342540115184995,2.8669337951462253,0.023342540115184995,2.8669337951462253,2.7119292238734327,0.6224294823940681,0.0,-2.6377491369665638
349,350.0,0.8558669962734415,4.697795218950223,0.25844991271754947,0.4273636225201871,0.08950218235160277,0.11307531140894093,0.8584995116027058,-26.515816934659913
350,351.0,0.3842444237943986,0.1120199223055559,0.25844945110750117,0.42736388185387475,0.08950218235191906,0.11307531140914073,0.8584994956079608,-26.515816934635176
351,352.0,0.8277066358377128,1.4111610918368447,0.25844946110278816,0.42736314659324715,0.08950218235000477,0.11307531140793148,0.8584995551781944,-26.515816934784894
352,353.0,0.7930454059246232,9.018582929008879,0.25845065835753994,0.4273625202633071,0.08950218235744606,0.11307531141263208,0.8584995928969408,-26.51581693420291
353,354.0,0.422782218503728,6.3168066523525335,0.25844944286112514,0.42736307799265366,0.08950218235002645,0.11307531140794518,0.8584995609460683,-26.515816934783196
354,355.0,0.9509979989977645,6.641283794512898,0.25845050492780725,0.4273626045476774,0.08950218235564729,0.11307531141149581,0.858499587738197,-26.515816934343587
355,356.0,0.05298768230893125,6.605046130003777,0.05298768230893125,6.605046130003777,2.7119292238734327,0.6224294823940681,0.0,-2.6377491369665638
356,357.0,0.6782162264354912,4.76671847248864,0.258450104021422,0.4273621412705799,0.08950218235548822,0.11307531141139532,0.8584996297346271,-26.515816934356028
357,358.0,0.5584757851096269,7.5679238985885116,0.25844946616100434,0.42736320801460553,0.08950218235001547,0.11307531140793826,0.8584995501373804,-26.515816934784056
358,359.0,0.7523643651048948,4.50104420376571,0.2584494447191309,0.42736310238797753,0.08950218235001511,0.11307531140793803,0.8584995589456133,-26.515816934784084
359,360.0,0.4033453445402194,6.086122792069916,0.2584504326936264,0.42736271963942074,0.08950218235461939,0.11307531141084648,0.8584995791885812,-26.51581693442398
360,361.0,0.34310377182805907,5.717731298532461,0.25844918323935073,0.42736279047384784,0.0895021823507839,0.11307531140842367,0.8584995871254577,-26.515816934723958
361,362.0,0.3571499969778177,2.2284442478899518,0.2584492875116995,0.4273628708311767,0.08950218235041035,0.11307531140818766,0.8584995794616249,-26.515816934753172
362,363.0,0.9561263891266496,1.1407317487448967,0.2584494493227895,0.42736320456329485,0.0895021823500148,0.11307531140793782,0.8584995506018689,-26.51581693478411
363,364.0,0.036297476022899344,3.396939367512859,0.036297476022899344,3.396939367512859,2.7119292238734327,0.6224294823940681,0.0,-2.6377491369665638
364,365.0,0.21279130389979062,2.2858938906647097,0.2584492875116995,0.4273628708311767,0.08950218235041035,0.11307531140818766,0.8584995794616249,-26.515816934753172
365,366.0,0.27823516811321125,0.5293403508766927,0.258449526419718,0.42736284106685607,0.08950218235037645,0.11307531140816628,0.8584995792618437,-26.515816934755822
366,367.0,0.7114860740986199,1.1888527743253885,0.25844947420638753,0.4273642859252678,0.0895021823546269,0.11307531141085125,0.858499462557234,-26.5158169344234
367,368.0,0.6274578998503991,2.530185317166234,0.2584492875116995,0.4273628708311767,0.08950218235041035,0.11307531140818766,0.8584995794616249,-26.515816934753172
368,369.0,0.5333203528203645,2.241531377245409,0.25845032474542295,0.42736328694737574,0.08950218235311316,0.11307531140989505,0.8584995343256796,-26.515816934541785
369,370.0,0.8623125509980732,4.487300648120011,0.2584497556429349,0.4273635152054842,0.08950218235081582,0.1130753114084438,0.8584995220335463,-26.515816934721457
370,371.0,0.18764726465839499,2.462653314519685,0.2584494931213124,0.4273631499950754,0.08950218235000873,0.11307531140793402,0.8584995545515097,-26.51581693478458
371,372.0,0.7911043591319149,8.365909143400758,0.25844962868897087,0.4273631444668155,0.08950218235011959,0.113075311408004,0.8584995535157695,-26.515816934775916
372,373.0,0.3081288864078029,4.067714275930838,0.2584494560939755,0.42736315404362885,0.08950218235000479,0.11307531140793153,0.8584995546283032,-26.515816934784894
373,374.0,0.9094536885957677,8.479582247601286,0.25844964268933307,0.42736336628876614,0.08950218235029686,0.11307531140811601,0.8584995353577227,-26.51581693476205
374,375.0,0.7760530828862313,8.78600755453212,0.25844942455258646,0.42736312480404287,0.08950218235001313,0.1130753114079368,0.8584995573469424,-26.51581693478424
375,376.0,0.9195980948671402,6.91217538460963,0.25844896494179137,0.42736214457560984,0.0895021823546158,0.11307531141084422,0.8584996419408941,-26.51581693442426
376,377.0,0.42608986722017383,4.970546412013957,0.2584494200800605,0.4273630461409568,0.08950218235005263,0.1130753114079617,0.8584995637808145,-26.51581693478115
377,378.0,0.41259266277042717,1.2618323844622754,0.25845051570258637,0.4273627745152511,0.08950218235514631,0.11307531141117937,0.858499573824579,-26.51581693438277
378,379.0,0.30236198214119536,0.13842656262253913,0.2584499643673617,0.42736606208682415,0.08950218238132948,0.11307531142771902,0.8584993130217164,-26.515816932334975
379,380.0,0.18430934906844154,5.047282616684598,0.18430934906844154,5.047282616684598,2.7119292230173837,0.6224294822958298,5.143674375318597e-10,-2.6377491391761874
380,381.0,0.6996429985942095,2.5119870186746898,0.2584490329541313,0.42736322472622146,0.08950218235078361,0.11307531140842346,0.8584995535227276,-26.515816934723976
381,382.0,0.05020951892535164,0.25945158162514764,0.2584494439260342,0.42736314247443147,0.08950218235000637,0.1130753114079325,0.8584995557005697,-26.51581693478477
382,383.0,0.30598087434896903,0.888318601004402,0.2584494689159969,0.427362964659378,0.0895021823501335,0.11307531140801282,0.8584995698597926,-26.515816934774822
383,384.0,0.5824543208653998,2.6697761839842387,0.2584493211357766,0.4273629845912887,0.08950218235018531,0.11307531140804557,0.8584995698598792,-26.515816934770776
384,385.0,0.8258844372288544,6.5353214822322165,0.25844941932086724,0.42736303683023086,0.08950218235006037,0.11307531140796663,0.8584995645448567,-26.515816934780542
385,386.0,0.5502206691399615,8.74371967346443,0.258449208553979,0.42736287239479953,0.08950218235054275,0.11307531140827135,0.8584995801990125,-26.515816934742816
386,387.0,0.6196500055801942,5.9238163047759365,0.2584500503833611,0.4273631300853431,0.08950218235143262,0.11307531140883341,0.8584995500640343,-26.515816934673218
387,388.0,0.7450919551462611,3.8342986995452737,0.25844945360341937,0.4273627916901758,0.08950218235047627,0.11307531140822931,0.8584995840669312,-26.515816934748017
388,389.0,0.1047547301771724,0.5316894173451557,0.2584490620981316,0.4273630839263755,0.08950218235067492,0.11307531140835482,0.8584995646323053,-26.51581693473248
389,390.0,0.5873480374895994,8.758753398818765,0.2584505836118736,0.4273626644967538,0.08950218235611972,0.11307531141179425,0.8584995820097593,-26.515816934306642
390,391.0,0.17343456564538529,1.2778584425566513,0.25844945716793966,0.42736314752389437,0.08950218235000483,0.11307531140793156,0.858499555145737,-26.515816934784887
391,392.0,0.9176492757894382,3.434128330831971,0.25844944479256954,0.42736319492503316,0.08950218235001216,0.11307531140793615,0.8584995514337839,-26.515816934784315
392,393.0,0.3097630115481099,3.0784630907975066,0.2584494502675178,0.4273633303229817,0.08950218235011825,0.11307531140800318,0.8584995403838828,-26.515816934776016
393,394.0,0.8803859130062146,4.319218398001794,0.25844968612729846,0.42736321262163723,0.08950218235022209,0.11307531140806876,0.8584995473548068,-26.515816934767894
394,395.0,0.2861581560564068,5.533958293965907,0.2861850234536169,5.533956606426899,2.711928751031034,0.6224294281317629,2.424771228248801e-07,-2.6377503574619405
395,396.0,0.8013231176231187,7.911758586338353,0.2584493294160775,0.42736309561390196,0.08950218235008771,0.11307531140798388,0.8584995607577629,-26.515816934778407
396,397.0,0.038568109203690804,7.896968388334943,0.038568109203690804,7.896968388334943,2.7119292238734327,0.6224294823940681,0.0,-2.6377491369665638
397,398.0,0.07714985058678092,9.906687043796335,0.07714985058678092,9.906687043796335,2.7119292238734327,0.6224294823940681,0.0,-2.6377491369665638
398,399.0,0.748919241634724,3.1974500300593083,0.2584492001093331,0.4273629253751965,0.08950218235046509,0.11307531140822229,0.8584995759911336,-26.51581693474889
399,400.0,0.42964951177707733,5.713779322529912,0.258449476083562,0.4273630849862345,0.08950218235002248,0.11307531140794268,0.8584995600146718,-26.51581693478351
400,401.0,0.48794085482910066,2.2727317639064957,0.2584492875116995,0.4273628708311767,0.08950218235041035,0.11307531140818766,0.8584995794616249,-26.515816934753172
401,402.0,0.28419778004819896,5.305778074048282,0.2842494720322527,5.305774698970267,2.71192827948126,0.6224293740177916,4.857365719646012e-07,-2.6377515746210216
402,403.0,0.47711798297103725,0.3613307213447739,0.258450116990823,0.4273621578410131,0.08950218235543778,0.11307531141136345,0.8584996282475468,-26.515816934359975
403,404.0,0.048643957840090124,1.732690587067716,0.2584494549729819,0.42736314685537385,0.08950218235000498,0.11307531140793164,0.8584995552240309,-26.515816934784873
404,405.0,0.9281414402689123,8.409930839194326,0.25844964094836526,0.4273637559394253,0.08950218235142948,0.11307531140883145,0.8584995037497244,-26.515816934673467
405,406.0,0.0966377983631731,6.199732474238827,0.0966377983631731,6.199732474238827,2.7119292238734327,0.6224294823940681,0.0,-2.6377491369665638
406,407.0,0.4315011114668623,0.7077407598726062,0.2584494824219648,0.4273633227341444,0.08950218235010923,0.11307531140799748,0.8584995406478131,-26.515816934776723
407,408.0,0.5393743356148017,7.650496357332282,0.25844792754946094,0.4273633694927773,0.08950218235989899,0.1130753114141816,0.8584995538605543,-26.515816934011063
408,409.0,0.9338362295777068,9.051806564803641,0.25844931757351874,0.42736318218062275,0.08950218235009376,0.1130753114079877,0.8584995538609572,-26.515816934777938
409,410.0,0.8757129871525187,7.9036971096381405,0.25844933114608554,0.4273630821080847,0.08950218235009189,0.11307531140798649,0.8584995618350636,-26.51581693477808
410,411.0,0.7281586437016712,3.0584621111708263,0.25844967513223216,0.4273637111381321,0.0895021823512956,0.11307531140874691,0.8584995070118321,-26.515816934683937
411,412.0,0.3110365904722451,0.37554471026281017,0.25844945106723305,0.4273631993171959,0.08950218235001282,0.11307531140793657,0.8584995510085842,-26.515816934784265
412,413.0,0.3567739116897677,1.5954981750351307,0.2584486793931424,0.4273621945245239,0.08950218235572699,0.11307531141154618,0.8584996410111729,-26.51581693433736
413,414.0,0.05452042641332444,8.551241138140519,0.05452042641332444,8.551241138140519,2.7119292238734327,0.6224294823940681,0.0,-2.6377491369665638
414,415.0,0.7146416100708388,5.6331530061905415,0.2584494566200803,0.4273631487304933,0.08950218235000484,0.11307531140793156,0.8584995550537983,-26.515816934784887
415,416.0,0.2819398418474287,1.0940789022169304,0.25845008900072736,0.42736402732281087,0.08950218235429475,0.11307531141064144,0.8584994768149039,-26.515816934449372
416,417.0,0.7970767414577985,1.6878035657082844,0.25844852383660216,0.4273631309279273,0.08950218235362051,0.11307531141021548,0.8584995667059007,-26.5158169345021
417,418.0,0.7407074473240358,5.068944156981126,0.25844948938950413,0.427363681100805,0.08950218235100943,0.11307531140856612,0.8584995114836351,-26.51581693470632
418,419.0,0.3088382710328832,1.3095060204398523,0.25844934315606816,0.42736235512043763,0.0895021823523463,0.11307531140941064,0.8584996207114255,-26.51581693460176
419,420.0,0.5966399768283597,7.530198293629979,0.25844974048100444,0.4273617679005152,0.08950218235730091,0.11307531141254037,0.8584996640227638,-26.51581693421426
420,421.0,0.9203983606716646,8.422691529081822,0.258449678735089,0.4273636708639675,0.08950218235114682,0.11307531140865294,0.8584995102413437,-26.51581693469557
421,422.0,0.8438565682393141,1.6666844993980305,0.2584496749299359,0.4273634685416985,0.08950218235053947,0.11307531140826924,0.8584995267050419,-26.515816934743075
422,423.0,0.9010221387313433,3.565499246494047,0.2584494527315605,0.42736278975849634,0.08950218235048137,0.11307531140823254,0.8584995842332669,-26.51581693474762
423,424.0,0.3427261357943321,8.048460996004884,0.3427261357943321,8.048460996004884,2.7119292193149294,0.6224294818709448,2.146073208031396e-09,-2.6377491487329197
424,425.0,0.4430149098765461,6.110566410053573,0.25844894303229743,0.42736311068425986,0.08950218235111454,0.1130753114086325,0.8584995637633274,-26.5158169346981
425,426.0,0.2694813401821401,2.952551932302063,0.2584494588898489,0.4273631466250891,0.08950218235000483,0.11307531140793153,0.8584995551998384,-26.515816934784887
426,427.0,0.21565375685827703,6.71760131037849,0.21565375685827703,6.71760131037849,2.711929223863775,0.6224294823929598,5.527134305793879e-12,-2.6377491369914914
427,428.0,0.675030135632488,0.3844584759994513,0.2584483634120841,0.42736169968772586,0.08950218236235076,0.11307531141573035,0.8584996846327552,-26.51581693381931
428,429.0,0.04341104958891151,1.495587029712424,0.25844944596058395,0.42736314593992236,0.08950218235000588,0.11307531140793219,0.8584995553970084,-26.515816934784805
429,430.0,0.36648666397186314,7.835521091433697,0.36648666397186314,7.835521091433697,2.7119291920257727,0.6224294787393041,1.4479500820563374e-08,-2.637749219171372
430,431.0,0.9513171530207594,6.461548777624376,0.2584494412491449,0.4273631017451652,0.08950218235001588,0.11307531140793853,0.85849955903578,-26.515816934784024
431,432.0,0.08514156747674417,1.0138425654647272,0.2584490084202331,0.42736238946344685,0.08950218235290336,0.11307531140976251,0.8584996215880347,-26.515816934558195
432,433.0,0.2525429083144315,1.3211247502817276,0.2584494329225257,0.427363209979317,0.08950218235001986,0.11307531140794103,0.8584995503418167,-26.51581693478371
433,434.0,0.4306630926204551,8.669655401652923,0.4306630926204551,8.669655401652923,2.711929144632411,0.6224294733005512,3.2906143698774315e-08,-2.637749341502566
434,435.0,0.6911971649424724,0.04503027240942009,0.25844988949636477,0.42736312825970585,0.08950218235076036,0.1130753114084088,0.8584995519747654,-26.515816934725798
435,436.0,0.47177700608653084,1.5941898158957195,0.25844944255788543,0.4273633108694875,0.08950218235009602,0.11307531140798913,0.8584995420472881,-26.515816934777757
436,437.0,0.2228777241526404,5.87177255487098,0.2228777241526404,5.87177255487098,2.7119292228438385,0.6224294822759143,5.826273907771906e-10,-2.63774913962414
437,438.0,0.9512378671071015,5.748625056008741,0.2584494446863638,0.42736312675473503,0.08950218235000836,0.11307531140793377,0.8584995569681776,-26.515816934784613
438,439.0,0.4509279930823398,6.1435626404763735,0.2584494742865511,0.4273630975400472,0.08950218235001664,0.11307531140793897,0.8584995590153836,-26.515816934783967
439,440.0,0.6892704890130544,0.48156793768472006,0.2584495311351382,0.42736320996839733,0.08950218235003535,0.1130753114079508,0.858499549267393,-26.5158169347825
440,441.0,0.9704336283583407,0.7926782030134795,0.25844948348065555,0.4273632133934614,0.08950218235001939,0.11307531140794075,0.858499549511163,-26.51581693478375
441,442.0,0.18764476273608566,1.427231159798293,0.2584494598286785,0.42736314726024216,0.0895021823500048,0.11307531140793152,0.8584995551380057,-26.515816934784887
442,443.0,0.8131568126770029,1.94036833487781,0.2584492875116995,0.4273628708311767,0.08950218235041035,0.11307531140818766,0.8584995794616249,-26.515816934753172
443,444.0,0.3207033554811989,0.8125851125117673,0.2584495586462471,0.4273632358775463,0.08950218235006652,0.11307531140797049,0.8584995468631734,-26.515816934780062
444,445.0,0.212899624445558,0.08881024388743652,0.25844898284245005,0.4273629375447684,0.08950218235110086,0.11307531140862387,0.8584995773811839,-26.51581693469917
445,446.0,0.4930999409418032,4.6417767926250395,0.2584494506364288,0.4273631480161754,0.08950218235000526,0.1130753114079318,0.8584995551772902,-26.515816934784855
446,447.0,0.36688115864484294,3.8230310780607177,0.2584494566263116,0.42736315205764575,0.08950218235000479,0.11307531140793152,0.8584995547836727,-26.515816934784894
447,448.0,7.702780157015088e-05,8.281171988136377,7.702780157015088e-05,8.281171988136377,2.7119292238734327,0.6224294823940681,0.0,-2.6377491369665638
448,449.0,0.8883404114477049,3.9443682442667134,0.25844945623967336,0.4273631492577643,0.08950218235000487,0.11307531140793156,0.8584995550151658,-26.515816934784887
449,450.0,0.25886622321700437,7.940118445344887,0.25886622321700437,7.940118445344887,2.7119292238656354,0.6224294823931733,4.171329948121638e-12,-2.637749136986691
450,451.0,0.402249790857216,0.6029158159859522,0.2584494536748126,0.42736314468353304,0.08950218235000523,0.11307531140793178,0.8584995554145274,-26.515816934784855
451,452.0,0.4328362299441294,6.762991989611659,0.2584494031328244,0.4273631413680389,0.08950218235001922,0.1130753114079406,0.8584995562369843,-26.51581693478376
452,453.0,0.9254533452297119,5.152189245780423,0.25844940322080573,0.4273631348840656,0.08950218235001992,0.11307531140794104,0.8584995567623109,-26.515816934783707
453,454.0,0.29251632450980314,6.819430631628786,0.29251632450980314,6.819430631628786,2.711929215566452,0.6224294814407781,4.218651428189446e-09,-2.637749158408446
454,455.0,0.8698985450591955,7.823987889761492,0.2584494464655814,0.4273631340214752,0.08950218235000698,0.11307531140793288,0.8584995563588729,-26.51581693478472
455,456.0,0.012599358565407281,6.967438504698495,0.012599358565407281,6.967438504698495,2.7119292238734327,0.6224294823940681,0.0,-2.6377491369665638
456,457.0,0.7960599182165555,5.610679194272751,0.25844945435522887,0.4273631289463591,0.08950218235000704,0.11307531140793288,0.8584995566844287,-26.515816934784713
457,458.0,0.11204578173925761,8.106704550457904,0.11204578173925761,8.106704550457904,2.7119292238734327,0.6224294823940681,0.0,-2.6377491369665638
458,459.0,0.6312325431345317,1.528116189444174,0.25844945767316224,0.4273630455940712,0.08950218235004657,0.1130753114079579,0.8584995634136141,-26.515816934781622
459,460.0,0.6795614503702958,3.7338120488858975,0.2584503383657768,0.4273633822640742,0.08950218235332262,0.11307531141002733,0.8584995264399039,-26.515816934525404
460,461.0,0.4279601252310088,4.357304951596515,0.2584493148496452,0.4273629515717174,0.08950218235023605,0.11307531140807758,0.8584995726088217,-26.515816934766807
461,462.0,0.4293380062975011,3.8610122653373757,0.25844971902027736,0.4273633317505843,0.08950218235038446,0.11307531140817134,0.8584995373251929,-26.5158169347552
462,463.0,0.46168441239025293,3.692010598277592,0.2584504002102513,0.4273634127188853,0.0895021823538314,0.11307531141034873,0.8584995232901945,-26.515816934485613
463,464.0,0.1861502120427353,1.6623159348183076,0.2584494583836765,0.4273631517288947,0.08950218235000472,0.11307531140793145,0.858499554791116,-26.5158169347849
464,465.0,0.8879806905903738,5.880363159751446,0.2584494033267595,0.4273630370837558,0.08950218235006654,0.11307531140797052,0.8584995646993854,-26.515816934780062
465,466.0,0.5407246188473457,3.269614947057093,0.25844913369877476,0.4273629788020464,0.08950218235054887,0.11307531140827518,0.8584995723814561,-26.515816934742336
466,467.0,0.022692001036079268,2.8776948744350395,0.022692001036079268,2.8776948744350395,2.7119292238734327,0.6224294823940681,0.0,-2.6377491369665638
467,468.0,0.8532183929484952,5.057453935133824,0.2584494334999708,0.4273631563397245,0.08950218235000797,0.1130753114079335,0.858499554689303,-26.515816934784645
468,469.0,0.3490602893633633,8.808582040428819,0.3490602893633633,8.808582040428819,2.7119292231171226,0.6224294823072757,3.527407255177195e-10,-2.6377491389187435
469,470.0,0.24076045382054712,7.018093224279193,0.24076045382054712,7.018093224279193,2.711929223827177,0.62242948238876,2.5453750218673576e-11,-2.637749137085959
470,471.0,0.08780660877589841,4.965524014384245,0.08780660877589841,4.965524014384245,2.7119292238734327,0.6224294823940681,0.0,-2.6377491369665638
471,472.0,0.45695157902559747,3.234810439651524,0.25844941265482224,0.4273631195965714,0.08950218235001846,0.11307531140794014,0.8584995578998798,-26.515816934783825
472,473.0,0.23460246626092884,6.863477735627225,0.23460246626092884,6.863477735627225,2.711929223827583,0.6224294823888066,2.5473956277721754e-11,-2.637749137084911
473,474.0,0.4588529136609707,3.4272345932160717,0.2584494919544003,0.42736304861769514,0.08950218235004845,0.11307531140795907,0.8584995627928484,-26.515816934781473
474,475.0,0.9064621658280705,7.4798576532010514,0.2584497047853916,0.4273618241352686,0.08950218235666478,0.11307531141213854,0.858499659849431,-26.515816934264013
475,476.0,0.15195100114798776,8.746988690483091,0.15195100114798776,8.746988690483091,2.7119292238734327,0.6224294823940681,0.0,-2.6377491369665638
476,477.0,0.21724324377784432,8.351528485711041,0.21724324377784432,8.351528485711041,2.7119292238734265,0.6224294823940674,3.6637359812630166e-15,-2.6377491369665798
477,478.0,0.5064163615954534,0.32593417034986666,0.2584501136191926,0.42736285193881207,0.0895021823521075,0.11307531140925976,0.8584995719473393,-26.51581693462044
478,479.0,0.891687761891797,3.055966105160227,0.25844932016119254,0.4273626995261714,0.08950218235082055,0.11307531140844679,0.8584995930086381,-26.51581693472109
479,480.0,0.7773871129275796,9.396101526334315,0.25844961312604103,0.42736328884167407,0.08950218235016189,0.11307531140803072,0.8584995419676468,-26.5158169347726
480,481.0,0.2856358792721113,8.705556689543272,0.2856358792721113,8.705556689543272,2.7119292238665325,0.6224294823932763,3.5413894039493243e-12,-2.6377491369843744
481,482.0,0.5248200491367044,4.769209778377718,0.2584494032771275,0.4273630694477534,0.08950218235004351,0.11307531140795594,0.8584995620730156,-26.515816934781867
482,483.0,0.36962246534030796,8.414208010380422,0.36962246534030796,8.414208010380422,2.7119292160485458,0.6224294814961022,3.5414223775731557e-09,-2.6377491571640714
483,484.0,0.8354878609667753,2.461265938516921,0.2584492875116995,0.4273628708311767,0.08950218235041035,0.11307531140818766,0.8584995794616249,-26.515816934753172
484,485.0,0.3545289409853738,4.644608131222673,0.2584494451503026,0.42736310340527484,0.08950218235001468,0.11307531140793778,0.8584995588583209,-26.515816934784116
485,486.0,0.23530785624627104,0.2682727817782306,0.2584493220294763,0.4273630023176876,0.08950218235016426,0.1130753114080322,0.858499568411282,-26.51581693477242
486,487.0,0.4410085704723591,7.664597361713847,0.44105035926702796,7.664594697178572,2.7119280352168467,0.6224293459865656,4.866717985274605e-07,-2.637752205113717
487,488.0,0.34481113305519895,4.01325880956599,0.2584493357985548,0.42736297188351663,0.08950218235018542,0.11307531140804562,0.8584995707308244,-26.51581693477076
488,489.0,0.35514776412367555,4.529402910919541,0.2584497780487298,0.42736376558873734,0.0895021823517384,0.11307531140902659,0.8584995014651639,-26.515816934649308
489,490.0,0.26998659847879225,2.1916978590510596,0.2584492875116995,0.4273628708311767,0.08950218235041035,0.11307531140818766,0.8584995794616249,-26.515816934753172
490,491.0,0.01797004281874537,1.1945075754273697,0.2584492892374858,0.42736303437061346,0.08950218235017525,0.11307531140803916,0.8584995661685833,-26.515816934771557
491,492.0,0.06543978943741102,2.7514329905432766,0.06543978943741102,2.7514329905432766,2.7119292238683554,0.6224294823934855,3.5830227673727677e-12,-2.6377491369796697
492,493.0,0.442397196247305,9.580944022327017,0.442397196247305,9.580944022327017,2.711929207492794,0.6224294805142638,6.69450039847419e-09,-2.6377491792480763
493,494.0,0.27766540312383925,2.7547969010333175,0.2584485838881515,0.4273628478403098,0.08950218235347097,0.11307531141012106,0.8584995890271074,-26.5158169345138
494,495.0,0.06040412049637256,2.016023677785527,0.06043351920205971,2.0160219902465193,2.7119291186372267,0.6224294703174037,7.459509121510166e-08,-2.6377494086010334
495,496.0,0.5024880656563592,3.2176246250829306,0.2584494687893408,0.42736327031308313,0.089502182350054,0.11307531140796259,0.8584995450519741,-26.515816934781043
496,497.0,0.9751727173653353,9.177584855190284,0.25844944043485346,0.427363146273116,0.08950218235000669,0.11307531140793269,0.8584995554304619,-26.515816934784745
497,498.0,0.14691731658201868,8.739992403045607,0.14691731658201868,8.739992403045607,2.7119292238734327,0.6224294823940681,0.0,-2.6377491369665638
498,499.0,0.929919609923769,2.351179404888784,0.2584493178096615,0.42736323504514745,0.08950218235011567,0.11307531140800157,0.8584995495674623,-26.51581693477622
499,500.0,0.7863041395962322,3.275522090006402,0.2584494167095946,0.4273631609071622,0.08950218235001325,0.11307531140793683,0.8584995545023979,-26.515816934784226
500,501.0,0.36325845839430193,4.024413287839562,0.2584494629990524,0.4273631465575246,0.08950218235000489,0.11307531140793153,0.8584995551603323,-26.51581693478488
501,502.0,0.11587089573311404,9.89972350487051,0.11587089573311404,9.89972350487051,2.7119292238734327,0.6224294823940681,0.0,-2.6377491369665638
502,503.0,0.2607559732747853,3.044312536051977,0.2584494339397637,0.4273631149665633,0.08950218235001309,0.11307531140793674,0.8584995580426551,-26.51581693478424
503,504.0,0.9926812236427143,6.139543667394522,0.2584495749239088,0.4273631083689884,0.08950218235006524,0.11307531140796971,0.8584995570344919,-26.51581693478016
504,505.0,0.38310320565508815,3.8124571134804324,0.2584503201697023,0.42736362044338394,0.0895021823537611,0.11307531141030432,0.8584995073071502,-26.51581693449111
505,506.0,0.34152991143154443,2.3700328108416238,0.25844940455942444,0.42736336163367505,0.08950218235017617,0.11307531140803974,0.8584995383428633,-26.51581693477149
506,507.0,0.7649216998796007,6.462983009917851,0.25844931301195173,0.4273625092114244,0.08950218235157795,0.11307531140892524,0.8584996085342878,-26.515816934661853
507,508.0,0.058035084308758034,9.954992412708348,0.058035084308758034,9.954992412708348,2.7119292238734327,0.6224294823940681,0.0,-2.6377491369665638
508,509.0,0.32464225710339023,8.084139532648747,0.32464225710339023,8.084139532648747,2.711929222605666,0.6224294822485822,6.13171624586073e-10,-2.637749140238909
509,510.0,0.5902171858770902,9.25213165246221,0.2584491777927599,0.4273621458775936,0.0895021823539544,0.11307531141042641,0.8584996395054627,-26.51581693447599
510,511.0,0.2197540273795473,3.136560499260712,0.25844958636159904,0.4273631221901797,0.0895021823500725,0.1130753114079743,0.858499555787415,-26.515816934779597
511,512.0,0.27934607246562215,6.232571692936568,0.27934607246562215,6.232571692936568,2.711929197850645,0.6224294794077531,1.3486093131120924e-08,-2.6377492041362807
512,513.0,0.8838131103328952,9.104684515501937,0.2584494310573003,0.42736311635508195,0.0895021823500133,0.11307531140793689,0.8584995579615105,-26.515816934784226
513,514.0,0.5585010379861296,3.90443791849678,0.2584494537218086,0.4273627905796778,0.08950218235047915,0.11307531140823117,0.8584995841557712,-26.51581693474779
514,515.0,0.4523543251558342,9.017824514142603,0.4523543251558342,9.017824514142603,2.711929135899176,0.6224294722983453,3.547452709362631e-08,-2.6377493640446907
515,516.0,0.8134764674960981,3.6158267058679607,0.2584503392907998,0.4273633823555037,0.08950218235332943,0.11307531141003166,0.8584995264223451,-26.51581693452487
516,517.0,0.3241847944901146,9.232421300858945,0.3241847944901146,9.232421300858945,2.7119292238378616,0.6224294823899861,1.7216339465164765e-11,-2.637749137058379
517,518.0,0.941193947606566,1.2630871036698594,0.25845021665194695,0.4273640317058488,0.08950218235503093,0.11307531141110645,0.8584994750606089,-26.515816934391793
518,519.0,0.8226949020887968,1.3623152607346527,0.2584494741514937,0.4273629776008047,0.08950218235011705,0.11307531140800242,0.8584995687520445,-26.515816934776115
519,520.0,0.2937128699955618,3.030473717321358,0.2584493431619201,0.4273621690539746,0.08950218235353885,0.11307531141016394,0.8584996358138592,-26.515816934508493
520,521.0,0.9099077809199138,3.7980478445789605,0.25845040491508076,0.4273634147945699,0.08950218235387127,0.11307531141037391,0.8584995230701529,-26.515816934482494
521,522.0,0.5769550634059704,4.401627790543941,0.2584495115722669,0.427363216845099,0.08950218235002882,0.1130753114079467,0.8584995489234268,-26.51581693478301
522,523.0,0.42257848421600375,6.933276927011066,0.25844945935187497,0.427363184553978,0.08950218235000822,0.11307531140793366,0.8584995521161775,-26.515816934784624
523,524.0,0.0716597702267131,6.132400470161218,0.0716597702267131,6.132400470161218,2.7119292238734327,0.6224294823940681,0.0,-2.6377491369665638
524,525.0,0.6548411262901509,9.562776572405621,0.25844948153059166,0.427363132366104,0.08950218235000788,0.11307531140793348,0.8584995561093192,-26.515816934784652
525,526.0,0.6296893845901803,1.4756029589563007,0.25845014254480947,0.4273628941070637,0.08950218235217776,0.11307531140930414,0.8584995682077404,-26.515816934614946
526,527.0,0.3372371754499319,3.0365359071447595,0.2584494773095971,0.4273631057577771,0.08950218235001392,0.11307531140793725,0.8584995583152706,-26.515816934784176
527,528.0,0.868631539998866,0.4417740917001122,0.25844941583523734,0.42736305380497397,0.08950218235004845,0.11307531140795911,0.8584995632052169,-26.515816934781473
528,529.0,0.35981308953430613,5.698746936574736,0.2584501663393163,0.42736307121185485,0.08950218235207788,0.11307531140924107,0.8584995535720571,-26.515816934622755
529,530.0,0.23504392381417905,4.245732286762723,0.2584505096180381,0.4273633490129875,0.08950218235462588,0.11307531141085059,0.8584995272617395,-26.515816934423473
530,531.0,0.19481186638556025,4.5583386843497085,0.19481186638556025,4.5583386843497085,2.711929188629478,0.6224294783495531,2.083557426590943e-08,-2.6377492279378485
531,532.0,0.38434373326928395,6.320267367256997,0.2584494447710635,0.42736305577739764,0.08950218235003995,0.11307531140795374,0.8584995627283184,-26.515816934782137
532,533.0,0.9208829831774246,5.308494227287186,0.2584494311819122,0.4273632508013689,0.08950218235004309,0.11307531140795572,0.8584995470474351,-26.515816934781895
533,534.0,0.08606698794553125,0.7840560832955901,0.2584493239482733,0.42736307832083953,0.08950218235010164,0.11307531140799269,0.8584995622212611,-26.515816934777312
534,535.0,0.19109098854535822,1.3695075328414759,0.25844949780530657,0.427363256302334,0.08950218235004753,0.11307531140795851,0.858499545871508,-26.515816934781547
535,536.0,0.9933986927922435,2.5602323846441823,0.2584492875116995,0.4273628708311767,0.08950218235041035,0.11307531140818766,0.8584995794616249,-26.515816934753172
536,537.0,0.8943146964648049,3.7508744010550172,0.25845046161338325,0.42736344420128697,0.08950218235437618,0.11307531141069288,0.858499520061874,-26.515816934443006
537,538.0,0.37983971736716227,7.576617248804862,0.37983971736716227,7.576617248804862,2.7119291006679,0.6224294682552852,5.4944929273048615e-08,-2.6377494549832523
538,539.0,0.5854913894255435,1.9268365427281242,0.2584492691145092,0.4273634259831964,0.08950218235043281,0.11307531140820185,0.8584995346023933,-26.515816934751413
539,540.0,0.7804957444611175,8.255626774958857,0.25844941591515336,0.4273632541204754,0.08950218235005054,0.1130753114079604,0.8584995469451704,-26.515816934781313
540,541.0,0.3933378180449326,5.249433290818515,0.2584493605068564,0.42736285603446017,0.08950218235036136,0.11307531140815673,0.8584995798635338,-26.515816934757
541,542.0,0.049173085995531496,8.763617806738583,0.049173085995531496,8.763617806738583,2.7119292238734327,0.6224294823940681,0.0,-2.6377491369665638
542,543.0,0.7463315427287246,9.153906943524765,0.258449417423431,0.42736306762597503,0.08950218235003875,0.11307531140795295,0.8584995620660096,-26.515816934782237
543,544.0,0.9950392288301885,4.871573673765531,0.2584493625547561,0.42736232253730105,0.08950218235252207,0.11307531140952164,0.8584996231437187,-26.51581693458801
544,545.0,0.45627671568817696,1.1559163989121743,0.2584495823229235,0.4273633445033248,0.08950218235019257,0.11307531140805013,0.85849953778702,-26.5158169347702
545,546.0,0.9023451395071186,6.473619565621866,0.258449447261293,0.42736312993433084,0.08950218235000747,0.11307531140793321,0.8584995566819054,-26.51581693478468
546,547.0,0.19827956046540318,8.325632211263317,0.19827956046540318,8.325632211263317,2.7119292238734323,0.6224294823940681,3.3306690738754696e-16,-2.6377491369665655
547,548.0,0.796775818586852,9.672224004094215,0.25844951451513704,0.4273631140807702,0.08950218235002196,0.11307531140794233,0.8584995572323434,-26.51581693478355
548,549.0,0.36733287032779816,6.482183729291689,0.3673882482522956,6.482180132169067,2.7119278957915456,0.622429329986436,6.030204836582342e-07,-2.637752564996841
549,550.0,0.7438058529153287,5.252589348969723,0.2584496444370658,0.4273626338215104,0.08950218235112893,0.1130753114086416,0.8584995947909557,-26.515816934696975
550,551.0,0.08392111332963248,5.5722685310396205,0.08392111332963248,5.5722685310396205,2.7119292238734327,0.6224294823940681,0.0,-2.6377491369665638
551,552.0,0.09431781074807111,4.829077216553886,0.09431781074807111,4.829077216553886,2.7119292238734327,0.6224294823940681,0.0,-2.6377491369665638
552,553.0,0.12877700972280937,4.235950734882853,0.12877700972280937,4.235950734882853,2.711929223842227,0.622429482390487,2.0373036591081473e-11,-2.637749137047112
553,554.0,0.6069291792953483,7.328041840071028,0.25845042261528234,0.42736359055670986,0.08950218235442703,0.11307531141072501,0.8584995086101941,-26.515816934439027
554,555.0,0.3897086389528934,4.086828704967775,0.2584492086538601,0.4273625707775288,0.08950218235147055,0.1130753114088574,0.8584996046795415,-26.515816934670255
555,556.0,0.5978884741290993,4.598027718622092,0.25844945008196263,0.427363148077001,0.08950218235000527,0.1130753114079318,0.8584995551784238,-26.515816934784855
556,557.0,0.32848532061579994,0.3179737133077376,0.2584493111860633,0.4273636031585582,0.08950218235083696,0.11307531140845715,0.8584995197608576,-26.515816934719805
557,558.0,0.4463286103802052,1.436532970196365,0.25844953503352514,0.4273629746835977,0.08950218235014379,0.1130753114080193,0.8584995683221983,-26.51581693477402
558,559.0,0.69540025676708,5.910593324763094,0.25844883338622393,0.4273647441630882,0.08950218236089663,0.11307531141481178,0.8584994323743412,-26.51581693393304
559,560.0,0.9353240917586804,7.449806561098909,0.25844965493134137,0.42736192601029727,0.08950218235562385,0.11307531141148099,0.8584996521267017,-26.51581693434542
560,561.0,0.5490451224130105,1.3285145546416763,0.25844999695897947,0.42736301815594796,0.0895021823512584,0.1130753114087234,0.8584995597342853,-26.515816934686846
561,562.0,0.7638521859544115,8.671160905386138,0.25844951242059355,0.4273631746202154,0.08950218235001661,0.11307531140793893,0.858499552341434,-26.515816934783967
562,563.0,0.12195306587551524,1.088986198383953,0.2584495506430438,0.42736317981739574,0.08950218235003923,0.11307531140795325,0.8584995515010747,-26.515816934782194
563,564.0,0.03956380667747983,4.748671594257027,0.03956380667747983,4.748671594257027,2.7119292238734327,0.6224294823940681,0.0,-2.6377491369665638
564,565.0,0.46086934577296645,9.403107034400321,0.46086934577296645,9.403107034400321,2.7119291705635833,0.6224294762763528,2.1253539705945457e-08,-2.637749274569325
565,566.0,0.7682143738019495,2.6862095890145685,0.2584492875116995,0.4273628708311767,0.08950218235041035,0.11307531140818766,0.8584995794616249,-26.515816934753172
566,567.0,0.9722690013295777,2.6365935572930317,0.2584492875116995,0.4273628708311767,0.08950218235041035,0.11307531140818766,0.8584995794616249,-26.515816934753172
567,568.0,0.1237055518824457,3.4929836232613645,0.1237055518824457,3.4929836232613645,2.7119292194168425,0.6224294818826401,2.930467313255747e-09,-2.6377491484698625
568,569.0,0.9548230486079273,6.948313366743034,0.2584494347409622,0.42736323109382185,0.08950218235002971,0.11307531140794724,0.8584995486080896,-26.51581693478294
569,570.0,0.5594361214654691,6.1085735883354815,0.2584500443892944,0.4273631367019121,0.08950218235140223,0.11307531140881426,0.8584995495926616,-26.515816934675595
570,571.0,0.6203787554965663,3.6340913545073534,0.25845043694205144,0.4273634314556365,0.08950218235415262,0.11307531141055167,0.858499521366807,-26.51581693446049
571,572.0,0.6677007860050028,8.52926627931886,0.25844959093694386,0.42736327669456126,0.08950218235012562,0.11307531140800786,0.8584995431965737,-26.515816934775444
572,573.0,0.4944388362446812,9.795505237056812,0.4944388362446812,9.795505237056812,2.711929138375163,0.6224294725824838,3.262275372062362e-08,-2.6377493576537008
573,574.0,0.7149516062136477,6.474195728659201,0.25844944669119346,0.42736312730394665,0.08950218235000801,0.11307531140793353,0.8584995569016495,-26.515816934784638
574,575.0,0.5668118126535192,2.0394720872360197,0.25844953860374237,0.42736303566061273,0.08950218235008017,0.11307531140797909,0.8584995633337547,-26.515816934778993
575,576.0,0.39400736838290495,7.259788284215416,0.39402895111851505,7.2597869519477785,2.7119287020939993,0.6224294225158612,2.2802881671779573e-07,-2.6377504837776646
576,577.0,0.9105878762672355,9.06727191184761,0.2584494171010319,0.42736314432793443,0.08950218235001309,0.11307531140793674,0.8584995558438121,-26.51581693478424
577,578.0,0.28618648500942656,5.301368015333569,0.28624417219781645,5.301364284984183,2.7119281546413485,0.6224293596914487,5.482602799533609e-07,-2.63775189685646
578,579.0,0.23470381209964175,6.839605644804252,0.23470381209964175,6.839605644804252,2.7119292238221138,0.622429482388179,2.8508417848627232e-11,-2.6377491370990276
579,580.0,0.22885872975959587,0.7106299710868268,0.25844907526351035,0.42736410606240677,0.08950218235394439,0.1130753114104201,0.8584994815226793,-26.515816934476774
580,581.0,0.8606360482667679,5.076736767466798,0.25844992245201126,0.4273632465602928,0.08950218235090188,0.11307531140849816,0.8584995420116618,-26.51581693471473
581,582.0,0.5920783926368919,9.188625268901676,0.25844945873940256,0.4273631480691336,0.08950218235000473,0.11307531140793148,0.8584995550842759,-26.515816934784894
582,583.0,0.07236394898469234,7.782820797936767,0.07236394898469234,7.782820797936767,2.7119292238734327,0.6224294823940681,0.0,-2.6377491369665638
583,584.0,0.4030912364282009,9.95134754075137,0.4030912364282009,9.95134754075137,2.711929222925217,0.6224294822852531,4.0912206955567854e-10,-2.637749139414087
584,585.0,0.7758161640599692,5.839699233628393,0.2584494705056355,0.4273632895374563,0.08950218235007158,0.11307531140797368,0.8584995434727829,-26.51581693477967
585,586.0,0.30599798542088696,2.090942825770569,0.2584492875116995,0.4273628708311767,0.08950218235041035,0.11307531140818766,0.8584995794616249,-26.515816934753172
586,587.0,0.5436872127315777,8.209298829302663,0.2584491088359328,0.4273625216237568,0.08950218235192353,0.11307531140914354,0.858499609761837,-26.515816934634827
587,588.0,0.14610312171954254,3.071125086330194,0.25844958463619516,0.4273641148868213,0.08950218235338192,0.11307531141006479,0.8584994752312192,-26.515816934520764
588,589.0,0.017115692184786813,0.9660929834789154,0.0,0.0001,1.0789667984581768,0.3926042715833003,0.3696177907819589,-9.08934363738714
589,590.0,0.10589590442211294,7.570316353832701,0.10589590442211294,7.570316353832701,2.7119292238734327,0.6224294823940681,0.0,-2.6377491369665638
590,591.0,0.7274598080352376,0.4841688553069436,0.25844902181455,0.4273644817258213,0.08950218235724662,0.1130753114125061,0.858499451615101,-26.515816934218503
591,592.0,0.9590368150753164,0.225882121979509,0.2584494561845312,0.4273631298307277,0.0895021823500067,0.11307531140793274,0.8584995565926181,-26.515816934784745
592,593.0,0.7846126236533233,7.2224304505197034,0.2584498256372785,0.42736370207180113,0.08950218235160474,0.1130753114089422,0.8584995060994929,-26.51581693465976
593,594.0,0.8910754488712369,3.4870493079209357,0.25845114903713595,0.42736454300843074,0.08950218236832612,0.1130753114195049,0.8584994233389615,-26.51581693335197
594,595.0,0.6035406371174734,1.9338352652487536,0.2584494861921318,0.42736310270608696,0.08950218235001656,0.11307531140793893,0.8584995584657142,-26.515816934783974
595,596.0,0.4762643146895801,7.994903997912385,0.4763236450080473,7.994900045518393,2.711927346969798,0.6224292670048998,7.331810191191224e-07,-2.6377539816099542
596,597.0,0.15982917594447632,7.93378172616414,0.15982917594447632,7.93378172616414,2.7119292238734327,0.6224294823940681,0.0,-2.6377491369665638
597,598.0,0.5302114133568838,1.933578041433754,0.2584496172670717,0.4273633536795865,0.089502182350244,0.11307531140808262,0.858499536659564,-26.515816934766185
598,599.0,0.3062154189064089,4.4999021032454545,0.2584494443465891,0.42736310034765723,0.08950218235001595,0.11307531140793854,0.8584995591153002,-26.515816934784016
599,600.0,0.18415238097357112,9.110546974979899,0.18415238097357112,9.110546974979899,2.7119292238734327,0.6224294823940681,0.0,-2.6377491369665638
600,601.0,0.7090221591737893,9.28970362965931,0.2584505150161973,0.42736272332323944,0.08950218235529757,0.11307531141127487,0.8584995779871285,-26.515816934370942
601,602.0,0.9412346859446555,8.06588444593987,0.25844922292679023,0.4273633196551197,0.08950218235034471,0.11307531140814625,0.8584995437384092,-26.51581693475831
602,603.0,0.27990190487102395,7.150315567769355,0.27990190487102395,7.150315567769355,2.711929222854993,0.6224294822771943,5.27345278555913e-10,-2.637749139595348
603,604.0,0.6974994607799411,8.906327634329747,0.2584494407259083,0.42736319116004684,0.08950218235001173,0.11307531140793589,0.8584995517839026,-26.515816934784347
604,605.0,0.6540947878503225,0.9528042850512156,0.25844949623131586,0.42736317390544504,0.08950218235001092,0.11307531140793538,0.858499552576709,-26.515816934784414
605,606.0,0.03528814951550541,7.78236655153128,0.03528814951550541,7.78236655153128,2.7119292238734327,0.6224294823940681,0.0,-2.6377491369665638
606,607.0,0.13000867891439538,6.746023506192032,0.13000867891439538,6.746023506192032,2.7119292238734327,0.6224294823940681,0.0,-2.6377491369665638
607,608.0,0.513489100204102,4.310934977205996,0.25844946251723394,0.42736314970474687,0.0895021823500047,0.11307531140793145,0.8584995549101546,-26.5158169347849
608,609.0,0.7046897206883478,3.9626310925307657,0.25844949562663005,0.4273631175506686,0.0895021823500142,0.11307531140793746,0.8584995571575152,-26.515816934784155
609,610.0,0.20280573454136774,6.652697662520574,0.20280573454136774,6.652697662520574,2.71192922387102,0.6224294823937913,1.4089840405517862e-12,-2.6377491369727917
610,611.0,0.11064794913550302,0.09388455233570465,0.258451902388002,0.42736425374209486,0.0895021823784636,0.11307531142590865,0.8584994385508525,-26.51581693255912
611,612.0,0.19433611156065533,9.994602380448137,0.19433611156065533,9.994602380448137,2.7119292238734327,0.6224294823940681,0.0,-2.6377491369665638
612,613.0,0.7180317169004428,6.090367694228804,0.2584494193754009,0.42736321959694124,0.0895021823500283,0.11307531140794634,0.8584995497094898,-26.515816934783054
613,614.0,0.36152685289620723,9.107541488302676,0.36152685289620723,9.107541488302676,2.711929223146819,0.6224294823106836,3.3274882849099185e-10,-2.637749138842092
614,615.0,0.06993009613293422,7.218748220781348,0.06993009613293422,7.218748220781348,2.7119292238734327,0.6224294823940681,0.0,-2.6377491369665638
615,616.0,0.5635166047668232,0.40036918629203616,0.25845022246740434,0.4273634552363874,0.08950218235267793,0.11307531140962011,0.8584995217870904,-26.515816934575824
616,617.0,0.3921621179639484,6.478447724937204,0.25844930621751794,0.42736316956356246,0.08950218235010556,0.11307531140799515,0.8584995550093695,-26.51581693477701
617,618.0,0.44029202453141125,1.5441096693149061,0.2584493147206272,0.42736289483298157,0.0895021823503292,0.11307531140813643,0.858499577215593,-26.51581693475952
618,619.0,0.28521592552357744,9.951130008577518,0.28521592552357744,9.951130008577518,2.711929223873349,0.6224294823940585,4.296563105299356e-14,-2.6377491369667796
619,620.0,0.313091426700176,0.7536180315552472,0.2584497268012676,0.42736310536532857,0.08950218235030347,0.11307531140812019,0.8584995556150589,-26.515816934761528
620,621.0,0.3531238866975057,6.765269495385164,0.35313911895741157,6.765268607206739,2.711928903220241,0.6224294455966466,1.486563575570088e-07,-2.6377499646328815
621,622.0,0.6695979090484949,6.374458706511688,0.2584495192489365,0.4273631011635453,0.08950218235002845,0.11307531140794644,0.8584995582289712,-26.51581693478304
622,623.0,0.322621609528043,3.5181794699540716,0.25845039601703035,0.42736341083117807,0.089502182353796,0.11307531141032635,0.8584995234893712,-26.51581693448838
623,624.0,0.45927524956626686,4.384179687476005,0.2584496273944583,0.4273633010658389,0.08950218235019233,0.11307531140804992,0.8584995408191961,-26.51581693477023
624,625.0,0.20489480421236062,9.498628709346239,0.20489480421236062,9.498628709346239,2.7119292238734327,0.6224294823940681,0.0,-2.6377491369665638
625,626.0,0.10653261536996805,2.1587616308672586,0.2584492875116995,0.4273628708311767,0.08950218235041035,0.11307531140818766,0.8584995794616249,-26.515816934753172
626,627.0,0.2021897369017276,7.362179008521419,0.2021897369017276,7.362179008521419,2.7119292238733665,0.6224294823940605,3.885780586188048e-14,-2.6377491369667343
627,628.0,0.7370295468498336,5.228759249232066,0.2584491549812861,0.4273622941512913,0.08950218235301523,0.11307531140983318,0.858499627720163,-26.515816934549445
628,629.0,0.3782919360304582,8.156102546756038,0.3782919360304582,8.156102546756038,2.711929199109341,0.6224294795521981,1.1068428618088433e-08,-2.637749200887347
629,630.0,0.9463648486562128,8.800291111298243,0.25844952681911837,0.42736316427084736,0.08950218235002236,0.1130753114079426,0.8584995530238131,-26.51581693478352
630,631.0,0.3979027231791281,8.899795486165862,0.3979027231791281,8.899795486165862,2.7119292139542877,0.6224294812557699,4.3111764158609844e-09,-2.6377491625697447
631,632.0,0.42230395652674935,0.15540846631796362,0.258450543944881,0.42736296826102377,0.08950218235497134,0.11307531141106883,0.8584995577894778,-26.515816934396458
632,633.0,0.12036716948741666,3.182501123687884,0.12036716948741666,3.182501123687884,2.711929190576729,0.6224294785730152,2.1997006438567723e-08,-2.6377492229116264
633,634.0,0.21261219934743458,6.051011574709389,0.21261219934743458,6.051011574709389,2.711929223722425,0.6224294823767389,8.683354035809998e-11,-2.6377491373563426
634,635.0,0.07453522524826883,4.84723631736879,0.07453522524826883,4.84723631736879,2.7119292238734327,0.6224294823940681,0.0,-2.6377491369665638
635,636.0,0.7369849310655319,1.4450728004825775,0.25845053270089896,0.4273622068412524,0.08950218235809716,0.1130753114130434,0.8584996197136288,-26.515816934151985
636,637.0,0.7794351334055674,3.2088545621838436,0.258449325725683,0.4273630769152764,0.08950218235010038,0.1130753114079919,0.8584995623158904,-26.515816934777412
637,638.0,0.9300956078419534,9.803682558474595,0.258449605870932,0.42736304350063037,0.08950218235013582,0.11307531140801429,0.8584995619608069,-26.51581693477464
638,639.0,0.5292516691264479,8.029777907608548,0.25844950414887,0.4273632486350622,0.08950218235004412,0.11307531140795633,0.8584995464243876,-26.515816934781817
639,640.0,0.21796487998902137,5.211718319779064,0.21796487998902137,5.211718319779064,2.711929211005803,0.6224294809174087,7.337657259576247e-09,-2.6377491701803395
640,641.0,0.9532625800275846,2.3115153462770435,0.2584495137223199,0.42736344324941405,0.08950218235031626,0.11307531140812824,0.8584995305231496,-26.51581693476053
641,642.0,0.4481148697932169,2.202130525779896,0.2584492875116995,0.4273628708311767,0.08950218235041035,0.11307531140818766,0.8584995794616249,-26.515816934753172
642,643.0,0.42059049874356025,4.171459628170263,0.2584476029750798,0.4273663368483033,0.0895021824016083,0.11307531144052893,0.85849931653938,-26.51581693074896
643,644.0,0.9083027942646823,4.2390668045497435,0.25844968774153143,0.4273632292557601,0.08950218235023266,0.11307531140807545,0.8584995459869804,-26.515816934767066
644,645.0,0.21827325921788177,8.499982006784588,0.21827325921788177,8.499982006784588,2.7119292238734287,0.6224294823940677,2.220446049250313e-15,-2.6377491369665744
645,646.0,0.4285920850652317,8.424911018258472,0.4285920850652317,8.424911018258472,2.71192909543187,0.6224294676544105,5.3489132900708114e-08,-2.6377494684984315
646,647.0,0.4713821216674442,4.266075855288697,0.25844954669387415,0.4273631241605946,0.08950218235003768,0.11307531140795228,0.8584995560618446,-26.51581693478232
647,648.0,0.26079023056368966,4.036300764429754,0.2584493614734891,0.4273627623016968,0.0895021823505919,0.11307531140830239,0.8584995874610176,-26.51581693473897
648,649.0,0.2962922190326347,2.516067206238111,0.2584492875116995,0.4273628708311767,0.08950218235041035,0.11307531140818766,0.8584995794616249,-26.515816934753172
649,650.0,0.7073178415267284,9.761283668458058,0.2584495516942463,0.42736303029343287,0.0895021823500941,0.11307531140798792,0.858499563626055,-26.515816934777906
650,651.0,0.6861150394249083,4.085681551687726,0.2584498340653564,0.42736312877436927,0.08950218235057775,0.11307531140829341,0.8584995525401729,-26.51581693474008
651,652.0,0.9179838874731261,9.866376013990735,0.2584494929160082,0.4273631271906566,0.08950218235001119,0.11307531140793557,0.8584995564047391,-26.51581693478439
652,653.0,0.408146506743445,4.05464831902452,0.2584494613592486,0.4273631371029644,0.08950218235000562,0.113075311407932,0.858499555945691,-26.515816934784823
653,654.0,0.9653724963970983,4.789380141325288,0.2584502621191359,0.42736309146184187,0.08950218235265864,0.11307531140960791,0.8584995508788446,-26.51581693457733
654,655.0,0.7903778960665938,0.34121048545258353,0.25844897130206096,0.42736343887934836,0.08950218235130808,0.11307531140875478,0.8584995368148172,-26.51581693468296
655,656.0,0.09668654964909218,5.001728469734278,0.09668654964909218,5.001728469734278,2.7119292238734327,0.6224294823940681,0.0,-2.6377491369665638
656,657.0,0.9800774438164436,5.152575476640467,0.25844932370804574,0.4273634291727042,0.08950218235036275,0.11307531140815763,0.8584995337459242,-26.5158169347569
657,658.0,0.5272102171183131,6.1380669252518905,0.25844948797574196,0.4273632729474373,0.08950218235005847,0.11307531140796541,0.8584995446280844,-26.51581693478069
658,659.0,0.031295906879960866,4.404553192674043,0.031295906879960866,4.404553192674043,2.7119292238734327,0.6224294823940681,0.0,-2.6377491369665638
659,660.0,0.9875727090681412,8.781281774543519,0.25844939192466226,0.42736299317011167,0.08950218235011571,0.11307531140800153,0.8584995683885874,-26.515816934776215
660,661.0,0.6176646853441845,8.869107202016606,0.2584526528978826,0.4273635833514011,0.08950218239233224,0.11307531143466934,0.8584994847188083,-26.515816931474443
661,662.0,0.27894195873848826,7.178616749305781,0.27894195873848826,7.178616749305781,2.711929223021607,0.6224294822963145,4.4172709934287013e-10,-2.6377491391652867
662,663.0,0.1594025158422182,7.441660082280801,0.1594025158422182,7.441660082280801,2.7119292238734327,0.6224294823940681,0.0,-2.6377491369665638
663,664.0,0.01423684237315237,5.431822402495605,0.01423684237315237,5.431822402495605,2.7119292238734327,0.6224294823940681,0.0,-2.6377491369665638
664,665.0,0.8554343652170048,9.882446271711084,0.25844968169426197,0.4273631786343463,0.08950218235020485,0.11307531140805786,0.8584995501620136,-26.515816934769244
665,666.0,0.9771247054959611,7.589487960340495,0.25844947503914556,0.42736311611587247,0.0895021823500105,0.11307531140793509,0.8584995574993869,-26.515816934784446
666,667.0,0.6123602632622265,5.50199844535425,0.25845021427126214,0.42736311419963485,0.08950218235234196,0.11307531140940788,0.8584995495576526,-26.5158169346021
667,668.0,0.6279238190360225,9.961681757417452,0.6279970937552796,9.961676739209796,2.7119260719684046,0.6224291206886137,1.024146554340355e-06,-2.637757272631692
668,669.0,0.2194809339180812,4.423579453606421,0.2195200581774896,4.423577011115752,2.711928687358664,0.622429420824868,3.0520057103800013e-07,-2.6377505218123485
669,670.0,0.5459181937092984,2.1418715276339535,0.25845019341576014,0.42736328622392733,0.08950218235225427,0.11307531140935247,0.8584995358235922,-26.515816934608957
670,671.0,0.739173156839334,0.911074281857985,0.25844936693606474,0.4273633376112217,0.08950218235016649,0.11307531140803363,0.8584995407045932,-26.515816934772246
671,672.0,0.1117442116104107,9.439128463873208,0.1117442116104107,9.439128463873208,2.7119292238734327,0.6224294823940681,0.0,-2.6377491369665638
672,673.0,0.37954457658076723,6.834013159805104,0.37958037017109997,6.8340108505411985,2.7119283628553745,0.6224293835856144,3.841239899493587e-07,-2.6377513594166597
673,674.0,0.17445999066286866,9.798328848280237,0.17445999066286866,9.798328848280237,2.7119292238734327,0.6224294823940681,0.0,-2.6377491369665638
674,675.0,0.7080537000517813,6.9209832385446655,0.2584496562373735,0.42736302917380276,0.0895021823502192,0.11307531140806693,0.8584995625721129,-26.515816934768118
675,676.0,0.6156663706983617,5.993344088855188,0.2584495393079278,0.4273631102921781,0.0895021823500365,0.11307531140795153,0.8584995572683843,-26.515816934782414
676,677.0,0.46164229391908174,0.1262622027126718,0.25844972193007887,0.4273637358095855,0.08950218235148334,0.11307531140886548,0.8584995044968387,-26.515816934669253
677,678.0,0.9518609519793299,5.894708814737386,0.25844937290687037,0.4273631367973109,0.089502182350038,0.11307531140795246,0.8584995569388857,-26.515816934782293
678,679.0,0.5887493735619854,9.5506619963569,0.5888098585120631,9.550657999554343,2.7119268285420888,0.6224292075113085,8.140864180550267e-07,-2.637755319770549
679,680.0,0.2750450191671129,4.219392862261643,0.2584485175414461,0.42736320243989073,0.0895021823536859,0.11307531141025683,0.8584995609701611,-26.51581693449699
680,681.0,0.3533899886455746,2.87654945732992,0.2584488775529966,0.42736372885441665,0.08950218235265085,0.11307531140960302,0.8584995143035197,-26.51581693457794
681,682.0,0.5825685579726543,1.196541642838794,0.2584493235443848,0.4273631404137414,0.08950218235008363,0.11307531140798131,0.8584995571857291,-26.515816934778726
682,683.0,0.19723218460264247,2.4211691016883536,0.2584493241969787,0.4273629509514547,0.0895021823502263,0.11307531140807142,0.8584995725568401,-26.515816934767564
683,684.0,0.8317997588058835,1.8298585776518759,0.25845060170916656,0.42736226062473254,0.08950218235836829,0.11307531141321464,0.8584996145916534,-26.515816934130775
684,685.0,0.5046253834545451,5.884371925158568,0.2584495755729557,0.42736313346095745,0.0895021823500596,0.11307531140796612,0.8584995549907324,-26.515816934780602
685,686.0,0.5316727783526608,3.6556649137945785,0.25845042591864037,0.42736342570745983,0.08950218235405456,0.11307531141048971,0.8584995219541878,-26.515816934468155
686,687.0,0.17086930733055183,0.013695588608632328,0.2584471751204116,0.427364012746798,0.0895021823744507,0.11307531142337372,0.8584995098654771,-26.515816932872966
687,688.0,0.5380783797351996,4.930419918290715,0.25844957689270315,0.4273632354581603,0.08950218235008194,0.11307531140798022,0.858499546697418,-26.515816934778854
688,689.0,0.0315665106619365,9.755668498616922,0.0315665106619365,9.755668498616922,2.7119292238734327,0.6224294823940681,0.0,-2.6377491369665638
689,690.0,0.2451835892606664,9.507827300763985,0.2451835892606664,9.507827300763985,2.7119292238734296,0.6224294823940678,1.4432899320127035e-15,-2.6377491369665718
690,691.0,0.7800035992293723,1.9976054681981013,0.2584492875116995,0.4273628708311767,0.08950218235041035,0.11307531140818766,0.8584995794616249,-26.515816934753172
691,692.0,0.6739201096281066,2.995049335584428,0.2584497152737503,0.42736318079549745,0.08950218235027035,0.11307531140809923,0.8584995496188487,-26.51581693476412
692,693.0,0.11226551599198664,9.783927152158382,0.11226551599198664,9.783927152158382,2.7119292238734327,0.6224294823940681,0.0,-2.6377491369665638
693,694.0,0.31343270641325016,0.9560505989019976,0.2584494512338614,0.4273631511044848,0.0895021823500051,0.11307531140793167,0.8584995549200782,-26.51581693478487
694,695.0,0.8283930835279469,1.9670823675922502,0.2584492875116995,0.4273628708311767,0.08950218235041035,0.11307531140818766,0.8584995794616249,-26.515816934753172
695,696.0,0.39671200907229087,8.528765215683856,0.39671200907229087,8.528765215683856,2.7119292000931106,0.6224294796650933,1.0353097934512334e-08,-2.637749198348054
696,697.0,0.9295349084064913,8.798241302214787,0.2584508764395458,0.4273599006644441,0.08950218239704645,0.11307531143764726,0.8584998031213652,-26.515816931105743
697,698.0,0.4835467795367564,5.567399225533608,0.25844950744173895,0.42736310855953596,0.08950218235002079,0.11307531140794161,0.8584995577579378,-26.515816934783636
698,699.0,0.02830878095843814,5.282843267880588,0.02830878095843814,5.282843267880588,2.7119292238734327,0.6224294823940681,0.0,-2.6377491369665638
699,700.0,0.379740141158197,5.707787245593364,0.25844959205287776,0.4273631194443251,0.08950218235007922,0.11307531140797851,0.8584995559479678,-26.515816934779068
700,701.0,0.8779432730692286,1.3004031794787676,0.2584495004359689,0.427363159321516,0.08950218235001087,0.11307531140793536,0.8584995537144154,-26.515816934784414
701,702.0,0.11351648334910658,8.664261816371782,0.11351648334910658,8.664261816371782,2.7119292238734327,0.6224294823940681,0.0,-2.6377491369665638
702,703.0,0.635604796353473,9.583638534013899,0.2584494893408251,0.4273631233693285,0.08950218235001113,0.11307531140793553,0.8584995567540523,-26.515816934784397
703,704.0,0.5181994457757536,3.6941478315616725,0.25845040710762757,0.4273634162249751,0.08950218235389071,0.11307531141038621,0.8584995229300214,-26.51581693448097
704,705.0,0.44919297126797786,8.643862955739277,0.44919297126797786,8.643862955739277,2.711929045843542,0.6224294619637682,7.209374319749884e-08,-2.637749596495251
705,706.0,0.11437906286541444,7.185080579744127,0.11437906286541444,7.185080579744127,2.7119292238734327,0.6224294823940681,0.0,-2.6377491369665638
706,707.0,0.1264423722675655,7.782520504189828,0.1264423722675655,7.782520504189828,2.7119292238734327,0.6224294823940681,0.0,-2.6377491369665638
707,708.0,0.6406126151283223,1.5520798431559306,0.2584494383733417,0.4273630876130734,0.0895021823500223,0.11307531140794254,0.8584995602143355,-26.51581693478352
708,709.0,0.9823447374770187,5.795416609172039,0.2584494526630593,0.42736307837868687,0.08950218235002523,0.11307531140794438,0.8584995608074175,-26.515816934783295
709,710.0,0.24751272498714028,9.435696922475156,0.24751272498714028,9.435696922475156,2.7119292238734274,0.6224294823940675,2.9976021664879227e-15,-2.637749136966578
710,711.0,0.17819602393007905,9.174747652003138,0.17819602393007905,9.174747652003138,2.7119292238734327,0.6224294823940681,0.0,-2.6377491369665638
711,712.0,0.44236210501710016,9.857712616066248,0.44236210501710016,9.857712616066248,2.711929215125057,0.6224294813901247,3.5754887939276614e-09,-2.63774915954777
712,713.0,0.07437086789812919,1.148964665401304,0.2584494374828219,0.4273630558745348,0.08950218235004105,0.1130753114079544,0.8584995628002297,-26.51581693478206
713,714.0,0.9023615972145173,8.230835783998419,0.258449444000676,0.4273631707724404,0.08950218235000704,0.11307531140793291,0.8584995534028663,-26.515816934784713
714,715.0,0.6175612733391631,3.644249384064773,0.258450413849101,0.4273634192700961,0.08950218235394838,0.11307531141042267,0.8584995226089716,-26.51581693447646
715,716.0,0.1744144793187533,9.78690148426156,0.1744144793187533,9.78690148426156,2.7119292238734327,0.6224294823940681,0.0,-2.6377491369665638
716,717.0,0.41694121639999704,9.513255036991533,0.41694121639999704,9.513255036991533,2.7119292181215533,0.6224294817339958,2.4341797466576054e-09,-2.6377491518132477
717,718.0,0.6132153441529034,9.59529521667578,0.25844949383431653,0.4273631188062639,0.08950218235001339,0.11307531140793693,0.8584995570752258,-26.515816934784223
718,719.0,0.2639470360086875,2.373142945545042,0.2584494256029323,0.4273631096947354,0.08950218235001667,0.11307531140793901,0.8584995585618318,-26.51581693478396
719,720.0,0.6386046384522848,3.4065996013926996,0.25844945055442314,0.4273627886146099,0.0895021823504844,0.11307531140823446,0.8584995843499511,-26.515816934747377
720,721.0,0.8721463359236293,5.73404924811559,0.2584494415757155,0.4273631180735057,0.0895021823500107,0.11307531140793523,0.8584995577068703,-26.515816934784425
721,722.0,0.0625720499935658,7.796672970051844,0.0625720499935658,7.796672970051844,2.7119292238734327,0.6224294823940681,0.0,-2.6377491369665638
722,723.0,0.32548612233629004,7.850009691720909,0.32548612233629004,7.850009691720909,2.711929221115942,0.6224294820776249,1.3320063940724935e-09,-2.6377491440841663
723,724.0,0.7001777322685843,4.343700117048922,0.25844934391652546,0.4273630196791441,0.08950218235012401,0.1130753114080068,0.858499566762487,-26.515816934775568
724,725.0,0.43881794523260376,2.9282392749933672,0.2584494560160232,0.42736324717115626,0.0895021823500366,0.1130753114079516,0.8584995470702019,-26.515816934782407
725,726.0,0.48127059123522253,2.5549966040102814,0.25844842250853645,0.4273610662142664,0.08950218236983452,0.11307531142045776,0.8584997354042684,-26.515816933234
726,727.0,0.1733702082359303,3.023334898098451,0.2584490243500835,0.4273622974483812,0.08950218235337837,0.11307531141006255,0.8584996288823599,-26.515816934521045
727,728.0,0.8344538795400855,5.056050308802432,0.25844938418007024,0.4273631654193856,0.0895021823500301,0.11307531140794749,0.8584995544922782,-26.51581693478291
728,729.0,0.9715863389444329,7.902021640525233,0.25844918578394926,0.4273631100020682,0.08950218235032298,0.1130753114081325,0.8584995611621172,-26.515816934760004
729,730.0,0.7197176517813498,6.624872247689081,0.2584474971319849,0.4273634393028114,0.08950218236625028,0.11307531141819363,0.8584995528966287,-26.515816933514323
730,731.0,0.41726023480331287,2.7818124912258133,0.2584497946739285,0.4273652083032288,0.08950218236558267,0.1130753114177719,0.8584993841805311,-26.51581693356654
731,732.0,0.04734912102292377,6.623884249898074,0.04734912102292377,6.623884249898074,2.7119292238734327,0.6224294823940681,0.0,-2.6377491369665638
732,733.0,0.851987644047185,4.305004393528621,0.25844946365913785,0.42736430292585675,0.08950218235476787,0.11307531141094028,0.8584994612927764,-26.515816934412367
733,734.0,0.6583704157709357,8.573682425940149,0.25844954090145,0.42736321237417985,0.08950218235004218,0.11307531140795514,0.8584995489651851,-26.515816934781967
734,735.0,0.8322752415298759,9.942189433756702,0.2584497585085782,0.4273630959060316,0.08950218235038093,0.1130753114081691,0.858499556035574,-26.515816934755474
735,736.0,0.9104064999748778,7.08665358321898,0.2584492338653844,0.4273641574010603,0.0895021823538854,0.11307531141038289,0.8584994756199991,-26.515816934481386
736,737.0,0.6999175469683796,4.101723213979263,0.25844972638649155,0.4273632363866502,0.08950218235031399,0.11307531140812681,0.8584995449849591,-26.515816934760707
737,738.0,0.02188164004171833,5.172601791053829,0.02188164004171833,5.172601791053829,2.7119292238734327,0.6224294823940681,0.0,-2.6377491369665638
738,739.0,0.03869045305528751,8.213083728455512,0.03869045305528751,8.213083728455512,2.7119292238734327,0.6224294823940681,0.0,-2.6377491369665638
739,740.0,0.7011929255051421,7.244388227898942,0.2584494407053208,0.42736307084682224,0.08950218235003082,0.11307531140794794,0.858499561549682,-26.515816934782855
740,741.0,0.9229075980816623,2.7681874537522417,0.25844940556379287,0.4273634413394973,0.08950218235031882,0.11307531140812986,0.858499531862303,-26.51581693476033
741,742.0,0.2801001486311414,9.775107395001584,0.2801001486311414,9.775107395001584,2.7119292238733443,0.6224294823940579,4.5630166312093934e-14,-2.637749136966792
742,743.0,0.46216679906774394,1.9150963380174164,0.25844943183318253,0.4273630726979993,0.0895021823500315,0.11307531140794835,0.8584995614965625,-26.515816934782805
743,744.0,0.9979080715525351,9.885007399136688,0.25844941258432175,0.4273638520537049,0.08950218235177916,0.11307531140905237,0.8584994984485037,-26.515816934646118
744,745.0,0.38742379775606595,4.937519639089445,0.2584490700261421,0.4273620447971685,0.08950218235500335,0.11307531141108902,0.8584996488895444,-26.515816934393953
745,746.0,0.1355402587322424,0.8965332057809173,0.25844853745370255,0.42736509393169325,0.08950218236735447,0.11307531141889113,0.8584994072195854,-26.515816933427967
746,747.0,0.6293490624055043,1.3376099749558283,0.25844930963494606,0.427363413262876,0.08950218235034903,0.11307531140814894,0.8584995351913449,-26.515816934757964
747,748.0,0.7967142766209423,0.41293558338936565,0.2584495981551476,0.42736311382790476,0.0895021823500875,0.11307531140798377,0.8584995563370159,-26.51581693477842
748,749.0,0.10333536860154979,7.139443521885162,0.10333536860154979,7.139443521885162,2.7119292238734327,0.6224294823940681,0.0,-2.6377491369665638
749,750.0,0.20164718702050666,4.850627809050237,0.20164718702050666,4.850627809050237,2.7119292082760675,0.6224294806041505,9.12348518955497e-09,-2.6377491772263006
750,751.0,0.9040016268509314,9.578089744564853,0.2584494940966354,0.42736311878822214,0.0895021823500134,0.11307531140793696,0.8584995570738181,-26.515816934784215
751,752.0,0.46203793229033874,7.401051883589677,0.258448672750977,0.4273612865193101,0.08950218236491464,0.11307531141734992,0.8584997147848188,-26.515816933618787
752,753.0,0.012965930112769253,7.187370672140543,0.012965930112769253,7.187370672140543,2.7119292238734327,0.6224294823940681,0.0,-2.6377491369665638
753,754.0,0.3168433121845423,7.928035113334376,0.3168433121845423,7.928035113334376,2.7119292226739686,0.6224294822564204,5.869926766877143e-10,-2.637749140062607
754,755.0,0.24737658375849925,0.3191361545547737,0.25844946134558505,0.4273631530379799,0.08950218235000469,0.11307531140793144,0.8584995546524317,-26.5158169347849
755,756.0,0.9198998588804871,4.610789015865314,0.2584493064116058,0.4273627943768546,0.08950218235056064,0.11307531140828261,0.8584995854603523,-26.515816934741416
756,757.0,0.029715276255208423,0.3040248891683037,0.25844945660264435,0.4273631473998908,0.08950218235000484,0.11307531140793153,0.8584995551619913,-26.515816934784887
757,758.0,0.6757776405607216,5.298068371178505,0.25844926961734965,0.4273630435250815,0.08950218235019711,0.11307531140805302,0.8584995656403055,-26.51581693476985
758,759.0,0.015900631003786025,5.729531198151872,0.015900631003786025,5.729531198151872,2.7119292238734327,0.6224294823940681,0.0,-2.6377491369665638
759,760.0,0.2067457533379794,1.7848588877948424,0.2584492875116995,0.4273628708311767,0.08950218235041035,0.11307531140818766,0.8584995794616249,-26.515816934753172
760,761.0,0.732169496723311,4.778717808700701,0.25844946090677745,0.4273631440214981,0.08950218235000496,0.1130753114079316,0.8584995553890835,-26.51581693478488
761,762.0,0.0725284110149732,5.996902992865651,0.0725284110149732,5.996902992865651,2.7119292238734327,0.6224294823940681,0.0,-2.6377491369665638
762,763.0,0.9654013732399818,3.6660948246429355,0.2584503592869664,0.4273633912738203,0.08950218235348846,0.1130753114101321,0.8584995254793283,-26.515816934512436
763,764.0,0.4019671932770401,2.3268852710959385,0.2584492875116995,0.4273628708311767,0.08950218235041035,0.11307531140818766,0.8584995794616249,-26.515816934753172
764,765.0,0.754397212457211,3.1885074349716565,0.2584494928796306,0.4273631462248524,0.08950218235000885,0.1130753114079341,0.8584995548601762,-26.515816934784574
765,766.0,0.22972626900969206,0.23637530632963624,0.25844941931035575,0.4273632362477533,0.08950218235003729,0.11307531140795202,0.8584995483586911,-26.51581693478235
766,767.0,0.16594927575472662,7.977181297488553,0.16594927575472662,7.977181297488553,2.7119292238734327,0.6224294823940681,0.0,-2.6377491369665638
767,768.0,0.6856933180734286,1.9780287520997373,0.2584492875116995,0.4273628708311767,0.08950218235041035,0.11307531140818766,0.8584995794616249,-26.515816934753172
768,769.0,0.9614885836804271,4.8395530332054175,0.2584488908463515,0.4273625075498335,0.08950218235279508,0.1130753114096941,0.858499613289841,-26.51581693456666
769,770.0,0.1989596980393834,9.08983223381361,0.1989596980393834,9.08983223381361,2.7119292238734327,0.6224294823940681,0.0,-2.6377491369665638
770,771.0,0.27000374501033964,9.696288112611954,0.27000374501033964,9.696288112611954,2.7119292238733967,0.622429482394064,1.887379141862766e-14,-2.637749136966657
771,772.0,0.4703872715338131,9.684952578118915,0.4703872715338131,9.684952578118915,2.7119291811764903,0.6224294774942655,1.6809359348890496e-08,-2.637749247175413
772,773.0,0.04166369938812786,8.347383780958644,0.04166369938812786,8.347383780958644,2.7119292238734327,0.6224294823940681,0.0,-2.6377491369665638
773,774.0,0.11190129489297951,7.7489310191606995,0.11190129489297951,7.7489310191606995,2.7119292238734327,0.6224294823940681,0.0,-2.6377491369665638
774,775.0,0.8219450815836371,9.597464276127315,0.25844949830152125,0.42736311086292417,0.08950218235001688,0.11307531140793915,0.8584995576710559,-26.51581693478395
775,776.0,0.48202670608111464,3.947683510012238,0.2584494973663579,0.42736311774709884,0.08950218235001463,0.1130753114079377,0.858499557122523,-26.515816934784123
776,777.0,0.026185192955369585,4.487383416048632,0.026185192955369585,4.487383416048632,2.7119292238734327,0.6224294823940681,0.0,-2.6377491369665638
777,778.0,0.8254569026722686,3.5338551240405907,0.2584494530971398,0.4273627905818297,0.08950218235047916,0.11307531140823117,0.8584995841624362,-26.51581693474779
778,779.0,0.3927046343463766,5.328444782511831,0.2584494078962284,0.4273630022961597,0.08950218235009774,0.11307531140799021,0.8584995674729881,-26.515816934777618
779,780.0,0.35790607106722816,4.904341696274199,0.258449366647354,0.4273631745134404,0.08950218235004384,0.1130753114079562,0.8584995539460724,-26.515816934781835
780,781.0,0.5449976935212205,9.330379854599935,0.5450289129925161,9.330377900607573,2.711928137599781,0.6224293577357974,3.8901601118190854e-07,-2.637751940843973
781,782.0,0.4130538730604969,0.577824460683886,0.25844945848800344,0.4273631475126237,0.08950218235000482,0.11307531140793152,0.858499555132199,-26.515816934784887
782,783.0,0.7312973582934288,7.381990023346321,0.2584492794406986,0.4273625877088487,0.08950218235128019,0.11307531140873718,0.85849960253037,-26.515816934685144
783,784.0,0.6916667383681345,3.2064650610418908,0.2584487944633978,0.42736156993562957,0.08950218236072122,0.11307531141470095,0.858499690448753,-26.51581693394676
784,785.0,0.3379430904298121,3.82598008330818,0.2584494880001937,0.42736324796341574,0.08950218235003932,0.11307531140795331,0.858499546655714,-26.515816934782187
785,786.0,0.626200423344422,0.3420405363540209,0.2584494657020953,0.42736344817872907,0.08950218235031773,0.11307531140812917,0.8584995306487954,-26.515816934760416
786,787.0,0.4747911691615281,7.149964064142107,0.25844943112212637,0.42736305064533464,0.08950218235004612,0.11307531140795762,0.8584995632943118,-26.51581693478166
787,788.0,0.39126841523573397,6.207861825177418,0.2584494937896101,0.4273629705180411,0.08950218235013031,0.11307531140801078,0.8584995691119124,-26.515816934775074
788,789.0,0.1751754056204945,6.659692005074607,0.1751754056204945,6.659692005074607,2.7119292238734056,0.6224294823940649,1.63202784619898e-14,-2.637749136966634
789,790.0,0.04560119703022447,5.963782668183076,0.04560119703022447,5.963782668183076,2.7119292238734327,0.6224294823940681,0.0,-2.6377491369665638
790,791.0,0.7974004303883332,9.512722357022549,0.2584497110088167,0.42736345641954043,0.0895021823505798,0.11307531140829474,0.8584995272938665,-26.515816934739917
791,792.0,0.24512090324655444,8.295246549173543,0.24512090324655444,8.295246549173543,2.7119292238730353,0.6224294823940225,2.1715962361668062e-13,-2.6377491369675896
792,793.0,0.9737748830704678,8.155846751925433,0.25844953497598305,0.4273631408157299,0.08950218235002738,0.11307531140794576,0.858499554838295,-26.51581693478313
793,794.0,0.041310285506912736,5.655003134623207,0.041310285506912736,5.655003134623207,2.7119292238734327,0.6224294823940681,0.0,-2.6377491369665638
794,795.0,0.18173263937871265,7.214929147727947,0.18173263937871265,7.214929147727947,2.7119292238734287,0.6224294823940676,2.4424906541753444e-15,-2.6377491369665744
795,796.0,0.44500964932184617,7.620564883020774,0.4450613413058999,7.6205614635338375,2.7119277145380924,0.6224293091862024,6.146225877134981e-07,-2.637753032846378
796,797.0,0.7136370536904577,6.233977817978303,0.2584494748321945,0.42736295948712766,0.0895021823501413,0.11307531140801774,0.8584995702148344,-26.51581693477421
797,798.0,0.12567287673289085,1.7058092558977886,0.2584490638634744,0.42736287857923644,0.0895021823509122,0.11307531140850467,0.8584995812806668,-26.515816934713925
798,799.0,0.6850376782056166,7.932698542309262,0.25845249430805595,0.4273634732204885,0.08950218238803583,0.11307531143195533,0.858499495399862,-26.51581693181047
799,800.0,0.9274791338001915,0.7930356684016425,0.25844946269416946,0.4273631479098687,0.08950218235000477,0.11307531140793148,0.8584995550539036,-26.515816934784894
800,801.0,0.19054395106969813,1.885654769754849,0.25844946612497344,0.42736304329849767,0.0895021823500485,0.11307531140795911,0.8584995635074029,-26.515816934781473
801,802.0,0.1419956973878651,4.567432026554572,0.1419956973878651,4.567432026554572,2.71192922384092,0.6224294823903371,2.0824120205986674e-11,-2.637749137050485
802,803.0,0.0840904902944416,7.592234489647576,0.0840904902944416,7.592234489647576,2.7119292238734327,0.6224294823940681,0.0,-2.6377491369665638
803,804.0,0.7290027812917947,9.253537233067101,0.25844916735413187,0.4273621367924715,0.08950218235404356,0.11307531141048277,0.858499640357148,-26.51581693446902
804,805.0,0.8546699861758328,3.846982312522143,0.25845041981488676,0.427363423343384,0.08950218235400231,0.1130753114104567,0.8584995222129708,-26.515816934472248
805,806.0,0.9007308376182178,9.582293234155355,0.25844949482933377,0.4273631159215284,0.08950218235001439,0.11307531140793756,0.8584995572984784,-26.51581693478414
806,807.0,0.934593834554846,6.728975914227602,0.2584492133628119,0.42736148219879644,0.08950218236026705,0.11307531141441407,0.8584996929849531,-26.51581693398228
807,808.0,0.28456131339226576,9.948916053246759,0.28456131339226576,9.948916053246759,2.711929223873354,0.622429482394059,4.0523140398818214e-14,-2.637749136966767
808,809.0,0.28758076208706285,1.6126536865720056,0.2584494507956565,0.4273631418926053,0.08950218235000564,0.11307531140793202,0.8584995556725833,-26.515816934784823
809,810.0,0.31890412110439903,0.4613112224017525,0.2584493412090217,0.42736271270073883,0.08950218235075699,0.11307531140840667,0.8584995917088631,-26.51581693472606
810,811.0,0.13832304850915467,6.414152598735091,0.13832304850915467,6.414152598735091,2.7119292238734327,0.6224294823940681,0.0,-2.6377491369665638
811,812.0,0.23499718682835757,6.729486309527569,0.23499718682835757,6.729486309527569,2.7119292237888026,0.6224294823843561,4.699185485179669e-11,-2.6377491371850095
812,813.0,0.04186498152134144,5.306391671385165,0.04186498152134144,5.306391671385165,2.7119292238734327,0.6224294823940681,0.0,-2.6377491369665638
813,814.0,0.35593041751105525,3.8152387017533784,0.2584497926820388,0.4273631661627147,0.08950218235045457,0.11307531140821561,0.858499549958748,-26.515816934749715
814,815.0,0.5413493886247405,3.1257873389397517,0.2584494855217912,0.427363068504262,0.08950218235003327,0.11307531140794948,0.858499561249135,-26.515816934782663
815,816.0,0.7475733956468062,0.1879784877681397,0.2584502676205363,0.42736268504793484,0.08950218235351987,0.11307531141015197,0.8584995838055675,-26.51581693450997
816,817.0,0.17614080897391748,7.469474062717295,0.17614080897391748,7.469474062717295,2.7119292238734323,0.6224294823940681,3.3306690738754696e-16,-2.6377491369665655
817,818.0,0.7965665525956317,8.392404945522756,0.25844951971773417,0.42736405341329686,0.08950218235293081,0.11307531140977982,0.8584994809316568,-26.51581693455605
818,819.0,0.04962938449464993,3.396589908357199,0.04962938449464993,3.396589908357199,2.7119292238734327,0.6224294823940681,0.0,-2.6377491369665638
819,820.0,0.6458351100834796,5.014325715462141,0.25844945881173403,0.4273631483488631,0.08950218235000479,0.11307531140793152,0.8584995550607788,-26.515816934784894
820,821.0,0.40229565430217473,2.8716653185441348,0.2584494054894688,0.42736336029859434,0.0895021823501737,0.11307531140803821,0.8584995384410474,-26.51581693477168
821,822.0,0.5467206126417482,1.4346289964173762,0.2584504190620748,0.42736232952350683,0.08950218235633388,0.11307531141192954,0.8584996110019538,-26.515816934289887
822,823.0,0.5368426705187169,3.2591096318172443,0.2584491648195,0.4273632428489802,0.08950218235040003,0.1130753114081812,0.8584995506086174,-26.515816934753982
823,824.0,0.34898670496362616,2.925521973039724,0.2584492932385289,0.42736317995017165,0.08950218235012473,0.11307531140800726,0.8584995543083835,-26.51581693477551
824,825.0,0.24613494710226858,8.232011702404275,0.24613494710226858,8.232011702404275,2.7119292238728514,0.6224294823940014,3.1741276274033225e-13,-2.637749136968064
825,826.0,0.9972961308945293,8.521938885356981,0.25844956683663095,0.42736324382356344,0.08950218235007804,0.1130753114079778,0.8584995461285312,-26.51581693477916
826,827.0,0.6554287156496206,3.5190425992587047,0.2584503407202866,0.4273633837822128,0.08950218235334184,0.11307531141003949,0.8584995262908779,-26.515816934523897
827,828.0,0.15684273669280246,5.373780292896622,0.15684273669280246,5.373780292896622,2.7119292238712993,0.6224294823938232,1.3367085216486885e-12,-2.6377491369720705
828,829.0,0.6920182981017841,2.9132016310991653,0.2584505562866464,0.4273637592633992,0.08950218235615523,0.11307531141181665,0.8584994934517424,-26.515816934303864
829,830.0,0.3733499748646347,7.568996760573561,0.3733499748646347,7.568996760573561,2.7119291315025826,0.6224294717938024,4.158074085047758e-08,-2.6377493753931267
830,831.0,0.43792782364075855,7.951719149105027,0.4379482961533434,7.95171786124631,2.7119286710589114,0.6224294189543459,2.2729427473500152e-07,-2.6377505638850876
831,832.0,0.8749299601436765,1.4656034512395792,0.2584494537093637,0.42736317158131026,0.0895021823500061,0.11307531140793232,0.8584995532309171,-26.515816934784787
832,833.0,0.6872638877556673,1.2781163400515552,0.25844916058266265,0.42736349588751976,0.08950218235081557,0.11307531140844367,0.858499530116241,-26.515816934721478
833,834.0,0.9798074538901445,7.6432531119599005,0.2584495333982584,0.4273631393130564,0.08950218235002659,0.1130753114079453,0.8584995549775388,-26.51581693478318
834,835.0,0.2911056027964928,7.619426849290828,0.2911056027964928,7.619426849290828,2.711929223391352,0.6224294823387457,2.4535207199249953e-10,-2.6377491382109053
835,836.0,0.03517998773533526,7.004208411254569,0.03517998773533526,7.004208411254569,2.7119292238734327,0.6224294823940681,0.0,-2.6377491369665638
836,837.0,0.7355476987931114,5.580545526028826,0.258449491829428,0.42736355181690905,0.0895021823505787,0.11307531140829405,0.8584995219506452,-26.515816934740005
837,838.0,0.8633554583915912,2.2902069469284974,0.2584492875116995,0.4273628708311767,0.08950218235041035,0.11307531140818766,0.8584995794616249,-26.515816934753172
838,839.0,0.993450819569732,0.9449895902956351,0.2584494612014546,0.4273632153794729,0.08950218235001849,0.11307531140794018,0.8584995495938905,-26.515816934783818
839,840.0,0.5801729448094356,5.062480666335287,0.25844934116496165,0.4273632447717762,0.08950218235009622,0.11307531140798927,0.8584995485223055,-26.515816934777742
840,841.0,0.38811180573123194,8.045327601322875,0.38811180573123194,8.045327601322875,2.7119291701135704,0.6224294762247102,2.3692707240563493e-08,-2.6377492757308936
841,842.0,0.4742492550596109,2.360312241050102,0.25844940438236397,0.4273630337043131,0.08950218235006888,0.11307531140797196,0.8584995649621303,-26.51581693477988
842,843.0,0.7830026139865726,6.33268753864251,0.2584490754354274,0.4273641086615895,0.08950218235396179,0.1130753114104311,0.8584994813098246,-26.51581693447541
843,844.0,0.8217331045958212,8.044394762936513,0.2584494111061841,0.4273630558390491,0.08950218235004886,0.11307531140795932,0.8584995630918903,-26.51581693478144
844,845.0,0.2896217210940507,8.332175376691609,0.2896217210940507,8.332175376691609,2.711929223836896,0.6224294823898753,1.8637758003592353e-11,-2.6377491370608714
845,846.0,0.37290361960476814,5.310567728000676,0.2584492924322924,0.4273623413289802,0.08950218235248021,0.1130753114094952,0.8584996223861783,-26.51581693459129
846,847.0,0.13891773082457304,7.809032938328251,0.13891773082457304,7.809032938328251,2.7119292238734327,0.6224294823940681,0.0,-2.6377491369665638
847,848.0,0.37284139373280434,3.918766556639644,0.25844951082193385,0.4273631083515947,0.08950218235002219,0.1130753114079425,0.8584995577378051,-26.51581693478353
848,849.0,0.36374784962075457,0.03406930802410366,0.25844870512457613,0.4273621343806059,0.08950218235599003,0.11307531141171231,0.8584996456114374,-26.515816934316785
849,850.0,0.5904201775856284,8.415190722957778,0.25844953343999805,0.4273638763874232,0.08950218235190241,0.1130753114091302,0.8584994951503103,-26.515816934636476
850,851.0,0.17703479967400515,9.003848006194099,0.17703479967400515,9.003848006194099,2.7119292238734327,0.6224294823940681,0.0,-2.6377491369665638
851,852.0,0.24218425355610962,0.16321252046389748,0.25844868614676336,0.42736427598769844,0.08950218235714824,0.11307531141244395,0.8584994719865732,-26.515816934226198
852,853.0,0.6028315658730046,2.8905720174794967,0.2584491352018197,0.427363090605721,0.08950218235045447,0.11307531140821558,0.8584995632900996,-26.515816934749722
853,854.0,0.19323821461411128,8.674723644883075,0.19323821461411128,8.674723644883075,2.7119292238734327,0.6224294823940681,0.0,-2.6377491369665638
854,855.0,0.493567975726237,7.604805347605858,0.2584497865667053,0.42736178153190796,0.08950218235728848,0.11307531141253256,0.8584996624114876,-26.51581693421523
855,856.0,0.5087353285854282,6.539913602888257,0.2584494500135239,0.4273631453816473,0.08950218235000545,0.11307531140793192,0.8584995553979488,-26.515816934784837
856,857.0,0.7420069230350086,8.173608110129331,0.2584495918971593,0.4273631528016462,0.08950218235007422,0.11307531140797536,0.8584995532421431,-26.51581693477946
857,858.0,0.33852882521943617,3.1918941527106304,0.2584494587785406,0.42736314928210195,0.08950218235000475,0.11307531140793149,0.8584995549853933,-26.515816934784894
858,859.0,0.5292802255499873,0.7302481657437537,0.25844199176032273,0.4273571295482163,0.08950218270366905,0.11307531163133777,0.8585001250562224,-26.515816907124677
859,860.0,0.462537414456587,6.777941033182483,0.2584485400367141,0.42736357184599993,0.08950218235418528,0.11307531141057228,0.8584995307395957,-26.515816934457934
860,861.0,0.802215367472824,0.20873787756819745,0.2584495876150686,0.42736307881848296,0.08950218235009116,0.11307531140798605,0.8584995592940596,-26.515816934778137
861,862.0,0.45617683269622633,4.695069495234833,0.25844946536714897,0.4273631373030558,0.08950218235000562,0.113075311407932,0.8584995558855689,-26.515816934784823
862,863.0,0.9305043179124445,9.392645188149785,0.2584497806488571,0.42736308731120226,0.08950218235044137,0.1130753114082073,0.8584995564906958,-26.51581693475075
863,864.0,0.426075316674305,9.062400852951255,0.426075316674305,9.062400852951255,2.711929197966893,0.6224294794210934,1.0826078922221427e-08,-2.6377492038362202
864,865.0,0.9949564884420364,3.8147500158543637,0.2584504314170225,0.4273634285250751,0.08950218235410318,0.1130753114105204,0.8584995216652274,-26.515816934464358
865,866.0,0.7846823670671935,8.976590894691299,0.2584494687001432,0.42736328761931663,0.0895021823500696,0.11307531140797243,0.8584995436482415,-26.51581693477982
866,867.0,0.011785397528653596,8.244700312386808,0.011785397528653596,8.244700312386808,2.7119292238734327,0.6224294823940681,0.0,-2.6377491369665638
867,868.0,0.2127107483521069,1.5484136579087946,0.258449243318837,0.4273636177469559,0.08950218235099297,0.11307531140855573,0.858499519319577,-26.51581693470761
868,869.0,0.22417970176879753,7.563149566765691,0.22417970176879753,7.563149566765691,2.7119292238728128,0.622429482393997,3.4994229736184934e-13,-2.6377491369681643
869,870.0,0.18415477324506935,5.713189818413967,0.18415477324506935,5.713189818413967,2.7119292238508423,0.6224294823914757,1.357691736814104e-11,-2.6377491370248736
870,871.0,0.36016851005575035,3.7738647092472735,0.25844945285611887,0.4273627902006234,0.08950218235048021,0.11307531140823184,0.8584995841960166,-26.515816934747708
871,872.0,0.6272723049690745,1.8557202312459236,0.25844889206823723,0.42736464572509375,0.08950218235949159,0.1130753114139242,0.8584994397226873,-26.515816934042927
872,873.0,0.2585882211253897,5.137459358259531,0.2586127348497863,5.137457848356209,2.711928837584674,0.6224294380644597,2.0673093814593813e-07,-2.637750134050661
873,874.0,0.9664662183596433,0.7908831587264767,0.25844933682715093,0.42736384811426353,0.08950218235182134,0.11307531140907896,0.8584994995975199,-26.515816934642817
874,875.0,0.07178425918215448,3.9730352391436083,0.07178425918215448,3.9730352391436083,2.7119292238734327,0.6224294823940681,0.0,-2.6377491369665638
875,876.0,0.6751590139792684,2.4179491814165934,0.2584494679315768,0.42736341136989275,0.08950218235024442,0.11307531140808288,0.8584995336120842,-26.51581693476615
876,877.0,0.06733601196146333,5.956577913890402,0.06733601196146333,5.956577913890402,2.7119292238734327,0.6224294823940681,0.0,-2.6377491369665638
877,878.0,0.4852041330160185,2.810533532388956,0.25844943901454526,0.42736318733416917,0.08950218235001105,0.11307531140793542,0.8584995521131773,-26.515816934784404
878,879.0,0.7117354327655725,5.0871221046097,0.25844909514818787,0.4273632029132238,0.0895021823505689,0.11307531140828785,0.8584995546126395,-26.51581693474077
879,880.0,0.29475334881140225,7.644562915732492,0.29475334881140225,7.644562915732492,2.71192922328356,0.6224294823263757,2.9853819416558736e-10,-2.637749138489136
880,881.0,0.9899341419754321,7.432406184880939,0.2584496769736523,0.4273618071852431,0.08950218235677108,0.1130753114122057,0.8584996615298506,-26.5158169342557
881,882.0,0.18391490886810902,9.660321319242923,0.18391490886810902,9.660321319242923,2.7119292238734327,0.6224294823940681,0.0,-2.6377491369665638
882,883.0,0.8561543919232755,7.131704827383439,0.2584494342504482,0.4273630645594799,0.08950218235003589,0.11307531140795112,0.8584995621306822,-26.515816934782457
883,884.0,0.35833679365464244,3.080935846187647,0.2584494578384496,0.4273631477726082,0.08950218235000484,0.11307531140793152,0.8584995551182083,-26.515816934784887
884,885.0,0.03232621389789925,1.6578137319373725,0.03232621389789925,1.6578137319373725,2.7119292209527153,0.6224294820588933,2.101764207118606e-09,-2.6377491445054844
885,886.0,0.9200830649449537,2.2435934856128394,0.2584492875116995,0.4273628708311767,0.08950218235041035,0.11307531140818766,0.8584995794616249,-26.515816934753172
886,887.0,0.64848888683842,2.846255081861926,0.258449249787668,0.4273641440389505,0.08950218235375779,0.11307531141030222,0.8584994765303338,-26.51581693449137
887,888.0,0.10774977511140427,5.208426585646182,0.10774977511140427,5.208426585646182,2.7119292238734327,0.6224294823940681,0.0,-2.6377491369665638
888,889.0,0.7889938174299725,8.359360953743373,0.2584496106059033,0.4273631561547095,0.08950218235009562,0.11307531140798888,0.8584995527651147,-26.51581693477779
889,890.0,0.3041934564354948,6.535146798455038,0.3041934564354948,6.535146798455038,2.711929177667065,0.622429477091532,2.3050537811819538e-08,-2.637749256233901
890,891.0,0.9850914529361885,2.211427574157694,0.2584492875116995,0.4273628708311767,0.08950218235041035,0.11307531140818766,0.8584995794616249,-26.515816934753172
891,892.0,0.04687420897634642,4.381679874457781,0.04687420897634642,4.381679874457781,2.7119292238734327,0.6224294823940681,0.0,-2.6377491369665638
892,893.0,0.3832611577462104,9.974217843188969,0.3832611577462104,9.974217843188969,2.711929223596363,0.6224294823622721,1.2295764406644594e-10,-2.637749137681734
893,894.0,0.2888623124451565,9.452972722504954,0.2888623124451565,9.452972722504954,2.711929223872728,0.6224294823939872,3.5993430458347575e-13,-2.6377491369683828
894,895.0,0.055499841113341386,2.1129685547307675,0.055499841113341386,2.1129685547307675,2.7119292198043947,0.6224294819271147,2.8954283415316695e-09,-2.637749147469517
895,896.0,0.826264555920585,0.03966605602895879,0.2584494376656127,0.4273632046290469,0.08950218235001668,0.11307531140793899,0.8584995507241584,-26.51581693478396
896,897.0,0.06406336956422687,0.18413501670840826,0.2584497935370402,0.4273628778422507,0.08950218235074414,0.11307531140839852,0.8584995733514968,-26.515816934727066
897,898.0,0.6441299805617023,5.006545377917939,0.25844944229578476,0.4273628742599217,0.08950218235028645,0.1130753114081094,0.8584995774887595,-26.515816934762867
898,899.0,0.6443897840147027,8.276342244672957,0.25844959155603164,0.42736217795205206,0.08950218235352281,0.1130753114101538,0.8584996323715921,-26.515816934509743
899,900.0,0.01400731105943298,9.529376629075294,0.01400731105943298,9.529376629075294,2.7119292238734327,0.6224294823940681,0.0,-2.6377491369665638
900,901.0,0.8055863169124791,6.505038213181438,0.25844944586546137,0.4273631305066312,0.08950218235000758,0.11307531140793327,0.8584995566507353,-26.515816934784674
901,902.0,0.7092458171145747,0.14035489500906545,0.2584494063880282,0.4273631230201562,0.08950218235002039,0.11307531140794135,0.8584995576906039,-26.515816934783675
902,903.0,0.6165148095201868,1.8106135426572325,0.2584494468426538,0.4273626047778936,0.08950218235108962,0.11307531140861679,0.8584995993121376,-26.515816934700048
903,904.0,0.6827100446867937,9.345740241465684,0.25844948251754046,0.42736318044930255,0.08950218235000894,0.11307531140793413,0.8584995521957106,-26.51581693478457
904,905.0,0.9006560979933425,4.3342508410581715,0.25845036994087534,0.4273633532305992,0.08950218235351219,0.1130753114101471,0.8584995284503898,-26.515816934510575
905,906.0,0.9914373215000688,4.549135153897056,0.2584500572805277,0.42736361515208693,0.08950218235219064,0.11307531140931229,0.858499510617137,-26.515816934613937
906,907.0,0.4559993797070476,5.150176724807532,0.2584488359731953,0.4273630292912152,0.08950218235165923,0.1130753114089766,0.8584995715412772,-26.5158169346555
907,908.0,0.5909579693180863,9.828738420446586,0.590998869934108,9.828735755911547,2.7119276427687704,0.6224293009501183,5.35988304295465e-07,-2.637753218096619
908,909.0,0.8189417653308743,1.451439427134455,0.2584493645800511,0.42736287315809257,0.08950218235032276,0.11307531140813235,0.8584995784290554,-26.515816934760025
909,910.0,0.14133197810765075,0.45024680330568184,0.2584494792586146,0.4273631787082627,0.08950218235000815,0.11307531140793363,0.8584995523727083,-26.515816934784624
910,911.0,0.37163866258613487,3.4833700810885904,0.2584503391008729,0.42736338188045603,0.08950218235332734,0.1130753114100303,0.8584995264629846,-26.51581693452503
911,912.0,0.9319985707078109,5.209504034516478,0.2584490159110019,0.42736340455435506,0.08950218235106584,0.11307531140860178,0.8584995391128178,-26.515816934701906
912,913.0,0.6370574733526551,6.137607041116147,0.2584493541332169,0.42736303090969296,0.08950218235010453,0.11307531140799452,0.858499565739081,-26.515816934777092
913,914.0,0.4339695647780991,1.9098445683844092,0.2584492472598314,0.42736397854613367,0.08950218235267414,0.1130753114096177,0.858499489990862,-26.51581693457612
914,915.0,0.08152461810398315,7.515695853851447,0.08152461810398315,7.515695853851447,2.7119292238734327,0.6224294823940681,0.0,-2.6377491369665638
915,916.0,0.5037030398045533,6.095272255712607,0.25844977098835564,0.42736310678053235,0.08950218235040756,0.11307531140818593,0.8584995550162355,-26.51581693475339
916,917.0,0.31430097286259373,4.818531549602589,0.2584493839580489,0.42736240048028784,0.08950218235206496,0.11307531140923288,0.8584996165829577,-26.515816934623768
917,918.0,0.58622264973792,7.593434206694232,0.25844946616312126,0.42736320666527433,0.0895021823500149,0.11307531140793792,0.8584995502468795,-26.515816934784098
918,919.0,0.5879499028571833,6.390129358087431,0.25844984120084064,0.4273637613884165,0.08950218235189507,0.11307531140912559,0.8584995011144521,-26.51581693463705
919,920.0,0.6492316316959018,3.209004128909839,0.2584494253306507,0.4273630380175103,0.08950218235005752,0.11307531140796481,0.8584995643826907,-26.515816934780766
920,921.0,0.9546597122800993,7.122864573839828,0.2584486603323998,0.4273656650191691,0.08950218237568064,0.11307531142415066,0.8584993595202823,-26.515816932776772
921,922.0,0.6313176457054787,8.466165964891555,0.25844969242955546,0.4273635253865078,0.08950218235070946,0.11307531140837661,0.8584995218994488,-26.515816934729777
922,923.0,0.8678342028228727,3.2649738111447286,0.258449439706199,0.42736381333607654,0.08950218235157867,0.1130753114089257,0.8584995012942479,-26.5158169346618
923,924.0,0.5112802091434983,3.2508768597002877,0.2584492719102631,0.4273630300188972,0.08950218235020448,0.11307531140805764,0.8584995667114762,-26.515816934769276
924,925.0,0.002922530086504893,2.9654681697028464,0.002922530086504893,2.9654681697028464,2.7119292238734327,0.6224294823940681,0.0,-2.6377491369665638
925,926.0,0.9236206573034669,2.5854268155501474,0.2584492875116995,0.4273628708311767,0.08950218235041035,0.11307531140818766,0.8584995794616249,-26.515816934753172
926,927.0,0.2923336775217624,1.0878734972530988,0.2584494626057732,0.42736319582837073,0.08950218235001109,0.1130753114079355,0.8584995511654347,-26.515816934784404
927,928.0,0.22683585032486586,9.476125210982916,0.22683585032486586,9.476125210982916,2.7119292238734323,0.6224294823940681,0.0,-2.6377491369665655
928,929.0,0.31587717325784026,3.761041589212946,0.25844945293475285,0.4273627905767431,0.08950218235047915,0.11307531140823113,0.8584995841646272,-26.51581693474779
929,930.0,0.566834856873363,7.5262099483061435,0.25844973626861106,0.42736177625392846,0.08950218235720692,0.11307531141248103,0.8584996633908952,-26.51581693422161
930,931.0,0.4092183065908104,5.406835700975984,0.25845019818925696,0.42736315265926217,0.08950218235223376,0.11307531140933956,0.8584995466122547,-26.515816934610562
931,932.0,0.6597307658790567,9.91125273334175,0.25844908145381107,0.4273633737566797,0.08950218235078676,0.11307531140842547,0.8584995408953949,-26.515816934723734
932,933.0,0.3970883472094725,1.974633882571346,0.25844967601576624,0.42736290121479215,0.08950218235043043,0.11307531140820039,0.8584995727415834,-26.515816934751598
933,934.0,0.4987826242581521,9.510079869537572,0.4987826242581521,9.510079869537572,2.711929046351969,0.6224294620221142,6.735880964114926e-08,-2.637749595182905
934,935.0,0.4907876921417187,4.587651830621781,0.258449273895257,0.42736293164000155,0.08950218235032115,0.11307531140813135,0.8584995746749591,-26.51581693476015
935,936.0,0.11059586578490255,2.9377377499933073,0.11059586578490255,2.9377377499933073,2.7119291642188688,0.622429475548248,3.994085728820096e-08,-2.6377492909462283
936,937.0,0.9756177759595444,3.61121415263694,0.2584494527593628,0.42736279071712646,0.0895021823504788,0.1130753114082309,0.8584995841551529,-26.515816934747818
937,938.0,0.490012577722687,1.1894859398543733,0.2584504135195861,0.4273618400120277,0.0895021823601295,0.11307531141432718,0.858499650793978,-26.515816933993033
938,939.0,0.09006018890525624,9.028780155973408,0.09006018890525624,9.028780155973408,2.7119292238734327,0.6224294823940681,0.0,-2.6377491369665638
939,940.0,0.3531121320933187,7.8731785407721695,0.3531121320933187,7.8731785407721695,2.7119292099785532,0.6224294807995239,6.441988165128976e-09,-2.637749172831864
940,941.0,0.096496914593181,5.636224057572259,0.096496914593181,5.636224057572259,2.7119292238734327,0.6224294823940681,0.0,-2.6377491369665638
941,942.0,0.33638157489946063,0.6288100074563642,0.25844951957823376,0.427363170174012,0.08950218235001922,0.1130753114079406,0.8584995526239507,-26.51581693478376
942,943.0,0.63565724662997,6.0610872201786945,0.25844941559774304,0.4273629417047332,0.0895021823501736,0.11307531140803814,0.8584995723067346,-26.51581693477169
943,944.0,0.9353124694505339,0.573596384014964,0.258449454114436,0.42736320558870644,0.08950218235001478,0.11307531140793782,0.8584995504661774,-26.51581693478411
944,945.0,0.2927696390744826,2.4779699966060487,0.25844967519934636,0.42736319851500004,0.08950218235019773,0.11307531140805338,0.8584995486194813,-26.515816934769802
945,946.0,0.29098197706647144,4.512580972711124,0.25845055164777486,0.4273640624705622,0.0895021823577217,0.1130753114128062,0.8584994688923662,-26.51581693418135
946,947.0,0.5609613584789884,3.94831435766669,0.25845042424553205,0.4273632555466395,0.08950218235383561,0.1130753114103514,0.8584995357838225,-26.515816934485283
947,948.0,0.4609246842648347,8.121292118531056,0.46095434942406827,8.121290253356529,2.711928360931879,0.6224293833648784,3.4399813608754215e-07,-2.6377513643815664
948,949.0,0.052184683729717185,6.934784861915052,0.052184683729717185,6.934784861915052,2.7119292238734327,0.6224294823940681,0.0,-2.6377491369665638
949,950.0,0.6794019563069728,8.220428189269645,0.25844952824265943,0.4273631835656245,0.08950218235002583,0.11307531140794479,0.8584995514421148,-26.515816934783246
950,951.0,0.7288497308036026,0.08047961536615773,0.2584496386152183,0.42736345236067513,0.0895021823504476,0.11307531140821121,0.8584995284160846,-26.515816934750255
951,952.0,0.3644261522381609,3.2703638860426003,0.25844929622075224,0.4273630431011101,0.08950218235015861,0.11307531140802868,0.8584995653835031,-26.515816934772864
952,953.0,0.3777081953556546,1.2371903109880866,0.2584493369320205,0.42736252202649144,0.08950218235149456,0.11307531140887257,0.8584996072322433,-26.515816934668376
953,954.0,0.8292830175946861,1.6190287589904855,0.25844891032685086,0.42736259174002256,0.08950218235234736,0.11307531140941127,0.8584996062431037,-26.515816934601677
954,955.0,0.031905541814012395,9.915275680273941,0.031905541814012395,9.915275680273941,2.7119292238734327,0.6224294823940681,0.0,-2.6377491369665638
955,956.0,0.4024760613809133,4.6174074325384105,0.2584494640014056,0.42736323579264157,0.08950218235002907,0.11307531140794683,0.8584995479063435,-26.51581693478299
956,957.0,0.24170430076507032,6.95991245885297,0.24170430076507032,6.95991245885297,2.7119292238084385,0.6224294823866096,3.5712321988512485e-11,-2.6377491371343265
957,958.0,0.8457306680804726,8.625809026115824,0.25844950110835824,0.4273631741831066,0.08950218235001238,0.11307531140793631,0.8584995525007728,-26.515816934784297
958,959.0,0.13510732590058971,7.268925027158288,0.13510732590058971,7.268925027158288,2.7119292238734327,0.6224294823940681,0.0,-2.6377491369665638
959,960.0,0.31746802208058444,5.159247898618271,0.25844948472142865,0.4273630922079418,0.08950218235002053,0.11307531140794144,0.8584995593339267,-26.51581693478366
960,961.0,0.861320753276297,1.87949319749824,0.2584494636051515,0.42736314774113765,0.08950218235000476,0.11307531140793148,0.8584995550576252,-26.515816934784894
961,962.0,0.5871458326893528,3.7916902099382175,0.2584504130375139,0.4273634202940967,0.08950218235394387,0.1130753114104198,0.8584995225347527,-26.515816934476817
962,963.0,0.5403755297664089,1.7932570405642148,0.2584504959574626,0.42736262230000294,0.08950218235549813,0.1130753114114016,0.8584995863956637,-26.515816934355257
963,964.0,0.2983592346308859,1.1243922795111094,0.2584494228872597,0.42736315699600885,0.08950218235001099,0.1130753114079354,0.8584995547522238,-26.515816934784407
964,965.0,0.06088211644862174,6.258364042370843,0.06088211644862174,6.258364042370843,2.7119292238734327,0.6224294823940681,0.0,-2.6377491369665638
965,966.0,0.5837755710870918,8.664705676247683,0.25844949219499114,0.42736316671238156,0.08950218235000902,0.11307531140793417,0.8584995532047471,-26.515816934784556
966,967.0,0.8278806269509302,2.3412430915010187,0.2584492875116995,0.4273628708311767,0.08950218235041035,0.11307531140818766,0.8584995794616249,-26.515816934753172
967,968.0,0.3730239107076181,2.5855590738595278,0.25844899576320923,0.4273640730657255,0.08950218235400909,0.113075311410461,0.8584994850708464,-26.51581693447171
968,969.0,0.3922763129229061,5.08240100899162,0.2584500762838308,0.42736324196024644,0.08950218235157703,0.11307531140892466,0.858499540699748,-26.515816934661927
969,970.0,0.6107833924613288,0.22605192195918186,0.25844949640976783,0.42736299611830364,0.08950218235009962,0.11307531140799137,0.858499567005313,-26.515816934777476
970,971.0,0.18725644708785727,6.036231777927133,0.18725644708785727,6.036231777927133,2.711929223867239,0.6224294823933574,3.704703210871685e-12,-2.637749136982551
971,972.0,0.22008170747639233,9.74245399348604,0.22008170747639233,9.74245399348604,2.7119292238734327,0.6224294823940681,0.0,-2.6377491369665638
972,973.0,0.33029265563486887,6.635706354432347,0.33029265563486887,6.635706354432347,2.7119290749245177,0.6224294653010339,7.14333239226761e-08,-2.637749521431772
973,974.0,0.006060671600928047,7.949392563990408,0.006060671600928047,7.949392563990408,2.7119292238734327,0.6224294823940681,0.0,-2.6377491369665638
974,975.0,0.04667676592231518,8.695843777635204,0.04667676592231518,8.695843777635204,2.7119292238734327,0.6224294823940681,0.0,-2.6377491369665638
975,976.0,0.9226888429751569,4.567247492482168,0.25844944429249045,0.42736309193014116,0.08950218235001942,0.11307531140794075,0.858499559799123,-26.51581693478375
976,977.0,0.4669284152187042,6.6417355584368805,0.25844966562966504,0.4273631001482724,0.0895021823501872,0.11307531140804673,0.8584995567084487,-26.515816934770626
977,978.0,0.851132701430072,6.029107612850277,0.25844947168582666,0.42736308967966274,0.08950218235001976,0.11307531140794096,0.8584995596818676,-26.515816934783718
978,979.0,0.3495641959893071,4.7684533494519625,0.25844940583119624,0.42736304096071276,0.08950218235006224,0.1130753114079678,0.8584995643572826,-26.515816934780396
979,980.0,0.21128759032967814,4.223712205249456,0.21134256857388653,4.2237086525357554,2.7119284811326905,0.6224293971588483,4.279433143405953e-07,-2.637751054120545
980,981.0,0.5278337268907489,8.09158131709342,0.2584482344786005,0.42736179917432204,0.08950218236256698,0.11307531141586691,0.8584996779676095,-26.515816933802398
981,982.0,0.5887569425572722,2.7494845144155704,0.258448932085634,0.42736348409205177,0.0895021823515781,0.11307531140892534,0.8584995335740395,-26.515816934661842
982,983.0,0.7272054663882498,1.3553428866959225,0.258449443273311,0.4273631923771679,0.08950218235001166,0.11307531140793585,0.8584995516572218,-26.515816934784354
983,984.0,0.14726761906776709,2.4864162163132946,0.25844887470187533,0.42736375071555543,0.08950218235275911,0.11307531140967138,0.8584995125602586,-26.51581693456948
984,985.0,0.5898635941484696,7.642680682119836,0.2584494585950791,0.42736315145001186,0.08950218235000468,0.11307531140793142,0.8584995548114378,-26.5158169347849
985,986.0,0.9567589370883505,4.212526767813174,0.25844984349615874,0.4273633043378983,0.08950218235067714,0.11307531140835621,0.8584995381868915,-26.515816934732307
986,987.0,0.37884886969417986,4.300656660571887,0.25844921577355323,0.42736263557363074,0.0895021823512018,0.11307531140868762,0.8584995993422533,-26.515816934691273
987,988.0,0.21329422659437913,0.7420348485574126,0.2584494893761766,0.42736330922913046,0.08950218235009463,0.11307531140798825,0.8584995416678464,-26.515816934777867
988,989.0,0.9544610437109052,7.659387000158052,0.2584491371578182,0.42736256417225854,0.08950218235166195,0.11307531140897831,0.8584996059982722,-26.515816934655284
989,990.0,0.41119117752584533,9.304178378961922,0.41119117752584533,9.304178378961922,2.7119292167270634,0.6224294815739673,3.0486208002500348e-09,-2.6377491554126884
990,991.0,0.6463944828209599,7.677812368023195,0.2584482260288827,0.42736439955312444,0.08950218236210598,0.11307531141557572,0.858499466987445,-26.515816933838455
991,992.0,0.22827555991128823,4.675854044350385,0.22829940750186972,4.6758525788559835,2.7119288943989717,0.6224294445843379,1.8486975195131095e-07,-2.637749987402241
992,993.0,0.9707668701175527,1.9978633738214737,0.2584492875116995,0.4273628708311767,0.08950218235041035,0.11307531140818766,0.8584995794616249,-26.515816934753172
993,994.0,0.19570423219336464,0.8551688877482104,0.2584493881191656,0.42736316181454764,0.08950218235002734,0.11307531140794573,0.8584995547417515,-26.51581693478313
994,995.0,0.26180826694500037,5.010711704084355,0.2618544522228491,5.010708773095552,2.711928455419459,0.6224293942080568,4.0918659582889205e-07,-2.637751120491256
995,996.0,0.0557375169500427,1.8330920034890672,0.2584494638314554,0.4273631708716631,0.08950218235000576,0.11307531140793212,0.8584995531776951,-26.515816934784812
996,997.0,0.2639833039318712,3.579133444310532,0.2584504556739146,0.42736344150773525,0.08950218235432249,0.11307531141065895,0.8584995203456014,-26.5158169344472
997,998.0,0.5293105530009593,9.468343005717474,0.5293268510748789,9.468342028721294,2.7119286978095873,0.6224294220241919,1.9207156565226313e-07,-2.637750494836541
998,999.0,0.23876581492639304,1.065856432394916,0.25844947358241427,0.4273630324959885,0.08950218235005812,0.1130753114079652,0.8584995643025657,-26.515816934780723
999,1000.0,0.2558700830477366,9.14035488309676,0.2558700830477366,9.14035488309676,2.7119292238733808,0.6224294823940622,2.8199664825478976e-14,-2.637749136966697
