,iteration,init_sigma,init_center,est_sigma,est_center,ss_res,nrmse,r_squared,aic
0,1.0,0.4036407491016748,6.499769171376014,0.2324425167810057,0.3776316669509388,0.07148147131237421,0.1010526533986644,0.8915594816583082,-28.089590080834867
1,2.0,0.44105963968931816,8.200326216574346,0.44107349527267276,8.200325417213834,2.9622536800265014,0.6505221726787205,1.385884684790284e-07,-2.019718544234487
2,3.0,0.015341975839674449,4.165728850996531,0.015341975839674449,4.165728850996531,2.9622540459259223,0.6505222128551714,0.0,-2.019717679590177
3,4.0,0.3998512758429965,8.194109668936619,0.3998512758429965,8.194109668936619,2.9622539797817193,0.6505222055924125,2.6485979964796513e-08,-2.019717835893255
4,5.0,0.7191893416317237,8.946150446238823,0.2324442106912681,0.37763092175451984,0.07148147130808065,0.10105265339562951,0.8915595610408987,-28.089590081255324
5,6.0,0.6695491892229173,9.444781238549975,0.2324437317866979,0.37763059107521657,0.0714814713053186,0.10105265339367717,0.8915596536044743,-28.089590081525806
6,7.0,0.01867622371779465,9.360761101138957,0.01867622371779465,9.360761101138957,2.9622540459259223,0.6505222128551714,0.0,-2.019717679590177
7,8.0,0.7851594196746958,5.4567942497111055,0.23244345235539748,0.3776306477078032,0.07148147130465979,0.10105265339321147,0.8915596545946137,-28.089590081590316
8,9.0,0.8076790780033908,1.8640939957486777,0.23244308929020635,0.377630228791958,0.07148147130555205,0.10105265339384216,0.8915597605019867,-28.089590081502948
9,10.0,0.13423059609150934,1.2934535051355764,0.2324433362358611,0.3776306504990931,0.07148147130460304,0.10105265339317139,0.8915596594121502,-28.089590081595873
10,11.0,0.6887917760961646,3.952892858538369,0.23244387883410525,0.3776304197967641,0.07148147130620976,0.10105265339430707,0.891559683136647,-28.089590081438537
11,12.0,0.5309938743164434,9.617087212587988,0.5310074634461965,9.617086368818558,2.962253610679534,0.6505221650642916,1.4706035811329343e-07,-2.019718708105928
12,13.0,0.6835507670330314,2.2820869643559294,0.23244277068445926,0.3776312183035273,0.07148147130755768,0.10105265339525984,0.8915595651398731,-28.08959008130654
13,14.0,0.48405031344300353,3.0740217470815403,0.23244334214612358,0.3776307577545465,0.07148147130464444,0.10105265339320064,0.8915596363523139,-28.089590081591822
14,15.0,0.30132568672116533,3.5608197391885255,0.2324433459618859,0.3776306096602214,0.07148147130461223,0.10105265339317789,0.8915596676344459,-28.089590081594977
15,16.0,0.8171234220558719,0.26309438840011307,0.23244328887702934,0.37763059710989844,0.07148147130462673,0.1010526533931881,0.8915596729603058,-28.089590081593556
16,17.0,0.6910672470849133,7.059052293028667,0.23244339357533672,0.3776306380645264,0.07148147130461766,0.10105265339318172,0.8915596593819795,-28.089590081594444
17,18.0,0.2282210231274885,0.8625387728402146,0.23244332888920186,0.37763064872051444,0.07148147130460356,0.10105265339317175,0.8915596601322822,-28.089590081595823
18,19.0,0.3500721204640639,2.076187586046156,0.23244277068445926,0.3776312183035273,0.07148147130755768,0.10105265339525984,0.8915595651398731,-28.08959008130654
19,20.0,0.763272934141121,6.040365891032975,0.23244334974913972,0.3776306979209729,0.07148147130460991,0.10105265339317626,0.891559648708613,-28.089590081595205
20,21.0,0.06990572029897435,1.6026156382905568,0.23244322901086795,0.37763047553371437,0.07148147130477701,0.10105265339329433,0.8915597015762811,-28.08959008157884
21,22.0,0.22082372151064922,0.8877809499065925,0.232443332289375,0.3776306476835232,0.07148147130460335,0.10105265339317158,0.8915596601941467,-28.089590081595844
22,23.0,0.7922892040862703,2.721894888906996,0.23244334885447474,0.3776306980343871,0.07148147130460991,0.1010526533931762,0.891559648726206,-28.089590081595205
23,24.0,0.6983896983487934,7.195371891502725,0.23244337397710033,0.37763065558947595,0.07148147130460797,0.10105265339317487,0.8915596565722904,-28.089590081595396
24,25.0,0.9509372151884685,9.409499276181451,0.23244366159722415,0.3776309620444092,0.07148147130537102,0.10105265339371422,0.8915595780700017,-28.08959008152067
25,26.0,0.5240106413377102,2.6860998093097015,0.23244333164690445,0.37763066026778275,0.07148147130460321,0.1010526533931715,0.8915596575507865,-28.08959008159586
26,27.0,0.7654345956029404,3.0273236600620645,0.23244408691219803,0.37763099254576105,0.07148147130735329,0.10105265339511538,0.8915595517712562,-28.08959008132655
27,28.0,0.79444458805064,6.1717855881870705,0.23244334539387917,0.37763065447781063,0.07148147130460297,0.10105265339317135,0.8915596581402412,-28.08959008159588
28,29.0,0.3197389007815117,5.589855432223067,0.23244372047308245,0.37763053730163365,0.07148147130533472,0.10105265339368855,0.891559665554796,-28.08959008152423
29,30.0,0.2519175755423092,6.59105614754391,0.2519175755423092,6.59105614754391,2.9622540451296726,0.6505222127677416,3.9490577474765587e-10,-2.019717681471768
30,31.0,0.27916544256604403,0.1288753299939481,0.23244289895759895,0.3776307742418898,0.07148147130555824,0.10105265339384657,0.8915596534980663,-28.089590081502337
31,32.0,0.5652213572105909,6.308500667421623,0.2324430544293164,0.3776302738343742,0.07148147130548418,0.10105265339379421,0.8915597525577557,-28.089590081509584
32,33.0,0.81984670257195,8.00905997501904,0.23244351086799747,0.377630526523501,0.0714814713048173,0.10105265339332285,0.8915596776114825,-28.089590081574897
33,34.0,0.24654376893926988,7.221482368979507,0.24654376893926988,7.221482368979507,2.9622540458882574,0.6505222128510357,1.883049272066728e-11,-2.0197176796791814
34,35.0,0.5455470243048778,7.0957331318314045,0.23244333082901739,0.37763064040962785,0.07148147130460418,0.10105265339317217,0.891559661807395,-28.08959008159576
35,36.0,0.16073830860826732,4.3177226170517224,0.16073830860826732,4.3177226170517224,2.962254042868982,0.6505222125195136,1.7348431580188617e-09,-2.0197176868139275
36,37.0,0.867378074671757,4.223733637469549,0.2324444159329359,0.37763106870502683,0.07148147131010327,0.10105265339705917,0.8915595202591742,-28.089590081057253
37,38.0,0.38182769799145067,1.9448922558282844,0.23244344809647297,0.37763056268318873,0.07148147130469797,0.10105265339323845,0.8915596728549315,-28.08959008158658
38,39.0,0.6383922092411037,2.713513851165599,0.23244333752922788,0.3776306838900611,0.07148147130460591,0.1010526533931734,0.8915596522585896,-28.089590081595595
39,40.0,0.8598640361529994,1.4707597170108997,0.2324428692035952,0.3776302613240575,0.07148147130608908,0.10105265339422177,0.8915597638450155,-28.089590081450353
40,41.0,0.5886211244090508,2.1244660650043548,0.23244277068445926,0.3776312183035273,0.07148147130755768,0.10105265339525984,0.8915595651398731,-28.08959008130654
41,42.0,0.37412773006294253,0.8404797434719401,0.2324433096941713,0.3776306566008909,0.07148147130460691,0.10105265339317414,0.8915596593525978,-28.089590081595496
42,43.0,0.6577376803711579,5.741358964586694,0.2324430237283365,0.3776302605722732,0.07148147130559673,0.10105265339387379,0.891559756805442,-28.08959008149857
43,44.0,0.4068561250531768,9.696826730783213,0.4068561250531768,9.696826730783213,2.962254043664797,0.6505222126068955,8.967711018215141e-10,-2.0197176849333642
44,45.0,0.335525049905955,5.015284878623686,0.23244316065987555,0.37763114005849036,0.07148147130576253,0.10105265339399094,0.8915595635942037,-28.089590081482328
45,46.0,0.26576803253482584,1.4326926380894096,0.2324441478097568,0.37763087920912036,0.07148147130756524,0.10105265339526517,0.8915595730092637,-28.089590081305793
46,47.0,0.3540261997459492,2.532351806865419,0.2324433306008978,0.3776306525192896,0.07148147130460325,0.10105265339317152,0.8915596592455486,-28.08959008159586
47,48.0,0.7259710678215456,6.0275049597305355,0.23244335081685413,0.37763069816190564,0.07148147130461004,0.10105265339317633,0.891559648607683,-28.08959008159519
48,49.0,0.5084688826630052,9.355999091990276,0.5084803845734824,9.355998381447598,2.962253697616104,0.6505221746100924,1.2099130775045097e-07,-2.0197185026691002
49,50.0,0.656387273989398,8.094810823778007,0.23244296430754213,0.3776311698944515,0.07148147130644325,0.10105265339447213,0.8915595664036727,-28.089590081415665
50,51.0,0.7099433221880032,3.475993799714137,0.23244331141734328,0.37763076123832995,0.07148147130465331,0.10105265339320689,0.8915596370439889,-28.089590081590956
51,52.0,0.3311203233248653,5.338998931308548,0.23244327323725802,0.377630664622774,0.07148147130462323,0.10105265339318563,0.8915596593471236,-28.089590081593897
52,53.0,0.8491069545244542,9.495104856128755,0.23244338707242884,0.37763071084981453,0.07148147130462279,0.10105265339318535,0.8915596442230918,-28.08959008159394
53,54.0,0.42930795715697834,6.957290671058753,0.2324434916289967,0.377630961945813,0.07148147130505202,0.10105265339348873,0.8915595860106758,-28.08959008155191
54,55.0,0.029832617300564634,8.74865342192507,0.029832617300564634,8.74865342192507,2.9622540459259223,0.6505222128551714,0.0,-2.019717679590177
55,56.0,0.32689635809816775,8.798183314671752,0.32689635809816775,8.798183314671752,2.962254045754598,0.6505222128363597,7.605993612713746e-11,-2.0197176799950274
56,57.0,0.2211920823192438,0.4157349842831696,0.23244333836267833,0.37763065814535957,0.07148147130460285,0.10105265339317125,0.8915596576887458,-28.089590081595894
57,58.0,0.3177465285202872,3.5135300478930565,0.23244282347680542,0.37763090774972147,0.07148147130613551,0.1010526533942546,0.8915596286528695,-28.089590081445806
58,59.0,0.9413545643353389,4.994240181674975,0.23244331220183162,0.3776306793370985,0.07148147130460879,0.10105265339317543,0.8915596544058662,-28.08959008159532
59,60.0,0.37809620101412444,3.7760666447520297,0.23244412112695095,0.3776306655242348,0.07148147130730005,0.10105265339507773,0.8915596196455735,-28.089590081331764
60,61.0,0.17186795797465793,2.2583359050077467,0.23244334943505868,0.3776306990682401,0.07148147130461027,0.1010526533931765,0.8915596484795314,-28.089590081595162
61,62.0,0.1566247822029061,3.3164524368874617,0.23244331181518665,0.37763076215861835,0.07148147130465395,0.10105265339320736,0.8915596368299538,-28.08959008159089
62,63.0,0.4129743519477391,0.060822424503527414,0.23244336173968452,0.3776309228878091,0.07148147130489031,0.10105265339337444,0.8915596003598267,-28.089590081567742
63,64.0,0.39783441595233826,1.5496244267733752,0.23244309121281043,0.377630443895058,0.07148147130502382,0.1010526533934688,0.8915597147176089,-28.089590081554675
64,65.0,0.21470332388230517,3.0932794992099675,0.23244325517815762,0.3776304094657828,0.07148147130486933,0.10105265339335959,0.8915597143919896,-28.089590081569796
65,66.0,0.6069295123805011,9.239766537365137,0.2324432941175142,0.37763072465956493,0.07148147130463328,0.10105265339319272,0.8915596456205298,-28.089590081592917
66,67.0,0.9183472041341006,1.0770180260362614,0.23244369848846694,0.3776309536320788,0.07148147130545546,0.1010526533937739,0.8915595781380283,-28.089590081512398
67,68.0,0.4556092871026507,3.8535017048829605,0.23244393065590485,0.3776304364174064,0.07148147130643966,0.10105265339446956,0.8915596771909524,-28.08959008141602
68,69.0,0.4200984988558506,9.072352706029882,0.4200984988558506,9.072352706029882,2.962254026033917,0.6505222106709915,7.748649277772302e-09,-2.019717726596287
69,70.0,0.9048448224896429,5.515631777952021,0.23244329056221497,0.3776309580109686,0.07148147130499544,0.10105265339344877,0.8915595962148494,-28.089590081557454
70,71.0,0.9698180030048704,8.488031219764316,0.23244346563325635,0.37763064240241123,0.07148147130467483,0.10105265339322211,0.8915596551029616,-28.089590081588852
71,72.0,0.09767199617906863,7.866173178718718,0.09767199617906863,7.866173178718718,2.9622540459259223,0.6505222128551714,0.0,-2.019717679590177
72,73.0,0.0002219387881080559,1.3248200578764435,0.0002219387881080559,1.3248200578764435,2.9622540459259223,0.6505222128551714,0.0,-2.019717679590177
73,74.0,0.026894923482019273,1.9894343472638456,0.026894923482019273,1.9894343472638456,2.9622540459259223,0.6505222128551713,2.220446049250313e-16,-2.019717679590177
74,75.0,0.2254663116348139,9.865518705528029,0.2254663116348139,9.865518705528029,2.9622540459259223,0.6505222128551714,0.0,-2.019717679590177
75,76.0,0.7387718193103099,3.5474085309722625,0.23244327800595674,0.3776305604426623,0.0714814713046534,0.10105265339320697,0.8915596812561055,-28.08959008159094
76,77.0,0.5217024650652551,6.337423891213379,0.23244319781328104,0.3776305652617592,0.07148147130471719,0.10105265339325206,0.8915596839687494,-28.089590081584696
77,78.0,0.8132524240253263,7.389881054540614,0.23244382026725438,0.37762865448096056,0.07148147132269787,0.10105265340596163,0.8915600608683396,-28.089590079823893
78,79.0,0.3096790933813516,1.1195760780186075,0.23244326227808745,0.37763056506057907,0.07148147130465878,0.10105265339321076,0.8915596810079202,-28.089590081590416
79,80.0,0.9263013413236496,8.237975315491289,0.23244346337478278,0.3776303773552527,0.07148147130501387,0.10105265339346176,0.8915597115124023,-28.08959008155565
80,81.0,0.8528976121761819,6.511556855844257,0.23244381899159164,0.3776303297248213,0.07148147130616843,0.10105265339427788,0.8915597050592907,-28.08959008144258
81,82.0,0.036223796032669564,2.715707341395846,0.036223796032669564,2.715707341395846,2.9622540459259223,0.6505222128551714,0.0,-2.019717679590177
82,83.0,0.002933397537179916,9.91443824690305,0.002933397537179916,9.91443824690305,2.9622540459259223,0.6505222128551714,0.0,-2.019717679590177
83,84.0,0.3321807439918113,9.766712036184664,0.3321807439918113,9.766712036184664,2.9622540459122555,0.6505222128536707,6.020961507147149e-12,-2.019717679622472
84,85.0,0.7272087036601722,3.6337579844480463,0.23244280234777745,0.3776306849331374,0.0714814713058974,0.10105265339408626,0.8915596769709838,-28.089590081469126
85,86.0,0.6742867914633879,3.3048013106102454,0.23244275559712585,0.3776307666008021,0.0714814713062111,0.10105265339430805,0.8915596617999156,-28.089590081438402
86,87.0,0.0453899270604996,3.758719304543621,0.0453899270604996,3.758719304543621,2.9622540459259223,0.6505222128551714,0.0,-2.019717679590177
87,88.0,0.40426162025921175,9.383534441442723,0.40426162025921175,9.383534441442723,2.962254041659381,0.650522212386697,1.6981397399362663e-09,-2.0197176896722935
88,89.0,0.07755951999569011,9.553814088543122,0.07755951999569011,9.553814088543122,2.9622540459259223,0.6505222128551714,0.0,-2.019717679590177
89,90.0,0.1701722304503479,0.11980353020311123,0.23244321977295054,0.37763050202283277,0.07148147130475122,0.10105265339327614,0.8915596963795681,-28.089590081581363
90,91.0,0.8786341471189711,4.830848678254649,0.23244333007455664,0.37763054357290543,0.07148147130465472,0.1010526533932079,0.8915596824137235,-28.089590081590813
91,92.0,0.0974476059495577,1.7144295270624812,0.23244332903877168,0.3776306622482853,0.07148147130460353,0.10105265339317171,0.8915596572515865,-28.08959008159583
92,93.0,0.64299536154262,2.5612010297119245,0.23244277068445926,0.3776312183035273,0.07148147130755768,0.10105265339525984,0.8915595651398731,-28.08959008130654
93,94.0,0.7345428123566672,6.43406555323426,0.23244328706246267,0.3776306099782733,0.0714814713046224,0.10105265339318506,0.8915596703112005,-28.089590081593975
94,95.0,0.0248216857653506,5.590649389601819,0.0248216857653506,5.590649389601819,2.9622540459259223,0.6505222128551714,0.0,-2.019717679590177
95,96.0,0.24483762812415477,5.218262633243827,0.24483762812415477,5.218262633243827,2.9622539333532316,0.6505222004944766,5.6425072392229936e-08,-2.0197179456068106
96,97.0,0.5425916065928925,5.879281060833483,0.23244337331558484,0.37763041189826957,0.07148147130485842,0.10105265339335189,0.891559708370751,-28.08959008157087
97,98.0,0.3217419502297696,7.274896524417328,0.3217419502297696,7.274896524417328,2.9622540327205895,0.6505222114052007,5.906644284792151e-09,-2.0197177107952413
98,99.0,0.9366440297813073,7.266882123591197,0.23244327639872317,0.37763051471815223,0.07148147130469656,0.10105265339323749,0.8915596910443259,-28.089590081586714
99,100.0,0.8346532519836459,5.99570382527385,0.23244335113602094,0.3776306979634155,0.07148147130460998,0.10105265339317626,0.8915596486349776,-28.089590081595198
100,101.0,0.42854328720226,3.037739802649273,0.2324433315023862,0.3776306506051727,0.07148147130460325,0.10105265339317152,0.8915596596101643,-28.08959008159586
101,102.0,0.526905710310776,8.718905325889864,0.5269657511716461,8.718901329087306,2.962251939255328,0.6505219815387078,7.153124923497955e-07,-2.0197226577923084
102,103.0,0.06183960688115919,3.9905338727455066,0.06183960688115919,3.9905338727455066,2.9622540459259223,0.6505222128551714,0.0,-2.019717679590177
103,104.0,0.8391923765780754,8.810442954645232,0.23244333465451308,0.37763065154196923,0.07148147130460306,0.10105265339317139,0.8915596592642907,-28.089590081595873
104,105.0,0.7054124280249633,2.5653691777005503,0.23244277068445926,0.3776312183035273,0.07148147130755768,0.10105265339525984,0.8915595651398731,-28.08959008130654
105,106.0,0.04709830298280593,0.7961665138088564,0.23244339786703413,0.37763300387565957,0.07148147132703175,0.10105265340902499,0.8915591566050651,-28.089590079399485
106,107.0,0.5839914693817515,1.971979485742166,0.23244277068445926,0.3776312183035273,0.07148147130755768,0.10105265339525984,0.8915595651398731,-28.08959008130654
107,108.0,0.09939578329333765,7.63361402297714,0.09939578329333765,7.63361402297714,2.9622540459259223,0.6505222128551714,0.0,-2.019717679590177
108,109.0,0.059763562099068746,3.5299097533777073,0.059763562099068746,3.5299097533777073,2.9622540459259223,0.6505222128551714,0.0,-2.019717679590177
109,110.0,0.5143798398611421,2.84024977897046,0.23244409890377302,0.37763099934514394,0.07148147130744549,0.10105265339518055,0.8915595497680372,-28.089590081317525
110,111.0,0.7272034312675267,2.9647151337175384,0.23244333164816827,0.37763064620162623,0.07148147130460349,0.10105265339317168,0.8915596605388244,-28.08959008159583
111,112.0,0.8923908963809016,4.582605736185883,0.23244349425142824,0.377630618399123,0.07148147130471842,0.10105265339325292,0.8915596588685304,-28.089590081584575
112,113.0,0.16690283907667824,9.018294202683835,0.16690283907667824,9.018294202683835,2.9622540459259223,0.6505222128551714,0.0,-2.019717679590177
113,114.0,0.5912329408140667,6.123583255286774,0.232443116827142,0.3776304454448088,0.07148147130497183,0.10105265339343204,0.8915597131949906,-28.089590081559756
114,115.0,0.40550080599137284,9.729343294058776,0.40550080599137284,9.729343294058776,2.9622540439858107,0.6505222126421435,7.70881802836243e-10,-2.019717684174788
115,116.0,0.27693183592700676,8.549368520252136,0.27693183592700676,8.549368520252136,2.9622540459206697,0.6505222128545946,2.509992214072554e-12,-2.0197176796025893
116,117.0,0.32253765312576665,2.8253052501270846,0.23244333152909494,0.3776306477046036,0.0714814713046034,0.10105265339317163,0.8915596602250924,-28.089590081595844
117,118.0,0.7614324620956674,6.46160450823067,0.23244216872798804,0.37763341929977134,0.07148147134419684,0.10105265342115805,0.8915591256017074,-28.089590077718555
118,119.0,0.2577556795097171,4.472668824882105,0.2324434726589817,0.3776307848691851,0.07148147130473563,0.10105265339326512,0.8915596245112104,-28.08959008158289
119,120.0,0.04776121125161592,5.718306489714835,0.04776121125161592,5.718306489714835,2.9622540459259223,0.6505222128551714,0.0,-2.019717679590177
120,121.0,0.2959712391226953,1.0698824144204513,0.23244277888615814,0.37763029311102797,0.07148147130639039,0.10105265339443475,0.8915597613001326,-28.089590081420845
121,122.0,0.5382120539573372,9.881527665551744,0.5382224456447955,9.881527043826901,2.962253713155884,0.6505221763163896,1.1145700240522416e-07,-2.0197184659475793
122,123.0,0.29883303957000495,2.2989798978048466,0.23244334724243004,0.3776306970054407,0.07148147130460952,0.10105265339317593,0.8915596490198973,-28.08959008159524
123,124.0,0.10780453750372909,7.103488822133556,0.10780453750372909,7.103488822133556,2.9622540459259223,0.6505222128551714,0.0,-2.019717679590177
124,125.0,0.18728164485664178,6.771455459619215,0.18728164485664178,6.771455459619215,2.962254045925798,0.6505222128551578,6.816769371198461e-14,-2.019717679590471
125,126.0,0.16463589621199393,8.452835062568742,0.16463589621199393,8.452835062568742,2.9622540459259223,0.6505222128551714,0.0,-2.019717679590177
126,127.0,0.22278487503370414,5.920702089787508,0.22278487503370414,5.920702089787508,2.9622540450907033,0.6505222127634627,4.326599079007565e-10,-2.0197176815638542
127,128.0,0.020027819096826494,8.40823481267161,0.020027819096826494,8.40823481267161,2.9622540459259223,0.6505222128551714,0.0,-2.019717679590177
128,129.0,0.8731378557115692,1.5813912566909518,0.23244293839095864,0.3776305502528778,0.07148147130533267,0.10105265339368712,0.8915596992436717,-28.089590081524427
129,130.0,0.9416839325708877,7.4121092260594565,0.23244432637496315,0.37762931327112154,0.07148147131724078,0.10105265340210427,0.8915598973346243,-28.089590080358292
130,131.0,0.531625274110486,2.9058870648665858,0.2324433345735542,0.3776306304832727,0.07148147130460566,0.10105265339317324,0.8915596637415959,-28.089590081595617
131,132.0,0.7023267913711099,6.8830203005093225,0.23244329925280025,0.3776305681920428,0.07148147130463962,0.10105265339319722,0.891559678619935,-28.08959008159229
132,133.0,0.6699779956092634,8.57992724083933,0.23244333490056476,0.3776306583213663,0.07148147130460293,0.1010526533931713,0.8915596578126681,-28.089590081595887
133,134.0,0.12812796415222716,7.651785696978396,0.12812796415222716,7.651785696978396,2.9622540459259223,0.6505222128551714,0.0,-2.019717679590177
134,135.0,0.8244169673293851,9.108438934162914,0.23244362251867343,0.37763089791475274,0.07148147130514493,0.1010526533935544,0.8915595935140378,-28.08959008154281
135,136.0,0.7150130412424678,8.086495835867417,0.23244333920832433,0.37763062025990285,0.07148147130460822,0.10105265339317504,0.8915596656974123,-28.089590081595368
136,137.0,0.5837422950689414,0.5871937557617177,0.2324438472583815,0.37763016780064457,0.07148147130689754,0.10105265339479325,0.8915597381394114,-28.089590081371185
137,138.0,0.23278144033332215,9.688052039751383,0.23278144033332215,9.688052039751383,2.9622540459259223,0.6505222128551713,2.220446049250313e-16,-2.019717679590177
138,139.0,0.0461319620607874,0.435095096358739,0.23244335152673062,0.3776306863934759,0.07148147130460676,0.10105265339317397,0.8915596510745941,-28.089590081595517
139,140.0,0.203089259002584,6.004954339843027,0.203089259002584,6.004954339843027,2.962254045863926,0.6505222128483641,3.307021323450954e-11,-2.0197176797366776
140,141.0,0.6825015472496881,3.00564130883602,0.23244317401853537,0.3776306892536821,0.07148147130473312,0.10105265339326333,0.8915596587375085,-28.08959008158314
141,142.0,0.7835706716535871,8.16546644804029,0.23244341195587537,0.37763072863376174,0.07148147130464315,0.10105265339319973,0.891559639285803,-28.08959008159195
142,143.0,0.8933041649996074,6.729447279194661,0.2324432373395616,0.3776305919823327,0.07148147130466184,0.10105265339321297,0.8915596764508318,-28.089590081590117
143,144.0,0.35993605977438115,9.858631754330604,0.35993605977438115,9.858631754330604,2.962254045841818,0.6505222128459366,3.5609071247222346e-11,-2.019717679788921
144,145.0,0.420225065562736,1.725328673159091,0.23244329985281584,0.37763051712822815,0.07148147130468549,0.10105265339322964,0.891559689439546,-28.0895900815878
145,146.0,0.957506177667761,4.115220932840757,0.23244388201902225,0.37763041838649936,0.07148147130622882,0.10105265339432054,0.8915596832878065,-28.08959008143667
146,147.0,0.4302568644996071,1.6230009791969666,0.23244330384931364,0.3776306389057595,0.07148147130460944,0.10105265339317589,0.891559663383935,-28.089590081595254
147,148.0,0.03308936345185243,6.802470886749851,0.03308936345185243,6.802470886749851,2.9622540459259223,0.6505222128551714,0.0,-2.019717679590177
148,149.0,0.16429923998487828,0.2244680632034482,0.23244333421800722,0.3776306370358597,0.07148147130460447,0.10105265339317236,0.8915596623661856,-28.089590081595738
149,150.0,0.44949901399118286,5.7248931750809655,0.23244202438590925,0.3776292388463974,0.0714814713191381,0.10105265340344538,0.891560020409729,-28.0895900801725
150,151.0,0.20649541151249418,3.6108634590829713,0.23244290636973958,0.37763179156505067,0.07148147131105323,0.10105265339773066,0.8915594370384005,-28.08959008096423
151,152.0,0.7943364032519896,9.863413933730904,0.2324433393608743,0.37763065950295016,0.07148147130460286,0.1010526533931713,0.8915596573538412,-28.089590081595894
152,153.0,0.7981919764834174,7.4809327119397135,0.2324433248438975,0.377630688499908,0.07148147130460836,0.10105265339317511,0.8915596518703621,-28.08959008159536
153,154.0,0.42430366745321413,8.467570332015367,0.42430366745321413,8.467570332015367,2.962253945393794,0.6505222018165532,3.893960043299671e-08,-2.019717917154174
154,155.0,0.8962930698133059,0.36275994791608923,0.23244400559986902,0.3776307705080483,0.0714814713065629,0.10105265339455671,0.8915596027278563,-28.089590081403955
155,156.0,0.7437258098597279,4.100429382060356,0.2324439635421447,0.37763046767159125,0.07148147130655542,0.1010526533945514,0.8915596690190878,-28.08959008140468
156,157.0,0.08901354576129805,3.26509175106731,0.08901354576129805,3.26509175106731,2.962254045905638,0.6505222128529442,1.2683187833317788e-11,-2.01971767963811
157,158.0,0.6460577507130466,6.10838831867007,0.23244322364109724,0.37763053486749176,0.07148147130471325,0.10105265339324926,0.8915596892220897,-28.08959008158508
158,159.0,0.46598758847114585,3.90633925269061,0.23244388809917463,0.3776304163544948,0.07148147130626402,0.10105265339434542,0.8915596834361188,-28.089590081433215
159,160.0,0.4327645485824916,7.958931717677182,0.43278222333305294,7.9589306962719935,2.9622535822557508,0.6505221619433061,1.7756704584481753e-07,-2.019718775273196
160,161.0,0.06712364471834564,8.74520930428914,0.06712364471834564,8.74520930428914,2.9622540459259223,0.6505222128551714,0.0,-2.019717679590177
161,162.0,0.3305946550406623,7.764842009054996,0.3305946550406623,7.764842009054996,2.9622540408032654,0.650522212292694,2.262059872748523e-09,-2.01971769169535
162,163.0,0.5011032031290974,5.86122724384266,0.2324433539785651,0.37763071210094856,0.07148147130461571,0.10105265339318034,0.8915596454992742,-28.089590081594636
163,164.0,0.46953731883129135,5.756137818225967,0.23244372890043646,0.3776306247444529,0.07148147130528568,0.10105265339365391,0.8915596465866142,-28.089590081529025
164,165.0,0.9702075142164363,9.464185526276905,0.23244335867256874,0.37763066633324677,0.0714814713046046,0.10105265339317246,0.8915596550030707,-28.089590081595723
165,166.0,0.7094822812033694,2.371793080470634,0.23244331967823234,0.37763062489594557,0.07148147130460834,0.10105265339317508,0.8915596656225442,-28.08959008159536
166,167.0,0.1626452975453433,8.579795875878462,0.1626452975453433,8.579795875878462,2.9622540459259223,0.6505222128551714,0.0,-2.019717679590177
167,168.0,0.8345765833522609,7.485704031863425,0.2324433263453739,0.3776306826467405,0.07148147130460669,0.10105265339317396,0.891559653043802,-28.089590081595517
168,169.0,0.6378518238079751,4.509604511675604,0.23244231574182259,0.3776308595422248,0.07148147130956706,0.10105265339668017,0.8915596625453386,-28.089590081109762
169,170.0,0.6940742216962793,5.298746066097439,0.23244339348921444,0.3776305703497856,0.0714814713046492,0.101052653393204,0.8915596737707245,-28.089590081591354
170,171.0,0.17040835885635663,2.772176613347029,0.23244377611777894,0.3776305858876958,0.07148147130548772,0.10105265339379674,0.8915596526406679,-28.089590081509243
171,172.0,0.9067353217739195,4.5794329523978625,0.23243357958234775,0.3776322290149834,0.07148147174767587,0.10105265370635519,0.891559777991597,-28.08959003820688
172,173.0,0.24279486733165467,4.575168045799585,0.23244333611215767,0.37763064918690176,0.07148147130460311,0.10105265339317143,0.891559659696665,-28.089590081595865
173,174.0,0.0033472378663723656,8.76609132343407,0.0033472378663723656,8.76609132343407,2.9622540459259223,0.6505222128551714,0.0,-2.019717679590177
174,175.0,0.9877600909281133,7.103290014617708,0.23244243424456204,0.37763029385357044,0.0714814713085373,0.10105265339595228,0.8915597771975871,-28.089590081210602
175,176.0,0.3073330092763523,9.433373505852531,0.3073330092763523,9.433373505852531,2.9622540459213087,0.6505222128546647,2.107647389948397e-12,-2.0197176796010794
176,177.0,0.2610008947556828,3.3714945084437957,0.23244329409637457,0.3776305841183065,0.07148147130463127,0.10105265339319133,0.8915596754769466,-28.089590081593116
177,178.0,0.5862297179625845,8.075442216511256,0.23244330785097328,0.37763058643162345,0.07148147130462597,0.1010526533931876,0.891559674344654,-28.089590081593627
178,179.0,0.5462249185210828,6.6361453895481555,0.2324422629041637,0.37763366798359577,0.07148147134913187,0.10105265342464637,0.8915590683856283,-28.089590077235286
179,180.0,0.9138679918580612,4.186834262975347,0.23244400176623148,0.37763051157507704,0.07148147130669731,0.10105265339465168,0.8915596579113816,-28.089590081390796
180,181.0,0.7794648513362135,7.47944069377294,0.23244332491781494,0.37763069068400107,0.07148147130460891,0.10105265339317553,0.8915596514029475,-28.089590081595304
181,182.0,0.6961514179284732,9.982907626816319,0.2324425095623263,0.3776308518280043,0.07148147130792953,0.10105265339552268,0.8915596551558707,-28.089590081270124
182,183.0,0.8322071679157309,6.922521418854922,0.2324427800040716,0.37763015867443955,0.07148147130680418,0.10105265339472724,0.8915597898068373,-28.089590081380322
183,184.0,0.5723097595413066,8.953633694534258,0.2324434889868952,0.377630301670887,0.07148147130525417,0.10105265339363163,0.8915597263966419,-28.08959008153211
184,185.0,0.9021929643485433,3.019530780431135,0.2324433312084626,0.37763064287024506,0.07148147130460387,0.10105265339317196,0.8915596612670025,-28.089590081595794
185,186.0,0.7221239744278802,5.635420572562568,0.23244328893325789,0.3776305311558071,0.07148147130467417,0.10105265339322163,0.8915596869684239,-28.08959008158891
186,187.0,0.3540389706503748,9.41588456906915,0.3540389706503748,9.41588456906915,2.96225404573247,0.65052221283393,8.259515293929098e-11,-2.019717680047318
187,188.0,0.4307631849146002,2.866990200765731,0.23244336474761926,0.3776305812348789,0.07148147130463016,0.10105265339319056,0.891559672797583,-28.089590081593222
188,189.0,0.5868481656450157,5.871271284611848,0.23244320951386024,0.3776305866377439,0.07148147130469168,0.10105265339323406,0.8915596788826529,-28.089590081587197
189,190.0,0.10643064851104855,7.54389051652888,0.10643064851104855,7.54389051652888,2.9622540459259223,0.6505222128551714,0.0,-2.019717679590177
190,191.0,0.542217331739067,2.486857584729874,0.23244277068445926,0.3776312183035273,0.07148147130755768,0.10105265339525984,0.8915595651398731,-28.08959008130654
191,192.0,0.7630473236074282,0.9990613098941749,0.23244361260664176,0.3776300767351775,0.07148147130642014,0.1010526533944558,0.8915597684193066,-28.08959008141793
192,193.0,0.8973124235362686,3.28175896228262,0.23244331277025004,0.3776306781629776,0.07148147130460843,0.10105265339317519,0.8915596546288023,-28.089590081595347
193,194.0,0.8263812502455555,7.015956073027436,0.23244350793605945,0.37763076287451813,0.07148147130476093,0.101052653393283,0.8915596275398305,-28.08959008158041
194,195.0,0.03882365003317201,3.4895099846899544,0.03882365003317201,3.4895099846899544,2.9622540459259223,0.6505222128551714,0.0,-2.019717679590177
195,196.0,0.4987993875307053,2.5028335426921986,0.23244277068445926,0.3776312183035273,0.07148147130755768,0.10105265339525984,0.8915595651398731,-28.08959008130654
196,197.0,0.31606718737580974,3.478722030074844,0.2324421806836739,0.3776319277596483,0.0714814713182191,0.10105265340279579,0.8915594419068353,-28.08959008026249
197,198.0,0.6318138538148695,2.4958029564020427,0.23244277068445926,0.3776312183035273,0.07148147130755768,0.10105265339525984,0.8915595651398731,-28.08959008130654
198,199.0,0.3204100879822822,9.325863417893215,0.3204100879822822,9.325863417893215,2.962254045905751,0.6505222128529565,9.0401020003128e-12,-2.0197176796378438
199,200.0,0.42214288778487896,6.173365677785005,0.2324434568754924,0.37763050485813154,0.07148147130477026,0.10105265339328957,0.8915596847297033,-28.0895900815795
200,201.0,0.042375400986738865,0.8809712714076394,0.2324432101828154,0.37763057054798904,0.07148147130469973,0.10105265339323971,0.8915596822694638,-28.089590081586408
201,202.0,0.8146062651283291,0.8998391775734322,0.232443313699159,0.37763061651793783,0.07148147130461173,0.1010526533931775,0.8915596676808828,-28.08959008159502
202,203.0,0.5252870477738695,6.4978884593159005,0.2324424181005746,0.3776318743098941,0.0714814713152342,0.10105265340068598,0.8915594422039246,-28.0895900805548
203,204.0,0.31493738088625334,4.815624597198661,0.2324433941479863,0.37763253140336317,0.07148147131890384,0.10105265340327982,0.891559257147862,-28.089590080195435
204,205.0,0.47681076521875954,7.3347470109093,0.23244313539297984,0.37762994762097063,0.07148147130673808,0.10105265339468054,0.8915598180835402,-28.089590081386795
205,206.0,0.42174044656732323,2.001054262695873,0.23244404807104652,0.3776310602210826,0.07148147130728238,0.10105265339506524,0.8915595392050899,-28.089590081333498
206,207.0,0.09686895992554223,8.034873744708134,0.09686895992554223,8.034873744708134,2.9622540459259223,0.6505222128551714,0.0,-2.019717679590177
207,208.0,0.14968589475328808,0.6364162966975675,0.23244387009458586,0.3776312840372132,0.07148147130721563,0.10105265339501808,0.8915594999534523,-28.089590081340035
208,209.0,0.24253794232929526,7.329404871635042,0.24253794232929526,7.329404871635042,2.9622540459101367,0.6505222128534381,7.939315871396957e-12,-2.0197176796274796
209,210.0,0.9471620806523493,5.67054223057463,0.23244315692324902,0.37763048946063077,0.07148147130484347,0.10105265339334135,0.8915597019764787,-28.089590081572332
210,211.0,0.38554641107891874,7.687025564271077,0.38554641107891874,7.687025564271077,2.962253921572233,0.6505221992009006,5.078912934664004e-08,-2.019717973446081
211,212.0,0.05656819564036453,9.283180267282734,0.05656819564036453,9.283180267282734,2.9622540459259223,0.6505222128551714,0.0,-2.019717679590177
212,213.0,0.5219753181013542,0.4155436068735907,0.23244220582571792,0.37762964591494497,0.0714814713136482,0.10105265339956492,0.8915599254824882,-28.08959008071011
213,214.0,0.34670048204491144,6.448489730165344,0.34672863730083076,6.448487998217415,2.962253441268891,0.6505221464626804,2.6087062521273907e-07,-2.0197191084344253
214,215.0,0.9229720716928015,0.7059140260358769,0.2324442033914832,0.377629509374313,0.0714814713139964,0.10105265339981104,0.8915598614095297,-28.089590080676004
215,216.0,0.020038062307770943,0.021174840239083052,0.23244322775832568,0.37763038744849625,0.07148147130493306,0.10105265339340465,0.8915597203467331,-28.089590081563557
216,217.0,0.7614569954726179,3.8321990417334737,0.23244423253878616,0.377630817693105,0.07148147130813283,0.10105265339566637,0.8915595821283224,-28.089590081250215
217,218.0,0.6116180724039092,4.39515494994176,0.23244342358594303,0.37763059467569743,0.07148147130465318,0.10105265339320683,0.8915596672007952,-28.089590081590963
218,219.0,0.9610940508349081,1.3786474049053372,0.23244435017405538,0.377630838124524,0.07148147130912408,0.10105265339636704,0.8915595723056875,-28.089590081153148
219,220.0,0.23451022851850156,4.149762047075332,0.23244333243414167,0.37763063318057366,0.0714814713046052,0.10105265339317289,0.8915596632682865,-28.08959008159566
220,221.0,0.5589771996963983,4.010326619029647,0.23244388679058797,0.3776304170324864,0.07148147130625584,0.10105265339433966,0.8915596833530759,-28.089590081434018
221,222.0,0.6506418047767617,4.590873837590956,0.23244364469070555,0.37763042746094,0.07148147130527889,0.10105265339364909,0.8915596924196091,-28.089590081529693
222,223.0,0.5310030211846031,5.952182157600205,0.23244437312503413,0.37763135219670074,0.07148147131078804,0.10105265339754323,0.891559462032571,-28.0895900809902
223,224.0,0.6298039078716234,9.099273921385567,0.23244326061237539,0.37763064311448885,0.07148147130463074,0.10105265339319099,0.891559664504394,-28.089590081593165
224,225.0,0.9805207996699437,5.157297430897293,0.2324433377789325,0.3776305818421815,0.07148147130462562,0.10105265339318732,0.8915596739251485,-28.08959008159367
225,226.0,0.8657543500833621,1.0860173197739613,0.23244334953923113,0.377630640613959,0.0714814713046044,0.10105265339317233,0.8915596608922143,-28.089590081595745
226,227.0,0.30534608092063187,0.8687277446085248,0.23244333021029212,0.3776306347903285,0.07148147130460507,0.10105265339317279,0.8915596630299404,-28.089590081595674
227,228.0,0.9140644440735455,1.0101194494296926,0.23244415340343386,0.3776307830623562,0.0714814713075238,0.10105265339523589,0.8915595931729128,-28.089590081309858
228,229.0,0.2375691227229082,7.930444473750703,0.2375691227229082,7.930444473750703,2.962254045925201,0.6505222128550922,3.65374397404139e-13,-2.0197176795918814
229,230.0,0.11621142454237843,6.611062466024185,0.11621142454237843,6.611062466024185,2.9622540459259223,0.6505222128551714,0.0,-2.019717679590177
230,231.0,0.9639171638841493,2.854936923764937,0.23244333898064656,0.37763068595943877,0.07148147130460637,0.10105265339317372,0.8915596517513619,-28.089590081595553
231,232.0,0.42201622959063545,5.794043739881152,0.2324433400926191,0.37763064982314565,0.07148147130460304,0.10105265339317138,0.8915596593760433,-28.089590081595873
232,233.0,0.09024360797395325,4.848984225677421,0.09024360797395325,4.848984225677421,2.9622540459259223,0.6505222128551714,0.0,-2.019717679590177
233,234.0,0.2469580307670166,8.38545528362386,0.2469580307670166,8.38545528362386,2.9622540459255693,0.6505222128551327,1.765254609153999e-13,-2.019717679591011
234,235.0,0.28745859053725986,5.33633011329566,0.2875147678223355,5.336326516173038,2.962253005143065,0.6505220985752317,4.895423592055081e-07,-2.0197201390285535
235,236.0,0.6946335216156156,3.6731810240411136,0.23244319365199673,0.3776303975047239,0.07148147130494485,0.10105265339341299,0.8915597197995797,-28.0895900815624
236,237.0,0.935728250301995,9.368946366392718,0.2324433626402574,0.37763061618229143,0.07148147130461245,0.10105265339317802,0.8915596654718444,-28.089590081594956
237,238.0,0.9617795428279321,6.40006771961197,0.23244326530354603,0.3776305976919343,0.0714814713046386,0.10105265339319651,0.8915596739350183,-28.08959008159239
238,239.0,0.459900115495922,9.452890136064555,0.459900115495922,9.452890136064555,2.9622539982258793,0.6505222076176163,1.7625745973859352e-08,-2.019717792308498
239,240.0,0.5592348655766426,2.005324992969686,0.23244277068445926,0.3776312183035273,0.07148147130755768,0.10105265339525984,0.8915595651398731,-28.08959008130654
240,241.0,0.5827853913737412,1.2554119274777522,0.2324433402529416,0.3776306545926646,0.07148147130460288,0.10105265339317127,0.8915596583553766,-28.089590081595894
241,242.0,0.053493117175095306,5.8561606841377225,0.053493117175095306,5.8561606841377225,2.9622540459259223,0.6505222128551714,0.0,-2.019717679590177
242,243.0,0.7853350849491179,8.801114131425587,0.23244333613917778,0.37763065233465587,0.07148147130460296,0.10105265339317131,0.8915596590267235,-28.089590081595887
243,244.0,0.25933332641570195,2.6403690099782584,0.23244333081252405,0.37763065028925985,0.07148147130460333,0.1010526533931716,0.8915596597094171,-28.08959008159585
244,245.0,0.26484471117782304,5.022825325114433,0.26489791306519106,5.022821950036418,2.962253144421413,0.6505221138682608,4.3852827247281567e-07,-2.0197198099046023
245,246.0,0.1585739550619033,8.637236527460226,0.1585739550619033,8.637236527460226,2.9622540459259223,0.6505222128551714,0.0,-2.019717679590177
246,247.0,0.46002595450907136,6.093323129267759,0.2324433093944574,0.37763061527487635,0.07148147130461308,0.10105265339317847,0.8915596681455182,-28.089590081594892
247,248.0,0.461849887687115,3.3257547004637265,0.23244311591143246,0.37763120292520236,0.0714814713061327,0.1010526533942526,0.8915595523239991,-28.089590081446083
248,249.0,0.8092445590410753,9.411738239426576,0.2324432751665022,0.37763076677902446,0.07148147130467616,0.10105265339322304,0.8915596375559818,-28.089590081588717
249,250.0,0.9409799981146612,3.8778687717421167,0.23244333300940906,0.3776306329647667,0.07148147130460525,0.10105265339317294,0.8915596632873269,-28.08959008159566
250,251.0,0.484527169976658,4.195799220869017,0.23244333277425897,0.3776306224156268,0.07148147130460768,0.10105265339317467,0.8915596655392541,-28.089590081595418
251,252.0,0.5801579247115938,4.087394999488205,0.23244387979309633,0.37763041944718834,0.07148147130621534,0.101052653394311,0.8915596831662167,-28.08959008143799
252,253.0,0.9556374806361174,3.336406523412127,0.2324431377239793,0.3776313568050409,0.07148147130688909,0.10105265339478724,0.8915595186185672,-28.08959008137201
253,254.0,0.9225834592229206,4.8779878781534745,0.23244358565331874,0.377630853665873,0.07148147130499369,0.10105265339344748,0.8915596046316485,-28.089590081557617
254,255.0,0.3009421572424392,1.9362155813946047,0.23244277068445926,0.3776312183035273,0.07148147130755768,0.10105265339525984,0.8915595651398731,-28.08959008130654
255,256.0,0.8477019041287822,3.6229943524217565,0.23244329919081155,0.37763058893271845,0.07148147130462695,0.1010526533931883,0.8915596742168472,-28.089590081593535
256,257.0,0.5092231748619817,7.196467907660287,0.23244335122591758,0.37763064950411696,0.07148147130460365,0.10105265339317183,0.8915596589250753,-28.089590081595816
257,258.0,0.853862825343672,5.01858551577525,0.23244312697782693,0.3776312381743127,0.07148147130627483,0.10105265339435308,0.8915595443203465,-28.089590081432164
258,259.0,0.17066715631664453,5.7895284923710735,0.17066715631664453,5.7895284923710735,2.962254045924048,0.6505222128549655,1.0487166690609229e-12,-2.0197176795946064
259,260.0,0.5483492622831376,4.705403182910722,0.23244314657870752,0.3776309042519329,0.07148147130505351,0.10105265339348979,0.8915596143433179,-28.089590081551762
260,261.0,0.17490788622871367,3.3975916184982844,0.23244328569543343,0.37763057091025,0.07148147130464261,0.10105265339319934,0.8915596786741821,-28.089590081592
261,262.0,0.4140215039699977,8.68825447079665,0.4140215039699977,8.68825447079665,2.9622540082288955,0.6505222087159664,1.4805633496983717e-08,-2.0197177686707164
262,263.0,0.9743135713600483,2.949635247833567,0.23244333123830213,0.37763065708662424,0.07148147130460317,0.10105265339317147,0.8915596582456033,-28.08959008159586
263,264.0,0.3941382923797965,1.4922662199010637,0.23244330883571324,0.3776306195823103,0.07148147130461195,0.10105265339317769,0.8915596672565165,-28.089590081595006
264,265.0,0.4669443694029668,1.1994334274818927,0.23244323405499007,0.3776294419292252,0.07148147131058946,0.10105265339740284,0.8915599209108169,-28.089590081009646
265,266.0,0.4915303920103844,0.5113127627223031,0.23244343090857758,0.3776307622969223,0.07148147130467807,0.10105265339322439,0.8915596312516041,-28.089590081588533
266,267.0,0.8567636930984522,7.6161726346085725,0.2324440831580898,0.3776306529267239,0.07148147130705049,0.10105265339490133,0.891559624091126,-28.089590081356206
267,268.0,0.9763678443420587,5.125489001094626,0.23244334418541407,0.3776306271459384,0.0714814713046066,0.10105265339317387,0.8915596640027005,-28.089590081595524
268,269.0,0.40937630529102764,4.703522076795809,0.23244338064792866,0.37763055982827193,0.07148147130465131,0.10105265339320552,0.8915596766041551,-28.089590081591147
269,270.0,0.5166785042795645,2.7804096019217646,0.232443332442356,0.3776306442555905,0.07148147130460364,0.10105265339317177,0.89155966091522,-28.089590081595816
270,271.0,0.9322843211891113,5.668176533543766,0.23244314190176787,0.37763047634170716,0.0714814713048838,0.10105265339336984,0.891559705463234,-28.08959008156838
271,272.0,0.6505964812299979,2.376528068406855,0.2324427276310166,0.3776306983364129,0.07148147130628915,0.10105265339436323,0.8915596776044072,-28.089590081430764
272,273.0,0.4578395894968923,3.540682789536603,0.23244327674420492,0.3776305599512442,0.07148147130465443,0.10105265339320771,0.8915596814192871,-28.089590081590842
273,274.0,0.5035521143829166,5.512035489109817,0.23244298839121694,0.37763122337215216,0.07148147130660625,0.10105265339458733,0.8915595539212213,-28.089590081399706
274,275.0,0.02689690926959576,9.02614649683837,0.02689690926959576,9.02614649683837,2.9622540459259223,0.6505222128551714,0.0,-2.019717679590177
275,276.0,0.241457472782163,0.9874380997012235,0.23244333467065828,0.3776306711369481,0.07148147130460387,0.10105265339317196,0.8915596551009448,-28.089590081595794
276,277.0,0.376957499876734,2.3750738390494326,0.23244334973714442,0.37763069918118825,0.07148147130461037,0.10105265339317655,0.8915596484414624,-28.089590081595162
277,278.0,0.6405172913728024,9.974774916118138,0.23244316535914233,0.3776305996318977,0.07148147130474407,0.10105265339327106,0.8915596781795193,-28.089590081582067
278,279.0,0.7215907503065447,6.243762566639167,0.23244333414481239,0.37763059105621255,0.0714814713046203,0.10105265339318358,0.8915596721371247,-28.08959008159418
279,280.0,0.45474120598080636,1.1766836438664208,0.23244334880667075,0.37763067079370194,0.07148147130460387,0.10105265339317197,0.8915596545152163,-28.089590081595794
280,281.0,0.04880094060935258,1.2855647254465905,0.23244244801468242,0.3776308172097031,0.07148147130833514,0.10105265339580939,0.8915596653769938,-28.089590081230398
281,282.0,0.7636135288763196,0.9724394981614557,0.2324433394387958,0.3776300123148758,0.07148147130629916,0.10105265339437028,0.8915597948330919,-28.089590081429783
282,283.0,0.7975651770483111,5.092208030886044,0.23244334764432903,0.3776305994683965,0.07148147130461678,0.10105265339318109,0.8915596697211194,-28.08959008159453
283,284.0,0.7780132598635338,2.420858228879533,0.23244351119159296,0.3776307701016231,0.07148147130477113,0.10105265339329018,0.8915596258528762,-28.089590081579416
284,285.0,0.30876789004703475,9.468432960881731,0.30876789004703475,9.468432960881731,2.9622540459212336,0.6505222128546565,2.137512389310814e-12,-2.019717679601257
285,286.0,0.46522997448454173,1.1149012957215143,0.2324426202267716,0.3776297494940245,0.07148147130978957,0.10105265339683744,0.8915598841739316,-28.089590081087977
286,287.0,0.3269537501488263,1.533327974823141,0.2324433700900967,0.37763068635496666,0.07148147130460974,0.10105265339317612,0.8915596502178409,-28.08959008159522
287,288.0,0.14171047494800704,5.059298057411205,0.14171047494800704,5.059298057411205,2.9622540459249533,0.6505222128550651,5.646594303243546e-13,-2.0197176795924676
288,289.0,0.7266069526649888,9.433606577811892,0.2324433216672077,0.3776306845019912,0.07148147130460793,0.10105265339317482,0.8915596528676583,-28.089590081595396
289,290.0,0.5419479940577961,8.044511734360713,0.23244351775639674,0.377630524052567,0.07148147130483153,0.10105265339333291,0.8915596778154113,-28.089590081573505
290,291.0,0.6189309686162635,8.30181997497757,0.23244351848882575,0.3776306597981948,0.0714814713047435,0.10105265339327066,0.8915596489447284,-28.089590081582124
291,292.0,0.12578855494727725,2.394416535476815,0.232443332748435,0.37763066708502013,0.07148147130460354,0.10105265339317175,0.8915596560512654,-28.089590081595823
292,293.0,0.4620635514275768,5.832232971896797,0.23244326866322482,0.3776308041483532,0.07148147130472185,0.10105265339325538,0.8915596299205379,-28.08959008158424
293,294.0,0.540264556121915,2.3758831351263776,0.23244333864902494,0.37763068265675737,0.07148147130460566,0.10105265339317322,0.8915596524684073,-28.089590081595617
294,295.0,0.6962746114635326,9.528180301241052,0.23244341067454083,0.37763074006451275,0.07148147130464906,0.10105265339320389,0.8915596369172544,-28.089590081591368
295,296.0,0.7391891292761018,4.716592776732506,0.23244335903098431,0.3776306556108623,0.07148147130460443,0.10105265339317236,0.8915596572641434,-28.089590081595738
296,297.0,0.8629704785878322,7.935759015948215,0.2324429264959718,0.37763134937574844,0.07148147130752727,0.10105265339523836,0.8915595300372042,-28.089590081309517
297,298.0,0.4713033538071666,6.943461668161154,0.23244239052147755,0.37762941455623966,0.07148147131404986,0.10105265339984883,0.8915599660270326,-28.089590080670774
298,299.0,0.840823125951142,3.0365654584790787,0.2324433324355256,0.3776306488263582,0.07148147130460325,0.10105265339317154,0.8915596599445625,-28.08959008159586
299,300.0,0.7189862262415374,8.88260648049864,0.23244193859945889,0.3776285282175225,0.07148147132966254,0.10105265341088453,0.8915601753677,-28.089590079141864
300,301.0,0.9446084184085766,3.435076532171547,0.23244315940911942,0.37763050834013934,0.07148147130481793,0.1010526533933233,0.8915596978500445,-28.089590081574833
301,302.0,0.44908838091884706,9.340300821056694,0.44908838091884706,9.340300821056694,2.9622540069471577,0.6505222085752291,1.4608301346363817e-08,-2.019717771699548
302,303.0,0.5873923932435161,3.3079645346058815,0.23244372945469982,0.37762981055068473,0.07148147130843735,0.10105265339588164,0.8915598195194722,-28.089590081220393
303,304.0,0.9643288292902836,3.350169154215752,0.2324432672134495,0.37763149173106103,0.07148147130751943,0.1010526533952328,0.8915594839230423,-28.089590081310277
304,305.0,0.6407518013824369,9.044386091218838,0.23244352227073609,0.37763077052341515,0.07148147130478791,0.10105265339330205,0.8915596252470382,-28.089590081577775
305,306.0,0.410383407725337,2.466754844467267,0.23244334354164908,0.37763069323073045,0.07148147130460822,0.10105265339317503,0.8915596499941971,-28.089590081595368
306,307.0,0.5169782433681493,8.527698117223434,0.5170442350244014,8.527693676331703,2.9622517611876056,0.6505219619865272,7.852744419167834e-07,-2.0197230785782914
307,308.0,0.6181340114443208,1.1111075663284213,0.232443340801588,0.37763063662993357,0.0714814713046045,0.10105265339317238,0.8915596621456652,-28.08959008159573
308,309.0,0.47744307756156357,6.882643757648354,0.23244402158544902,0.3776283254511922,0.07148147133001193,0.10105265341113152,0.8915601213794198,-28.08959007910765
309,310.0,0.07637851889820702,8.61723773920234,0.07637851889820702,8.61723773920234,2.9622540459259223,0.6505222128551714,0.0,-2.019717679590177
310,311.0,0.3652830358783261,4.488051873566628,0.23244347754519307,0.37763078749002643,0.07148147130474353,0.10105265339327067,0.8915596237267902,-28.089590081582116
311,312.0,0.5929276470216022,9.011279482571606,0.23244333291845895,0.37763065279090036,0.07148147130460313,0.10105265339317142,0.8915596590798669,-28.089590081595865
312,313.0,0.6521801660066342,2.5285375109563244,0.23244333439428583,0.37763065091897124,0.07148147130460306,0.10105265339317139,0.8915596594087601,-28.089590081595873
313,314.0,0.008259549471209437,3.627283311347528,0.008259549471209437,3.627283311347528,2.9622540459259223,0.6505222128551714,0.0,-2.019717679590177
314,315.0,0.23117667925730645,4.967103825106602,0.23117667925730645,4.967103825106602,2.962253928670124,0.6505221999802624,5.998460006484407e-08,-2.0197179566733006
315,316.0,0.562009218692387,0.8753612013068945,0.23244265290684804,0.37763141183538074,0.07148147130939786,0.10105265339656055,0.8915595295132912,-28.08959008112633
316,317.0,0.9421324741364716,5.22174485954699,0.2324433461066919,0.37763056466110606,0.07148147130463803,0.10105265339319612,0.8915596771869277,-28.089590081592448
317,318.0,0.6319604361312755,7.844261910286271,0.23244406400624507,0.37763081627199424,0.0714814713069448,0.10105265339482665,0.8915595902844051,-28.08959008136656
318,319.0,0.5965674652082018,8.00781177293639,0.23244339243011672,0.3776306737408121,0.07148147130461557,0.10105265339318023,0.8915596518565763,-28.08959008159465
319,320.0,0.7665095571780141,6.8333939396728995,0.2324433033853997,0.37763057169568454,0.07148147130463603,0.10105265339319469,0.8915596776830994,-28.089590081592647
320,321.0,0.722821843691979,0.20203058896779255,0.2324433336366759,0.37763065481180974,0.07148147130460297,0.10105265339317133,0.8915596586170977,-28.08959008159588
321,322.0,0.1738567993980069,1.5628632141240564,0.2324432387143569,0.37763084025249144,0.07148147130479937,0.10105265339331017,0.8915596236462227,-28.089590081576652
322,323.0,0.0447768657599934,0.0531015254201585,0.232444433315324,0.37763497483021785,0.07148147138268561,0.10105265344836367,0.891558689666584,-28.089590073949445
323,324.0,0.5687498207868128,7.220379415667218,0.2324432780533597,0.3776305054915226,0.07148147130470653,0.1010526533932445,0.891559692927259,-28.08959008158574
324,325.0,0.3517183325502491,0.23916362611339814,0.2324434377206356,0.37763095638422783,0.07148147130499101,0.10105265339344562,0.8915595897039323,-28.08959008155788
325,326.0,0.5663401040959236,2.878664779504895,0.2324442395929675,0.3776310799730616,0.07148147130864414,0.1010526533960278,0.8915595260838134,-28.089590081200143
326,327.0,0.006656721233811003,5.474806936062184,0.006656721233811003,5.474806936062184,2.9622540459259223,0.6505222128551714,0.0,-2.019717679590177
327,328.0,0.485863251319383,8.22427982203252,0.4859146324409897,8.224276446954804,2.9622524092476508,0.6505220331447715,5.848772193228768e-07,-2.0197215471690164
328,329.0,0.5336129988603234,1.9091473749392798,0.2324423324149899,0.3776310670916203,0.07148147131008542,0.1010526533970466,0.8915596176777381,-28.089590081059
329,330.0,0.2182709625572392,9.9647314353842,0.2182709625572392,9.9647314353842,2.9622540459259223,0.6505222128551714,0.0,-2.019717679590177
330,331.0,0.8218894102203791,6.891692516798902,0.23244322113583699,0.3776305306112574,0.07148147130471957,0.10105265339325371,0.8915596902429757,-28.08959008158447
331,332.0,0.8615750099826069,6.275723496626757,0.23244330808616298,0.3776306725849651,0.07148147130460875,0.10105265339317543,0.8915596560319948,-28.08959008159532
332,333.0,0.6809073682478566,2.201717530166007,0.23244277068445926,0.3776312183035273,0.07148147130755768,0.10105265339525984,0.8915595651398731,-28.08959008130654
333,334.0,0.4430925859440591,9.936022695549331,0.4430925859440591,9.936022695549331,2.962254038068333,0.6505222119923931,2.968207457598737e-09,-2.019717698158174
334,335.0,0.7459975285351457,8.602120856807693,0.23244319004369413,0.377630811950997,0.07148147130481773,0.10105265339332313,0.8915596319259969,-28.089590081574855
335,336.0,0.13225758805526378,8.444527827074957,0.13225758805526378,8.444527827074957,2.9622540459259223,0.6505222128551714,0.0,-2.019717679590177
336,337.0,0.15458067674513454,7.896049687043592,0.15458067674513454,7.896049687043592,2.9622540459259223,0.6505222128551714,0.0,-2.019717679590177
337,338.0,0.7637464245412211,0.7857512573415569,0.23244287772387112,0.3776302556604462,0.07148147130607282,0.10105265339421027,0.8915597646512026,-28.089590081451945
338,339.0,0.025630751281826458,2.669422540849084,0.025630751281826458,2.669422540849084,2.9622540459259223,0.6505222128551714,0.0,-2.019717679590177
339,340.0,0.07007907272906755,8.41135072348514,0.07007907272906755,8.41135072348514,2.9622540459259223,0.6505222128551714,0.0,-2.019717679590177
340,341.0,0.2309790577261841,8.47254981946773,0.2309790577261841,8.47254981946773,2.9622540459258926,0.6505222128551682,1.509903313490213e-14,-2.019717679590247
341,342.0,0.2060192034901921,2.1590125371303124,0.2324432779992545,0.3776305102898706,0.0714814713047009,0.10105265339324054,0.8915596919104591,-28.089590081586294
342,343.0,0.4307788564595394,8.988497350710423,0.4307788564595394,8.988497350710423,2.9622540065810625,0.6505222085350312,1.5107879836051552e-08,-2.019717772564654
343,344.0,0.9253509053128937,9.606024173494058,0.23244333742656542,0.3776306561772949,0.07148147130460289,0.10105265339317125,0.8915596581504417,-28.089590081595894
344,345.0,0.9109619183127888,2.2202375910471615,0.23244277068445926,0.3776312183035273,0.07148147130755768,0.10105265339525984,0.8915595651398731,-28.08959008130654
345,346.0,0.7967259561531159,6.167851005608319,0.23244334241711553,0.3776306955270341,0.07148147130460895,0.10105265339317555,0.8915596495587852,-28.089590081595297
346,347.0,0.5791744992060944,4.956897411669231,0.23244353582771718,0.3776306400488212,0.07148147130477607,0.10105265339329371,0.8915596523321834,-28.089590081578933
347,348.0,0.5651978045585314,2.1789456642695817,0.23244333588935331,0.37763064740263996,0.07148147130460321,0.10105265339317152,0.8915596600860799,-28.08959008159586
348,349.0,0.5944572534777114,3.49999986662349,0.23244332468522594,0.3776306301377373,0.07148147130460644,0.10105265339317379,0.8915596642757293,-28.089590081595546
349,350.0,0.9242934586725398,4.349251392396049,0.23244398953363127,0.3776303090063002,0.07148147130712773,0.10105265339495594,0.8915597015128701,-28.08959008134864
350,351.0,0.8986501838125267,9.904081681892825,0.23244333941198358,0.3776306598001222,0.0714814713046029,0.10105265339317131,0.8915596572883311,-28.089590081595887
351,352.0,0.3190538597315363,4.34220123122246,0.23244302604904568,0.377631575748876,0.07148147130869892,0.10105265339606653,0.8915594773100526,-28.08959008119477
352,353.0,0.5487853130656332,0.40546075456295405,0.23244334973838676,0.37763064191026247,0.07148147130460424,0.10105265339317224,0.8915596606075591,-28.08959008159576
353,354.0,0.9067848161818147,6.48676455599658,0.23244309978290167,0.37763086518969613,0.07148147130507218,0.10105265339350297,0.8915596248216211,-28.089590081549936
354,355.0,0.7178206814874603,7.84684801849737,0.2324430635735117,0.3776302987058432,0.07148147130539356,0.10105265339373015,0.8915597468482177,-28.089590081518466
355,356.0,0.6242555410311109,7.4373235390608725,0.2324443074467189,0.37762956074237497,0.0714814713144194,0.10105265340011003,0.8915598456476019,-28.089590080634586
356,357.0,0.3460758642264168,6.058130811348057,0.34615477887904866,6.058125571095349,2.9622522278230043,0.6505220132239958,7.850396103181723e-07,-2.0197219758875686
357,358.0,0.13486276402653397,6.9547855386302135,0.13486276402653397,6.9547855386302135,2.9622540459259223,0.6505222128551714,0.0,-2.019717679590177
358,359.0,0.8929238513165237,1.9822512683110045,0.23244277068445926,0.3776312183035273,0.07148147130755768,0.10105265339525984,0.8915595651398731,-28.08959008130654
359,360.0,0.47648558753168646,0.26618774239443155,0.23244353136512616,0.3776306356317579,0.07148147130476963,0.10105265339328912,0.891559653478443,-28.08959008157956
360,361.0,0.39342498780244395,1.4999712531631793,0.2324433137171147,0.37763061550253496,0.07148147130461203,0.10105265339317776,0.8915596678957498,-28.089590081595
361,362.0,0.4610626575067416,7.036623339820569,0.23244355764441346,0.37763165077823835,0.0714814713086947,0.10105265339606356,0.8915594366047966,-28.08959008119519
362,363.0,0.2876761837220003,7.745972963121879,0.2876761837220003,7.745972963121879,2.9622540456841566,0.650522212828625,1.1368983532378252e-10,-2.0197176801614845
363,364.0,0.8248900920937211,9.294110887829051,0.23244312361469235,0.37763055558570763,0.07148147130483623,0.10105265339333623,0.8915596894812736,-28.089590081573036
364,365.0,0.22214757111759986,3.610380067377931,0.23244296978982304,0.3776318025406838,0.07148147131088084,0.10105265339760883,0.891559431752452,-28.089590080981104
365,366.0,0.172608113908582,5.975219224860361,0.172608113908582,5.975219224860361,2.9622540459250413,0.6505222128550747,4.914957330015568e-13,-2.019717679592259
366,367.0,0.7211668452683423,8.24517518941065,0.23244339069319775,0.37763080368569196,0.07148147130469715,0.1010526533932379,0.8915596243331139,-28.089590081586664
367,368.0,0.40760000851686495,2.603807432955307,0.23244333118923277,0.37763064972432936,0.07148147130460332,0.10105265339317158,0.8915596598118741,-28.08959008159585
368,369.0,0.6724732329268629,4.647063903315644,0.23244332131043957,0.3776305899151332,0.07148147130462171,0.10105265339318456,0.8915596729775247,-28.089590081594046
369,370.0,0.6422605726366344,6.504264699219479,0.2324427297380124,0.37763130879207407,0.07148147130827673,0.10105265339576809,0.8915595478243672,-28.089590081236118
370,371.0,0.7753178728170319,0.7080329329980287,0.23244506181902713,0.37763135563094147,0.07148147131886019,0.10105265340324898,0.8915594292038148,-28.089590080199713
371,372.0,0.5747289637145074,3.7410094631698114,0.23244329609480316,0.37763058505842206,0.07148147130463005,0.10105265339319046,0.8915596751841233,-28.08959008159323
372,373.0,0.6368460922668006,1.5714436241010088,0.23244356522177975,0.37763076846117993,0.07148147130486031,0.10105265339335323,0.8915596236837882,-28.089590081570684
373,374.0,0.40392138438026404,5.708859576292406,0.2324430668577057,0.37763065660087636,0.0714814713049333,0.10105265339340486,0.8915596706666998,-28.08959008156353
374,375.0,0.6966683263455196,2.654774520687062,0.23244277068445926,0.3776312183035273,0.07148147130755768,0.10105265339525984,0.8915595651398731,-28.08959008130654
375,376.0,0.4614746935724007,4.709754840331638,0.23244347142816246,0.3776306531114129,0.07148147130467965,0.10105265339322551,0.8915596525580222,-28.089590081588376
376,377.0,0.8211989998004781,2.8786514973795168,0.23244333269076145,0.3776306640395921,0.07148147130460333,0.10105265339317158,0.8915596567008979,-28.08959008159585
377,378.0,0.9001376527997239,2.4140599634734463,0.23244438339993245,0.37763034911981225,0.07148147131004158,0.10105265339701558,0.8915596746351644,-28.089590081063292
378,379.0,0.6281102706237789,4.8392316422444495,0.23244324471154196,0.3776306406251701,0.07148147130464301,0.1010526533931996,0.8915596657740619,-28.089590081591965
379,380.0,0.5047805693343002,2.350963047342855,0.23244302601537814,0.377630073080605,0.07148147130629916,0.10105265339437028,0.8915597965281302,-28.089590081429783
380,381.0,0.4252689512697704,1.7193517294682947,0.2324435374386706,0.37763058406498323,0.07148147130480731,0.10105265339331573,0.8915596641498093,-28.08959008157587
381,382.0,0.08822420106212814,5.845642873656696,0.08822420106212814,5.845642873656696,2.9622540459259223,0.6505222128551714,0.0,-2.019717679590177
382,383.0,0.22970780903860155,5.1375793600317525,0.22970780903860155,5.1375793600317525,2.962253996055284,0.6505222073792809,2.5568378969609284e-08,-2.0197177974377567
383,384.0,0.5303098352892686,1.1090200309618174,0.23244327632015435,0.37763077769749426,0.07148147130468623,0.10105265339323016,0.8915596351827977,-28.08959008158773
384,385.0,0.29833521064148083,7.93932348968639,0.29833521064148083,7.93932348968639,2.9622540456285025,0.6505222128225141,1.3767531559238932e-10,-2.0197176802930006
385,386.0,0.9264817010269863,8.627295382675422,0.2324433174616894,0.37763053860260004,0.07148147130466014,0.10105265339321175,0.8915596840572526,-28.089590081590288
386,387.0,0.4615502379447858,0.1658703344337367,0.23244279378680793,0.3776308381057093,0.07148147130613013,0.10105265339425078,0.8915596448307551,-28.08959008144633
387,388.0,0.5303616875568024,3.32578424436088,0.23244314662440985,0.3776307531606853,0.07148147130481998,0.10105265339332474,0.8915596464379031,-28.089590081574627
388,389.0,0.9227728658468694,4.507881282176276,0.23244262200420066,0.3776309497291285,0.07148147130738858,0.10105265339514034,0.8915596291204425,-28.089590081323095
389,390.0,0.6615729019212365,7.1151940747631,0.2324432653972764,0.37763063712536327,0.07148147130462801,0.10105265339318904,0.8915596655537349,-28.08959008159343
390,391.0,0.07665168771799691,0.8254145460884693,0.23244397213466725,0.37763026506189046,0.07148147130717739,0.10105265339499106,0.8915597116587654,-28.08959008134378
391,392.0,0.01531344229310494,7.204766536508701,0.01531344229310494,7.204766536508701,2.9622540459259223,0.6505222128551714,0.0,-2.019717679590177
392,393.0,0.38670560904974305,1.9055330546612477,0.23244355205338071,0.37763079315137227,0.07148147130485713,0.10105265339335097,0.8915596190524194,-28.08959008157099
393,394.0,0.5989730472137346,0.8009872616081951,0.23244329235380273,0.3776305417100296,0.07148147130466295,0.1010526533932137,0.8915596845669991,-28.08959008159001
394,395.0,0.31814331749183355,5.50333577978915,0.23244298992833076,0.3776311994830001,0.07148147130648655,0.10105265339450271,0.8915595589244776,-28.08959008141143
395,396.0,0.6761022157617271,6.185180794892369,0.2324434368399854,0.37763065675903446,0.07148147130464437,0.10105265339320058,0.8915596533947877,-28.08959008159183
396,397.0,0.003192391327939692,6.085776925441371,0.003192391327939692,6.085776925441371,2.9622540459259223,0.6505222128551714,0.0,-2.019717679590177
397,398.0,0.35334638758876746,3.324656589941749,0.23244320384474065,0.3776307072940864,0.07148147130470042,0.10105265339324021,0.8915596535155033,-28.089590081586337
398,399.0,0.39205961046741056,0.03931176319109809,0.2324432968629466,0.37763047921318277,0.07148147130473423,0.10105265339326411,0.8915596976332056,-28.089590081583026
399,400.0,0.5360992526556978,1.1640777070662633,0.2324436196938658,0.3776308141827899,0.07148147130501882,0.10105265339346527,0.8915596114329142,-28.08959008155516
400,401.0,0.39097518626650174,6.942072002361168,0.3910179964663538,6.94206924900805,2.962252973835741,0.6505220951376277,4.345566488872521e-07,-2.019720213009834
401,402.0,0.8804298138461993,9.228397408586943,0.23244265936233233,0.3776298889026853,0.07148147130868669,0.10105265339605789,0.8915598527356993,-28.089590081195972
402,403.0,0.0363258701207988,2.072365000196096,0.0363258701207988,2.072365000196096,2.9622540459256177,0.6505222128551379,1.9972912213006566e-13,-2.0197176795908973
403,404.0,0.3039286888756859,5.586944158352153,0.30398291216823714,5.5869406500473735,2.9622529848485164,0.6505220963468515,4.871060192979115e-07,-2.019720186985916
404,405.0,0.5734788088851935,2.318997224608543,0.23244277068445926,0.3776312183035273,0.07148147130755768,0.10105265339525984,0.8915595651398731,-28.08959008130654
405,406.0,0.1445706563652701,7.651863243428403,0.1445706563652701,7.651863243428403,2.9622540459259223,0.6505222128551714,0.0,-2.019717679590177
406,407.0,0.697363488853033,0.049964976635799616,0.23244347888060327,0.37763068341647715,0.07148147130468847,0.10105265339323177,0.8915596457730359,-28.08959008158751
407,408.0,0.01220833747614647,2.9835696487722063,0.01220833747614647,2.9835696487722063,2.9622540459259223,0.6505222128551714,0.0,-2.019717679590177
408,409.0,0.2622745441433233,6.195618869883368,0.2622745441433233,6.195618869883368,2.9622540371173294,0.6505222118879712,4.301653255822657e-09,-2.019717700405458
409,410.0,0.3856461062220795,4.029865293284369,0.23244390702261936,0.3776304210522286,0.07148147130634967,0.10105265339440594,0.8915596815563188,-28.08959008142483
410,411.0,0.615657464985196,2.5722827539006894,0.23244277068445926,0.3776312183035273,0.07148147130755768,0.10105265339525984,0.8915595651398731,-28.08959008130654
411,412.0,0.6838942424733216,7.270561096958265,0.23244226935815013,0.37763041519592117,0.07148147130973138,0.10105265339679632,0.8915597591008952,-28.089590081093668
412,413.0,0.0664609132256262,9.146108905703496,0.0664609132256262,9.146108905703496,2.9622540459259223,0.6505222128551714,0.0,-2.019717679590177
413,414.0,0.8095196814121656,6.438997828603434,0.23244237165969375,0.37763427505788866,0.07148147136478009,0.10105265343570721,0.8915589343537935,-28.089590075702894
414,415.0,0.764982724714859,9.012208372400448,0.23244330288597317,0.3776306951589405,0.07148147130461602,0.10105265339318052,0.8915596514788565,-28.089590081594608
415,416.0,0.13710659766454047,9.935721718865178,0.13710659766454047,9.935721718865178,2.9622540459259223,0.6505222128551714,0.0,-2.019717679590177
416,417.0,0.4079716127823124,4.342113382085217,0.2324429401648793,0.3776319329307277,0.07148147131233434,0.1010526533986362,0.8915594054330717,-28.089590080838768
417,418.0,0.4896299704834567,3.335051205639353,0.2324433269192784,0.37763063266600644,0.07148147130460573,0.10105265339317328,0.891559663634553,-28.089590081595617
418,419.0,0.33194820340098274,7.024108879743145,0.33194820340098274,7.024108879743145,2.962253993964236,0.6505222071496798,2.2900304319506404e-08,-2.0197178023790414
419,420.0,0.0028216261518833052,9.721766254130916,0.0028216261518833052,9.721766254130916,2.9622540459259223,0.6505222128551714,0.0,-2.019717679590177
420,421.0,0.35667681809717244,8.733512447451595,0.35667681809717244,8.733512447451595,2.9622540443581533,0.6505222126830273,6.668540164511683e-10,-2.0197176832949184
421,422.0,0.5990950499745257,0.7611880371371206,0.23244321808733942,0.37763049528974485,0.07148147130476096,0.10105265339328298,0.8915596978884271,-28.08959008158041
422,423.0,0.49320280680521966,1.7353867468066881,0.2324432992721687,0.3776306076799179,0.07148147130461854,0.10105265339318235,0.8915596702305573,-28.08959008159436
423,424.0,0.22045011050808527,3.941094966905149,0.2324438799145485,0.3776304200342358,0.07148147130621456,0.10105265339431048,0.8915596830358508,-28.08959008143806
424,425.0,0.6311668134037558,5.865499058548345,0.2324433449145477,0.37763060181585073,0.07148147130461546,0.10105265339318019,0.8915596693496368,-28.089590081594665
425,426.0,0.6074917212131998,7.376458819035207,0.23244330243289532,0.3776289014203526,0.07148147131715078,0.10105265340204068,0.8915600325445692,-28.08959008036711
426,427.0,0.4164703537643213,6.394456748296853,0.23244324296457022,0.377630588501648,0.07148147130465878,0.10105265339321078,0.8915596769281577,-28.089590081590416
427,428.0,0.3774849138225075,2.786230772434094,0.23244277068445926,0.3776312183035273,0.07148147130755768,0.10105265339525984,0.8915595651398731,-28.08959008130654
428,429.0,0.44965113700826,9.700529424155983,0.44965113700826,9.700529424155983,2.9622540280104124,0.6505222108880144,6.709336086707651e-09,-2.0197177219256988
429,430.0,0.4079334578795515,4.650653573550603,0.2324442556721456,0.37763111290232126,0.0714814713088651,0.10105265339618397,0.8915595183393431,-28.089590081178507
430,431.0,0.9378516633097669,1.844426654889534,0.23244674409783855,0.3776317274617119,0.0714814713579765,0.10105265343089813,0.8915592717843164,-28.08959007636915
431,432.0,0.2840217799893293,4.958990148655046,0.23244331282953026,0.377630679003953,0.07148147130460858,0.1010526533931753,0.8915596544473904,-28.089590081595333
432,433.0,0.8198534706533009,5.99716013460839,0.2324433516460224,0.37763069836988916,0.0714814713046102,0.10105265339317646,0.8915596485248668,-28.089590081595176
433,434.0,0.6834325772916932,4.15691936492498,0.23244333289977606,0.3776306387766243,0.07148147130460426,0.10105265339317224,0.891559662057813,-28.08959008159576
434,435.0,0.6753356790687406,6.893281700238807,0.23244324541140285,0.3776305273504137,0.07148147130470199,0.1010526533932413,0.8915596898046227,-28.089590081586188
435,436.0,0.1649373297785165,8.812838204021896,0.1649373297785165,8.812838204021896,2.9622540459259223,0.6505222128551714,0.0,-2.019717679590177
436,437.0,0.5304132715566802,9.945512482654573,0.5304132715566802,9.945512482654573,2.962253815920989,0.6505221876001933,7.776989530139389e-08,-2.019718223106895
437,438.0,0.024619177054791108,5.336924255973904,0.024619177054791108,5.336924255973904,2.9622540459259223,0.6505222128551714,0.0,-2.019717679590177
438,439.0,0.927272572191446,1.4835670751119387,0.2324433025667844,0.37763032766246024,0.07148147130504252,0.10105265339348206,0.8915597295615697,-28.089590081552842
439,440.0,0.6752827794814785,4.302074281223337,0.2324441666318178,0.3776307278230963,0.07148147130760696,0.10105265339529472,0.8915596042908154,-28.089590081301708
440,441.0,0.7769651883019377,6.840377467639925,0.23244325179150632,0.37763097741092416,0.07148147130507804,0.10105265339350712,0.8915595939000485,-28.08959008154936
441,442.0,0.45588345621268034,6.504159298723045,0.23244262324927153,0.3776314749278094,0.07148147131003663,0.10105265339701212,0.8915595174916936,-28.089590081063776
442,443.0,0.07205853701519227,7.472411578898868,0.07205853701519227,7.472411578898868,2.9622540459259223,0.6505222128551714,0.0,-2.019717679590177
443,444.0,0.3032634819050235,4.254446034377018,0.23244394381509384,0.37763033055681355,0.07148147130679378,0.10105265339471989,0.8915596990655459,-28.089590081381345
444,445.0,0.4405830229345167,9.366318951889046,0.4405830229345167,9.366318951889046,2.962254020462903,0.6505222100592836,9.650671040084546e-09,-2.0197177397609565
445,446.0,0.7360859621215041,7.571068187305037,0.23244305881425828,0.3776310897520612,0.07148147130580719,0.10105265339402253,0.8915595790258067,-28.089590081477958
446,447.0,0.007658252427952483,7.7086478543302555,0.007658252427952483,7.7086478543302555,2.9622540459259223,0.6505222128551714,0.0,-2.019717679590177
447,448.0,0.08809210825998781,7.829987727621762,0.08809210825998781,7.829987727621762,2.9622540459259223,0.6505222128551714,0.0,-2.019717679590177
448,449.0,0.8350899853144239,7.982997120481398,0.23244348505963763,0.3776311457696045,0.07148147130562228,0.1010526533938918,0.8915595472667722,-28.089590081496063
449,450.0,0.9794128737851236,7.994282888279654,0.23244351056380905,0.3776305249974028,0.07148147130481866,0.1010526533933238,0.8915596779498467,-28.089590081574762
450,451.0,0.4282632188509099,9.243492636596814,0.4282632188509099,9.243492636596814,2.9622540265221717,0.6505222107246028,7.475903340825596e-09,-2.0197177254425087
451,452.0,0.5139263758498736,0.01806428356971172,0.23244305550843355,0.3776308567518675,0.07148147130516593,0.10105265339356925,0.8915596286768049,-28.08959008154075
452,453.0,0.6090271906041912,7.959667836849632,0.2324438268825405,0.3776306384419877,0.07148147130566025,0.10105265339391867,0.8915596391109515,-28.089590081492346
453,454.0,0.9340934885311102,1.200351086918536,0.23244338647474008,0.3776306384578879,0.07148147130461435,0.10105265339317934,0.8915596596292634,-28.089590081594764
454,455.0,0.3965117470374566,6.787859103630507,0.3965862652069087,6.787854129831326,2.9622520756240034,0.6505219965122518,7.925159358768141e-07,-2.0197223355439906
455,456.0,0.20846174590253264,2.9976888332665577,0.232443207242994,0.3776314717759814,0.07148147130747368,0.1010526533952005,0.8915594909561203,-28.08959008131476
456,457.0,0.32522520541141653,9.837992200147307,0.32522520541141653,9.837992200147307,2.962254045919742,0.6505222128544927,2.7503554989039003e-12,-2.019717679604782
457,458.0,0.39585733670494627,0.8291341323463585,0.2324431527161221,0.37763046720923366,0.0714814713048793,0.10105265339336662,0.8915597068994061,-28.089590081568822
458,459.0,0.862962318686684,8.863732679700117,0.23244278769983368,0.377630170887457,0.0714814713067248,0.10105265339467116,0.8915597868538586,-28.089590081388103
459,460.0,0.24195584360885625,6.24526732753755,0.24195584360885625,6.24526732753755,2.9622540446184384,0.6505222127116072,6.581823974727286e-10,-2.019717682679847
460,461.0,0.20392199778949982,1.0044092901459196,0.2324450715000052,0.3776303245996744,0.07148147131874438,0.10105265340316712,0.891559647769485,-28.089590080211053
461,462.0,0.49362455677665584,7.043242770552643,0.23244335261839066,0.37763062356584176,0.07148147130460833,0.10105265339317508,0.8915596643703027,-28.08959008159536
462,463.0,0.026077783196612137,8.854851776561325,0.026077783196612137,8.854851776561325,2.9622540459259223,0.6505222128551714,0.0,-2.019717679590177
463,464.0,0.7568232768159315,7.505695268489993,0.23244332895852568,0.37763067614152357,0.07148147130460508,0.10105265339317285,0.8915596543039613,-28.089590081595674
464,465.0,0.9405140745947341,5.543888705409647,0.23244410373861038,0.3776315405431255,0.07148147130989138,0.10105265339690943,0.8915594345762534,-28.089590081078
465,466.0,0.08875015853176116,9.584384349453655,0.08875015853176116,9.584384349453655,2.9622540459259223,0.6505222128551714,0.0,-2.019717679590177
466,467.0,0.8991703224164959,9.353173560554893,0.23244337306712465,0.37763081582729974,0.07148147130470738,0.10105265339324512,0.8915596225751099,-28.089590081585662
467,468.0,0.5043294982404138,2.0071106775959624,0.2324434510056453,0.3776306054840916,0.07148147130467217,0.10105265339322025,0.8915596636271362,-28.089590081589108
468,469.0,0.6842171602594012,5.605470835884884,0.23244365594647107,0.3776309495373055,0.07148147130532853,0.1010526533936842,0.8915595809902015,-28.089590081524832
469,470.0,0.5439679943437867,6.458347657242087,0.2324423137385879,0.377634117226487,0.07148147136076063,0.10105265343286611,0.8915589705808598,-28.089590076096506
470,471.0,0.8056768214837841,0.4691702817474127,0.23244308641282127,0.3776309804482888,0.07148147130537524,0.1010526533937172,0.8915596009597913,-28.089590081520257
471,472.0,0.27166280091118555,1.5569476842663534,0.23244357347484196,0.37763101227144386,0.07148147130530104,0.10105265339366473,0.8915595715063518,-28.08959008152752
472,473.0,0.7528010436948218,7.302484167161737,0.23244320314297623,0.377630291277414,0.07148147130519536,0.10105265339359006,0.8915597419234141,-28.08959008153787
473,474.0,0.3770443460762706,1.429959877182649,0.2324432616390785,0.37763058623865153,0.07148147130464631,0.10105265339320196,0.8915596765387974,-28.089590081591638
474,475.0,0.45327016379975016,9.607126112151509,0.45327016379975016,9.607126112151509,2.962254020144691,0.6505222100243433,9.609305129387735e-09,-2.019717740512913
475,476.0,0.41628523838514253,7.2634730557399685,0.41633288915738453,7.263469947115481,2.9622527624123496,0.650522071922934,5.025268406955163e-07,-2.01972071261733
476,477.0,0.54116853590009,9.995964577113309,0.54116853590009,9.995964577113309,2.962253750633891,0.6505221804315461,9.855347105069967e-08,-2.0197183773845895
477,478.0,0.17957953812943295,4.637923864850426,0.17957953812943295,4.637923864850426,2.9622540412200173,0.6505222123384541,2.5986742757666548e-09,-2.0197176907105376
478,479.0,0.014912457726455663,4.159706345309946,0.014912457726455663,4.159706345309946,2.9622540459259223,0.6505222128551714,0.0,-2.019717679590177
479,480.0,0.3062936125405199,5.7654982512283945,0.30632842913459046,5.765496030782332,2.962253378547136,0.6505221395757121,3.053178974088411e-07,-2.019719256650065
480,481.0,0.18638857344773407,0.8445274293768932,0.23244333232204736,0.37763064863655615,0.07148147130460333,0.10105265339317158,0.8915596599901698,-28.08959008159585
481,482.0,0.36654970694061395,9.380309546357394,0.36654970694061395,9.380309546357394,2.962254045438348,0.6505222128016347,2.0450963145179912e-10,-2.019717680742348
482,483.0,0.5426956020375597,1.9703936964310445,0.23244324303371713,0.3776305200681833,0.07148147130471123,0.10105265339324783,0.8915596914623827,-28.08959008158528
483,484.0,0.7331243561844663,4.004646653328834,0.2324438793944051,0.37763041975013434,0.07148147130621264,0.10105265339430912,0.8915596831204418,-28.089590081438246
484,485.0,0.1621071240630455,8.859180641487248,0.1621071240630455,8.859180641487248,2.9622540459259223,0.6505222128551714,0.0,-2.019717679590177
485,486.0,0.7937026866547571,1.1492805234847867,0.23244334095913846,0.377630641660781,0.07148147130460375,0.10105265339317192,0.8915596610696133,-28.08959008159581
486,487.0,0.7329523182693527,9.765325094544197,0.2324433384379294,0.3776306574670127,0.0714814713046028,0.10105265339317122,0.8915596578293419,-28.0895900815959
487,488.0,0.38943530117591874,8.826146627131315,0.38943530117591874,8.826146627131315,2.96225403795496,0.6505222119799445,3.2380089720618344e-09,-2.0197176984260823
488,489.0,0.443320851960193,8.544255258810638,0.443320851960193,8.544255258810638,2.9622538625571986,0.6505221927209378,6.924670958863288e-08,-2.019718112902475
489,490.0,0.09647819288554016,7.862394120020153,0.09647819288554016,7.862394120020153,2.9622540459259223,0.6505222128551714,0.0,-2.019717679590177
490,491.0,0.8787787058443709,9.607113342732509,0.23244333658568805,0.3776306552070789,0.07148147130460286,0.10105265339317125,0.8915596583957256,-28.089590081595894
491,492.0,0.4905943656552444,2.7841795483692326,0.23244333218318838,0.3776306480319981,0.0714814713046034,0.10105265339317164,0.8915596601250669,-28.089590081595844
492,493.0,0.9439385478485433,2.3045486100562367,0.23244337087703856,0.37763080048647696,0.07148147130468835,0.10105265339323168,0.8915596259360308,-28.089590081587524
493,494.0,0.43800261140533303,3.239217848828866,0.2324437821334781,0.3776317323419184,0.07148147130985351,0.10105265339688264,0.8915594088182838,-28.089590081081717
494,495.0,0.7258573448090765,3.56560750952507,0.23244331249101166,0.37763060860795816,0.07148147130461469,0.10105265339317962,0.8915596694175043,-28.089590081594736
495,496.0,0.18839383440411828,1.2522122927446167,0.2324433589052694,0.3776306598712617,0.07148147130460443,0.10105265339317233,0.8915596563649577,-28.089590081595738
496,497.0,0.24247937554006138,3.349264916109699,0.23244331130384324,0.3776307873906051,0.07148147130467901,0.10105265339322506,0.8915596314936992,-28.08959008158844
497,498.0,0.44906448595335957,5.986296096290116,0.23244335195205978,0.3776306977065008,0.07148147130460997,0.10105265339317629,0.8915596486515323,-28.089590081595198
498,499.0,0.9623433102829978,7.939157609537936,0.23244329872401834,0.37763064069181096,0.07148147130461097,0.10105265339317698,0.8915596632433238,-28.089590081595098
499,500.0,0.9415803718907074,6.0140918955042615,0.23244335105839406,0.3776306984563979,0.07148147130461016,0.10105265339317641,0.8915596485338693,-28.089590081595176
500,501.0,0.9597382423703908,0.8703650091994706,0.23244321788118938,0.37763064750102393,0.07148147130466848,0.10105265339321762,0.8915596655634914,-28.08959008158947
501,502.0,0.16600767614249512,6.259908438786238,0.16600767614249512,6.259908438786238,2.9622540459258726,0.650522212855166,2.808864252301646e-14,-2.019717679590295
502,503.0,0.9893573990646973,7.75123823027076,0.23244358030558074,0.3776302465027037,0.07148147130561704,0.10105265339388815,0.8915597338608102,-28.08959008149658
503,504.0,0.06415514874097694,7.1205156873562085,0.06415514874097694,7.1205156873562085,2.9622540459259223,0.6505222128551714,0.0,-2.019717679590177
504,505.0,0.3119803586710974,3.4145459126327062,0.23244327444401383,0.3776305565248058,0.07148147130465815,0.10105265339321032,0.8915596822543441,-28.08959008159048
505,506.0,0.5936794202697121,3.264911391363077,0.23244282058616406,0.377630447330178,0.07148147130589849,0.10105265339408707,0.8915597265961555,-28.08959008146902
506,507.0,0.65382375224419,9.914478157079985,0.23244333987499585,0.3776306604264307,0.07148147130460283,0.10105265339317122,0.8915596571337102,-28.0895900815959
507,508.0,0.5278854624654703,8.624703125503904,0.5279581154598367,8.624698196114084,2.96225145551199,0.6505219284227517,8.785013064782632e-07,-2.019723800910352
508,509.0,0.7117229407454405,3.436197037194153,0.23244321955544053,0.377630697397682,0.0714814713046774,0.10105265339322395,0.8915596548858321,-28.089590081588597
509,510.0,0.2233849557077875,5.381069885817383,0.2233849557077875,5.381069885817383,2.9622540359889795,0.6505222117640761,5.142925973977697e-09,-2.019717703071822
510,511.0,0.82959883503424,7.358483377785542,0.23244325543225955,0.37762898003727746,0.0714814713160191,0.10105265340124077,0.8915600180342445,-28.089590080477933
511,512.0,0.5931827000554155,8.944886244872297,0.23244329068648195,0.3776306355404725,0.07148147130461467,0.1010526533931796,0.8915596647121239,-28.089590081594736
512,513.0,0.731406713936264,9.86599351688354,0.23244333947243015,0.377630659397797,0.07148147130460285,0.10105265339317122,0.8915596573709814,-28.089590081595894
513,514.0,0.5100954486249684,6.792716363772058,0.23244352070515817,0.3776305362324159,0.07148147130482234,0.1010526533933264,0.8915596750906359,-28.0895900815744
514,515.0,0.14076109154421956,0.37523699799416715,0.2324433885772496,0.3776306442060918,0.07148147130461435,0.10105265339317937,0.8915596583101999,-28.089590081594764
515,516.0,0.40726917721585076,2.0184998484483163,0.23244334778788708,0.37763065670850715,0.07148147130460307,0.10105265339317139,0.8915596575548255,-28.089590081595873
516,517.0,0.8278946993214511,9.105138976568377,0.2324436577629128,0.3776309541079784,0.07148147130534324,0.10105265339369461,0.8915595799346098,-28.08959008152339
517,518.0,0.7725712133670303,7.804031068938053,0.23244341815867636,0.3776306881037526,0.0714814713046321,0.1010526533931919,0.8915596476066352,-28.08959008159303
518,519.0,0.2903252662065633,7.746620475379351,0.2903252662065633,7.746620475379351,2.9622540456258237,0.65052221282222,1.4056844577226002e-10,-2.0197176802993297
519,520.0,0.670769629272699,5.292178626669596,0.23244333340347825,0.37763062167840455,0.07148147130460784,0.10105265339317478,0.891559665666546,-28.08959008159541
520,521.0,0.7187811604723624,6.715950890551345,0.2324432467812881,0.37763059532861604,0.07148147130465261,0.10105265339320639,0.8915596753000619,-28.08959008159102
521,522.0,0.1433515592953395,5.691312172485554,0.1433515592953395,5.691312172485554,2.9622540459259064,0.6505222128551695,9.658940314238862e-15,-2.019717679590215
522,523.0,0.3215311146684392,8.535867163180797,0.3215311146684392,8.535867163180797,2.9622540456677804,0.6505222128268269,1.155001649877363e-10,-2.0197176802001833
523,524.0,0.02583199407964698,3.1609001614568593,0.02583199407964698,3.1609001614568593,2.9622540459259223,0.6505222128551714,0.0,-2.019717679590177
524,525.0,0.051426707475587974,0.4874709240916744,0.2324432869239828,0.37763061299110445,0.07148147130462142,0.10105265339318435,0.8915596696776318,-28.089590081594075
525,526.0,0.1560048774116244,5.042970290471954,0.1560048774116244,5.042970290471954,2.962254045910478,0.6505222128534756,8.824496688930594e-12,-2.019717679626674
526,527.0,0.9825784046555696,1.5721298286024183,0.23244336705333546,0.37763068180021475,0.07148147130460814,0.10105265339317498,0.8915596513269078,-28.089590081595375
527,528.0,0.814338350018088,5.4742262920390425,0.23244345131342517,0.3776306232359759,0.07148147130466491,0.1010526533932151,0.8915596598417428,-28.08959008158982
528,529.0,0.3400377573826455,5.416616565753127,0.23244569041066532,0.3776292753224449,0.07148147133920396,0.10105265341762884,0.8915598418034085,-28.0895900782075
529,530.0,0.15329320817563963,7.970624090320905,0.15329320817563963,7.970624090320905,2.9622540459259223,0.6505222128551714,0.0,-2.019717679590177
530,531.0,0.3145811348285287,3.821109752523889,0.23244394453346526,0.37763044918153144,0.07148147130648747,0.10105265339450338,0.8915596738327589,-28.089590081411338
531,532.0,0.2940324406787427,9.885047818792074,0.2940324406787427,9.885047818792074,2.9622540459256412,0.6505222128551406,1.305622276959184e-13,-2.0197176795908414
532,533.0,0.1558887391855689,8.603127595005317,0.1558887391855689,8.603127595005317,2.9622540459259223,0.6505222128551714,0.0,-2.019717679590177
533,534.0,0.19442945417545499,0.6160331132237752,0.23244336264651402,0.37763060669303894,0.0714814713046161,0.1010526533931806,0.8915596674873686,-28.0895900815946
534,535.0,0.5805729079607285,7.645970449250639,0.2324439029202695,0.37763063073940084,0.07148147130601926,0.10105265339417242,0.8915596372038173,-28.08959008145719
535,536.0,0.9659571971867676,1.3636912738948201,0.2324433700094315,0.3776307672219016,0.07148147130465435,0.10105265339320765,0.8915596330429059,-28.08959008159085
536,537.0,0.5740618357950119,3.3875765804652267,0.23244331180818456,0.37763075334154156,0.07148147130464651,0.1010526533932021,0.8915596387033082,-28.089590081591624
537,538.0,0.03350924696452984,7.674187082689035,0.03350924696452984,7.674187082689035,2.9622540459259223,0.6505222128551714,0.0,-2.019717679590177
538,539.0,0.8499547933555138,8.5538697208282,0.2324433532045593,0.3776306806908437,0.07148147130460573,0.1010526533931733,0.8915596522078376,-28.089590081595617
539,540.0,0.25545891265095044,4.452079754480529,0.2324429894834902,0.3776295421843534,0.07148147130994087,0.10105265339694441,0.8915599110093625,-28.089590081073155
540,541.0,0.34929124012280566,9.373743830470136,0.34929124012280566,9.373743830470136,2.962254045768914,0.6505222128379315,6.749112380077804e-11,-2.0197176799611976
541,542.0,0.6029202210524728,8.292929182252257,0.2324434694686285,0.37763065903853427,0.07148147130467679,0.1010526533932235,0.891559651390222,-28.089590081588653
542,543.0,0.9636228255367787,1.6094431667247435,0.23244350529639798,0.3776313097224998,0.07148147130638857,0.10105265339443348,0.8915595114950476,-28.089590081421022
543,544.0,0.6208981395800637,9.888355458755242,0.6209720360242115,9.88835039613867,2.9622509135726243,0.6505218689167539,9.530643353405921e-07,-2.019725081549746
544,545.0,0.8575674185416722,0.8981215168554432,0.2324433361750678,0.37763065112724226,0.07148147130460301,0.10105265339317138,0.8915596592815441,-28.08959008159588
545,546.0,0.6721636144768734,2.9918152875839694,0.2324435679537905,0.37763072930629754,0.07148147130484249,0.10105265339334063,0.8915596318741933,-28.08959008157243
546,547.0,0.02626315148548719,9.824352925770695,0.02626315148548719,9.824352925770695,2.9622540459259223,0.6505222128551714,0.0,-2.019717679590177
547,548.0,0.05039082560778352,7.808016371457432,0.05039082560778352,7.808016371457432,2.9622540459259223,0.6505222128551714,0.0,-2.019717679590177
548,549.0,0.850548054652206,0.11058072424914187,0.2324433371445188,0.37763065111690186,0.071481471304603,0.10105265339317138,0.8915596592385706,-28.08959008159588
549,550.0,0.4404498447116665,3.6923601140680553,0.23244328126194191,0.37763095404678104,0.07148147130499201,0.10105265339344631,0.8915595974902851,-28.089590081557787
550,551.0,0.29406929006346416,1.151325572187553,0.23244372949540468,0.37763087297616177,0.07148147130540497,0.10105265339373821,0.8915595938269689,-28.089590081517343
551,552.0,0.7577228746493728,6.172930871967011,0.23244334033344857,0.37763068813215084,0.07148147130460684,0.10105265339317406,0.8915596512267775,-28.089590081595503
552,553.0,0.18048544054126558,2.5343851475120998,0.23244333154733876,0.3776306469018304,0.07148147130460349,0.10105265339317167,0.8915596603947769,-28.08959008159583
553,554.0,0.9426596066814396,8.681020100910532,0.2324433454021561,0.37763072299893913,0.0714814713046207,0.10105265339318383,0.8915596435837992,-28.089590081594146
554,555.0,0.8953374097138264,7.528791105067583,0.23244170863614752,0.37763134411722127,0.07148147131912852,0.10105265340343865,0.8915595878788714,-28.08959008017343
555,556.0,0.24682784322265128,9.298312948435676,0.24682784322265128,9.298312948435676,2.9622540459259135,0.6505222128551705,4.107825191113079e-15,-2.0197176795901983
556,557.0,0.8830609319077136,6.474701227107295,0.23244218293067814,0.37763273567244304,0.0714814713299273,0.10105265341107166,0.8915592701701329,-28.089590079115936
557,558.0,0.2118450640466919,4.09195094109303,0.23244414651919273,0.37763070094025925,0.07148147130746549,0.10105265339519467,0.8915596109388244,-28.089590081315563
558,559.0,0.7897061511209039,1.4689574872221822,0.23244313608819409,0.3776297746225671,0.07148147130783655,0.10105265339545699,0.8915598548013979,-28.089590081279226
559,560.0,0.3003601191054458,9.221112383785941,0.3003601191054458,9.221112383785941,2.96225404592103,0.6505222128546342,2.257860565180181e-12,-2.0197176796017384
560,561.0,0.35541509697937035,6.3258758163611954,0.35547025285926276,6.325872263647495,2.962252774871529,0.6505220732909759,5.41574949219914e-07,-2.0197206831754615
561,562.0,0.9370885485067877,7.38849895455547,0.23244396042201662,0.3776287009400951,0.07148147132281109,0.10105265340604166,0.8915600444668008,-28.089590079812808
562,563.0,0.0573481557748865,9.669618313832187,0.0573481557748865,9.669618313832187,2.9622540459259223,0.6505222128551714,0.0,-2.019717679590177
563,564.0,0.9425814741838572,1.2616878983879736,0.23244279669729723,0.37763102494755335,0.07148147130660853,0.10105265339458896,0.8915596050035723,-28.089590081399486
564,565.0,0.8309292998747285,5.627293048979858,0.2324434792551007,0.3776309827503601,0.0714814713050904,0.10105265339351588,0.8915595821676842,-28.089590081548153
565,566.0,0.8301789828710704,7.9058019998537965,0.2324433224821381,0.3776306124394697,0.07148147130461163,0.10105265339317746,0.8915596681380503,-28.089590081595034
566,567.0,0.32975099262727636,4.157065238238344,0.23244333298261963,0.3776306360191542,0.07148147130460472,0.10105265339317258,0.8915596626397266,-28.089590081595716
567,568.0,0.39995987911892383,0.9086150885476344,0.2324432931254591,0.37763062601487607,0.07148147130461537,0.10105265339318006,0.8915596666220242,-28.089590081594665
568,569.0,0.028846501086597365,6.5604239789327545,0.028846501086597365,6.5604239789327545,2.9622540459259223,0.6505222128551714,0.0,-2.019717679590177
569,570.0,0.8784842941829789,8.120515089587034,0.2324425790715809,0.37763018766253487,0.07148147130780881,0.10105265339543736,0.8915597930095637,-28.089590081281948
570,571.0,0.7240508257469962,3.3292084693433535,0.2324431738309789,0.3776309579476516,0.07148147130513208,0.10105265339354531,0.8915596016669051,-28.089590081544074
571,572.0,0.1620269907221129,3.7903935889957596,0.16203720477394484,3.7903930560887047,2.962253952168211,0.650522202560397,5.31091115529847e-08,-2.019717901145783
572,573.0,0.8291183788565334,2.2562963625885324,0.23244277068445926,0.3776312183035273,0.07148147130755768,0.10105265339525984,0.8915595651398731,-28.08959008130654
573,574.0,0.7596494350319214,5.94172533516899,0.2324441125777276,0.37763105918768675,0.0714814713076837,0.10105265339534894,0.8915595364184988,-28.089590081294197
574,575.0,0.5718615357119776,0.06334173604313352,0.23244333339146295,0.37763064974212607,0.0714814713046032,0.10105265339317147,0.8915596597054841,-28.08959008159586
575,576.0,0.046479732139648844,7.064065805582649,0.046479732139648844,7.064065805582649,2.9622540459259223,0.6505222128551714,0.0,-2.019717679590177
576,577.0,0.16238328379364153,6.387075212588763,0.16238328379364153,6.387075212588763,2.962254045925911,0.6505222128551702,6.439293542825908e-15,-2.0197176795902045
577,578.0,0.7454784241318013,4.105207694539465,0.2324439732974155,0.3776304792307399,0.07148147130658844,0.10105265339457475,0.8915596661089716,-28.089590081401447
578,579.0,0.6225622926520592,2.8410050813895595,0.23244333241745513,0.377630645048821,0.07148147130460358,0.10105265339317177,0.8915596607478729,-28.089590081595823
579,580.0,0.7407490363882241,1.1368710728024516,0.23244330133474,0.377630656913594,0.07148147130460945,0.1010526533931759,0.8915596596756606,-28.089590081595247
580,581.0,0.9401908568021067,9.142689119194467,0.23244361186022902,0.3776304868683934,0.07148147130508119,0.10105265339350933,0.8915596813295086,-28.089590081549055
581,582.0,0.8810381659384896,9.275379437821014,0.23244345593683283,0.37763109572148806,0.07148147130541328,0.1010526533937441,0.8915595592555143,-28.089590081516533
582,583.0,0.372045644851949,4.625496995468509,0.23244333721575763,0.37763044608288354,0.07148147130478365,0.10105265339329904,0.891559702790927,-28.089590081578194
583,584.0,0.6722700884501709,4.649266507981126,0.23244355359216953,0.37763072740667,0.07148147130481432,0.10105265339332072,0.8915596329469279,-28.08959008157519
584,585.0,0.45995893578751745,5.197746521843782,0.23244333028191913,0.3776305761689395,0.07148147130462915,0.10105265339318985,0.8915596754796371,-28.08959008159332
585,586.0,0.6714743674029284,0.16997581050750488,0.23244336745807762,0.3776306542214214,0.07148147130460626,0.10105265339317367,0.8915596571666546,-28.08959008159556
586,587.0,0.9942264470477927,7.2866444914560855,0.23244319580967285,0.3776302642816831,0.07148147130528335,0.10105265339365224,0.8915597479998406,-28.08959008152926
587,588.0,0.8157963821177815,6.601845867636554,0.23244219817799544,0.3776327981511891,0.07148147133087811,0.10105265341174376,0.8915592561871117,-28.089590079022827
588,589.0,0.5417567675704474,0.7109374023330902,0.23244382622652038,0.37763188860832103,0.0714814713114193,0.1010526533979894,0.89155937356784,-28.089590080928375
589,590.0,0.28724555963673093,9.414305295638787,0.28724555963673093,9.414305295638787,2.9622540459252216,0.6505222128550945,3.29625216011209e-13,-2.0197176795918335
590,591.0,0.20730598376521825,9.613338226788043,0.20730598376521825,9.613338226788043,2.9622540459259223,0.6505222128551714,0.0,-2.019717679590177
591,592.0,0.9032727096521169,5.958322257626813,0.23244335226751786,0.37763069851386577,0.07148147130461027,0.10105265339317647,0.8915596484653241,-28.089590081595162
592,593.0,0.04796012877335054,7.186491443458895,0.04796012877335054,7.186491443458895,2.9622540459259223,0.6505222128551714,0.0,-2.019717679590177
593,594.0,0.7650359166481996,2.220488333470139,0.23244277068445926,0.3776312183035273,0.07148147130755768,0.10105265339525984,0.8915595651398731,-28.08959008130654
594,595.0,0.3017757168972045,5.4826733332742315,0.30184370695526835,5.482668892382106,2.9622527035788053,0.650522065462898,6.18169689547976e-07,-2.0197208516449034
595,596.0,0.3212857880634541,4.041379142656021,0.2324439296805312,0.37763043537440305,0.07148147130643676,0.10105265339446752,0.8915596774579709,-28.089590081416304
596,597.0,0.42519353856177056,7.289613298847021,0.4252532241516058,7.289609346453029,2.9622523755967975,0.6505220294498432,6.461512841449135e-07,-2.019721626688227
597,598.0,0.6574787414191442,4.945848292487307,0.23244330548206857,0.37763060794863534,0.0714814713046166,0.10105265339318097,0.8915596698841346,-28.08959008159455
598,599.0,0.1816874195834659,1.6422986496580445,0.23244331704388735,0.37763048997570653,0.07148147130471602,0.10105265339325122,0.8915596944066025,-28.089590081584817
599,600.0,0.47952343627094396,1.8593665015924126,0.23244341182788977,0.37763046556569996,0.07148147130478476,0.10105265339329982,0.8915596951756416,-28.08959008157808
600,601.0,0.20787638950441434,1.7335214351137447,0.2324431471624458,0.3776304673335731,0.07148147130488776,0.10105265339337263,0.8915597071317474,-28.089590081567998
601,602.0,0.030243788679146122,8.42059710294709,0.030243788679146122,8.42059710294709,2.9622540459259223,0.6505222128551714,0.0,-2.019717679590177
602,603.0,0.8739419990700215,7.462422614537449,0.23244332268025633,0.37763069657904985,0.07148147130461116,0.10105265339317712,0.8915596502549067,-28.089590081595077
603,604.0,0.6553555040081206,3.4856674216303665,0.23244327496049905,0.37763055773475745,0.07148147130465697,0.1010526533932095,0.8915596819732473,-28.089590081590593
604,605.0,0.45099203692913514,5.011435656399752,0.23244296085281033,0.37763168941114456,0.07148147130987981,0.10105265339690124,0.8915594562014301,-28.089590081079137
605,606.0,0.6923347276259152,9.186863701692486,0.23244365434081962,0.3776304657211112,0.0714814713052326,0.10105265339361642,0.891559683842319,-28.089590081534226
606,607.0,0.1317923602686506,8.147152930897922,0.1317923602686506,8.147152930897922,2.9622540459259223,0.6505222128551714,0.0,-2.019717679590177
607,608.0,0.7117258341800339,4.226864002195431,0.23244283443160613,0.3776317841557933,0.0714814713113401,0.10105265339793343,0.8915594419634679,-28.089590080936134
608,609.0,0.5488924040653989,7.5443395277685585,0.2324414314922003,0.3776310079956832,0.07148147132172158,0.10105265340527152,0.891559672190388,-28.089590079919496
609,610.0,0.5456049603381007,6.860155374668729,0.23244336206454913,0.37763061272794357,0.07148147130461359,0.10105265339317883,0.8915596662324811,-28.089590081594842
610,611.0,0.6331994741517027,9.236429222692918,0.2324433150330278,0.37763060775140145,0.07148147130461448,0.10105265339317945,0.8915596694810233,-28.089590081594757
611,612.0,0.4370136059894607,9.390394764722716,0.4370136059894607,9.390394764722716,2.962254025362327,0.6505222105972497,7.830766923788701e-09,-2.0197177281832968
612,613.0,0.7017726333613399,3.018607011926707,0.23244317305051565,0.3776306903224847,0.07148147130473499,0.10105265339326465,0.8915596585555614,-28.089590081582955
613,614.0,0.7792490403106143,9.07764531823979,0.2324429603307303,0.37763104803032504,0.07148147130597422,0.10105265339414059,0.8915595924770017,-28.0895900814616
614,615.0,0.6334028007973027,6.232812289320212,0.23244336386621176,0.3776306414551578,0.07148147130460655,0.10105265339317383,0.89155966004597,-28.08959008159553
615,616.0,0.6020376412420255,4.324964536389975,0.23244333710280068,0.37763065755082603,0.0714814713046029,0.10105265339317127,0.8915596578737455,-28.089590081595887
616,617.0,0.4559157418904508,7.934960340854772,0.45595451087849115,7.934957853955182,2.9622529143621117,0.6505220886073093,4.202835043320974e-07,-2.0197203535499604
617,618.0,0.8559755756773039,4.690813861006906,0.23244328049044607,0.377630838771819,0.07148147130476182,0.1010526533932836,0.891559622014348,-28.089590081580326
618,619.0,0.44797373711963084,7.881118279681962,0.4480077543531233,7.881116148053741,2.962253078884378,0.650522106672169,3.6293940297582594e-07,-2.01971996477295
619,620.0,0.807702474056234,9.800990325796535,0.23244333871168926,0.3776306586430239,0.07148147130460283,0.10105265339317122,0.8915596575667646,-28.0895900815959
620,621.0,0.8926796483185877,1.5296703434925203,0.2324433128524007,0.377630560248075,0.07148147130464223,0.10105265339319909,0.8915596796738339,-28.089590081592036
621,622.0,0.16911378783863795,5.062761043505298,0.16911378783863795,5.062761043505298,2.962254045819865,0.6505222128435261,5.946554360036771e-11,-2.019717679840797
622,623.0,0.9964381062046344,6.63771285171906,0.23244329064729624,0.37763061258926656,0.07148147130461999,0.10105265339318338,0.8915596695895148,-28.089590081594217
623,624.0,0.5986041952285255,6.541716241292043,0.23244463061643944,0.3776300463177787,0.07148147131406898,0.10105265339986233,0.8915597274353698,-28.0895900806689
624,625.0,0.7397696897269377,8.46708429554726,0.2324433292648171,0.3776306474054029,0.07148147130460367,0.10105265339317183,0.8915596603941522,-28.089590081595816
625,626.0,0.7107885736108535,3.2126666228207754,0.23244315409235775,0.37763139997339534,0.07148147130711308,0.10105265339494557,0.8915595086855905,-28.089590081350075
626,627.0,0.9530260637003035,1.735062423737528,0.23244337643051086,0.37762990138510877,0.07148147130695953,0.10105265339483706,0.8915598166742691,-28.08959008136511
627,628.0,0.2847744800568155,5.897903816958823,0.2847744800568155,5.897903816958823,2.962253921216092,0.6505221991617955,5.8897121846257505e-08,-2.0197179742876665
628,629.0,0.10732104934992992,7.032598169799536,0.10732104934992992,7.032598169799536,2.9622540459259223,0.6505222128551714,0.0,-2.019717679590177
629,630.0,0.8190161156679489,3.6671312917083396,0.23244284127404463,0.3776308853700755,0.07148147130600037,0.10105265339415904,0.8915596325779686,-28.089590081459036
630,631.0,0.43238399608384925,7.007637802143484,0.232443385685197,0.37763114190403163,0.07148147130555815,0.10105265339384649,0.8915595527180746,-28.089590081502344
631,632.0,0.386149140472531,5.825013789766502,0.23244411734333087,0.37763115818663634,0.07148147130802536,0.10105265339559043,0.8915595151661354,-28.089590081260738
632,633.0,0.507130074201087,8.978012307632882,0.5071524118882302,8.978010886547528,2.9622533436567884,0.6505221357446855,2.44348267619543e-07,-2.0197193390982555
633,634.0,0.6437782738021918,4.53110513249885,0.23244290085411654,0.37762974790125814,0.07148147130854404,0.10105265339595705,0.8915598714380378,-28.08959008120995
634,635.0,0.5749762650577382,6.936822919006793,0.23244299070463498,0.3776304302174103,0.0714814713052958,0.10105265339366103,0.8915597223058965,-28.089590081528037
635,636.0,0.6388481069949515,4.2419028138137564,0.23244402511576984,0.3776305407165585,0.07148147130679348,0.10105265339471972,0.8915596506327383,-28.089590081381374
636,637.0,0.056375308333901475,3.3825291556431654,0.056375308333901475,3.3825291556431654,2.9622540459259223,0.6505222128551714,0.0,-2.019717679590177
637,638.0,0.11645640056977713,1.8979866556593437,0.2324433327484699,0.37763064124274304,0.07148147130460392,0.101052653393172,0.8915596615409812,-28.089590081595794
638,639.0,0.09601324927050592,6.0067756187907815,0.09601324927050592,6.0067756187907815,2.9622540459259223,0.6505222128551714,0.0,-2.019717679590177
639,640.0,0.7777247793249578,0.3336244793153202,0.2324433571680362,0.3776306283479485,0.07148147130460779,0.10105265339317474,0.8915596631424475,-28.089590081595418
640,641.0,0.7423496890696453,5.284947437077329,0.23244466142101858,0.3776315728475485,0.0714814713148925,0.10105265340044442,0.8915594017238317,-28.08959008058826
641,642.0,0.20469068234928423,2.794099398168223,0.23244389295185663,0.37763050599528303,0.07148147130610952,0.10105265339423622,0.8915596641676607,-28.08959008144835
642,643.0,0.88093350239812,9.510774816898207,0.23244340676535,0.3776307353751355,0.07148147130464409,0.10105265339320038,0.8915596380955706,-28.089590081591858
643,644.0,0.6885070398866859,5.131689183863564,0.2324433399930496,0.37763058184848813,0.07148147130462568,0.10105265339318736,0.8915596738206448,-28.089590081593663
644,645.0,0.8198358024968816,2.962117836942581,0.23244333196572373,0.3776306451663448,0.07148147130460358,0.10105265339317177,0.8915596607439549,-28.089590081595823
645,646.0,0.6581622575328321,7.792885146547888,0.2324430530958811,0.3776304126381476,0.07148147130516032,0.10105265339356528,0.8915597231334846,-28.089590081541303
646,647.0,0.0006721919367635998,1.7837970216945223,0.0006721919367635998,1.7837970216945223,2.9622540459259223,0.6505222128551714,0.0,-2.019717679590177
647,648.0,0.24626056283692133,1.7547916851382779,0.23244329891229384,0.3776308217826755,0.07148147130472661,0.1010526533932587,0.8915596247650751,-28.08959008158378
648,649.0,0.48061460651931764,4.745036937295537,0.23244314681220196,0.3776306288319855,0.07148147130476745,0.10105265339328758,0.891559672840602,-28.08959008157978
649,650.0,0.8146530526466007,2.7622516064002203,0.23244334563186222,0.37763069639818936,0.07148147130460925,0.10105265339317578,0.8915596492239384,-28.08959008159527
650,651.0,0.5003584824571323,2.3190204500119855,0.23244325344131203,0.3776306776867831,0.07148147130463914,0.1010526533931969,0.8915596574942506,-28.08959008159234
651,652.0,0.5499276489223441,7.612133672866529,0.2324444588817378,0.37763069279653755,0.07148147131012274,0.10105265339707294,0.8915595981108227,-28.08959008105535
652,653.0,0.5172723598303441,5.751389037595617,0.23244317752869312,0.3776304271767964,0.07148147130490817,0.10105265339338708,0.8915597142475095,-28.089590081565994
653,654.0,0.9700218899387146,1.2090472630596696,0.23244332540339208,0.377630648553904,0.07148147130460396,0.10105265339317203,0.8915596603300909,-28.089590081595787
654,655.0,0.04690804621854183,0.12502361434425197,0.2324420200552931,0.3776310410905469,0.0714814713132884,0.10105265339931056,0.8915596377499567,-28.08959008074534
655,656.0,0.3988304894090995,9.278080883717058,0.3988304894090995,9.278080883717058,2.9622540417606995,0.6505222123978222,1.6702131899748451e-09,-2.0197176894328708
656,657.0,0.009523190719198493,0.636233919584855,0.2324432916992112,0.3776307691411224,0.07148147130466873,0.1010526533932178,0.8915596362839006,-28.08959008158945
657,658.0,0.7451525743383376,9.421920211013457,0.23244326074593483,0.37763064387949,0.07148147130463062,0.10105265339319087,0.8915596643356605,-28.089590081593172
658,659.0,0.13289046325648446,3.433972952023658,0.13289046325648446,3.433972952023658,2.9622540170066594,0.6505222096797816,1.707056129784945e-08,-2.0197177479282873
659,660.0,0.3373281231927896,1.4050340218852209,0.23244338807548479,0.37763085045816563,0.07148147130475975,0.10105265339328212,0.8915596145191261,-28.089590081580532
660,661.0,0.12426624285932442,6.062710135718721,0.12426624285932442,6.062710135718721,2.9622540459259223,0.6505222128551714,0.0,-2.019717679590177
661,662.0,0.8688750916676592,0.7408790981460485,0.23244348357529515,0.377630291320834,0.07148147130527736,0.10105265339364802,0.8915597288474716,-28.089590081529842
662,663.0,0.009278169361612632,8.598496669849865,0.009278169361612632,8.598496669849865,2.9622540459259223,0.6505222128551714,0.0,-2.019717679590177
663,664.0,0.8325958726040326,9.53392081267235,0.23244341736159402,0.37763074345407444,0.07148147130465525,0.10105265339320828,0.8915596358856277,-28.089590081590764
664,665.0,0.10635762162057782,4.066117084081026,0.10635762162057782,4.066117084081026,2.962254045925196,0.6505222128550916,4.445332990599127e-13,-2.0197176795918947
665,666.0,0.6884902872617732,5.652532187559176,0.23244328257892302,0.3776305175091265,0.07148147130469083,0.10105265339323344,0.8915596901634794,-28.089590081587282
666,667.0,0.247889488395576,1.9814478545045224,0.23244333259444994,0.3776306401003028,0.0714814713046041,0.10105265339317213,0.8915596617908479,-28.089590081595773
667,668.0,0.5798663809192275,0.08177045869428405,0.23244348572426649,0.3776306641168991,0.07148147130469625,0.10105265339323727,0.8915596495539844,-28.08959008158675
668,669.0,0.771778360314961,9.107165688530184,0.23244366594940433,0.37763098360362946,0.07148147130543316,0.10105265339375812,0.8915595732873621,-28.089590081514586
669,670.0,0.5860347248817758,9.459486758884179,0.5861033366643529,9.459482051538943,2.9622513259721996,0.650521914199031,8.609636855672065e-07,-2.019724107021622
670,671.0,0.6487661475888497,2.435089565028937,0.23244277068445926,0.3776312183035273,0.07148147130755768,0.10105265339525984,0.8915595651398731,-28.08959008130654
671,672.0,0.2719632994094572,1.47155463762322,0.2324430809858941,0.3776322545860393,0.07148147131563153,0.10105265340096681,0.8915593305422311,-28.089590080515883
672,673.0,0.06302263655306528,6.864655800830025,0.06302263655306528,6.864655800830025,2.9622540459259223,0.6505222128551714,0.0,-2.019717679590177
673,674.0,0.016674384187347235,6.731377566109852,0.016674384187347235,6.731377566109852,2.9622540459259223,0.6505222128551714,0.0,-2.019717679590177
674,675.0,0.08134901803691896,5.495606140162126,0.08134901803691896,5.495606140162126,2.9622540459259223,0.6505222128551714,0.0,-2.019717679590177
675,676.0,0.28157485851635755,8.262515175677365,0.28157485851635755,8.262515175677365,2.9622540459029327,0.650522212852647,1.090916246226925e-11,-2.0197176796445024
676,677.0,0.11414767732667108,4.574624881058734,0.11414767732667108,4.574624881058734,2.9622540459258606,0.6505222128551646,3.730349362740526e-14,-2.0197176795903227
677,678.0,0.5229700811758047,5.608108131310553,0.2324433824527497,0.37763066968610165,0.07148147130461105,0.10105265339317707,0.8915596531828097,-28.08959008159509
678,679.0,0.10191434408132538,8.081201518371056,0.10191434408132538,8.081201518371056,2.9622540459259223,0.6505222128551714,0.0,-2.019717679590177
679,680.0,0.9540004994668504,2.3842044891072955,0.23244309930390417,0.3776310993275307,0.07148147130573687,0.10105265339397282,0.8915595751053151,-28.089590081484843
680,681.0,0.7608918228198807,7.814757647524611,0.23244333013068622,0.3776306539175214,0.07148147130460324,0.10105265339317152,0.8915596589704287,-28.08959008159586
681,682.0,0.9765918931958375,4.154869024648833,0.23244389795225665,0.37763041809388326,0.07148147130630986,0.10105265339437784,0.8915596826074522,-28.08959008142873
682,683.0,0.22609273788571815,4.537932074876479,0.22613026342397025,4.537929765612573,2.9622535181102263,0.6505221549000054,2.7205733077462213e-07,-2.0197189268532902
683,684.0,0.8633473924632556,2.2561807111296885,0.23244277068445926,0.3776312183035273,0.07148147130755768,0.10105265339525984,0.8915595651398731,-28.08959008130654
684,685.0,0.7516042498375175,6.468387680302431,0.23244215732416348,0.3776330733943888,0.07148147133672295,0.10105265341587517,0.8915591996170256,-28.089590078450456
685,686.0,0.47291638916933165,9.855458288531565,0.47291638916933165,9.855458288531565,2.96225401175706,0.6505222091033657,1.2414975825159047e-08,-2.0197177603334335
686,687.0,0.6206629064142354,5.59943031048679,0.23244332138104687,0.37763067211324214,0.07148147130460554,0.10105265339317314,0.8915596555127548,-28.08959008159563
687,688.0,0.051486370448075025,8.542920498494599,0.051486370448075025,8.542920498494599,2.9622540459259223,0.6505222128551714,0.0,-2.019717679590177
688,689.0,0.8777897409502295,4.97339691998227,0.23244331187022693,0.37763067907337317,0.07148147130460887,0.10105265339317548,0.8915596544773401,-28.08959008159531
689,690.0,0.7415428750278866,5.587722676088264,0.23244382290427631,0.37763061973399353,0.07148147130565384,0.10105265339391412,0.8915596432704715,-28.08959008149297
690,691.0,0.97776056385252,8.156521854183095,0.23244334666674363,0.3776306782778371,0.07148147130460483,0.10105265339317267,0.891559653025056,-28.089590081595702
691,692.0,0.3013184390119771,5.180775341103826,0.23244332650372015,0.3776305902231943,0.07148147130462103,0.10105265339318412,0.8915596726701097,-28.089590081594118
692,693.0,0.8968188034543326,8.657599063910286,0.23244333038277845,0.3776306577974589,0.07148147130460322,0.10105265339317152,0.8915596581344613,-28.08959008159586
693,694.0,0.6678697307263215,2.150686189858844,0.23244277068445926,0.3776312183035273,0.07148147130755768,0.10105265339525984,0.8915595651398731,-28.08959008130654
694,695.0,0.5720388266492079,3.4051823239822676,0.2324433122214034,0.37763080384710834,0.0714814713046977,0.10105265339323827,0.8915596279550607,-28.089590081586607
695,696.0,0.8190161809713593,1.3988303772933284,0.23244371861538815,0.37763052974538375,0.071481471305338,0.10105265339369085,0.8915596672465362,-28.0895900815239
696,697.0,0.21353640715258304,2.0643240849522466,0.23244270400596034,0.3776304083099359,0.0714814713065325,0.10105265339453523,0.8915597403164522,-28.089590081406932
697,698.0,0.07491230933729287,0.5854984378548019,0.2324422548194487,0.3776309642556772,0.0714814713104454,0.10105265339730099,0.8915596431380888,-28.08959008102375
698,699.0,0.26273018852789765,9.122019915395937,0.26273018852789765,9.122019915395937,2.9622540459257896,0.6505222128551568,6.483702463810914e-14,-2.0197176795904914
699,700.0,0.020355747751071518,0.06949782796345531,0.23244344156906196,0.37763071441906815,0.07148147130465787,0.10105265339321015,0.8915596409256435,-28.089590081590508
700,701.0,0.8519026517041067,7.968488904071102,0.23244344390624558,0.3776304897440059,0.07148147130477699,0.10105265339329436,0.8915596885447197,-28.089590081578848
701,702.0,0.8002517767546061,9.678390334672857,0.2324433376801413,0.3776306562559833,0.07148147130460286,0.10105265339317122,0.8915596581219108,-28.089590081595894
702,703.0,0.9155978689566597,2.311874533925328,0.23244277068445926,0.3776312183035273,0.07148147130755768,0.10105265339525984,0.8915595651398731,-28.08959008130654
703,704.0,0.21877396044187414,2.209667039631796,0.23244313171879175,0.37763180847446076,0.07148147131038873,0.10105265339726097,0.8915594229484339,-28.0895900810293
704,705.0,0.34326407447236185,6.838172161269356,0.34326407447236185,6.838172161269356,2.9622538808932117,0.6505221947342669,7.155568826355818e-08,-2.0197180695732744
705,706.0,0.40526909022136737,4.131549682451401,0.23244423490374724,0.37763082089741473,0.07148147130815344,0.10105265339568094,0.8915595813374182,-28.08959008124819
706,707.0,0.12866730682951055,2.011847512121164,0.23244277068445926,0.3776312183035273,0.07148147130755768,0.10105265339525984,0.8915595651398731,-28.08959008130654
707,708.0,0.7017472901934716,5.12514346733737,0.23244334677630799,0.3776305929019312,0.07148147130461996,0.10105265339318334,0.8915596711564878,-28.089590081594224
708,709.0,0.900936113920769,1.06948712943476,0.23244364530003533,0.37763164584921965,0.07148147130879598,0.10105265339613513,0.891559433567742,-28.08959008118528
709,710.0,0.02240681676717471,3.463986824026217,0.02240681676717471,3.463986824026217,2.9622540459259223,0.6505222128551714,0.0,-2.019717679590177
710,711.0,0.5210522707611497,8.122837136235072,0.23244351940794017,0.37763028510042024,0.07148147130535755,0.10105265339370471,0.8915597284991826,-28.08959008152199
711,712.0,0.9450631625281406,0.005971509226272453,0.23244340669086527,0.37763114992537167,0.0714814713055929,0.10105265339387105,0.8915595500353826,-28.08959008149894
712,713.0,0.2808667606957759,3.281914904663988,0.232443396938827,0.37762996942373417,0.07148147130657535,0.10105265339456551,0.8915598012651809,-28.089590081402733
713,714.0,0.6911648094136142,2.257427841315895,0.23244277068445926,0.3776312183035273,0.07148147130755768,0.10105265339525984,0.8915595651398731,-28.08959008130654
714,715.0,0.202643396292839,1.9965407419213614,0.23244334422923377,0.37763065351983166,0.07148147130460297,0.10105265339317135,0.8915596583980111,-28.08959008159588
715,716.0,0.35465881886060757,6.5204231191552156,0.3546908821015756,6.520421165162681,2.9622533359997147,0.6505221349039241,3.028235525670553e-07,-2.0197193571924252
716,717.0,0.7483422123158555,8.753028031189878,0.2324433201870736,0.37763065359470405,0.07148147130460454,0.10105265339317245,0.8915596595023104,-28.08959008159573
717,718.0,0.8085446065343069,5.029626121198569,0.2324433228930683,0.3776306896194844,0.071481471304609,0.10105265339317564,0.8915596517234237,-28.08959008159529
718,719.0,0.26134592826651026,8.745479131998666,0.26134592826651026,8.745479131998666,2.962254045925448,0.6505222128551191,2.320366121466577e-13,-2.019717679591298
719,720.0,0.5353979929347844,8.09314024669893,0.23244334291260121,0.37763061861610636,0.07148147130460887,0.10105265339317551,0.8915596658740109,-28.08959008159531
720,721.0,0.3537581995639495,7.714946538228002,0.3537581995639495,7.714946538228002,2.9622540226775707,0.6505222103024584,9.929920663509506e-09,-2.0197177345275525
721,722.0,0.753399704697555,6.154144465081094,0.23244299676432437,0.37763039945666055,0.07148147130533136,0.10105265339368621,0.8915597285581625,-28.089590081524555
722,723.0,0.2815715356744334,9.833702445134701,0.2815715356744334,9.833702445134701,2.9622540459258357,0.650522212855162,4.118927421359331e-14,-2.019717679590382
723,724.0,0.2108672203646299,9.051668430940182,0.2108672203646299,9.051668430940182,2.9622540459259223,0.6505222128551714,0.0,-2.019717679590177
724,725.0,0.31683147940452727,2.5138312892979586,0.23244277068445926,0.3776312183035273,0.07148147130755768,0.10105265339525984,0.8915595651398731,-28.08959008130654
725,726.0,0.9538691935352777,9.973712015486557,0.23244333283945753,0.3776306603057306,0.07148147130460314,0.10105265339317147,0.89155965748716,-28.089590081595865
726,727.0,0.7682418005604462,6.891679492792021,0.23244321861852874,0.37763053111116546,0.07148147130472152,0.10105265339325512,0.8915596902540666,-28.089590081584277
727,728.0,0.929035790616888,8.910128117506373,0.232443453038701,0.37763050811078086,0.07148147130476164,0.10105265339328348,0.8915596842175173,-28.08959008158034
728,729.0,0.5098318488454449,8.462446056888947,0.5098938436988284,8.462441926859636,2.962251940644178,0.6505219816912062,7.300224337258854e-07,-2.019722654510363
729,730.0,0.8518417109982341,7.176534115654692,0.2324429949190972,0.3776314547454066,0.0714814713079313,0.10105265339552394,0.8915595044655489,-28.089590081269947
730,731.0,0.233326993177689,9.116296890941644,0.233326993177689,9.116296890941644,2.9622540459259197,0.650522212855171,1.3322676295501878e-15,-2.019717679590184
731,732.0,0.27474429208969864,8.533416798352595,0.27474429208969864,8.533416798352595,2.9622540459214584,0.6505222128546813,2.1398438576625267e-12,-2.019717679600726
732,733.0,0.7094102167810264,8.381908794440951,0.23244314172033187,0.3776311443650058,0.0714814713058185,0.1010526533940305,0.8915595635617324,-28.08959008147685
733,734.0,0.1268933497575574,8.91855223114732,0.1268933497575574,8.91855223114732,2.9622540459259223,0.6505222128551714,0.0,-2.019717679590177
734,735.0,0.625296560366057,9.01882085393599,0.23244330496204113,0.3776306887004032,0.07148147130461326,0.1010526533931786,0.8915596527541254,-28.08959008159487
735,736.0,0.46208131590939405,5.1110339353933325,0.2324433479572885,0.37763059910531327,0.07148147130461698,0.10105265339318124,0.8915596697836679,-28.089590081594515
736,737.0,0.04464965038970159,9.542645893245767,0.04464965038970159,9.542645893245767,2.9622540459259223,0.6505222128551714,0.0,-2.019717679590177
737,738.0,0.7245983184903112,3.491203367510267,0.23244331037122054,0.37763077740896983,0.07148147130466888,0.10105265339321792,0.8915596336575705,-28.089590081589428
738,739.0,0.21105430194439956,4.577040090197819,0.2110657594460197,4.577039379655079,2.9622539069882357,0.6505221975995501,7.323986395135762e-08,-2.019718007909023
739,740.0,0.13702519487183462,7.549961154993815,0.13702519487183462,7.549961154993815,2.9622540459259223,0.6505222128551714,0.0,-2.019717679590177
740,741.0,0.6938891712172441,8.897792659653337,0.23244332791873534,0.3776306443270578,0.07148147130460403,0.10105265339317207,0.8915596611108086,-28.08959008159578
741,742.0,0.4453323305696887,3.850384083998117,0.2324439337434746,0.377630438941427,0.07148147130645074,0.10105265339447742,0.8915596765108902,-28.089590081414933
742,743.0,0.4013635174944502,1.5907145190556211,0.23244333765792816,0.37763065125544915,0.07148147130460296,0.10105265339317133,0.8915596591852174,-28.089590081595887
743,744.0,0.4400258373099266,3.6989914509935486,0.2324432957118336,0.377630919930948,0.07148147130490307,0.10105265339338344,0.8915596040643446,-28.0895900815665
744,745.0,0.9066375447845174,8.425050757762122,0.23244331946847419,0.37763064104286476,0.07148147130460546,0.10105265339317311,0.8915596622022006,-28.089590081595638
745,746.0,0.3781378737507055,2.7002686534731097,0.23244277068445926,0.3776312183035273,0.07148147130755768,0.10105265339525984,0.8915595651398731,-28.08959008130654
746,747.0,0.9691506533174493,5.852511646052604,0.23244340745893843,0.3776307130640378,0.07148147130463323,0.1010526533931927,0.8915596428028326,-28.089590081592924
747,748.0,0.9895545757332824,0.7405822624843141,0.23244344019620133,0.37763102058842873,0.07148147130516215,0.10105265339356659,0.8915595759495757,-28.089590081541125
748,749.0,0.32965678799114173,4.0209228379639015,0.2324439068642614,0.37763042114674455,0.07148147130634863,0.10105265339440525,0.8915596815436206,-28.089590081424937
749,750.0,0.9953663053840525,3.446517467895282,0.23244335473674405,0.3776306625641469,0.07148147130460386,0.10105265339317196,0.8915596559871307,-28.089590081595794
750,751.0,0.7831898077972318,5.490566221528976,0.2324428962155189,0.37763134898413764,0.07148147130765505,0.10105265339532868,0.8915595315310127,-28.089590081296997
751,752.0,0.96206456505577,6.291410349830532,0.23244330347483788,0.37763041041040896,0.07148147130485004,0.10105265339334595,0.8915597119410051,-28.089590081571686
752,753.0,0.024439317098257307,7.263412785954718,0.024439317098257307,7.263412785954718,2.9622540459259223,0.6505222128551714,0.0,-2.019717679590177
753,754.0,0.9340125571745159,8.68881941274659,0.23244332623436464,0.37763064755167336,0.07148147130460392,0.101052653393172,0.8915596605042787,-28.089590081595794
754,755.0,0.6066797291544205,2.5107409234395743,0.23244350932274455,0.37763079286672885,0.07148147130478892,0.10105265339330279,0.8915596211039379,-28.089590081577676
755,756.0,0.0310179413452224,4.093709675726174,0.0310179413452224,4.093709675726174,2.9622540459259223,0.6505222128551714,0.0,-2.019717679590177
756,757.0,0.8818857819356808,6.846411381676477,0.23244332469208456,0.37763069167085744,0.07148147130460926,0.10105265339317576,0.8915596512038253,-28.08959008159526
757,758.0,0.3581153505153465,1.0437214201175682,0.23244356906676822,0.37763124755465677,0.0714814713061642,0.10105265339427487,0.8915595217301864,-28.089590081443
758,759.0,0.4123894983668227,6.219729593502687,0.23244328497167366,0.3776305967924408,0.07148147130462856,0.1010526533931894,0.891559673209706,-28.08959008159337
759,760.0,0.4382551634166896,4.674018733310821,0.23244358281008218,0.37762934129875,0.07148147131216405,0.10105265339851585,0.8915599260359385,-28.089590080855444
760,761.0,0.6991262857080411,1.1798220162937405,0.23244288726679943,0.3776300739784018,0.07148147130670794,0.10105265339465921,0.8915598028017986,-28.089590081389744
761,762.0,0.5601730620191983,9.034635311720267,0.5602500226788786,9.034630071468024,2.9622511137579743,0.6505218908974958,9.5657990439868e-07,-2.0197246084981897
762,763.0,0.8354391560008885,6.388265580285214,0.23244324964838448,0.37763059112779357,0.07148147130465228,0.10105265339320618,0.8915596760588653,-28.089590081591055
763,764.0,0.4519158662056644,9.800301115634253,0.4519158662056644,9.800301115634253,2.9622540300626494,0.650522211113354,5.923139867469729e-09,-2.019717717076129
764,765.0,0.0279377123132466,7.574862720012113,0.0279377123132466,7.574862720012113,2.9622540459259223,0.6505222128551714,0.0,-2.019717679590177
765,766.0,0.8940199165222655,8.605865664826423,0.23244335889464723,0.37763096063743606,0.0714814713049778,0.10105265339343629,0.8915595924731556,-28.08959008155918
766,767.0,0.9015183745832825,5.111124535157728,0.2324433471237087,0.3776306131389674,0.071481471304611,0.10105265339317704,0.891559666841317,-28.089590081595098
767,768.0,0.5860248430481384,5.390884945331414,0.23244283898369258,0.3776319734928069,0.07148147131327551,0.10105265339930147,0.891559401529511,-28.089590080746603
768,769.0,0.25455755789388335,3.11494202315376,0.2324428953834402,0.37762987852908403,0.07148147130770327,0.10105265339536278,0.89155984394339,-28.08959008129228
769,770.0,0.12691471753254469,3.2067099988528303,0.1269248427665346,3.2067094659457753,2.9622539739194065,0.6505222049487194,4.285501742362641e-08,-2.019717849746284
770,771.0,0.18285403272069767,4.823177525670564,0.18285403272069767,4.823177525670564,2.9622540434499207,0.6505222125833018,1.3607502902246438e-09,-2.0197176854411305
771,772.0,0.5568326552922581,0.7112776297731623,0.23244387580011916,0.3776304764754606,0.07148147130607631,0.10105265339421275,0.891559671237826,-28.089590081451604
772,773.0,0.1604593341817936,8.645925942763684,0.1604593341817936,8.645925942763684,2.9622540459259223,0.6505222128551714,0.0,-2.019717679590177
773,774.0,0.6228647577413023,3.807340834285479,0.23244400077557364,0.377630510862034,0.07148147130669259,0.10105265339464836,0.8915596581090198,-28.08959008139125
774,775.0,0.42683669987784945,6.419104042311913,0.23244326333496604,0.3776305972937049,0.07148147130463998,0.10105265339319751,0.8915596741113363,-28.089590081592256
775,776.0,0.8397011103489992,3.078254057898393,0.232443771190754,0.3776308313649586,0.07148147130549654,0.10105265339380293,0.8915596007235271,-28.089590081508376
776,777.0,0.2808096328483871,6.989135681212414,0.2808096328483871,6.989135681212414,2.9622540439314404,0.6505222126361735,9.474967477274276e-10,-2.0197176843032683
777,778.0,0.4405601289126695,5.567975322118732,0.232443463935101,0.3776308380123278,0.07148147130478896,0.10105265339330279,0.8915596136284253,-28.08959008157767
778,779.0,0.8106842568009093,0.6313862808935331,0.23244355788193238,0.37763048661224313,0.07148147130495788,0.10105265339342218,0.8915596838991671,-28.089590081561127
779,780.0,0.19001031756199216,0.7115037624595868,0.23244425557058315,0.3776304677996581,0.07148147130858529,0.10105265339598621,0.8915596553820981,-28.089590081205905
780,781.0,0.6912975202106991,2.341342404419194,0.23244329337446798,0.377630648375384,0.07148147130461245,0.10105265339317801,0.8915596618603399,-28.089590081594956
781,782.0,0.21535317266204146,2.853437374729112,0.2324432363777278,0.3776303378335773,0.07148147130504202,0.10105265339348166,0.8915597304849032,-28.089590081552885
782,783.0,0.33052080189025324,1.1553698461668567,0.23244358383262134,0.37763113392147657,0.07148147130571283,0.10105265339395582,0.8915595451814514,-28.089590081487195
783,784.0,0.9219124812613076,4.263754795584727,0.2324433333163552,0.37763063381936524,0.07148147130460504,0.10105265339317278,0.8915596630914817,-28.08959008159568
784,785.0,0.13621993634095886,6.511101361207778,0.13621993634095886,6.511101361207778,2.9622540459259223,0.6505222128551714,0.0,-2.019717679590177
785,786.0,0.7814318467501957,1.0998275287829231,0.23244364657518057,0.37763166531479586,0.07148147130895315,0.10105265339624621,0.891559429373217,-28.08959008116988
786,787.0,0.7197458851728511,7.546923641373278,0.23244186255980825,0.3776314015377124,0.07148147131733029,0.10105265340216758,0.891559568512281,-28.089590080349524
787,788.0,0.9357368113954881,7.319851452110095,0.2324431242128734,0.37762982799807643,0.07148147130748625,0.10105265339520939,0.8915598440160998,-28.08959008131353
788,789.0,0.37847074253661495,1.8029686055569332,0.23244333091290031,0.3776306509957645,0.07148147130460324,0.10105265339317154,0.8915596595546563,-28.08959008159586
789,790.0,0.24623913645021978,0.8711551951013727,0.23244435332929858,0.37763039393305114,0.0714814713096239,0.10105265339672034,0.8915596665171519,-28.0895900811042
790,791.0,0.5903800900413294,4.707065853971399,0.23244332788374503,0.37763065393103756,0.07148147130460347,0.10105265339317167,0.8915596590722498,-28.08959008159583
791,792.0,0.4123828779481643,5.449360817784448,0.23244345379846415,0.37763062180434753,0.07148147130466795,0.10105265339321727,0.8915596600300747,-28.08959008158952
792,793.0,0.7151644055696633,3.171851855455714,0.23244328059756908,0.3776306425284799,0.0714814713046187,0.10105265339318244,0.8915596636977194,-28.089590081594345
793,794.0,0.711655879525308,8.960821645856763,0.2324433772058902,0.3776306432021458,0.07148147130461006,0.10105265339317634,0.8915596590533071,-28.08959008159519
794,795.0,0.6505708224531854,8.110217774155952,0.23244326491618472,0.3776306368662458,0.07148147130462833,0.10105265339318927,0.891559665631195,-28.0895900815934
795,796.0,0.26201622198761243,2.996326432360004,0.23244312278817442,0.37763110465232413,0.07148147130570197,0.10105265339394814,0.8915595728800512,-28.08959008148826
796,797.0,0.9962125032986766,4.413692889863024,0.23244307486314172,0.3776312756733378,0.07148147130659814,0.10105265339458161,0.8915595387822118,-28.0895900814005
797,798.0,0.7605692081361215,0.7747753566334616,0.23244351765441668,0.37763053540509883,0.0714814713048182,0.10105265339332344,0.8915596754085366,-28.089590081574805
798,799.0,0.4099236505623629,7.575966579228345,0.40994252435379147,7.575965424596392,2.9622535754666037,0.6505221611978448,1.8580209493190836e-07,-2.0197187913163965
799,800.0,0.24591659833413348,5.443743234668499,0.24591659833413348,5.443743234668499,2.9622539972877053,0.650522207514603,2.433976442617336e-08,-2.019717794525465
800,801.0,0.024939412885556456,5.310783451161984,0.024939412885556456,5.310783451161984,2.9622540459259223,0.6505222128551714,0.0,-2.019717679590177
801,802.0,0.15451834290437727,7.879077569144055,0.15451834290437727,7.879077569144055,2.9622540459259223,0.6505222128551714,0.0,-2.019717679590177
802,803.0,0.7335077780870202,0.8727207871404355,0.2324428152234077,0.37763016630963697,0.07148147130661964,0.10105265339459679,0.8915597865440633,-28.0895900813984
803,804.0,0.44368589820778925,4.577439599955474,0.23244344250173637,0.37763089146263956,0.0714814713048572,0.10105265339335102,0.8915596032725635,-28.08959008157099
804,805.0,0.6178291451457933,0.23109466852053717,0.23244329554402532,0.3776302495899489,0.07148147130527571,0.10105265339364683,0.8915597464738274,-28.089590081530005
805,806.0,0.8965369184790176,0.40298901357270683,0.23244334256870217,0.37763064505933314,0.07148147130460343,0.10105265339317164,0.8915596602726583,-28.089590081595837
806,807.0,0.7791334172470208,6.699353898849156,0.23244325173354574,0.37763059678155986,0.0714814713046482,0.10105265339320328,0.8915596747606723,-28.089590081591453
807,808.0,0.5310771934280847,1.6776757262710338,0.23244332752272204,0.3776311352190105,0.07148147130554358,0.1010526533938362,0.8915595568480811,-28.089590081503772
808,809.0,0.6993711567697807,9.662782377671952,0.23244333735253142,0.3776306561640099,0.07148147130460283,0.10105265339317122,0.8915596581567133,-28.0895900815959
809,810.0,0.25163126505229017,9.94807308030722,0.25163126505229017,9.94807308030722,2.9622540459259215,0.6505222128551712,7.771561172376096e-16,-2.0197176795901797
810,811.0,0.019836568657842668,8.973140453825811,0.019836568657842668,8.973140453825811,2.9622540459259223,0.6505222128551714,0.0,-2.019717679590177
811,812.0,0.6794702870639819,3.5904708771670064,0.23244284593072312,0.37763087884922064,0.0714814713059648,0.10105265339413391,0.8915596337462833,-28.089590081462518
812,813.0,0.33913387917599447,6.230276898346995,0.3391713603053255,6.2302745002652475,2.962253243527028,0.6505221247502466,3.4996156617062013e-07,-2.0197195757114867
813,814.0,0.028116480478678207,8.973691269663432,0.028116480478678207,8.973691269663432,2.9622540459259223,0.6505222128551714,0.0,-2.019717679590177
814,815.0,0.20721566515384449,3.0056187492778066,0.23244330976199212,0.3776314728175842,0.07148147130734642,0.10105265339511052,0.8915594859585757,-28.08959008132723
815,816.0,0.1783767354591662,4.07790402928904,0.1783767354591662,4.07790402928904,2.962253951414147,0.6505222024775994,5.2282667528658067e-08,-2.0197179029276855
816,817.0,0.7819784113361188,9.860145625036765,0.23244333914591586,0.3776306583608363,0.07148147130460285,0.10105265339317122,0.891559657606478,-28.089590081595894
817,818.0,0.013256885495076198,1.1882672770862657,0.23244310982451075,0.37763041167850786,0.07148147130504214,0.10105265339348174,0.8915597206943005,-28.089590081552878
818,819.0,0.3819193682806552,7.925543704223336,0.3819193682806552,7.925543704223336,2.9622539896872437,0.650522206680058,2.3085586553506232e-08,-2.019717812485853
819,820.0,0.8822166345441335,0.4326112978736474,0.23244331730988166,0.37763072632131167,0.07148147130462608,0.10105265339318771,0.8915596441869265,-28.08959008159362
820,821.0,0.6387962101586404,7.088770506984423,0.23244360569110897,0.37763063595757757,0.07148147130492111,0.10105265339339621,0.8915596499458963,-28.089590081564722
821,822.0,0.49676399887508316,8.252902407364262,0.49682919117112345,8.252898099699284,2.962251884413435,0.6505219755169618,7.61851493225052e-07,-2.019722787387381
822,823.0,0.03591798607312602,6.787740815372116,0.03591798607312602,6.787740815372116,2.9622540459259223,0.6505222128551714,0.0,-2.019717679590177
823,824.0,0.7278215369961836,1.2985778676141626,0.23244333996552535,0.37763066911943743,0.07148147130460344,0.10105265339317167,0.8915596552828224,-28.089590081595837
824,825.0,0.8895281550960109,9.920087807125249,0.23244327487499333,0.37763057869483396,0.0714814713046428,0.1010526533931995,0.8915596775246459,-28.08959008159198
825,826.0,0.3449069402391054,6.208331674526054,0.3449572555466079,6.2083284770837235,2.962252929618776,0.6505220902825203,4.828391526601195e-07,-2.019720317497452
826,827.0,0.03855701557781477,1.305272699786395,0.23244307899661903,0.37763084391241813,0.07148147130508302,0.10105265339351063,0.8915596303100348,-28.08959008154887
827,828.0,0.8179187746599929,3.981809161585109,0.23244388720352058,0.3776304167050966,0.07148147130625868,0.10105265339434163,0.8915596834033797,-28.089590081433748
828,829.0,0.6285399116732767,0.09706649087546927,0.23244315216900455,0.3776302994866854,0.07148147130523212,0.10105265339361602,0.8915597425545203,-28.089590081534276
829,830.0,0.7473717436551843,0.9745645399408872,0.23244327237081652,0.37763005717990544,0.07148147130606247,0.10105265339420297,0.8915597884274403,-28.08959008145296
830,831.0,0.921513283957935,6.513242784572006,0.23244454262868755,0.3776300633506315,0.07148147131296029,0.10105265339907865,0.8915597279184574,-28.08959008077747
831,832.0,0.9640828891330072,2.5711058063956744,0.23244277068445926,0.3776312183035273,0.07148147130755768,0.10105265339525984,0.8915595651398731,-28.08959008130654
832,833.0,0.05465180814782511,4.104420463161869,0.05465180814782511,4.104420463161869,2.9622540459259223,0.6505222128551714,0.0,-2.019717679590177
833,834.0,0.07209296565443013,6.956162067982793,0.07209296565443013,6.956162067982793,2.9622540459259223,0.6505222128551714,0.0,-2.019717679590177
834,835.0,0.9949780876623726,1.7237932691103746,0.23244312347310303,0.37763027488230777,0.07148147130534656,0.10105265339369694,0.891559749118279,-28.089590081523063
835,836.0,0.5252221270543795,3.4182817424746865,0.23244312991788613,0.3776310693493056,0.07148147130555668,0.10105265339384543,0.8915595800474168,-28.089590081502493
836,837.0,0.9167555130426621,7.9637994959699645,0.2324433280843368,0.37763063879599756,0.07148147130460461,0.10105265339317249,0.891559662278065,-28.089590081595723
837,838.0,0.5430449509094941,0.5457884631094783,0.23244301623891603,0.3776294613299332,0.07148147131062674,0.10105265339742923,0.8915599269387264,-28.089590081005987
838,839.0,0.8154356083412401,6.83716833520849,0.2324432623193101,0.3776309364456417,0.07148147130496509,0.10105265339342728,0.8915596021119001,-28.089590081560424
839,840.0,0.26807339881647496,8.292873494293058,0.26807339881647496,8.292873494293058,2.962254045920453,0.6505222128545709,2.647992936033461e-12,-2.019717679603102
840,841.0,0.2992612865225994,0.8051344559320818,0.2324433712069469,0.37763068256610827,0.07148147130460929,0.1010526533931758,0.8915596509706757,-28.08959008159526
841,842.0,0.22279212581972974,4.818162064255333,0.22279212581972974,4.818162064255333,2.962253928076011,0.6505221999150278,6.104790939431837e-08,-2.019717958077228
842,843.0,0.09854722862483889,7.431084581806443,0.09854722862483889,7.431084581806443,2.9622540459259223,0.6505222128551714,0.0,-2.019717679590177
843,844.0,0.842881814358454,6.547258956980208,0.23244358049704636,0.37763047173544495,0.07148147130503071,0.10105265339347368,0.8915596860056519,-28.089590081553993
844,845.0,0.07938602834346076,5.211502367245288,0.07938602834346076,5.211502367245288,2.9622540459259223,0.6505222128551714,0.0,-2.019717679590177
845,846.0,0.9828207334801135,2.4322623791414855,0.2324431911319444,0.37763127996279433,0.07148147130635527,0.10105265339440991,0.8915595324542261,-28.089590081424284
846,847.0,0.3872014285233025,7.038200650715691,0.38723113809145715,7.03819882994992,2.9622533281801986,0.6505221340453263,2.9245963872881475e-07,-2.0197193756704586
847,848.0,0.47487328361716175,1.965712653845101,0.23244327323969963,0.377630065413889,0.07148147130602268,0.10105265339417481,0.8915597866378021,-28.089590081456855
848,849.0,0.16188965251271314,5.177029043605354,0.16188965251271314,5.177029043605354,2.9622540459083373,0.6505222128532405,9.963141422986155e-12,-2.019717679631732
849,850.0,0.3373363939379287,2.034046336584047,0.23244277068445926,0.3776312183035273,0.07148147130755768,0.10105265339525984,0.8915595651398731,-28.08959008130654
850,851.0,0.7366195976542774,9.929346206685688,0.23244314574569383,0.3776304699316344,0.07148147130488637,0.10105265339337165,0.8915597066458446,-28.089590081568133
851,852.0,0.12726559261693016,7.71670570643628,0.12726559261693016,7.71670570643628,2.9622540459259223,0.6505222128551714,0.0,-2.019717679590177
852,853.0,0.12376119508958161,7.502589050352108,0.12376119508958161,7.502589050352108,2.9622540459259223,0.6505222128551714,0.0,-2.019717679590177
853,854.0,0.04224696379495241,5.637746945433564,0.04224696379495241,5.637746945433564,2.9622540459259223,0.6505222128551714,0.0,-2.019717679590177
854,855.0,0.7748007380945747,7.1409726059990515,0.23244342299566087,0.377630641317207,0.07148147130463517,0.1010526533931941,0.8915596573201859,-28.089590081592732
855,856.0,0.5624630554491116,3.8121933505291454,0.23244390870586418,0.3776303485226243,0.0714814713065493,0.1010526533945471,0.8915596968852644,-28.089590081405284
856,857.0,0.14083120331570476,8.437640780840827,0.14083120331570476,8.437640780840827,2.9622540459259223,0.6505222128551714,0.0,-2.019717679590177
857,858.0,0.8853197644255676,1.6648205002671277,0.23244334448586007,0.37763070669315685,0.07148147130461298,0.10105265339317836,0.8915596470903574,-28.089590081594906
858,859.0,0.7461620190302484,4.45935663165564,0.23244337085058717,0.3776307043421999,0.07148147130461527,0.10105265339318,0.8915596463613508,-28.08959008159468
859,860.0,0.9019116458131254,3.2150301055284616,0.2324434506089333,0.3776307515807709,0.07148147130468621,0.10105265339323016,0.8915596326101254,-28.08959008158773
860,861.0,0.8570703644444522,2.3793862815515294,0.232443379838112,0.3776306601233137,0.07148147130460981,0.10105265339317614,0.8915596553360732,-28.08959008159522
861,862.0,0.7615369124009044,4.8038156024293075,0.23244342615580618,0.37763059669082727,0.07148147130465413,0.1010526533932075,0.8915596666529765,-28.089590081590877
862,863.0,0.25157262123612645,5.598687624090275,0.25157262123612645,5.598687624090275,2.9622540060518885,0.6505222084769269,1.9786010718725322e-08,-2.0197177738151275
863,864.0,0.3475780214146804,6.957027699690541,0.3475780214146804,6.957027699690541,2.9622539002904302,0.6505221968641183,6.275596964311347e-08,-2.0197180237363757
864,865.0,0.27081574709234635,5.974009024915405,0.27081574709234635,5.974009024915405,2.9622540080519397,0.6505222086965363,1.8261709477940258e-08,-2.0197177690888752
865,866.0,0.8193741466289881,3.2205532657371974,0.2324397712102218,0.3776307853813327,0.07148147136140635,0.10105265343332252,0.8915597967799563,-28.089590076033268
866,867.0,0.1790594659365461,8.7835391064221,0.1790594659365461,8.7835391064221,2.9622540459259223,0.6505222128551714,0.0,-2.019717679590177
867,868.0,0.20328144465137687,1.6448867970481809,0.23244327599528447,0.3776305663391643,0.07148147130465014,0.10105265339320467,0.8915596800971847,-28.08959008159126
868,869.0,0.9283261833092471,0.4338814816788383,0.2324434056827792,0.3776306996372374,0.07148147130462738,0.10105265339318861,0.8915596457378657,-28.089590081593492
869,870.0,0.16884692389592015,9.28700979148094,0.16884692389592015,9.28700979148094,2.9622540459259223,0.6505222128551714,0.0,-2.019717679590177
870,871.0,0.4614839253062507,0.8933699180173129,0.23244329889147963,0.3776305762503335,0.07148147130463436,0.1010526533931935,0.8915596769249342,-28.08959008159281
871,872.0,0.5431703366742379,4.605747309815437,0.23244333475438406,0.3776303510449337,0.0714814713049835,0.1010526533934403,0.8915597230946412,-28.08959008155862
872,873.0,0.5071913679140563,6.120952930020794,0.23244313902758493,0.37763046741253814,0.07148147130490075,0.1010526533933818,0.8915597074939887,-28.08959008156672
873,874.0,0.9661855487219716,0.9721599865963318,0.232443466273087,0.3776309094925202,0.07148147130491159,0.10105265339338945,0.8915595983348459,-28.08959008156566
874,875.0,0.7208215052068471,5.3304758685569,0.23244314371043498,0.37763067923895344,0.07148147130477882,0.10105265339329564,0.8915596622770439,-28.089590081578663
875,876.0,0.862801640391411,5.529096621399873,0.23244408731686753,0.37763148209690484,0.07148147130941525,0.10105265339657288,0.8915594477572386,-28.089590081124634
876,877.0,0.4420834254483744,9.248170173491696,0.4420834254483744,9.248170173491696,2.962254010395295,0.6505222089538412,1.3439637625012324e-08,-2.0197177635513732
877,878.0,0.5427081998039279,0.08521151361298517,0.23244295706476162,0.37762949046861677,0.07148147131048789,0.10105265339733105,0.8915599235058889,-28.089590081019587
878,879.0,0.017404157264770626,6.760554237151051,0.017404157264770626,6.760554237151051,2.9622540459259223,0.6505222128551714,0.0,-2.019717679590177
879,880.0,0.5158846581469219,9.369087395953231,0.5158986025480411,9.369086552183802,2.962253613306187,0.6505221653527031,1.4890353672303291e-07,-2.0197187018989737
880,881.0,0.1559876617688417,7.272772889494601,0.1559876617688417,7.272772889494601,2.9622540459259223,0.6505222128551714,0.0,-2.019717679590177
881,882.0,0.5968086562412948,2.094266861426253,0.23244277068445926,0.3776312183035273,0.07148147130755768,0.10105265339525984,0.8915595651398731,-28.08959008130654
882,883.0,0.797350989269532,2.124573823096018,0.23244277068445926,0.3776312183035273,0.07148147130755768,0.10105265339525984,0.8915595651398731,-28.08959008130654
883,884.0,0.14367008071605936,2.378009093471367,0.2324433344982263,0.3776306741146271,0.07148147130460428,0.10105265339317225,0.8915596544764257,-28.08959008159576
884,885.0,0.39004191800716825,4.180688735815283,0.23244333197953793,0.37763062641528605,0.07148147130460672,0.10105265339317397,0.8915596647266288,-28.089590081595517
885,886.0,0.2301951826166173,0.6003663197350083,0.2324434261920351,0.37763066977686244,0.07148147130463559,0.1010526533931944,0.891559651125531,-28.08959008159269
886,887.0,0.10918315378938259,6.068613665522146,0.10918315378938259,6.068613665522146,2.9622540459259223,0.6505222128551714,0.0,-2.019717679590177
887,888.0,0.9802776046438852,9.547229569196778,0.23244342059311937,0.37763073632820887,0.07148147130465292,0.10105265339320664,0.8915596372488154,-28.08959008159099
888,889.0,0.24591291421742767,2.7416918717345116,0.2324438152708921,0.3776308531701627,0.07148147130569345,0.10105265339394212,0.8915595940373688,-28.089590081489092
889,890.0,0.5690568728430312,9.56628370824854,0.5690961303289847,9.56628122134917,2.9622525975175678,0.6505220538171705,4.6762867034200184e-07,-2.0197211022746604
890,891.0,0.3847838595231835,5.961957667092555,0.2324433442371001,0.3776306527213367,0.07148147130460299,0.10105265339317138,0.89155965856727,-28.08959008159588
891,892.0,0.7502539105830548,5.4371360927823,0.23244332709657245,0.3776306689591921,0.07148147130460426,0.10105265339317221,0.8915596559164707,-28.08959008159576
892,893.0,0.1647565313548096,5.590944691792478,0.1647565313548096,5.590944691792478,2.9622540459236713,0.6505222128549242,1.2702061624736416e-12,-2.0197176795954963
893,894.0,0.2850765753908331,1.3766077740535174,0.2324434226224861,0.37763088538032574,0.0714814713048331,0.10105265339333398,0.891559605490888,-28.08959008157335
894,895.0,0.3238939954042316,1.2878156676221746,0.23244335188227452,0.3776306371512954,0.07148147130460517,0.10105265339317289,0.8915596615186223,-28.089590081595667
895,896.0,0.47536263021312875,0.04056148153666682,0.23244325247425476,0.37763060132712845,0.07148147130464577,0.1010526533932016,0.8915596737605371,-28.089590081591687
896,897.0,0.4502213695782983,8.099399857465915,0.4502445066261436,8.099398436380561,2.9622534018171605,0.6505221421308052,2.410299417832107e-07,-2.019719201661463
897,898.0,0.8886295927556819,0.15263124077056797,0.23244337457336173,0.3776306446726687,0.07148147130460902,0.10105265339317564,0.8915596588635817,-28.08959008159529
898,899.0,0.6676452260689539,7.370506348605213,0.23244325722416417,0.37762897859504896,0.07148147131603962,0.10105265340125527,0.8915600182571153,-28.089590080475922
899,900.0,0.09648230823345993,0.6282760073674603,0.23244279361322287,0.37763149045307226,0.07148147130909406,0.10105265339634581,0.8915595062577071,-28.089590081156082
900,901.0,0.8068465307639182,5.629397257582965,0.23244254419820326,0.37762992305075543,0.0714814713091861,0.1010526533964109,0.8915598508466225,-28.089590081147072
901,902.0,0.9359752134066152,5.853355017551687,0.2324433434573121,0.37763069437341984,0.07148147130460861,0.1010526533931753,0.8915596497553832,-28.089590081595333
902,903.0,0.6899482959753275,5.985454109880899,0.23244335096919763,0.3776306978838823,0.07148147130460998,0.10105265339317626,0.8915596486596458,-28.089590081595198
903,904.0,0.8576947644219736,5.951522606673393,0.2324433202621587,0.37763068581113685,0.07148147130460848,0.10105265339317525,0.8915596526550197,-28.089590081595347
904,905.0,0.5066540832814356,7.191740667709706,0.2324433307519526,0.37763063024947136,0.0714814713046059,0.10105265339317339,0.8915596639693243,-28.089590081595595
905,906.0,0.11657309337269184,1.4921501057032116,0.23244439860048996,0.37763179718158046,0.07148147131401016,0.10105265339982077,0.89155936631764,-28.08959008067466
906,907.0,0.005163323746204207,1.7966184694699454,0.005163323746204207,1.7966184694699454,2.9622540459259223,0.6505222128551714,0.0,-2.019717679590177
907,908.0,0.22815653851380424,5.436259064247884,0.22815653851380424,5.436259064247884,2.962254034048703,0.6505222115510302,6.103502814269746e-09,-2.019717707656823
908,909.0,0.6463566661555435,2.663473244527098,0.23244334669639677,0.37763069723464227,0.0714814713046095,0.10105265339317593,0.8915596489966493,-28.089590081595247
909,910.0,0.16522966409399742,7.865202611427488,0.16522966409399742,7.865202611427488,2.9622540459259223,0.6505222128551714,0.0,-2.019717679590177
910,911.0,0.8316466746389011,7.16448736662182,0.23244333099082054,0.37763065537430207,0.07148147130460321,0.10105265339317152,0.8915596586208856,-28.08959008159586
911,912.0,0.14802063551635591,5.953090516754045,0.14802063551635591,5.953090516754045,2.9622540459259143,0.6505222128551705,4.6629367034256575e-15,-2.0197176795901957
912,913.0,0.9409251279244071,9.749305995978407,0.2324433382022678,0.37763065786034233,0.07148147130460285,0.10105265339317121,0.8915596577567666,-28.089590081595894
913,914.0,0.3781453013845406,7.992525337857212,0.3781453013845406,7.992525337857212,2.9622540067924747,0.6505222085582446,1.6148918202674167e-08,-2.019717772065073
914,915.0,0.18066365894291458,0.31257468425338697,0.23244347147498556,0.3776304436110778,0.071481471304885,0.10105265339337068,0.8915596970601916,-28.08959008156826
915,916.0,0.11062736823458363,1.958668252248877,0.23244277068445926,0.3776312183035273,0.07148147130755768,0.10105265339525984,0.8915595651398731,-28.08959008130654
916,917.0,0.8058741667405449,2.7019867299895197,0.23244277068445926,0.3776312183035273,0.07148147130755768,0.10105265339525984,0.8915595651398731,-28.08959008130654
917,918.0,0.9457178874025567,0.38940549644426625,0.23244462959994308,0.3776326572847741,0.0714814713264624,0.10105265340862257,0.8915591728411305,-28.089590079455242
918,919.0,0.21409396307920248,0.28108017703323,0.23244306296973238,0.3776307262055232,0.07148147130497644,0.1010526533934353,0.8915596560615323,-28.089590081559308
919,920.0,0.3372096604791044,5.072227831924813,0.23244327667304557,0.37763076253596456,0.07148147130467118,0.10105265339321957,0.8915596383871506,-28.0895900815892
920,921.0,0.0017752654422714675,6.6224816541257825,0.0017752654422714675,6.6224816541257825,2.9622540459259223,0.6505222128551714,0.0,-2.019717679590177
921,922.0,0.5204287167898313,8.358395021161368,0.23244359141005896,0.3776307071728762,0.07148147130488396,0.10105265339336993,0.8915596354830367,-28.089590081568367
922,923.0,0.27798748397108264,0.9546336408146334,0.23244324824886597,0.3776312664046588,0.07148147130619951,0.10105265339429986,0.891559532673378,-28.08959008143954
923,924.0,0.7382633889950642,4.784687575437025,0.23244339064894898,0.3776306294338213,0.0714814713046182,0.10105265339318208,0.8915596613517648,-28.089590081594395
924,925.0,0.003218416088766163,4.591767203241585,0.003218416088766163,4.591767203241585,2.9622540459259223,0.6505222128551714,0.0,-2.019717679590177
925,926.0,0.7143803711812349,3.7768052416390585,0.23244333283441238,0.3776306380796551,0.07148147130460437,0.10105265339317233,0.8915596622089167,-28.089590081595745
926,927.0,0.2638064268057754,0.3784301247517945,0.23244325616055586,0.37763043311191086,0.07148147130482474,0.10105265339332808,0.8915597093230322,-28.089590081574165
927,928.0,0.8336648596840311,2.1707031122371583,0.23244277068445926,0.3776312183035273,0.07148147130755768,0.10105265339525984,0.8915595651398731,-28.08959008130654
928,929.0,0.6940582693235023,6.1193295853890115,0.23244311441615967,0.37763044305099996,0.07148147130497998,0.10105265339343782,0.8915597138158434,-28.08959008155896
929,930.0,0.09563478952208271,0.34526080413777915,0.23244341969364402,0.37763071309066293,0.07148147130464069,0.10105265339319801,0.8915596422271105,-28.089590081592185
930,931.0,0.4161893438809414,5.544762261225381,0.23244402212554013,0.3776312555347404,0.07148147130783421,0.10105265339545529,0.891559498923747,-28.089590081279454
931,932.0,0.36015595598736594,6.332155459313264,0.36022070419419616,6.332151240465745,2.9622525145929774,0.650522044711891,6.480853731449798e-07,-2.019721298230989
932,933.0,0.3428194289072416,2.2438546904539574,0.23244277068445926,0.3776312183035273,0.07148147130755768,0.10105265339525984,0.8915595651398731,-28.08959008130654
933,934.0,0.1452515420470165,6.347134805156945,0.1452515420470165,6.347134805156945,2.9622540459259223,0.6505222128551713,4.440892098500626e-16,-2.019717679590177
934,935.0,0.6694067764090136,3.8759821722023635,0.23244391268651277,0.37763042334318697,0.07148147130637389,0.10105265339442306,0.8915596808057048,-28.089590081422465
935,936.0,0.06469762167176907,0.49060249100582043,0.23244332583846397,0.377630646473738,0.07148147130460403,0.10105265339317208,0.8915596607517126,-28.08959008159578
936,937.0,0.34210469978975355,4.273921754856377,0.2324433286315912,0.37763064578172156,0.07148147130460379,0.10105265339317193,0.8915596607685777,-28.08959008159581
937,938.0,0.64110407022214,1.3305077065466717,0.23244327442696885,0.37763065267099966,0.07148147130462172,0.10105265339318456,0.8915596618306298,-28.089590081594046
938,939.0,0.8957799200477817,0.5717627922299651,0.23244360653732443,0.37763073160455995,0.0714814713049259,0.10105265339339958,0.8915596295881179,-28.08959008156426
939,940.0,0.6282944435893848,6.979284845013538,0.23244326205263882,0.37763074035364685,0.07148147130466309,0.10105265339321383,0.8915596437805815,-28.08959008158999
940,941.0,0.963221103543468,4.310388313059462,0.2324432744116607,0.37763096877518537,0.07148147130503472,0.1010526533934765,0.8915595946806597,-28.089590081553602
941,942.0,0.6834637733410645,6.124589422697984,0.23244312634674333,0.3776304402793748,0.07148147130496306,0.10105265339342585,0.8915597138487633,-28.089590081560623
942,943.0,0.6310245950278189,8.871308893909848,0.23244340892467497,0.3776305627850409,0.07148147130466455,0.10105265339321486,0.8915596746585035,-28.089590081589847
943,944.0,0.2922471106690999,3.9002821424600764,0.23244388178518458,0.37763041871811603,0.07148147130622685,0.10105265339431918,0.8915596832282586,-28.08959008143686
944,945.0,0.9384915571562108,5.468996458379546,0.23244359408246484,0.37763046121775345,0.07148147130508054,0.10105265339350891,0.8915596876068831,-28.08959008154911
945,946.0,0.9606405385603402,9.970043197222333,0.23244254859733476,0.3776306393210596,0.07148147130736807,0.10105265339512581,0.8915596984814276,-28.089590081325106
946,947.0,0.11156384139529807,1.2994897510645067,0.23244391832928787,0.37763029768479583,0.07148147130676008,0.10105265339469606,0.8915597072362115,-28.089590081384642
947,948.0,0.1256722975124963,1.6450041905414903,0.23244342448603006,0.3776304742311145,0.07148147130478155,0.10105265339329753,0.8915596927450302,-28.0895900815784
948,949.0,0.23589752109485085,9.303124641593381,0.23589752109485085,9.303124641593381,2.9622540459259206,0.6505222128551712,1.2212453270876722e-15,-2.0197176795901806
949,950.0,0.09870960271155216,9.159044805761722,0.09870960271155216,9.159044805761722,2.9622540459259223,0.6505222128551714,0.0,-2.019717679590177
950,951.0,0.017313209649127526,9.061136942423433,0.017313209649127526,9.061136942423433,2.9622540459259223,0.6505222128551714,0.0,-2.019717679590177
951,952.0,0.27563049046831967,1.5120638209498718,0.2324432634535983,0.3776307826190347,0.07148147130470058,0.1010526533932403,0.8915596347367833,-28.089590081586323
952,953.0,0.07022747676084584,2.348755707294936,0.07022747676084584,2.348755707294936,2.9622540360638556,0.6505222117722977,6.299012866861631e-09,-2.0197177028948863
953,954.0,0.8872209398418073,8.387992398807587,0.23244305527390785,0.37763147764896,0.0714814713078844,0.10105265339549081,0.8915594967883567,-28.089590081274544
954,955.0,0.48035493516018557,9.897177319520544,0.48035493516018557,9.897177319520544,2.9622540037882312,0.650522208228373,1.5165155020646637e-08,-2.0197177791642966
955,956.0,0.42376796190404775,5.177354115757212,0.2324433250365441,0.37763060541008564,0.07148147130461398,0.10105265339317912,0.8915596695122954,-28.089590081594807
956,957.0,0.07671359353857687,3.033740155214632,0.07671359353857687,3.033740155214632,2.9622540459191735,0.6505222128544302,4.280908960652141e-12,-2.019717679606125
957,958.0,0.5741919193699133,4.2255942888929,0.23244333269077525,0.37763063614486814,0.07148147130460471,0.10105265339317253,0.8915596626266192,-28.089590081595716
958,959.0,0.21319334752977126,5.622536644924386,0.21319334752977126,5.622536644924386,2.9622540446997365,0.6505222127205339,6.44331699106715e-10,-2.019717682487734
959,960.0,0.0845097725386511,7.938959221655356,0.0845097725386511,7.938959221655356,2.9622540459259223,0.6505222128551714,0.0,-2.019717679590177
960,961.0,0.8657939330217778,3.4997112455435584,0.2324430085198772,0.37763059892827117,0.07148147130508935,0.10105265339351514,0.8915596856361845,-28.08959008154826
961,962.0,0.9411743276895704,5.609503018949811,0.23244331248080996,0.3776308354348921,0.07148147130474028,0.10105265339326837,0.8915596212327186,-28.089590081582436
962,963.0,0.5395895431200025,8.107255509709752,0.23244333100683043,0.37763064651472583,0.07148147130460357,0.10105265339317172,0.8915596605021942,-28.089590081595823
963,964.0,0.05097142456345338,2.9199723764562124,0.05097142456345338,2.9199723764562124,2.9622540459259223,0.6505222128551713,2.220446049250313e-16,-2.019717679590177
964,965.0,0.207646145172926,3.903319934359186,0.2324438781349991,0.3776304196495719,0.07148147130620663,0.10105265339430486,0.8915596832004944,-28.089590081438843
965,966.0,0.8184552196726638,5.318788029276782,0.23244334613868572,0.3776306531105199,0.07148147130460306,0.10105265339317138,0.8915596583959938,-28.089590081595873
966,967.0,0.6861949824399436,8.212586773132038,0.23244332815465002,0.37763063214198656,0.07148147130460568,0.10105265339317322,0.8915596636883114,-28.089590081595617
967,968.0,0.5864318753994634,7.998116312105484,0.23244312286673358,0.37763045498877074,0.07148147130494632,0.10105265339341403,0.8915597108861535,-28.089590081562257
968,969.0,0.8723700663762526,1.396559816459252,0.23244333049486074,0.37763064915671063,0.07148147130460343,0.10105265339317167,0.8915596599648073,-28.089590081595837
969,970.0,0.9143960997300415,1.3215528731568515,0.23244287316130702,0.37763161061528305,0.07148147130960746,0.10105265339670874,0.8915594770254356,-28.089590081105804
970,971.0,0.17294261301565006,7.1734693894560015,0.17294261301565006,7.1734693894560015,2.9622540459259215,0.6505222128551713,4.440892098500626e-16,-2.0197176795901797
971,972.0,0.19614081335537525,8.111639715369915,0.19614081335537525,8.111639715369915,2.9622540459259215,0.6505222128551713,4.440892098500626e-16,-2.0197176795901797
972,973.0,0.21970332639180767,3.9233477404353416,0.23244387862181157,0.37763042149660847,0.07148147130620475,0.10105265339430351,0.8915596827854438,-28.089590081439027
973,974.0,0.9295436611247652,2.393584715339513,0.23244236838250604,0.3776314438144481,0.07148147131186679,0.10105265339830569,0.8915595359727776,-28.089590080884562
974,975.0,0.9702675990736884,2.911620603380489,0.23244333254965333,0.37763066875012385,0.07148147130460374,0.10105265339317185,0.8915596557068065,-28.08959008159581
975,976.0,0.9951374737433016,5.024645916895258,0.23244344492654703,0.37763051475208204,0.0714814713047446,0.10105265339327145,0.8915596831846886,-28.089590081582017
976,977.0,0.3781835206463279,5.323343550224627,0.23244278983297953,0.37763076117052985,0.07148147130602946,0.10105265339417964,0.8915596613585945,-28.089590081456194
977,978.0,0.8982538574346789,1.1470599134585688,0.23244332644837937,0.377631258439537,0.0714814713060892,0.10105265339422187,0.8915595307220875,-28.08959008145034
978,979.0,0.24734767876263908,5.888959956860421,0.24734767876263908,5.888959956860421,2.96225403697471,0.6505222118723113,4.469837389109443e-09,-2.0197177007424774
979,980.0,0.25430819268518434,3.6761428554514786,0.2324433329881971,0.3776306287443674,0.0714814713046061,0.10105265339317356,0.8915596641848615,-28.089590081595574
980,981.0,0.2817303379197258,9.73437905780101,0.2817303379197258,9.73437905780101,2.962254045925797,0.6505222128551575,5.972999872483342e-14,-2.0197176795904728
981,982.0,0.6950867364671995,0.3905443359459506,0.23244307610839338,0.3776294699539651,0.07148147131044022,0.10105265339729735,0.8915599223171432,-28.089590081024255
982,983.0,0.7620344118372133,0.33992421538759016,0.23244393416284087,0.3776307423797142,0.0714814713061594,0.10105265339427147,0.8915596120321998,-28.08959008144346
983,984.0,0.21876107255952182,6.722924994662,0.21876107255952182,6.722924994662,2.96225404591183,0.6505222128536241,7.344236330197873e-12,-2.0197176796234784
984,985.0,0.3734956151841968,9.797342844657225,0.3734956151841968,9.797342844657225,2.962254045679597,0.6505222128281244,1.0231393510196085e-10,-2.01971768017226
985,986.0,0.512155396935037,9.17664527366627,0.5121732493211832,9.176644207852256,2.9622534877443476,0.650522151565774,1.9300752085449346e-07,-2.01971899860986
986,987.0,0.7981602526389829,0.24199218579948314,0.23244414553011133,0.3776305427445137,0.07148147130759536,0.10105265339528649,0.8915596445901888,-28.089590081302852
987,988.0,0.7287516829568071,7.781658466499983,0.23244339176599313,0.37763068619989354,0.07148147130461711,0.10105265339318133,0.8915596492408198,-28.0895900815945
988,989.0,0.9394330424247089,3.148824374128004,0.23244331921606817,0.37763064743152464,0.07148147130460496,0.10105265339317274,0.8915596608568073,-28.089590081595688
989,990.0,0.7731995882397565,2.968229061420532,0.2324433323441349,0.37763064427995546,0.07148147130460367,0.1010526533931718,0.8915596609146206,-28.089590081595816
990,991.0,0.16809145829354022,6.0427737148836975,0.16809145829354022,6.0427737148836975,2.9622540459256537,0.6505222128551419,1.5076828674409626e-13,-2.019717679590812
991,992.0,0.045577638856981406,4.166876683251444,0.045577638856981406,4.166876683251444,2.9622540459259223,0.6505222128551714,0.0,-2.019717679590177
992,993.0,0.4978075231364413,9.63091995311809,0.4978075231364413,9.63091995311809,2.962253906172968,0.650522197510032,4.919714380324791e-08,-2.019718009835554
993,994.0,0.6622059342142446,2.238255751547268,0.23244277068445926,0.3776312183035273,0.07148147130755768,0.10105265339525984,0.8915595651398731,-28.08959008130654
994,995.0,0.34901204095433314,8.987469995986805,0.34901204095433314,8.987469995986805,2.9622540454602357,0.6505222128040381,2.002585874905094e-10,-2.0197176806906256
995,996.0,0.7803683676994578,4.871586746227423,0.23244319527617568,0.37763113987117003,0.07148147130570007,0.10105265339394681,0.8915595620212441,-28.089590081488446
996,997.0,0.5903095762551851,7.398773232468842,0.23244371985997916,0.37762864768977217,0.0714814713222837,0.10105265340566884,0.8915600669906488,-28.08959007986445
997,998.0,0.4692136536043938,2.016216432282143,0.23244329189988325,0.3776305445791822,0.07148147130466052,0.101052653393212,0.8915596839786499,-28.089590081590245
998,999.0,0.041575415304956564,5.607305017814828,0.041575415304956564,5.607305017814828,2.9622540459259223,0.6505222128551714,0.0,-2.019717679590177
999,1000.0,0.19346367282557841,7.660986045414874,0.19346367282557841,7.660986045414874,2.962254045925919,0.650522212855171,1.9984014443252818e-15,-2.019717679590185
