,iteration,init_sigma,init_center,est_sigma,est_center,ss_res,nrmse,r_squared,aic
0,1.0,0.928173461538644,3.568199130807513,0.19193727845331077,0.42436950911100063,0.027315055193355676,0.062467197327140865,0.9652959973101837,-34.82359183897182
1,2.0,0.7753000977302864,4.693290255794611,0.19193691421973566,0.42436932460965043,0.027315055192290404,0.062467197325922784,0.9652960230804422,-34.82359183924483
2,3.0,0.6924453270227495,2.0793285519147533,0.19193574925066612,0.4243692754033025,0.027315055201302264,0.062467197336227444,0.9652960439485047,-34.823591836935364
3,4.0,0.4388763884588188,2.866614282561204,0.19193674878978234,0.42436910534141536,0.0273150551926878,0.06246719732637719,0.9652960501972255,-34.82359183914298
4,5.0,0.4795818603193367,2.672416104185517,0.19193687553147393,0.4243692941897326,0.027315055192301017,0.062467197325934865,0.9652960270489102,-34.8235918392421
5,6.0,0.25300684067017265,2.1753647987561355,0.19193574925066612,0.4243692754033025,0.027315055201302264,0.062467197336227444,0.9652960439485047,-34.823591836935364
6,7.0,0.9923382321118912,2.8052229687515178,0.1919369174089042,0.42436929509759524,0.027315055192299535,0.06246719732593319,0.9652960263963035,-34.82359183924248
7,8.0,0.6568927625716373,5.5475997090394245,0.1919368478153767,0.4243692698311303,0.027315055192327294,0.062467197325964965,0.9652960301838224,-34.82359183923537
8,9.0,0.9634696418597922,2.8554448368487138,0.19193739390016143,0.42436925356956656,0.02731505519401702,0.06246719732789706,0.965296024868635,-34.82359183880234
9,10.0,0.08382708290462837,3.129618103745062,0.08382708290462837,3.129618103745062,2.897681212996706,0.6433929273776092,1.1914580433369792e-11,-2.173995195368895
10,11.0,0.5885785747128521,9.405369087752806,0.5886572229115213,9.405363714273811,2.897678041051289,0.6433925752326256,9.671311868020283e-07,-2.174002857919893
11,12.0,0.33340293946932864,0.8311868732165828,0.19193683934100955,0.424369522558722,0.027315055192498675,0.062467197326160934,0.9652960015411278,-34.82359183919145
12,13.0,0.04147098712373043,0.08734249415853752,0.1919370010420669,0.42436945138212523,0.027315055192413295,0.06246719732606328,0.9652960075181206,-34.82359183921333
13,14.0,0.6624670696643282,2.7543403511147417,0.19193756401042256,0.42436921337171424,0.02731505519543627,0.06246719732951992,0.965296027208888,-34.82359183843863
14,15.0,0.666603068061092,6.107513596944226,0.1919370724451514,0.42436949838869303,0.02731505519259748,0.062467197326273906,0.9652960012332534,-34.82359183916613
15,16.0,0.9719463846519548,1.6352447223727378,0.19193688774839063,0.42436963137846617,0.02731505519273214,0.062467197326427894,0.9652959885253173,-34.82359183913162
16,17.0,0.9058576889965818,7.11588534801763,0.1919368913509745,0.4243693335504138,0.027315055192288926,0.06246719732592105,0.9652960223631932,-34.8235918392452
17,18.0,0.13810387220522613,5.31488515862592,0.13810387220522613,5.31488515862592,2.897681213017678,0.6433929273799376,3.907985046680551e-14,-2.1739951953182324
18,19.0,0.7551698546789862,4.8162819502919625,0.19193694925872704,0.42436939203130497,0.027315055192317327,0.062467197325953544,0.965296014949997,-34.82359183923792
19,20.0,0.9326968953683425,5.2825632481821065,0.1919368869935988,0.42436993916886995,0.027315055194134227,0.062467197328031104,0.9652959535164204,-34.82359183877231
20,21.0,0.006974922068377354,9.708142077332962,0.006974922068377354,9.708142077332962,2.897681213017751,0.6433929273799455,0.0,-2.1739951953180556
21,22.0,0.7140799940244134,2.9605067123423425,0.19193661811579696,0.42436956398965314,0.027315055193150663,0.06246719732690644,0.9652959997284081,-34.82359183902437
22,23.0,0.1512203990826615,7.148687922437853,0.1512203990826615,7.148687922437853,2.897681213017751,0.6433929273799455,0.0,-2.1739951953180556
23,24.0,0.3310853717887756,8.913187219045657,0.3310853717887756,8.913187219045657,2.897681212850845,0.6433929273614158,7.005407365312522e-11,-2.173995195721255
24,25.0,0.3504234160258106,0.6369282746522149,0.19193679466940897,0.42436934035900886,0.027315055192365857,0.06246719732600903,0.9652960228566456,-34.823591839225486
25,26.0,0.14652451270092437,2.690221208607916,0.19193706389548199,0.4243690874050544,0.027315055192819314,0.06246719732652755,0.9652960481043769,-34.823591839109284
26,27.0,0.7052419213278303,8.91233246340221,0.1919368277172355,0.42436942710915593,0.027315055192371866,0.062467197326015925,0.9652960125532853,-34.82359183922395
27,28.0,0.6786454442532502,2.6930533044160487,0.19193688693055716,0.42436933077817107,0.027315055192289796,0.062467197325922076,0.9652960227365843,-34.82359183924498
28,29.0,0.9297477053264365,3.4361178271903907,0.19193680016431205,0.4243694534982792,0.02731505519243664,0.06246719732609,0.965296009912251,-34.823591839207346
29,30.0,0.8628226742856353,0.05495333633658111,0.19193686423819004,0.4243694040145071,0.027315055192322465,0.062467197325959414,0.9652960147018481,-34.823591839236606
30,31.0,0.5708800074157363,7.825950444065024,0.19193689481313883,0.42436933196627025,0.027315055192288665,0.062467197325920786,0.9652960224980137,-34.82359183924527
31,32.0,0.06845698587811988,9.70179800792329,0.06845698587811988,9.70179800792329,2.897681213017751,0.6433929273799455,0.0,-2.1739951953180556
32,33.0,0.06252792476500724,4.48664587094607,0.06252792476500724,4.48664587094607,2.897681213017751,0.6433929273799455,0.0,-2.1739951953180556
33,34.0,0.3765455029656837,3.8146083090576,0.19193695784584017,0.42436937681931314,0.027315055192316508,0.062467197325952635,0.9652960165680765,-34.823591839238134
34,35.0,0.42608668168384944,5.37022560274299,0.19193680197893878,0.4243692014067393,0.027315055192436707,0.06246719732609007,0.9652960385699183,-34.82359183920733
35,36.0,0.09641726894883418,7.60450407547899,0.09641726894883418,7.60450407547899,2.897681213017751,0.6433929273799455,0.0,-2.1739951953180556
36,37.0,0.3482985597996464,0.6661604028151353,0.19193669494843332,0.4243686696676034,0.027315055194715217,0.06246719732869542,0.9652961004713859,-34.823591838623415
37,38.0,0.36259063714282924,2.547270636069082,0.19193687809569426,0.42436929803719364,0.027315055192298727,0.06246719732593231,0.9652960265775354,-34.823591839242695
38,39.0,0.7056016571727971,2.4666944474767765,0.19193574925066612,0.4243692754033025,0.027315055201302264,0.062467197336227444,0.9652960439485047,-34.823591836935364
39,40.0,0.35620336908321715,7.531660097753655,0.35620336908321715,7.531660097753655,2.897681168052917,0.6433929223880134,1.8245722599452563e-08,-2.1739953039407167
40,41.0,0.9977796191237909,4.830584890231067,0.19193694192282043,0.424369324987613,0.027315055192300854,0.06246719732593474,0.965296022674039,-34.82359183924215
41,42.0,0.7117467036299349,6.739156443882291,0.19193683772351297,0.424369305708511,0.027315055192318825,0.06246719732595528,0.9652960262342836,-34.82359183923754
42,43.0,0.6598546258821567,5.9831525993295935,0.19193666518842345,0.42436912187206655,0.027315055192858647,0.062467197326572556,0.9652960494128493,-34.8235918390992
43,44.0,0.13070588436408703,1.3473145244365952,0.1919368808984754,0.4243692623947697,0.02731505519231784,0.06246719732595417,0.9652960305959424,-34.82359183923779
44,45.0,0.320654125041935,8.754002468812512,0.320654125041935,8.754002468812512,2.8976812128935405,0.6433929273661558,5.2875925860007555e-11,-2.1739951956181143
45,46.0,0.9848252795735455,5.282001430908972,0.19193686307228808,0.42436935273456944,0.027315055192299913,0.062467197325933685,0.9652960205514627,-34.82359183924239
46,47.0,0.8022858786028805,2.544248908615667,0.19193703377043808,0.4243694131997498,0.027315055192429504,0.062467197326081844,0.9652960114329072,-34.82359183920917
47,48.0,0.27974956756051783,6.6884147176714555,0.27974956756051783,6.6884147176714555,2.897681207545375,0.6433929267724101,2.4628794559333755e-09,-2.173995208537809
48,49.0,0.9150964417423909,5.141063681844734,0.19193687815365018,0.42436952126701066,0.027315055192467703,0.0624671973261255,0.9652960011790251,-34.82359183919939
49,50.0,0.10535047949070142,1.350932062793818,0.19193627651912085,0.4243698869305493,0.02731505519677616,0.062467197331051987,0.965295967463286,-34.82359183809526
50,51.0,0.8030821885923164,6.522857496491116,0.19193679242519854,0.42436921598936983,0.02731505519243155,0.06246719732608418,0.9652960370361016,-34.82359183920865
51,52.0,0.22946625715975477,0.18348951929594787,0.1919368500661402,0.4243691947134965,0.02731505519240215,0.06246719732605058,0.9652960387007099,-34.82359183921619
52,53.0,0.6522926203778815,8.25608663324822,0.1919369793845229,0.42436875214063,0.02731505519410097,0.06246719732799307,0.9652960873570812,-34.82359183878083
53,54.0,0.8070113968071833,7.2138717171616635,0.19193688922583857,0.4243693326257744,0.027315055192289283,0.06246719732592149,0.9652960224962683,-34.82359183924511
54,55.0,0.11531671753434791,5.412789348824524,0.11531671753434791,5.412789348824524,2.897681213017751,0.6433929273799455,0.0,-2.1739951953180556
55,56.0,0.8790592040797993,2.00535355789037,0.19193574925066612,0.4243692754033025,0.027315055201302264,0.062467197336227444,0.9652960439485047,-34.823591836935364
56,57.0,0.09630115325265654,2.6106009488881297,0.09632397943805485,2.610599661029413,2.8976810835645157,0.6433929130082304,7.257078382671978e-08,-2.173995508041437
57,58.0,0.501041485721789,7.894905836517432,0.19193695450115655,0.4243692817770382,0.027315055192325705,0.06246719732596313,0.9652960274252572,-34.82359183923578
58,59.0,0.5223876049098629,3.822802301390493,0.19193729845912005,0.4243699699870134,0.027315055195182097,0.06246719732922931,0.9652959446120793,-34.82359183850377
59,60.0,0.9427342313842734,8.116703940158057,0.19193680024854148,0.4243693393763086,0.02731505519235783,0.06246719732599985,0.965296022895279,-34.82359183922755
60,61.0,0.8795624450712572,8.072389773344536,0.1919367802339205,0.4243692126075355,0.027315055192453225,0.06246719732610895,0.9652960375807604,-34.8235918392031
61,62.0,0.7918892996537676,6.160016662077843,0.19193698015504054,0.42436895265811087,0.027315055193104617,0.062467197326853796,0.9652960645335956,-34.82359183903617
62,63.0,0.9657376998158805,5.856151479650611,0.1919367845136454,0.4243696697205179,0.027315055192975172,0.062467197326705776,0.9652959855169152,-34.82359183906934
63,64.0,0.8450845055241398,5.677679184253638,0.19193685921046152,0.42436935849769736,0.027315055192303355,0.062467197325937585,0.9652960199464224,-34.8235918392415
64,65.0,0.8838775852050732,2.3530882717265165,0.19193574925066612,0.4243692754033025,0.027315055201302264,0.062467197336227444,0.9652960439485047,-34.823591836935364
65,66.0,0.02535137712813218,4.521818930914481,0.02535137712813218,4.521818930914481,2.897681213017751,0.6433929273799455,0.0,-2.1739951953180556
66,67.0,0.3008801805196404,5.748781638481784,0.3009091351361379,5.748779862124934,2.8976806761440566,0.6433928677769857,2.3476072996686526e-07,-2.1739964922572064
67,68.0,0.8502407016442411,9.278596712563498,0.19193702909983318,0.42436932012209094,0.027315055192403584,0.062467197326052167,0.9652960220839557,-34.82359183921582
68,69.0,0.20232935340355684,2.687596716045435,0.1919368680553503,0.4243692977702189,0.027315055192302335,0.062467197325936384,0.9652960267396076,-34.823591839241764
69,70.0,0.8616491415675211,7.7006230154261734,0.1919366156365621,0.4243690789716907,0.027315055193118148,0.06246719732686925,0.965296054943578,-34.8235918390327
70,71.0,0.023198085324422246,7.552772598685308,0.023198085324422246,7.552772598685308,2.897681213017751,0.6433929273799455,0.0,-2.1739951953180556
71,72.0,0.5659047258902029,9.236499262625955,0.5659672980595564,9.236495088187727,2.8976788344278246,0.643392663312207,7.439510710804953e-07,-2.174000941338785
72,73.0,0.011808115532121466,8.395667138097622,0.011808115532121466,8.395667138097622,2.897681213017751,0.6433929273799455,0.0,-2.1739951953180556
73,74.0,0.9285910519694466,1.7235239506139044,0.19193769634714886,0.42437001669602054,0.027315055198485757,0.0624671973330069,0.9652959340751407,-34.82359183765715
74,75.0,0.7636371121295459,6.626108948266829,0.1919370288215374,0.42437032348682574,0.02731505519722236,0.062467197331562266,0.9652959079302467,-34.82359183798091
75,76.0,0.07362501538859523,2.1076897156881595,0.19193574925066612,0.4243692754033025,0.027315055201302264,0.062467197336227444,0.9652960439485047,-34.823591836935364
76,77.0,0.1657254832775038,4.351082040112296,0.1657254832775038,4.351082040112296,2.8976812082045997,0.6433929268455965,2.512605568050219e-09,-2.173995206945304
77,78.0,0.4280991850231435,5.155427438934888,0.1919368954969563,0.4243693333848751,0.02731505519228857,0.06246719732592065,0.965296022327644,-34.82359183924529
78,79.0,0.3661417456211762,2.9939231121487593,0.19193686655790573,0.4243692962712609,0.02731505519230355,0.06246719732593782,0.9652960269297911,-34.82359183924146
79,80.0,0.014856698812479974,3.4686001921204204,0.014856698812479974,3.4686001921204204,2.897681213017751,0.6433929273799455,0.0,-2.1739951953180556
80,81.0,0.48792557826731897,2.8818712135468205,0.19193686646102692,0.42436936849874074,0.027315055192302446,0.062467197325936516,0.9652960187134626,-34.823591839241736
81,82.0,0.953826901473886,0.10454197262645074,0.19193707007716473,0.4243695680581335,0.02731505519272083,0.06246719732641494,0.9652959933377645,-34.82359183913452
82,83.0,0.6744540527249122,5.21955680977803,0.19193707969777296,0.4243694357360503,0.027315055192540714,0.06246719732620897,0.9652960082663181,-34.82359183918068
83,84.0,0.11504311630900532,1.7723929768196842,0.19193694403778414,0.424369210999312,0.027315055192385786,0.062467197326031856,0.9652960356151454,-34.82359183922038
84,85.0,0.9867300687861659,8.314985296076042,0.1919370140286298,0.4243693635654704,0.02731505519237654,0.06246719732602129,0.9652960173389745,-34.82359183922275
85,86.0,0.4085101430263509,5.519368447613706,0.191943180230324,0.42436988038373324,0.02731505546002,0.062467197632060135,0.9652958773177206,-34.823591770634046
86,87.0,0.9636809416914536,7.2343538585956,0.19193688659137254,0.4243693342448182,0.02731505519228971,0.06246719732592196,0.9652960223466198,-34.823591839245
87,88.0,0.6658456730215389,3.2791481294329303,0.19193697616751834,0.4243694038271866,0.027315055192345315,0.06246719732598554,0.965296013254942,-34.82359183923075
88,89.0,0.8937161027963431,7.173064651942463,0.19193689062956154,0.4243693569368265,0.02731505519229127,0.0624671973259238,0.9652960197118942,-34.8235918392446
89,90.0,0.9681276673622081,7.129886690709563,0.1919368840011441,0.4243693154261529,0.027315055192292263,0.06246719732592491,0.9652960245216667,-34.823591839244344
90,91.0,0.32026950156645584,1.2241368737116345,0.19193676960162864,0.42436918445767363,0.027315055192506675,0.06246719732617008,0.9652960409229232,-34.8235918391894
91,92.0,0.6767363045421374,5.188794492771111,0.19193742465589547,0.4243691272864323,0.027315055194476377,0.062467197328422375,0.9652960388324263,-34.82359183868463
92,93.0,0.6538577700858954,1.5265069535063118,0.19193709880636692,0.4243694450574527,0.027315055192596447,0.06246719732627273,0.9652960069550798,-34.8235918391664
93,94.0,0.5396832213261883,1.894322221520797,0.19193721868897537,0.42436911610412786,0.02731505519328397,0.06246719732705888,0.9652960428080047,-34.823591838990204
94,95.0,0.48596531919935126,1.7732085811331275,0.19193693812387197,0.4243693352984461,0.027315055192297762,0.062467197325931194,0.9652960215507719,-34.82359183924294
95,96.0,0.9851650091989339,4.1991373441767115,0.19193693231735345,0.4243695160248904,0.027315055192452774,0.06246719732610841,0.9652960010649879,-34.82359183920321
96,97.0,0.780668907488038,0.3743308680056922,0.19193690864012639,0.4243692720104457,0.02731505519231044,0.062467197325945696,0.9652960291380371,-34.82359183923969
97,98.0,0.06429607099245493,5.402251057173233,0.06429607099245493,5.402251057173233,2.897681213017751,0.6433929273799455,0.0,-2.1739951953180556
98,99.0,0.21468326798651027,2.3075364613118015,0.19193770265276736,0.4243686076007371,0.027315055199867953,0.06246719733458735,0.965296094307515,-34.82359183730293
99,100.0,0.7808923438166374,2.3902297971531152,0.19193574925066612,0.4243692754033025,0.027315055201302264,0.062467197336227444,0.9652960439485047,-34.823591836935364
100,101.0,0.10030659161580224,7.355296851025035,0.10030659161580224,7.355296851025035,2.897681213017751,0.6433929273799455,0.0,-2.1739951953180556
101,102.0,0.777805050848292,3.5705049128507413,0.19193683891218252,0.424368921303891,0.027315055193167157,0.06246719732692531,0.9652960699537305,-34.82359183902014
102,103.0,0.9863185696535457,1.0818805308690413,0.191937988205128,0.4243690780651798,0.02731505520093672,0.06246719733580944,0.965296037031899,-34.82359183702904
103,104.0,0.32449144967796273,0.6402041025854073,0.19193695662312898,0.42436936353372623,0.027315055192311734,0.06246719732594718,0.9652960180956668,-34.82359183923936
104,105.0,0.8702835123806171,0.6271796629221971,0.1919369197455165,0.42436874509066,0.027315055194073734,0.06246719732796195,0.9652960889416095,-34.82359183878781
105,106.0,0.40933830119098547,5.4227761938608445,0.19193688309521023,0.4243693553620971,0.0273150551922925,0.06246719732592516,0.9652960199898847,-34.82359183924429
106,107.0,0.5365111450252357,9.739490209059658,0.5365239347944151,9.739489498516981,2.8976808018902545,0.6433928817371517,1.330158522216962e-07,-2.173996188488964
107,108.0,0.14052028157522967,6.463626869822518,0.14052028157522967,6.463626869822518,2.897681213017751,0.6433929273799455,0.0,-2.1739951953180556
108,109.0,0.43880511901389396,7.034249803783191,0.19193714565341155,0.42436985161420265,0.027315055193931435,0.06246719732779918,0.965295960084879,-34.82359183882428
109,110.0,0.13065111224408366,8.013106603328422,0.13065111224408366,8.013106603328422,2.897681213017751,0.6433929273799455,0.0,-2.1739951953180556
110,111.0,0.7381029718967467,4.211442504168936,0.1919369018609524,0.42436923854800923,0.02731505519233734,0.06246719732597644,0.9652960330341045,-34.8235918392328
111,112.0,0.6938356284617675,9.059685801207019,0.1919369023040639,0.4243693246058542,0.02731505519228905,0.06246719732592125,0.9652960232371762,-34.823591839245175
112,113.0,0.11922758007202994,4.42618390822649,0.11922758007202994,4.42618390822649,2.8976812130169085,0.6433929273798521,4.621858451514527e-13,-2.1739951953200913
113,114.0,0.5055418161828581,8.16759564569303,0.19193657848562562,0.42436893784304663,0.027315055193694763,0.06246719732752859,0.9652960714874725,-34.82359183888493
114,115.0,0.7359672904132075,0.9183553060318321,0.19193690429943555,0.424369363166692,0.02731505519229182,0.06246719732592437,0.9652960188237896,-34.82359183924446
115,116.0,0.11136792575639798,0.043114576292691484,0.19193689273691153,0.42436933178865305,0.02731505519228885,0.06246719732592097,0.965296022545456,-34.823591839245225
116,117.0,0.9391904154397981,1.5876593581166987,0.19193689902080247,0.42436936843146034,0.02731505519229343,0.06246719732592625,0.9652960182940372,-34.823591839244045
117,118.0,0.0847356536083198,9.627135477209412,0.0847356536083198,9.627135477209412,2.897681213017751,0.6433929273799455,0.0,-2.1739951953180556
118,119.0,0.5331408762426053,1.905968897644866,0.1919360418958454,0.42436856956572633,0.027315055199745378,0.06246719733444723,0.9652961204216353,-34.82359183733435
119,120.0,0.9653864647515886,5.8315159544769175,0.19193675173897953,0.4243691250117096,0.02731505519264067,0.062467197326323255,0.9652960479205848,-34.82359183915506
120,121.0,0.0327265510833431,4.731036620975002,0.0327265510833431,4.731036620975002,2.897681213017751,0.6433929273799455,0.0,-2.1739951953180556
121,122.0,0.06836156530326243,4.49543536318062,0.06836156530326243,4.49543536318062,2.897681213017751,0.6433929273799455,0.0,-2.1739951953180556
122,123.0,0.20087281942263124,4.225726837506074,0.20090057499826147,4.225725194375988,2.897680875049671,0.643392889859207,1.689474672383895e-07,-2.173996011755932
123,124.0,0.6635056788676373,2.4056789452156,0.19193688354661292,0.42436936969581035,0.02731505519229634,0.06246719732592958,0.9652960183531614,-34.8235918392433
124,125.0,0.36845587915725087,0.8063014044804205,0.19193676429423823,0.4243699159774335,0.02731505519418206,0.06246719732808581,0.9652959577641591,-34.823591838760045
125,126.0,0.972449678512195,7.412118799524377,0.19193663145835185,0.4243693089148401,0.027315055192781736,0.0624671973264846,0.9652960285745209,-34.823591839118905
126,127.0,0.013223775322032671,6.948729556547302,0.013223775322032671,6.948729556547302,2.897681213017751,0.6433929273799455,0.0,-2.1739951953180556
127,128.0,0.8479389600713567,4.0204451294931305,0.19193685658139753,0.4243692368154715,0.027315055192348635,0.06246719732598934,0.9652960338251567,-34.8235918392299
128,129.0,0.9422010073193043,9.89997829357734,0.19193631916296253,0.42436871888278843,0.02731505519622632,0.06246719733042332,0.9652960997992766,-34.82359183823617
129,130.0,0.5221423157539566,2.964989544002537,0.19193720118560878,0.4243693032767835,0.027315055192917777,0.06246719732664019,0.9652960217425585,-34.823591839084045
130,131.0,0.049494039319740946,0.10372040830386184,0.1919368863858197,0.4243688401798282,0.02731505519353295,0.062467197327343606,0.9652960785607035,-34.8235918389264
131,132.0,0.2842086620423637,7.051786335183034,0.2842086620423637,7.051786335183034,2.8976812109060113,0.6433929271455032,9.446508020261035e-10,-2.173995200419437
132,133.0,0.7190466177400267,1.3315326034879122,0.1919369039033843,0.42436933332008153,0.027315055192288402,0.06246719732592049,0.9652960222247471,-34.82359183924534
133,134.0,0.8345811568671379,2.3565278701602295,0.19193574925066612,0.4243692754033025,0.027315055201302264,0.062467197336227444,0.9652960439485047,-34.823591836935364
134,135.0,0.28711438305684234,0.9141869491268795,0.19193676081133,0.42436908242393345,0.02731505519271984,0.062467197326413794,0.9652960526469646,-34.82359183913477
135,136.0,0.7969200016756897,2.3233802264801424,0.19193574925066612,0.4243692754033025,0.027315055201302264,0.062467197336227444,0.9652960439485047,-34.823591836935364
136,137.0,0.49302328402468576,1.7876224732333361,0.19193689832737343,0.424369344843273,0.027315055192288676,0.062467197325920786,0.9652960209868515,-34.82359183924527
137,138.0,0.13348638879185826,0.7977631757238476,0.19193691110397992,0.4243693383097765,0.027315055192288988,0.06246719732592116,0.9652960215625982,-34.82359183924518
138,139.0,0.7031418599885316,7.02561033183877,0.1919367860804859,0.4243693428208043,0.027315055192379218,0.06246719732602432,0.965296022689203,-34.82359183922206
139,140.0,0.3955022829960092,8.0487926086833,0.3955022829960092,8.0487926086833,2.8976811343400315,0.6433929186452565,3.0308549447966016e-08,-2.173995385381766
140,141.0,0.9389111424467451,0.8117129385646568,0.1919368220198496,0.42436909245388416,0.027315055192616892,0.06246719732629608,0.9652960507030166,-34.82359183916115
141,142.0,0.013693211704964736,6.095535436952997,0.013693211704964736,6.095535436952997,2.897681213017751,0.6433929273799455,0.0,-2.1739951953180556
142,143.0,0.6342466561529945,7.968188524397784,0.1919372223291132,0.42436935319750624,0.027315055192990045,0.0624671973267228,0.9652960157854699,-34.82359183906553
143,144.0,0.07618611779440376,1.850883282806816,0.19193688424800726,0.42436948297079874,0.02731505519240042,0.06246719732604858,0.9652960054562099,-34.82359183921663
144,145.0,0.9507445914868138,7.715077094174732,0.19193751637672732,0.4243694279872033,0.027315055194867648,0.06246719732886976,0.965296003416984,-34.823591838584356
145,146.0,0.6629505592411508,7.2823208156743,0.19193688269304784,0.42436933591503667,0.027315055192290577,0.06246719732592296,0.9652960222077267,-34.823591839244784
146,147.0,0.6897473778437555,4.294622913064306,0.19193696037767916,0.42436907818428554,0.027315055192664354,0.06246719732635035,0.9652960505115833,-34.82359183914899
147,148.0,0.1004699028218039,4.672163526443882,0.1004699028218039,4.672163526443882,2.8976812130177505,0.6433929273799455,0.0,-2.1739951953180565
148,149.0,0.07198740267101278,5.822883970295082,0.07198740267101278,5.822883970295082,2.897681213017751,0.6433929273799455,0.0,-2.1739951953180556
149,150.0,0.9138208544833536,6.627350500115518,0.19193687839153004,0.42436930285253366,0.027315055192296975,0.0624671973259303,0.9652960260257957,-34.82359183924314
150,151.0,0.3528602330240763,8.687741686400441,0.3528602330240763,8.687741686400441,2.8976812115962653,0.6433929272221341,5.793939772402723e-10,-2.1739951987519737
151,152.0,0.3131217519430112,8.455061363576096,0.3131217519430112,8.455061363576096,2.8976812128393132,0.6433929273601356,7.674061386353515e-11,-2.1739951957491126
152,153.0,0.7517555360406716,4.65897258897982,0.1919373786132655,0.42436911840943026,0.02731505519417632,0.06246719732807923,0.965296040446761,-34.82359183876152
153,154.0,0.39099927695853,4.754636140087256,0.19193686543210972,0.4243693442156594,0.027315055192297433,0.06246719732593082,0.9652960214897397,-34.82359183924302
154,155.0,0.9953479608372402,9.198054602178967,0.19193684267217942,0.4243699071069474,0.027315055193986897,0.06246719732786265,0.9652959577455504,-34.82359183881007
155,156.0,0.2611174909636147,4.935978800453565,0.26117824236755416,4.9359748924684945,2.897680188803041,0.6433928136730692,4.72729215217349e-07,-2.1739976695392373
156,157.0,0.7246312333887893,1.2166988181290215,0.1919368970997092,0.42436933252372955,0.027315055192288468,0.0624671973259206,0.9652960224045962,-34.823591839245324
157,158.0,0.42651400781912274,5.669123055064999,0.19193672464396214,0.4243692347581026,0.02731505519253799,0.06246719732620588,0.9652960357896596,-34.823591839181375
158,159.0,0.17285386029638183,3.0235531015918538,0.19193740626298347,0.42436923503345286,0.02731505519412751,0.062467197328023444,0.9652960268152546,-34.82359183877403
159,160.0,0.6376401665920663,3.48028218705837,0.19193683651213067,0.42436895557640186,0.027315055193031953,0.0624671973267707,0.9652960660859239,-34.823591839054785
160,161.0,0.468618888722783,0.17828571532522644,0.19193724860708306,0.42436948140392833,0.027315055193176088,0.0624671973269355,0.9652960008541834,-34.82359183901785
161,162.0,0.07899775772526207,8.922034639648855,0.07899775772526207,8.922034639648855,2.897681213017751,0.6433929273799455,0.0,-2.1739951953180556
162,163.0,0.1557436540373568,4.020070914495942,0.1557436540373568,4.020070914495942,2.8976812022815404,0.6433929261880267,5.66998048512346e-09,-2.1739952212537847
163,164.0,0.9161968416715014,7.688885665915315,0.191936852433389,0.4243692536667999,0.02731505519233598,0.06246719732597488,0.9652960319623266,-34.823591839233146
164,165.0,0.34652200228437613,4.637272718860317,0.19193679841979816,0.4243694417257036,0.027315055192425004,0.06246719732607667,0.9652960112745469,-34.82359183921033
165,166.0,0.05263467761830354,4.515880915471417,0.05263467761830354,4.515880915471417,2.897681213017751,0.6433929273799455,0.0,-2.1739951953180556
166,167.0,0.33519399594730814,7.2090354016155604,0.33519399594730814,7.2090354016155604,2.8976811767032915,0.6433929233483657,1.5157609056792865e-08,-2.1739952830437916
167,168.0,0.024274066891247226,7.355582968094912,0.024274066891247226,7.355582968094912,2.897681213017751,0.6433929273799455,0.0,-2.1739951953180556
168,169.0,0.46867359889193294,5.3518218497809205,0.1919349882258056,0.424371968939109,0.027315055256650594,0.06246719739951588,0.9652957474361598,-34.82359182275131
169,170.0,0.3241532322144488,0.19889353657264966,0.19193678521188887,0.42436937802313085,0.027315055192392444,0.06246719732603947,0.9652960186954808,-34.82359183921868
170,171.0,0.8821693099552755,2.316367941609047,0.19193574925066612,0.4243692754033025,0.027315055201302264,0.062467197336227444,0.9652960439485047,-34.823591836935364
171,172.0,0.20283469718216596,4.145740110461006,0.2028809712778567,4.145737268290046,2.897680623983676,0.6433928619862136,2.937083443121935e-07,-2.1739966182623487
172,173.0,0.3418527895324436,7.072124427330556,0.3418527895324436,7.072124427330556,2.8976811345831024,0.643392918672242,3.244592761131315e-08,-2.1739953847945737
173,174.0,0.0558582855428954,6.904175894977669,0.0558582855428954,6.904175894977669,2.897681213017751,0.6433929273799455,0.0,-2.1739951953180556
174,175.0,0.6550547491664206,6.975368516572589,0.191936889882855,0.4243693692804232,0.02731505519229475,0.062467197325927724,0.96529601831731,-34.82359183924371
175,176.0,0.7816020625607619,2.515187910069226,0.19193692573847823,0.42436919160495884,0.027315055192402415,0.06246719732605086,0.9652960380617597,-34.82359183921612
176,177.0,0.8690505021341719,6.109515435950512,0.1919370978378171,0.4243695079365439,0.0273150551926723,0.062467197326359455,0.9652959998138072,-34.82359183914696
177,178.0,0.15417057514601773,4.010287685302259,0.15417057514601773,4.010287685302259,2.8976812036726676,0.6433929263424676,4.944162301789845e-09,-2.1739952178932045
178,179.0,0.5241678911913614,8.614769929005503,0.5242353039330779,8.614765399295937,2.897678835024192,0.6433926633784149,7.805281774242445e-07,-2.174000939898124
179,180.0,0.8477262658705589,0.1610412343819718,0.19193663076112882,0.42436997951860755,0.027315055195026892,0.062467197329051816,0.9652959522856174,-34.82359183854354
180,181.0,0.00430358966307931,6.940052265558213,0.00430358966307931,6.940052265558213,2.897681213017751,0.6433929273799455,0.0,-2.1739951953180556
181,182.0,0.8243145029839025,2.0410520014997315,0.19193574925066612,0.4243692754033025,0.027315055201302264,0.062467197336227444,0.9652960439485047,-34.823591836935364
182,183.0,0.4954818078790302,1.6344336942277533,0.19193691383512898,0.42436932793929144,0.027315055192289925,0.06246719732592222,0.9652960227066615,-34.82359183924495
183,184.0,0.9028051380123832,6.807136646930174,0.19193670232757426,0.4243695254174963,0.027315055192769784,0.062467197326470915,0.965296003012727,-34.823591839121974
184,185.0,0.8518132211372373,8.276232262208605,0.1919368950735721,0.4243686215450877,0.02731505519487636,0.062467197328879676,0.9652961033213457,-34.823591838582125
185,186.0,0.908075681370249,8.145957392159165,0.19193632658478502,0.42436868913464,0.02731505519634776,0.062467197330562184,0.9652961030865476,-34.82359183820505
186,187.0,0.00010020088499784752,8.684543720675396,0.00010020088499784752,8.684543720675396,2.897681213017751,0.6433929273799455,0.0,-2.1739951953180556
187,188.0,0.300538392488677,8.596093807510789,0.300538392488677,8.596093807510789,2.8976812129773264,0.6433929273754577,1.7685408693068894e-11,-2.17399519541571
188,189.0,0.9560827568010397,0.9977565044419204,0.19193688176526666,0.42436934881612265,0.027315055192291746,0.06246719732592432,0.9652960207520901,-34.82359183924448
189,190.0,0.7094541584735297,4.45703074280579,0.19193674303475977,0.42436921069429473,0.027315055192522215,0.06246719732618782,0.965296038286307,-34.82359183918542
190,191.0,0.6041324031560165,7.9251461463334945,0.1919369582039921,0.42436929842992904,0.027315055192320005,0.06246719732595664,0.9652960254820239,-34.82359183923724
191,192.0,0.5947180022341196,6.427977979687232,0.1919368719444749,0.4243693466687288,0.02731505519229478,0.06246719732592779,0.9652960211252243,-34.8235918392437
192,193.0,0.894079971519108,4.741559552462911,0.19193694664409505,0.42436942072032496,0.027315055192334896,0.06246719732597367,0.9652960117202358,-34.82359183923342
193,194.0,0.8175709514094714,7.597868151023772,0.19193682047037464,0.42436944761588813,0.027315055192402297,0.06246719732605069,0.9652960103151952,-34.82359183921615
194,195.0,0.1154576109725346,7.486287806739656,0.1154576109725346,7.486287806739656,2.897681213017751,0.6433929273799455,0.0,-2.1739951953180556
195,196.0,0.8220673932445336,7.32267684884186,0.19193686079362135,0.4243693397952452,0.02731505519229946,0.06246719732593314,0.9652960220535083,-34.823591839242496
196,197.0,0.1136477574421727,0.13636673303247387,0.19193685739642705,0.4243694487990588,0.02731505519236893,0.06246719732601258,0.9652960096962651,-34.8235918392247
197,198.0,0.4152589188197271,8.819183404693373,0.4152589188197271,8.819183404693373,2.8976811836927716,0.6433929241243279,1.1010743872219564e-08,-2.1739952661591317
198,199.0,0.5018445110863585,0.6316789965774794,0.19193689628292504,0.4243693214373298,0.02731505519228958,0.062467197325921826,0.9652960236766517,-34.82359183924504
199,200.0,0.03710239651424374,0.7748408746086054,0.1919371326334806,0.42436928246999117,0.02731505519268033,0.06246719732636866,0.9652960250093496,-34.823591839144896
200,201.0,0.1201309945082244,7.866941929422855,0.1201309945082244,7.866941929422855,2.897681213017751,0.6433929273799455,0.0,-2.1739951953180556
201,202.0,0.7669330858444792,9.803891751207527,0.19193674284960205,0.4243691748591408,0.027315055192570038,0.06246719732624248,0.9652960423658392,-34.82359183917316
202,203.0,0.6881670401369303,9.00540828571648,0.1919369048985594,0.4243694560227327,0.027315055192359935,0.06246719732600226,0.9652960082513335,-34.82359183922701
203,204.0,0.3389648143410464,3.9644545644881024,0.1919368402453074,0.4243691982331997,0.027315055192403626,0.06246719732605221,0.9652960384290763,-34.82359183921581
204,205.0,0.43942422303072703,6.716502187078623,0.19193707172627356,0.4243694378959944,0.027315055192524276,0.0624671973261902,0.9652960081251597,-34.82359183918489
205,206.0,0.11433696696465256,5.669496946442475,0.11433696696465256,5.669496946442475,2.897681213017751,0.6433929273799455,0.0,-2.1739951953180556
206,207.0,0.25225104110555285,3.1798409144716513,0.19193682877433632,0.4243693113656745,0.0273150551923256,0.06246719732596303,0.9652960257080242,-34.8235918392358
207,208.0,0.6311062619265873,1.8758120815208599,0.1919368781443945,0.424369205052453,0.02731505519237727,0.06246719732602211,0.9652960371561102,-34.82359183922256
208,209.0,0.34134854094427947,4.930543178606224,0.19193723482478073,0.4243693843892163,0.027315055193046976,0.06246719732678792,0.9652960120727155,-34.82359183905094
209,210.0,0.49956761959939155,3.778009271163238,0.19193719462382805,0.4243700729317993,0.0273150551954364,0.062467197329520066,0.965295934262073,-34.8235918384386
210,211.0,0.23036531594803034,3.301840403781786,0.19193720846406648,0.42436950846863475,0.027315055193037795,0.06246719732677739,0.965295998301721,-34.82359183905329
211,212.0,0.8248726759536087,4.804845518282919,0.19193687929894854,0.4243692966033217,0.027315055192298994,0.06246719732593257,0.9652960267248896,-34.823591839242624
212,213.0,0.7105988840099029,6.332657554105082,0.19193689475754838,0.4243693326177682,0.027315055192288627,0.06246719732592073,0.9652960224246195,-34.82359183924528
213,214.0,0.9940491815072817,6.013343076670523,0.19193514636756287,0.42436949735106294,0.027315055213675804,0.06246719735037608,0.9652960265885133,-34.82359183376441
214,215.0,0.9389137273659,5.410269354269338,0.19193683784181656,0.42436921271330225,0.027315055192386903,0.062467197326033126,0.9652960368131475,-34.82359183922009
215,216.0,0.3374804409747504,9.283187426242907,0.3374804409747504,9.283187426242907,2.897681212929295,0.6433929273701253,3.68075570023052e-11,-2.1739951955317416
216,217.0,0.3818459320000057,4.329962703977254,0.19193676495450254,0.4243694158731105,0.02731505519245545,0.06246719732611148,0.9652960146548005,-34.82359183920253
217,218.0,0.078445838914182,4.625294322511479,0.078445838914182,4.625294322511479,2.897681213017751,0.6433929273799455,0.0,-2.1739951953180556
218,219.0,0.5973191564400274,5.749010009200436,0.19193690721544282,0.4243693479706161,0.02731505519228912,0.06246719732592129,0.9652960205144552,-34.823591839245154
219,220.0,0.7315835679445646,5.196503389586056,0.19193679795893528,0.42436948554091497,0.027315055192485834,0.06246719732614623,0.965296006295545,-34.82359183919474
220,221.0,0.476368392979753,8.161228421144896,0.47641306835428743,8.161225490156355,2.8976798304913602,0.6433927738938058,4.806489649622492e-07,-2.1739985351219655
221,222.0,0.594246359586026,3.027283046237432,0.19193757043312917,0.4243689827001374,0.027315055196185236,0.062467197330376326,0.9652960533684275,-34.8235918382467
222,223.0,0.1436894185583124,6.9002489156116775,0.1436894185583124,6.9002489156116775,2.897681213017751,0.6433929273799455,0.0,-2.1739951953180556
223,224.0,0.8883633248555586,7.960641760256361,0.19193681993865067,0.4243692352293594,0.02731505519237842,0.0624671973260234,0.9652960344862339,-34.82359183922227
224,225.0,0.7885643393608149,6.308951412950879,0.19193713657984543,0.4243690759801129,0.027315055193064326,0.062467197326807736,0.9652960484505069,-34.823591839046486
225,226.0,0.4197080742992212,5.267657078522253,0.19193718415371022,0.4243693520516286,0.027315055192833143,0.062467197326543364,0.9652960164167953,-34.82359183910574
226,227.0,0.4808239942768604,7.59092071041734,0.19193682439770077,0.42436942066231487,0.027315055192369403,0.0624671973260131,0.9652960133303072,-34.82359183922458
227,228.0,0.8947472895394163,1.6435247034967868,0.19193695352363058,0.4243692475434425,0.027315055192351514,0.06246719732599265,0.9652960313329563,-34.82359183922917
228,229.0,0.27313027165176496,1.3669036026934855,0.19193779724308654,0.4243700378017873,0.02731505519972373,0.062467197334422464,0.9652959303490769,-34.82359183733989
229,230.0,0.023396085009785517,1.240152102972197,0.19193679897321192,0.42436997095628753,0.02731505519445103,0.06246719732839332,0.9652959510541509,-34.82359183869112
230,231.0,0.39511177243548234,9.644629426571925,0.39511177243548234,9.644629426571925,2.8976812116565354,0.6433929272288252,5.246406642456236e-10,-2.173995198606378
231,232.0,0.1536688819463934,4.274968888918769,0.1536688819463934,4.274968888918769,2.89768121145368,0.6433929272063046,8.279678054279316e-10,-2.17399519909642
232,233.0,0.23844959919056596,6.580492137388191,0.23844959919056596,6.580492137388191,2.8976812127817793,0.6433929273537483,1.122978376955075e-10,-2.1739951958880983
233,234.0,0.5658804652345001,3.475797199891315,0.191937470705008,0.4243696323179528,0.027315055194802398,0.06246719732879515,0.9652959807692579,-34.823591838601075
234,235.0,0.3955682542868122,3.1504191141767066,0.1919367126218605,0.4243686754716342,0.027315055194639566,0.06246719732860895,0.9652960995792506,-34.82359183864281
235,236.0,0.03437314203726205,0.8171844324515622,0.19193701481564598,0.42436912356790407,0.02731505519262788,0.06246719732630864,0.9652960446339619,-34.82359183915834
236,237.0,0.7424987149339723,3.04927364912138,0.19193689092756136,0.42436932025871954,0.02731505519229023,0.06246719732592255,0.9652960238809936,-34.82359183924487
237,238.0,0.4580687157382408,0.2907997293252783,0.19193691872538787,0.42436921020182267,0.02731505519237359,0.0624671973260179,0.9652960360379279,-34.8235918392235
238,239.0,0.4092698809172933,1.1618952050466538,0.19193690991469098,0.42436936037029055,0.027315055192291455,0.06246719732592397,0.9652960190682902,-34.82359183924455
239,240.0,0.4194668421507364,1.7550650101433665,0.19193694414197332,0.42436922967737073,0.02731505519236313,0.06246719732600592,0.9652960334887122,-34.82359183922618
240,241.0,0.4193542067619952,5.521482464373005,0.1919370096265431,0.42436901124072823,0.027315055192936033,0.062467197326661006,0.9652960574818311,-34.82359183907937
241,242.0,0.2172121670584093,4.863442071509396,0.2172121670584093,4.863442071509396,2.897681150897428,0.6433929204834351,3.0405281736811673e-08,-2.1739953453836547
242,243.0,0.6509914045811813,6.597490446611189,0.1919368833858061,0.4243701386006909,0.02731505519555804,0.06246719732965918,0.9652959308733047,-34.82359183840743
243,244.0,0.3555967048185871,3.592878614132661,0.19193688767752412,0.42436936562503147,0.02731505519229403,0.06246719732592692,0.9652960187621252,-34.82359183924389
244,245.0,0.17510765412244078,6.779998668322922,0.17510765412244078,6.779998668322922,2.897681213017737,0.643392927379944,7.327471962526033e-15,-2.1739951953180894
245,246.0,0.31721543028152055,1.1852886699418756,0.1919368984810746,0.4243692307780708,0.027315055192345103,0.062467197325985345,0.9652960339624534,-34.82359183923081
246,247.0,0.20756643995377477,5.398550800805324,0.20756643995377477,5.398550800805324,2.897681210997219,0.643392927155629,1.0014394868917975e-09,-2.173995200199104
247,248.0,0.6198627880226523,1.7504091391550283,0.19193688550927276,0.42436932743263467,0.02731505519229025,0.06246719732592261,0.9652960231358617,-34.82359183924486
248,249.0,0.4635713080900783,7.216046466978024,0.19193688979187648,0.4243693324061622,0.027315055192289193,0.062467197325921396,0.9652960225138297,-34.82359183924514
249,250.0,0.19598260449963012,7.535644345086778,0.19598260449963012,7.535644345086778,2.8976812130177407,0.6433929273799444,4.884981308350689e-15,-2.1739951953180796
250,251.0,0.8451661694777745,3.549617632932778,0.1919375331245152,0.4243694869897806,0.0273150551950492,0.06246719732907734,0.9652959964842526,-34.82359183853783
251,252.0,0.21480473490267604,7.440513715216877,0.21480473490267604,7.440513715216877,2.8976812130174388,0.6433929273799108,1.532107773982716e-13,-2.1739951953188106
252,253.0,0.08626366703736499,4.489816903716545,0.08626366703736499,4.489816903716545,2.897681213017751,0.6433929273799455,0.0,-2.1739951953180556
253,254.0,0.1338472380115523,1.5336730978412008,0.19193722171459818,0.4243693250000999,0.027315055192994434,0.06246719732672783,0.9652960190016369,-34.8235918390644
254,255.0,0.7586582674859246,5.205190264162586,0.19193689532889674,0.42436933414302064,0.027315055192288527,0.06246719732592061,0.9652960222435913,-34.8235918392453
255,256.0,0.718999727940438,1.9210625198993694,0.19193675331740048,0.42436884817795734,0.02731505519358501,0.06246719732740308,0.9652960793961951,-34.82359183891305
256,257.0,0.9304306770387856,9.330059289485382,0.19193684464666128,0.4243691550272683,0.02731505519246867,0.06246719732612663,0.9652960432870389,-34.82359183919914
257,258.0,0.6791694093026619,9.03222210827878,0.19193687752364857,0.42436935147919685,0.027315055192293426,0.06246719732592621,0.9652960205047383,-34.823591839244045
258,259.0,0.5498492620251981,5.9557690918174595,0.1919371318105801,0.4243696645001178,0.027315055193131127,0.06246719732688408,0.9652959815552413,-34.823591839029376
259,260.0,0.7124043081039184,4.703627182225488,0.19193722866017063,0.42436962057255034,0.027315055193349556,0.062467197327133864,0.9652959852822504,-34.82359183897339
260,261.0,0.5418431268160813,1.455922066449236,0.1919368839968853,0.4243694743022664,0.027315055192387926,0.062467197326034285,0.9652960064457586,-34.82359183921983
261,262.0,0.9331626091753145,8.25565898209926,0.19193693218750343,0.42436859363993484,0.027315055195112316,0.062467197329149515,0.9652961060092666,-34.82359183852165
262,263.0,0.06791832590604296,7.9088043149899,0.06791832590604296,7.9088043149899,2.897681213017751,0.6433929273799455,0.0,-2.1739951953180556
263,264.0,0.34744975898398345,6.775053469233621,0.34746188261941874,6.77505275869088,2.897680965576477,0.6433928999093652,1.0158943775095963e-07,-2.173995793068073
264,265.0,0.014148391631743196,5.280038923356216,0.014148391631743196,5.280038923356216,2.897681213017751,0.6433929273799455,0.0,-2.1739951953180556
265,266.0,0.4343604152571311,1.8777226730144796,0.19193700756869725,0.4243692780274339,0.027315055192388728,0.06246719732603518,0.9652960271556827,-34.823591839219624
266,267.0,0.8614745191351958,9.142602459151759,0.1919368743522831,0.42436937462390173,0.027315055192301225,0.06246719732593517,0.9652960179130726,-34.823591839242056
267,268.0,0.912270126899491,2.5950821380206572,0.19193574925066612,0.4243692754033025,0.027315055201302264,0.062467197336227444,0.9652960439485047,-34.823591836935364
268,269.0,0.9069713243893641,4.318402755716622,0.19193688738014733,0.42436932777528485,0.02731505519228987,0.062467197325922146,0.965296023072337,-34.82359183924496
269,270.0,0.9696510253239463,3.993785928326568,0.19193701840529168,0.4243700911456862,0.027315055195188363,0.06246719732923644,0.9652959345015865,-34.82359183850217
270,271.0,0.4080224107652256,4.6568485530942425,0.19193694368159256,0.4243698108396841,0.027315055193421305,0.06246719732721585,0.9652959673735416,-34.82359183895501
271,272.0,0.9418588206961017,1.6847220912565517,0.191937045866034,0.42436924073329424,0.027315055192490247,0.0624671973261513,0.965296030896314,-34.82359183919361
272,273.0,0.3225381766308397,9.080335138801443,0.3225381766308397,9.080335138801443,2.897681212965602,0.643392927374156,2.2142510047729047e-11,-2.173995195444034
273,274.0,0.2813719209127712,2.8124045067935106,0.191937121970425,0.42436868066434724,0.027315055194926222,0.06246719732893669,0.965296093618156,-34.82359183856934
274,275.0,0.6980389148304037,4.952965747480316,0.1919373075969988,0.42436837187956966,0.02731505519846801,0.06246719733298659,0.9652961263126619,-34.823591837661695
275,276.0,0.34667311729909245,9.551225617179796,0.34667311729909245,9.551225617179796,2.8976812129385436,0.6433929273711521,3.2553737483453915e-11,-2.1739951955093986
276,277.0,0.3960593169425395,3.194462828006728,0.1919371116215933,0.4243690211097474,0.02731505519315286,0.06246719732690893,0.9652960550207482,-34.823591839023806
277,278.0,0.7622537836171119,0.024653945150715843,0.19193687762823775,0.42436934031710366,0.027315055192292145,0.062467197325924734,0.965296021773321,-34.82359183924438
278,279.0,0.028640927927633952,3.615235655686249,0.028640927927633952,3.615235655686249,2.897681213017751,0.6433929273799455,0.0,-2.1739951953180556
279,280.0,0.7548335096431922,5.474455362155343,0.19193677105756987,0.4243695025479839,0.02731505519256098,0.06246719732623218,0.9652960047133804,-34.823591839175485
280,281.0,0.999148618494409,0.4397965159610726,0.19193690020386825,0.4243693274914133,0.027315055192288724,0.062467197325920834,0.965296022936424,-34.82359183924525
281,282.0,0.4509955678428641,9.613003563670176,0.4509955678428641,9.613003563670176,2.8976811898241586,0.6433929248050259,8.321788369514138e-09,-2.1739952513473897
282,283.0,0.9028281449648502,9.275588730168192,0.19193702130794849,0.42436932052417486,0.027315055192390136,0.06246719732603681,0.9652960221404343,-34.82359183921927
283,284.0,0.720128935905379,2.4325765914320185,0.19193688822844254,0.42436943567177043,0.027315055192339968,0.062467197325979454,0.9652960107854041,-34.82359183923212
284,285.0,0.5775734107380324,3.075695927782031,0.1919364710544813,0.424368506255204,0.02731505519673932,0.0624671973310099,0.9652961219993297,-34.823591838104704
285,286.0,0.7200793992778968,3.9366043346745623,0.19193691651110845,0.42436930334844253,0.027315055192296083,0.062467197325929244,0.9652960254693512,-34.82359183924337
286,287.0,0.4966324975003036,6.381393538831893,0.19193628765836387,0.4243682990568931,0.027315055199767548,0.06246719733447257,0.9652961479773077,-34.823591837328664
287,288.0,0.10488417194647526,5.745783418048612,0.10488417194647526,5.745783418048612,2.897681213017751,0.6433929273799455,0.0,-2.1739951953180556
288,289.0,0.9778134334077875,2.663241417808672,0.19193574925066612,0.4243692754033025,0.027315055201302264,0.062467197336227444,0.9652960439485047,-34.823591836935364
289,290.0,0.5220815959775214,3.415940841329747,0.19193688091685412,0.42436923296073853,0.027315055192343958,0.06246719732598405,0.965296033944518,-34.8235918392311
290,291.0,0.5664025869083903,4.357683470783291,0.19193647253166624,0.42436893678618937,0.02731505519420573,0.062467197328112845,0.9652960729969436,-34.823591838753984
291,292.0,0.9365707223622408,5.575367338922526,0.1919368845245702,0.42436923478475047,0.027315055192341488,0.062467197325981154,0.9652960336896708,-34.82359183923173
292,293.0,0.2762229874117167,0.9724105424499788,0.19193689582684828,0.42436930376519405,0.0273150551922939,0.06246719732592679,0.9652960256932591,-34.82359183924393
293,294.0,0.19515015698754534,3.9572119101283625,0.19521597100847976,3.957207691280843,2.8976803861533025,0.6433928355826192,4.163392246514519e-07,-2.1739971927951895
294,295.0,0.7030831182381315,0.1488843828926481,0.19193679218339801,0.42437005884452256,0.027315055195076272,0.0624671973291083,0.9652959411436569,-34.823591838530895
295,296.0,0.6632362013771737,5.401807752005749,0.19193686943555702,0.4243692636779528,0.027315055192320258,0.06246719732595687,0.9652960306003083,-34.823591839237174
296,297.0,0.09761587763940227,7.856725026474085,0.09761587763940227,7.856725026474085,2.897681213017751,0.6433929273799455,0.0,-2.1739951953180556
297,298.0,0.414093125353611,1.9414412067190954,0.1919361589106705,0.42436860902817075,0.027315055198269225,0.062467197332759274,0.9652961143983448,-34.82359183771264
298,299.0,0.5211729561185703,4.698724660567089,0.191936964534277,0.4243693135467174,0.027315055192319863,0.06246719732595645,0.9652960236790903,-34.823591839237274
299,300.0,0.05561526267263772,3.542597111105866,0.05561526267263772,3.542597111105866,2.897681213017751,0.6433929273799455,0.0,-2.1739951953180556
300,301.0,0.651982926549807,5.092067911213628,0.19193720756417673,0.42436945367618495,0.0273150551929684,0.06246719732669803,0.9652960045474489,-34.82359183907107
301,302.0,0.6789262008116023,8.529286859591561,0.19193649356523357,0.4243697392637957,0.027315055194381578,0.062467197328313954,0.9652959814194306,-34.82359183870892
302,303.0,0.3577189538302835,9.989308283548546,0.3577189538302835,9.989308283548546,2.897681212967207,0.6433929273743342,2.0468404748896774e-11,-2.1739951954401553
303,304.0,0.13260871204118319,4.525847077801672,0.13260871204118319,4.525847077801672,2.897681213010232,0.6433929273791109,4.072742143534924e-12,-2.1739951953362198
304,305.0,0.1131497809005707,7.8991752915731395,0.1131497809005707,7.8991752915731395,2.897681213017751,0.6433929273799455,0.0,-2.1739951953180556
305,306.0,0.48079202204648686,3.394766776985037,0.19193665788800496,0.4243694314614153,0.027315055192756708,0.062467197326455975,0.9652960142852827,-34.82359183912532
306,307.0,0.3175079122293386,7.46268545978074,0.3175079122293386,7.46268545978074,2.897681207336359,0.6433929267492055,2.4288792088711375e-09,-2.173995209042735
307,308.0,0.2112032833135049,7.009334608024718,0.2112032833135049,7.009334608024718,2.8976812130163214,0.6433929273797868,7.05324687544362e-13,-2.1739951953215098
308,309.0,0.7284541655554339,9.416832769656697,0.19193689553441443,0.4243693327032474,0.027315055192288572,0.062467197325920674,0.965296022404704,-34.82359183924529
309,310.0,0.09915391727437306,0.293382038981704,0.19193678127208144,0.42436945451738756,0.02731505519246829,0.06246719732612618,0.9652960100440736,-34.82359183919923
310,311.0,0.6086834515377618,9.639038462012033,0.19193690115439987,0.42436933010656647,0.027315055192288527,0.06246719732592061,0.9652960226264199,-34.8235918392453
311,312.0,0.7441983134441151,2.4889576590647122,0.19193574925066612,0.4243692754033025,0.027315055201302264,0.062467197336227444,0.9652960439485047,-34.823591836935364
312,313.0,0.586613726647282,1.0245690989132497,0.19193662974766101,0.4243700969226248,0.027315055195892467,0.06246719733004155,0.9652959389411416,-34.823591838321725
313,314.0,0.8258357676931566,4.084705433226632,0.1919368933444117,0.4243693518076054,0.027315055192289935,0.062467197325922236,0.9652960202598547,-34.82359183924494
314,315.0,0.8820269768912086,8.104067333840332,0.19193688716998417,0.4243693216065834,0.027315055192290584,0.06246719732592297,0.9652960237769302,-34.82359183924478
315,316.0,0.5565583612117427,0.5616786330833412,0.19193685801414767,0.42436937647797035,0.027315055192310284,0.062467197325945495,0.9652960179164269,-34.823591839239725
316,317.0,0.6426888690945602,6.074112470071543,0.19193704993801786,0.4243687082499275,0.027315055194520942,0.06246719732847329,0.9652960914249071,-34.8235918386732
317,318.0,0.7273379232542266,4.315266470114583,0.19193691898337314,0.424369049959294,0.027315055192711782,0.0624671973264046,0.9652960542658616,-34.82359183913684
318,319.0,0.8200557387892861,0.8221097121645369,0.19193631655999344,0.4243694147503274,0.02731505519468954,0.062467197328666076,0.9652960206613019,-34.82359183863
319,320.0,0.8591433726128633,2.6775222362733646,0.19193574925066612,0.4243692754033025,0.027315055201302264,0.062467197336227444,0.9652960439485047,-34.823591836935364
320,321.0,0.19781648122383377,4.787638004300892,0.19781648122383377,4.787638004300892,2.8976811977628794,0.6433929256863712,7.655797662486918e-09,-2.1739952321696254
321,322.0,0.7672664198428846,0.14682896998553852,0.19193739762503198,0.42436923941509286,0.027315055194061404,0.062467197327947824,0.9652960264301294,-34.823591838790975
322,323.0,0.6531279145880792,9.578049589839635,0.19193716370325256,0.42436926250083756,0.027315055192804128,0.06246719732651019,0.9652960268736122,-34.82359183911318
323,324.0,0.4239777089807215,9.18929094092424,0.4239777089807215,9.18929094092424,2.89768119482049,0.6433929253597115,6.756493808879327e-09,-2.1739952392776285
324,325.0,0.20611027059831621,6.48335925716853,0.20611027059831621,6.48335925716853,2.897681213008772,0.6433929273789487,4.458544644592166e-12,-2.1739951953397467
325,326.0,0.3133871712880305,1.0372549883035334,0.19193690567012947,0.4243692286132854,0.027315055192348208,0.06246719732598888,0.9652960341144464,-34.82359183923001
326,327.0,0.41601863709447706,9.92230083921878,0.41601863709447706,9.92230083921878,2.8976812108752465,0.6433929271420877,8.036660226196091e-10,-2.1739952004937564
327,328.0,0.024344849042309935,7.846619370579796,0.024344849042309935,7.846619370579796,2.897681213017751,0.6433929273799455,0.0,-2.1739951953180556
328,329.0,0.007527506136489448,9.073740272863608,0.007527506136489448,9.073740272863608,2.897681213017751,0.6433929273799455,0.0,-2.1739951953180556
329,330.0,0.35753107724165933,3.0115634752559033,0.1919365073529701,0.4243700408128768,0.027315055196092498,0.06246719733027029,0.9652959469296333,-34.82359183827047
330,331.0,0.6662436887709483,1.4081462032173258,0.19193693435403053,0.42436936454014207,0.02731505519229898,0.062467197325932526,0.9652960182732873,-34.823591839242624
331,332.0,0.9872563352641202,2.4127985876624916,0.1919368749122496,0.4243693359484317,0.027315055192292912,0.06246719732592566,0.9652960223059864,-34.82359183924418
332,333.0,0.4432454915082783,5.0841197446580075,0.19193729885700844,0.42436926285010806,0.027315055193421766,0.06246719732721644,0.9652960250602268,-34.82359183895489
333,334.0,0.8302499616995275,6.803268864176517,0.19193709627949296,0.4243693293298184,0.027315055192550175,0.06246719732621981,0.96529602015496,-34.82359183917825
334,335.0,0.12410589665816052,9.123204645243632,0.12410589665816052,9.123204645243632,2.897681213017751,0.6433929273799455,0.0,-2.1739951953180556
335,336.0,0.8555464928777973,1.9343759930546363,0.19193687832595943,0.4243685359009325,0.027315055195525437,0.06246719732962187,0.9652961132849738,-34.82359183841579
336,337.0,0.38918334198079396,6.7001270147455925,0.38925581733987963,6.700122218582097,2.897679336134407,0.6433927190109817,7.289579833091864e-07,-2.173999729352926
337,338.0,0.7011183916661552,5.465381836730082,0.1919367706387623,0.4243695023748837,0.027315055192561465,0.0624671973262327,0.9652960047385672,-34.82359183917536
338,339.0,0.7646476016822438,7.582560630768628,0.1919368239979414,0.4243694228433053,0.02731505519237188,0.06246719732601595,0.96529601308741,-34.823591839223944
339,340.0,0.3605467935924851,8.39602916589573,0.3605467935924851,8.39602916589573,2.8976812078898884,0.6433929268106576,2.068732740667656e-09,-2.17399520770556
340,341.0,0.5707601065729324,1.6582048558227895,0.1919372697405271,0.4243695312406421,0.027315055193346698,0.06246719732713061,0.9652959949067629,-34.823591838974124
341,342.0,0.00015957412828238038,8.44985872084542,0.00015957412828238038,8.44985872084542,2.897681213017751,0.6433929273799455,0.0,-2.1739951953180556
342,343.0,0.4849322451635312,0.9064252040537442,0.19193688965799188,0.42436932788272186,0.02731505519228948,0.06246719732592168,0.965296023030235,-34.82359183924506
343,344.0,0.3086974386361322,1.8849474024427295,0.19193755172411833,0.4243688972077071,0.027315055196402177,0.062467197330624405,0.9652960633406518,-34.8235918381911
344,345.0,0.22276297702770553,4.725712280555744,0.22277696583782317,4.72571143678624,2.8976810311234997,0.643392907186303,8.838177434355998e-08,-2.1739956347244993
345,346.0,0.4655854671769535,9.389881525194223,0.4655854671769535,9.389881525194223,2.897681144013583,0.6433929197192005,2.4312424629080454e-08,-2.1739953620131294
346,347.0,0.09895842501651275,7.393884514986828,0.09895842501651275,7.393884514986828,2.897681213017751,0.6433929273799455,0.0,-2.1739951953180556
347,348.0,0.3384077349004232,8.007156090717773,0.3384077349004232,8.007156090717773,2.897681208905728,0.6433929269234345,1.7089274439996416e-09,-2.173995205251571
348,349.0,0.39272679850176295,1.8895506071056845,0.19193692376066024,0.42436933709204266,0.027315055192291826,0.06246719732592439,0.9652960215351205,-34.82359183924446
349,350.0,0.8808899115487026,7.262510860658515,0.19193688334569922,0.4243693357745666,0.027315055192290414,0.06246719732592277,0.9652960222151478,-34.82359183924482
350,351.0,0.6096454243053019,8.593129507899377,0.19193642942965985,0.42436965950499084,0.02731505519446344,0.062467197328407525,0.9652959913347704,-34.82359183868794
351,352.0,0.00581282310055975,0.11739773738870615,0.19193686242745095,0.4243695121382818,0.02731505519245983,0.0624671973261165,0.9652960024239077,-34.823591839201406
352,353.0,0.11446857247861097,8.65599246667788,0.11446857247861097,8.65599246667788,2.897681213017751,0.6433929273799455,0.0,-2.1739951953180556
353,354.0,0.04489656852049684,4.776831912080294,0.04489656852049684,4.776831912080294,2.897681213017751,0.6433929273799455,0.0,-2.1739951953180556
354,355.0,0.2141048947522235,8.408675516807063,0.2141048947522235,8.408675516807063,2.897681213017748,0.6433929273799452,1.4432899320127035e-15,-2.1739951953180636
355,356.0,0.6843656762437961,8.729882613346422,0.19193683640602457,0.42436927228902815,0.027315055192334313,0.06246719732597297,0.9652960300538269,-34.82359183923357
356,357.0,0.17604824568399036,6.378964518577687,0.17604824568399036,6.378964518577687,2.89768121301759,0.6433929273799277,8.315570454442422e-14,-2.1739951953184447
357,358.0,0.2735963004406734,2.416858782536149,0.19193688279984158,0.4243692990476726,0.027315055192297204,0.06246719732593055,0.9652960264008655,-34.82359183924308
358,359.0,0.17967916414892737,3.4307246299689678,0.19193733597856263,0.4243697786585241,0.027315055194404452,0.06246719732834008,0.9652959658878996,-34.82359183870306
359,360.0,0.3318061609592732,0.8980324849662098,0.19193682115711552,0.42436964046758063,0.02731505519281934,0.06246719732652758,0.9652959883645935,-34.82359183910927
360,361.0,0.9314606016545328,6.7455643540380095,0.1919370927698206,0.4243694321347115,0.02731505519256975,0.062467197326242216,0.9652960085045471,-34.82359183917323
361,362.0,0.6358938362861452,1.171116058149199,0.19193689943569844,0.4243694028258,0.027315055192310443,0.06246719732594564,0.965296014375417,-34.82359183923969
362,363.0,0.18278817588570118,9.186346587583532,0.18278817588570118,9.186346587583532,2.897681213017751,0.6433929273799455,0.0,-2.1739951953180556
363,364.0,0.16875670431830636,9.699016171362906,0.16875670431830636,9.699016171362906,2.897681213017751,0.6433929273799455,0.0,-2.1739951953180556
364,365.0,0.2682521431042634,0.09172357740396875,0.19193690651831014,0.4243693379126347,0.027315055192288506,0.062467197325920584,0.9652960216679343,-34.82359183924531
365,366.0,0.32658271421223417,4.962584466649487,0.19193691704937657,0.42436931870377487,0.027315055192291965,0.06246719732592453,0.9652960237152578,-34.82359183924442
366,367.0,0.5917366436200204,7.7137472317228895,0.19193684038586067,0.42436922954227424,0.02731505519236614,0.0624671973260094,0.9652960348650846,-34.823591839225415
367,368.0,0.2907673057194904,1.1987588480649611,0.19193655685427302,0.4243684672980851,0.02731505519667078,0.06246719733093155,0.9652961253065381,-34.82359183812227
368,369.0,0.24927278581828127,3.5378064658554194,0.19193675569670585,0.42436916594728946,0.027315055192559147,0.06246719732623006,0.9652960432112851,-34.82359183917595
369,370.0,0.5685161686587376,3.2981951945685353,0.19193726424385685,0.4243694918621013,0.02731505519326268,0.06246719732703451,0.9652959994591211,-34.823591838995654
370,371.0,0.7620315927855447,1.1389888610234935,0.1919376817242901,0.42436967794201763,0.027315055196811135,0.062467197331092045,0.9652959728081681,-34.8235918380863
371,372.0,0.40475100051618307,1.2109566310582967,0.19193686730476456,0.4243696015071177,0.027315055192658394,0.06246719732634354,0.9652959921920542,-34.823591839150524
372,373.0,0.15588438022828466,1.014279777656095,0.1919367260219,0.42436937330086033,0.027315055192509465,0.062467197326173264,0.9652960200090036,-34.82359183918868
373,374.0,0.04412857908137191,2.5094791116092514,0.04412857908137191,2.5094791116092514,2.897681213017748,0.6433929273799452,1.4432899320127035e-15,-2.1739951953180636
374,375.0,0.8848907906773477,4.864023614543377,0.19193703671630424,0.4243691404787486,0.027315055192632134,0.06246719732631353,0.9652960424226296,-34.823591839157245
375,376.0,0.20014462429497137,7.993880583533489,0.20014462429497137,7.993880583533489,2.8976812130177487,0.6433929273799454,8.881784197001252e-16,-2.173995195318061
376,377.0,0.5615272342153679,5.471246101973275,0.19193677099494896,0.424369502522947,0.027315055192561062,0.06246719732623222,0.9652960047170502,-34.82359183917546
377,378.0,0.5194571388178262,8.486393980889698,0.5195327228009629,8.486388918273125,2.8976785524516417,0.6433926320075971,8.781367285548569e-07,-2.174001622516201
378,379.0,0.150561137756565,1.6793099699014853,0.19193674349597672,0.4243700655211768,0.02731505519524477,0.06246719732930094,0.9652959410224551,-34.823591838487715
379,380.0,0.9440340486137496,3.568067217407147,0.19193721467199132,0.4243695092121388,0.027315055193064278,0.062467197326807666,0.9652959981356682,-34.8235918390465
380,381.0,0.13357112376207458,5.072737952380998,0.13357112376207458,5.072737952380998,2.8976812130175986,0.6433929273799286,8.22675261247241e-14,-2.1739951953184233
381,382.0,0.6450226657154136,3.0285068675128914,0.191936754499636,0.42436890526607635,0.02731505519332416,0.062467197327104824,0.965296072885595,-34.8235918389799
382,383.0,0.8372109411121287,7.570684958219774,0.19193682553197094,0.4243694162626838,0.02731505519236424,0.0624671973260072,0.9652960138159948,-34.8235918392259
383,384.0,0.10923444260751991,7.429529040003989,0.10923444260751991,7.429529040003989,2.897681213017751,0.6433929273799455,0.0,-2.1739951953180556
384,385.0,0.9712267201112251,9.83783583935241,0.19193682122625222,0.4243694604991329,0.027315055192417583,0.06246719732606818,0.9652960088395,-34.82359183921223
385,386.0,0.3125584710657052,7.797695614449056,0.3125584710657052,7.797695614449056,2.897681211618499,0.6433929272246026,6.022359277935152e-10,-2.173995198698263
386,387.0,0.24224646751844814,0.31354845528499803,0.19193680394887613,0.424369216047221,0.027315055192416487,0.06246719732606691,0.9652960368783786,-34.82359183921251
387,388.0,0.00014789473822374166,1.7421304505286273,0.00014789473822374166,1.7421304505286273,2.897681213017751,0.6433929273799455,0.0,-2.1739951953180556
388,389.0,0.36075739789728456,2.9370283891730553,0.1919368118032723,0.4243692630874785,0.027315055192364532,0.062467197326007536,0.9652960314234127,-34.82359183922583
389,390.0,0.44294812396655314,3.7995997053395087,0.1919370868813705,0.42436906784161366,0.027315055192933417,0.06246719732665804,0.9652960500285677,-34.82359183908004
390,391.0,0.5584389485010083,0.2940677786056273,0.19193689767941413,0.4243693275687938,0.027315055192288776,0.06246719732592093,0.9652960229607339,-34.82359183924524
391,392.0,0.16253915090776672,5.870188499628298,0.16253915090776672,5.870188499628298,2.8976812130174707,0.6433929273799144,1.4654943925052066e-13,-2.1739951953187324
392,393.0,0.3381761627858635,1.0773726247118132,0.19193689480315393,0.4243693221192635,0.027315055192289578,0.062467197325921854,0.9652960236184759,-34.82359183924504
393,394.0,0.5654158811539358,2.294886448378828,0.19193677469293474,0.4243694129422883,0.027315055192434722,0.06246719732608781,0.9652960148605361,-34.823591839207836
394,395.0,0.6908166751146685,5.199712800061417,0.19193689638162725,0.42436932735870975,0.02731505519228885,0.062467197325920994,0.9652960230016593,-34.823591839245225
395,396.0,0.9809471165861807,7.080832037759336,0.19193690354032034,0.4243693400441629,0.027315055192288388,0.06246719732592045,0.9652960214644853,-34.82359183924534
396,397.0,0.27360080108386775,4.038131220863432,0.19193699063217332,0.42436917278822656,0.027315055192492027,0.06246719732615334,0.9652960393512872,-34.823591839193156
397,398.0,0.0203190225921438,2.5399494636434103,0.0203190225921438,2.5399494636434103,2.897681213017751,0.6433929273799455,0.0,-2.1739951953180556
398,399.0,0.7595847420642394,2.1468065912076617,0.19193574925066612,0.4243692754033025,0.027315055201302264,0.062467197336227444,0.9652960439485047,-34.823591836935364
399,400.0,0.520161186918481,4.955455007112755,0.19193707399507898,0.4243691663056094,0.027315055192665114,0.06246719732635123,0.965296038995119,-34.8235918391488
400,401.0,0.5279360950904248,3.019096673626991,0.19193689413942652,0.42436933277341243,0.027315055192288676,0.0624671973259208,0.9652960224150192,-34.82359183924527
401,402.0,0.2672341217937757,7.24512872560694,0.2672341217937757,7.24512872560694,2.897681212760338,0.643392927351368,1.1783818365529442e-10,-2.173995195939894
402,403.0,0.4896604634697874,1.5081359627970758,0.1919369307540747,0.42436924649345165,0.02731505519233799,0.06246719732597719,0.9652960317511119,-34.82359183923263
403,404.0,0.06973459307468066,1.5538858453514561,0.191936896112555,0.42436927607231295,0.027315055192306887,0.06246719732594164,0.9652960288402328,-34.8235918392406
404,405.0,0.544901604219027,6.616613779253755,0.19193688903630077,0.4243698217939187,0.027315055193485278,0.06246719732728901,0.9652959668439673,-34.82359183893861
405,406.0,0.5126137365827884,7.92462136510521,0.19193576764522235,0.42436813388524375,0.027315055207221835,0.06246719734299624,0.9652961735840874,-34.82359183541836
406,407.0,0.4538413825819414,9.125193717187877,0.4538413825819414,9.125193717187877,2.8976811362350134,0.6433929188556348,2.745141680637886e-08,-2.173995380804012
407,408.0,0.11238194813335967,2.7391198610655563,0.11244865033271426,2.739115597809116,2.8976807349162725,0.6433928743017945,2.642092805649199e-07,-2.1739963502796886
408,409.0,0.8365344520006303,3.875049273340438,0.19193674988018736,0.424369161371811,0.027315055192577497,0.06246719732625102,0.9652960438081385,-34.82359183917125
409,410.0,0.5968752303231275,9.161367020108253,0.19193687367880613,0.42436937573282846,0.02731505519230194,0.062467197325935954,0.9652960177957395,-34.823591839241864
410,411.0,0.6422252666556221,3.432259059951333,0.1919375036842093,0.4243694908497876,0.02731505519480875,0.06246719732880237,0.9652959964315718,-34.82359183859945
411,412.0,0.46102374024164017,4.644083121082612,0.1919368998536374,0.4243693258297493,0.027315055192288898,0.06246719732592105,0.9652960231300719,-34.82359183924521
412,413.0,0.017254695255613295,1.914654096080522,0.017254695255613295,1.914654096080522,2.897681213017751,0.6433929273799455,0.0,-2.1739951953180556
413,414.0,0.24198956871784738,1.0610270253754355,0.1919368973887809,0.4243693434592299,0.02731505519228863,0.062467197325920744,0.965296021156631,-34.82359183924528
414,415.0,0.4883239818308035,0.8777173673843357,0.1919369090626456,0.4243693240823018,0.027315055192289668,0.06246719732592193,0.9652960232080883,-34.82359183924501
415,416.0,0.3651675402399436,3.61609914957843,0.1919374515673318,0.4243698103949038,0.027315055195270724,0.06246719732933062,0.965295960760072,-34.823591838481065
416,417.0,0.4463575069406339,5.7293103482352095,0.1919369113325112,0.4243693365437027,0.027315055192289044,0.062467197325921237,0.9652960217605333,-34.823591839245175
417,418.0,0.10566239473434946,3.327560784828948,0.10566239473434946,3.327560784828948,2.897681212356906,0.6433929273065795,3.67478825147316e-10,-2.1739951969144755
418,419.0,0.6139758109741099,5.681366483242386,0.19193688370773523,0.4243693075074692,0.027315055192294244,0.06246719732592716,0.9652960254264539,-34.82359183924384
419,420.0,0.8798760848993813,7.137582974337409,0.19193688320877744,0.42436931401477035,0.02731505519229274,0.062467197325925414,0.9652960246926385,-34.82359183924423
420,421.0,0.21057111450538402,2.1197838781823637,0.19193574925066612,0.4243692754033025,0.027315055201302264,0.062467197336227444,0.9652960439485047,-34.823591836935364
421,422.0,0.4521443619502905,8.431548396633643,0.4521567520392518,8.431547641682048,2.897680880437865,0.6433928904573967,1.1915513764559904e-07,-2.173995998739537
422,423.0,0.5974369153853398,2.768887454755454,0.19193688499225944,0.42436930920944244,0.027315055192293512,0.06246719732592632,0.9652960252159649,-34.82359183924403
423,424.0,0.8427269752160597,1.9892539321047251,0.19193574925066612,0.4243692754033025,0.027315055201302264,0.062467197336227444,0.9652960439485047,-34.823591836935364
424,425.0,0.4384131142925627,0.373270041715065,0.1919369318141846,0.42436932205027933,0.027315055192296295,0.06246719732592951,0.9652960231408338,-34.82359183924331
425,426.0,0.10571619080938133,3.540705642597731,0.10571619080938133,3.540705642597731,2.8976812129287453,0.6433929273700641,4.949152199174023e-11,-2.1739951955330694
426,427.0,0.5949944014527,1.0141832370548376,0.19193690895650214,0.42436932212913736,0.02731505519228993,0.062467197325922236,0.9652960234316994,-34.82359183924494
427,428.0,0.19097144103189,5.027131520811199,0.19097144103189,5.027131520811199,2.897681210861611,0.6433929271405738,1.0914681380924662e-09,-2.173995200526697
428,429.0,0.1031802834722737,4.665222110826714,0.1031802834722737,4.665222110826714,2.8976812130177505,0.6433929273799454,4.440892098500626e-16,-2.1739951953180565
429,430.0,0.3253324565526843,3.9233787593370564,0.19193685612906078,0.42436933214247696,0.027315055192301964,0.062467197325935996,0.965296022985376,-34.82359183924186
430,431.0,0.6085822162804603,3.6869832769649813,0.1919371963381371,0.424370071323647,0.027315055195430676,0.0624671973295135,0.9652959344225474,-34.82359183844007
431,432.0,0.800767386085823,6.648974557948957,0.19193698426210384,0.4243702256038249,0.027315055196272923,0.06246719733047662,0.9652959196514158,-34.823591838224225
432,433.0,0.006161272873279167,3.650531370940142,0.006161272873279167,3.650531370940142,2.897681213017751,0.6433929273799455,0.0,-2.1739951953180556
433,434.0,0.8168316627904957,3.2321237708546997,0.19193690919170422,0.42436939601710527,0.027315055192306086,0.06246719732594071,0.9652960150220983,-34.823591839240805
434,435.0,0.814496301404313,4.95816718135015,0.1919369250316726,0.4243693120772802,0.027315055192295865,0.062467197325929,0.9652960243644698,-34.82359183924343
435,436.0,0.4161498303946952,6.188993742431985,0.19193675431966853,0.42436927217935333,0.027315055192448232,0.06246719732610324,0.9652960311429095,-34.823591839204376
436,437.0,0.31028657113689384,0.5124642846816764,0.19193686455339906,0.4243692719232267,0.02731505519231667,0.06246719732595278,0.9652960297262511,-34.82359183923809
437,438.0,0.21173466228620885,8.681536404637878,0.21173466228620885,8.681536404637878,2.8976812130177505,0.6433929273799455,0.0,-2.1739951953180565
438,439.0,0.6462202387450727,6.462770633606784,0.19193689242257994,0.42436909171747395,0.02731505519259134,0.06246719732626685,0.9652960498633241,-34.8235918391677
439,440.0,0.8479571127871728,2.8710428510929016,0.19193689540765063,0.4243693317594107,0.027315055192288606,0.06246719732592077,0.9652960225137506,-34.82359183924528
440,441.0,0.2214645528589262,4.06247924035903,0.19193689462155447,0.4243693388586606,0.027315055192288606,0.0624671973259207,0.9652960217163533,-34.82359183924528
441,442.0,0.8253606653457671,4.629555114069478,0.19193689543897835,0.4243693315136398,0.027315055192288617,0.06246719732592073,0.965296022541302,-34.82359183924528
442,443.0,0.7885869227465168,6.253762066998941,0.19193691717841138,0.4243689382868099,0.02731505519310013,0.062467197326848634,0.965296066994851,-34.82359183903732
443,444.0,0.6965392962380557,8.887633756646306,0.19193687124763523,0.42436909449099397,0.02731505519258568,0.0624671973262604,0.9652960498255335,-34.823591839169154
444,445.0,0.5663079867724308,1.635050921606832,0.19193689999934482,0.4243693899832731,0.02731505519230266,0.06246719732593678,0.9652960158291682,-34.82359183924168
445,446.0,0.02895452489581518,5.9019696847770895,0.02895452489581518,5.9019696847770895,2.897681213017751,0.6433929273799455,0.0,-2.1739951953180556
446,447.0,0.9344684053276674,0.7278372570455413,0.19193676675425064,0.42436975611733607,0.027315055193349647,0.062467197327133996,0.9652959759200201,-34.82359183897337
447,448.0,0.09907637279995607,1.92967670807354,0.19193689035160802,0.42436909377187815,0.027315055192586125,0.06246719732626092,0.9652960496567541,-34.82359183916904
448,449.0,0.45572685310772787,1.5153902777246526,0.1919368716362315,0.4243692779103078,0.027315055192310284,0.062467197325945495,0.9652960289521746,-34.823591839239725
449,450.0,0.21997432045289356,6.617873608797752,0.21997432045289356,6.617873608797752,2.897681212990896,0.6433929273769642,1.3096967954595584e-11,-2.17399519538293
450,451.0,0.3790193916843858,1.140893106124667,0.1919374102808973,0.42436979163328065,0.027315055194908663,0.062467197328916625,0.965295963436545,-34.82359183857385
451,452.0,0.7503683056244408,3.799086632708865,0.1919376269539146,0.4243696201207681,0.02731505519611678,0.062467197330298076,0.9652959801057552,-34.82359183826424
452,453.0,0.4413691215663953,9.003254597581673,0.4413691215663953,9.003254597581673,2.8976811526657626,0.6433929206797533,2.1918010850718872e-08,-2.173995341111845
453,454.0,0.47023346447596204,3.6403970019325134,0.19193710477441026,0.4243690494797833,0.027315055193040068,0.06246719732678001,0.9652960518828617,-34.8235918390527
454,455.0,0.1565724277397882,2.6861203730135386,0.1919370372572046,0.42436927457956486,0.027315055192441946,0.06246719732609604,0.9652960271584604,-34.82359183920599
455,456.0,0.7763195282713417,1.2107541996836015,0.19193689546010306,0.4243693142307854,0.027315055192290997,0.062467197325923436,0.9652960245073603,-34.82359183924467
456,457.0,0.7880886591794342,6.2204577679522846,0.1919366070492468,0.424369235806785,0.027315055192904437,0.06246719732662488,0.9652960372124051,-34.82359183908747
457,458.0,0.9452679066682961,0.39815047156278266,0.1919368044442275,0.4243691476325069,0.027315055192517645,0.06246719732618262,0.9652960446556758,-34.82359183918659
458,459.0,0.6281824508186011,5.888593994167871,0.19193690031748328,0.42436933343646444,0.027315055192288367,0.062467197325920425,0.9652960222585428,-34.823591839245346
459,460.0,0.740306231612216,5.888795578571712,0.19193682024131015,0.4243693938307582,0.02731505519235317,0.06246719732599454,0.9652960164375584,-34.82359183922874
460,461.0,0.10697387881162379,0.4596780858202396,0.19193664788725023,0.42436934239088225,0.027315055192726926,0.062467197326421905,0.9652960245503773,-34.82359183913296
461,462.0,0.7098307663014519,4.421099028006867,0.19193684776500833,0.4243693022043577,0.027315055192312136,0.06246719732594762,0.9652960265012577,-34.823591839239256
462,463.0,0.7326219289139706,4.330657726803827,0.19193709823434368,0.42436910703356007,0.027315055192860097,0.062467197326574186,0.9652960454206277,-34.823591839098825
463,464.0,0.7305191922346694,6.791974533070705,0.1919371864730518,0.4243695297342195,0.027315055192986062,0.062467197326718266,0.9652959961708271,-34.823591839066545
464,465.0,0.034681197218587645,4.33424873825922,0.034681197218587645,4.33424873825922,2.897681213017751,0.6433929273799455,0.0,-2.1739951953180556
465,466.0,0.4693391953106508,4.965429776129972,0.19193693697281392,0.42436930085901986,0.027315055192304795,0.0624671973259392,0.9652960254841706,-34.82359183924113
466,467.0,0.8182761073688103,9.381234551137887,0.19193691169486157,0.4243693442610851,0.027315055192289262,0.06246719732592149,0.9652960208777446,-34.82359183924512
467,468.0,0.5975788181883819,2.5384125138615534,0.1919369237995901,0.42436909456714306,0.027315055192593904,0.0624671973262698,0.9652960491275061,-34.82359183916705
468,469.0,0.49251226855467345,7.286144694531929,0.19193688262827358,0.4243693360647059,0.027315055192290584,0.06246719732592296,0.9652960221915479,-34.82359183924478
469,470.0,0.32286618354901153,0.7696648604944729,0.1919373294616073,0.42436930701051273,0.027315055193556953,0.062467197327371,0.9652960196343091,-34.82359183892025
470,471.0,0.7149855311954884,6.573673193557034,0.19193687141628635,0.42437090232344565,0.027315055204745822,0.06246719734016501,0.9652958441365865,-34.823591836052884
471,472.0,0.3394439804228636,8.039459581826318,0.3394439804228636,8.039459581826318,2.8976812090296367,0.6433929269371907,1.6551180426205292e-09,-2.1739952049522415
472,473.0,0.5327396975532153,0.2979101250023084,0.19193690073883243,0.4243689269001762,0.027315055193139422,0.062467197326893605,0.9652960685060012,-34.823591839027245
473,474.0,0.6565823929748904,9.863603613056823,0.19193667889918514,0.4243690298923034,0.027315055193044023,0.06246719732678448,0.9652960596979342,-34.823591839051694
474,475.0,0.4377105356393872,5.697298935003713,0.19193669677047862,0.42436939788877465,0.027315055192602515,0.06246719732627966,0.965296017595125,-34.82359183916484
475,476.0,0.8700710139270248,8.677533647113654,0.1919368227355162,0.42436924590240005,0.027315055192365916,0.06246719732600908,0.965296033235238,-34.82359183922547
476,477.0,0.9400411433490006,0.27028108120050653,0.1919368973765271,0.42436933276218114,0.027315055192288454,0.0624671973259205,0.9652960223738357,-34.823591839245324
477,478.0,0.6548058734991495,8.660257962674399,0.19193681375342114,0.42436918909045673,0.02731505519243982,0.06246719732609359,0.9652960398167543,-34.823591839206536
478,479.0,0.5578876376827682,0.7366136453756453,0.19193699679996348,0.4243689064741251,0.0273150551933243,0.062467197327104956,0.9652960695696928,-34.82359183897987
479,480.0,0.9231644666708757,8.892069799884627,0.19193695770488936,0.4243692979913277,0.027315055192319783,0.06246719732595635,0.9652960255384726,-34.823591839237295
480,481.0,0.5542869162501215,3.344343635482922,0.1919371652210575,0.42436950541505414,0.027315055192870766,0.0624671973265864,0.965295999216563,-34.823591839096096
481,482.0,0.6201172456949456,0.10198000033768326,0.1919372664782094,0.42436922851820713,0.0273150551932934,0.06246719732706965,0.9652960293912005,-34.82359183898779
482,483.0,0.302337132967909,8.958964500688245,0.302337132967909,8.958964500688245,2.897681213003564,0.6433929273783705,6.1916027860320355e-12,-2.1739951953523278
483,484.0,0.5062508812107495,9.303007569670365,0.5062628272104344,9.303006859127688,2.8976808530983575,0.643392887422203,1.2068366694872878e-07,-2.1739960647842693
484,485.0,0.3484395945126274,0.7166052351613346,0.19193689114306323,0.4243694252349399,0.027315055192329265,0.06246719732596718,0.9652960119346139,-34.823591839234865
485,486.0,0.6665939895787771,9.790315002636042,0.19193681492901737,0.424369232097998,0.02731505519238673,0.06246719732603291,0.965296034908207,-34.823591839220136
486,487.0,0.2218690355177727,1.564919625499902,0.1919369210618119,0.4243694259214805,0.02731505519232969,0.06246719732596767,0.9652960114640573,-34.82359183923475
487,488.0,0.9767496856008286,1.3059380965343712,0.19193682275295962,0.4243690909329778,0.02731505519261991,0.062467197326299566,0.9652960508664395,-34.823591839160386
488,489.0,0.9389189950799838,4.265812146637966,0.1919368024779603,0.42436958881839815,0.02731505519269728,0.06246719732638801,0.9652959944859358,-34.823591839140555
489,490.0,0.007070955390809708,0.012411143166478572,0.19193691888682882,0.4243693597628906,0.027315055192292784,0.06246719732592552,0.9652960190197055,-34.823591839244216
490,491.0,0.057995962560963066,8.18736358722443,0.057995962560963066,8.18736358722443,2.897681213017751,0.6433929273799455,0.0,-2.1739951953180556
491,492.0,0.18138510129943675,0.1675108876314978,0.1919368946247834,0.42436932610869976,0.027315055192289092,0.06246719732592125,0.9652960231669224,-34.82359183924516
492,493.0,0.8415850166831186,4.226712996882655,0.19193679803756283,0.42436959334952856,0.027315055192716396,0.06246719732640985,0.9652959940286432,-34.82359183913566
493,494.0,0.6021581395676184,8.945697574597045,0.19193689246748796,0.42436913566089285,0.027315055192492364,0.0624671973261537,0.9652960448631467,-34.823591839193064
494,495.0,0.5216406033794291,0.8200729741002654,0.19193692424906347,0.42436980872871666,0.027315055193410372,0.062467197327203426,0.9652959678686047,-34.82359183895781
495,496.0,0.7470286714609146,6.6993659502882155,0.19193706123892978,0.42436943696025614,0.027315055192500673,0.06246719732616319,0.9652960083692145,-34.82359183919094
496,497.0,0.18906272641737476,4.874962764980341,0.18906272641737476,4.874962764980341,2.897681209138338,0.6433929269492585,1.9685092444987617e-09,-2.17399520468965
497,498.0,0.014278944784344771,2.5871386583269076,0.014278944784344771,2.5871386583269076,2.897681213017751,0.6433929273799455,0.0,-2.1739951953180556
498,499.0,0.7769778556359658,4.188185539452907,0.19193728500679788,0.42436956964102296,0.0273150551934931,0.062467197327297996,0.9652959903374813,-34.82359183893661
499,500.0,0.9224984349756187,4.683159661608036,0.19193685636207145,0.4243695905506515,0.027315055192637546,0.0624671973263197,0.965295993582143,-34.82359183915586
500,501.0,0.7180802554719924,8.876077756895464,0.1919370075889386,0.42436945979853796,0.027315055192431235,0.06246719732608381,0.965296006474667,-34.82359183920873
501,502.0,0.7237943201399223,8.571935114334817,0.19193644250947864,0.42436967155873484,0.027315055194421657,0.06246719732835978,0.9652959897918943,-34.823591838698654
502,503.0,0.5765083497941025,0.6742657775845694,0.19193684010319206,0.42436934457940456,0.027315055192314305,0.06246719732595006,0.9652960217805776,-34.8235918392387
503,504.0,0.18071700529690682,7.862886591426636,0.18071700529690682,7.862886591426636,2.897681213017751,0.6433929273799455,0.0,-2.1739951953180556
504,505.0,0.5332500045948332,1.8919318401044876,0.19193689728790456,0.4243693526864466,0.027315055192289724,0.062467197325922014,0.9652960201081385,-34.823591839245
505,506.0,0.585621625963027,5.823133767551127,0.19193689773246916,0.42436933045329744,0.027315055192288565,0.06246719732592065,0.9652960226318571,-34.823591839245296
506,507.0,0.39501405148823376,8.488070493537665,0.39501405148823376,8.488070493537665,2.8976811877190127,0.6433929245713155,9.751902507737498e-09,-2.1739952564328417
507,508.0,0.22520689236420954,9.666461042597852,0.22520689236420954,9.666461042597852,2.897681213017751,0.6433929273799455,0.0,-2.1739951953180556
508,509.0,0.8910756196804545,7.975037155929021,0.19193639005338364,0.4243695329441326,0.02731505519435064,0.06246719732827858,0.9652960062504499,-34.82359183871685
509,510.0,0.5266989922795534,2.460941740475337,0.19193574925066612,0.4243692754033025,0.027315055201302264,0.062467197336227444,0.9652960439485047,-34.823591836935364
510,511.0,0.015040227798431394,2.0699078182464272,0.015040227798431394,2.0699078182464272,2.897681213017751,0.6433929273799455,0.0,-2.1739951953180556
511,512.0,0.33611751233714093,2.1813151512681697,0.19193716401781363,0.424369615077881,0.027315055193090135,0.06246719732683727,0.9652959867556149,-34.82359183903988
512,513.0,0.4162208853204874,9.941056697562772,0.4162208853204874,9.941056697562772,2.8976812109477788,0.6433929271501402,7.762563924984534e-10,-2.173995200318539
513,514.0,0.25425113115058173,0.41220636230023855,0.19193695078159392,0.4243693124998939,0.02731505519230927,0.062467197325944336,0.9652960239786024,-34.82359183923999
514,515.0,0.4866112055197642,3.3746444443439323,0.19193724688915031,0.4243692783229529,0.02731505519313969,0.062467197326893896,0.9652960239818603,-34.82359183902718
515,516.0,0.2797703262161213,2.6989148051885046,0.19193687870527731,0.4243692990521991,0.027315055192298196,0.06246719732593167,0.9652960264540587,-34.82359183924283
516,517.0,0.5294887226453894,6.981271060024705,0.19193673485242035,0.42436935568207995,0.027315055192481202,0.06246719732614096,0.9652960218977629,-34.82359183919593
517,518.0,0.05898575889630919,7.765727658586779,0.05898575889630919,7.765727658586779,2.897681213017751,0.6433929273799455,0.0,-2.1739951953180556
518,519.0,0.9175766158405754,0.951439144543714,0.1919379012120084,0.4243688958448999,0.02731505520047934,0.062467197335286474,0.9652960589059432,-34.82359183714625
519,520.0,0.42294531825016146,9.929312091511138,0.42294531825016146,9.929312091511138,2.8976812100032383,0.6433929270452786,1.120744830274134e-09,-2.1739952026002882
520,521.0,0.8081333171213091,0.6611327765242805,0.19193685330368523,0.42436905803103164,0.027315055192686215,0.06246719732637533,0.9652960542090779,-34.82359183914339
521,522.0,0.9901159752333745,3.5994438526888195,0.19193735233631262,0.4243695062340016,0.02731505519375892,0.062467197327601955,0.9652959966678653,-34.82359183886849
522,523.0,0.42971997053010136,6.037088515260773,0.1919368860290668,0.42436933491687284,0.02731505519228981,0.062467197325922076,0.9652960222775333,-34.823591839244976
523,524.0,0.3327393087692916,8.87026808808439,0.3327393087692916,8.87026808808439,2.8976812128034366,0.6433929273561526,8.975165055602474e-11,-2.17399519583578
524,525.0,0.973415668334112,5.267738616098452,0.19193688392066616,0.42436909138787016,0.027315055192591857,0.062467197326267446,0.9652960500123489,-34.82359183916757
525,526.0,0.41397377660067924,1.5263023242681741,0.19193693987583907,0.42436936673594466,0.02731505519230215,0.06246719732593621,0.9652960179510287,-34.82359183924181
526,527.0,0.2647634158565072,1.3825064647788396,0.19193687361047748,0.42436954413494116,0.02731505519251585,0.06246719732618052,0.9652959986368324,-34.823591839187046
527,528.0,0.8780754288197462,4.213078583454629,0.19193689552879897,0.4243693308918323,0.02731505519228868,0.062467197325920786,0.9652960226108692,-34.82359183924527
528,529.0,0.1530462478495932,6.553070475598875,0.1530462478495932,6.553070475598875,2.8976812130177505,0.6433929273799455,0.0,-2.1739951953180565
529,530.0,0.7287385247701831,0.6792695691002637,0.1919370449815299,0.42436931840946635,0.02731505519243382,0.06246719732608676,0.9652960220704448,-34.82359183920807
530,531.0,0.6589373012095324,7.136047117570477,0.19193689082780757,0.42436933287537315,0.027315055192289044,0.06246719732592118,0.9652960224468575,-34.823591839245175
531,532.0,0.5429189731856557,0.3691958719825404,0.19193659392734855,0.42436841444959905,0.027315055196999283,0.062467197331307164,0.9652961308330813,-34.823591838038084
532,533.0,0.762044506594404,2.05425894999851,0.19193574925066612,0.4243692754033025,0.027315055201302264,0.062467197336227444,0.9652960439485047,-34.823591836935364
533,534.0,0.3357137406719394,6.279056970915676,0.3357424732438318,6.279055150149905,2.8976806152955357,0.6433928610216685,2.493038405715353e-07,-2.1739966392505075
534,535.0,0.09983756791941856,4.4341884499054425,0.09983756791941856,4.4341884499054425,2.8976812130177487,0.6433929273799452,1.4432899320127035e-15,-2.173995195318061
535,536.0,0.00033430257282029974,3.1460981806911468,0.00033430257282029974,3.1460981806911468,2.897681213017751,0.6433929273799455,0.0,-2.1739951953180556
536,537.0,0.6433876414262567,1.7074195425839929,0.1919368417123574,0.424369379499266,0.027315055192323648,0.062467197325960774,0.9652960177864995,-34.8235918392363
537,538.0,0.7849788917823203,3.9768853618071787,0.19193685960271947,0.4243692479161643,0.027315055192336908,0.06246719732597592,0.9652960325225604,-34.823591839232904
538,539.0,0.14396461042783293,2.319942668855621,0.1919372821899645,0.42436927830387844,0.027315055193316683,0.06246719732709627,0.9652960235207521,-34.82359183898182
539,540.0,0.5378883976548141,7.996837530336042,0.1919367557013763,0.4243691165502581,0.02731505519265087,0.062467197326334954,0.9652960488313077,-34.82359183915245
540,541.0,0.9825811702197912,4.384906210319265,0.19193672727807085,0.42436944078525335,0.027315055192564417,0.06246719732623612,0.9652960123145351,-34.823591839174604
541,542.0,0.5760276241131734,5.432401621371623,0.1919368831417943,0.42436935414968924,0.02731505519229226,0.06246719732592491,0.9652960201272139,-34.823591839244344
542,543.0,0.01655018059192337,2.387857293950818,0.01655018059192337,2.387857293950818,2.897681213017751,0.6433929273799455,0.0,-2.1739951953180556
543,544.0,0.8904864099137954,9.940052277076374,0.1919369040602366,0.4243693300838615,0.027315055192288582,0.06246719732592069,0.9652960225908865,-34.82359183924529
544,545.0,0.5447512624659048,4.369153054812128,0.19193688210038845,0.4243692473842574,0.02731505519232983,0.06246719732596786,0.9652960322879777,-34.82359183923472
545,546.0,0.5220396200732699,3.051477056979109,0.19193710278747836,0.42436901810351796,0.027315055193135766,0.06246719732688941,0.9652960554786926,-34.82359183902818
546,547.0,0.28401943945423014,7.393141636701039,0.28401943945423014,7.393141636701039,2.8976812123920324,0.6433929273104791,2.7997670848378675e-10,-2.17399519682962
547,548.0,0.17436900046952364,3.342908739064332,0.1919368363086867,0.42436909202580586,0.027315055192606928,0.06246719732628469,0.9652960505643001,-34.82359183916371
548,549.0,0.5867139202387779,8.513510311213388,0.19193653068107563,0.42436987318342734,0.02731505519485084,0.062467197328850504,0.9652959656960571,-34.82359183858866
549,550.0,0.30291106278410096,9.246603661280107,0.30291106278410096,9.246603661280107,2.8976812130119765,0.6433929273793044,2.5183188867572426e-12,-2.1739951953320062
550,551.0,0.468373168100247,0.6371834288323642,0.1919367661886875,0.4243696111546222,0.02731505519282498,0.062467197326534024,0.9652959924205546,-34.82359183910783
551,552.0,0.7587230414581553,9.51540305319947,0.19193696507167196,0.4243691944819777,0.027315055192426767,0.06246719732607868,0.9652960372184453,-34.823591839209875
552,553.0,0.9225043698557187,5.668376042871407,0.1919366250067066,0.42437013679833663,0.02731505519623771,0.06246719733043636,0.9652959344663901,-34.823591838233256
553,554.0,0.8762955189012772,2.8372361447188545,0.19193741037748538,0.42436924963180844,0.02731505519413605,0.06246719732803317,0.965296025100358,-34.82359183877184
554,555.0,0.14427935022995042,2.560642019172964,0.1919368443020078,0.4243692917729984,0.027315055192318353,0.06246719732595476,0.9652960277334953,-34.823591839237665
555,556.0,0.8154511651743388,6.8292820551529925,0.1919370521179535,0.42436942254470655,0.027315055192470353,0.062467197326128536,0.9652960101289878,-34.823591839198706
556,557.0,0.19834542553850965,0.1512140457197532,0.19193686636600193,0.4243692950732573,0.02731505519230409,0.06246719732593844,0.9652960270686097,-34.82359183924132
557,558.0,0.6314567669810804,9.768276561888968,0.19193679259633167,0.4243703595400073,0.027315055197760247,0.06246719733217729,0.9652959069263127,-34.82359183784307
558,559.0,0.19297101125125526,5.831332787239805,0.19297101125125526,5.831332787239805,2.897681212975993,0.6433929273753096,2.1085355683680973e-11,-2.1739951954189323
559,560.0,0.4615236691282323,7.854014048447549,0.46157771478509946,7.854010495733849,2.897679574188048,0.6433927454393675,5.802915136188247e-07,-2.173999154280523
560,561.0,0.6264507450166943,5.514044414352864,0.19193693585485927,0.42436969615446024,0.027315055192939725,0.062467197326665246,0.9652959805244704,-34.82359183907842
561,562.0,0.6240193872549183,9.222664674894613,0.19193682532425008,0.4243692395460852,0.027315055192369066,0.06246719732601271,0.9652960339244658,-34.82359183922466
562,563.0,0.1174989550785448,6.492324969121938,0.1174989550785448,6.492324969121938,2.897681213017751,0.6433929273799455,0.0,-2.1739951953180556
563,564.0,0.8475434956110756,5.070257045785746,0.19193643892422363,0.42436863337386876,0.027315055195974654,0.062467197330135546,0.9652961079579014,-34.823591838300665
564,565.0,0.0877338574442802,3.5054959453248418,0.0877338574442802,3.5054959453248418,2.8976812130168406,0.6433929273798444,5.13922238098985e-13,-2.1739951953202556
565,566.0,0.9622346894139472,0.9176957293147133,0.19193683719961918,0.42436944670965593,0.027315055192383194,0.06246719732602886,0.965296010198886,-34.823591839221045
566,567.0,0.9032742498630476,9.629264204908182,0.19193641961280608,0.4243686981541933,0.027315055195673715,0.06246719732979142,0.9652961008408026,-34.82359183837779
567,568.0,0.7743600384733099,8.638852644958195,0.19193683001633846,0.42436917763694476,0.02731505519244142,0.06246719732609547,0.9652960409065543,-34.823591839206124
568,569.0,0.43474706501521587,5.172505047116268,0.19193761151730435,0.42436907364947535,0.02731505519624514,0.06246719733044485,0.9652960424815594,-34.823591838231344
569,570.0,0.8304809745623737,9.553397283777864,0.19193689697033456,0.4243693145843773,0.02731505519229083,0.06246719732592329,0.9652960244473209,-34.82359183924471
570,571.0,0.6296340735496622,7.506513031428821,0.1919372857429619,0.42436924228130396,0.027315055193375216,0.06246719732716318,0.9652960275725057,-34.82359183896682
571,572.0,0.35012716760298923,8.249914091413311,0.35012716760298923,8.249914091413311,2.8976812088444754,0.6433929269166343,1.7072605551504694e-09,-2.1739952053995406
572,573.0,0.7668118400094154,5.215056349615496,0.1919368830024464,0.4243693403517753,0.027315055192290612,0.062467197325923,0.9652960216988836,-34.82359183924477
573,574.0,0.8548666716026968,4.107909583175846,0.1919368959999274,0.4243693563248029,0.027315055192290476,0.06246719732592281,0.9652960197110834,-34.823591839244806
574,575.0,0.8407945817048204,3.757399815249558,0.19193735196118838,0.4243699150839118,0.027315055195147344,0.06246719732918955,0.9652959501565144,-34.82359183851268
575,576.0,0.9991937620305471,0.5442466543365633,0.1919368845055056,0.42436945874847776,0.027315055192367137,0.062467197326010505,0.9652960082087058,-34.82359183922516
576,577.0,0.09453918103679448,4.669500226016723,0.09453918103679448,4.669500226016723,2.897681213017751,0.6433929273799455,0.0,-2.1739951953180556
577,578.0,0.3517495827154635,0.5540537623784542,0.19193698842816448,0.42436927254181955,0.027315055192366253,0.062467197326009506,0.9652960280309055,-34.82359183922539
578,579.0,0.7767529204905554,8.122848351019412,0.19193671879722546,0.4243695442937465,0.027315055192765107,0.062467197326465565,0.9652960006491148,-34.823591839123175
579,580.0,0.5609143230659418,4.109087912502292,0.19193689641716005,0.424369354849662,0.027315055192290154,0.062467197325922506,0.9652960198734428,-34.823591839244884
580,581.0,0.30089341172784334,3.2661377845694006,0.1919368958331255,0.42436932478672945,0.02731505519228917,0.06246719732592137,0.9652960233014779,-34.82359183924514
581,582.0,0.4721310482199176,5.6057007130872885,0.19193684404516154,0.4243693980363135,0.027315055192332356,0.06246719732597076,0.9652960156468675,-34.82359183923407
582,583.0,0.2944156423117418,5.587983456080246,0.29445099181286444,5.587981324452025,2.897680563784536,0.6433928553029896,2.8640028426618613e-07,-2.173996763686927
583,584.0,0.8588486742915099,0.04546456200993939,0.19193687385963007,0.4243693412652164,0.02731505519229349,0.06246719732592628,0.9652960217148824,-34.82359183924403
584,585.0,0.3548099974339973,8.913333983399811,0.3548099974339973,8.913333983399811,2.8976812121672832,0.6433929272855279,3.4574476615034655e-10,-2.173995197372551
585,586.0,0.3817677448998964,4.467980833412323,0.19193675041309657,0.42436923039047225,0.02731505519248678,0.062467197326147327,0.9652960359486303,-34.8235918391945
586,587.0,0.5409825252342348,8.743600363622972,0.191936892666375,0.42436929683157043,0.027315055192296572,0.062467197325929806,0.9652960265235798,-34.82359183924324
587,588.0,0.29832239472082234,8.498007641291759,0.29832239472082234,8.498007641291759,2.89768121297136,0.6433929273747954,2.0356938357224408e-11,-2.1739951954301233
588,589.0,0.8438558210348643,2.4147975938355564,0.19193647910162212,0.4243706129041891,0.02731505520220986,0.06246719733726522,0.9652958822090947,-34.823591836702775
589,590.0,0.7956011293596799,7.971755595046998,0.19193689158693647,0.42436970532132695,0.027315055192979474,0.062467197326710695,0.9652959800621546,-34.823591839068236
590,591.0,0.09134249730154564,0.7726102592472037,0.19193676705329868,0.4243692335735224,0.02731505519245296,0.062467197326108656,0.9652960353682466,-34.82359183920316
591,592.0,0.5404093610876292,9.579889520400489,0.5404280572432699,9.579888365768639,2.897680590019788,0.6433928582155904,2.0065119321621694e-07,-2.1739967003097673
592,593.0,0.8473215236196129,6.767894851417856,0.19193701704104255,0.4243697575569788,0.02731505519323494,0.06246719732700282,0.9652959724734692,-34.823591839002766
593,594.0,0.7674914554408403,8.04687176756345,0.1919368932007614,0.424369339594074,0.027315055192288776,0.06246719732592092,0.9652960216513191,-34.82359183924524
594,595.0,0.6319752268845958,3.4187477658953034,0.19193740627498881,0.4243695016187166,0.02731505519409754,0.062467197327989145,0.9652959964850054,-34.82359183878171
595,596.0,0.8901506599811014,5.376702653315307,0.1919368131394152,0.42436913547026267,0.027315055192531284,0.0624671973261982,0.965296045925371,-34.823591839183095
596,597.0,0.9225918145536134,3.84402854378345,0.19193719986566737,0.4243700674247817,0.02731505519541483,0.06246719732949543,0.9652959348198563,-34.82359183844413
597,598.0,0.9173103929243525,0.4743778044489189,0.19193692141909588,0.42436931978888426,0.027315055192292905,0.06246719732592563,0.9652960235344807,-34.82359183924419
598,599.0,0.09907682184526112,5.558112019431585,0.09907682184526112,5.558112019431585,2.897681213017751,0.6433929273799455,0.0,-2.1739951953180556
599,600.0,0.19579599090393984,2.721876183225859,0.19193709093988323,0.4243689034676177,0.027315055193556165,0.06246719732737012,0.9652960686765593,-34.82359183892045
600,601.0,0.02334306149918086,8.44939481088502,0.02334306149918086,8.44939481088502,2.897681213017751,0.6433929273799455,0.0,-2.1739951953180556
601,602.0,0.9065502166562488,0.3149888873725779,0.19193689941377198,0.4243693339306361,0.027315055192288336,0.06246719732592041,0.9652960222141732,-34.82359183924535
602,603.0,0.313870983839845,3.1024324610664236,0.19193656342657414,0.4243690828816586,0.02731505519331964,0.06246719732709966,0.9652960551833226,-34.823591838981066
603,604.0,0.5823707763843774,5.909507353728329,0.19193687534871856,0.42436935549525606,0.02731505519229495,0.06246719732592799,0.9652960200763436,-34.823591839243655
604,605.0,0.013525890262746754,5.9409556011158475,0.013525890262746754,5.9409556011158475,2.897681213017751,0.6433929273799455,0.0,-2.1739951953180556
605,606.0,0.474641447540481,4.763686990764824,0.19193685785029352,0.4243693069441322,0.02731505519230442,0.06246719732593884,0.9652960258297123,-34.82359183924123
606,607.0,0.5899945580595395,7.1452154573665565,0.19193688905140788,0.4243693285187807,0.027315055192289526,0.06246719732592174,0.9652960229658247,-34.82359183924505
607,608.0,0.44890963571481435,4.324225522278018,0.19193695791631063,0.4243690610147118,0.02731505519270916,0.06246719732640161,0.9652960524973083,-34.82359183913751
608,609.0,0.6491828739192713,7.8979417976167205,0.19193689811013118,0.4243693608488672,0.02731505519229134,0.06246719732592384,0.9652960191686835,-34.823591839244585
609,610.0,0.3025625703852054,0.4971229393111349,0.19193689546481843,0.42436933086617457,0.027315055192288655,0.06246719732592077,0.9652960226146277,-34.823591839245275
610,611.0,0.11162041794262723,6.019596853690459,0.11162041794262723,6.019596853690459,2.897681213017751,0.6433929273799455,0.0,-2.1739951953180556
611,612.0,0.6440268996477798,8.158255596789905,0.1919377272142525,0.42437050883694516,0.02731505520307809,0.06246719733825804,0.9652958776771458,-34.823591836480276
612,613.0,0.9305984135866644,3.253809017118105,0.19193664685624415,0.4243684914519877,0.02731505519616549,0.06246719733035379,0.9652961213781879,-34.82359183825176
613,614.0,0.8601875439251445,7.5027021325835905,0.19193738731081833,0.42436920022959357,0.027315055194054066,0.06246719732793943,0.9652960310237385,-34.82359183879285
614,615.0,0.5114138997591116,7.953036803599877,0.19193688354522592,0.424369444104318,0.027315055192350217,0.06246719732599116,0.9652960098874273,-34.82359183922949
615,616.0,0.9501708792171376,2.680687283743355,0.19193574925066612,0.4243692754033025,0.027315055201302264,0.062467197336227444,0.9652960439485047,-34.823591836935364
616,617.0,0.48271530421669495,0.2540408526890982,0.19193685038611152,0.4243693285004694,0.027315055192305763,0.06246719732594032,0.965296023475068,-34.82359183924089
617,618.0,0.9976910333340325,9.727559626309898,0.19193684738726632,0.4243693775216054,0.027315055192318142,0.062467197325954474,0.9652960179370733,-34.823591839237714
618,619.0,0.7188393595926439,1.7294657067151162,0.19193680978460598,0.42436894478711223,0.027315055193093078,0.06246719732684057,0.9652960676640351,-34.823591839039125
619,620.0,0.4014635356596249,6.85907561136339,0.40153818705584,6.859070593155288,2.8976792097332305,0.6433927049780972,7.656634676278529e-07,-2.174000034703571
620,621.0,0.015771944811206917,5.184580313352251,0.015771944811206917,5.184580313352251,2.897681213017751,0.6433929273799455,0.0,-2.1739951953180556
621,622.0,0.5872743570822828,4.032922254943525,0.1919368958549723,0.4243693360322625,0.027315055192288454,0.062467197325920584,0.9652960220217445,-34.823591839245324
622,623.0,0.9876224238618789,6.992311644070806,0.19193681016056105,0.42436979016965576,0.02731505519342053,0.062467197327215035,0.9652959714764805,-34.82359183895521
623,624.0,0.6071388077752893,7.896460800085167,0.19193681476546345,0.42436863426029037,0.027315055194787437,0.06246719732877801,0.9652961029282044,-34.82359183860491
624,625.0,0.3435517599353636,8.902414058458367,0.3435517599353636,8.902414058458367,2.897681212600993,0.6433929273336777,1.7200563195984842e-10,-2.173995196324827
625,626.0,0.555115614906835,7.076162431360112,0.19193689682910967,0.4243693469155206,0.02731505519228894,0.06246719732592108,0.9652960207707371,-34.823591839245196
626,627.0,0.7328622658738289,9.717273176703639,0.19193683434602027,0.42437012442577104,0.02731505519550493,0.062467197329598434,0.9652959331291954,-34.82359183842104
627,628.0,0.36623161111643576,6.573120805376915,0.36627557594823407,6.573117963205955,2.897680181004419,0.643392812807277,4.131789980155176e-07,-2.173997688378569
628,629.0,0.05806196450845513,3.884177525099224,0.05806196450845513,3.884177525099224,2.897681213017751,0.6433929273799455,0.0,-2.1739951953180556
629,630.0,0.8208406773451721,6.944656810156027,0.19193531366565705,0.4243694945334339,0.027315055209827823,0.062467197345976055,0.9652960247195896,-34.82359183475052
630,631.0,0.8207790562495005,6.33031784389716,0.19193686878827698,0.42436969228382626,0.027315055192944953,0.0624671973266712,0.9652959818445169,-34.82359183907708
631,632.0,0.8660912064563729,2.7901995993513697,0.19193655691435665,0.4243691393893933,0.027315055193235956,0.06246719732700395,0.9652960488395902,-34.82359183900251
632,633.0,0.4351345113421544,0.8181208365773699,0.19194038695231724,0.4243722812417591,0.027315055310385063,0.06246719746095896,0.9652956410504113,-34.82359180898083
633,634.0,0.40653527914860055,3.4501529331288965,0.19193683425069158,0.4243690244032764,0.027315055192795354,0.06246719732650017,0.9652960582849347,-34.82359183911542
634,635.0,0.19910613300072733,3.1926957657515267,0.19193692077283164,0.4243690978614239,0.027315055192584294,0.06246719732625883,0.9652960487924108,-34.82359183916951
635,636.0,0.11375581594945694,8.418058619479224,0.11375581594945694,8.418058619479224,2.897681213017751,0.6433929273799455,0.0,-2.1739951953180556
636,637.0,0.08354239468493585,7.758971619235166,0.08354239468493585,7.758971619235166,2.897681213017751,0.6433929273799455,0.0,-2.1739951953180556
637,638.0,0.19268249124232217,5.747087403852157,0.19268249124232217,5.747087403852157,2.8976812129555145,0.6433929273730361,3.1437186187588395e-11,-2.173995195468402
638,639.0,0.11893864006059873,2.445143737603487,0.19193688768051664,0.4243693141674802,0.02731505519229184,0.0624671973259244,0.9652960246166085,-34.82359183924446
639,640.0,0.36492121906885133,1.7420737465307936,0.19193688212944449,0.4243703213693363,0.02731505519721564,0.06246719733155455,0.9652959100951295,-34.82359183798263
640,641.0,0.6729067325802268,9.600958409900423,0.19193687057385725,0.4243693509238126,0.027315055192295972,0.0624671973259291,0.9652960206590848,-34.82359183924339
641,642.0,0.2835643515842572,3.7067555307692537,0.1919375904411669,0.4243696609771963,0.02731505519587443,0.06246719733002092,0.965295975936781,-34.82359183832635
642,643.0,0.6439401131097876,8.695230601903972,0.1919368256059762,0.42436925195906416,0.027315055192358138,0.062467197326000194,0.9652960325084993,-34.82359183922747
643,644.0,0.14060736613636893,4.962789653491527,0.14060736613636893,4.962789653491527,2.897681213016188,0.643392927379772,8.392175843141558e-13,-2.1739951953218313
644,645.0,0.4993644273779183,5.324939023342745,0.19193690261231974,0.42436931892739693,0.027315055192289935,0.06246719732592221,0.9652960238791921,-34.82359183924494
645,646.0,0.892061643511702,7.9609627854855445,0.1919366867316264,0.4243691489998926,0.02731505519274603,0.06246719732644376,0.9652960460438982,-34.823591839128056
646,647.0,0.26420190795002385,9.540100958276847,0.26420190795002385,9.540100958276847,2.897681213017718,0.6433929273799419,1.5210055437364645e-14,-2.1739951953181356
647,648.0,0.7773798247397157,2.2993171044105187,0.19193574925066612,0.4243692754033025,0.027315055201302264,0.062467197336227444,0.9652960439485047,-34.823591836935364
648,649.0,0.714288652502636,7.400403903844387,0.1919367556691408,0.4243693265477358,0.02731505519243172,0.062467197326084356,0.9652960249394994,-34.82359183920861
649,650.0,0.6391915573272378,8.841285691793267,0.19193699285251667,0.4243698627391672,0.027315055193705338,0.062467197327540656,0.9652959608237115,-34.82359183888222
650,651.0,0.29051279197726376,4.92141942258811,0.19193902486261383,0.4243698994545472,0.027315055223663585,0.06246719736179665,0.9652959299555282,-34.82359183120485
651,652.0,0.5034519967276364,5.353399586786456,0.1919379286241289,0.4243690460324998,0.02731505520018069,0.06246719733494499,0.965296041458956,-34.82359183722279
652,653.0,0.11509406550089207,3.887351056683266,0.11509406550089207,3.887351056683266,2.897681212985777,0.6433929273763959,1.762523460513421e-11,-2.173995195395297
653,654.0,0.12656402090074337,2.928303822462352,0.12664169210358703,2.928298893072093,2.897680578072436,0.6433928568892122,3.4605200138759784e-07,-2.1739967291712876
654,655.0,0.9285596623558744,7.946490701830073,0.19193672310492893,0.4243692121610692,0.0273150551925641,0.0624671973262357,0.9652960383807975,-34.82359183917468
655,656.0,0.6568881604968361,7.012422607452787,0.19193681503994064,0.4243693570415571,0.027315055192342293,0.062467197325982125,0.965296020691435,-34.823591839231526
656,657.0,0.5505751201980698,4.099395047778692,0.19193689637450445,0.42436935418035937,0.02731505519229004,0.062467197325922375,0.9652960199501515,-34.82359183924492
657,658.0,0.1129910593538539,1.9097027340954993,0.1919368872317513,0.4243693590146748,0.027315055192292347,0.062467197325924984,0.9652960195200583,-34.82359183924433
658,659.0,0.9732854082266024,1.7138332049762481,0.19193689798615826,0.4243693280031373,0.027315055192288728,0.06246719732592086,0.9652960229072934,-34.82359183924525
659,660.0,0.34338774988149456,3.947869733498295,0.1919368544738651,0.42436927688064763,0.0273150551923189,0.062467197325955355,0.9652960292944363,-34.82359183923752
660,661.0,0.4071589363701932,1.2803373006519108,0.19193703075562274,0.4243697059288219,0.027315055193052266,0.06246719732679395,0.9652959781675164,-34.823591839049584
661,662.0,0.9634264548692929,8.698260087001527,0.19193681915303773,0.424369241759287,0.027315055192373143,0.06246719732601738,0.9652960337536035,-34.82359183922362
662,663.0,0.59765206785938,2.3249376785576916,0.19193703694796613,0.4243691331640985,0.027315055192648263,0.062467197326331964,0.9652960432517997,-34.82359183915312
663,664.0,0.8598559680556253,3.748151768022976,0.19193689374995196,0.4243693397429033,0.027315055192288707,0.06246719732592081,0.9652960216271825,-34.82359183924526
664,665.0,0.5309020682655087,8.426896334691351,0.19193653061082053,0.4243689329496872,0.027315055193923254,0.06246719732778991,0.9652960726719495,-34.823591838826374
665,666.0,0.08937753438380824,0.6565101005764761,0.19193689688082832,0.4243693305711726,0.027315055192288582,0.06246719732592066,0.9652960226296171,-34.82359183924529
666,667.0,0.9884237240324448,9.673060995122928,0.19193681403433757,0.4243692661932168,0.02731505519235992,0.06246719732600226,0.9652960310407986,-34.82359183922701
667,668.0,0.5119754336021496,2.8285369619402374,0.19193687014820024,0.4243693000083935,0.027315055192300704,0.062467197325934525,0.9652960264575106,-34.823591839242184
668,669.0,0.24919574434929292,7.785169761786781,0.24919574434929292,7.785169761786781,2.8976812130124956,0.643392927379362,2.4651392038776976e-12,-2.1739951953307513
669,670.0,0.05287143795203475,7.158190830714079,0.05287143795203475,7.158190830714079,2.897681213017751,0.6433929273799455,0.0,-2.1739951953180556
670,671.0,0.4864245062003686,5.945164689402298,0.19193689168561376,0.42436941714834936,0.027315055192322205,0.06246719732595917,0.965296012847541,-34.82359183923668
671,672.0,0.5446812616677663,7.295273911131276,0.19193688047650045,0.42436933705327934,0.027315055192291177,0.06246719732592364,0.9652960221072986,-34.82359183924463
672,673.0,0.6671876815599457,6.0227066269960785,0.1919368732143618,0.42436931864117544,0.027315055192294813,0.06246719732592779,0.9652960242973702,-34.82359183924369
673,674.0,0.5876947729525064,1.3484913101231424,0.191936607668107,0.42436890196629135,0.02731505519372457,0.06246719732756269,0.9652960751866358,-34.82359183887729
674,675.0,0.3171212987443788,8.23049777530561,0.3171212987443788,8.23049777530561,2.897681212525794,0.6433929273253293,2.1042945164140292e-10,-2.173995196506489
675,676.0,0.1115017280062015,4.300360575960722,0.1115017280062015,4.300360575960722,2.897681213017404,0.643392927379907,1.9184653865522705e-13,-2.173995195318894
676,677.0,0.7517257017674089,6.694252491293851,0.19193705622849191,0.4243694368894615,0.027315055192490237,0.06246719732615125,0.9652960084430046,-34.82359183919361
677,678.0,0.3091959245173308,9.378487571736864,0.3091959245173308,9.378487571736864,2.897681213011134,0.6433929273792109,2.860933712156566e-12,-2.173995195334041
678,679.0,0.7516768258073588,1.6229489857573849,0.19193692242904767,0.4243693424522562,0.027315055192291483,0.06246719732592396,0.9652960209427366,-34.82359183924454
679,680.0,0.20552322840105308,1.2045901413428173,0.19193696027732107,0.4243692959311453,0.027315055192322853,0.062467197325959865,0.9652960257391208,-34.82359183923651
680,681.0,0.07686281281793594,6.409701201055804,0.07686281281793594,6.409701201055804,2.897681213017751,0.6433929273799455,0.0,-2.1739951953180556
681,682.0,0.41223446852467327,4.456752818196987,0.19193675673168076,0.4243691754711217,0.027315055192542383,0.062467197326210894,0.965296042114149,-34.823591839180246
682,683.0,0.6412931368324916,4.995035087053864,0.19193690016491213,0.42436943405440414,0.027315055192336225,0.062467197325975145,0.9652960108128497,-34.82359183923308
683,684.0,0.17631970831922217,5.422321062803765,0.17631970831922217,5.422321062803765,2.8976812129794243,0.6433929273756906,1.9755419522482498e-11,-2.173995195410642
684,685.0,0.7175284549355273,5.5179802955607915,0.1919368024488147,0.42436931040985715,0.027315055192355865,0.06246719732599759,0.9652960261620508,-34.823591839228044
685,686.0,0.30341811595921886,7.350950460461455,0.30341811595921886,7.350950460461455,2.8976812098920863,0.6433929270329387,1.362110424452112e-09,-2.1739952028688014
686,687.0,0.2432940277087412,7.932021663636659,0.2432940277087412,7.932021663636659,2.897681213016283,0.6433929273797826,6.941114349956479e-13,-2.173995195321602
687,688.0,0.9215659287365768,6.784062483274669,0.19193703128483441,0.424369647364715,0.02731505519285796,0.062467197326571716,0.965295984823659,-34.82359183909938
688,689.0,0.07301084860723583,1.007977425354472,0.1919366112797831,0.4243689705691763,0.02731505519345015,0.062467197327248904,0.9652960673340761,-34.823591838947614
689,690.0,0.2767438597698729,5.592404738557086,0.2767579818067536,5.592403894787582,2.8976809836984683,0.6433929019212432,1.0362763602778102e-07,-2.1739957492903272
690,691.0,0.6675604626635153,7.263777295316677,0.19193688576319412,0.4243693343646909,0.027315055192289873,0.062467197325922146,0.9652960223438446,-34.82359183924496
691,692.0,0.011619279849415576,8.418515936495352,0.011619279849415576,8.418515936495352,2.897681213017751,0.6433929273799455,0.0,-2.1739951953180556
692,693.0,0.8809172614429267,6.484381210184672,0.19193684784641496,0.42436940175280274,0.027315055192331857,0.062467197325970183,0.9652960151741699,-34.8235918392342
693,694.0,0.13243845032051316,7.364166871346319,0.13243845032051316,7.364166871346319,2.897681213017751,0.6433929273799455,0.0,-2.1739951953180556
694,695.0,0.5755422675140307,1.4608354320741963,0.1919370932327425,0.424369583372485,0.027315055192807927,0.062467197326514526,0.9652959912915958,-34.8235918391122
695,696.0,0.20476033150634,1.017480688689224,0.19193689636829223,0.42436933190132886,0.027315055192288523,0.06246719732592061,0.9652960224850032,-34.8235918392453
696,697.0,0.9380807210453153,7.9819277676017,0.19193704298192787,0.4243692770133353,0.027315055192451324,0.062467197326106776,0.9652960268064551,-34.82359183920359
697,698.0,0.2307430103101904,5.774135948539858,0.2307430103101904,5.774135948539858,2.8976812095150324,0.6433929269910788,1.6841263938971451e-09,-2.1739952037796604
698,699.0,0.5678766997601878,5.002573081803444,0.19193716628124202,0.42436984618882995,0.027315055193967246,0.06246719732784019,0.9652959604315019,-34.823591838815105
699,700.0,0.6267765302288414,5.167000158592457,0.19193689551263776,0.42436933405693866,0.027315055192288527,0.06246719732592064,0.965296022250975,-34.8235918392453
700,701.0,0.2691218707081321,1.5316593853571792,0.19193691389672876,0.4243693130169703,0.02731505519229257,0.06246719732592524,0.9652960244036214,-34.82359183924427
701,702.0,0.5955098225268156,3.8067474071337197,0.1919369782841522,0.4243691877638654,0.027315055192451487,0.062467197326106956,0.9652960378094549,-34.823591839203544
702,703.0,0.28983613608226677,1.968606772725291,0.19193574925066612,0.4243692754033025,0.027315055201302264,0.062467197336227444,0.9652960439485047,-34.823591836935364
703,704.0,0.8528550124318262,1.9358883822311308,0.19193687926543918,0.4243693385355346,0.027315055192291562,0.06246719732592411,0.965296021954542,-34.82359183924453
704,705.0,0.033047418253668526,7.580026713526348,0.033047418253668526,7.580026713526348,2.897681213017751,0.6433929273799455,0.0,-2.1739951953180556
705,706.0,0.9314560739644986,2.210500399505392,0.19193574925066612,0.4243692754033025,0.027315055201302264,0.062467197336227444,0.9652960439485047,-34.823591836935364
706,707.0,0.033371455166739894,3.03613494974281,0.033371455166739894,3.03613494974281,2.897681213017751,0.6433929273799455,0.0,-2.1739951953180556
707,708.0,0.4549456855915086,8.73292325998329,0.4549456855915086,8.73292325998329,2.8976810229010286,0.6433929062734559,6.787689343923375e-08,-2.1739956545877277
708,709.0,0.08196656908416244,0.32052794263561385,0.19193638732348958,0.4243693455608777,0.02731505519409367,0.06246719732798473,0.965296027605821,-34.823591838782704
709,710.0,0.7951260118847258,9.407953088673015,0.19193697030557508,0.42437100079809165,0.0273150552062453,0.06246719734187961,0.9652958316356239,-34.823591835668616
710,711.0,0.8624662444119985,8.030623497683564,0.191936698153364,0.42436936268293196,0.02731505519257699,0.06246719732625047,0.9652960215825139,-34.82359183917138
711,712.0,0.28939376318460974,8.37573389501141,0.28939376318460974,8.37573389501141,2.8976812129856073,0.643392927376377,1.4277912185889363e-11,-2.1739951953957055
712,713.0,0.9118424275788939,6.631315901497558,0.1919370193669978,0.42437029134799265,0.027315055196901705,0.06246719733119559,0.965295911710877,-34.82359183806309
713,714.0,0.3261147342322024,0.6399452466349632,0.191936933335807,0.424369343199378,0.027315055192295462,0.06246719732592855,0.9652960207146626,-34.82359183924353
714,715.0,0.6101769019634485,2.145895381898165,0.1919368408078571,0.4243694552849737,0.02731505519239016,0.0624671973260368,0.9652960091759112,-34.82359183921926
715,716.0,0.5622899957219842,9.060297296765377,0.5623670896084269,9.060292056513134,2.897678255352216,0.6433925990240238,9.288612043967248e-07,-2.174002340227309
716,717.0,0.35970977152413686,5.067255289027326,0.19193644138417076,0.4243686355473847,0.027315055195946035,0.0624671973301028,0.965296107678361,-34.823591838308
717,718.0,0.1057664944170823,5.492200333004043,0.1057664944170823,5.492200333004043,2.897681213017751,0.6433929273799455,0.0,-2.1739951953180556
718,719.0,0.9883541689723293,8.382192292968037,0.1919366402916425,0.4243691400014397,0.027315055192904662,0.06246719732662516,0.9652960476766794,-34.82359183908741
719,720.0,0.6936026814916522,4.562717159208569,0.19193689546399406,0.42436933123484594,0.027315055192288624,0.062467197325920744,0.9652960225726933,-34.82359183924528
720,721.0,0.6889407530667953,5.8116531642205285,0.19193699197340106,0.4243692516564664,0.027315055192388152,0.06246719732603454,0.9652960303605933,-34.82359183921977
721,722.0,0.2843533270692741,3.8926560462228603,0.1919368598800354,0.4243692483395382,0.02731505519233641,0.06246719732597539,0.965296032470754,-34.82359183923304
722,723.0,0.6923235093392213,6.947809901256299,0.1919367607705361,0.4243691372600805,0.027315055192600357,0.0624671973262772,0.9652960464085919,-34.823591839165395
723,724.0,0.38659710424208305,1.7233126500308344,0.19193694845515422,0.4243693248912704,0.02731505519230488,0.06246719732593933,0.965296022599309,-34.82359183924111
724,725.0,0.9923296717398635,6.8737719322790305,0.19193689489024462,0.42436941369581466,0.027315055192318836,0.06246719732595528,0.9652960131983149,-34.82359183923754
725,726.0,0.4628186114294832,5.99771368467112,0.19193667606638232,0.42436912642146013,0.027315055192817517,0.06246719732652547,0.9652960487525969,-34.823591839109746
726,727.0,0.43161188820675345,4.610654059684091,0.1919369494086135,0.42436937452464135,0.027315055192309916,0.062467197325945106,0.9652960169398297,-34.82359183923982
727,728.0,0.47037080994905767,0.05654503279562175,0.19193690630691046,0.4243693321389775,0.027315055192288606,0.06246719732592076,0.9652960223275979,-34.82359183924528
728,729.0,0.28213978803327855,6.2937581818712385,0.28213978803327855,6.2937581818712385,2.8976811865822225,0.6433929244451106,1.1858841353351579e-08,-2.173995259179014
729,730.0,0.7122692210188942,7.066141008750998,0.19193689599805555,0.42436937006020503,0.027315055192294196,0.06246719732592709,0.9652960181483783,-34.823591839243846
730,731.0,0.4924985419356588,2.6875202180874576,0.19193687253765224,0.4243692894330692,0.027315055192304073,0.06246719732593841,0.9652960276293631,-34.82359183924132
731,732.0,0.002629189460137793,9.697028329474106,0.002629189460137793,9.697028329474106,2.897681213017751,0.6433929273799455,0.0,-2.1739951953180556
732,733.0,0.16053776184576296,7.971103716834062,0.16053776184576296,7.971103716834062,2.897681213017751,0.6433929273799455,0.0,-2.1739951953180556
733,734.0,0.5009966554978118,2.1203782573795618,0.1919369094777425,0.4243693574976565,0.027315055192290782,0.062467197325923214,0.9652960194008523,-34.82359183924473
734,735.0,0.4225359630589032,8.88550750910129,0.4225359630589032,8.88550750910129,2.897681178102623,0.6433929235037174,1.2987665054531305e-08,-2.1739952796633926
735,736.0,0.7793727918033384,9.341474458766616,0.19193675517825098,0.4243691416349248,0.027315055192602123,0.062467197326279214,0.9652960459841935,-34.82359183916494
736,737.0,0.6958562773058126,7.23223277613907,0.19193688879262405,0.4243693328852799,0.027315055192289335,0.06246719732592154,0.965296022472426,-34.8235918392451
737,738.0,0.2853585205205047,2.1364537046278698,0.19193574925066612,0.4243692754033025,0.027315055201302264,0.062467197336227444,0.9652960439485047,-34.823591836935364
738,739.0,0.30787690481659735,2.4771510222271123,0.19193574925066612,0.4243692754033025,0.027315055201302264,0.062467197336227444,0.9652960439485047,-34.823591836935364
739,740.0,0.3685881931494107,4.955744957827442,0.1919369688300151,0.42436927021227794,0.027315055192346078,0.06246719732598642,0.9652960285530483,-34.82359183923056
740,741.0,0.1446077754199222,5.450408696923583,0.1446077754199222,5.450408696923583,2.8976812130176324,0.6433929273799325,6.328271240363392e-14,-2.1739951953183416
741,742.0,0.5886083315910611,8.370234126952425,0.19193715328506644,0.4243694207996772,0.027315055192740433,0.06246719732643737,0.96529600900016,-34.82359183912949
742,743.0,0.968431536612715,2.4364778778117198,0.1919368943948823,0.4243693255607468,0.027315055192289186,0.06246719732592138,0.9652960232322806,-34.82359183924514
743,744.0,0.882708257122007,2.7038196123951397,0.19193574925066612,0.4243692754033025,0.027315055201302264,0.062467197336227444,0.9652960439485047,-34.823591836935364
744,745.0,0.2002934136460045,1.7082947533904345,0.19193693461143477,0.4243696010297427,0.027315055192641886,0.062467197326324664,0.9652959913635373,-34.82359183915475
745,746.0,0.7210067899954025,4.932077540396487,0.19193709524768648,0.42436927261736684,0.027315055192577445,0.062467197326250966,0.9652960266208557,-34.823591839171264
746,747.0,0.9729171458176699,7.6002246475413955,0.19193681936735466,0.4243694706743245,0.0273150551924338,0.06246719732608676,0.9652960077062053,-34.82359183920808
747,748.0,0.6765819842596146,0.3873930669373292,0.19193689037559122,0.42436951296148584,0.02731505519244773,0.062467197326102675,0.9652960019636714,-34.823591839204504
748,749.0,0.3763436524473348,0.8440316897479861,0.19193690585119896,0.42436933295271756,0.027315055192288565,0.06246719732592066,0.9652960222409934,-34.823591839245296
749,750.0,0.441449712214415,5.967836726885972,0.19193707250247466,0.42436951491995206,0.0273150551926236,0.06246719732630373,0.9652959993516785,-34.823591839159434
750,751.0,0.15464981419023938,1.7393604287739677,0.1919374137745797,0.4243692607877028,0.027315055194145923,0.06246719732804446,0.9652960237865346,-34.82359183876931
751,752.0,0.4835494781233316,2.513676324595162,0.19193724873374435,0.424368631928019,0.027315055195839807,0.06246719732998137,0.9652960974993325,-34.823591838335226
752,753.0,0.5110950323406322,8.84682510530234,0.5111267403100562,8.846823151309978,2.897680182262082,0.6433928129469011,3.436189102146159e-07,-2.1739976853403986
753,754.0,0.12308779742656095,8.84266576157211,0.12308779742656095,8.84266576157211,2.897681213017751,0.6433929273799455,0.0,-2.1739951953180556
754,755.0,0.3437300777592558,8.634055124068936,0.3437300777592558,8.634055124068936,2.897681212096813,0.6433929272777043,3.80001474731273e-10,-2.173995197542789
755,756.0,0.5458439251291254,8.570792925017384,0.19193644850169286,0.42436966918570873,0.02731505519437371,0.06246719732830496,0.9652959899833389,-34.82359183871094
756,757.0,0.027144310279233808,2.758860146156625,0.027144310279233808,2.758860146156625,2.897681213017751,0.6433929273799455,0.0,-2.1739951953180556
757,758.0,0.253397943082075,3.7924548642789713,0.19193696869805044,0.42436939251147665,0.027315055192332065,0.06246719732597041,0.9652960146403594,-34.82359183923414
758,759.0,0.8879344713515314,3.193172746708196,0.1919369358321736,0.42436932886087736,0.027315055192297166,0.06246719732593053,0.9652960223132598,-34.82359183924309
759,760.0,0.08746822554601452,7.162869898673343,0.08746822554601452,7.162869898673343,2.897681213017751,0.6433929273799455,0.0,-2.1739951953180556
760,761.0,0.9807601981834558,9.156579501937067,0.19193687406091967,0.42436938418484516,0.027315055192305683,0.06246719732594024,0.965296016829108,-34.823591839240905
761,762.0,0.648327909931357,5.83742260828166,0.19193689756387355,0.42436924319727637,0.027315055192332502,0.06246719732597089,0.9652960325615074,-34.823591839234034
762,763.0,0.6762124371280014,4.9495360886521835,0.19193694420041205,0.424368507510499,0.027315055195815195,0.062467197329953164,0.9652961156507723,-34.82359183834153
763,764.0,0.7076245972262324,2.8343827587800186,0.19193689158663496,0.42436932221730256,0.027315055192289883,0.06246719732592217,0.965296023649513,-34.823591839244955
764,765.0,0.8745417669219848,4.641786058990932,0.19193706292247667,0.42436948024161725,0.02731505519255159,0.0624671973262214,0.9652960034228485,-34.823591839177894
765,766.0,0.955370677175115,0.012704771858395438,0.19193686276871297,0.42436942988480797,0.027315055192345134,0.06246719732598535,0.9652960117777531,-34.8235918392308
766,767.0,0.31462403878345757,2.0919084583228282,0.19193774586748666,0.4243697348428122,0.0273150551976762,0.06246719733208121,0.9652959654921857,-34.82359183786461
767,768.0,0.9823006244618337,0.22157885631855678,0.19193713396583678,0.4243689590029051,0.027315055193457068,0.062467197327256786,0.9652960617935954,-34.823591838945845
768,769.0,0.37633919382678327,0.36526263946486515,0.19193702728086479,0.4243693867917089,0.027315055192404427,0.06246719732605316,0.9652960145225837,-34.8235918392156
769,770.0,0.15255948672944175,3.4982096107706004,0.15258346754678628,3.4982081896851205,2.897680995261051,0.6433929032049047,1.1541512812129895e-07,-2.173995721358308
770,771.0,0.8612030309507825,8.952522700685865,0.1919368646783057,0.4243693685987293,0.027315055192303418,0.062467197325937675,0.9652960187254696,-34.82359183924149
771,772.0,0.9639311505696191,5.931633474784309,0.19193689129336516,0.42436941907617015,0.027315055192323856,0.06246719732596102,0.9652960126333503,-34.82359183923625
772,773.0,0.5826443458152893,8.996962873586474,0.1919371388731191,0.42436926648256196,0.027315055192713957,0.06246719732640712,0.9652960267464149,-34.82359183913628
773,774.0,0.5678873512374447,2.32583260511236,0.1919374967915128,0.4243700964020815,0.02731505519724702,0.06246719733159046,0.9652959276263772,-34.8235918379746
774,775.0,0.8319896478364702,9.312988308198408,0.19193684001920133,0.424369457192173,0.02731505519239329,0.062467197326040384,0.9652960089692649,-34.82359183921846
775,776.0,0.8505245054775004,7.898749659515553,0.19193679738102126,0.42436918110536526,0.027315055192470662,0.06246719732612891,0.9652960409399864,-34.82359183919863
776,777.0,0.43192087307280524,6.399744208817395,0.1919368676364273,0.42436933352335643,0.02731505519229585,0.06246719732592899,0.9652960226773313,-34.82359183924343
777,778.0,0.24827911594894303,8.466555540282197,0.24827911594894303,8.466555540282197,2.897681213017446,0.6433929273799117,1.4310774787418268e-13,-2.173995195318793
778,779.0,0.9358417348341196,7.0276475651331785,0.19193689857363946,0.4243693758137106,0.027315055192296107,0.0624671973259293,0.9652960174599955,-34.82359183924336
779,780.0,0.6195537932389354,4.585622631534767,0.1919367060354903,0.42436915410051046,0.02731505519268646,0.06246719732637566,0.9652960452104286,-34.823591839143326
780,781.0,0.1792592533533225,1.5932381284347605,0.19193682048447852,0.4243696898970725,0.027315055192988037,0.06246719732672048,0.9652959827495887,-34.82359183906604
781,782.0,0.7509504121734,2.7708904847105527,0.19193730496975342,0.4243692721518661,0.027315055193445868,0.06246719732724402,0.9652960239217152,-34.823591838948715
782,783.0,0.4962439131833233,2.452132834003342,0.19193574925066612,0.4243692754033025,0.027315055201302264,0.062467197336227444,0.9652960439485047,-34.823591836935364
783,784.0,0.32065652657115706,3.327958869370053,0.19193719370921108,0.42436950777646004,0.027315055192978478,0.06246719732670958,0.9652959985740858,-34.82359183906849
784,785.0,0.8272983870332498,6.258472062090249,0.19193872579813046,0.4243687007791154,0.027315055218059648,0.06246719735538877,0.9652960702605549,-34.82359183264097
785,786.0,0.2109582486080862,8.510628673283703,0.2109582486080862,8.510628673283703,2.8976812130177496,0.6433929273799455,4.440892098500626e-16,-2.17399519531806
786,787.0,0.7542968848533937,5.572213358072089,0.1919368575339659,0.42436940548432645,0.027315055192327582,0.06246719732596526,0.9652960146225557,-34.82359183923529
787,788.0,0.6767377745950623,7.587802315185453,0.1919368241399764,0.424369422878698,0.02731505519237173,0.06246719732601578,0.9652960130815204,-34.82359183922398
788,789.0,0.8407052521772256,8.957416936806089,0.19193660997210488,0.4243686309585554,0.027315055195214703,0.06246719732926661,0.9652961059898548,-34.82359183849542
789,790.0,0.6445981641730563,4.777826377853925,0.1919368607852123,0.4243693107954425,0.027315055192301877,0.062467197325935905,0.965296025353038,-34.823591839241885
790,791.0,0.7382214622291391,4.691458423560238,0.1919369015296159,0.4243693363314824,0.027315055192288273,0.06246719732592034,0.9652960219132659,-34.823591839245374
791,792.0,0.42652925577757905,6.926273292651337,0.19193750302496973,0.4243685467996573,0.027315055198329892,0.06246719733282866,0.9652961038462743,-34.823591837697094
792,793.0,0.3904049050667151,1.468392936154561,0.1919367816657962,0.42436898500348497,0.027315055192976653,0.062467197326707455,0.9652960634573033,-34.82359183906896
793,794.0,0.3433149840771609,9.760140038882142,0.3433149840771609,9.760140038882142,2.897681212984035,0.6433929273762026,1.3919754238145288e-11,-2.173995195399505
794,795.0,0.70621712838364,1.686919014489507,0.19193685516252287,0.4243694349944454,0.027315055192355258,0.06246719732599691,0.9652960112961733,-34.8235918392282
795,796.0,0.6234856795749211,9.543431479067326,0.19193726250076545,0.42436944941663807,0.027315055193209876,0.062467197326974123,0.9652960043111507,-34.82359183900919
796,797.0,0.07198724105224752,6.300398694460902,0.07198724105224752,6.300398694460902,2.897681213017751,0.6433929273799455,0.0,-2.1739951953180556
797,798.0,0.04732760439433725,7.871835029157155,0.04732760439433725,7.871835029157155,2.897681213017751,0.6433929273799455,0.0,-2.1739951953180556
798,799.0,0.8592879300063025,6.315573139965079,0.19193688096422382,0.42436901279366696,0.027315055192817364,0.06246719732652532,0.965296058993044,-34.82359183910978
799,800.0,0.41924632567366726,0.40864304585427624,0.19193698527099395,0.4243694553200225,0.027315055192399334,0.06246719732604731,0.9652960072769843,-34.82359183921691
800,801.0,0.6876869187153567,2.703182924821831,0.19193689460913924,0.42436932545646416,0.02731505519228919,0.062467197325921354,0.9652960232413349,-34.82359183924514
801,802.0,0.7551869208498094,4.298862215411336,0.19193672769349612,0.42436944091687184,0.02731505519256357,0.06246719732623509,0.9652960122941124,-34.82359183917482
802,803.0,0.5666892881432294,6.620330584166932,0.19193687259145545,0.4243692903749525,0.02731505519230362,0.06246719732593789,0.9652960275214958,-34.82359183924144
803,804.0,0.5450603818679275,1.6850350448431297,0.19193689603660546,0.4243693310272726,0.027315055192288593,0.06246719732592073,0.9652960225887987,-34.82359183924528
804,805.0,0.5774692548848614,9.06111633293655,0.19193739918775865,0.42436941824350455,0.027315055193981516,0.06246719732785651,0.9652960060638605,-34.823591838811446
805,806.0,0.6211796369137969,4.198281321052362,0.19193692556126543,0.4243695647602827,0.027315055192550706,0.062467197326220435,0.96529599560878,-34.823591839178114
806,807.0,0.7334097951188021,3.5262829036161856,0.19193683451643906,0.4243690006551813,0.027315055192871824,0.06246719732658761,0.9652960609833465,-34.823591839095826
807,808.0,0.7629333220888329,6.61977712753108,0.19193687695089529,0.42436929954404423,0.02731505519229855,0.06246719732593209,0.9652960264211116,-34.82359183924274
808,809.0,0.5726599195862777,2.0752919683291244,0.191936887824974,0.42436933073764505,0.0273150551922896,0.06246719732592184,0.9652960227294631,-34.82359183924503
809,810.0,0.06275467113358779,8.160199534317028,0.06275467113358779,8.160199534317028,2.897681213017751,0.6433929273799455,0.0,-2.1739951953180556
810,811.0,0.10608797172970286,5.29640679204198,0.10608797172970286,5.29640679204198,2.897681213017751,0.6433929273799455,0.0,-2.1739951953180556
811,812.0,0.9906238889699115,1.3749639126554924,0.19193689313990497,0.4243693727637635,0.027315055192295476,0.06246719732592858,0.9652960178782742,-34.82359183924353
812,813.0,0.895721748215002,9.211520741358337,0.1919373504937169,0.42436856565511033,0.0273150551969758,0.062467197331280304,0.9652961037035681,-34.8235918380441
813,814.0,0.7871071442116396,4.304777714052553,0.19193668529987737,0.42436946329602887,0.027315055192710148,0.062467197326402726,0.9652960103038628,-34.82359183913725
814,815.0,0.5527685511094899,3.9055807321155025,0.19193676172943644,0.42436917091217174,0.027315055192540433,0.062467197326208625,0.9652960425672917,-34.82359183918075
815,816.0,0.5911494510303157,4.430666606721639,0.19193646348822369,0.4243686488595973,0.02731505519573523,0.06246719732986179,0.9652961058739774,-34.82359183836202
816,817.0,0.7508525333223779,0.15773518413099455,0.1919368708057892,0.42436925751780347,0.02731505519232435,0.062467197325961586,0.9652960312831981,-34.82359183923613
817,818.0,0.8233450765693876,9.481641116188998,0.19193687923283478,0.42436930988869426,0.027315055192294675,0.062467197325927655,0.96529602521423,-34.82359183924373
818,819.0,0.6436012216980382,4.8460637788724465,0.19193756352836913,0.4243694531806831,0.0273150551952875,0.06246719732934983,0.9652959999316474,-34.82359183847676
819,820.0,0.14349941661194243,0.8660617017122112,0.19193689556795684,0.42436933151939515,0.027315055192288606,0.06246719732592073,0.9652960225389553,-34.82359183924528
820,821.0,0.70761927384727,1.6714359286890668,0.19193679932235574,0.4243694052973561,0.027315055192388516,0.062467197326034965,0.9652960154073171,-34.82359183921968
821,822.0,0.5843962056628612,4.869931421538657,0.19193704962550553,0.4243691444390302,0.02731505519265103,0.062467197326335114,0.9652960418026854,-34.82359183915241
822,823.0,0.7668714869890898,4.0745243546275205,0.19193689636868794,0.42436935573667467,0.027315055192290324,0.062467197325922694,0.9652960197731599,-34.82359183924484
823,824.0,0.6840136969117175,7.77926341034249,0.19193688153792995,0.4243692504522785,0.027315055192327253,0.062467197325964896,0.9652960319462955,-34.823591839235384
824,825.0,0.22427137741858982,0.7495748945631046,0.19193688957344138,0.4243694510339915,0.027315055192356327,0.06246719732599811,0.9652960090199401,-34.82359183922793
825,826.0,0.9368582619832891,8.356635449729422,0.19193690561355353,0.42436932807384214,0.027315055192288867,0.06246719732592102,0.9652960227991987,-34.82359183924522
826,827.0,0.9438093610923709,1.404666274906547,0.19193680960953263,0.4243694122449332,0.02731505519237998,0.0624671973260252,0.9652960144819425,-34.82359183922186
827,828.0,0.7258820431351901,7.873774461357687,0.19193706067367539,0.42436928151375264,0.027315055192485397,0.062467197326145765,0.9652960260623122,-34.82359183919485
828,829.0,0.15648361102428654,9.172916264473578,0.15648361102428654,9.172916264473578,2.897681213017751,0.6433929273799455,0.0,-2.1739951953180556
829,830.0,0.9343009088546848,2.35046044044443,0.19193574925066612,0.4243692754033025,0.027315055201302264,0.062467197336227444,0.9652960439485047,-34.823591836935364
830,831.0,0.6120302984245028,3.0636607877961044,0.19193671238655072,0.42436867443420734,0.02731505519464683,0.06246719732861721,0.9652960997003678,-34.823591838640944
831,832.0,0.5121696699520518,9.417336481535711,0.5121811274536083,9.417335770993034,2.8976808635067233,0.6433928885777251,1.1636890528965438e-07,-2.173996039640519
832,833.0,0.2043622135681019,6.792624129676555,0.2043622135681019,6.792624129676555,2.897681213016183,0.6433929273797715,7.803757640090225e-13,-2.1739951953218446
833,834.0,0.32051728804386326,2.3079492327366378,0.19193574925066612,0.4243692754033025,0.027315055201302264,0.062467197336227444,0.9652960439485047,-34.823591836935364
834,835.0,0.608717519770875,8.610511824847721,0.19193681986093203,0.42436947265011105,0.02731505519243602,0.062467197326089276,0.965296007474938,-34.82359183920751
835,836.0,0.27132961630637487,1.7131586633955131,0.19193688393388844,0.424369337929955,0.027315055192290282,0.06246719732592264,0.9652960219622058,-34.823591839244855
836,837.0,0.09827937803586873,7.869508017823997,0.09827937803586873,7.869508017823997,2.897681213017751,0.6433929273799455,0.0,-2.1739951953180556
837,838.0,0.2547317523200241,2.562496532871291,0.19193726416822282,0.42436928453885847,0.027315055193218765,0.0624671973269843,0.9652960230478965,-34.823591839006916
838,839.0,0.9460566348259444,9.09920735050247,0.19193688145671853,0.4243693623464394,0.027315055192294612,0.062467197325927586,0.9652960192167407,-34.82359183924375
839,840.0,0.6565217085180343,2.207686025629203,0.19193574925066612,0.4243692754033025,0.027315055201302264,0.062467197336227444,0.9652960439485047,-34.823591836935364
840,841.0,0.7093247732248488,8.50891772829443,0.19193653032876223,0.4243698725848791,0.02731505519484934,0.06246719732884881,0.9652959657687761,-34.823591838589046
841,842.0,0.2502896593536953,6.2586061406934395,0.2502896593536953,6.2586061406934395,2.8976812103750866,0.6433929270865607,1.2378044145222589e-09,-2.173995201702005
842,843.0,0.56031313690403,3.736917080926954,0.19193704810133178,0.4243700656684843,0.027315055195034688,0.06246719732906075,0.9652959370107155,-34.823591838541546
843,844.0,0.9674953059386189,0.4385448677167088,0.19193604143255474,0.42436912173748986,0.027315055197408403,0.06246719733177499,0.965296057604436,-34.82359183793324
844,845.0,0.14208510832772625,1.499578692352129,0.1919368954485828,0.424369331697591,0.027315055192288638,0.062467197325920744,0.9652960225202472,-34.82359183924528
845,846.0,0.33733936322537295,1.9495334153750756,0.19193673315761986,0.42436937735213226,0.027315055192494674,0.06246719732615632,0.9652960194544945,-34.823591839192474
846,847.0,0.183545824033588,7.550028623564534,0.183545824033588,7.550028623564534,2.8976812130177505,0.6433929273799455,2.220446049250313e-16,-2.1739951953180565
847,848.0,0.3776689483704536,1.7610264388612396,0.19193691342703864,0.4243693891335564,0.027315055192302658,0.06246719732593676,0.9652960157497105,-34.823591839241686
848,849.0,0.06850217035707973,3.0561834567586224,0.06850217035707973,3.0561834567586224,2.8976812130175515,0.6433929273799234,1.141309269314661e-13,-2.173995195318538
849,850.0,0.7464379898239767,0.4557925322062133,0.1919369165525564,0.4243696725434656,0.02731505519285623,0.06246719732656978,0.965295983463983,-34.82359183909982
850,851.0,0.8608274824535688,8.521472036665203,0.19193648610837002,0.4243697195413037,0.027315055194340607,0.06246719732826709,0.9652959837611228,-34.823591838719416
851,852.0,0.7344387870403979,1.1723538889914895,0.1919369197536561,0.4243693254931564,0.027315055192291552,0.062467197325924054,0.9652960229073311,-34.82359183924453
852,853.0,0.4000193139807754,5.620101091680022,0.19193656592996225,0.42437009185682617,0.02731505519615771,0.062467197330344865,0.9652959403541567,-34.823591838253755
853,854.0,0.49262892752938203,7.57408441091596,0.19193682984076454,0.42436940144126917,0.027315055192347892,0.0624671973259885,0.9652960154457755,-34.82359183923009
854,855.0,0.23141268170562912,8.929435115200697,0.23141268170562912,8.929435115200697,2.8976812130177465,0.643392927379945,2.1094237467877974e-15,-2.173995195318067
855,856.0,0.937946325268404,6.215290578834554,0.19193690594704974,0.4243691261656235,0.027315055192514183,0.06246719732617863,0.9652960457666344,-34.82359183918748
856,857.0,0.1409712045176268,4.345959578600344,0.1409712045176268,4.345959578600344,2.897681212884057,0.6433929273651031,7.1777028765041e-11,-2.173995195641024
857,858.0,0.4914089479654262,1.0000655087929635,0.19193679261509167,0.4243692413595736,0.02731505519240582,0.06246719732605472,0.9652960341471462,-34.82359183921524
858,859.0,0.07024861128544724,8.038144683892673,0.07024861128544724,8.038144683892673,2.897681213017751,0.6433929273799455,0.0,-2.1739951953180556
859,860.0,0.7900777846533087,1.610617806373639,0.19193744465871737,0.42436994393375227,0.027315055195890767,0.06246719733003963,0.965295945657555,-34.82359183832216
860,861.0,0.9922207407483757,9.596144095802076,0.19193681415797778,0.4243694304087007,0.027315055192391056,0.062467197326037865,0.9652960123557196,-34.82359183921903
861,862.0,0.05933331325940849,1.2100017748541805,0.1919368935581031,0.4243692225643927,0.027315055192354092,0.06246719732599559,0.9652960349615294,-34.8235918392285
862,863.0,0.5741420415353626,2.2994949796423665,0.19193687934541628,0.4243693342124572,0.027315055192291493,0.062467197325924026,0.9652960224453461,-34.82359183924454
863,864.0,0.4178333866807429,2.258986175167873,0.19193689250026574,0.42436931888881047,0.027315055192290313,0.06246719732592265,0.9652960240162239,-34.82359183924484
864,865.0,0.6025813017702294,0.7475625725845998,0.19193688170924558,0.4243693846731863,0.027315055192303202,0.06246719732593741,0.965296016673227,-34.823591839241544
865,866.0,0.9622060895817572,7.656428449583028,0.19193673608973075,0.4243692758546675,0.027315055192484176,0.06246719732614432,0.965296030963833,-34.82359183919517
866,867.0,0.3072690894151452,3.2400336414157027,0.19193692594622414,0.4243691733350792,0.027315055192431444,0.06246719732608406,0.9652960401376605,-34.823591839208675
867,868.0,0.6329901835499382,3.76474995783768,0.1919368725749442,0.4243694611937662,0.02731505519237513,0.06246719732601965,0.9652960080869823,-34.823591839223106
868,869.0,0.5532227855693802,2.6746018557302538,0.19193760447989736,0.42436920084212776,0.02731505519584205,0.0624671973299839,0.9652960281030563,-34.82359183833464
869,870.0,0.9744401573484555,5.7245211821431345,0.19193691269514912,0.42436933764871304,0.027315055192289224,0.06246719732592141,0.965296021616938,-34.823591839245125
870,871.0,0.60803980441619,9.963960788608277,0.6080898088609679,9.963957413530562,2.8976791928270274,0.643392703101194,6.029038019939037e-07,-2.174000075544331
871,872.0,0.7162104368225574,9.416685063713139,0.19193751334975376,0.4243694823609184,0.027315055194879236,0.062467197328882985,0.965295997270488,-34.823591838581386
872,873.0,0.6779035388626086,9.410140156563255,0.19193687801061338,0.42436934961824835,0.027315055192293,0.06246719732592576,0.9652960207100781,-34.82359183924416
873,874.0,0.23923305990280797,5.777289109640143,0.23923305990280797,5.777289109640143,2.8976812056909136,0.6433929265665305,3.483155319727871e-09,-2.173995213017678
874,875.0,0.8557698747238656,8.653180927348295,0.19193681190056197,0.42436919781190013,0.02731505519242982,0.06246719732608219,0.9652960388487856,-34.823591839209094
875,876.0,0.7361313786794746,6.5994937641131814,0.19193688662766276,0.42436996828612106,0.02731505519431677,0.062467197328239826,0.965295950208399,-34.82359183872553
876,877.0,0.933072989604805,6.672116882366078,0.19193705234881026,0.42436943628078705,0.02731505519248189,0.062467197326141706,0.9652960085631557,-34.82359183919575
877,878.0,0.9087472998403271,2.6093097245128742,0.19193574925066612,0.4243692754033025,0.027315055201302264,0.062467197336227444,0.9652960439485047,-34.823591836935364
878,879.0,0.4863219289943559,2.6495821577485574,0.1919368937216431,0.42436932746270384,0.027315055192289047,0.06246719732592121,0.9652960230247187,-34.823591839245175
879,880.0,0.8149324976464132,4.801283305370038,0.19193688190660846,0.4243693011586079,0.02731505519229667,0.06246719732592991,0.965296026172413,-34.823591839243214
880,881.0,0.3267789752063527,2.4253683867504185,0.19193752664839445,0.4243692245715856,0.027315055195084315,0.062467197329117534,0.9652960264251763,-34.82359183852883
881,882.0,0.9160665004312901,2.952665902686399,0.1919368674269996,0.4243692829525255,0.027315055192309153,0.062467197325944204,0.9652960284337142,-34.82359183924002
882,883.0,0.5245956366370493,7.3316361111283275,0.19193686520681671,0.4243693398506369,0.027315055192297162,0.062467197325930486,0.9652960219893204,-34.82359183924309
883,884.0,0.20830597245681737,5.0804541643721315,0.20830597245681737,5.0804541643721315,2.897681202970385,0.6433929262645012,4.97503982455072e-09,-2.1739952195897265
884,885.0,0.4836513128556772,9.562469375978226,0.4836513128556772,9.562469375978226,2.897681116931679,0.6433929167126058,3.311069185496507e-08,-2.173995427435554
885,886.0,0.08512319572425531,7.702381829692763,0.08512319572425531,7.702381829692763,2.897681213017751,0.6433929273799455,0.0,-2.1739951953180556
886,887.0,0.84405340092916,8.226810732063294,0.19193735847775345,0.4243698693550204,0.02731505519494514,0.062467197328958335,0.9652959552737453,-34.8235918385645
887,888.0,0.34070345760270815,0.22234570567172773,0.1919369020197563,0.42436926804974984,0.027315055192312337,0.06246719732594783,0.9652960296755023,-34.82359183923921
888,889.0,0.6953572840197181,9.305867742928196,0.1919367418447782,0.4243691998384122,0.027315055192537636,0.06246719732620549,0.9652960395370292,-34.82359183918147
889,890.0,0.8694082921674322,0.010872689695964867,0.19193693792187627,0.4243689157164978,0.027315055193209127,0.06246719732697328,0.9652960692906113,-34.82359183900938
890,891.0,0.3153183612640461,5.180453639392677,0.1919368062796986,0.42436936178383056,0.027315055192354675,0.062467197325996246,0.965296020266783,-34.82359183922835
891,892.0,0.8850125923654931,0.6370571639767888,0.19193754911279154,0.4243701568056415,0.027315055198107122,0.06246719733257396,0.9652959200672494,-34.82359183775418
892,893.0,0.14128733220747003,0.2667966829268437,0.19193735438564277,0.42436872861252023,0.027315055195800776,0.06246719732993673,0.9652960851126344,-34.82359183834522
893,894.0,0.8089566969519418,5.183720067847603,0.1919369790113115,0.42436933922839315,0.027315055192329712,0.06246719732596773,0.9652960205672775,-34.823591839234744
894,895.0,0.0018452492546479071,6.733759773390054,0.0018452492546479071,6.733759773390054,2.897681213017751,0.6433929273799455,0.0,-2.1739951953180556
895,896.0,0.608332857029686,8.004249804080546,0.19193693131605927,0.4243693512968163,0.027315055192295264,0.06246719732592828,0.9652960198198813,-34.823591839243576
896,897.0,0.358277086729212,3.0508585356503453,0.19193690929418133,0.42436933141857436,0.027315055192288946,0.06246719732592108,0.965296022370376,-34.823591839245196
897,898.0,0.17770878247593247,9.376022736893647,0.17770878247593247,9.376022736893647,2.897681213017751,0.6433929273799455,0.0,-2.1739951953180556
898,899.0,0.8808057980373691,7.4638693722867515,0.19193688716091492,0.42436944884404404,0.02731505519235446,0.06246719732599602,0.9652960093007436,-34.823591839228406
899,900.0,0.23764552357588098,2.868700952259151,0.1919372545919391,0.42436929917994143,0.02731505519316039,0.06246719732691757,0.9652960215078152,-34.82359183902187
900,901.0,0.6343814105451356,4.435171180040235,0.19193637802928457,0.42436901883164607,0.027315055194525456,0.06246719732847845,0.9652960649011919,-34.82359183867205
901,902.0,0.6035828256464598,9.39715474571815,0.19193695393803734,0.4243695124457114,0.027315055192455653,0.06246719732611172,0.9652960011885965,-34.82359183920247
902,903.0,0.874975695123868,7.12457747568039,0.1919368889121978,0.42436932870977345,0.027315055192289522,0.06246719732592176,0.9652960229459208,-34.82359183924505
903,904.0,0.2996206327920393,9.469508574670511,0.2996206327920393,9.469508574670511,2.8976812130157263,0.6433929273797208,8.869571743730376e-13,-2.173995195322947
904,905.0,0.31489378544409363,4.789481108699497,0.1919368832399616,0.4243693029207517,0.027315055192295736,0.06246719732592888,0.9652960259544378,-34.823591839243456
905,906.0,0.6266969276655255,8.582624888232345,0.19193643720610656,0.4243696756144078,0.027315055194472006,0.062467197328417344,0.9652959893999752,-34.82359183868574
906,907.0,0.49231908671880187,3.2789579259274433,0.19193675668012003,0.42436886159484877,0.027315055193515847,0.06246719732732402,0.9652960778256091,-34.82359183893078
907,908.0,0.22599992931280988,1.6868206362131746,0.19193688029118972,0.4243693349612044,0.027315055192291212,0.062467197325923665,0.9652960223477527,-34.823591839244614
908,909.0,0.7401086985067573,4.176088152660104,0.19193643492323376,0.424369566511555,0.02731505519412961,0.0624671973280258,0.9652960018431418,-34.82359183877349
909,910.0,0.2803292907684105,1.6927901231178393,0.1919370648988295,0.4243692748253858,0.02731505519249983,0.062467197326162245,0.9652960267678347,-34.82359183919115
910,911.0,0.9468096901289627,7.767997120999605,0.19193692846432814,0.4243692592235121,0.02731505519232578,0.06246719732596323,0.9652960303328048,-34.82359183923575
911,912.0,0.09126935600334796,5.950806422029612,0.09126935600334796,5.950806422029612,2.897681213017751,0.6433929273799455,0.0,-2.1739951953180556
912,913.0,0.44044725292752607,8.328247389533285,0.44045764461504205,8.328246767808443,2.8976809441144242,0.6433928975266785,9.777007436984064e-08,-2.1739958449144874
913,914.0,0.42414276813826546,2.894273673533235,0.19193687558757072,0.42436935986751245,0.027315055192295882,0.062467197325929015,0.965296019575762,-34.82359183924342
914,915.0,0.5518879891094136,4.122842889555269,0.19193686825646614,0.4243694816138275,0.027315055192405784,0.062467197326054706,0.9652960058203496,-34.823591839215254
915,916.0,0.4878305090241599,0.1884512645210086,0.191937731851869,0.42436812159110876,0.0273150552053427,0.06246719734084752,0.9652961492171129,-34.823591835899926
916,917.0,0.762925742646315,8.951812987388772,0.19193675605609092,0.42436940303529913,0.02731505519246205,0.06246719732611904,0.9652960162321123,-34.82359183920084
917,918.0,0.9478772885819196,3.68197373393691,0.19193734125035522,0.42436977329191555,0.027315055194412095,0.06246719732834881,0.9652959664292925,-34.823591838701105
918,919.0,0.7328560811597212,1.2354305403995711,0.19193677304314227,0.42436933104908525,0.02731505519239957,0.06246719732604761,0.9652960241995053,-34.823591839216846
919,920.0,0.6054835252301841,2.1789515014796454,0.1919368781555616,0.4243692716458726,0.027315055192312115,0.06246719732594759,0.9652960295793892,-34.82359183923926
920,921.0,0.5591310804127718,3.6170072462728124,0.19193691367604893,0.424369301391006,0.027315055192296142,0.06246719732592931,0.965296025729245,-34.82359183924335
921,922.0,0.05111080816405622,9.211281953905234,0.05111080816405622,9.211281953905234,2.897681213017751,0.6433929273799455,0.0,-2.1739951953180556
922,923.0,0.4994222697520796,0.9419120527745681,0.19193703373053825,0.4243693621721854,0.027315055192408958,0.06246719732605838,0.9652960172390184,-34.823591839214444
923,924.0,0.23764223287523467,4.910248931921284,0.23765972999011198,4.910247954925016,2.897680967221504,0.6433929000919938,1.1709670066917255e-07,-2.173995789094139
924,925.0,0.23746791012919644,2.5891291657090583,0.19193681416253414,0.42436922560440626,0.02731505519239421,0.06246719732604145,0.9652960356570606,-34.823591839218224
925,926.0,0.6493794930225325,2.696742911942846,0.19193722457869677,0.42436929956839253,0.027315055193020438,0.06246719732675755,0.965296021857491,-34.823591839057734
926,927.0,0.48612667298159373,8.711952565602123,0.48614692344957355,8.711951322152439,2.8976806065715937,0.6433928600531487,2.0834314495843387e-07,-2.1739966603251535
927,928.0,0.17232268930133166,2.4997057104498497,0.19193687357692313,0.42436929125700273,0.027315055192302897,0.06246719732593702,0.9652960274082154,-34.82359183924162
928,929.0,0.319326568069334,0.43253391673202557,0.19193712246911246,0.4243695293835682,0.027315055192774496,0.06246719732647632,0.965295997050528,-34.823591839120766
929,930.0,0.6085815070470437,3.1262965355704093,0.19193689949521792,0.42436934284806554,0.027315055192288502,0.06246719732592057,0.9652960211985351,-34.82359183924531
930,931.0,0.5356526782059867,9.573512655774714,0.5356693315512724,9.573511589960699,2.897680667254657,0.6433928667900971,1.7675168551001263e-07,-2.1739965137315505
931,932.0,0.020677659167548823,9.395745138649541,0.020677659167548823,9.395745138649541,2.897681213017751,0.6433929273799455,0.0,-2.1739951953180556
932,933.0,0.6118199776629327,9.371609523670063,0.19193689687173038,0.42436933119882686,0.027315055192288547,0.06246719732592064,0.9652960225583259,-34.823591839245296
933,934.0,0.17337440473116839,0.11569043879205067,0.19193689493237995,0.42436933139980604,0.027315055192288655,0.06246719732592077,0.9652960225608984,-34.823591839245275
934,935.0,0.2647827093849421,0.038605689419442035,0.19193691584160283,0.4243693617739121,0.027315055192292638,0.06246719732592533,0.9652960188308495,-34.82359183924425
935,936.0,0.5018467793708802,1.784613796593743,0.1919376476587631,0.4243689208262517,0.027315055197235892,0.062467197331577705,0.9652960593938704,-34.82359183797745
936,937.0,0.2012609726978376,0.0637971125197352,0.19193691582962596,0.42436931659177474,0.02731505519229213,0.06246719732592475,0.9652960239715479,-34.823591839244386
937,938.0,0.22127344567011809,7.9470779162109615,0.22127344567011809,7.9470779162109615,2.897681213017674,0.643392927379937,3.730349362740526e-14,-2.1739951953182413
938,939.0,0.3197679271709313,6.548862695000864,0.3197679271709313,6.548862695000864,2.897681098351682,0.6433929146498808,4.887132276643058e-08,-2.1739954723197137
939,940.0,0.10075929671334238,8.091591066532319,0.10075929671334238,8.091591066532319,2.897681213017751,0.6433929273799455,0.0,-2.1739951953180556
940,941.0,0.4478489446336673,7.317608299445336,0.19193687277837523,0.42436933909297264,0.027315055192293776,0.0624671973259266,0.9652960219762095,-34.82359183924396
941,942.0,0.32372314543365754,7.660517912713338,0.32372314543365754,7.660517912713338,2.8976812084198276,0.6433929268694906,1.9491789293724082e-09,-2.1739952064253725
942,943.0,0.3569639855017275,3.144141123827674,0.19193700127013838,0.42436854847391176,0.027315055195572365,0.062467197329675594,0.965296110241507,-34.823591838403765
943,944.0,0.964669760883782,1.0333192054834126,0.19193689448570103,0.42436933178051367,0.027315055192288707,0.06246719732592082,0.9652960225234429,-34.82359183924526
944,945.0,0.656344731121559,4.143258063647411,0.19193685630077575,0.42436923762512163,0.027315055192348003,0.06246719732598863,0.9652960337367207,-34.82359183923006
945,946.0,0.46274371781132695,1.61430732264036,0.19193692894557216,0.42436926100200745,0.0273150551923246,0.062467197325961885,0.9652960301241461,-34.82359183923606
946,947.0,0.5784362872916227,7.317426740377132,0.19193687238688484,0.42436933905578844,0.02731505519229397,0.06246719732592686,0.9652960219855751,-34.82359183924391
947,948.0,0.5998832970049583,9.580219958249543,0.5999594138951442,9.580214806815135,2.8976780910908495,0.6433925807879499,9.400481491006474e-07,-2.17400273703796
948,949.0,0.5770999990042766,0.6306555932621934,0.19193682638604512,0.4243692936039368,0.027315055192332995,0.062467197325971474,0.9652960277601711,-34.823591839233906
949,950.0,0.4950938138719676,7.998073919785391,0.1919372149360128,0.42436886842175575,0.027315055194198037,0.06246719732810404,0.96529607103663,-34.82359183875596
950,951.0,0.12778768855276357,4.191849919312235,0.12778768855276357,4.191849919312235,2.8976812129806575,0.6433929273758275,2.019284739418481e-11,-2.173995195407663
951,952.0,0.7875729729982802,1.6260023610922454,0.1919368680811993,0.4243693219423383,0.027315055192296402,0.06246719732592962,0.9652960239891144,-34.823591839243285
952,953.0,0.6453957954059432,4.915264052470886,0.1919368520645868,0.42436936628107225,0.027315055192310242,0.06246719732594545,0.9652960191546048,-34.82359183923974
953,954.0,0.7902101956963962,6.61113569923133,0.19193687438099918,0.4243692939896728,0.027315055192301478,0.06246719732593545,0.9652960270867623,-34.823591839241985
954,955.0,0.8085522778109994,0.832318134511262,0.1919370762018429,0.4243691704220509,0.027315055192663043,0.0624671973263489,0.965296038497825,-34.82359183914933
955,956.0,0.367579875020684,6.293712041110094,0.1919371254695912,0.4243695482431401,0.02731505519281808,0.06246719732652615,0.9652959948654373,-34.823591839109596
956,957.0,0.8968109190981963,7.1885679521847665,0.19193689003177472,0.4243693324344562,0.027315055192289196,0.06246719732592141,0.9652960225074638,-34.82359183924514
957,958.0,0.19993647398441405,4.869863788336101,0.19993647398441405,4.869863788336101,2.8976812005694166,0.6433929259979492,6.2304796877299395e-09,-2.1739952253898043
958,959.0,0.9977702033712184,5.441550416991145,0.1919368833387555,0.42436935493091693,0.027315055192292364,0.062467197325924984,0.9652960200357471,-34.82359183924432
959,960.0,0.8564501424820896,2.6999943882188915,0.19193574925066612,0.4243692754033025,0.027315055201302264,0.062467197336227444,0.9652960439485047,-34.823591836935364
960,961.0,0.17389845344525645,2.4029087019622266,0.1919375746878208,0.42436921001292516,0.02731505519554102,0.062467197329639734,0.9652960274508372,-34.823591838411794
961,962.0,0.27340074532298786,1.5204888580558122,0.19193666883605282,0.42436823598749424,0.027315055198575904,0.06246719733310997,0.9652961501546806,-34.82359183763405
962,963.0,0.7055177811311356,9.202395364094267,0.19193687784120164,0.424369376564989,0.02731505519230074,0.06246719732593458,0.9652960176464646,-34.82359183924218
963,964.0,0.5302046494407424,0.7543567618491499,0.1919369326743304,0.4243693448003276,0.027315055192295244,0.06246719732592828,0.9652960205411937,-34.82359183924358
964,965.0,0.04242304547209741,7.498826033046635,0.04242304547209741,7.498826033046635,2.897681213017751,0.6433929273799455,0.0,-2.1739951953180556
965,966.0,0.02862664571597273,2.335958011848723,0.02862664571597273,2.335958011848723,2.897681213017751,0.6433929273799455,0.0,-2.1739951953180556
966,967.0,0.518076528320275,4.068294641787657,0.19193689534831893,0.4243693480518102,0.02731505519228921,0.062467197325921424,0.9652960206608806,-34.82359183924513
967,968.0,0.8638050048179281,7.962240238508688,0.19193712821853595,0.42436860793299924,0.027315055195473163,0.0624671973295621,0.9652961018109302,-34.82359183842918
968,969.0,0.21106132439223557,7.543969145507434,0.21106132439223557,7.543969145507434,2.8976812130176395,0.6433929273799331,5.473399511402022e-14,-2.1739951953183256
969,970.0,0.5972053339389272,1.1176296899717426,0.1919369067676145,0.4243693380836258,0.027315055192288547,0.06246719732592061,0.9652960216452098,-34.823591839245296
970,971.0,0.040887433042720356,8.377516110822285,0.040887433042720356,8.377516110822285,2.897681213017751,0.6433929273799455,0.0,-2.1739951953180556
971,972.0,0.8811807828618943,6.969528376825712,0.19193681982123817,0.4243694046279707,0.027315055192361253,0.06246719732600381,0.9652960152146243,-34.823591839226665
972,973.0,0.2139786161640712,7.229265382584207,0.2139786161640712,7.229265382584207,2.8976812130170067,0.643392927379863,3.658184866139891e-13,-2.173995195319854
973,974.0,0.20802276210182247,7.0402135740630545,0.20802276210182247,7.0402135740630545,2.897681213016959,0.6433929273798578,3.922417946000678e-13,-2.1739951953199697
974,975.0,0.95000911863924,8.11813830131677,0.19193688718152546,0.424369260842107,0.02731505519231795,0.06246719732595428,0.9652960306901792,-34.823591839237764
975,976.0,0.43485340508610326,3.6781305600563843,0.1919371698381142,0.424370096275016,0.02731505519552828,0.062467197329625114,0.9652959319313993,-34.823591838415055
976,977.0,0.22454281676822907,8.342001055215247,0.22454281676822907,8.342001055215247,2.89768121301773,0.6433929273799432,1.0103029524088925e-14,-2.1739951953181063
977,978.0,0.0841111647024001,5.439359925110765,0.0841111647024001,5.439359925110765,2.897681213017751,0.6433929273799455,0.0,-2.1739951953180556
978,979.0,0.24272238524692202,0.4704286872627818,0.19193690564888305,0.42436925765464323,0.027315055192320536,0.0624671973259572,0.9652960308105862,-34.8235918392371
979,980.0,0.3519758389911418,5.8761288770917055,0.19193689742191572,0.42436935014945315,0.027315055192289307,0.06246719732592149,0.9652960203950243,-34.823591839245104
980,981.0,0.775294075670475,4.134266072894368,0.19193689932122748,0.4243693378229652,0.02731505519228832,0.06246719732592041,0.9652960217725421,-34.82359183924536
981,982.0,0.37174148467906865,6.329246180954066,0.19193709843753937,0.4243695784994982,0.027315055192809447,0.06246719732651623,0.9652959917777273,-34.823591839111806
982,983.0,0.6202394984905288,3.0200909571070014,0.1919367469794264,0.42436917322458195,0.027315055192564292,0.06246719732623596,0.9652960424976471,-34.82359183917463
983,984.0,0.7350864809086999,4.070413249241498,0.19193689060922403,0.4243693318179623,0.027315055192289113,0.06246719732592128,0.9652960225700303,-34.823591839245154
984,985.0,0.1930106227802051,9.79134535343724,0.1930106227802051,9.79134535343724,2.897681213017751,0.6433929273799455,0.0,-2.1739951953180556
985,986.0,0.32526207402981155,4.811165414573426,0.19193678524746605,0.424369149750556,0.027315055192538556,0.06246719732620652,0.9652960446664787,-34.823591839181226
986,987.0,0.12945933170228907,0.8862329836789914,0.1919367661906636,0.4243693357025137,0.0273150551924122,0.06246719732606204,0.9652960237599353,-34.823591839213606
987,988.0,0.17297557218271487,6.248198402458983,0.17297557218271487,6.248198402458983,2.8976812130175533,0.6433929273799236,1.0225154056797692e-13,-2.1739951953185335
988,989.0,0.6010347380684615,8.69389947712052,0.1919368228689689,0.4243692465627024,0.027315055192365247,0.06246719732600835,0.9652960331583624,-34.82359183922564
989,990.0,0.6947752713964925,2.205475296821723,0.19193574925066612,0.4243692754033025,0.027315055201302264,0.062467197336227444,0.9652960439485047,-34.823591836935364
990,991.0,0.1275665813343323,2.7102806167467315,0.19193711969114022,0.42436867835732506,0.027315055194933886,0.06246719732894548,0.9652960939105404,-34.82359183856738
991,992.0,0.008796950751375321,2.324112925906042,0.008796950751375321,2.324112925906042,2.897681213017751,0.6433929273799455,0.0,-2.1739951953180556
992,993.0,0.5024592187472846,5.511095900887224,0.1919363906951823,0.42436911479898615,0.027315055194218892,0.06246719732812791,0.9652960538165215,-34.82359183875061
993,994.0,0.38967591109920585,0.7943059302441613,0.1919369671862856,0.42436922025045537,0.02731505519239368,0.062467197326040856,0.9652960342589387,-34.82359183921836
994,995.0,0.3453009346996194,9.64970877817178,0.3453009346996194,9.64970877817178,2.8976812129638536,0.6433929273739619,2.2192359061534717e-11,-2.1739951954482564
995,996.0,0.8835272403203914,5.668074272119515,0.1919368856488636,0.4243693103989323,0.02731505519229309,0.062467197325925865,0.9652960250720195,-34.82359183924414
996,997.0,0.5098334258917634,6.138535702951927,0.19193670313224598,0.4243692653107198,0.027315055192569368,0.06246719732624176,0.9652960325956716,-34.82359183917333
997,998.0,0.7310810121398648,1.8574836256574332,0.19193688601868175,0.42436927958443144,0.02731505519230569,0.06246719732594024,0.9652960285730493,-34.823591839240905
998,999.0,0.8951167496416274,4.874556099243971,0.19193704338551595,0.42436912586659153,0.027315055192677812,0.06246719732636574,0.9652960439975972,-34.82359183914554
999,1000.0,0.11888865620606537,5.065255939711172,0.11888865620606537,5.065255939711172,2.8976812130177474,0.6433929273799451,1.887379141862766e-15,-2.1739951953180645
