,iteration,init_sigma,init_center,est_sigma,est_center,ss_res,nrmse,r_squared,aic
0,1.0,0.036417518902281176,8.063615042972637,0.036417518902281176,8.063615042972637,2.760301712067058,0.6279560621648459,0.0,-2.5139911153413887
1,2.0,0.5487269874555051,4.900133671402366,0.07272166448887525,0.30732427771875087,0.3030546433331741,0.20807095058216987,0.7498007147545006,-17.978266084277948
2,3.0,0.9672887124013755,5.7202129990019115,0.07272169239029139,0.3073243825794025,0.30305464333335286,0.20807095058223132,0.7498004956856977,-17.97826608427382
3,4.0,0.9419327753998004,2.3289844736768046,0.0727216834488872,0.3073242478457879,0.3030546433331854,0.2080709505821738,0.7498007749558595,-17.97826608427769
4,5.0,0.31782516231670555,3.889833595960395,0.07272215235272425,0.30732424118063134,0.3030546433352226,0.20807095058287314,0.7498007502654991,-17.978266084230633
5,6.0,0.5689755162874107,9.492699558155334,0.5690146405466019,9.49269698243813,2.7603002621242574,0.627955897237134,3.167746640553304e-07,-2.5139947923315624
6,7.0,0.3469252529025342,7.92904322572604,0.3469252529025342,7.92904322572604,2.7603017048577505,0.6279560613448034,1.954195472109177e-09,-2.5139911336238665
7,8.0,0.18189477244022778,7.1971990856011026,0.18189477244022778,7.1971990856011026,2.7603017120670543,0.6279560621648453,1.1102230246251565e-15,-2.5139911153413985
8,9.0,0.401529157469537,1.9378150928789533,0.0,0.3157830995837657,0.48797055738296324,0.26402666461200036,0.6438902690532143,-14.643872500652407
9,10.0,0.3617803427546856,5.640239295797051,0.0727216606052044,0.30732426739077673,0.30305464333317494,0.2080709505821702,0.7498007364242486,-17.97826608427793
10,11.0,0.5102448665687408,6.74191299511188,0.07272193944951419,0.3073246004939114,0.30305464333539395,0.208070950582932,0.7498000249188164,-17.978266084226675
11,12.0,0.2659681311129338,5.367489455637906,0.26598189787844645,5.367488656277324,2.76030149771056,0.627956037782282,6.181539469185537e-08,-2.513991658939771
12,13.0,0.09932787082819328,0.46004041184189826,0.07272166608664636,0.3073242706284293,0.303054643333174,0.20807095058216982,0.7498007292813392,-17.97826608427795
13,14.0,0.3539590795021439,9.882279679517419,0.3539590795021439,9.882279679517419,2.760301712023531,0.6279560621598947,1.1724621273856428e-11,-2.5139911154517716
14,15.0,0.6379349820943991,7.901348286554933,0.0727221814478017,0.3073243799405379,0.30305464333564613,0.20807095058301847,0.7498004610182016,-17.97826608422085
15,16.0,0.5964461320474264,5.170956823888495,0.07272166217748492,0.3073242838202844,0.3030546433331758,0.20807095058217048,0.7498007023303361,-17.978266084277912
16,17.0,0.05286170103028165,7.497463586278729,0.05286170103028165,7.497463586278729,2.760301712067058,0.6279560621648459,0.0,-2.5139911153413887
17,18.0,0.513828666070243,2.007753182220189,0.07272166440254382,0.3073242679885855,0.30305464333317456,0.20807095058217007,0.7498007348768767,-17.97826608427794
18,19.0,0.9869313950181303,0.6722318761693162,0.07272178144201885,0.3073243181442291,0.30305464333331644,0.20807095058221883,0.7498006215879749,-17.978266084274658
19,20.0,0.26335251890271116,1.6266068786031112,0.07272171802504951,0.3073242351976945,0.30305464333321624,0.2080709505821843,0.7498007982669284,-17.978266084276974
20,21.0,0.8559927535839869,2.1127907681003895,0.0727217196147734,0.3073242235029185,0.3030546433332325,0.20807095058219002,0.7498008223132577,-17.978266084276598
21,22.0,0.1946125233098317,6.945324392724579,0.1946125233098317,6.945324392724579,2.7603017120669286,0.6279560621648311,3.83026943495679e-14,-2.5139911153417174
22,23.0,0.011602564084672085,4.365148472693094,0.011602564084672085,4.365148472693094,2.760301712067058,0.6279560621648459,0.0,-2.5139911153413887
23,24.0,0.5995889115487836,4.765279868219884,0.07272180198622798,0.3073241845968666,0.3030546433334406,0.20807095058226135,0.7498008959866261,-17.978266084271795
24,25.0,0.6484768266145924,6.711658911074126,0.0,0.23901936312482053,0.48797055738296324,0.26402666461200036,0.6438902690532143,-14.643872500652407
25,26.0,0.10303169448919669,9.519706233392997,0.10303169448919669,9.519706233392997,2.760301712067058,0.6279560621648459,0.0,-2.5139911153413887
26,27.0,0.22431866130760436,2.910254672945303,0.07272115192215298,0.3073241716098607,0.30305464333565235,0.20807095058302072,0.7498009761599749,-17.978266084220706
27,28.0,0.6279339022793893,3.6620917744051464,0.07272178955492432,0.3073243060537938,0.30305464333331916,0.20807095058221975,0.7498006459171308,-17.978266084274598
28,29.0,0.20976467749458905,4.47582338011721,0.20977773371736552,4.475822625165549,2.7603015527983814,0.6279560440483964,4.699572730970658e-08,-2.5139915192395446
29,30.0,0.47809786929100584,0.24987019655257917,0.07272166640996898,0.3073242689128307,0.30305464333317433,0.2080709505821701,0.7498007328014937,-17.97826608427794
30,31.0,0.010688762095266813,7.159631844842306,0.010688762095266813,7.159631844842306,2.760301712067058,0.6279560621648459,0.0,-2.5139911153413887
31,32.0,0.7424179395295478,8.873155915537215,0.07272173833484853,0.30732422105549095,0.3030546433332556,0.20807095058219788,0.7498008258371225,-17.97826608427607
32,33.0,0.18069912303030655,1.948940005038223,0.07272210308527055,0.30732426018973824,0.3030546433348195,0.20807095058273473,0.7498007150099478,-17.97826608423994
33,34.0,0.43380333792614967,9.842682327385752,0.43380333792614967,9.842682327385752,2.760301706658952,0.6279560615496861,1.350186185078428e-09,-2.513991129056101
34,35.0,0.8008318661412311,8.30991741996004,0.0727216636001963,0.30732426616695,0.3030546433331748,0.2080709505821701,0.7498007387085872,-17.978266084277934
35,36.0,0.600305676424549,0.4084862661652307,0.07272165840478738,0.3073242993078013,0.3030546433331843,0.2080709505821734,0.7498006706222813,-17.978266084277713
36,37.0,0.7040660042669263,7.517151801149032,0.07272165779188852,0.30732425704959104,0.3030546433331788,0.20807095058217157,0.7498007580334998,-17.97826608427784
37,38.0,0.8264360733439335,3.7779793932477066,0.07272164023930497,0.30732432522151915,0.3030546433332192,0.20807095058218536,0.7498006185406938,-17.978266084276907
38,39.0,0.9501501801265227,9.50980747547967,0.07272157683686135,0.3073242239447286,0.3030546433332826,0.20807095058220715,0.7498008331126301,-17.978266084275443
39,40.0,0.25240208936559794,8.693506950293404,0.25240208936559794,8.693506950293404,2.760301712066896,0.6279560621648274,4.707345624410664e-14,-2.5139911153418
40,41.0,0.22999292000021276,9.189445511715977,0.22999292000021276,9.189445511715977,2.760301712067057,0.6279560621648457,2.220446049250313e-16,-2.5139911153413914
41,42.0,0.8275781365458642,3.5225615700996773,0.07272168127786868,0.3073242586859589,0.30305464333317844,0.20807095058217145,0.7498007527239425,-17.97826608427785
42,43.0,0.6700947549746253,2.5139624078118312,0.0727217196147734,0.3073242235029185,0.3030546433332325,0.20807095058219002,0.7498008223132577,-17.978266084276598
43,44.0,0.2710116475193056,2.1539700779910165,0.0727217196147734,0.3073242235029185,0.3030546433332325,0.20807095058219002,0.7498008223132577,-17.978266084276598
44,45.0,0.2462595166324143,6.679669164946611,0.2462595166324143,6.679669164946611,2.7603017118009516,0.6279560621345768,7.755829312117157e-11,-2.513991116016223
45,46.0,0.906156239260249,8.534381095816688,0.07272167003614669,0.30732427224645303,0.303054643333174,0.20807095058216993,0.7498007256123808,-17.97826608427795
46,47.0,0.1285295970451652,8.627528609649387,0.1285295970451652,8.627528609649387,2.760301712067058,0.6279560621648459,0.0,-2.5139911153413887
47,48.0,0.7192027295822011,2.854868622162792,0.07272166166581069,0.3073242684571968,0.3030546433331746,0.20807095058217004,0.7498007341326185,-17.978266084277937
48,49.0,0.8655137955139394,5.534885815856131,0.07272130158693584,0.3073242485518987,0.30305464333435084,0.20807095058257394,0.7498008048205894,-17.97826608425077
49,50.0,0.27847811054402216,7.638977148900584,0.27847811054402216,7.638977148900584,2.7603017119349245,0.6279560621498159,3.780542545683829e-11,-2.5139911156764736
50,51.0,0.3922181372625807,4.789853617687694,0.07272215006688923,0.3073243542583802,0.3030546433353001,0.20807095058289976,0.7498005166859916,-17.978266084228842
51,52.0,0.9429069469432171,7.276880842196557,0.07272171463024318,0.30732426782620353,0.3030546433331934,0.20807095058217653,0.7498007310921153,-17.978266084277504
52,53.0,0.5355902009334781,2.407009715408422,0.07272187550338562,0.3073244973422891,0.3030546433342903,0.20807095058255312,0.7498002434123185,-17.97826608425217
53,54.0,0.6423843687449566,4.934441992764195,0.07272166310623097,0.30732427019782765,0.3030546433331744,0.20807095058216996,0.7498007304160256,-17.97826608427794
54,55.0,0.7386444857037775,6.7546829630345036,0.07272205367836647,0.30732415121972656,0.3030546433346685,0.208070950582683,0.7498009443383575,-17.97826608424343
55,56.0,0.15201160691997018,0.36473697496703744,0.07272214368434679,0.3073244613261539,0.3030546433356801,0.20807095058303018,0.7498002958667975,-17.978266084220067
56,57.0,0.37491648104750175,9.981797868887407,0.37491648104750175,9.981797868887407,2.7603017119268087,0.6279560621488927,3.705868945047541e-11,-2.5139911156970545
57,58.0,0.03730401000972983,4.9148253710133805,0.03730401000972983,4.9148253710133805,2.760301712067058,0.6279560621648459,0.0,-2.5139911153413887
58,59.0,0.8541063409022124,8.288189262827032,0.07272219362440879,0.30732451993495324,0.3030546433364961,0.20807095058331035,0.7498001706063951,-17.978266084201216
59,60.0,0.07909128181427838,6.536085023911159,0.07909128181427838,6.536085023911159,2.760301712067058,0.6279560621648459,0.0,-2.5139911153413887
60,61.0,0.6558358850296375,2.1165823170140303,0.0727217196147734,0.3073242235029185,0.3030546433332325,0.20807095058219002,0.7498008223132577,-17.978266084276598
61,62.0,0.5798423211348497,1.8204225941888164,0.07272166638761215,0.3073242691196515,0.30305464333317433,0.20807095058216998,0.7498007323757646,-17.97826608427794
62,63.0,0.5940881144243018,1.4811935844662925,0.07272171231213127,0.3073240774564862,0.3030546433337451,0.20807095058236597,0.7498011248355114,-17.97826608426476
63,64.0,0.977701799976375,5.666600243544974,0.0,0.22396458167086136,0.48797055738296324,0.26402666461200036,0.6438902690532143,-14.643872500652407
64,65.0,0.5314032783848087,9.10231186389079,0.531433432042006,9.102309954307346,2.7603006926479794,0.6279559462082375,2.3106036173281552e-07,-2.513993700542433
65,66.0,0.7425140816722342,4.561267465780682,0.0,0.16895857223173388,0.48797055738296324,0.26402666461200036,0.6438902690532143,-14.643872500652407
66,67.0,0.23460351220835818,6.8863153091683245,0.23460351220835818,6.8863153091683245,2.7603017120330415,0.6279560621609765,9.96469573522063e-12,-2.513991115427654
67,68.0,0.7779182322871872,4.563716095632828,0.0,0.2424980077595908,0.48797055738296324,0.26402666461200036,0.6438902690532143,-14.643872500652407
68,69.0,0.6493858723198,7.66252501388702,0.0,0.2822288473336435,0.48797055738296324,0.26402666461200036,0.6438902690532143,-14.643872500652407
69,70.0,0.9440542445142448,1.920909010021108,0.0727217196147734,0.3073242235029185,0.3030546433332325,0.20807095058219002,0.7498008223132577,-17.978266084276598
70,71.0,0.4183621223925277,8.805491562427154,0.4183621223925277,8.805491562427154,2.760301682238409,0.627956058771905,7.560574055709424e-09,-2.5139911909854904
71,72.0,0.631334314934713,9.36448497621381,0.07272155076709223,0.3073242206619503,0.3030546433333353,0.2080709505822253,0.749800842037727,-17.978266084274225
72,73.0,0.09004157032146409,3.9543745851151275,0.09004157032146409,3.9543745851151275,2.760301712067048,0.6279560621648448,2.55351295663786e-15,-2.5139911153414136
73,74.0,0.066280432977183,1.480634240028772,0.07272190747331977,0.30732447119096235,0.3030546433342547,0.20807095058254085,0.7498002948526084,-17.97826608425299
74,75.0,0.060345620374223086,8.139794599566418,0.060345620374223086,8.139794599566418,2.760301712067058,0.6279560621648459,0.0,-2.5139911153413887
75,76.0,0.5736377118799809,8.855641867882637,0.07272149218401873,0.30732431059332355,0.3030546433334601,0.2080709505822681,0.7498006609271182,-17.978266084271343
76,77.0,0.016192429479421788,7.931827020705183,0.016192429479421788,7.931827020705183,2.760301712067058,0.6279560621648459,0.0,-2.5139911153413887
77,78.0,0.276981695559421,4.895422548546275,0.07272166683599683,0.30732427251862326,0.303054643333174,0.20807095058216998,0.7498007253122441,-17.97826608427795
78,79.0,0.2796996020046486,1.4483048775316396,0.07272173285827407,0.3073242153488211,0.30305464333325816,0.20807095058219888,0.7498008380838647,-17.978266084276008
79,80.0,0.7227578993492267,3.556551126918482,0.07272167953964509,0.30732425599287133,0.30305464333317966,0.20807095058217176,0.7498007584339913,-17.97826608427782
80,81.0,0.5312878287064168,3.7178707902964,0.07272222798885002,0.30732432024366035,0.30305464333593846,0.2080709505831189,0.7498005806118029,-17.9782660842141
81,82.0,0.1457361616565339,8.23378877203231,0.1457361616565339,8.23378877203231,2.760301712067058,0.6279560621648459,0.0,-2.5139911153413887
82,83.0,0.9570604763519014,1.3158976609095507,0.0727216714488522,0.3073240993754615,0.3030546433336128,0.20807095058232047,0.7498010828744945,-17.978266084267815
83,84.0,0.028684694119560983,1.09569681995718,0.07272165315076254,0.30732425333594193,0.30305464333318166,0.20807095058217245,0.749800766091506,-17.978266084277774
84,85.0,0.17391516624298486,6.910798485850947,0.17391516624298486,6.910798485850947,2.760301712067054,0.6279560621648453,1.2212453270876722e-15,-2.5139911153413994
85,86.0,0.005426943968002695,6.363680174294562,0.005426943968002695,6.363680174294562,2.760301712067058,0.6279560621648459,0.0,-2.5139911153413887
86,87.0,0.17598516823140353,1.8138676874868533,0.07272128624888458,0.3073243445872275,0.30305464333450416,0.20807095058262648,0.7498006075435468,-17.978266084247227
87,88.0,0.8836919200816864,7.373152204462723,0.07272149050290919,0.3073241783131725,0.3030546433335834,0.20807095058231045,0.7498009345293919,-17.978266084268494
88,89.0,0.5911752620966092,4.754013072446496,0.07272168683976718,0.3073242503052349,0.30305464333318444,0.2080709505821734,0.7498007695932429,-17.97826608427771
89,90.0,0.3104731602629791,3.187283872132894,0.07272166172039443,0.3073242670127118,0.30305464333317483,0.2080709505821702,0.7498007371143425,-17.97826608427793
90,91.0,0.3485004727990456,7.448460563140857,0.3485004727990456,7.448460563140857,2.7603016806523186,0.6279560585914907,8.503552972882744e-09,-2.513991195007744
91,92.0,0.5562043755440607,3.3866524100848983,0.07272168896970341,0.3073242540119897,0.30305464333318316,0.20807095058217304,0.7498007617554932,-17.97826608427774
92,93.0,0.6047075975674008,9.84101248391229,0.604757912874624,9.841009153243492,2.7602996890636153,0.6279558320527711,4.270045569354508e-07,-2.5139962455882845
93,94.0,0.23799887913876416,6.590268764432794,0.23799887913876416,6.590268764432794,2.7603017118967386,0.6279560621454723,4.982436685452285e-11,-2.513991115773311
94,95.0,0.9529491104631406,4.52500743485774,0.07272203079518437,0.30732434991407986,0.3030546433344111,0.20807095058259464,0.7498005354526547,-17.978266084249377
95,96.0,0.7795009793016929,0.22339362873469978,0.07272133271843485,0.30732324656203786,0.30305464334954757,0.20807095058779077,0.7498028736803509,-17.97826608389975
96,97.0,0.9708201048891639,5.097518849345396,0.07272166680803618,0.3073242773894975,0.3030546433331742,0.20807095058216993,0.7498007152449178,-17.978266084277944
97,98.0,0.7978222905598016,8.192265069508068,0.07272165305166031,0.30732424813027703,0.3030546433331851,0.20807095058217373,0.7498007768613697,-17.978266084277692
98,99.0,0.5941287832119624,4.075915489005435,0.07272165944849375,0.3073242629751055,0.3030546433331761,0.20807095058217065,0.7498007456477114,-17.9782660842779
99,100.0,0.3142954000518262,6.325032452729901,0.3142954000518262,6.325032452729901,2.760301571304915,0.6279560461534726,3.922547464618731e-08,-2.5139914723078114
100,101.0,0.9204571511696394,8.410821266776688,0.07272169563742298,0.3073242865314166,0.3030546433331832,0.20807095058217312,0.7498006939806829,-17.978266084277738
101,102.0,0.4535746333827738,4.7587616535211135,0.07272188770374466,0.30732437512658684,0.3030546433337506,0.20807095058236785,0.7498004950699444,-17.978266084264636
102,103.0,0.5181220279814565,2.412309382664999,0.0727217196147734,0.3073242235029185,0.3030546433332325,0.20807095058219002,0.7498008223132577,-17.978266084276598
103,104.0,0.8848893159150042,6.513112839991807,0.07272162237854042,0.30732432754814304,0.30305464333323373,0.20807095058219038,0.7498006151960224,-17.978266084276573
104,105.0,0.9131309506862176,6.651351043632972,0.07272169841789984,0.3073242752408605,0.30305464333318194,0.20807095058217262,0.7498007170936964,-17.97826608427777
105,106.0,0.5370798665734487,8.75034328229806,0.5371440818728704,8.750338974633081,2.7602993920164374,0.6279557982643179,5.229132682416093e-07,-2.5139969988870527
106,107.0,0.08025482200041989,8.966642758843355,0.08025482200041989,8.966642758843355,2.760301712067058,0.6279560621648459,0.0,-2.5139911153413887
107,108.0,0.41360347175366385,1.2474558266692484,0.07272152075833736,0.30732427960104647,0.30305464333336224,0.20807095058223454,0.7498007226538854,-17.978266084273603
108,109.0,0.7105935066970614,6.274692814194262,0.07272079732499381,0.3073247309307667,0.3030546433426706,0.20807095058543001,0.7497998489491278,-17.978266084058596
109,110.0,0.2846378433349914,9.685195471160732,0.2846378433349914,9.685195471160732,2.7603017120668887,0.6279560621648266,4.829470157119431e-14,-2.5139911153418186
110,111.0,0.22003768206270946,2.4888405763571786,0.07272180306624106,0.3073242350977025,0.3030546433333523,0.20807095058223107,0.7498007914970971,-17.978266084273834
111,112.0,0.5382927945544946,3.304650043742954,0.07272243879985966,0.3073235650905386,0.30305464334544374,0.20807095058638198,0.7498021244449837,-17.978266083994544
112,113.0,0.030764380710068262,5.768352969168276,0.030764380710068262,5.768352969168276,2.760301712067058,0.6279560621648459,0.0,-2.5139911153413887
113,114.0,0.5853922140098404,9.435184225037226,0.5854546085435108,9.435180050598998,2.760299248579617,0.6279557819486993,5.297081012711757e-07,-2.5139973626366414
114,115.0,0.9474940017624508,0.7979941623459234,0.07272166343761759,0.3073242586321226,0.3030546433331772,0.20807095058217098,0.7498007542987664,-17.978266084277877
115,116.0,0.16751818710799582,9.401636457884425,0.16751818710799582,9.401636457884425,2.760301712067058,0.6279560621648459,0.0,-2.5139911153413887
116,117.0,0.9686431098593247,0.1185332883791745,0.07272138020189459,0.30732414892933557,0.30305464333412824,0.20807095058249744,0.7498010043228558,-17.97826608425591
117,118.0,0.7625886971149174,2.537200470946797,0.07272168010680667,0.307324265858622,0.30305464333317594,0.20807095058217065,0.7498007379918759,-17.97826608427791
118,119.0,0.5439081062026764,0.16965354139814093,0.07272167377910431,0.3073242693593984,0.30305464333317456,0.20807095058217012,0.7498007312737713,-17.97826608427794
119,120.0,0.0206061210276669,0.06649671493086332,0.07272173634690775,0.3073242133489016,0.3030546433332655,0.2080709505822013,0.7498008419321248,-17.978266084275837
120,121.0,0.31545730649760073,5.877500345991189,0.3154889256493587,5.877498391998654,2.760301090665449,0.6279559914818246,1.7299670340698015e-07,-2.513992691187875
121,122.0,0.61805396872327,7.494277011136384,0.07272168035716375,0.30732425285061493,0.30305464333318116,0.20807095058217234,0.7498007648629509,-17.978266084277788
122,123.0,0.2536161680251028,4.0323453283088995,0.07272166991379812,0.30732426814041963,0.3030546433331743,0.20807095058216996,0.7498007341108726,-17.978266084277944
123,124.0,0.26440023887430086,1.71421475800471,0.07272157371863157,0.307324551353017,0.3030546433343637,0.20807095058257835,0.7498001565121177,-17.97826608425047
124,125.0,0.5039385815652359,4.442721467138352,0.07272193752220872,0.30732431909013364,0.30305464333383936,0.2080709505823983,0.7498006068277596,-17.978266084262582
125,126.0,0.22851362040572853,7.203815202086628,0.22851362040572853,7.203815202086628,2.760301712062785,0.6279560621643597,1.2546630401288894e-12,-2.5139911153522263
126,127.0,0.5727610191510234,1.650462916498171,0.07272166361854156,0.3073242683275594,0.3030546433331745,0.2080709505821701,0.7498007342404273,-17.97826608427794
127,128.0,0.13697565683656332,1.1420470352533452,0.07272162824479501,0.3073242812848364,0.30305464333318827,0.20807095058217476,0.7498007103555506,-17.97826608427762
128,129.0,0.5093409552456895,3.516094602850376,0.07272166361066934,0.30732434146096477,0.3030546433332412,0.20807095058219288,0.7498005830513976,-17.9782660842764
129,130.0,0.22391555559017506,8.212962939888369,0.22391555559017506,8.212962939888369,2.7603017120670312,0.6279560621648429,7.66053886991358e-15,-2.513991115341458
130,131.0,0.21517318872447944,1.5170304696779138,0.07272162086771428,0.3073242877023685,0.3030546433331958,0.2080709505821773,0.7498006976936741,-17.978266084277447
131,132.0,0.23230574747365518,4.148422960163114,0.07272166159878017,0.30732426490508313,0.30305464333317533,0.20807095058217034,0.7498007414814463,-17.97826608427792
132,133.0,0.025172457983052565,9.822626358713798,0.025172457983052565,9.822626358713798,2.760301712067058,0.6279560621648459,0.0,-2.5139911153413887
133,134.0,0.7249990908377123,5.207397343582248,0.07272195250586788,0.3073244476230951,0.3030546433343331,0.2080709505825678,0.7498003398803508,-17.97826608425118
134,135.0,0.15890057579786343,8.505053512550068,0.15890057579786343,8.505053512550068,2.760301712067058,0.6279560621648459,0.0,-2.5139911153413887
135,136.0,0.26798578978933885,5.240646083647112,0.26800977060668335,5.240644618152711,2.7603013206110525,0.6279560176376153,1.1274892364188105e-07,-2.513992108056142
136,137.0,0.9395916716065208,7.476451394239792,0.07272168102332029,0.3073242531905877,0.3030546433331813,0.20807095058217243,0.7498007641054726,-17.978266084277784
137,138.0,0.9827284492878644,2.7509146788213745,0.07272176571161969,0.30732428769898334,0.30305464333326043,0.20807095058219952,0.7498006858183179,-17.978266084275955
138,139.0,0.5293936965771814,3.070983760808095,0.07272165030367748,0.3073242595312451,0.3030546433331794,0.20807095058217176,0.7498007535174391,-17.978266084277827
139,140.0,0.15549778708429896,4.53533726888529,0.15549778708429896,4.53533726888529,2.7603017117879327,0.6279560621330961,8.19402323770646e-11,-2.5139911160492385
140,141.0,0.4030057422897939,4.949151659077612,0.07272118206984518,0.30732416374631133,0.30305464333541443,0.20807095058293903,0.7498009899435604,-17.978266084226203
141,142.0,0.11409747870255871,4.058888395884583,0.11409747870255871,4.058888395884583,2.7603017120630176,0.6279560621643863,1.1570744362643381e-12,-2.5139911153516357
142,143.0,0.6795918054428197,6.344992597492168,0.07272152121259953,0.3073243459728986,0.3030546433334341,0.20807095058225925,0.7498005854051683,-17.978266084271944
143,144.0,0.4674032898505702,1.7571185284463662,0.07272164775794095,0.30732427080542596,0.3030546433331776,0.20807095058217115,0.7498007304190224,-17.97826608427787
144,145.0,0.8001057435877369,0.9902727597563898,0.0727217773152471,0.30732428873849715,0.30305464333328186,0.20807095058220693,0.7498006827173858,-17.978266084275457
145,146.0,0.26405740671935996,7.775027510901075,0.26405740671935996,7.775027510901075,2.760301712046283,0.6279560621624827,5.997757845932483e-12,-2.5139911153940737
146,147.0,0.8017538629968732,3.0259880824283947,0.07272166052377546,0.3073242683069376,0.30305464333317467,0.20807095058217012,0.7498007345369377,-17.978266084277937
147,148.0,0.7278010481195143,6.602768596743311,0.07272166575954424,0.30732426634825527,0.30305464333317467,0.2080709505821701,0.7498007381566305,-17.978266084277937
148,149.0,0.9828422746005349,1.7635777817762346,0.0727217196147734,0.3073242235029185,0.3030546433332325,0.20807095058219002,0.7498008223132577,-17.978266084276598
149,150.0,0.3657635923976622,7.353470058740931,0.3657635923976622,7.353470058740931,2.7603016117786274,0.6279560507572653,2.6725584190145923e-08,-2.5139913696683074
150,151.0,0.5564609865709996,4.511159948415889,0.07272165357739832,0.30732430034710756,0.3030546433331861,0.20807095058217404,0.7498006688697227,-17.97826608427767
151,152.0,0.9452748795638432,1.216820223349403,0.07272271496187116,0.30732578888761447,0.30305464337649674,0.2080709505970421,0.7497975044804812,-17.978266083277276
152,153.0,0.9848368573066887,1.7325030741592267,0.0727217196147734,0.3073242235029185,0.3030546433332325,0.20807095058219002,0.7498008223132577,-17.978266084276598
153,154.0,0.3746615486615098,4.261149753703723,0.07272152625917187,0.30732424905781514,0.3030546433333577,0.20807095058223288,0.7498007853450523,-17.97826608427371
154,155.0,0.7851803868298463,3.9761668762709568,0.07272166700702712,0.30732426580890077,0.3030546433331747,0.20807095058217018,0.7498007391693075,-17.978266084277937
155,156.0,0.9302240791800543,7.558911104895858,0.07272190025800591,0.3073241891216374,0.30305464333373994,0.2080709505823642,0.7498008785703574,-17.97826608426488
156,157.0,0.23275985031501212,7.166951045759141,0.23275985031501212,7.166951045759141,2.760301712058747,0.6279560621639005,2.4360513606325185e-12,-2.5139911153624643
157,158.0,0.1954957187220061,9.400014879012472,0.1954957187220061,9.400014879012472,2.760301712067058,0.6279560621648459,0.0,-2.5139911153413887
158,159.0,0.8540303749091712,1.397315065287476,0.07272141710628074,0.30732429215118495,0.3030546433337239,0.20807095058235867,0.7498007052114255,-17.97826608426525
159,160.0,0.5114627448607902,2.6604081483231568,0.072721714928318,0.3073242513346216,0.30305464333319976,0.20807095058217873,0.749800765160912,-17.978266084277355
160,161.0,0.9314829473887095,6.788838887671992,0.0,0.28198364104365314,0.48797055738296324,0.26402666461200036,0.6438902690532143,-14.643872500652407
161,162.0,0.8255380204290433,8.618938803501226,0.07272158664893635,0.30732422914155777,0.30305464333326054,0.20807095058219968,0.7498008215642502,-17.97826608427595
162,163.0,0.09376553772392926,7.576202308664414,0.09376553772392926,7.576202308664414,2.760301712067058,0.6279560621648459,0.0,-2.5139911153413887
163,164.0,0.3721568156933335,9.814062177087473,0.3721568156933335,9.814062177087473,2.760301711883538,0.6279560621439708,4.8617110337545455e-11,-2.513991115806787
164,165.0,0.2941366128823958,2.587703389157975,0.07272166641747099,0.3073242726019525,0.30305464333317406,0.20807095058216987,0.7498007251743105,-17.978266084277948
165,166.0,0.9613484333585357,1.968582677975203,0.0727217196147734,0.3073242235029185,0.3030546433332325,0.20807095058219002,0.7498008223132577,-17.978266084276598
166,167.0,0.11059961477445146,7.245477082639242,0.11059961477445146,7.245477082639242,2.760301712067058,0.6279560621648459,0.0,-2.5139911153413887
167,168.0,0.9874293339411336,5.891310214437984,0.07272166693817982,0.30732427110122634,0.30305464333317383,0.20807095058216976,0.7498007282340646,-17.978266084277955
168,169.0,0.6080576757281765,2.192708005284494,0.0727216125924122,0.3073244143831551,0.30305464333348653,0.20807095058227715,0.7498004364834694,-17.978266084270732
169,170.0,0.4951416706311421,8.801117768967329,0.49516112173854376,8.801116569926561,2.7603011194717606,0.6279559947584772,1.3922265240662313e-07,-2.513992618136359
170,171.0,0.4109862707723543,6.793446454323037,0.0727220696360096,0.30732442219569406,0.3030546433349153,0.20807095058276773,0.7498003828371392,-17.97826608423773
171,172.0,0.18432690539036067,6.28068349431608,0.18432690539036067,6.28068349431608,2.7603017120662234,0.6279560621647509,2.4658053376924727e-13,-2.5139911153435053
172,173.0,0.9520347243557912,9.759556196169637,0.07272167585096631,0.3073242599280324,0.30305464333317705,0.20807095058217098,0.7498007506013862,-17.97826608427788
173,174.0,0.7225127281479349,1.1021568118760054,0.07272180674009887,0.3073241965974892,0.3030546433334236,0.20807095058225558,0.7498008707876148,-17.978266084272185
174,175.0,0.8145059816540248,9.079394467209966,0.07272189305614898,0.307324258410543,0.3030546433336165,0.2080709505823218,0.7498007359194799,-17.97826608426773
175,176.0,0.17147378451037043,5.378655494841395,0.17147378451037043,5.378655494841395,2.760301712049085,0.6279560621628014,5.301870054097435e-12,-2.5139911153869683
176,177.0,0.11568470452546253,7.877164099479414,0.11568470452546253,7.877164099479414,2.760301712067058,0.6279560621648459,0.0,-2.5139911153413887
177,178.0,0.09823062196763066,6.696565864265874,0.09823062196763066,6.696565864265874,2.760301712067058,0.6279560621648459,0.0,-2.5139911153413887
178,179.0,0.0006757294381595225,5.903275766865414,0.0006757294381595225,5.903275766865414,2.760301712067058,0.6279560621648459,0.0,-2.5139911153413887
179,180.0,0.9049046972098563,4.560792107726213,0.07272167186418522,0.307324217886652,0.3030546433332187,0.20807095058218528,0.7498008378410838,-17.97826608427692
180,181.0,0.8444998530044666,6.090761101636019,0.07272175395481568,0.30732419762044827,0.30305464333331933,0.2080709505822198,0.7498008730032281,-17.978266084274594
181,182.0,0.3420576221147529,8.888139614929848,0.3420576221147529,8.888139614929848,2.7603017117410937,0.6279560621277682,8.87373508007272e-11,-2.51399111616802
182,183.0,0.10513960929748245,0.7099989092734529,0.07272162831847512,0.30732426754861136,0.3030546433331881,0.2080709505821747,0.7498007387465797,-17.978266084277625
183,184.0,0.8877772535819434,8.932129501033213,0.07272210079327542,0.307324458701645,0.30305464333532445,0.20807095058290814,0.7498003048115058,-17.97826608422828
184,185.0,0.5035806412630764,0.9501693599249909,0.07272194534148416,0.30732398390613713,0.3030546433350329,0.208070950582808,0.7498012991151968,-17.978266084235017
185,186.0,0.5387295001458929,4.841184123328291,0.07272168304963397,0.30732431987519226,0.3030546433332074,0.20807095058218142,0.7498006260812937,-17.97826608427718
186,187.0,0.8358106832050707,7.673561802455334,0.072721699777097,0.30732426329339574,0.3030546433331839,0.2080709505821733,0.7498007416813371,-17.97826608427772
187,188.0,0.24145583779831303,2.4304047867569643,0.0727217196147734,0.3073242235029185,0.3030546433332325,0.20807095058219002,0.7498008223132577,-17.978266084276598
188,189.0,0.10475695806804808,3.3764538402624287,0.10475695806804808,3.3764538402624287,2.7603017118266644,0.6279560621375015,6.834877108730097e-11,-2.5139911159510158
189,190.0,0.9443323939934781,3.216709047619669,0.07272163598921878,0.3073244329225726,0.30305464333355037,0.2080709505822991,0.7498003962372961,-17.978266084269258
190,191.0,0.2852016881008579,3.416617105123553,0.07272210839083856,0.3073245529583151,0.30305464333603105,0.2080709505831507,0.7498001093296562,-17.97826608421196
191,192.0,0.28713690557074745,1.8928317695409886,0.0727217196147734,0.3073242235029185,0.3030546433332325,0.20807095058219002,0.7498008223132577,-17.978266084276598
192,193.0,0.3340930697037525,7.205840670467005,0.3340930697037525,7.205840670467005,2.76030168353859,0.6279560589197976,7.820147640558162e-09,-2.5139911876882914
193,194.0,0.9505548697725891,8.501614300813756,0.07272182927753841,0.30732432689565886,0.30305464333344434,0.2080709505822627,0.7498005995716854,-17.978266084271706
194,195.0,0.30580984431800773,3.0766765605212183,0.07272153131499917,0.3073241928922714,0.30305464333343324,0.2080709505822588,0.7498009010419908,-17.97826608427196
195,196.0,0.5414090205176734,0.9497693682175826,0.07272154594762714,0.3073244477748005,0.3030546433337376,0.20807095058236336,0.7498003729194086,-17.978266084264934
196,197.0,0.5999070034490714,3.604382188235617,0.07272212086968359,0.3073241529898918,0.3030546433351495,0.20807095058284802,0.7498009351661621,-17.97826608423232
197,198.0,0.6500265308703501,0.35292782451141336,0.07272172359347548,0.30732430173455033,0.30305464333321297,0.20807095058218333,0.7498006602576432,-17.97826608427705
198,199.0,0.17039390289082834,7.940879237805285,0.17039390289082834,7.940879237805285,2.760301712067058,0.6279560621648459,0.0,-2.5139911153413887
199,200.0,0.9094694760997041,1.2139698795261082,0.0,0.16694631518731473,0.48797055738296324,0.26402666461200036,0.6438902690532143,-14.643872500652407
200,201.0,0.6034200418281787,0.37456180751931906,0.07272162937783645,0.30732422119042274,0.3030546433332268,0.2080709505821879,0.7498008344965155,-17.978266084276733
201,202.0,0.44843790451842924,0.679927013710482,0.07272141716589886,0.3073243430486958,0.30305464333378496,0.2080709505823796,0.749800599985389,-17.97826608426384
202,203.0,0.6490226572487262,4.3066145333217545,0.07272166361779556,0.3073242688202651,0.3030546433331743,0.20807095058216996,0.7498007332219121,-17.978266084277944
203,204.0,0.6641862910929723,5.701854210309923,0.07272219632733744,0.3073244325432466,0.30305464333599264,0.20807095058313757,0.7498003510509947,-17.978266084212844
204,205.0,0.31276501645943267,3.8065064202432763,0.07272175403422446,0.3073243042167423,0.30305464333325294,0.20807095058219696,0.7498006526289183,-17.97826608427613
205,206.0,0.07362964557729534,8.122010771818557,0.07362964557729534,8.122010771818557,2.760301712067058,0.6279560621648459,0.0,-2.5139911153413887
206,207.0,0.7767542833934029,8.305370896555127,0.07272166229525247,0.30732426577102345,0.30305464333317506,0.20807095058217023,0.7498007396341421,-17.978266084277926
207,208.0,0.7223743318127125,0.37221784449991246,0.0727218528757386,0.3073243119275642,0.3030546433334949,0.2080709505822801,0.7498006285794576,-17.978266084270537
208,209.0,0.39607247870589835,0.206484545171152,0.07272166936813877,0.3073242729737329,0.30305464333317395,0.2080709505821699,0.7498007241636662,-17.97826608427795
209,210.0,0.7943515492000597,8.215464693236184,0.07272138759043308,0.307324180768187,0.30305464333398857,0.20807095058244954,0.7498009378959987,-17.978266084259136
210,211.0,0.05343089208962348,8.422519805315012,0.05343089208962348,8.422519805315012,2.760301712067058,0.6279560621648459,0.0,-2.5139911153413887
211,212.0,0.3155523658305446,5.43469419373895,0.07272165868625934,0.3073242669905805,0.3030546433331752,0.20807095058217026,0.7498007374089997,-17.978266084277923
212,213.0,0.22523767289368823,7.55550340160226,0.22523767289368823,7.55550340160226,2.7603017120664592,0.6279560621647777,1.758593271006248e-13,-2.5139911153429075
213,214.0,0.5900811199615679,7.3738459780981955,0.07272155071989611,0.30732402522260716,0.3030546433341951,0.2080709505825204,0.7498012460751139,-17.978266084254365
214,215.0,0.5666989512462277,1.0803526648241373,0.07272268502127063,0.30732457908299926,0.30305464334361026,0.20807095058575253,0.7498000080080567,-17.978266084036893
215,216.0,0.1739773174588013,4.663163321593202,0.1739773174588013,4.663163321593202,2.760301710467429,0.6279560619828916,4.720954738246519e-10,-2.5139911193979767
216,217.0,0.22795330243294942,6.069347927123341,0.22795330243294942,6.069347927123341,2.760301711488361,0.6279560620990203,1.6993706442036682e-10,-2.51399111680894
217,218.0,0.48907694770093313,3.2499036522604916,0.07272195802144736,0.30732438354737873,0.303054643334091,0.20807095058248468,0.7498004718925901,-17.97826608425677
218,219.0,0.6383523719226346,9.835960711170117,0.0727219771599039,0.3073243315558664,0.3030546433340594,0.20807095058247382,0.7498005778052348,-17.9782660842575
219,220.0,0.6301572192059981,9.431661586311797,0.07272166603956635,0.3073242544707504,0.30305464333317916,0.20807095058217168,0.7498007626881713,-17.97826608427783
220,221.0,0.7758547096465057,9.878679502568582,0.07272167482643643,0.30732427534543305,0.30305464333317444,0.20807095058217004,0.7498007188128483,-17.97826608427794
221,222.0,0.7714684313308067,4.183151266819225,0.07272132980272636,0.30732449555579194,0.3030546433348597,0.20807095058274852,0.7498002918711106,-17.978266084239014
222,223.0,0.02512045281394315,3.4128880216270128,0.02512045281394315,3.4128880216270128,2.760301712067058,0.6279560621648459,0.0,-2.5139911153413887
223,224.0,0.01111686463877759,2.3096098157380567,0.01111686463877759,2.3096098157380567,2.760301712067058,0.6279560621648459,0.0,-2.5139911153413887
224,225.0,0.9143723032546094,9.957252359747486,0.07272179307486598,0.3073242254822305,0.3030546433333413,0.2080709505822273,0.7498008121949461,-17.97826608427409
225,226.0,0.09837040033343503,5.756398355990811,0.09837040033343503,5.756398355990811,2.760301712067058,0.6279560621648459,0.0,-2.5139911153413887
226,227.0,0.7905890432685153,5.68111340442105,0.07272168646650436,0.30732429528791416,0.303054643333184,0.2080709505821733,0.7498006766306022,-17.97826608427772
227,228.0,0.006268381515553867,3.028044545276053,0.006268381515553867,3.028044545276053,2.760301712067058,0.6279560621648459,0.0,-2.5139911153413887
228,229.0,0.2849348623252679,9.97896277752416,0.2849348623252679,9.97896277752416,2.7603017120669953,0.6279560621648387,1.765254609153999e-14,-2.5139911153415477
229,230.0,0.8091534456185289,6.735489253786117,0.07272133227557974,0.30732374681658353,0.30305464333822774,0.20807095058390476,0.7498018395437956,-17.97826608416122
230,231.0,0.6284881958681556,7.359271885940932,0.07272152585910686,0.3073240395172715,0.30305464333415244,0.20807095058250574,0.7498012185630463,-17.978266084255353
231,232.0,0.13197909591968326,8.710845636594499,0.13197909591968326,8.710845636594499,2.760301712067058,0.6279560621648459,0.0,-2.5139911153413887
232,233.0,0.5753271151119755,8.334958869197003,0.07272166276286779,0.30732426552409386,0.30305464333317494,0.20807095058217018,0.7498007401062621,-17.97826608427793
233,234.0,0.7570384178007032,5.027547299574844,0.07272166729125941,0.3073242844856746,0.30305464333317567,0.20807095058217048,0.7498007005352584,-17.978266084277912
234,235.0,0.10585764387410646,5.408463591905834,0.10585764387410646,5.408463591905834,2.760301712067058,0.6279560621648459,0.0,-2.5139911153413887
235,236.0,0.012617820014442227,5.111844257766578,0.012617820014442227,5.111844257766578,2.760301712067058,0.6279560621648459,0.0,-2.5139911153413887
236,237.0,0.5987511411255246,1.2397355646144839,0.07272171463523584,0.3073241603112392,0.3030546433333766,0.20807095058223946,0.7498009533585841,-17.97826608427327
237,238.0,0.07899935078364384,7.354442213976835,0.07899935078364384,7.354442213976835,2.760301712067058,0.6279560621648459,0.0,-2.5139911153413887
238,239.0,0.4005374399361835,7.4254985205579525,0.40055396005479865,7.425497543561685,2.7603013135895966,0.6279560168389406,1.0275995865338672e-07,-2.513992125862238
239,240.0,0.7390844770951551,6.885554927884481,0.07272157426412948,0.30732411424012124,0.30305464333362186,0.20807095058232358,0.7498010601171277,-17.978266084267606
240,241.0,0.4889040979134833,2.7819939333128745,0.07272166230943473,0.30732425055539064,0.30305464333318183,0.20807095058217254,0.7498007710884435,-17.97826608427777
241,242.0,0.3377360570551553,5.3321995039681225,0.07754083193285523,0.3014268703769141,0.30374122740775217,0.20830651433738992,0.7608448611224058,-17.96242520333322
242,243.0,0.9182656394746557,8.834802291319434,0.07272148358814877,0.3073243162275026,0.3030546433334933,0.2080709505822794,0.7498006499846261,-17.978266084270576
243,244.0,0.7642677013957901,8.00457369356831,1.1102230246251565e-16,0.31199156543604234,0.48797055738296324,0.26402666461200036,0.6438902690532143,-14.643872500652407
244,245.0,0.21910523052080844,6.68119990384892,0.21910523052080844,6.68119990384892,2.760301712052968,0.6279560621632431,4.1485703761168224e-12,-2.513991115377121
245,246.0,0.3376518537468933,5.702257420454909,0.07272166496963121,0.307324161905775,0.30305464333335413,0.2080709505822317,0.749800954136537,-17.97826608427379
246,247.0,0.1811434720932552,9.912788258150329,0.1811434720932552,9.912788258150329,2.760301712067058,0.6279560621648459,0.0,-2.5139911153413887
247,248.0,0.22080209303973886,4.338001776304225,0.2208521418937153,4.337998578861894,2.7603010074990935,0.6279559820218399,2.0735962991125234e-07,-2.5139929020940324
248,249.0,0.036362991439032544,9.909577339944743,0.036362991439032544,9.909577339944743,2.760301712067058,0.6279560621648459,0.0,-2.5139911153413887
249,250.0,0.2933593863933347,4.826269725106073,0.0727216653646007,0.3073242654558901,0.3030546433331749,0.2080709505821702,0.7498007400338274,-17.97826608427793
250,251.0,0.3758642169617953,4.684008067091004,0.07272169369553899,0.3073244347066043,0.3030546433335585,0.20807095058230193,0.7498003878152175,-17.97826608426907
251,252.0,0.2450532946606001,1.5605866782480389,0.07272188319516344,0.30732421738489213,0.3030546433336183,0.2080709505823224,0.7498008215412753,-17.978266084267688
252,253.0,0.9520707306641234,8.883725414256402,0.07272161372460635,0.30732425742403474,0.3030546433332033,0.2080709505821799,0.7498007608744355,-17.978266084277273
253,254.0,0.6461230558298215,9.179842584464396,0.07272160578781794,0.3073242825514736,0.3030546433332084,0.20807095058218167,0.7498007095792459,-17.978266084277156
254,255.0,0.5051340726519606,0.16251493468924352,0.0727216719203934,0.3073242684340163,0.30305464333317433,0.20807095058217004,0.7498007333393049,-17.97826608427794
255,256.0,0.07232151049061475,6.363277072026112,0.07232151049061475,6.363277072026112,2.760301712067058,0.6279560621648459,0.0,-2.5139911153413887
256,257.0,0.3645667607036327,0.8085139918086067,0.0727215225660055,0.30732435720802603,0.30305464333345555,0.20807095058226657,0.7498005620676004,-17.97826608427145
257,258.0,0.6836175083448227,0.7163091458958306,0.07272176410782921,0.3073241873698899,0.30305464333335885,0.20807095058223338,0.7498008933613891,-17.97826608427368
258,259.0,0.32747643384860536,9.752727860704045,0.32747643384860536,9.752727860704045,2.7603017120589386,0.6279560621639223,2.2382096176443156e-12,-2.5139911153619803
259,260.0,0.4703950215965219,5.365239829647529,0.07272169776682241,0.3073242574987161,0.3030546433331853,0.20807095058217379,0.7498007538256638,-17.978266084277692
260,261.0,0.8315471248339282,9.795988127584355,0.0,0.26060686478524153,0.48797055738296324,0.26402666461200036,0.6438902690532143,-14.643872500652407
261,262.0,0.22624941198886006,1.4052413498743364,0.07272171039159003,0.307324322005996,0.30305464333322457,0.20807095058218722,0.7498006194332394,-17.978266084276783
262,263.0,0.02654624323339183,3.819666834877545,0.02654624323339183,3.819666834877545,2.760301712067058,0.6279560621648459,0.0,-2.5139911153413887
263,264.0,0.04139456756241677,8.24734181620678,0.04139456756241677,8.24734181620678,2.760301712067058,0.6279560621648459,0.0,-2.5139911153413887
264,265.0,0.7529416491639849,4.077877002237932,0.07272166741624701,0.3073242682714222,0.3030546433331742,0.2080709505821699,0.7498007340449361,-17.978266084277944
265,266.0,0.9955019506349683,4.139011743775968,0.07272182879288214,0.3073245839017239,0.3030546433348128,0.20807095058273248,0.749800068298415,-17.978266084240097
266,267.0,0.6254271970779165,3.9481393218937737,0.07272185731401727,0.30732444203718245,0.303054643333908,0.20807095058242187,0.7498003592377729,-17.978266084260998
267,268.0,0.9071176346474537,5.362451268082,0.07272172086129465,0.307324246505351,0.30305464333320825,0.2080709505821817,0.7498007746578019,-17.97826608427716
268,269.0,0.45246585246380544,4.918452607094829,0.07272166437727061,0.30732427075751423,0.3030546433331742,0.20807095058216998,0.7498007291547087,-17.978266084277944
269,270.0,0.022138448237189023,6.3816767388252265,0.022138448237189023,6.3816767388252265,2.760301712067058,0.6279560621648459,0.0,-2.5139911153413887
270,271.0,0.19103475672607606,5.495232704650304,0.19103475672607606,5.495232704650304,2.7603017119246633,0.6279560621486487,4.209044224268155e-11,-2.5139911157024954
271,272.0,0.0880411883960096,1.9303643601354712,0.0727217196147734,0.3073242235029185,0.3030546433332325,0.20807095058219002,0.7498008223132577,-17.978266084276598
272,273.0,0.3458358095183225,3.4262901487394752,0.07272217193892412,0.30732447799378404,0.3030546433360197,0.20807095058314679,0.7498002590913402,-17.97826608421222
273,274.0,0.14905912689069112,8.447817993128686,0.14905912689069112,8.447817993128686,2.760301712067058,0.6279560621648459,0.0,-2.5139911153413887
274,275.0,0.15722654094203659,7.736455975135459,0.15722654094203659,7.736455975135459,2.760301712067058,0.6279560621648459,0.0,-2.5139911153413887
275,276.0,0.21404874168678933,8.005889729928816,0.21404874168678933,8.005889729928816,2.7603017120670423,0.6279560621648441,4.440892098500626e-15,-2.5139911153414287
276,277.0,0.09132078787963582,8.317224652700007,0.09132078787963582,8.317224652700007,2.760301712067058,0.6279560621648459,0.0,-2.5139911153413887
277,278.0,0.4107263393733147,9.891126447580932,0.4107263393733147,9.891126447580932,2.7603017105819436,0.6279560619959174,3.7923530982197917e-10,-2.5139911191075717
278,279.0,0.9793750406958143,5.48631409303109,0.07272166062735366,0.3073242809750142,0.303054643333175,0.20807095058217023,0.749800708339565,-17.978266084277926
279,280.0,0.8715822288272185,1.7587544727231654,0.07272164797222427,0.30732432407310817,0.30305464333321447,0.2080709505821838,0.7498006202804544,-17.978266084277017
280,281.0,0.45189373934119126,9.028538023829785,0.45189373934119126,9.028538023829785,2.760301636363227,0.6279560535537073,1.8565695758532286e-08,-2.5139913073228746
281,282.0,0.5164996859146831,7.989904791919042,0.07272154837804178,0.3073243391935395,0.30305464333335835,0.20807095058223316,0.7498005971918079,-17.97826608427369
282,283.0,0.5673214656593827,5.912142469317332,0.07272166367188618,0.307324267491831,0.3030546433331746,0.20807095058217007,0.749800735963763,-17.978266084277937
283,284.0,0.4366769315238622,1.8717420559308262,0.0727216628349874,0.3073242687143916,0.30305464333317456,0.20807095058216998,0.7498007335050032,-17.97826608427794
284,285.0,0.33747413085225,2.0272725901836117,0.0727217196147734,0.3073242235029185,0.3030546433332325,0.20807095058219002,0.7498008223132577,-17.978266084276598
285,286.0,0.5086491228324423,8.092909077536863,0.0727218128117829,0.3073242720273089,0.30305464333335647,0.20807095058223254,0.749800714352572,-17.978266084273738
286,287.0,0.9166196438728489,0.9728207271516398,0.07272147334866491,0.30732431308491376,0.3030546433335233,0.20807095058228972,0.7498006573212936,-17.978266084269883
287,288.0,0.5840515738770956,1.8163757662847244,0.07272166887099954,0.3073242708542854,0.3030546433331739,0.20807095058216982,0.7498007285860098,-17.978266084277955
288,289.0,0.2540554940018387,0.32086071366353275,0.07272168071043873,0.307324251228178,0.30305464333318244,0.20807095058217276,0.7498007681880533,-17.978266084277756
289,290.0,0.2165177010813294,0.2294705697192675,0.07272139573731363,0.3073237556046663,0.30305464333774884,0.2080709505837404,0.7498018161705149,-17.97826608417228
290,291.0,0.9805060590575422,0.9267002398083384,0.07272166705095522,0.3073242591059071,0.3030546433331768,0.20807095058217087,0.7498007530228858,-17.978266084277887
291,292.0,0.8822451461859364,9.005194569044034,0.07272186919044808,0.3073242512132051,0.30305464333353166,0.20807095058229266,0.7498007527565658,-17.978266084269688
292,293.0,0.2659292354147099,6.434935043845222,0.2659292354147099,6.434935043845222,2.7603017082086994,0.6279560617259663,1.1126952692563918e-09,-2.5139911251260116
293,294.0,0.7589020753686276,0.998437753149486,0.07272160142305296,0.3073242468940058,0.30305464333322296,0.20807095058218678,0.7498007836524337,-17.97826608427682
294,295.0,0.5519062455624897,0.6872269421491636,0.07272166750170073,0.3073242874304015,0.3030546433331769,0.20807095058217093,0.7498006944303224,-17.978266084277884
295,296.0,0.1918004866933679,0.6430404251061927,0.07272169060919755,0.3073242725530559,0.3030546433331785,0.20807095058217145,0.7498007232908204,-17.978266084277845
296,297.0,0.6159790072935895,9.042446205021706,0.07272188453419061,0.30732425377736833,0.30305464333358584,0.2080709505823113,0.7498007461968407,-17.97826608426844
297,298.0,0.9709999032005905,3.6140464572221607,0.07272218912927447,0.30732430392900173,0.30305464333555204,0.20807095058298627,0.7498006175276453,-17.978266084223023
298,299.0,0.5289691479842568,9.694795691911752,0.5289691479842568,9.694795691911752,2.760301402956253,0.627956027004195,7.023300818698175e-08,-2.513991899232421
299,300.0,0.3973994846660315,0.26479837902120384,0.07272166477614853,0.30732426900561804,0.3030546433331742,0.20807095058216993,0.7498007327437041,-17.978266084277944
300,301.0,0.2733444745074415,3.2764788612006424,0.07272165549179728,0.3073242661626184,0.3030546433331761,0.20807095058217057,0.749800739382713,-17.9782660842779
301,302.0,0.527801464187406,8.085158193751356,0.07272123482850688,0.30732408798045313,0.30305464333532595,0.20807095058290864,0.7498011422475495,-17.978266084228245
302,303.0,0.4521374688704418,0.4354548893348919,0.07272166552323639,0.30732426922071177,0.3030546433331742,0.20807095058216996,0.7498007322377507,-17.978266084277944
303,304.0,0.930154928258451,1.618158069701807,0.0,0.2234011708710619,0.48797055738296324,0.26402666461200036,0.6438902690532143,-14.643872500652407
304,305.0,0.6573249740126571,1.8342964641510342,0.07272170340180227,0.3073241992709939,0.3030546433332636,0.2080709505822006,0.7498008737382322,-17.97826608427588
305,306.0,0.3068686953775245,6.5071910219442195,0.3068686953775245,6.5071910219442195,2.760301661208088,0.6279560563797538,1.4256033131765378e-08,-2.513991244317433
306,307.0,0.5396704588766753,4.147311689210025,0.07272165330151707,0.30732428113520455,0.30305464333317644,0.20807095058217073,0.7498007086093743,-17.978266084277895
307,308.0,0.5901498745725221,9.12733932710306,0.07272166953356562,0.3073242629674425,0.3030546433331755,0.20807095058217043,0.7498007448362249,-17.97826608427792
308,309.0,0.6800336865194143,6.460961240176917,0.07272189260601435,0.3073243682397774,0.3030546433337495,0.20807095058236744,0.7498005089049654,-17.97826608426466
309,310.0,0.6257663851091028,3.5539512015818038,0.07272165859760794,0.30732428235759696,0.3030546433331758,0.20807095058217048,0.7498007056478435,-17.978266084277912
310,311.0,0.42633479613594527,0.7145280278128309,0.07272168529584191,0.30732432664273945,0.30305464333321797,0.208070950582185,0.7498006119063807,-17.978266084276935
311,312.0,0.9328019176835931,8.907310819008984,0.07272168169836139,0.3073242779690366,0.3030546433331759,0.20807095058217054,0.749800712825299,-17.97826608427791
312,313.0,0.5573465267870331,3.7241250089807116,0.07272153222032957,0.3073239606751332,0.30305464333476495,0.20807095058271607,0.7498013810320394,-17.978266084241202
313,314.0,0.4224138948391598,4.521175748424232,0.07272159844445616,0.3073244503082829,0.30305464333366605,0.20807095058233896,0.7498003633754511,-17.978266084266586
314,315.0,0.949368860693441,8.997813422726905,0.07272186869448403,0.3073242518113178,0.30305464333352944,0.2080709505822919,0.7498007515607693,-17.97826608426974
315,316.0,0.6541647796936791,3.456184307714928,0.07272216922108261,0.30732429694923014,0.3030546433353686,0.20807095058292321,0.7498006335904233,-17.978266084227258
316,317.0,0.8458179353630039,7.108720241123973,0.07272166123557357,0.3073242696317879,0.30305464333317456,0.20807095058217007,0.7498007317396659,-17.97826608427794
317,318.0,0.7163160068324695,1.1840709956814275,0.07272161981175634,0.3073245394629984,0.3030546433342172,0.20807095058252797,0.7498001773114344,-17.978266084253853
318,319.0,0.1641056400816363,1.2765353701596887,0.07272163203576926,0.3073245037315771,0.3030546433339524,0.2080709505824371,0.7498002501769035,-17.97826608425997
319,320.0,0.17758127449785954,8.563242135382037,0.17758127449785954,8.563242135382037,2.760301712067058,0.6279560621648459,0.0,-2.5139911153413887
320,321.0,0.14014971453409142,3.102387037104363,0.14021650555128803,3.1023827738479226,2.760301105292185,0.6279559931455825,1.7684391029337831e-07,-2.5139926540951274
321,322.0,0.16605135821554962,9.828749101309057,0.16605135821554962,9.828749101309057,2.760301712067058,0.6279560621648459,0.0,-2.5139911153413887
322,323.0,0.5953766995367517,6.298944798018516,0.07272183997420843,0.3073239598743907,0.30305464333484,0.2080709505827418,0.749801357440549,-17.978266084239472
323,324.0,0.7827764910561644,4.0031452668307015,0.07272157678063426,0.30732408730716165,0.3030546433337534,0.20807095058236874,0.7498011155894246,-17.978266084264565
324,325.0,0.13417062169524996,1.054707573506217,0.07272170410788062,0.3073243431965911,0.30305464333325677,0.2080709505821983,0.7498005761411122,-17.97826608427604
325,326.0,0.16889613552916571,4.110705125597523,0.16889613552916571,4.110705125597523,2.760301690096387,0.6279560596657322,6.477145264582873e-09,-2.5139911710580147
326,327.0,0.40482152754596756,3.306087295204126,0.07271991852329711,0.30732164050409694,0.3030546434617161,0.20807095062629707,0.749806309814294,-17.978266081308867
327,328.0,0.4686886345332797,8.269967598643882,0.46871381439149146,8.269966088740693,2.7603009759077204,0.6279559784283928,1.7755145709230646e-07,-2.513992982208343
328,329.0,0.9891849415447183,6.3608829182028295,0.07272160019862156,0.3073242189210787,0.3030546433332579,0.2080709505821987,0.7498008415816387,-17.978266084276015
329,330.0,0.42388372580949407,5.056239502692022,0.07272170359798484,0.30732429696785135,0.3030546433331934,0.2080709505821765,0.7498006717522543,-17.978266084277504
330,331.0,0.8984599418588733,4.233056984672064,0.07272183552733574,0.30732436981020156,0.3030546433335579,0.20807095058230166,0.74980051034111,-17.978266084269084
331,332.0,0.8277117643786008,1.9597649866119624,0.0727217196147734,0.3073242235029185,0.3030546433332325,0.20807095058219002,0.7498008223132577,-17.978266084276598
332,333.0,0.5273712441232454,1.5671792944344267,0.07272179989830697,0.3073242477238159,0.30305464333333376,0.2080709505822248,0.7498007656548773,-17.97826608427426
333,334.0,0.19977620134218288,7.404118928318708,0.19977620134218288,7.404118928318708,2.7603017120670286,0.6279560621648425,8.43769498715119e-15,-2.5139911153414634
334,335.0,0.9705566450844046,4.550259549744863,0.07272166707640915,0.30732426457727924,0.303054643333175,0.2080709505821702,0.7498007417097623,-17.978266084277926
335,336.0,0.12724417772721242,7.422940964228669,0.12724417772721242,7.422940964228669,2.760301712067058,0.6279560621648459,0.0,-2.5139911153413887
336,337.0,0.696928399880581,2.8877335261435637,0.0727214886510453,0.307324622345887,0.30305464333520016,0.20807095058286548,0.749800016725279,-17.97826608423115
337,338.0,0.6817579598801623,6.922790627509959,0.07272167111687565,0.3073242716637289,0.30305464333317406,0.20807095058216993,0.7498007267283961,-17.978266084277948
338,339.0,0.8072447192179745,1.2191285136458512,0.07272166377028787,0.3073242695795401,0.30305464333317433,0.20807095058216993,0.7498007316397433,-17.97826608427794
339,340.0,0.5963949494839899,8.296147368408928,0.07272211941501809,0.3073244899265439,0.30305464333565474,0.2080709505830215,0.7498002387319136,-17.97826608422065
340,341.0,0.8944393948393797,2.323248370422118,0.0727217196147734,0.3073242235029185,0.3030546433332325,0.20807095058219002,0.7498008223132577,-17.978266084276598
341,342.0,0.7364066595178986,6.80140962526653,0.07272154463689474,0.3073244541472695,0.3030546433337731,0.20807095058237549,0.7498003598530142,-17.978266084264114
342,343.0,0.5779248351902794,5.250999966886692,0.07272183779267169,0.3073241253631833,0.30305464333373444,0.20807095058236227,0.749801015503461,-17.978266084265005
343,344.0,0.5945646940364909,4.790877696561178,0.07272167576040348,0.30732424856092827,0.3030546433331833,0.20807095058217306,0.7498007741081684,-17.978266084277738
344,345.0,0.4300912583777814,9.455951490279165,0.4300912583777814,9.455951490279165,2.7603017009707087,0.6279560609026613,2.7804393232244706e-09,-2.5139911434812285
345,346.0,0.7348931604880934,7.505965775411839,0.07272165819519216,0.3073242530385858,0.3030546433331809,0.2080709505821723,0.7498007662924151,-17.97826608427779
346,347.0,0.8132907025891026,6.270018601854097,0.07272173502261796,0.3073239334848394,0.3030546433348814,0.208070950582756,0.7498014206058302,-17.978266084238513
347,348.0,0.45890475145103327,3.5215793320803104,0.07272218639846814,0.3073244608266047,0.30305464333604853,0.20807095058315675,0.7498002933949817,-17.978266084211555
348,349.0,0.7932972585933666,1.4141894762342941,0.07272165857842139,0.3073242670108765,0.3030546433331754,0.20807095058217034,0.7498007373758879,-17.97826608427792
349,350.0,0.8399935247596343,7.6293055836263965,0.07272165731215265,0.30732427539923085,0.30305464333317494,0.20807095058217026,0.7498007201384148,-17.97826608427793
350,351.0,0.7935959167027857,4.467153016190844,0.07272257562740118,0.30732478828885107,0.30305464334431975,0.20807095058599612,0.7497995844887981,-17.978266084020504
351,352.0,0.9248216100164527,7.675499369793008,0.0727216765899981,0.30732425763833093,0.3030546433331781,0.20807095058217126,0.7498007552742876,-17.978266084277855
352,353.0,0.2595903988830557,4.373921399098521,0.07271914074780246,0.3073250315568503,0.303054643396392,0.208070950603872,0.7497993632849632,-17.978266082817733
353,354.0,0.8475989243825858,7.0865787044447055,0.07272168643194042,0.30732429837164466,0.30305464333318605,0.20807095058217404,0.7498006702584007,-17.97826608427767
354,355.0,0.7824005377137765,0.5382350582866103,0.07272166467407361,0.30732426877702856,0.30305464333317433,0.20807095058216998,0.7498007332246435,-17.97826608427794
355,356.0,0.21506670407049855,5.988256472449287,0.21506670407049855,5.988256472449287,2.760301711852422,0.6279560621404315,6.326306145609806e-11,-2.5139911158856965
356,357.0,0.4287563736709795,1.4296509096412877,0.07272207801391191,0.3073243990974799,0.30305464333487997,0.2080709505827556,0.7498004299010774,-17.978266084238548
357,358.0,0.25291821872595177,6.187966955763839,0.25291821872595177,6.187966955763839,2.760301708597156,0.6279560617701524,1.0079744816593461e-09,-2.5139911241409036
358,359.0,0.1602021083857803,3.4049079794575317,0.1602646361465601,3.4049040714724614,2.760301065909232,0.627955988665861,1.900171754387614e-07,-2.513992753968534
359,360.0,0.42307640202340957,3.87215444064781,0.07272179969544677,0.30732437333452967,0.3030546433334737,0.20807095058227276,0.7498005059948043,-17.978266084271027
360,361.0,0.4297729516472397,0.9213325816448187,0.07272131803867249,0.30732481232211506,0.3030546433383922,0.2080709505839612,0.7497996379777885,-17.978266084157422
361,362.0,0.3497365086355596,5.929701862142192,0.07272164204108736,0.30732429050853916,0.3030546433331839,0.20807095058217326,0.7498006901555014,-17.97826608427772
362,363.0,0.21436071553767644,0.08116695932066975,0.07272155467858424,0.3073243233597509,0.30305464333331983,0.20807095058221997,0.7498006294083787,-17.978266084274583
363,364.0,0.48269609475643116,9.942720856900358,0.48269609475643116,9.942720856900358,2.760301675467792,0.6279560580017626,8.70556249310539e-09,-2.5139912081554687
364,365.0,0.2818160094596287,2.7378047252426114,0.07272165358705279,0.30732419662105714,0.3030546433332614,0.2080709505821999,0.7498008833030463,-17.978266084275933
365,366.0,0.6486710477222263,4.818878094639594,0.07272176697063702,0.3073243079314336,0.30305464333327764,0.2080709505822054,0.7498006438882208,-17.978266084275557
366,367.0,0.3337933874952863,9.397977545105412,0.3337933874952863,9.397977545105412,2.7603017120276445,0.6279560621603626,1.0806577854793886e-11,-2.51399111544134
367,368.0,0.09480577786210631,0.3617213640669006,0.07272161921892639,0.30732460792460686,0.3030546433348129,0.20807095058273248,0.7498000358279845,-17.978266084240094
368,369.0,0.254242862910003,6.451975122082382,0.254242862910003,6.451975122082382,2.7603017106956367,0.6279560620088499,3.9810876817369945e-10,-2.513991118819251
369,370.0,0.8473120177258091,4.4055518433941705,0.07272166318591133,0.30732426837813565,0.30305464333317433,0.20807095058216998,0.7498007341713613,-17.97826608427794
370,371.0,0.8796871152662696,2.4967040902253186,0.0727217196147734,0.3073242235029185,0.3030546433332325,0.20807095058219002,0.7498008223132577,-17.978266084276598
371,372.0,0.7047768462616322,7.10470510964698,0.07272168881292032,0.3073242506458134,0.3030546433331849,0.20807095058217356,0.7498007687272922,-17.9782660842777
372,373.0,0.4958560558614159,7.900536897113766,0.07272168625996629,0.3073242199963573,0.30305464333321785,0.20807095058218492,0.7498008322987035,-17.97826608427694
373,374.0,0.7152784279610779,1.5142091763760626,0.0727214865825814,0.30732451203506606,0.30305464333427223,0.208070950582547,0.7498002449427734,-17.97826608425258
374,375.0,0.17666997489483016,8.385773775843914,0.17666997489483016,8.385773775843914,2.760301712067058,0.6279560621648459,0.0,-2.5139911153413887
375,376.0,0.796915862874912,7.642360313274962,1.1102230246251565e-16,0.3048288821771948,0.48797055738296324,0.26402666461200036,0.6438902690532143,-14.643872500652407
376,377.0,0.292564438731043,0.8093175917644662,0.07272166105594169,0.3073242789212177,0.3030546433331748,0.20807095058217018,0.7498007125502455,-17.978266084277934
377,378.0,0.5046406500968251,4.505189064566602,0.07272163747498624,0.30732429869962574,0.3030546433331909,0.2080709505821757,0.7498006735965366,-17.97826608427756
378,379.0,0.8562536053830985,8.840167042138589,0.07272156801423284,0.30732426773147964,0.3030546433332612,0.2080709505821998,0.7498007433154938,-17.978266084275937
379,380.0,0.26498596079273207,8.882526942095042,0.26498596079273207,8.882526942095042,2.760301712066709,0.6279560621648062,1.0058620603103918e-13,-2.5139911153422743
380,381.0,0.3847507762669582,5.93511847316063,0.0727218090115781,0.3073242186262328,0.303054643333388,0.20807095058224326,0.7498008250610071,-17.97826608427301
381,382.0,0.536462321320883,1.8251805427677685,0.0727216744840002,0.3073242636083035,0.30305464333317567,0.20807095058217048,0.7498007431052555,-17.978266084277912
382,383.0,0.9517918198479095,7.271633776920905,0.0727217113778063,0.3073242661737533,0.30305464333319077,0.20807095058217565,0.7498007347750637,-17.978266084277564
383,384.0,0.17283651019577062,7.106868468609186,0.17283651019577062,7.106868468609186,2.7603017120670565,0.6279560621648457,2.220446049250313e-16,-2.5139911153413923
384,385.0,0.907168232811066,8.384117056435798,0.07272171827700322,0.3073242968073971,0.3030546433332043,0.20807095058218028,0.7498006708797558,-17.97826608427725
385,386.0,0.06122914288162118,6.257879595529314,0.06122914288162118,6.257879595529314,2.760301712067058,0.6279560621648459,0.0,-2.5139911153413887
386,387.0,0.3826978078063795,5.985602941169112,0.0727216727471445,0.3073242558927188,0.3030546433331786,0.20807095058217145,0.7498007591982622,-17.978266084277845
387,388.0,0.23173094495797852,8.922032635781695,0.23173094495797852,8.922032635781695,2.760301712067054,0.6279560621648455,1.2212453270876722e-15,-2.5139911153413994
388,389.0,0.007419272537883881,5.039961261068418,0.007419272537883881,5.039961261068418,2.760301712067058,0.6279560621648459,0.0,-2.5139911153413887
389,390.0,0.49365919635040456,6.039200793243921,0.07272089832015913,0.3073238114279121,0.30305464334152205,0.20807095058503572,0.74980174156694,-17.978266084085128
390,391.0,0.72484115761419,1.1027174579556498,0.07272193687519064,0.3073243191114486,0.30305464333383647,0.20807095058239736,0.7498006068367771,-17.97826608426265
391,392.0,0.49656177297571114,5.660728839818386,0.07272091849703075,0.3073243550397759,0.30305464333812937,0.20807095058387104,0.7498006160984072,-17.978266084163494
392,393.0,0.4592166154155459,7.08513318059167,0.07272166887861496,0.30732427197921164,0.3030546433331741,0.2080709505821699,0.7498007262598105,-17.978266084277948
393,394.0,0.8579317848485842,9.180730408248936,0.07272154907198378,0.3073243737705743,0.3030546433334392,0.20807095058226088,0.74980052565326,-17.978266084271823
394,395.0,0.0039007228672952587,4.661512806787193,0.0039007228672952587,4.661512806787193,2.760301712067058,0.6279560621648459,0.0,-2.5139911153413887
395,396.0,0.158332724103868,4.600728714831718,0.158332724103868,4.600728714831718,2.760301711786691,0.6279560621329547,8.239275928190182e-11,-2.513991116052387
396,397.0,0.27708308540285753,0.29722347387489934,0.07272173667589796,0.30732418900421904,0.30305464333331655,0.20807095058221878,0.7498008922331587,-17.978266084274658
397,398.0,0.19105431358149128,0.26844369571221927,0.07272157123037745,0.3073242390893512,0.30305464333327314,0.20807095058220396,0.7498008022638897,-17.97826608427566
398,399.0,0.2727103283847382,3.8207150210219676,0.07272174471053587,0.3073243076846929,0.3030546433332429,0.2080709505821935,0.7498006462244637,-17.97826608427636
399,400.0,0.07977368136934526,3.029724114695444,0.07977368136934526,3.029724114695444,2.760301712053281,0.6279560621632787,3.836930773104541e-12,-2.513991115376327
400,401.0,0.12135753411936001,3.6914024530514014,0.12135753411936001,3.6914024530514014,2.760301711639605,0.6279560621162239,1.2308942753946894e-10,-2.51399111642539
401,402.0,0.16791521499970563,1.7218940173298956,0.0727217196147734,0.3073242235029185,0.3030546433332325,0.20807095058219002,0.7498008223132577,-17.978266084276598
402,403.0,0.18776940816951626,5.704009085315797,0.18776940816951626,5.704009085315797,2.760301712036274,0.6279560621613443,9.09883279831547e-12,-2.513991115419456
403,404.0,0.9103285620993691,1.715784964176228,0.07272166827814021,0.3073242633757209,0.30305464333317533,0.20807095058217034,0.7498007440951748,-17.97826608427792
404,405.0,0.5413606434075727,1.874430730786168,0.07272187497409459,0.307324253724576,0.30305464333355076,0.2080709505822992,0.7498007470902894,-17.978266084269247
405,406.0,0.7338991128732186,7.314368095452513,0.07272171253612181,0.30732433188541475,0.3030546433332418,0.20807095058219316,0.7498005988334502,-17.978266084276385
406,407.0,0.5355370719022763,0.22025942253137304,0.07272179372743354,0.3073242117410029,0.30305464333336407,0.20807095058223518,0.7498008405488027,-17.97826608427356
407,408.0,0.3676765069222333,0.01538937673046532,0.07272159663010436,0.3073242957227599,0.3030546433332247,0.20807095058218733,0.7498006831013106,-17.97826608427678
408,409.0,0.28725530794057974,1.532684695546291,0.07272166140230607,0.3073242285361292,0.3030546433332036,0.20807095058217998,0.7498008166835393,-17.97826608427727
409,410.0,0.8924191511743007,8.79638919825518,0.07272166153913177,0.30732427469513357,0.3030546433331742,0.20807095058216993,0.749800721247245,-17.978266084277944
410,411.0,0.5240690712484722,9.600992230739095,0.5240792408913267,9.600991609014253,2.760301396322212,0.627956026249588,7.208711183537275e-08,-2.5139919160560495
411,412.0,0.680053588587606,9.84097006648721,0.07272166294597857,0.30732426708285354,0.30305464333317467,0.20807095058217012,0.7498007368687969,-17.978266084277937
412,413.0,0.600140628850986,5.890714835490244,0.07272193508996415,0.3073242522549659,0.3030546433337986,0.20807095058238428,0.7498007451964881,-17.978266084263524
413,414.0,0.491433785880261,2.315192412396241,0.07272155654695865,0.3073242020125919,0.3030546433333579,0.20807095058223307,0.7498008801176195,-17.978266084273702
414,415.0,0.5067603496924342,0.729735385331335,0.07272182388609692,0.3073242443324559,0.30305464333339605,0.20807095058224606,0.749800770697955,-17.97826608427282
415,416.0,0.5455754476611773,2.928373982136947,0.0727216947984866,0.307324287123983,0.3030546433331832,0.20807095058217306,0.7498006928244854,-17.978266084277738
416,417.0,0.6949741029326186,1.663347839569944,0.07272165503183786,0.3073242830194847,0.30305464333317655,0.20807095058217073,0.7498007045720312,-17.97826608427789
417,418.0,0.09955206768388936,5.101226347879525,0.09955206768388936,5.101226347879525,2.760301712067058,0.6279560621648459,0.0,-2.5139911153413887
418,419.0,0.8300765562411351,1.8687109920136542,0.0727217196147734,0.3073242235029185,0.3030546433332325,0.20807095058219002,0.7498008223132577,-17.978266084276598
419,420.0,0.511535294684933,3.858661470163442,0.07272151602797784,0.3073243807725553,0.3030546433335366,0.20807095058229438,0.7498005138886104,-17.978266084269574
420,421.0,0.21389445211564395,0.4948967314889602,0.07272131960900007,0.3073244326103278,0.3030546433345783,0.20807095058265201,0.749800422835563,-17.97826608424551
421,422.0,0.9058060929157639,7.980823666299022,0.07272165948228226,0.3073241406443865,0.30305464333343035,0.20807095058225786,0.7498009985405638,-17.97826608427203
422,423.0,0.4033008120242424,5.7951503187639934,0.07272221271614025,0.3073243712946721,0.30305464333590754,0.2080709505831083,0.7498004763264412,-17.978266084214813
423,424.0,0.8615878352315001,4.776475741349452,0.07272149229674822,0.3073242672801468,0.3030546433334424,0.208070950582262,0.749800750459779,-17.978266084271752
424,425.0,0.852530094664084,8.866182974690135,0.07272165977732149,0.30732428774663667,0.30305464333317733,0.208070950582171,0.749800694410234,-17.978266084277873
425,426.0,0.7436707021501847,6.519769024223933,0.07272162087801683,0.3073241857513123,0.30305464333330573,0.20807095058221514,0.7498009084574516,-17.978266084274907
426,427.0,0.3725138467722723,2.5247625153889564,0.07272164105146607,0.3073241457142408,0.30305464333341753,0.20807095058225344,0.7498009895715747,-17.978266084272324
427,428.0,0.02603092438791199,1.933186120633796,0.02603092438791199,1.933186120633796,2.7603017120670574,0.6279560621648457,1.1102230246251565e-16,-2.5139911153413896
428,429.0,0.06624568038174361,0.3532088795197723,0.07272089295411396,0.3073244642130145,0.3030546433388724,0.20807095058412606,0.7498003924976298,-17.97826608414633
429,430.0,0.7570644697552641,4.060163313949329,0.07272121216610922,0.3073232663267094,0.3030546433498279,0.20807095058788702,0.7498028427096679,-17.978266083893278
430,431.0,0.1926789119587915,3.9465337762548343,0.19272363174224694,3.9465310229017163,2.7603011684096526,0.6279560003250515,1.6069771857640802e-07,-2.513992494032058
431,432.0,0.7866820448543685,4.895032048627231,0.0727216653983583,0.30732427197339307,0.303054643333174,0.2080709505821699,0.7498007265573421,-17.97826608427795
432,433.0,0.24008882423127575,4.470131752686788,0.0727215214769338,0.3073243148663823,0.30305464333338317,0.20807095058224168,0.7498006496904328,-17.97826608427312
433,434.0,0.288728000489623,8.141352037833624,0.288728000489623,8.141352037833624,2.76030171201178,0.627956062158558,1.5705214906347464e-11,-2.5139911154815717
434,435.0,0.4582018283969437,0.6291363070142203,0.003801578963305399,0.3319944962902732,0.31752210688197036,0.21297957879369256,0.7078551733685154,-17.65182588907736
435,436.0,0.4160263210053943,7.350431826999379,0.4160598941496766,7.350429695371158,2.7603008262491957,0.6279559614050741,2.2503007723884139e-07,-2.5139933617356887
436,437.0,0.23799076182778223,2.052349276926153,0.0727217196147734,0.3073242235029185,0.3030546433332325,0.20807095058219002,0.7498008223132577,-17.978266084276598
437,438.0,0.00591091347723216,6.6469048375918645,0.00591091347723216,6.6469048375918645,2.760301712067058,0.6279560621648459,0.0,-2.5139911153413887
438,439.0,0.7665530225266922,4.713707190807752,0.07272159938680796,0.30732427328756823,0.30305464333321486,0.20807095058218386,0.7498007292557338,-17.978266084277006
439,440.0,0.531606413788817,1.5663831365512044,0.07272170154965174,0.3073242610212092,0.3030546433331857,0.2080709505821739,0.7498007462332437,-17.97826608427768
440,441.0,0.9154790745226907,2.505737003648395,0.0727217196147734,0.3073242235029185,0.3030546433332325,0.20807095058219002,0.7498008223132577,-17.978266084276598
441,442.0,0.9068627726732532,6.646849542978929,0.07272166328485542,0.3073242679226235,0.3030546433331746,0.2080709505821701,0.7498007351049302,-17.978266084277937
442,443.0,0.534117180694589,8.888533950586439,0.5341641653327551,8.888530930780062,2.7603000636936255,0.6279558746660953,3.726153816607791e-07,-2.513995295542931
443,444.0,0.825833683552631,1.381988966931968,0.07272198546865839,0.30732396009619295,0.3030546433354426,0.20807095058294872,0.7498013450454688,-17.97826608422555
444,445.0,0.19230670277551087,4.76689013628854,0.19230670277551087,4.76689013628854,2.7603017046931053,0.6279560613260755,2.1796536797680233e-09,-2.513991134041399
445,446.0,0.20234374299911184,7.19453722190857,0.20234374299911184,7.19453722190857,2.7603017120669335,0.6279560621648317,3.630429290524262e-14,-2.513991115341705
446,447.0,0.069429610066984,3.6910063343056247,0.069429610066984,3.6910063343056247,2.760301712067058,0.6279560621648459,0.0,-2.5139911153413887
447,448.0,0.392966975711562,7.064910481231758,0.3929964188261906,7.064908660465987,2.760300987019747,0.6279559796923606,1.8833642467797063e-07,-2.5139929540287413
448,449.0,0.09405318127281115,6.804454915043367,0.09405318127281115,6.804454915043367,2.760301712067058,0.6279560621648459,0.0,-2.5139911153413887
449,450.0,0.4836277415725172,1.0531462474386037,0.07272140737624726,0.3073240141443605,0.30305464333475873,0.20807095058271383,0.7498012807358583,-17.978266084241348
450,451.0,0.26155306233806785,3.355239059932755,0.07272173180733128,0.3073242942989504,0.3030546433332162,0.2080709505821844,0.7498006749555223,-17.978266084276974
451,452.0,0.4853251422430386,0.6454932205656446,0.07272197563150193,0.30732419588839205,0.30305464333407617,0.20807095058247962,0.7498008583976219,-17.97826608425711
452,453.0,0.4288184959572954,9.063204604534551,0.4288184959572954,9.063204604534551,2.760301685950352,0.6279560591941301,6.552310027885255e-09,-2.5139911815721705
453,454.0,0.9069320626528942,5.142419533379505,0.07272123793545607,0.30732409974937364,0.3030546433352396,0.20807095058287892,0.7498011176627095,-17.978266084230242
454,455.0,0.6642702222221845,6.189695990521458,0.07272164879290359,0.30732414306262124,0.30305464333342413,0.20807095058225575,0.7498009944182265,-17.97826608427217
455,456.0,0.6645770974290638,7.8144674614503735,0.07272163764284006,0.3073242902754029,0.30305464333318577,0.2080709505821739,0.7498006909982742,-17.978266084277678
456,457.0,0.27741664954886613,4.65983027091496,0.07272167116843099,0.30732427144982855,0.303054643333174,0.20807095058216993,0.7498007271663658,-17.97826608427795
457,458.0,0.049444753991191304,0.27392922317879137,0.07272169333828914,0.30732427159565395,0.3030546433331796,0.20807095058217184,0.7498007250461871,-17.97826608427782
458,459.0,0.7812098485694788,8.765634866264042,0.07272170778986607,0.30732428295451675,0.3030546433331892,0.208070950582175,0.7498007003783194,-17.9782660842776
459,460.0,0.8565642118991581,2.0814586377458166,0.0727217196147734,0.3073242235029185,0.3030546433332325,0.20807095058219002,0.7498008223132577,-17.978266084276598
460,461.0,0.1438184405918339,0.062082190768297796,0.07272165799125811,0.3073242525026512,0.30305464333318116,0.20807095058217231,0.749800767417089,-17.978266084277788
461,462.0,0.40390239568689357,2.429998200575996,0.07272166502144677,0.30732426556402914,0.30305464333317494,0.20807095058217026,0.7498007398384203,-17.97826608427793
462,463.0,0.805099129816648,9.272913283145463,0.07272169200222753,0.3073242602274796,0.3030546433331814,0.20807095058217245,0.7498007486573599,-17.97826608427778
463,464.0,0.7834968256177937,3.298015094024187,0.0,0.23668096558834045,0.48797055738296324,0.26402666461200036,0.6438902690532143,-14.643872500652407
464,465.0,0.5940323085714614,8.206981439800296,0.07272171537757091,0.3073243649770009,0.30305464333331644,0.20807095058221875,0.7498005301896326,-17.978266084274658
465,466.0,0.5220379955539561,6.9604963940556885,0.07272166393518624,0.307324263656616,0.30305464333317556,0.2080709505821704,0.749800743870751,-17.978266084277916
466,467.0,0.4074693208721534,6.258917363918723,0.07272161726286328,0.3073233707148921,0.30305464334502774,0.20807095058623912,0.7498025936788854,-17.97826608400415
467,468.0,0.1799573386568467,5.1086079055189915,0.1799573386568467,5.1086079055189915,2.760301711790556,0.6279560621333944,8.167733156483337e-11,-2.513991116042586
468,469.0,0.8898641209188913,9.36076436741935,0.07272157587768087,0.30732453314554475,0.303054643334219,0.20807095058252872,0.7498001939756715,-17.978266084253814
469,470.0,0.2589083166914192,4.486575503839365,0.07272167530942023,0.30732427164304793,0.3030546433331744,0.20807095058216993,0.7498007264272145,-17.97826608427794
470,471.0,0.48618661605002444,2.641479506772224,0.07272165645715865,0.30732426612804103,0.3030546433331757,0.2080709505821705,0.749800739375002,-17.978266084277912
471,472.0,0.028624238657544265,7.414959428997043,0.028624238657544265,7.414959428997043,2.760301712067058,0.6279560621648459,0.0,-2.5139911153413887
472,473.0,0.20001193877502943,4.0557629558890556,0.20005661414956386,4.055760113718096,2.7603011476759196,0.6279559979666365,1.6675994463088983e-07,-2.513992546611874
473,474.0,0.8036420354957211,1.0469620079578408,0.07272166171740299,0.3073243348018249,0.30305464333322885,0.20807095058218866,0.7498005969732466,-17.978266084276683
474,475.0,0.004695219370709602,3.9303386660418926,0.004695219370709602,3.9303386660418926,2.760301712067058,0.6279560621648459,0.0,-2.5139911153413887
475,476.0,0.08527899300830566,4.768267571644218,0.08527899300830566,4.768267571644218,2.760301712067058,0.6279560621648459,0.0,-2.5139911153413887
476,477.0,0.39144944026341977,5.353389425922448,0.07272205153639179,0.3073245347701702,0.3030546433354741,0.20807095058295946,0.7498001515949382,-17.97826608422482
477,478.0,0.30852286937534934,9.238323652246129,0.30852286937534934,9.238323652246129,2.760301712059021,0.6279560621639317,2.2496449147979547e-12,-2.51399111536177
478,479.0,0.47356380882102544,1.01692358934923,0.07272189051177182,0.3073245399477877,0.30305464333465343,0.20807095058267772,0.7498001541018944,-17.978266084243778
479,480.0,0.576245108134248,9.642134777828174,0.5762815234492727,9.642132424155557,2.760300353937818,0.62795590768072,2.946311562501691e-07,-2.5139945594964157
480,481.0,0.5250427386523308,4.984152622413589,0.0727216841098181,0.3073242176563329,0.30305464333322096,0.20807095058218597,0.7498008373126506,-17.978266084276868
481,482.0,0.09994289928545652,0.7779575223553047,0.0727216751694376,0.3073242787748211,0.3030546433331748,0.20807095058217012,0.7498007116950924,-17.978266084277934
482,483.0,0.8648167661667971,1.7235715463621486,0.07272171275376284,0.30732426355507503,0.3030546433331925,0.20807095058217626,0.7498007400758115,-17.97826608427752
483,484.0,0.6758623171815562,9.09483181062176,0.07272189197803332,0.3073242585348185,0.30305464333361226,0.20807095058232028,0.749800735751013,-17.97826608426783
484,485.0,0.8698812705920977,2.906545318582067,0.07272168966194902,0.3073242462396725,0.3030546433331885,0.20807095058217492,0.7498007777665092,-17.978266084277617
485,486.0,0.8710724805563949,0.9145726202726983,0.07272163240082709,0.30732427812912194,0.3030546433331851,0.20807095058217367,0.7498007165384633,-17.978266084277692
486,487.0,0.0006312042914319305,1.660236642540321,0.0006312042914319305,1.660236642540321,2.760301712067058,0.6279560621648459,0.0,-2.5139911153413887
487,488.0,0.02317290502849234,2.821654379200114,0.02317290502849234,2.821654379200114,2.760301712067058,0.6279560621648459,0.0,-2.5139911153413887
488,489.0,0.5737499261960901,1.217350456630683,0.07272165824260085,0.3073243255908507,0.3030546433332141,0.20807095058218367,0.749800616300278,-17.978266084277024
489,490.0,0.8182773496956661,2.2073785326608566,0.0727217196147734,0.3073242235029185,0.3030546433332325,0.20807095058219002,0.7498008223132577,-17.978266084276598
490,491.0,0.36093940190915075,3.6180303860060876,0.07272166235671552,0.3073240882637046,0.30305464333367144,0.20807095058234057,0.7498011065917951,-17.978266084266462
491,492.0,0.7802882492271562,9.15309169177137,0.07272215422560487,0.3073244537310528,0.30305464333572685,0.20807095058304628,0.7498003107034077,-17.978266084218983
492,493.0,0.32381763725452084,1.6853889837655966,0.0727216646447995,0.3073242632387428,0.30305464333317533,0.20807095058217037,0.7498007446764124,-17.97826608427792
493,494.0,0.5715624409075432,3.4059839527743927,0.07272213127953492,0.30732428663729777,0.3030546433350433,0.2080709505828116,0.7498006580213749,-17.97826608423477
494,495.0,0.574518541009775,4.8537423657125585,0.07272191513867399,0.307324383786383,0.3030546433338902,0.2080709505824158,0.7498004749166461,-17.978266084261406
495,496.0,0.05977359750038569,7.031640796399904,0.05977359750038569,7.031640796399904,2.760301712067058,0.6279560621648459,0.0,-2.5139911153413887
496,497.0,0.8328703226303323,2.2536591132858255,0.0727217196147734,0.3073242235029185,0.3030546433332325,0.20807095058219002,0.7498008223132577,-17.978266084276598
497,498.0,0.7615635723401122,6.363602565148473,0.07272147815656449,0.30732418389187627,0.3030546433336078,0.20807095058231884,0.749800924009259,-17.97826608426793
498,499.0,0.549668876352867,6.1616546334916205,0.07272161883144089,0.3073243236635562,0.3030546433332309,0.2080709505821894,0.7498006235176654,-17.978266084276637
499,500.0,0.7145875063143649,4.311881618007852,0.07272185554066334,0.30732427994943134,0.30305464333348064,0.20807095058227518,0.749800694469638,-17.978266084270867
500,501.0,0.8617998101381523,0.31481470862752786,0.07272165595777315,0.3073243005027772,0.3030546433331859,0.208070950582174,0.7498006683526313,-17.978266084277678
501,502.0,0.3635575888758009,4.882754896686543,0.07272166384332338,0.30732428042756116,0.3030546433331749,0.20807095058217018,0.7498007092074999,-17.97826608427793
502,503.0,0.6823794068783529,9.298973705487363,0.07272152922183596,0.3073243813154672,0.3030546433335055,0.20807095058228364,0.7498005116839292,-17.97826608427029
503,504.0,0.31485150188316746,5.436475689024031,0.07272174398726566,0.30732431523893255,0.3030546433332507,0.20807095058219627,0.7498006306668163,-17.97826608427618
504,505.0,0.5076995781517384,4.312088151652288,0.07272166562132176,0.30732426851453765,0.3030546433331743,0.20807095058217004,0.7498007336895869,-17.978266084277944
505,506.0,0.24800345472081187,1.0430307976871778,0.07272119961824167,0.3073236253597934,0.3030546433412622,0.20807095058494643,0.7498021015126122,-17.97826608409113
506,507.0,0.24732935864725858,5.3126679045806116,0.24732935864725858,5.3126679045806116,2.760301637948811,0.627956053734064,2.1591123666730994e-08,-2.5139913033019052
507,508.0,0.4723866976066853,9.303670774836341,0.4723866976066853,9.303670774836341,2.760301618589766,0.6279560515320168,2.2463397697514154e-08,-2.513991352395567
508,509.0,0.44078079756449284,1.9604854379215202,0.07272161032097073,0.3073241769183912,0.30305464333333937,0.2080709505822266,0.7498009275838773,-17.978266084274132
509,510.0,0.3966140520785255,0.7801630938707761,0.0727217251186087,0.30732426452809297,0.30305464333320326,0.20807095058217998,0.7498007370499141,-17.978266084277273
510,511.0,0.8324253049295992,6.547078344472474,0.07272166688528495,0.30732425425351717,0.3030546433331792,0.2080709505821717,0.7498007630678818,-17.97826608427783
511,512.0,0.8716373344842561,8.328813750044969,0.07272166114184214,0.3073242660498977,0.3030546433331751,0.20807095058217032,0.7498007391522414,-17.978266084277926
512,513.0,0.8833156462488646,3.097283641857843,0.07272171163261583,0.30732422543743404,0.30305464333322335,0.20807095058218683,0.7498008189688377,-17.97826608427681
513,514.0,0.47173286496775857,4.82085061228867,0.07272167055491222,0.30732422165919254,0.30305464333321264,0.20807095058218317,0.7498008301494747,-17.97826608427706
514,515.0,0.424374512115672,8.78256706062956,0.424374512115672,8.78256706062956,2.760301670743292,0.6279560574643616,1.041281860736376e-08,-2.513991220136587
515,516.0,0.9207866785016742,3.4578810449311894,0.07272169057452625,0.3073243752844388,0.3030546433333299,0.20807095058222336,0.749800510915645,-17.97826608427435
516,517.0,0.9387511483856609,2.5278023402498793,0.0727217196147734,0.3073242235029185,0.3030546433332325,0.20807095058219002,0.7498008223132577,-17.978266084276598
517,518.0,0.2152181514478484,1.4024787759991164,0.07272160285412563,0.30732427981630883,0.3030546433332112,0.20807095058218264,0.7498007154743485,-17.978266084277095
518,519.0,0.9395772227389302,6.544366753369537,0.0727216568648226,0.3073243008294272,0.3030546433331858,0.20807095058217395,0.7498006676029341,-17.978266084277678
519,520.0,0.7735196945800399,5.6628400870376225,0.072722010769016,0.3073243822755499,0.3030546433343784,0.20807095058258343,0.7498004701943284,-17.978266084250134
520,521.0,0.15349169863499612,1.3359749720355305,0.07272166468792836,0.3073242691188044,0.30305464333317417,0.20807095058216996,0.7498007325169496,-17.978266084277948
521,522.0,0.6840171661109871,0.3013350214623839,0.07272129335452358,0.3073237333640979,0.3030546433386839,0.2080709505840615,0.7498018705467073,-17.978266084150683
522,523.0,0.4933116620520829,6.769862933576923,0.07272153217790475,0.30732481505979414,0.30305464333756743,0.20807095058367817,0.7497996147525993,-17.97826608417647
523,524.0,0.5554546537167647,6.956124657248444,0.07272167349372195,0.30732427264875917,0.3030546433331742,0.20807095058217004,0.7498007244970457,-17.978266084277944
524,525.0,0.7368036165944024,1.368869644845783,0.07272166269962399,0.30732426789868145,0.30305464333317467,0.20807095058217012,0.7498007352024352,-17.978266084277937
525,526.0,0.8156395227869959,5.485289938955591,0.07272165046940755,0.3073241072068877,0.30305464333357784,0.2080709505823085,0.7498010684055725,-17.978266084268622
526,527.0,0.7991975669758116,8.26249931568317,0.07272158927115675,0.3073242874360401,0.3030546433332301,0.2080709505821892,0.7498007008362342,-17.978266084276655
527,528.0,0.2883611398504573,0.6660231979066732,0.07272166003682744,0.30732427428068276,0.3030546433331744,0.20807095058216998,0.7498007222272856,-17.97826608427794
528,529.0,0.009501077153487247,8.523773995371826,0.009501077153487247,8.523773995371826,2.760301712067058,0.6279560621648459,0.0,-2.5139911153413887
529,530.0,0.04623403904772527,8.520727575262157,0.04623403904772527,8.520727575262157,2.760301712067058,0.6279560621648459,0.0,-2.5139911153413887
530,531.0,0.7253081164723256,9.073262966890791,0.07272189278917163,0.30732425762728915,0.30305464333361565,0.20807095058232153,0.7498007375606129,-17.978266084267748
531,532.0,0.154986401389976,9.378776070049375,0.154986401389976,9.378776070049375,2.760301712067058,0.6279560621648459,0.0,-2.5139911153413887
532,533.0,0.5803948225682521,7.08821255878654,0.07272166791355149,0.3073242717738681,0.30305464333317395,0.2080709505821699,0.7498007267634887,-17.97826608427795
533,534.0,0.4423442412524128,5.4864159180634156,0.07272166071376573,0.3073242674444908,0.3030546433331748,0.20807095058217012,0.749800736304299,-17.978266084277934
534,535.0,0.9772806759388017,6.305542893377241,0.07272167590772137,0.30732426523278183,0.30305464333317544,0.2080709505821704,0.749800739630156,-17.97826608427792
535,536.0,0.5530185599326329,1.8395227205785207,0.07272192793476967,0.3073242741000199,0.30305464333376136,0.20807095058237157,0.749800700622966,-17.978266084264387
536,537.0,0.9523303222264322,3.5543075179015675,0.07272173424183413,0.3073240463976059,0.3030546433339548,0.20807095058243788,0.7498011872447192,-17.978266084259914
537,538.0,0.9937109292051914,1.5600042346825906,0.07272203891598124,0.3073245075791311,0.30305464333519194,0.20807095058286262,0.7498002088428979,-17.97826608423134
538,539.0,0.18120818727779242,7.2957182666922815,0.18120818727779242,7.2957182666922815,2.7603017120670557,0.6279560621648456,3.3306690738754696e-16,-2.513991115341396
539,540.0,0.028409139150762708,2.942626937952817,0.028409139150762708,2.942626937952817,2.760301712067058,0.6279560621648459,0.0,-2.5139911153413887
540,541.0,0.8477088872234504,7.755906594464096,0.07272189551517498,0.3073243259903872,0.3030546433336677,0.20807095058233938,0.7498005960090623,-17.978266084266547
541,542.0,0.8001434381249355,4.3582903512962226,0.07272191654623933,0.3073243415953992,0.3030546433337836,0.20807095058237915,0.7498005620232051,-17.97826608426387
542,543.0,0.75354240849229,7.989823028597733,0.07272191496662737,0.3073244517350371,0.30305464333417914,0.20807095058251493,0.7498003344594213,-17.978266084254734
543,544.0,0.6777982848620863,8.117611398983161,0.07272141442132452,0.3073243251401595,0.30305464333376675,0.20807095058237338,0.7498006372331022,-17.97826608426426
544,545.0,0.7885028375009457,0.6925065589276855,0.0727216504326995,0.30732428173017623,0.3030546433331775,0.208070950582171,0.7498007076147242,-17.97826608427787
545,546.0,0.2340690727167004,4.059080616642745,0.07272182670518004,0.3073241437157123,0.30305464333363047,0.20807095058232664,0.7498009784727224,-17.978266084267407
546,547.0,0.33694753546783907,1.8118608879842166,0.07272166371784504,0.30732426813094743,0.3030546433331746,0.2080709505821701,0.7498007346387392,-17.978266084277937
547,548.0,0.7081718135697671,3.9116926666739316,0.07272157371352522,0.30732389868592136,0.303054643335298,0.20807095058289898,0.7498015057787852,-17.97826608422889
548,549.0,0.6006483909318052,8.382165994585128,0.07272172192838032,0.30732429385997223,0.3030546433332057,0.2080709505821808,0.7498006766734608,-17.97826608427722
549,550.0,0.8593172702901373,5.541371261197847,0.07272164727603109,0.3073242782255055,0.3030546433331778,0.20807095058217123,0.7498007151189308,-17.978266084277866
550,551.0,0.06109893280308687,9.211080413979229,0.06109893280308687,9.211080413979229,2.760301712067058,0.6279560621648459,0.0,-2.5139911153413887
551,552.0,0.1485706749591097,8.655852980828202,0.1485706749591097,8.655852980828202,2.760301712067058,0.6279560621648459,0.0,-2.5139911153413887
552,553.0,0.7630225711760605,7.022682125912114,0.07272154555387288,0.30732414032555955,0.3030546433335657,0.20807095058230435,0.7498010085456426,-17.978266084268906
553,554.0,0.037072710813177645,8.372524762808078,0.037072710813177645,8.372524762808078,2.760301712067058,0.6279560621648459,0.0,-2.5139911153413887
554,555.0,0.08482992644303988,9.972790100423191,0.08482992644303988,9.972790100423191,2.760301712067058,0.6279560621648459,0.0,-2.5139911153413887
555,556.0,0.7020781062490465,1.4063035750572344,0.07272154196260376,0.30732425034492394,0.3030546433333201,0.20807095058222005,0.7498007813960141,-17.978266084274576
556,557.0,0.9132990624419537,8.066281386969852,0.0727216942474163,0.307324271962549,0.3030546433331799,0.2080709505821719,0.7498007242131197,-17.978266084277816
557,558.0,0.3490890098738245,1.1567154141893865,0.07272142825261015,0.30732406417457686,0.3030546433343228,0.20807095058256428,0.7498011755955613,-17.978266084251416
558,559.0,0.3311605606570299,4.515062391641334,0.07272167218760058,0.30732428223657465,0.3030546433331752,0.20807095058217026,0.7498007047831802,-17.978266084277923
559,560.0,0.7569952204502511,4.740105475261214,0.07272190085782677,0.3073243809120713,0.30305464333382093,0.20807095058239203,0.7498004820303619,-17.97826608426301
560,561.0,0.39206205744066913,5.586967209692078,0.07272125625139222,0.30732422988204955,0.3030546433346785,0.20807095058268638,0.7498008471356881,-17.978266084243202
561,562.0,0.4094241205342335,2.2622973690619057,0.0727217196147734,0.3073242235029185,0.3030546433332325,0.20807095058219002,0.7498008223132577,-17.978266084276598
562,563.0,0.9879534180267584,7.091254445903189,0.07272164632020806,0.3073242954585339,0.30305464333318477,0.20807095058217354,0.7498006795712768,-17.978266084277703
563,564.0,0.007151990206543002,8.283015141931687,0.007151990206543002,8.283015141931687,2.760301712067058,0.6279560621648459,0.0,-2.5139911153413887
564,565.0,0.7620216346720055,2.18521542812582,0.0727217196147734,0.3073242235029185,0.3030546433332325,0.20807095058219002,0.7498008223132577,-17.978266084276598
565,566.0,0.7118866247368476,1.755357856445484,0.07272068100860836,0.30732368081211453,0.30305464334690546,0.20807095058688369,0.7498020294118708,-17.97826608396078
566,567.0,0.9782085006306642,6.099719451552238,0.07272118060525995,0.30732425155744886,0.3030546433352465,0.20807095058288136,0.7498008085306956,-17.97826608423008
567,568.0,0.8968928204251311,8.01994074985305,0.0727216613030923,0.3073243034826941,0.30305464333318755,0.2080709505821746,0.7498006617537073,-17.97826608427764
568,569.0,0.4090752779483635,1.0822287172530858,0.07272187713907327,0.3073243809791689,0.3030546433337292,0.20807095058236055,0.7498004838375381,-17.978266084265126
569,570.0,0.1355676975611534,6.726334366277289,0.1355676975611534,6.726334366277289,2.760301712067058,0.6279560621648459,0.0,-2.5139911153413887
570,571.0,0.530104801770117,2.7749286815899152,0.07272188408049152,0.3073240497720711,0.30305464333429016,0.20807095058255304,0.7498011679760991,-17.97826608425217
571,572.0,0.6529598491638664,5.967677615777496,0.07272164253713465,0.30732436029940785,0.30305464333328846,0.20807095058220917,0.7498005458351651,-17.978266084275305
572,573.0,0.1947007316796513,7.60317731425538,0.1947007316796513,7.60317731425538,2.7603017120670534,0.6279560621648453,1.3322676295501878e-15,-2.5139911153414003
573,574.0,0.009649664624318377,3.1670126547147563,0.009649664624318377,3.1670126547147563,2.760301712067058,0.6279560621648459,0.0,-2.5139911153413887
574,575.0,0.09853598107963202,3.243746159017223,0.09853598107963202,3.243746159017223,2.7603017118519078,0.627956062140373,6.08620931430437e-11,-2.513991115887001
575,576.0,0.4277038876628245,3.7948046496383676,0.07272170394340802,0.3073242620525863,0.30305464333318705,0.20807095058217434,0.749800743904691,-17.97826608427765
576,577.0,0.9242512167723007,3.6741594526019883,0.07272168062828262,0.30732425672786556,0.3030546433331794,0.2080709505821717,0.7498007568252218,-17.978266084277827
577,578.0,0.6221932326481217,1.77324373091374,0.07272146522900325,0.30732380419391847,0.30305464333675247,0.20807095058339836,0.7498017100215201,-17.978266084195294
578,579.0,0.17477110840238663,4.652688043812443,0.17477110840238663,4.652688043812443,2.760301710193084,0.6279560619516855,5.531415325776834e-10,-2.513991120093703
579,580.0,0.8343475954274874,7.647149405396869,0.0,0.2878599095243917,0.48797055738296324,0.26402666461200036,0.6438902690532143,-14.643872500652407
580,581.0,0.9935636217553073,3.6015690320709117,0.07272203014423897,0.3073242650852064,0.30305464333431376,0.2080709505825611,0.7498007108738942,-17.978266084251626
581,582.0,0.2252104278670728,0.7695479610016588,0.07272166638877496,0.3073242639819421,0.3030546433331752,0.20807095058217032,0.7498007429969201,-17.978266084277923
582,583.0,0.8502501462674577,7.5445537757204155,0.07272159526061703,0.30732429145574913,0.3030546433332241,0.20807095058218708,0.7498006920349023,-17.978266084276797
583,584.0,0.6480821828504912,4.353818058082908,0.07272119015268827,0.30732376266412287,0.30305464333901405,0.20807095058417469,0.7498018184399767,-17.978266084143055
584,585.0,0.1690440392942233,9.109612716428774,0.1690440392942233,9.109612716428774,2.760301712067058,0.6279560621648459,0.0,-2.5139911153413887
585,586.0,0.5020550687386205,5.496450742829337,0.07272147927430811,0.30732420927412474,0.3030546433335461,0.20807095058229766,0.7498008714445683,-17.978266084269357
586,587.0,0.742764482879953,7.866616853578309,0.07272204974875654,0.3073244133546431,0.303054643334741,0.20807095058270775,0.7498004027460143,-17.978266084241756
587,588.0,0.31063997589314074,5.731996967286692,0.3106793666060752,5.731994524796023,2.760300937911284,0.627955974106384,2.1635229996430638e-07,-2.5139930785656093
588,589.0,0.11389697387297537,5.294496881969043,0.11389697387297537,5.294496881969043,2.760301712067058,0.6279560621648459,0.0,-2.5139911153413887
589,590.0,0.7463226587468161,6.999336491643448,0.07272166095176687,0.3073241887502781,0.30305464333327836,0.2080709505822057,0.7498008989702281,-17.97826608427554
590,591.0,0.8609063955153428,3.3211475914581094,0.0,0.31293007705067266,0.48797055738296324,0.26402666461200036,0.6438902690532143,-14.643872500652407
591,592.0,0.9720537296740124,1.8183886947123318,0.0727217196147734,0.3073242235029185,0.3030546433332325,0.20807095058219002,0.7498008223132577,-17.978266084276598
592,593.0,0.30358760752234404,3.0067370964522984,0.07272162420592893,0.30732429637581044,0.3030546433331978,0.20807095058217795,0.7498006794891061,-17.9782660842774
593,594.0,0.3349374851486322,4.720165120153978,0.07272158881442514,0.3073242759281621,0.3030546433332281,0.20807095058218847,0.7498007246640875,-17.9782660842767
594,595.0,0.41440839363567505,9.064330428512168,0.41440839363567505,9.064330428512168,2.7603016987669995,0.6279560606519945,3.384139302120559e-09,-2.513991149069734
595,596.0,0.6425381239216511,3.0441920971140513,0.07272179967572899,0.3073243060115353,0.3030546433333414,0.20807095058222738,0.7498006451742024,-17.978266084274086
596,597.0,0.3732302377281449,9.220270617243107,0.3732302377281449,9.220270617243107,2.7603017111012016,0.6279560620549819,2.5561441852062217e-10,-2.5139911177907566
597,598.0,0.7145910890294834,0.5678758028895909,0.07272169017325517,0.30732425167869354,0.3030546433331849,0.20807095058217365,0.7498007664804105,-17.9782660842777
598,599.0,0.2882940788106001,5.613984947100666,0.2883137075536858,5.61398370365087,2.7603013702646737,0.6279560232856021,9.713935567035037e-08,-2.513991982136793
599,600.0,0.0750834982694416,8.446612460701402,0.0750834982694416,8.446612460701402,2.760301712067058,0.6279560621648459,0.0,-2.5139911153413887
600,601.0,0.026961949331655855,4.0890884000025665,0.026961949331655855,4.0890884000025665,2.760301712067058,0.6279560621648459,0.0,-2.5139911153413887
601,602.0,0.9974479523537282,3.4779088537637657,0.07272168587183674,0.3073242784786758,0.3030546433331772,0.208070950582171,0.7498007114293428,-17.978266084277877
602,603.0,0.7843202756799424,5.380623609567144,0.0727216688018065,0.3073242680629508,0.30305464333317433,0.20807095058217004,0.7498007343622468,-17.97826608427794
603,604.0,0.6314036297395283,3.183419399448491,0.07272166563556223,0.3073242608788651,0.3030546433331763,0.20807095058217068,0.7498007494737395,-17.978266084277898
604,605.0,0.7708548141997682,4.678947934908328,0.0727216773556364,0.3073240723596663,0.3030546433337602,0.20807095058237116,0.7498011382398947,-17.978266084264412
605,606.0,0.5456697509512245,6.156765635768827,0.07272173927414176,0.30732430928524074,0.3030546433332376,0.20807095058219166,0.7498006433616136,-17.97826608427648
606,607.0,0.44579504473296006,5.491914108442728,0.0727216687370498,0.307324271220602,0.303054643333174,0.2080709505821699,0.7498007278397072,-17.97826608427795
607,608.0,0.8078313223889453,1.8166699897883272,0.0,0.30928931534794174,0.48797055738296324,0.26402666461200036,0.6438902690532143,-14.643872500652407
608,609.0,0.9678904046375478,0.8847221933486308,0.07272172641485981,0.30732416919878996,0.30305464333335913,0.2080709505822334,0.7498009340189052,-17.978266084273674
609,610.0,0.0026796795951787855,2.9936073161466665,0.0026796795951787855,2.9936073161466665,2.760301712067058,0.6279560621648459,0.0,-2.5139911153413887
610,611.0,0.345232066567966,9.799189496813616,0.345232066567966,9.799189496813616,2.760301712038117,0.6279560621615539,7.856715278364845e-12,-2.5139911154147825
611,612.0,0.3805016912151622,9.47937134479269,0.3805016912151622,9.47937134479269,2.760301711314254,0.6279560620792161,1.978776031918983e-10,-2.513991117250466
612,613.0,0.3118659823206197,3.248925779052742,0.07272147541821503,0.30732425699272126,0.3030546433335006,0.20807095058228203,0.7498007731116615,-17.97826608427041
613,614.0,0.4302067500356467,2.189530662210571,0.0727217196147734,0.3073242235029185,0.3030546433332325,0.20807095058219002,0.7498008223132577,-17.978266084276598
614,615.0,0.7576675048620437,7.019773556936607,0.07272131761189185,0.3073241613772688,0.30305464333443344,0.20807095058260222,0.7498009837232288,-17.97826608424886
615,616.0,0.12121609984251347,3.9980317581816567,0.12121609984251347,3.9980317581816567,2.760301712033883,0.6279560621610724,9.551914814664997e-12,-2.5139911154255197
616,617.0,0.9163131824750251,7.310360652156187,0.07272178043921938,0.30732435208744097,0.30305464333337645,0.20807095058223937,0.7498005514989621,-17.978266084273276
617,618.0,0.30077751157283583,3.4677949980485803,0.07272167982376466,0.3073242582368212,0.30305464333317844,0.20807095058217132,0.7498007537717386,-17.97826608427785
618,619.0,0.9740777242804234,9.877284804010506,0.07272166455208937,0.30732427572977644,0.30305464333317395,0.2080709505821699,0.7498007188611469,-17.97826608427795
619,620.0,0.2399019441729605,6.20654358337487,0.2399019441729605,6.20654358337487,2.7603017110461012,0.6279560620487143,2.9842472937247067e-10,-2.5139911179304884
620,621.0,0.834157612728485,0.4382659368253027,0.07272170226495374,0.3073242090389464,0.3030546433332434,0.20807095058219363,0.7498008536381006,-17.97826608427635
621,622.0,0.07408040548861028,8.248649591670517,0.07408040548861028,8.248649591670517,2.760301712067058,0.6279560621648459,0.0,-2.5139911153413887
622,623.0,0.848617996792359,1.8933097184218104,0.0727217196147734,0.3073242235029185,0.3030546433332325,0.20807095058219002,0.7498008223132577,-17.978266084276598
623,624.0,0.9808895051905807,9.160906734701147,0.07272157752963915,0.30732452180101255,0.3030546433341332,0.20807095058249922,0.7498002172929281,-17.978266084255797
624,625.0,0.727721609101772,3.972185946230947,0.07272160114915083,0.30732415166966176,0.3030546433334298,0.20807095058225775,0.749800980533226,-17.978266084272043
625,626.0,0.8879384674177719,9.9026227712465,0.07272136003326822,0.3073250336837305,0.3030546433423099,0.20807095058530614,0.7497991769056667,-17.97826608406693
626,627.0,0.7928202886498135,8.801172038477931,0.07272152486452652,0.30732452881998384,0.30305464333428705,0.20807095058255198,0.7498002071026909,-17.97826608425224
627,628.0,0.16118349999423076,0.022446931458987213,0.07272197862632127,0.3073238333684707,0.3030546433367784,0.20807095058340722,0.749801607591381,-17.978266084194697
628,629.0,0.5073926638030751,0.3427070640972134,0.07272166148025651,0.3073242667550439,0.3030546433331749,0.20807095058217012,0.7498007376667225,-17.97826608427793
629,630.0,0.9284446533777763,8.801130379699147,0.0727215567121082,0.3073243336214436,0.30305464333333193,0.20807095058222408,0.7498006080274204,-17.978266084274303
630,631.0,0.5402926326279552,7.637859121457518,0.07272169005082575,0.3073241653476513,0.30305464333334675,0.2080709505822292,0.7498009449635662,-17.97826608427396
631,632.0,0.19303144082994272,1.0022395599323901,0.07272127941285392,0.3073243985488039,0.30305464333469706,0.2080709505826928,0.7498004965486593,-17.978266084242772
632,633.0,0.867644733112076,6.753071189144587,0.07272166079520344,0.30732427296981485,0.3030546433331745,0.20807095058217007,0.749800724875046,-17.97826608427794
633,634.0,0.9730611426070888,0.7628921092102113,0.0727216433666938,0.30732427103616833,0.3030546433331792,0.2080709505821717,0.7498007303022396,-17.97826608427783
634,635.0,0.08126944729942964,5.56491901925666,0.08126944729942964,5.56491901925666,2.760301712067058,0.6279560621648459,0.0,-2.5139911153413887
635,636.0,0.5409010989170376,6.600148374569281,0.0727216523099615,0.30732430122338006,0.30305464333318705,0.20807095058217442,0.7498006671621665,-17.97826608427765
636,637.0,0.06574374328337595,9.113150662324923,0.06574374328337595,9.113150662324923,2.760301712067058,0.6279560621648459,0.0,-2.5139911153413887
637,638.0,0.11420003957090696,7.010943967101177,0.11420003957090696,7.010943967101177,2.760301712067058,0.6279560621648459,0.0,-2.5139911153413887
638,639.0,0.3099158727849851,2.6939429812441364,0.07272202525992777,0.3073241127184603,0.30305464333463983,0.2080709505826731,0.7498010262639148,-17.978266084244094
639,640.0,0.9510338877680865,4.215533310780448,0.07272170555720502,0.3073242643469446,0.3030546433331872,0.2080709505821744,0.7498007390291467,-17.978266084277646
640,641.0,0.9200828952226734,5.662506585384878,0.07272168153105671,0.30732430146992445,0.3030546433331871,0.20807095058217445,0.7498006642553312,-17.97826608427765
641,642.0,0.6840790139793623,1.927185631726162,0.0727217196147734,0.3073242235029185,0.3030546433332325,0.20807095058219002,0.7498008223132577,-17.978266084276598
642,643.0,0.48168380476637185,0.42280887273657786,0.0727222947870511,0.30732406975385673,0.30305464333714915,0.20807095058353445,0.7498010929710899,-17.97826608418613
643,644.0,0.6180173433053054,5.190134198191436,0.07272168359855147,0.307324266276209,0.3030546433331767,0.20807095058217082,0.7498007368421464,-17.97826608427789
644,645.0,0.314015531765965,8.436779113473284,0.314015531765965,8.436779113473284,2.760301711900687,0.6279560621459216,4.6371906314846e-11,-2.5139911157632984
645,646.0,0.05156765659264362,9.964806758300597,0.05156765659264362,9.964806758300597,2.760301712067058,0.6279560621648459,0.0,-2.5139911153413887
646,647.0,0.6520854671082774,3.7550536532919394,0.07272166363376102,0.30732428049909033,0.30305464333317494,0.2080709505821702,0.749800709076818,-17.97826608427793
647,648.0,0.8969279829002003,6.147068464633481,0.07272164839152985,0.3073242612163649,0.30305464333317944,0.20807095058217176,0.7498007501906322,-17.978266084277827
648,649.0,0.345196941491982,5.327946230924313,0.07272167480343483,0.30732427517860367,0.3030546433331744,0.20807095058217004,0.7498007191596237,-17.97826608427794
649,650.0,0.30373780141378814,1.7606743737309798,0.0727216472734746,0.3073242819578862,0.3030546433331785,0.20807095058217137,0.7498007074031421,-17.978266084277845
650,651.0,0.20873061372530388,2.67564731209337,0.07272167342601402,0.3073242777695521,0.30305464333317456,0.20807095058217012,0.7498007139163196,-17.97826608427794
651,652.0,0.8178830273309167,3.569295944049361,0.07272214127814486,0.307324511149112,0.3030546433359749,0.20807095058313138,0.7498001930643479,-17.978266084213256
652,653.0,0.9853342570502556,8.096821692361935,0.07272174389873351,0.3073242781785467,0.3030546433332245,0.20807095058218722,0.7498007072895029,-17.978266084276786
653,654.0,0.9181494215008671,7.242854332183994,0.0727207499274083,0.30732320754007797,0.3030546433572703,0.20807095059044187,0.7498030021515054,-17.978266083721373
654,655.0,0.9886982597165371,5.743218734741834,0.07272180306445307,0.3073241798028902,0.3030546433334558,0.20807095058226663,0.7498009058088061,-17.978266084271443
655,656.0,0.4446381362153544,8.629502893481488,0.4446381362153544,8.629502893481488,2.760301574242964,0.627956046487669,3.404350834568248e-08,-2.5139914648570514
656,657.0,0.28151497416913407,4.5033313137490225,0.07272167464452721,0.30732427540826773,0.3030546433331745,0.20807095058216998,0.7498007186978722,-17.97826608427794
657,658.0,0.7296603339123917,6.630472662028802,0.07272161245875368,0.3073242216750552,0.30305464333324017,0.2080709505821926,0.7498008348825689,-17.978266084276424
658,659.0,0.30305034810095677,9.620765782314137,0.30305034810095677,9.620765782314137,2.7603017120656683,0.6279560621646878,3.9046543776066756e-13,-2.513991115344914
659,660.0,0.11319473266497992,8.15155978860183,0.11319473266497992,8.15155978860183,2.760301712067058,0.6279560621648459,0.0,-2.5139911153413887
660,661.0,0.4599761175180055,8.770279836375297,0.4599761175180055,8.770279836375297,2.7603015290536477,0.6279560413474872,4.4524522402333844e-08,-2.5139915794551166
661,662.0,0.03077023633394438,5.149396094054775,0.03077023633394438,5.149396094054775,2.760301712067058,0.6279560621648459,0.0,-2.5139911153413887
662,663.0,0.5109479308225198,6.695849651219276,0.07272196198692782,0.3073242128519337,0.30305464333397275,0.20807095058244413,0.7498008244481459,-17.978266084259502
663,664.0,0.6363356592720001,5.717415847244521,0.07272195772830856,0.30732436539041397,0.30305464333403465,0.2080709505824653,0.7498005094528022,-17.978266084258074
664,665.0,0.40396818193195616,6.940230314256106,0.40402573589358304,6.940226495088878,2.760300184708403,0.6279558884312545,3.9256133166354346e-07,-2.5139949886547646
665,666.0,0.13704783639250018,0.6212034858140617,0.0727216657858907,0.3073242628306808,0.3030546433331756,0.2080709505821705,0.7498007454263944,-17.978266084277916
666,667.0,0.42127887725149693,9.93222553864972,0.42127887725149693,9.93222553864972,2.760301709718492,0.6279560618977018,5.935902880338517e-10,-2.513991121297246
667,668.0,0.7664189647365914,3.0017088215462127,0.07272168699124018,0.30732434805541486,0.3030546433332586,0.20807095058219893,0.749800567500568,-17.978266084275997
668,669.0,0.0030309714327466653,9.063764656043071,0.0030309714327466653,9.063764656043071,2.760301712067058,0.6279560621648459,0.0,-2.5139911153413887
669,670.0,0.9262908387194841,4.123632721846815,0.07272166408206486,0.30732424684315074,0.3030546433331841,0.20807095058217343,0.7498007786173839,-17.97826608427772
670,671.0,0.7653341052991236,4.549321411837041,0.0,0.3083565238471486,0.48797055738296324,0.26402666461200036,0.6438902690532143,-14.643872500652407
671,672.0,0.5761406155018487,0.1845504096216936,0.07272158465475846,0.3073243779612322,0.3030546433333901,0.20807095058224417,0.7498005140709052,-17.97826608427296
672,673.0,0.675506546406687,4.177728711374588,0.07272164500019784,0.30732435204239417,0.3030546433332676,0.20807095058220196,0.7498005627029563,-17.97826608427579
673,674.0,0.7662391608443668,8.418594919316218,0.07272170145232995,0.30732428881817847,0.30305464333318743,0.20807095058217445,0.7498006887762005,-17.978266084277642
674,675.0,0.436756824662746,1.8028514335940207,0.07272160428794268,0.3073245281056803,0.30305464333414533,0.20807095058250327,0.7498002020641085,-17.978266084255516
675,676.0,0.7154411221596557,4.6037005374821005,0.07272167560506239,0.3073242477186678,0.3030546433331839,0.20807095058217337,0.7498007758621268,-17.97826608427772
676,677.0,0.10724831065063911,0.8110845935226566,0.0727219141926329,0.30732433930864167,0.3030546433337688,0.20807095058237404,0.7498005669437428,-17.978266084264213
677,678.0,0.3095994403095673,7.925028798185731,0.3095994403095673,7.925028798185731,2.7603017114525326,0.6279560620949449,1.7188694911851599e-10,-2.513991116899798
678,679.0,0.5815965570939494,6.7202139341567895,0.07272212570176224,0.3073244488477477,0.3030546433354656,0.20807095058295658,0.7498003231390086,-17.97826608422502
679,680.0,0.9671492325859886,6.3993966277107255,0.07272158559163144,0.30732428079224766,0.3030546433332334,0.2080709505821903,0.749800714872876,-17.97826608427658
680,681.0,0.37647541930133865,0.9730895978060374,0.07272183287393795,0.30732455242233014,0.3030546433345541,0.2080709505826436,0.7498001330415911,-17.978266084246073
681,682.0,0.00012993306760733514,2.2909744887319285,0.00012993306760733514,2.2909744887319285,2.760301712067058,0.6279560621648459,0.0,-2.5139911153413887
682,683.0,0.35598079643815284,2.4162680139839248,0.07272135982969205,0.30732441148388545,0.30305464333426174,0.2080709505825433,0.7498004632114321,-17.978266084252823
683,684.0,0.0038648952238830026,1.0485314417927105,0.07272160513268859,0.30732435526119983,0.3030546433333038,0.20807095058221445,0.7498005593191579,-17.978266084274956
684,685.0,0.49405219424136426,6.340464134343874,0.07272166536149051,0.30732428485954744,0.30305464333317583,0.20807095058217054,0.7498006999206547,-17.97826608427791
685,686.0,0.06702208827554501,5.8791007354330445,0.06702208827554501,5.8791007354330445,2.760301712067058,0.6279560621648459,0.0,-2.5139911153413887
686,687.0,0.15159330419006756,5.387373097979279,0.15159330419006756,5.387373097979279,2.7603017120665028,0.6279560621647827,1.6253665080512292e-13,-2.5139911153427974
687,688.0,0.9874565498357442,7.419878254022454,0.07272099881008245,0.30732418273714346,0.3030546433371997,0.20807095058355182,0.749800965714851,-17.978266084184963
688,689.0,0.4985245021179777,2.4597248045582614,0.0727217196147734,0.3073242235029185,0.3030546433332325,0.20807095058219002,0.7498008223132577,-17.978266084276598
689,690.0,0.2345782215685046,4.674090059352904,0.23460757586529116,4.6740882829960535,2.76030128837711,0.6279560139710777,1.2411504157761044e-07,-2.5139921897999713
690,691.0,0.2037579160290084,0.567209971793231,0.07272192062924328,0.30732430849732195,0.30305464333374943,0.20807095058236738,0.749800630112338,-17.97826608426466
691,692.0,0.1384212133911118,0.16082428441843785,0.07272163200734447,0.3073234715533726,0.30305464334251864,0.20807095058537778,0.7498023840068396,-17.978266084062106
692,693.0,0.9539828873957714,0.5045261361596327,0.07272166384505852,0.30732430690567647,0.30305464333319054,0.20807095058217562,0.7498006544687998,-17.97826608427757
693,694.0,0.9332276065207098,5.111065315113475,0.07272168074336958,0.3073242567040965,0.3030546433331793,0.20807095058217162,0.749800756864919,-17.97826608427783
694,695.0,0.31521623220202377,3.195521779605015,0.07272164392206334,0.3073243540914874,0.30305464333327276,0.20807095058220382,0.7498005585552796,-17.97826608427567
695,696.0,0.963014534208397,6.943753276730589,0.07272138552935158,0.3073242985103557,0.30305464333387333,0.20807095058241,0.7498006946552391,-17.9782660842618
696,697.0,0.2817077198472301,5.380032881931997,0.28173822877596283,5.380031016757304,2.760301179890857,0.6279560016310125,1.5193237556943018e-07,-2.513992464916238
697,698.0,0.5862420145309373,9.43959726881368,0.5863051196073399,9.439593005557619,2.760299213811315,0.6279557779938824,5.367436152203808e-07,-2.513997450807559
698,699.0,0.6471299827336525,7.641246360526505,0.07272166775743077,0.3073242731917576,0.30305464333317367,0.20807095058216976,0.7498007238450757,-17.97826608427796
699,700.0,0.4923947947708398,5.682317835164163,0.07272168306953462,0.30732425451345086,0.303054643333181,0.20807095058217223,0.7498007612028396,-17.97826608427779
700,701.0,0.16416976641277636,5.541832310132236,0.16416976641277636,5.541832310132236,2.7603017120649764,0.627956062164609,6.130651541980114e-13,-2.513991115346668
701,702.0,0.37073301676145975,3.118556410997545,0.072722105419181,0.3073243915924838,0.3030546433350552,0.2080709505828157,0.7498004431678094,-17.978266084234498
702,703.0,0.6943801185365209,0.6658782432074914,0.0727218496556814,0.3073242204376071,0.3030546433334985,0.20807095058228134,0.7498008179819355,-17.978266084270455
703,704.0,0.7480369953324132,7.307704342390735,0.07272167275079358,0.3073242681361325,0.30305464333317456,0.20807095058217012,0.7498007338870019,-17.97826608427794
704,705.0,0.9175074745152757,2.7161637356863078,0.07272167065788468,0.30732426438469607,0.30305464333317517,0.20807095058217037,0.7498007418140853,-17.978266084277923
705,706.0,0.703627430970737,6.78110391048305,0.07272172554934957,0.307324301957088,0.30305464333321513,0.208070950582184,0.7498006596371356,-17.978266084277
706,707.0,0.5470968802813425,4.314631849744618,0.07272186739831589,0.30732428017992325,0.3030546433335206,0.20807095058228883,0.7498006930203427,-17.978266084269947
707,708.0,0.5381187419912371,1.333684086485951,0.07272149587753443,0.3073242590504486,0.3030546433334346,0.20807095058225936,0.7498007671794031,-17.97826608427193
708,709.0,0.07749354852650969,0.39400056309161247,0.07272168807956816,0.3073242725560618,0.30305464333317755,0.20807095058217112,0.7498007234921258,-17.97826608427787
709,710.0,0.7020741887129772,6.071002261634826,0.07272027082162387,0.3073239782091925,0.30305464335151644,0.20807095058846667,0.7498014482403909,-17.978266083854272
710,711.0,0.42371510747613406,9.14902505550746,0.42371510747613406,9.14902505550746,2.7603016951689554,0.6279560602427253,4.26075685844296e-09,-2.5139911581942123
711,712.0,0.19131869516048972,9.264321884080738,0.19131869516048972,9.264321884080738,2.760301712067058,0.6279560621648459,0.0,-2.5139911153413887
712,713.0,0.8455500775448577,3.264184611512545,0.07272176460938821,0.30732420476433203,0.3030546433333213,0.20807095058222044,0.7498008573605286,-17.978266084274548
713,714.0,0.9714291202550452,6.274051259370818,0.07272189501983288,0.3073243764452486,0.30305464333378324,0.20807095058237904,0.7498004917436425,-17.97826608426388
714,715.0,0.6472438165970243,5.343238532996274,0.07272186958590088,0.30732433140100546,0.30305464333357957,0.20807095058230915,0.749800586950854,-17.978266084268583
715,716.0,0.07913182244906225,3.7779774845372995,0.07913182244906225,3.7779774845372995,2.760301712067057,0.6279560621648457,2.220446049250313e-16,-2.5139911153413914
716,717.0,0.8492739763673681,7.985153234354564,0.07272181771329417,0.30732422660386893,0.3030546433333985,0.20807095058224695,0.7498008078548749,-17.978266084272768
717,718.0,0.9309851618531496,3.6738272103434593,0.07272167992943575,0.30732425777857303,0.30305464333317855,0.20807095058217145,0.7498007547104117,-17.978266084277845
718,719.0,0.8675783983700964,8.539980192512504,0.07272166426152987,0.30732427024724296,0.30305464333317417,0.20807095058217004,0.7498007302190935,-17.978266084277948
719,720.0,0.6979853689722862,1.259730246862708,0.07272169192571427,0.3073242809911248,0.3030546433331798,0.20807095058217187,0.7498007057386922,-17.97826608427782
720,721.0,0.7659129898567842,9.363432371290383,0.07272175883095458,0.3073244835169066,0.3030546433338923,0.20807095058241656,0.749800281565377,-17.97826608426136
721,722.0,0.7273555441886584,5.826102542075047,0.07272167520099987,0.3073240656945474,0.3030546433337994,0.2080709505823846,0.7498011521955015,-17.978266084263506
722,723.0,0.9264050756160296,8.473719606980119,0.0727216446406024,0.3073242615802608,0.3030546433331806,0.20807095058217218,0.7498007497460513,-17.9782660842778
723,724.0,0.5280288415767792,5.361870097306812,0.07272166863672082,0.3073242688841833,0.30305464333317444,0.20807095058217004,0.7498007326780451,-17.97826608427794
724,725.0,0.17378388050933857,5.687354283288038,0.17378388050933857,5.687354283288038,2.760301712062752,0.6279560621643561,1.2707612739859542e-12,-2.513991115352309
725,726.0,0.047596542139843545,2.4893845947758337,0.047596542139843545,2.4893845947758337,2.7603017120670224,0.6279560621648418,9.658940314238862e-15,-2.5139911153414793
726,727.0,0.9319139530233084,3.112578353379499,0.07272167645377894,0.3073244491302259,0.30305464333362314,0.20807095058232408,0.7498003594114503,-17.978266084267577
727,728.0,0.43275391389143814,3.025374325714581,0.07272174347147452,0.3073243177973545,0.3030546433332531,0.20807095058219707,0.7498006254200698,-17.978266084276125
728,729.0,0.20609594561904765,8.5712399267288,0.20609594561904765,8.5712399267288,2.7603017120670574,0.6279560621648459,0.0,-2.5139911153413896
729,730.0,0.42387081284429085,7.973638408521903,0.4238816930299379,7.9736377423880835,2.7603014395006027,0.6279560311610318,6.871481494918896e-08,-2.5139918065575975
730,731.0,0.03900008649913189,0.6598008927900905,0.07272165136568537,0.3073242812672907,0.30305464333317705,0.20807095058217084,0.7498007084951164,-17.97826608427788
731,732.0,0.6576390812150017,4.5699304703635715,0.07272177706316398,0.3073243291236893,0.3030546433333244,0.2080709505822215,0.7498005992492163,-17.97826608427448
732,733.0,0.629057994087636,4.330822687290564,0.07272165652590327,0.3073242507912454,0.30305464333318244,0.20807095058217276,0.7498007710753091,-17.978266084277756
733,734.0,0.5009018624205533,5.617032050848565,0.0727216552371135,0.3073242799898525,0.30305464333317594,0.20807095058217054,0.7498007108183893,-17.97826608427791
734,735.0,0.8803870359515387,1.6379959420164416,0.072721628277344,0.307324264970698,0.30305464333318866,0.20807095058217487,0.7498007440793064,-17.978266084277614
735,736.0,0.20698459491750132,0.30915617360513653,0.07272163248973837,0.307324124576523,0.3030546433335074,0.20807095058228436,0.7498010339721299,-17.978266084270253
736,737.0,0.15349457331785488,3.717286407967614,0.15349457331785488,3.717286407967614,2.7603016695749916,0.6279560573314701,1.2464031695635924e-08,-2.513991223099344
737,738.0,0.8578327525676672,2.097552469344282,0.0727217196147734,0.3073242235029185,0.3030546433332325,0.20807095058219002,0.7498008223132577,-17.978266084276598
738,739.0,0.3675741163723133,1.1950729689444333,0.07272224462407456,0.3073240415967896,0.30305464333680066,0.20807095058341488,0.7498011552962183,-17.978266084194182
739,740.0,0.360344210255617,7.942499397068284,0.360344210255617,7.942499397068284,2.7603016971326926,0.6279560604660959,3.99962640784679e-09,-2.5139911532142634
740,741.0,0.6559111790477173,1.8124394283294172,0.07272195352185573,0.30732426492081205,0.3030546433338828,0.20807095058241318,0.7498007175000527,-17.978266084261577
741,742.0,0.7323316342431594,7.5525875453718125,0.07272137627628203,0.30732424864293123,0.30305464333392357,0.20807095058242722,0.7498007985058329,-17.978266084260635
742,743.0,0.11846152898318596,7.0938002534512155,0.11846152898318596,7.0938002534512155,2.760301712067058,0.6279560621648459,0.0,-2.5139911153413887
743,744.0,0.5301390287590332,9.981616804283682,0.5301390287590332,9.981616804283682,2.7603015252775402,0.6279560409179633,4.23915170744138e-08,-2.5139915890311535
744,745.0,0.40521827421970136,8.54760334343102,0.40521827421970136,8.54760334343102,2.7603016818176886,0.6279560587240489,7.765735166032073e-09,-2.5139911920524183
745,746.0,0.08737116151537072,0.05825914059515716,0.0727215615400978,0.30732442690939427,0.3030546433336091,0.20807095058231928,0.7498004147757359,-17.9782660842679
746,747.0,0.8305051239033218,8.584519568510888,0.07272173463618346,0.30732430952537915,0.3030546433332323,0.20807095058218986,0.7498006432456543,-17.978266084276605
747,748.0,0.854507851466324,6.5416833832581105,0.07272162913158535,0.3073240630056239,0.3030546433338313,0.20807095058239558,0.7498011615336347,-17.97826608426277
748,749.0,0.5973105279465455,4.125091753645458,0.0727214874710131,0.30732350257320074,0.3030546433421166,0.20807095058523975,0.7498023317366156,-17.978266084071393
749,750.0,0.9060665489298434,6.25870531508002,0.07272158318477454,0.30732421563496076,0.303054643333286,0.20807095058220829,0.7498008497707699,-17.97826608427536
750,751.0,0.8800117463595055,3.7396754154784837,0.07272213499040432,0.3073245065362467,0.3030546433358909,0.2080709505831025,0.7498002031164899,-17.9782660842152
751,752.0,0.6249476602349864,2.358940254228098,0.0727217196147734,0.3073242235029185,0.3030546433332325,0.20807095058219002,0.7498008223132577,-17.978266084276598
752,753.0,0.11776034688090553,6.460400380538155,0.11776034688090553,6.460400380538155,2.760301712067058,0.6279560621648459,0.0,-2.5139911153413887
753,754.0,0.45806851366342105,2.46281640720906,0.07272166879907227,0.3073242677749123,0.30305464333317433,0.20807095058216998,0.749800734957937,-17.97826608427794
754,755.0,0.4295503013706614,1.7031624438556177,0.07272146976179228,0.3073242540179161,0.3030546433335216,0.20807095058228914,0.7498007797255123,-17.978266084269922
755,756.0,0.7784318486872391,1.4797953783538995,0.07272166231037659,0.3073242477018838,0.3030546433331837,0.2080709505821732,0.7498007769874554,-17.978266084277728
756,757.0,0.7689987743710136,9.953200350686057,0.07272132260913135,0.3073239628595875,0.3030546433356406,0.20807095058301667,0.7498013937104707,-17.978266084220976
757,758.0,0.29526126457676305,5.429042073440021,0.29531118020397645,5.429038787179849,2.760300764081164,0.627955954333601,2.6805989061795543e-07,-2.5139935193910503
758,759.0,0.7813166407839077,9.150886174707628,0.07272165885938288,0.3073242851891032,0.3030546433331766,0.20807095058217073,0.7498006997727593,-17.97826608427789
759,760.0,0.1268920701811801,2.7260232809223934,0.07272188690313731,0.3073242667405934,0.30305464333359083,0.20807095058231298,0.7498007192034608,-17.978266084268324
760,761.0,0.26937008440304056,1.039624295324492,0.07272166190831707,0.30732428741183726,0.30305464333317705,0.20807095058217093,0.7498006949275535,-17.97826608427788
761,762.0,0.3268780400379401,5.010806023608297,0.07272170903309222,0.3073242878420259,0.3030546433331918,0.208070950582176,0.749800690172319,-17.978266084277543
762,763.0,0.6753601909571888,4.120064398726631,0.07272160640082612,0.3073243341118979,0.30305464333325915,0.20807095058219915,0.7498006029373887,-17.978266084275983
763,764.0,0.8704901682228249,8.353166372555696,0.0727217126627881,0.307324286502607,0.30305464333319393,0.20807095058217676,0.7498006926435514,-17.978266084277493
764,765.0,0.813493840697489,4.407264757801734,0.07272237712067409,0.3073256878778751,0.30305464336687177,0.20807095059373798,0.7497977410239036,-17.978266083499594
765,766.0,0.2968410415664925,8.720774601604905,0.2968410415664925,8.720774601604905,2.7603017120513633,0.6279560621630605,4.4326764481184e-12,-2.5139911153811907
766,767.0,0.6340387139345365,8.689082939439444,0.0,0.29465808080000916,0.48797055738296324,0.26402666461200036,0.6438902690532143,-14.643872500652407
767,768.0,0.4943581392055444,9.349058297235812,0.4943581392055444,9.349058297235812,2.7603015215510904,0.6279560404940884,4.479495041564974e-08,-2.5139915984812617
768,769.0,0.6037246165822371,3.6043540008128994,0.07272170855618547,0.30732424534226904,0.3030546433331992,0.20807095058217862,0.7498007780717189,-17.978266084277372
769,770.0,0.4676458175773165,6.181478987263244,0.07272166583819367,0.3073241531058927,0.30305464333338383,0.20807095058224193,0.7498009722573666,-17.978266084273105
770,771.0,0.6542483410656441,5.597802856159927,0.0727222163127955,0.3073235711619419,0.30305464334281973,0.2080709505854811,0.7498021301490378,-17.978266084055154
771,772.0,0.6390696256414294,2.4903449377484406,0.07272173158986822,0.30732433599368225,0.30305464333326737,0.2080709505822019,0.7498005887772737,-17.978266084275795
772,773.0,0.5132713135596485,2.1662195135374294,0.0727240267536453,0.3073251354779306,0.30305464339290306,0.2080709506026742,0.7497987476375914,-17.978266082898323
773,774.0,0.35759271243777935,9.640525953210968,0.35759271243777935,9.640525953210968,2.7603017119559734,0.6279560621522101,2.9824587244320355e-11,-2.513991115623094
774,775.0,0.3546573206426663,6.776486505024591,0.3546711762260209,6.776485705664009,2.7603014208751073,0.627956029042424,7.838733051546143e-08,-2.5139918537910138
775,776.0,0.28056230547460326,9.257174026854258,0.28056230547460326,9.257174026854258,2.7603017120665623,0.6279560621647895,1.4144241333724494e-13,-2.5139911153426455
776,777.0,0.7001440340246273,9.88082972968253,0.07272155659426707,0.30732420331109916,0.3030546433333549,0.20807095058223204,0.7498008774293203,-17.978266084273773
777,778.0,0.8312605331621904,8.22140268753163,0.07272174168398438,0.30732416918211525,0.3030546433333761,0.20807095058223926,0.7498009328007482,-17.978266084273283
778,779.0,0.10600900335487795,2.1295407783636544,0.0727217196147734,0.3073242235029185,0.3030546433332325,0.20807095058219002,0.7498008223132577,-17.978266084276598
779,780.0,0.7193560431257529,5.606663027325657,0.07272146351045579,0.30732420415312095,0.30305464333361043,0.2080709505823198,0.7498008833243932,-17.978266084267872
780,781.0,0.7515294626566775,1.7538676868850602,0.07272166408706203,0.30732426873425933,0.3030546433331744,0.20807095058216998,0.7498007333612164,-17.97826608427794
781,782.0,0.5523240766189254,6.5791627617571455,0.07272180352871459,0.30732429481359713,0.3030546433333413,0.20807095058222735,0.7498006680077557,-17.97826608427409
782,783.0,0.8102150447481946,3.6934452651305434,0.0727216884710217,0.30732425377332656,0.3030546433331831,0.20807095058217304,0.749800762289794,-17.97826608427774
783,784.0,0.6352394121628091,7.708769213934936,0.07272048771017138,0.3073244932503655,0.3030546433458925,0.20807095058653602,0.7498003657028666,-17.978266083984177
784,785.0,0.12149490839722699,8.50734630103316,0.12149490839722699,8.50734630103316,2.760301712067058,0.6279560621648459,0.0,-2.5139911153413887
785,786.0,0.43215765096228975,8.279945255741703,0.43215765096228975,8.279945255741703,2.7603015263174036,0.6279560410362455,4.6449326163156e-08,-2.5139915863941074
786,787.0,0.20340376437675656,2.4929693059190807,0.07272197619358672,0.3073242649939172,0.30305464333399984,0.20807095058245334,0.7498007154888866,-17.978266084258873
787,788.0,0.8305048708680273,9.920533145708145,0.07272187994946755,0.3073242478469459,0.30305464333357224,0.2080709505823066,0.7498007588330039,-17.978266084268753
788,789.0,0.3388447980766982,7.894180725607088,0.3388447980766982,7.894180725607088,2.760301707171942,0.6279560616080374,1.3363431472512843e-09,-2.5139911277551814
789,790.0,0.29526856883185515,6.110701889235811,0.29526856883185515,6.110701889235811,2.7603016180508577,0.6279560514707171,2.6585591950123444e-08,-2.513991353762215
790,791.0,0.6585070344797509,9.451285992296938,0.07272167063317587,0.30732424315527557,0.30305464333318727,0.20807095058217442,0.749800785703952,-17.978266084277642
791,792.0,0.3887834301130355,0.41402355286930614,0.07272166013843466,0.30732427207264673,0.30305464333317433,0.20807095058217004,0.7498007267836511,-17.97826608427794
792,793.0,0.8415046622131245,9.337621409751836,0.07272168120894561,0.30732439174511395,0.3030546433333793,0.20807095058224034,0.7498004776545444,-17.97826608427321
793,794.0,0.07743979277210411,4.030490670155484,0.07743979277210411,4.030490670155484,2.760301712067058,0.6279560621648459,0.0,-2.5139911153413887
794,795.0,0.8538186352900891,2.7231187044717373,0.07272174168457768,0.30732428950352075,0.3030546433332254,0.20807095058218755,0.7498006840588807,-17.978266084276765
795,796.0,0.9018886397232142,7.897911579250979,0.07272184114584965,0.30732443603869586,0.3030546433338271,0.20807095058239408,0.749800372964965,-17.978266084262867
796,797.0,0.03399520364470987,1.8217357208160416,0.03399520364470987,1.8217357208160416,2.760301712024027,0.6279560621599513,1.1626588580782027e-11,-2.513991115450514
797,798.0,0.46098479458754926,6.402675989426673,0.07272167667167057,0.30732427310842036,0.30305464333317444,0.20807095058217004,0.749800723286079,-17.97826608427794
798,799.0,0.572373028382637,9.984934163046528,0.5723919021739609,9.984932964005761,2.760301040215716,0.6279559857432816,1.4630142319838058e-07,-2.5139928191261403
799,800.0,0.8044608026886375,5.339658474327881,0.07272165287534955,0.3073242594984212,0.30305464333317866,0.20807095058217148,0.7498007533743302,-17.97826608427784
800,801.0,0.5857461891387559,2.9651908898366344,0.07272160750901716,0.3073241192590015,0.303054643333553,0.20807095058229996,0.7498010470143601,-17.978266084269197
801,802.0,0.7910929946390722,4.80865340817352,0.07272177312703829,0.3073243057839506,0.30305464333328647,0.2080709505822085,0.7498006478226862,-17.978266084275354
802,803.0,0.4114264996744649,3.634360578820926,0.07272183556503413,0.30732365057001315,0.30305464333901166,0.20807095058417388,0.7498019972273559,-17.97826608414311
803,804.0,0.4301895987820531,6.234315905631522,0.07272151928836978,0.30732422079113014,0.30305464333340804,0.2080709505822502,0.7498008443529334,-17.978266084272548
804,805.0,0.5138495013153223,1.3936597786551572,0.07272132424800272,0.30732401413129473,0.3030546433352017,0.20807095058286598,0.749801287581735,-17.978266084231116
805,806.0,0.5420446526265054,2.1421752607834215,0.07272152694295843,0.3073239803243115,0.30305464333460475,0.20807095058266106,0.749801340844106,-17.978266084244904
806,807.0,0.8095612950842138,9.388401144934054,0.07272040637987823,0.30732407609372586,0.303054643347637,0.20807095058713482,0.7498012347665532,-17.978266083943883
807,808.0,0.4856602162754049,6.724786453801566,0.07272164800882591,0.3073242828721832,0.30305464333317855,0.20807095058217154,0.7498007054526794,-17.978266084277845
808,809.0,0.64582841741074,1.6334721623481212,0.07272166140857672,0.30732426942076446,0.30305464333317444,0.20807095058217004,0.7498007321617249,-17.97826608427794
809,810.0,0.697634981547461,5.246565327450547,0.07272181501365624,0.30732415493322446,0.3030546433335599,0.20807095058230232,0.7498009562418141,-17.978266084269038
810,811.0,0.8098240003837234,4.228284528177037,0.07272167400011534,0.3073242697071703,0.30305464333317433,0.20807095058216998,0.7498007305366878,-17.97826608427794
811,812.0,0.9963297732440163,7.632650600049941,0.0,0.290220807712144,0.48797055738296324,0.26402666461200036,0.6438902690532143,-14.643872500652407
812,813.0,0.3629013773670172,5.061373231571609,0.07272221746636462,0.30732444745228193,0.3030546433362661,0.2080709505832314,0.7498003184949018,-17.97826608420653
813,814.0,0.9043786765100646,3.9850502652129647,0.07272174580602098,0.307324466439447,0.30305464333377186,0.2080709505823751,0.7498003179384345,-17.978266084264142
814,815.0,0.5582510592750421,2.2712457499721155,0.0727217196147734,0.3073242235029185,0.3030546433332325,0.20807095058219002,0.7498008223132577,-17.978266084276598
815,816.0,0.37998764444750255,9.330011576742292,0.37998764444750255,9.330011576742292,2.7603017109857073,0.6279560620418447,2.8437530108504916e-10,-2.513991118083645
816,817.0,0.10603727032570898,7.4219111585916195,0.10603727032570898,7.4219111585916195,2.760301712067058,0.6279560621648459,0.0,-2.5139911153413887
817,818.0,0.5365386326765632,5.990326472179487,0.07272166962399748,0.30732427404041496,0.3030546433331739,0.2080709505821698,0.7498007219375116,-17.978266084277955
818,819.0,0.9862698940705065,3.0719305530334164,0.07272169832048353,0.3073242753106807,0.3030546433331821,0.2080709505821726,0.7498007169573478,-17.978266084277767
819,820.0,0.5717458727582124,9.73889019291675,0.5717738059693717,9.738888416560059,2.760300696805429,0.6279559466811379,2.2121462106561296e-07,-2.5139936899993254
820,821.0,0.2223978154126327,0.3902048283431341,0.07272166014508288,0.3073242877389173,0.3030546433331775,0.20807095058217104,0.7498006943960233,-17.97826608427787
821,822.0,0.1979654544915841,5.8582362810702575,0.1979654544915841,5.8582362810702575,2.7603017120140385,0.627956062158815,1.5668133457324984e-11,-2.513991115475844
822,823.0,0.18222616902403466,9.397566216470516,0.18222616902403466,9.397566216470516,2.760301712067058,0.6279560621648459,0.0,-2.5139911153413887
823,824.0,0.6080487517827857,3.6096755908986085,0.07272166082129194,0.30732424069076797,0.3030546433331897,0.20807095058217523,0.7498007916037761,-17.97826608427759
824,825.0,0.3810788029980118,3.0024710833908506,0.07272200128613933,0.30732445308340284,0.3030546433346262,0.20807095058266845,0.7498003245901327,-17.97826608424441
825,826.0,0.34755494694573696,0.21486044887608885,0.07272164600199153,0.30732426595287393,0.3030546433331789,0.20807095058217145,0.749800740594813,-17.97826608427784
826,827.0,0.2961227261404622,9.784164538739402,0.2961227261404622,9.784164538739402,2.760301712066652,0.6279560621647997,1.1468603844377867e-13,-2.513991115342419
827,828.0,0.897383367933916,4.57068422803249,0.07272166375360974,0.30732422314335767,0.30305464333321064,0.2080709505821825,0.7498008276391884,-17.978266084277106
828,829.0,0.08583047158694368,7.378222356426616,0.08583047158694368,7.378222356426616,2.760301712067058,0.6279560621648459,0.0,-2.5139911153413887
829,830.0,0.3690049716855649,4.381151873884131,0.07272170686656025,0.3073242312329212,0.30305464333321247,0.20807095058218314,0.749800807378749,-17.978266084277063
830,831.0,0.8278106287911835,9.373217105086987,0.07272177804813812,0.30732429199555,0.30305464333328486,0.20807095058220798,0.7498006759239138,-17.97826608427539
831,832.0,0.2951139948721607,4.25980754049475,0.07272248146963306,0.3073236913145962,0.30305464334369103,0.2080709505857803,0.7498018600013682,-17.978266084035027
832,833.0,0.983427144325179,1.9069679960799781,0.0727217196147734,0.3073242235029185,0.3030546433332325,0.20807095058219002,0.7498008223132577,-17.978266084276598
833,834.0,0.5712552267835042,5.17333912414779,0.09370034266457564,0.2897167906626009,0.31061717786090737,0.21065109197808185,0.7750991359391962,-17.80572949408241
834,835.0,0.5291071808528337,1.6926291302465755,0.07272166218902423,0.3073242690254534,0.3030546433331745,0.20807095058216998,0.7498007329149328,-17.97826608427794
835,836.0,0.3342289833467019,5.570145998897358,0.07272134630795582,0.3073233869337864,0.30305464334555654,0.2080709505864207,0.749802582376689,-17.978266083991937
836,837.0,0.21834462782650055,1.2613780550452636,0.07272163492023469,0.30732425164777344,0.30305464333319043,0.20807095058217548,0.7498007710770087,-17.97826608427757
837,838.0,0.820265373801099,5.269043673789972,0.07272166650967195,0.30732426741729857,0.30305464333317444,0.20807095058216998,0.7498007358850473,-17.97826608427794
838,839.0,0.4877996641770973,4.555380758137211,0.0,0.3231987272173815,0.48797055738296324,0.26402666461200036,0.6438902690532143,-14.643872500652407
839,840.0,0.42468243188955346,9.862302187199884,0.42468243188955346,9.862302187199884,2.7603017087711965,0.6279560617899491,8.302452059183452e-10,-2.513991123699544
840,841.0,0.9781616269302219,7.955643969849433,0.072721677206564,0.3073242205912278,0.303054643333215,0.20807095058218394,0.7498008318116204,-17.978266084277003
841,842.0,0.7952310373048037,6.758491031421221,0.0727216919637551,0.30732422656904484,0.3030546433332103,0.20807095058218228,0.7498008182429983,-17.978266084277113
842,843.0,0.9197685161179043,3.0300186329360033,0.0727216191473129,0.3073239881391322,0.3030546433343788,0.20807095058258357,0.749801317124666,-17.978266084250123
843,844.0,0.08295419837638396,6.718574632898326,0.08295419837638396,6.718574632898326,2.760301712067058,0.6279560621648459,0.0,-2.5139911153413887
844,845.0,0.3654312912547536,5.068340041393317,0.07272165283912611,0.30732432605276266,0.30305464333321575,0.20807095058218422,0.7498006157886332,-17.97826608427699
845,846.0,0.3703413443370923,9.962304721177361,0.3703413443370923,9.962304721177361,2.760301711957859,0.6279560621524247,2.8977154009623973e-11,-2.513991115618313
846,847.0,0.7772494935105763,5.765635515314408,0.0727216628289241,0.30732428013701835,0.3030546433331748,0.20807095058217012,0.749800709891359,-17.978266084277934
847,848.0,0.30889004155082467,6.188726252111887,0.30889004155082467,6.188726252111887,2.760301551060099,0.6279560438506708,4.50598721668527e-08,-2.513991523647749
848,849.0,0.2988431047283865,5.263832064177219,0.0727216702879206,0.30732427143781094,0.3030546433331741,0.2080709505821699,0.7498007272634426,-17.978266084277948
849,850.0,0.3721271215850759,0.17981545636593185,0.07272091205376309,0.3073245144350814,0.30305464333892274,0.20807095058414338,0.7498002871060897,-17.97826608414517
850,851.0,0.7973178315823546,7.293781336413338,0.0727217054360328,0.30732426478260005,0.3030546433331873,0.20807095058217442,0.7498007381384509,-17.978266084277642
851,852.0,0.4942978612279588,4.8464811346278935,0.07272168094117035,0.3073242701354809,0.3030546433331756,0.20807095058217048,0.7498007290818245,-17.978266084277916
852,853.0,0.08649230854005618,5.3999017139751775,0.08649230854005618,5.3999017139751775,2.760301712067058,0.6279560621648459,0.0,-2.5139911153413887
853,854.0,0.6893405235317788,2.9980614549524165,0.07272166361805257,0.30732426701344817,0.3030546433331746,0.20807095058217012,0.749800736957146,-17.978266084277937
854,855.0,0.7577995479053389,7.959769106950174,0.07272144189297221,0.3073243537233595,0.3030546433337057,0.20807095058235234,0.7498005758891533,-17.97826608426567
855,856.0,0.30000717816051914,9.502511138677255,0.30000717816051914,9.502511138677255,2.760301712065523,0.6279560621646711,4.32542890393961e-13,-2.5139911153452816
856,857.0,0.9748316915751368,0.9647049378262003,0.07272162985028507,0.30732415811820124,0.30305464333338056,0.20807095058224082,0.74980096484763,-17.97826608427318
857,858.0,0.25104457007596437,8.808012213810471,0.25104457007596437,8.808012213810471,2.760301712066971,0.6279560621648359,2.531308496145357e-14,-2.51399111534161
858,859.0,0.2791744105987136,0.08033623234469225,0.07272170163460173,0.30732428335818907,0.3030546433331853,0.20807095058217379,0.7498007000487545,-17.978266084277692
859,860.0,0.5133762314075766,6.719696419978219,0.07272167177248501,0.30732422204003296,0.3030546433332122,0.20807095058218306,0.749800829262275,-17.97826608427707
860,861.0,0.3861968603969608,1.9034150392585116,0.07272166287831507,0.3073242681026197,0.30305464333317467,0.20807095058217007,0.7498007347661722,-17.978266084277937
861,862.0,0.4326908570215775,8.100843455907986,0.4327020480696716,8.100842789774227,2.7603014248685054,0.6279560294966638,7.177962291216033e-08,-2.513991843663936
862,863.0,0.9717883687268811,7.794267491901485,0.07272217940146197,0.307324438544489,0.30305464333586807,0.20807095058309474,0.7498003400332478,-17.978266084215722
863,864.0,0.1769182233567349,8.389597380459694,0.1769182233567349,8.389597380459694,2.760301712067058,0.6279560621648459,0.0,-2.5139911153413887
864,865.0,0.5455342633290509,2.9339563076888195,0.07272161224644445,0.3073242735139513,0.303054643333201,0.20807095058217914,0.7498007277328077,-17.978266084277326
865,866.0,0.12772068648366508,8.736387476739289,0.12772068648366508,8.736387476739289,2.760301712067058,0.6279560621648459,0.0,-2.5139911153413887
866,867.0,0.8402523610392445,2.601530408284804,0.0727217196147734,0.3073242235029185,0.3030546433332325,0.20807095058219002,0.7498008223132577,-17.978266084276598
867,868.0,0.15866849135353667,7.227592208562366,0.15866849135353667,7.227592208562366,2.760301712067058,0.6279560621648459,0.0,-2.5139911153413887
868,869.0,0.16936494771618027,4.2471648994690705,0.16936494771618027,4.2471648994690705,2.760301701720903,0.6279560609879942,3.0504782033702327e-09,-2.51399114157877
869,870.0,0.4779846418882152,4.680931996364643,0.07272132335827104,0.30732369410577154,0.30305464333913285,0.2080709505842155,0.7498019492442746,-17.978266084140316
870,871.0,0.16731785131769927,8.636034723988361,0.16731785131769927,8.636034723988361,2.760301712067058,0.6279560621648459,0.0,-2.5139911153413887
871,872.0,0.42971978464981797,7.869188019727743,0.42973661563088017,7.869186998322554,2.76030127400248,0.6279560123359962,1.0980514231206939e-07,-2.5139922262533876
872,873.0,0.7112715816837077,9.492895151519454,0.0727216892613538,0.30732411220004713,0.30305464333355336,0.20807095058230016,0.7498010549008626,-17.978266084269187
873,874.0,0.09308142303041722,8.542897529819149,0.09308142303041722,8.542897529819149,2.760301712067058,0.6279560621648459,0.0,-2.5139911153413887
874,875.0,0.5551952237493484,9.734590703528747,0.5552138310871476,9.73458950448798,2.7603010720617127,0.6279559893656917,1.4171755013947518e-07,-2.5139927383661185
875,876.0,0.1624988881574484,6.055801968709618,0.1624988881574484,6.055801968709618,2.760301712066992,0.6279560621648383,1.942890293094024e-14,-2.5139911153415566
876,877.0,0.5745940472173015,5.814465250500318,0.07272165791704889,0.3073242560301463,0.3030546433331792,0.2080709505821717,0.7498007601307428,-17.97826608427783
877,878.0,0.9716248480499411,0.6478659994041671,0.07272155871437014,0.30732425202854824,0.3030546433332847,0.20807095058220793,0.7498007765412515,-17.978266084275393
878,879.0,0.9431232916804193,9.471670906338115,0.07272124080867148,0.3073241946503217,0.30305464333485843,0.20807095058274816,0.7498009212373451,-17.978266084239046
879,880.0,0.13422126336730988,4.192620602031561,0.13422126336730988,4.192620602031561,2.7603017119770223,0.6279560621546044,2.61494159659037e-11,-2.5139911155697154
880,881.0,0.8591771657028232,0.8499914319378575,0.07272203247203159,0.307323868491404,0.30305464333666066,0.20807095058336683,0.7498015305639963,-17.978266084197415
881,882.0,0.9423822315221724,6.577574860226071,0.0727214210719776,0.3073241510012879,0.3030546433339294,0.20807095058242922,0.7498009966869608,-17.978266084260504
882,883.0,0.40282629140120396,2.2649666058573836,0.07272393382255668,0.3073245727951359,0.3030546433792751,0.20807095059799585,0.7497999185138511,-17.9782660832131
883,884.0,0.16139929887327342,3.684389157902964,0.161412976820944,3.6843884029513028,2.760301584268819,0.6279560476280872,3.7596252333571556e-08,-2.513991439431936
884,885.0,0.4398844889387672,9.248602905821222,0.4398844889387672,9.248602905821222,2.7603016841975596,0.6279560589947539,6.9163349492029624e-09,-2.513991186017174
885,886.0,0.33570130520428765,9.744244538489415,0.33570130520428765,9.744244538489415,2.7603017120507936,0.6279560621629957,4.452216373351803e-12,-2.513991115382635
886,887.0,0.514440340695373,9.50199865672955,0.514440340695373,9.50199865672955,2.7603014331200075,0.6279560304352535,6.42952284746201e-08,-2.5139918227384985
887,888.0,0.5867943869718715,2.1250046203233715,0.07272168570264466,0.3073242813401367,0.3030546433331776,0.20807095058217112,0.7498007055276878,-17.97826608427787
888,889.0,0.5029384471559197,7.92586622950977,0.07272164553124613,0.30732417005138724,0.30305464333333376,0.20807095058222472,0.7498009388916572,-17.97826608427426
889,890.0,0.8711046836702916,1.3675339520270158,0.07272163554293896,0.30732425676124925,0.3030546433331872,0.20807095058217445,0.7498007604547745,-17.978266084277646
890,891.0,0.2852955748505238,9.449930561567617,0.2852955748505238,9.449930561567617,2.7603017120666427,0.6279560621647985,1.1834977442504169e-13,-2.513991115342443
891,892.0,0.7998462769031843,2.6385364731630294,0.0727217196147734,0.3073242235029185,0.3030546433332325,0.20807095058219002,0.7498008223132577,-17.978266084276598
892,893.0,0.0603958788249338,9.827958425166965,0.0603958788249338,9.827958425166965,2.760301712067058,0.6279560621648459,0.0,-2.5139911153413887
893,894.0,0.498608391831985,3.3802238232843487,0.0727216789354611,0.30732427331790196,0.30305464333317506,0.20807095058217026,0.7498007226673041,-17.978266084277926
894,895.0,0.940846280226678,5.443497875244508,0.07272165863039005,0.30732417161301073,0.303054643333325,0.2080709505822218,0.7498009345887116,-17.978266084274463
895,896.0,0.15853433643359627,3.7253750979372486,0.15853433643359627,3.7253750979372486,2.7603016398601445,0.6279560539514739,2.1221302159979416e-08,-2.513991298454851
896,897.0,0.7258972674445897,5.306404015582069,0.07272165258286947,0.30732425898227017,0.30305464333317905,0.2080709505821716,0.7498007544653692,-17.978266084277834
897,898.0,0.0388105764380855,8.648370902667347,0.0388105764380855,8.648370902667347,2.760301712067058,0.6279560621648459,0.0,-2.5139911153413887
898,899.0,0.09824258643958228,7.8778776994091,0.09824258643958228,7.8778776994091,2.760301712067058,0.6279560621648459,0.0,-2.5139911153413887
899,900.0,0.3758207651518406,4.0358749908021965,0.07272153686181516,0.3073240694569891,0.30305464333393445,0.20807095058243089,0.7498011557658744,-17.978266084260387
900,901.0,0.040951174871100116,3.626511132723792,0.040951174871100116,3.626511132723792,2.760301712067058,0.6279560621648459,0.0,-2.5139911153413887
901,902.0,0.1838065075783798,6.852086371166344,0.1838065075783798,6.852086371166344,2.7603017120670237,0.6279560621648419,9.992007221626409e-15,-2.513991115341476
902,903.0,0.774981833728445,3.0825051058462276,0.07272176425833876,0.3073240178418933,0.30305464333419413,0.2080709505825201,0.7498012438156534,-17.97826608425439
903,904.0,0.4276944184977268,2.3140562004701866,0.07272163642952718,0.3073242339596007,0.30305464333320553,0.20807095058218078,0.7498008075201656,-17.978266084277223
904,905.0,0.7999976123370454,0.30996582080421076,0.07272163380589862,0.30732425913427575,0.303054643333187,0.2080709505821743,0.7498007556914845,-17.97826608427765
905,906.0,0.3676845840289005,8.639994842840975,0.3676845840289005,8.639994842840975,2.7603017087376687,0.6279560617861353,8.856694266867748e-10,-2.513991123784569
906,907.0,0.8288058240663257,5.515939179260792,0.07272177061204646,0.30732430509819275,0.3030546433332812,0.20807095058220668,0.749800649446686,-17.978266084275475
907,908.0,0.5743793959905624,6.431783497062027,0.07272167401307866,0.3073242717573481,0.30305464333317433,0.20807095058217004,0.7498007262972656,-17.97826608427794
908,909.0,0.24790054881108925,5.233806369719329,0.24790054881108925,5.233806369719329,2.7603016058592993,0.627956050083955,3.093043032809106e-08,-2.5139913846794553
909,910.0,0.5783777719436205,9.22789934235856,0.5784523789305004,9.227894324150904,2.760298766864347,0.627955727154658,6.375875708508616e-07,-2.5139985842459245
910,911.0,0.7026125885465316,6.786930785019349,0.07272167044519721,0.3073242806390529,0.30305464333317467,0.2080709505821701,0.7498007082286957,-17.978266084277937
911,912.0,0.2598499707985886,2.346541396696752,0.07272167928897329,0.30732433844739415,0.3030546433332366,0.20807095058219147,0.7498005879952256,-17.978266084276502
912,913.0,0.34275563828880595,4.622765874359171,0.07272161072857326,0.3073242809145003,0.3030546433332031,0.2080709505821799,0.7498007125580741,-17.97826608427728
913,914.0,0.06099040260575017,7.867293842651773,0.06099040260575017,7.867293842651773,2.760301712067058,0.6279560621648459,0.0,-2.5139911153413887
914,915.0,0.8372890784359227,2.0133002213596822,0.0727217196147734,0.3073242235029185,0.3030546433332325,0.20807095058219002,0.7498008223132577,-17.978266084276598
915,916.0,0.6688819847354283,1.9453265168968759,0.0727217196147734,0.3073242235029185,0.3030546433332325,0.20807095058219002,0.7498008223132577,-17.978266084276598
916,917.0,0.6111132409397493,3.8864688008135007,0.07272165844143155,0.30732426707165866,0.3030546433331752,0.20807095058217032,0.7498007372614701,-17.978266084277923
917,918.0,0.31042092062570026,2.6065004427825067,0.07272184962098699,0.30732427905749105,0.30305464333346155,0.20807095058226863,0.7498006967992038,-17.978266084271308
918,919.0,0.009369723410694197,8.197102222430983,0.009369723410694197,8.197102222430983,2.760301712067058,0.6279560621648459,0.0,-2.5139911153413887
919,920.0,0.12602953747971635,8.992567475375408,0.12602953747971635,8.992567475375408,2.760301712067058,0.6279560621648459,0.0,-2.5139911153413887
920,921.0,0.9811362581277743,2.6676595301669055,0.0727217196147734,0.3073242235029185,0.3030546433332325,0.20807095058219002,0.7498008223132577,-17.978266084276598
921,922.0,0.1272076019922409,4.63363368907486,0.1272076019922409,4.63363368907486,2.7603017120663207,0.6279560621647621,2.1305179842556754e-13,-2.5139911153432593
922,923.0,0.9007685886755639,9.750376091845013,0.07272171702768622,0.3073242701490172,0.30305464333319504,0.20807095058217717,0.7498007260934564,-17.978266084277465
923,924.0,0.9709162324762065,0.900176717549193,0.07272164151714307,0.3073242696962614,0.3030546433331802,0.20807095058217204,0.7498007332239729,-17.97826608427781
924,925.0,0.22263184403619884,2.5561538974166513,0.0727224026441417,0.3073234299430517,0.30305464334799015,0.20807095058725614,0.749802406800981,-17.978266083935726
925,926.0,0.754377294659998,8.614156128471503,0.07272153899659031,0.30732394679070374,0.30305464333487797,0.20807095058275485,0.7498014091795129,-17.978266084238594
926,927.0,0.2563623334184123,2.9483557696197527,0.07272170539462867,0.30732433714597435,0.3030546433332461,0.2080709505821946,0.7498005885440793,-17.978266084276285
927,928.0,0.33087217309821515,7.44500864990143,0.33087217309821515,7.44500864990143,2.760301700576371,0.6279560608578064,3.1584678206186823e-09,-2.513991144481251
928,929.0,0.9167808553685887,3.5106015975851634,0.07272143518579689,0.30732425498891236,0.30305464333365045,0.2080709505823334,0.7498007805544269,-17.978266084266945
929,930.0,0.19786450100697606,4.571630561020555,0.19786450100697606,4.571630561020555,2.760301677165642,0.6279560581948893,1.0314093357166598e-08,-2.5139912038497982
930,931.0,0.3981368598754894,5.7452124364351915,0.0727232490867152,0.30732398754074786,0.30305464335593435,0.2080709505899833,0.7498011846194497,-17.97826608375223
931,932.0,0.11278063111932835,8.258256867746052,0.11278063111932835,8.258256867746052,2.760301712067058,0.6279560621648459,0.0,-2.5139911153413887
932,933.0,0.7955173880498483,3.496675942452073,0.07272166022797781,0.30732426898684795,0.30305464333317467,0.20807095058217018,0.7498007331556161,-17.978266084277937
933,934.0,0.12940853195848256,2.419337251830949,0.07272152781776278,0.3073244147350003,0.303054643333628,0.20807095058232578,0.7498004427103695,-17.978266084267464
934,935.0,0.28068261335052525,2.409116102758704,0.07272166487307194,0.3073242696699011,0.30305464333317406,0.20807095058216996,0.7498007313624722,-17.978266084277948
935,936.0,0.5754302589921799,4.705847774942485,0.07272251357728687,0.30732502522262084,0.30305464334777993,0.20807095058718403,0.749799099760593,-17.978266083940582
936,937.0,0.8229784173186575,2.406848185299406,0.07272166278351512,0.30732426864719836,0.30305464333317456,0.20807095058217018,0.7498007336481348,-17.97826608427794
937,938.0,0.5526267213891037,6.835359855780389,0.0,0.268906841257163,0.48797055738296324,0.26402666461200036,0.6438902690532143,-14.643872500652407
938,939.0,0.14883441622660265,3.8111843613508434,0.14883441622660265,3.8111843613508434,2.7603016993011966,0.6279560607127582,3.7369258798491956e-09,-2.5139911477150347
939,940.0,0.34166571618214014,0.36777599334821554,0.07272165073504125,0.3073243138276159,0.3030546433332,0.20807095058217873,0.7498006412344569,-17.97826608427735
940,941.0,0.5585322891315667,2.903926097921174,0.072721798239176,0.307324267292142,0.3030546433333219,0.20807095058222064,0.7498007253371526,-17.978266084274537
941,942.0,0.6075924164359766,6.288945263736332,0.0727215674695663,0.3073242953892323,0.303054643333268,0.2080709505822021,0.7498006861829414,-17.97826608427578
942,943.0,0.42406572604104775,8.319266196715859,0.42406572604104775,8.319266196715859,2.7603015905301325,0.6279560483402973,3.063430120686661e-08,-2.513991423553529
943,944.0,0.307469355982684,7.2981621429959205,0.307469355982684,7.2981621429959205,2.760301708041054,0.6279560617068971,1.1279821521270605e-09,-2.5139911255511533
944,945.0,0.5422052053797247,1.6445815607128502,0.07272164499617417,0.30732429650653026,0.30305464333318605,0.20807095058217404,0.7498006775133561,-17.97826608427767
945,946.0,0.6583726534439015,5.131522727499329,0.07272166288611522,0.3073242684408236,0.30305464333317456,0.20807095058217004,0.7498007340663593,-17.97826608427794
946,947.0,0.6823257153695113,4.96278007082235,0.07272205504797792,0.3073244477315816,0.30305464333493737,0.20807095058277525,0.7498003312432466,-17.978266084237223
947,948.0,0.5180363003644434,1.2823784237449956,0.07272227585351144,0.30732354976490045,0.3030546433438432,0.20807095058583255,0.7498021694977047,-17.978266084031514
948,949.0,0.9796148475458841,0.3227081827194258,0.07272191434061585,0.3073242350687147,0.30305464333371984,0.2080709505823573,0.7498007824281228,-17.978266084265343
949,950.0,0.4661085235135932,7.656417804165085,0.0,0.30102630743256614,0.48797055738296324,0.26402666461200036,0.6438902690532143,-14.643872500652407
950,951.0,0.16209495688323639,0.3738041583288425,0.07272204854720724,0.3073243996794381,0.3030546433346787,0.20807095058268638,0.7498004311155573,-17.978266084243195
951,952.0,0.5986369159580326,0.0507666586151978,0.07272141642405383,0.30732392666783465,0.3030546433354933,0.20807095058296607,0.7498014608343588,-17.97826608422438
952,953.0,0.9656655371050444,2.232444395143633,0.0727217196147734,0.3073242235029185,0.3030546433332325,0.20807095058219002,0.7498008223132577,-17.978266084276598
953,954.0,0.48689621744712086,1.4069155404440814,0.07272166212715604,0.30732426836611404,0.30305464333317467,0.20807095058217007,0.7498007342830684,-17.978266084277937
954,955.0,0.9501493343201766,9.1397255138244,0.07272172874891379,0.30732423201981174,0.3030546433332302,0.20807095058218913,0.7498008039568551,-17.97826608427665
955,956.0,0.29315376425125517,8.434304963358331,0.29315376425125517,8.434304963358331,2.760301712037221,0.6279560621614519,8.450240507329454e-12,-2.5139911154170544
956,957.0,0.9988095194412187,9.132109075407117,0.07272164681403419,0.30732427238828675,0.3030546433331779,0.20807095058217126,0.7498007272241871,-17.978266084277863
957,958.0,0.25925209094937174,8.854889373553144,0.25925209094937174,8.854889373553144,2.76030171206686,0.6279560621648232,5.717648576819556e-14,-2.5139911153418923
958,959.0,0.3060838642228352,9.497879092750656,0.3060838642228352,9.497879092750656,2.7603017120642885,0.6279560621645309,7.767120280277595e-13,-2.5139911153484125
959,960.0,0.32014958937285787,6.773899703921957,0.32014958937285787,6.773899703921957,2.760301664323109,0.6279560567340804,1.3241522767160063e-08,-2.51399123641788
960,961.0,0.5485617294284244,1.6204176359892979,0.07272144976292888,0.30732430400740623,0.30305464333359866,0.20807095058231576,0.7498006780220909,-17.978266084268142
961,962.0,0.03155201597441948,4.17809211706066,0.03155201597441948,4.17809211706066,2.760301712067058,0.6279560621648459,0.0,-2.5139911153413887
962,963.0,0.11207894391357442,1.9957181208474588,0.0727217196147734,0.3073242235029185,0.3030546433332325,0.20807095058219002,0.7498008223132577,-17.978266084276598
963,964.0,0.8812465764674251,9.51027387107282,0.07272187368058801,0.3073245805959505,0.30305464333493043,0.20807095058277283,0.7498000714499706,-17.978266084237383
964,965.0,0.059043409655739953,8.232521083077877,0.059043409655739953,8.232521083077877,2.760301712067058,0.6279560621648459,0.0,-2.5139911153413887
965,966.0,0.8831485521810049,2.307141658290684,0.0727217196147734,0.3073242235029185,0.3030546433332325,0.20807095058219002,0.7498008223132577,-17.978266084276598
966,967.0,0.3200155230417917,8.61190585073421,0.3200155230417917,8.61190585073421,2.7603017119152957,0.6279560621475833,4.2094772112477585e-11,-2.5139911157262516
967,968.0,0.17407552627699474,4.074350208878341,0.17407552627699474,4.074350208878341,2.7603016643874865,0.6279560567414031,1.407183702895054e-08,-2.513991236254622
968,969.0,0.6465602354842211,2.623182445702502,0.07272168853049932,0.30732427587507016,0.30305464333317766,0.20807095058217112,0.7498007165937055,-17.97826608427787
969,970.0,0.2384679929170589,9.685546674068082,0.2384679929170589,9.685546674068082,2.7603017120670574,0.6279560621648457,1.1102230246251565e-16,-2.5139911153413896
970,971.0,0.9785648722704402,2.1340508242812777,0.0727217196147734,0.3073242235029185,0.3030546433332325,0.20807095058219002,0.7498008223132577,-17.978266084276598
971,972.0,0.48779732923819696,7.086770672153705,0.07272166933334444,0.3073242723538318,0.3030546433331739,0.2080709505821699,0.7498007254480499,-17.978266084277955
972,973.0,0.5697420965001765,2.7151085931251897,0.07272172224892488,0.30732423116185764,0.3030546433332247,0.20807095058218728,0.7498008062637493,-17.97826608427678
973,974.0,0.21179928998938435,0.8391827465002987,0.07272166555723832,0.30732427232767406,0.30305464333317395,0.2080709505821698,0.749800725811899,-17.97826608427795
974,975.0,0.7076259757958572,0.7820978841145483,0.07272172040721227,0.30732433905239165,0.3030546433332615,0.20807095058219996,0.7498005833713435,-17.97826608427593
975,976.0,0.4135847971934873,3.760534012198949,0.07272097340033509,0.3073240072264577,0.303054643338447,0.2080709505839801,0.7498013306337837,-17.978266084156157
976,977.0,0.5760999674110371,3.291681361228865,0.07272150455315808,0.30732430751400036,0.3030546433334209,0.20807095058225467,0.7498006662783931,-17.97826608427225
977,978.0,0.19338536952127217,8.52876792173555,0.19338536952127217,8.52876792173555,2.760301712067058,0.6279560621648459,0.0,-2.5139911153413887
978,979.0,0.18234905146653968,7.9153857698656305,0.18234905146653968,7.9153857698656305,2.760301712067058,0.6279560621648459,0.0,-2.5139911153413887
979,980.0,0.8033767663954369,5.682370741373757,0.07272165186157857,0.30732428302730264,0.30305464333317733,0.20807095058217104,0.7498007048159403,-17.978266084277873
980,981.0,0.8631340201839672,2.8535012413006196,0.07272164096884634,0.30732426472711033,0.3030546433331813,0.20807095058217243,0.7498007435417406,-17.978266084277784
981,982.0,0.7707496274516896,8.843757172621356,0.07272172272645926,0.3073242432684605,0.3030546433332126,0.20807095058218308,0.749800781196453,-17.97826608427706
982,983.0,0.6263529035486763,8.340804210893905,0.07272166185770812,0.30732426480693187,0.30305464333317533,0.2080709505821704,0.7498007416631143,-17.97826608427792
983,984.0,0.011599000151071848,5.51359112282464,0.011599000151071848,5.51359112282464,2.760301712067058,0.6279560621648459,0.0,-2.5139911153413887
984,985.0,0.6311867997527201,1.5837324597037408,0.0727215731141983,0.30732438913642357,0.30305464333344306,0.20807095058226224,0.7498004919149613,-17.978266084271738
985,986.0,0.569832301539544,0.8113792912236548,0.07272165308739717,0.30732428520756405,0.30305464333317766,0.20807095058217112,0.7498007002080982,-17.97826608427787
986,987.0,0.2556613852296735,6.11271137275783,0.2556613852296735,6.11271137275783,2.760301706223731,0.6279560615001807,1.69497449409306e-09,-2.513991130159802
987,988.0,0.38664775074736024,4.987052668963657,0.07272167144883003,0.3073241972938736,0.30305464333325777,0.20807095058219874,0.7498008804468347,-17.978266084276015
988,989.0,0.6359653775220868,3.3804070755926467,0.07272211530651651,0.3073240502164348,0.30305464333560395,0.20807095058300404,0.7498011480869468,-17.978266084221822
989,990.0,0.5534529605640073,3.5842017052093302,0.07272172226014455,0.3073242907186465,0.3030546433332043,0.20807095058218034,0.7498006831403479,-17.97826608427725
990,991.0,0.6244839435151625,0.4802320313238315,0.07272198812269563,0.30732450941018596,0.30305464333489596,0.20807095058276112,0.7498002092247482,-17.97826608423818
991,992.0,0.7609322074328045,3.75025990879204,0.07272164746847548,0.30732431852359327,0.303054643333207,0.2080709505821812,0.7498006317943687,-17.97826608427719
992,993.0,0.38021218550773395,0.4417435823824858,0.0727216431846748,0.3073242952897698,0.30305464333318605,0.208070950582174,0.7498006801773864,-17.97826608427767
993,994.0,0.9619008819391293,8.6417087445016,0.07272167457390966,0.3073242713898764,0.3030546433331744,0.20807095058217004,0.7498007270109366,-17.97826608427794
994,995.0,0.7419164734906404,9.423099877662386,0.07272166485906444,0.30732422392433056,0.30305464333320953,0.20807095058218208,0.7498008259339883,-17.97826608427713
995,996.0,0.01692188136140671,5.85131401125518,0.01692188136140671,5.85131401125518,2.760301712067058,0.6279560621648459,0.0,-2.5139911153413887
996,997.0,0.7785707651702147,0.5164808831391806,0.0727216611941212,0.30732426717647177,0.30305464333317494,0.20807095058217023,0.7498007368189721,-17.97826608427793
997,998.0,0.26184213377099674,9.31127951427063,0.26184213377099674,9.31127951427063,2.760301712067011,0.6279560621648405,1.354472090042691e-14,-2.5139911153415087
998,999.0,0.5068209995463259,6.663441830713396,0.07272174043508685,0.307324254003584,0.3030546433332246,0.20807095058218728,0.749800757550849,-17.978266084276783
999,1000.0,0.9966038772885871,5.959857845085355,0.07272164252337712,0.3073243608597106,0.3030546433332898,0.2080709505822096,0.7498005446779716,-17.97826608427528
