,iteration,init_sigma,init_center,est_sigma,est_center,ss_res,nrmse,r_squared,aic
0,1.0,0.015391671956718311,0.1305218261093788,0.2579173366209995,0.5779367377201118,0.10217135683075579,0.1208135262240094,0.8434844727146298,-25.589098387754742
1,2.0,0.36756578297775666,5.4546348937773805,0.25791739896125165,0.577936921769157,0.10217135683069667,0.12081352622397441,0.8434844701555547,-25.58909838775879
2,3.0,0.5536773311343057,7.314207240212697,0.25791780917716023,0.5779368893099419,0.1021713568312965,0.12081352622432907,0.8434844714972446,-25.589098387717694
3,4.0,0.5344332896588249,5.209610693402321,0.25791788342270777,0.5779372453267192,0.10217135683205383,0.12081352622477678,0.8434844664482792,-25.58909838766581
4,5.0,0.31203340013072967,8.679862683687315,0.31203340013072967,8.679862683687315,2.03765278916571,0.5395305881922743,3.938649406620698e-11,-4.6387811803044166
5,6.0,0.962868618080367,7.529184013764769,0.2579175613922657,0.5779364933833201,0.10217135683122887,0.12081352622428906,0.8434844767627584,-25.58909838772233
6,7.0,0.26407262787418073,2.6039909147105216,0.25791583738427476,0.5779363352648464,0.1021713568423552,0.12081352623086726,0.8434844754092576,-25.589098386960035
7,8.0,0.9277036661236524,3.3919397569117815,0.2579174656820025,0.5779366322059766,0.10217135683085651,0.1208135262240689,0.8434844745305472,-25.589098387747843
8,9.0,0.020023924254042202,1.566980708810102,0.020023924254042202,1.566980708810102,2.037652789233358,0.5395305882012301,8.583134203377085e-13,-4.638781180072025
9,10.0,0.5231423577621356,4.458349436896517,0.25791669141956497,0.577937984449294,0.10217135683796177,0.12081352622826978,0.8434844531171926,-25.589098387261043
10,11.0,0.32993944011941645,2.6073218216723344,0.25791764024386216,0.5779371363879877,0.10217135683113289,0.12081352622423233,0.8434844675277267,-25.589098387728903
11,12.0,0.6276158587023815,7.709377937749308,0.25791704269656557,0.5779364792719184,0.10217135683177428,0.12081352622461151,0.8434844758704552,-25.58909838768496
12,13.0,0.3967859982830144,0.5309539837387202,0.25791729988117895,0.5779368712577425,0.10217135683075051,0.12081352622400626,0.8434844706843413,-25.589098387755104
13,14.0,0.3666505078750909,5.635244149209962,0.25791742401238654,0.5779361432410574,0.10217135683247938,0.12081352622502842,0.8434844815915569,-25.589098387636653
14,15.0,0.06237517219883437,0.36822699810276993,0.2579174212143791,0.5779367952649259,0.10217135683068607,0.12081352622396815,0.8434844720523172,-25.589098387759517
15,16.0,0.9251009052445385,8.669673788849575,0.2579174577793399,0.577937199161693,0.10217135683110602,0.12081352622421644,0.8434844662240967,-25.589098387730743
16,17.0,0.9436355151037701,5.901766637267819,0.2579174065414389,0.5779363801644398,0.10217135683147362,0.12081352622443377,0.8434844780905278,-25.58909838770556
17,18.0,0.2605096211684377,0.09916207677958584,0.25791776619553136,0.5779383899331612,0.1021713568394666,0.12081352622915946,0.8434844494639585,-25.589098387157943
18,19.0,0.15630250862417516,5.2080839124776865,0.15630250862417516,5.2080839124776865,2.0376527892291096,0.5395305882006677,3.836153616987303e-12,-4.638781180086621
19,20.0,0.9061989057603173,1.3967022889584204,0.2579174806887959,0.5779369079912885,0.1021713568306952,0.12081352622397355,0.843484470529932,-25.589098387758888
20,21.0,0.9639612616986741,8.439504954280379,0.2579174293872193,0.5779370196878382,0.10217135683077488,0.12081352622402068,0.8434844687882248,-25.58909838775343
21,22.0,0.05811924400341806,5.361728804117469,0.05811924400341806,5.361728804117469,2.037652789234367,0.5395305882013637,0.0,-4.638781180068557
22,23.0,0.15052679512486167,7.834602255765752,0.15052679512486167,7.834602255765752,2.037652789234367,0.5395305882013637,0.0,-4.638781180068557
23,24.0,0.8916830778249336,7.899061537339529,0.25791730611196956,0.5779370241179286,0.10217135683085532,0.1208135262240682,0.8434844684625118,-25.589098387747924
24,25.0,0.16629409596944933,3.443615731800731,0.2579174790788758,0.5779367534563398,0.10217135683072133,0.120813526223989,0.8434844727860489,-25.589098387757097
25,26.0,0.11617216476939918,9.628783088078562,0.11617216476939918,9.628783088078562,2.037652789234367,0.5395305882013637,0.0,-4.638781180068557
26,27.0,0.1711181506410029,4.596014384237856,0.1711181506410029,4.596014384237856,2.037652787238899,0.5395305879371833,1.4229666334131252e-09,-4.638781186923641
27,28.0,0.7282099630966814,7.78265721516519,0.2579156532059727,0.5779374883054115,0.10217135684626705,0.1208135262331801,0.8434844581580835,-25.58909838669203
28,29.0,0.7220888280892982,9.960594890417472,0.2579174661900923,0.5779368695695544,0.10217135683068054,0.12081352622396486,0.8434844710610431,-25.589098387759897
29,30.0,0.09238781632145043,8.082125678611332,0.09238781632145043,8.082125678611332,2.037652789234367,0.5395305882013637,0.0,-4.638781180068557
30,31.0,0.4124198510049799,4.6880577278882,0.2579179695082002,0.5779367634091259,0.10217135683198186,0.12081352622473425,0.8434844736764493,-25.58909838767074
31,32.0,0.7405935851754339,4.5917541480243305,0.2579175019459299,0.5779368336674368,0.10217135683069804,0.12081352622397522,0.8434844716616201,-25.589098387758696
32,33.0,0.28067517380222995,4.535257973782146,0.2579173923034544,0.577936865045753,0.10217135683068128,0.12081352622396534,0.8434844709708397,-25.589098387759847
33,34.0,0.602255500263026,2.07433482783123,0.257917551270409,0.5779372763975076,0.10217135683136452,0.12081352622436929,0.8434844652924822,-25.589098387713037
34,35.0,0.4120012145237717,4.174395856770419,0.2579174504073257,0.5779368412099418,0.10217135683067642,0.12081352622396246,0.8434844714423099,-25.589098387760178
35,36.0,0.9389694965614366,2.516111281024598,0.25791740039497757,0.5779369781293372,0.10217135683073633,0.1208135262239979,0.8434844693345216,-25.589098387756074
36,37.0,0.08979649544208768,5.751099518133177,0.08979649544208768,5.751099518133177,2.037652789234367,0.5395305882013637,0.0,-4.638781180068557
37,38.0,0.5213131600215376,8.642715857423992,0.5213631200573947,8.642712526755194,2.037651049897033,0.5395303579300683,7.506598994622138e-07,-4.638787155260506
38,39.0,0.22856951621130406,8.59486093375832,0.22856951621130406,8.59486093375832,2.0376527892343557,0.5395305882013622,7.216449660063518e-15,-4.638781180068598
39,40.0,0.5833498831578716,3.3457120499770214,0.257917428245126,0.5779368553450538,0.1021713568306743,0.12081352622396122,0.8434844711887407,-25.589098387760327
40,41.0,0.0992197110884876,0.7590580244953952,0.2579170506064964,0.5779361066780209,0.10217135683319428,0.12081352622545109,0.8434844813348026,-25.589098387587672
41,42.0,0.03900261366666136,4.39412109263575,0.03900261366666136,4.39412109263575,2.037652789234367,0.5395305882013637,0.0,-4.638781180068557
42,43.0,0.5841994609062815,4.537086724940198,0.25791702330469835,0.577936679892585,0.10217135683147555,0.1208135262244349,0.8434844728960704,-25.589098387705427
43,44.0,0.8669782989756938,8.293192005346839,0.2579175575355628,0.5779375230561157,0.10217135683232885,0.12081352622493942,0.8434844616991044,-25.589098387646967
44,45.0,0.487194398116235,8.158301292983714,0.4872451131040266,8.15829787349708,2.037651142996961,0.539530370255593,7.413519492738274e-07,-4.638786835431709
45,46.0,0.5472722544838802,9.48077990602791,0.5472943257174988,9.480778484942556,2.037652023833273,0.5395304868697377,3.2012896189481665e-07,-4.638783809470729
46,47.0,0.8148812531908823,2.645428148890816,0.2579173075350644,0.5779370200989921,0.10217135683084871,0.1208135262240643,0.8434844685242876,-25.589098387748376
47,48.0,0.3067397956235869,1.305256293485704,0.2579174079095359,0.5779368466337753,0.10217135683067646,0.1208135262239625,0.8434844712730775,-25.589098387760178
48,49.0,0.39865507226519736,8.607108219602964,0.39865507226519736,8.607108219602964,2.0376527702336045,0.5395305856858488,9.622845853485273e-09,-4.638781245342358
49,50.0,0.5217444564726655,1.6886755288142972,0.25791760432028293,0.5779370262949223,0.1021713568309028,0.1208135262240963,0.8434844690615608,-25.58909838774467
50,51.0,0.4301390548152141,2.8700290558877213,0.2579172653423248,0.577937309766845,0.10217135683157245,0.12081352622449222,0.8434844641995576,-25.589098387698787
51,52.0,0.2735677948558306,7.278150390010773,0.2735677948558306,7.278150390010773,2.037652788890208,0.5395305881558005,2.0925361443602242e-10,-4.638781181250858
52,53.0,0.5777005610200994,1.1653675552790366,0.257917187099666,0.5779362023547217,0.10217135683239119,0.12081352622497628,0.8434844802254182,-25.589098387642697
53,54.0,0.24667042461500488,3.1595848438605896,0.2579171415678148,0.5779367475337136,0.1021713568310653,0.12081352622419238,0.8434844721578939,-25.589098387733536
54,55.0,0.8644847182638045,4.956435543833626,0.2579172675003948,0.5779359272842203,0.10217135683380862,0.12081352622581429,0.8434844844175291,-25.589098387545583
55,56.0,0.6267205008553097,6.4243481328524465,0.25791745700130597,0.5779369103286597,0.10217135683068876,0.12081352622396974,0.8434844704456455,-25.589098387759332
56,57.0,0.4150931684031812,0.8866775318312945,0.25791727359360156,0.5779366596330915,0.10217135683090348,0.12081352622409666,0.8434844737228733,-25.58909838774462
57,58.0,0.582818266042653,5.39306921823532,0.25791742361090847,0.577936845473037,0.10217135683067455,0.12081352622396137,0.843484471323277,-25.58909838776031
58,59.0,0.5848296150563763,2.8067697831041185,0.257917388822377,0.5779368192957959,0.10217135683068522,0.12081352622396765,0.8434844716323983,-25.589098387759574
59,60.0,0.6073736463487468,6.448247436761743,0.2579174026706988,0.5779365285581608,0.10217135683105096,0.12081352622418386,0.8434844759126564,-25.589098387734516
60,61.0,0.4432199809327927,9.924157762279213,0.4432199809327927,9.924157762279213,2.037652782345913,0.5395305872893998,3.28429294871313e-09,-4.638781203732638
61,62.0,0.8471431837071488,3.033672884614376,0.257917405463794,0.5779368306393489,0.10217135683067843,0.12081352622396363,0.8434844715017619,-25.58909838776004
62,63.0,0.8736158721470625,4.208352390769907,0.25791727062385084,0.5779364610944964,0.10217135683131222,0.12081352622433837,0.8434844766194249,-25.589098387716618
63,64.0,0.08440033785295187,8.872691663081119,0.08440033785295187,8.872691663081119,2.037652789234367,0.5395305882013637,0.0,-4.638781180068557
64,65.0,0.39456094962232036,5.238137239867258,0.2579176331440157,0.5779372590866511,0.10217135683141625,0.12081352622439985,0.8434844657186438,-25.589098387709495
65,66.0,0.6918898950243095,0.0662816923969487,0.2579181457028038,0.5779358729918965,0.1021713568366007,0.12081352622746507,0.8434844870672238,-25.58909838735429
66,67.0,0.139047668212967,2.3758635872771006,0.25791742617327884,0.5779368624428726,0.10217135683067463,0.12081352622396137,0.8434844710805767,-25.589098387760302
67,68.0,0.05558426791979765,1.279283563884022,0.25791657367508736,0.5779361957291719,0.10217135683520459,0.12081352622663966,0.8434844790194749,-25.589098387449944
68,69.0,0.1729136864046329,4.571720673079278,0.1729136864046329,4.571720673079278,2.037652786367364,0.5395305878218006,2.0387445065495058e-09,-4.638781189917646
69,70.0,0.29095419572065917,7.753455828288106,0.29095419572065917,7.753455828288106,2.037652788963164,0.5395305881654592,1.60588986553023e-10,-4.638781181000228
70,71.0,0.10503684754219966,2.076733343092999,0.2579173463854927,0.5779370554731629,0.10217135683085955,0.12081352622407072,0.8434844680893214,-25.58909838774763
71,72.0,0.17082510912311677,8.110261248490296,0.17082510912311677,8.110261248490296,2.037652789234367,0.5395305882013637,0.0,-4.638781180068557
72,73.0,0.7039782301429941,5.71982353619652,0.2579174358688234,0.577936854553042,0.10217135683067428,0.12081352622396119,0.8434844712164531,-25.589098387760327
73,74.0,0.055332795027219994,5.905823392744929,0.055332795027219994,5.905823392744929,2.037652789234367,0.5395305882013637,0.0,-4.638781180068557
74,75.0,0.7926608267778632,1.1696450274194135,0.25791755861852206,0.5779380071079556,0.1021713568354816,0.12081352622680341,0.8434844546234956,-25.589098387430965
75,76.0,0.48840350773521624,8.274972265914906,0.48844538534772713,8.274969512562032,2.03765144399829,0.5395304101052387,6.04880847077105e-07,-4.638785801393496
76,77.0,0.22031300813558174,8.165854181267807,0.22031300813558174,8.165854181267807,2.037652789234345,0.5395305882013609,1.454392162258955e-14,-4.638781180068634
77,78.0,0.08010616764464384,2.785899966962543,0.08010616764464384,2.785899966962543,2.037652788782798,0.5395305881415805,3.681037696878775e-10,-4.638781181619844
78,79.0,0.5210137950315388,4.50266143214322,0.2579166794452518,0.5779379879598526,0.10217135683807392,0.12081352622833609,0.8434844530404196,-25.589098387253358
79,80.0,0.8305428863860426,0.07821498539506992,0.25791755978827613,0.5779368168475377,0.1021713568307529,0.12081352622400765,0.8434844720298744,-25.58909838775494
80,81.0,0.35764182192933536,9.470443961509856,0.35764182192933536,9.470443961509856,2.037652789051361,0.5395305881771356,9.820144697414435e-11,-4.638781180697244
81,82.0,0.7718062425259903,0.28249803154080294,0.2579172748966366,0.5779371752726109,0.10217135683117273,0.1208135262242559,0.8434844661863057,-25.589098387726175
82,83.0,0.555949009906904,3.2526044349760403,0.2579173155114412,0.5779386912521105,0.10217135684295953,0.12081352623122459,0.8434844441055109,-25.589098386918636
83,84.0,0.4819854959962512,9.750815535048824,0.4819854959962512,9.750815535048824,2.0376527379112406,0.5395305814066839,2.3267488491462984e-08,-4.638781356380193
84,85.0,0.8398779440602269,9.60933677843388,0.2579174132326554,0.5779368506050092,0.1021713568306755,0.12081352622396191,0.8434844712262779,-25.589098387760238
85,86.0,0.9907037905842712,4.013538321437913,0.25791633032076644,0.5779367628210708,0.10217135683592474,0.12081352622706543,0.8434844702102964,-25.589098387400604
86,87.0,0.8842749036571608,2.396476934377136,0.2579168038942834,0.5779353835266748,0.10217135683979114,0.12081352622935132,0.8434844913834553,-25.58909838713571
87,88.0,0.3722845374191517,0.5773792893739618,0.2579188885414908,0.5779381413477931,0.10217135684518079,0.12081352623253787,0.8434844554594229,-25.589098386766448
88,89.0,0.4679038640549871,9.55618748739855,0.4679038640549871,9.55618748739855,2.037652744645964,0.5395305822982953,2.0583061144385795e-08,-4.638781333244225
89,90.0,0.3700129819754524,3.4256082128850918,0.25791732888052543,0.5779368205107407,0.10217135683072158,0.12081352622398915,0.8434844714877364,-25.589098387757087
90,91.0,0.5297333719843855,5.9149989245759915,0.2579175996917498,0.5779367168990576,0.10217135683087285,0.12081352622407858,0.8434844735756313,-25.589098387746724
91,92.0,0.8833830381072302,8.806202343857906,0.25791734897362184,0.5779356287351733,0.10217135683604575,0.12081352622713692,0.8434844889550778,-25.589098387392315
92,93.0,0.024266856910934775,7.401478803035651,0.024266856910934775,7.401478803035651,2.037652789234367,0.5395305882013637,0.0,-4.638781180068557
93,94.0,0.2726284885968182,8.237567178657562,0.2726284885968182,8.237567178657562,2.0376527892249587,0.5395305882001182,5.728195695553495e-12,-4.63878118010088
94,95.0,0.04282880868046013,0.8809515726787438,0.2579179583825226,0.5779358642245914,0.10217135683558531,0.1208135262268647,0.8434844868003941,-25.58909838742386
95,96.0,0.6143740665851858,4.479580383864752,0.25791725403962457,0.5779370473415234,0.10217135683095893,0.12081352622412946,0.8434844680126685,-25.589098387740822
96,97.0,0.1883605311341402,4.524595531705254,0.1883605311341402,4.524595531705254,2.037652768575862,0.5395305854663798,1.4340145071400912e-08,-4.638781251037242
97,98.0,0.43096161324064486,3.8427133847532056,0.25791743273920364,0.5779368302027033,0.10217135683067598,0.1208135262239622,0.8434844715658669,-25.58909838776021
98,99.0,0.4323449211008379,7.265477490734865,0.43241109039314035,7.26547304984274,2.037650857329917,0.5395303324360545,9.344565315982933e-07,-4.638787816791769
99,100.0,0.2651400847578773,6.1043821610870825,0.2651400847578773,6.1043821610870825,2.037652775516963,0.5395305863853137,8.448874599942258e-09,-4.638781227192304
100,101.0,0.8365578038304341,5.5019525070001984,0.2579175292765218,0.5779375776303118,0.1021713568325799,0.12081352622508781,0.8434844608413815,-25.589098387629768
101,102.0,0.16759480445778419,5.479386958182435,0.16759480445778419,5.479386958182435,2.0376527892278222,0.5395305882004973,4.692801702788074e-12,-4.638781180091042
102,103.0,0.518306536125105,4.349299639381395,0.2579172469732607,0.5779367586631482,0.10217135683084583,0.12081352622406258,0.8434844722185474,-25.589098387748574
103,104.0,0.5200563935483742,7.526114848450528,0.257918173969769,0.5779374724819761,0.10217135683428546,0.12081352622609623,0.8434844637391483,-25.589098387512916
104,105.0,0.5187500390728907,0.06014008963434383,0.25791732031295633,0.5779368842996838,0.10217135683073199,0.12081352622399534,0.8434844705369171,-25.589098387756373
105,106.0,0.9238045827934935,4.987373380456976,0.2579174257151621,0.5779378951934505,0.10217135683458349,0.12081352622627245,0.8434844559789474,-25.5890983874925
106,107.0,0.11557253027162329,5.209025965018355,0.11557253027162329,5.209025965018355,2.0376527892343668,0.5395305882013637,1.1102230246251565e-16,-4.638781180068559
107,108.0,0.6740216275436672,3.3391344194118333,0.2579175394351252,0.5779373273218363,0.10217135683151707,0.12081352622445946,0.8434844645228534,-25.589098387702585
108,109.0,0.867931277074832,3.7487966950793923,0.25791741464034224,0.5779368571826236,0.10217135683067544,0.1208135262239619,0.843484471133083,-25.589098387760245
109,110.0,0.2834546979603447,2.5445214644380756,0.2579174288287028,0.5779366321441547,0.10217135683084831,0.12081352622406405,0.8434844744534686,-25.5890983877484
110,111.0,0.7602088180582818,9.063276520145022,0.2579172431735496,0.5779363562413163,0.10217135683167666,0.12081352622455384,0.843484478094316,-25.58909838769165
111,112.0,0.7162884619220705,4.694761833300116,0.2579173775325619,0.5779369391580926,0.1021713568307152,0.12081352622398535,0.8434844698559493,-25.589098387757524
112,113.0,0.5140060589140513,9.06053867058295,0.5140254656124242,9.060537471542183,2.037652166294569,0.5395305057302227,2.712846136621039e-07,-4.638783320069681
113,114.0,0.9199825144188782,0.9764152834218249,0.2579174291512253,0.5779368374363824,0.10217135683067499,0.12081352622396158,0.843484471452508,-25.589098387760277
114,115.0,0.16657330566552486,3.295788268605476,0.25791746436333945,0.5779367735216503,0.10217135683070247,0.12081352622397787,0.8434844724615345,-25.58909838775839
115,116.0,0.5946566604379309,4.715199021779421,0.25791738675521403,0.5779364409234926,0.10217135683128412,0.12081352622432173,0.8434844771602814,-25.589098387718547
116,117.0,0.707596608120608,8.420625653085628,0.25791748123261965,0.5779372920000302,0.1021713568313715,0.12081352622437339,0.8434844649162477,-25.58909838771256
117,118.0,0.12637850030357656,9.442487902060956,0.12637850030357656,9.442487902060956,2.037652789234367,0.5395305882013637,0.0,-4.638781180068557
118,119.0,0.038701372950428414,3.032374564795994,0.038701372950428414,3.032374564795994,2.037652789234367,0.5395305882013637,0.0,-4.638781180068557
119,120.0,0.03503381869951916,8.916113444949428,0.03503381869951916,8.916113444949428,2.037652789234367,0.5395305882013637,0.0,-4.638781180068557
120,121.0,0.04952995655215775,6.294641490510292,0.04952995655215775,6.294641490510292,2.037652789234367,0.5395305882013637,0.0,-4.638781180068557
121,122.0,0.710489369585662,7.869850214444388,0.2579173979821968,0.577937037456003,0.10217135683080414,0.12081352622403796,0.8434844684619709,-25.589098387751427
122,123.0,0.465164537889706,4.617399126678184,0.25791765854739285,0.5779368366421068,0.10217135683090212,0.12081352622409587,0.8434844719491974,-25.589098387744713
123,124.0,0.5201777561267609,5.096883804948554,0.257917620078442,0.5779366672036216,0.10217135683096629,0.1208135262241338,0.8434844743453449,-25.589098387740318
124,125.0,0.6070693661307935,7.100987567986501,0.2579183198630796,0.5779376702678471,0.10217135683624338,0.1208135262272538,0.8434844611540562,-25.589098387378773
125,126.0,0.5650016987457595,1.0640199932167194,0.25791750044158335,0.5779368512974605,0.10217135683069548,0.1208135262239737,0.8434844714006615,-25.58909838775887
126,127.0,0.8095342938236078,2.419321098025159,0.25791747743526133,0.5779368535182163,0.10217135683068367,0.12081352622396674,0.843484471319526,-25.589098387759684
127,128.0,0.07218565325554571,8.78507997069321,0.07218565325554571,8.78507997069321,2.037652789234367,0.5395305882013637,0.0,-4.638781180068557
128,129.0,0.27539516374323836,9.823196125157668,0.27539516374323836,9.823196125157668,2.037652789234328,0.5395305882013586,2.3647750424515834e-14,-4.638781180068692
129,130.0,0.2634038074491041,0.34622697507912553,0.2579172911763441,0.5779369701454268,0.10217135683081455,0.12081352622404412,0.8434844692200365,-25.589098387750713
130,131.0,0.33397323945952995,1.2704110816821375,0.2579174237053582,0.5779368440982158,0.10217135683067463,0.12081352622396138,0.8434844713435787,-25.589098387760302
131,132.0,0.6983828260431466,7.303929244336133,0.25791780146351795,0.577936883983088,0.10217135683127088,0.1208135262243139,0.8434844715588484,-25.589098387719453
132,133.0,0.44018462955827165,4.006020685965092,0.2579173803861022,0.5779368446185249,0.1021713568306852,0.12081352622396763,0.843484471244289,-25.58909838775958
133,134.0,0.9890473753103237,4.939460547800324,0.25791762935489276,0.5779371105005889,0.10217135683106622,0.12081352622419293,0.8434844678832367,-25.589098387733472
134,135.0,0.3534395390156093,2.253924030813346,0.2579173486711576,0.5779377546953807,0.10217135683365607,0.12081352622572411,0.8434844578703159,-25.589098387556035
135,136.0,0.45086076618677584,2.6022944716584493,0.25791732263224654,0.5779370600040407,0.10217135683088799,0.12081352622408753,0.843484467972785,-25.589098387745686
136,137.0,0.26152455447528866,6.882264748228934,0.26152455447528866,6.882264748228934,2.037652788700308,0.5395305881306596,3.3077418581939355e-10,-4.638781181903225
137,138.0,0.6900191655332287,2.816427882289885,0.2579174367397389,0.5779370895027545,0.10217135683087591,0.1208135262240804,0.8434844677829788,-25.58909838774651
138,139.0,0.6574966220647586,4.7460172186801035,0.2579174259679601,0.5779367924079136,0.10217135683068705,0.12081352622396872,0.8434844721041501,-25.58909838775945
139,140.0,0.6974384874950492,5.496783464415106,0.2579174368047791,0.5779368526494952,0.10217135683067435,0.12081352622396124,0.843484471246266,-25.58909838776032
140,141.0,0.15957706924231863,4.028668385484914,0.15957706924231863,4.028668385484914,2.037652774321632,0.5395305862270636,1.0826715302059142e-08,-4.638781231298653
141,142.0,0.15938567963606654,8.649092548992964,0.15938567963606654,8.649092548992964,2.037652789234367,0.5395305882013637,0.0,-4.638781180068557
142,143.0,0.6861676871470958,2.2530956433723026,0.2579173487841603,0.5779365523324564,0.10217135683101758,0.12081352622416415,0.8434844754509693,-25.589098387736804
143,144.0,0.9800491850568469,8.980729441673736,0.2579174389556205,0.5779370251767639,0.10217135683078132,0.12081352622402447,0.8434844687282136,-25.58909838775299
144,145.0,0.490654366995146,6.465553087452521,0.2579174262010121,0.57793684775354,0.10217135683067431,0.12081352622396119,0.8434844712954139,-25.589098387760327
145,146.0,0.100652445729833,4.74593845908343,0.100652445729833,4.74593845908343,2.0376527892343668,0.5395305882013637,0.0,-4.638781180068559
146,147.0,0.7308445517589901,7.000991667828644,0.2579182938279784,0.5779375572903976,0.10217135683547102,0.12081352622679715,0.8434844627513217,-25.58909838743169
147,148.0,0.9204838434304772,1.5365157196885122,0.25791798340082356,0.5779365844143347,0.10217135683231428,0.1208135262249308,0.843484476322969,-25.58909838764797
148,149.0,0.5463464600571933,6.925866334738486,0.25791791436420514,0.5779358238804195,0.10217135683567537,0.12081352622691799,0.843484487297378,-25.589098387417685
149,150.0,0.6634317933401951,6.89262529834074,0.25791744136209355,0.5779368490632639,0.10217135683067476,0.12081352622396145,0.8434844713083449,-25.589098387760295
150,151.0,0.464877299061492,4.996911406674667,0.25791740703557353,0.5779367493092465,0.10217135683071385,0.12081352622398457,0.8434844726942434,-25.589098387757616
151,152.0,0.8192153611269866,1.3210207359797317,0.2579163473677797,0.5779382437546929,0.10217135684328424,0.12081352623141656,0.8434844485940071,-25.58909838689639
152,153.0,0.8762828782516063,6.633651035406671,0.25791737649763485,0.5779366926941785,0.10217135683077527,0.12081352622402092,0.8434844734573891,-25.589098387753406
153,154.0,0.005255880334980256,6.557201692346931,0.005255880334980256,6.557201692346931,2.037652789234367,0.5395305882013637,0.0,-4.638781180068557
154,155.0,0.739869588957143,1.5551483664403802,0.25791735501091706,0.5779369274396363,0.1021713568307213,0.12081352622398896,0.8434844699796155,-25.589098387757105
155,156.0,0.7727033832895853,1.7857471063179617,0.2579173566072053,0.5779368332127971,0.10217135683069878,0.12081352622397566,0.8434844713607192,-25.589098387758646
156,157.0,0.7531385751222316,5.160151823610209,0.2579178058858164,0.5779371006458639,0.10217135683147296,0.1208135262244334,0.8434844684001752,-25.589098387705608
157,158.0,0.7436523569495886,1.4446646633289422,0.25791743451045185,0.5779380541237522,0.1021713568358615,0.12081352622702803,0.8434844536736347,-25.589098387404935
158,159.0,0.056440476332260014,1.09883246153308,0.25791742378577065,0.577936844641608,0.1021713568306746,0.12081352622396137,0.8434844713358037,-25.589098387760302
159,160.0,0.28943883645081236,7.613951699781696,0.28943883645081236,7.613951699781696,2.037652788846256,0.5395305881499817,2.3034263385568465e-10,-4.638781181401846
160,161.0,0.6458364158587837,8.673715979101098,0.2579174525115164,0.5779371544262625,0.10217135683100169,0.12081352622415477,0.8434844668670594,-25.589098387737895
161,162.0,0.8407492957500847,5.4306758569195335,0.25791742591488476,0.5779368384642486,0.10217135683067498,0.12081352622396158,0.8434844714306308,-25.589098387760277
162,163.0,0.8512018939785398,1.205977476706086,0.2579172010653313,0.5779364027152771,0.1021713568315912,0.12081352622450332,0.8434844773255905,-25.589098387697508
163,164.0,0.34716209480473514,1.6886206280895928,0.25791744219268314,0.577936820319737,0.10217135683067859,0.12081352622396374,0.8434844717303729,-25.58909838776003
164,165.0,0.5718667792064048,0.9501020296388358,0.25791742314622357,0.5779368503761794,0.10217135683067444,0.12081352622396127,0.8434844712506029,-25.589098387760313
165,166.0,0.867079477107088,0.06503083313155979,0.25791740952417536,0.577936844252686,0.10217135683067631,0.12081352622396238,0.8434844713113094,-25.58909838776019
166,167.0,0.5076261469932769,4.201441679597177,0.25791744608228007,0.5779367253819369,0.10217135683073383,0.12081352622399642,0.8434844731267229,-25.58909838775625
167,168.0,0.9411790793593388,8.268741152032002,0.25791757004773,0.5779375494730827,0.1021713568324687,0.1208135262250221,0.8434844613392817,-25.589098387637385
168,169.0,0.23202207193342017,0.5073983569947388,0.25791752237050064,0.5779373627332794,0.1021713568316293,0.1208135262245258,0.8434844639689928,-25.589098387694897
169,170.0,0.7460717385550636,5.762707689669725,0.2579174242624568,0.5779366588160032,0.10217135683080847,0.12081352622404054,0.8434844740538293,-25.58909838775113
170,171.0,0.5030744476493919,7.372714157215348,0.25791806076240487,0.5779372315408159,0.10217135683282721,0.12081352622523409,0.8434844670237993,-25.58909838761282
171,172.0,0.04747364485422301,1.4692327943212882,0.2579174428203122,0.5779368802922051,0.10217135683067749,0.1208135262239631,0.8434844708548186,-25.58909838776011
172,173.0,0.27984566681126277,7.145263253589257,0.27984566681126277,7.145263253589257,2.0376527883002193,0.5395305880776917,5.625557797372949e-10,-4.6387811832776595
173,174.0,0.027367038998699855,7.887086275100394,0.027367038998699855,7.887086275100394,2.037652789234367,0.5395305882013637,0.0,-4.638781180068557
174,175.0,0.4801110073120278,0.9901000754030008,0.2579172134417346,0.5779366840548025,0.10217135683096723,0.1208135262241344,0.8434844732383596,-25.589098387740258
175,176.0,0.2768830365242141,8.285352494161165,0.2768830365242141,8.285352494161165,2.0376527892223906,0.5395305881997782,7.244982391796384e-12,-4.638781180109701
176,177.0,0.06934669588206754,9.70219816222898,0.06934669588206754,9.70219816222898,2.037652789234367,0.5395305882013637,0.0,-4.638781180068557
177,178.0,0.22945325509667092,2.674260113307397,0.2579182366082652,0.5779370892910148,0.102171356833627,0.12081352622570692,0.8434844694742109,-25.58909838755803
178,179.0,0.222009094763009,2.284751657818369,0.2579174242161658,0.5779368631147702,0.10217135683067484,0.12081352622396149,0.8434844710666111,-25.589098387760288
179,180.0,0.5107659816535021,6.310079399584514,0.2579174318465354,0.5779368477027766,0.10217135683067428,0.12081352622396119,0.8434844713081024,-25.589098387760327
180,181.0,0.13437748954352124,6.831818738215238,0.13437748954352124,6.831818738215238,2.037652789234367,0.5395305882013637,0.0,-4.638781180068557
181,182.0,0.6648468192218494,1.9687251833225479,0.25791742960408903,0.577936842675831,0.10217135683067452,0.1208135262239613,0.8434844713768583,-25.58909838776031
182,183.0,0.8991198283139724,1.2670616735556102,0.2579176674141917,0.5779370782463007,0.1021713568310813,0.12081352622420181,0.8434844684352704,-25.58909838773244
183,184.0,0.28806118211430665,2.930697597979229,0.2579173965758289,0.577936858930837,0.10217135683067945,0.12081352622396427,0.8434844710692906,-25.58909838775997
184,185.0,0.9091630171296339,5.765955019709601,0.25791750884570736,0.5779368375347792,0.102171356830702,0.12081352622397756,0.8434844716196676,-25.589098387758423
185,186.0,0.22986364571632012,7.430113899191288,0.22986364571632012,7.430113899191288,2.0376527892322516,0.5395305882010837,1.3758993944179565e-12,-4.638781180075828
186,187.0,0.20620655494373807,6.933408627163162,0.20620655494373807,6.933408627163162,2.037652789233455,0.5395305882012431,6.152856002472618e-13,-4.6387811800716925
187,188.0,0.05034265698493168,8.485468800774065,0.05034265698493168,8.485468800774065,2.037652789234367,0.5395305882013637,0.0,-4.638781180068557
188,189.0,0.5198149955726169,0.5051957667318244,0.2579175484156574,0.5779366202978828,0.10217135683093814,0.12081352622411717,0.843484474879661,-25.589098387742247
189,190.0,0.1390557693711958,4.021568693576633,0.1390557693711958,4.021568693576633,2.037652788322777,0.5395305880806781,6.830446208638818e-10,-4.638781183200168
190,191.0,0.3516966563053503,4.024795938096872,0.25791743575927256,0.57793679624996,0.1021713568306857,0.12081352622396795,0.8434844720686935,-25.58909838775954
191,192.0,0.6533476775920823,6.802671104104218,0.25791847235388343,0.5779378150288423,0.10217135683834656,0.12081352622849728,0.8434844593578559,-25.589098387234678
192,193.0,0.016097530891093004,6.745172844750762,0.016097530891093004,6.745172844750762,2.037652789234367,0.5395305882013637,0.0,-4.638781180068557
193,194.0,0.4193638354094348,0.09174968289946434,0.2579174087058673,0.5779368839935799,0.10217135683068011,0.12081352622396464,0.8434844707285103,-25.58909838775993
194,195.0,0.35231791482812347,6.62576279183598,0.35233692184631504,6.625761681612948,2.037652380419502,0.5395305340782726,2.210538091462766e-07,-4.638782584480712
195,196.0,0.7968216635350928,0.883643814759363,0.2579172671027212,0.5779368441897853,0.10217135683079001,0.1208135262240296,0.8434844710106857,-25.5890983877524
196,197.0,0.5232269163831227,3.7439570419866066,0.25791730108069344,0.577936843418419,0.10217135683074695,0.12081352622400415,0.8434844710939283,-25.589098387755346
197,198.0,0.6034716193114449,0.4915985867816343,0.25791658088100955,0.5779370153673584,0.10217135683395692,0.120813526225902,0.8434844670513153,-25.589098387535422
198,199.0,0.05624014728369331,3.753561376699802,0.05624014728369331,3.753561376699802,2.037652789234367,0.5395305882013637,0.0,-4.638781180068557
199,200.0,0.18012717593068395,8.321362717422808,0.18012717593068395,8.321362717422808,2.037652789234367,0.5395305882013637,0.0,-4.638781180068557
200,201.0,0.3394141813552751,2.7080861868698927,0.25791743924679383,0.5779369500476225,0.10217135683070849,0.12081352622398141,0.8434844698273315,-25.589098387757982
201,202.0,0.4507507785467634,2.0849420102720635,0.25791744240563913,0.5779368481062515,0.10217135683067488,0.12081352622396152,0.8434844713245457,-25.58909838776028
202,203.0,0.0747692913595488,7.269716758415843,0.0747692913595488,7.269716758415843,2.037652789234367,0.5395305882013637,0.0,-4.638781180068557
203,204.0,0.8304541865615283,6.494762985244953,0.25791730785937445,0.5779366491693072,0.10217135683087872,0.12081352622408205,0.8434844739484424,-25.58909838774632
204,205.0,0.1875499177104053,1.885061649876892,0.2579174200079718,0.5779368448617688,0.10217135683067488,0.12081352622396155,0.8434844713245901,-25.58909838776028
205,206.0,0.38249226721534557,1.714672326189807,0.2579174263066319,0.5779368461005913,0.10217135683067441,0.12081352622396126,0.8434844713198059,-25.58909838776032
206,207.0,0.9675856515496032,1.6519610818768315,0.2579174134994161,0.5779370992386352,0.10217135683089601,0.12081352622409229,0.8434844675914507,-25.58909838774514
207,208.0,0.9300503583300903,8.220428315068137,0.25791726501976764,0.5779372440574132,0.10217135683136845,0.1208135262243716,0.8434844651596496,-25.589098387712763
208,209.0,0.42917385325153334,1.6540085260668589,0.2579174299354821,0.5779368437395273,0.10217135683067442,0.1208135262239613,0.8434844713620069,-25.589098387760313
209,210.0,0.5846421437110967,1.0733620678893503,0.25791689590928313,0.5779358586842375,0.10217135683526696,0.1208135262266765,0.843484484632168,-25.58909838744567
210,211.0,0.6451859585668406,5.889167599952969,0.2579174326633204,0.5779368479576174,0.10217135683067431,0.1208135262239612,0.8434844713061046,-25.589098387760327
211,212.0,0.471295966318349,4.889905573683879,0.2579174071028841,0.5779368381884744,0.10217135683067721,0.12081352622396292,0.8434844713948522,-25.589098387760128
212,213.0,0.9394633966838358,7.180751064077503,0.25791777621160894,0.5779368714207208,0.10217135683119187,0.12081352622426718,0.843484471689217,-25.589098387724864
213,214.0,0.3964733651178074,5.720429325140249,0.25791664526670355,0.577937009928794,0.10217135683348798,0.12081352622562475,0.8434844672677544,-25.589098387567553
214,215.0,0.3267781884183971,4.063411765322275,0.2579174108984355,0.5779368358096345,0.10217135683067675,0.12081352622396263,0.8434844714376668,-25.58909838776016
215,216.0,0.7911390075156178,2.667207588565243,0.2579176874439685,0.5779371991098723,0.10217135683135974,0.12081352622436643,0.843484466710337,-25.58909838771336
216,217.0,0.7099058780011754,0.21042569774604145,0.25791756034248714,0.5779368594374792,0.10217135683074716,0.12081352622400426,0.8434844714083168,-25.589098387755335
217,218.0,0.7045585167504321,4.405113724585317,0.25791742310065785,0.577936845912546,0.10217135683067455,0.12081352622396133,0.8434844713157711,-25.58909838776031
218,219.0,0.2812936236601147,8.8164112608665,0.2812936236601147,8.8164112608665,2.037652789231611,0.5395305882009989,1.6560086635308835e-12,-4.638781180078027
219,220.0,0.6626152327215046,3.04839852951387,0.2579172693752965,0.5779363177100145,0.10217135683178225,0.12081352622461623,0.8434844787131932,-25.589098387684412
220,221.0,0.9093421810857232,6.243689370809513,0.25791739512844397,0.5779366891099512,0.1021713568307733,0.12081352622401974,0.8434844735492322,-25.589098387753545
221,222.0,0.3004061063204134,3.180752828529663,0.25791749964335864,0.577936835751713,0.10217135683069635,0.12081352622397423,0.8434844716262746,-25.589098387758817
222,223.0,0.4346823153198617,2.2567051660553625,0.25791734570232516,0.5779370568176337,0.10217135683086208,0.12081352622407222,0.8434844680682172,-25.589098387747455
223,224.0,0.2126462459959827,2.6148168067644098,0.2579174142767873,0.5779364234102875,0.10217135683133387,0.12081352622435117,0.8434844774746012,-25.58909838771514
224,225.0,0.5579776763367542,4.734644154847727,0.25791757171674673,0.5779373458923148,0.10217135683161005,0.12081352622451443,0.8434844643195609,-25.589098387696215
225,226.0,0.692793573759476,0.7576126239736424,0.257917444586236,0.5779367182478806,0.1021713568307404,0.12081352622400027,0.8434844732278666,-25.589098387755794
226,227.0,0.7762284113917894,7.801524144982987,0.2579175510095555,0.5779366191979481,0.10217135683094289,0.12081352622412,0.8434844749012289,-25.589098387741924
227,228.0,0.3988659371737635,6.6558456119229055,0.2579171543783103,0.5779366442841393,0.10217135683113984,0.12081352622423643,0.8434844736946668,-25.58909838772843
228,229.0,0.8908837969417118,5.556954958960551,0.25791735313549913,0.5779368609574195,0.10217135683070075,0.12081352622397684,0.8434844709477061,-25.58909838775851
229,230.0,0.2840381999689451,8.781897017304692,0.2840381999689451,8.781897017304692,2.0376527892302807,0.5395305882008228,2.4449331448295197e-12,-4.6387811800825975
230,231.0,0.6389770526238503,2.8294759773538813,0.25791753536522816,0.5779368385510384,0.10217135683072309,0.12081352622399003,0.8434844716608935,-25.58909838775698
231,232.0,0.8392373759296174,7.387947481196094,0.2579174857297858,0.5779368885088442,0.10217135683069135,0.12081352622397128,0.8434844708254576,-25.589098387759158
232,233.0,0.3907467599898702,0.1086301705151891,0.25791740049271006,0.5779369833445458,0.10217135683074122,0.12081352622400075,0.8434844692584743,-25.589098387755737
233,234.0,0.628429699371534,7.526898890609412,0.25791816057291933,0.5779374550550641,0.102171356834131,0.12081352622600491,0.8434844639657617,-25.5890983875235
234,235.0,0.6533758892250721,8.672465971601506,0.2579174528899598,0.5779371546358386,0.1021713568310021,0.12081352622415498,0.8434844668647957,-25.589098387737863
235,236.0,0.8687480383454317,2.6407592496333727,0.2579181047753386,0.5779368258082873,0.10217135683265754,0.12081352622513375,0.8434844730492187,-25.589098387624446
236,237.0,0.8094903735732788,7.6796884339453,0.2579183382561414,0.5779373001379485,0.10217135683482251,0.12081352622641375,0.8434844666050381,-25.589098387476124
237,238.0,0.3705137418619492,2.886569882836472,0.2579156264082738,0.577937805842121,0.10217135684871564,0.12081352623462778,0.8434844534582584,-25.58909838652427
238,239.0,0.1935919992083418,8.040282220123405,0.1935919992083418,8.040282220123405,2.0376527892343663,0.5395305882013637,3.3306690738754696e-16,-4.6387811800685625
239,240.0,0.7223622263407815,3.556620496075986,0.25791748624558347,0.5779367427377698,0.1021713568307331,0.12081352622399595,0.84348447295793,-25.589098387756298
240,241.0,0.39187756103011784,1.7941306304996094,0.2579207929651905,0.5779367296925737,0.1021713568799855,0.12081352625311542,0.8434844800722019,-25.5890983843819
241,242.0,0.8568929803809784,2.871824759592187,0.25791753591752675,0.5779373336438022,0.10217135683153585,0.12081352622447057,0.8434844644229776,-25.5890983877013
242,243.0,0.455223095288558,3.4564401002886576,0.2579172594248697,0.5779369046347346,0.10217135683081455,0.12081352622404411,0.8434844701106403,-25.589098387750713
243,244.0,0.2897443153350674,5.257879204009589,0.25791915450544795,0.5779370764870756,0.10217135684361991,0.12081352623161504,0.8434844715883586,-25.589098386873392
244,245.0,0.3531731108237871,3.14823698194496,0.25791745063321725,0.5779366740289706,0.10217135683079152,0.12081352622403049,0.8434844738872,-25.589098387752294
245,246.0,0.6603128666048838,1.557577034516035,0.2579174142970586,0.577936793390637,0.10217135683068744,0.12081352622396896,0.843484472065083,-25.589098387759424
246,247.0,0.9297075515787624,2.8750682784383885,0.25791642989759567,0.5779367438235937,0.10217135683502582,0.12081352622653393,0.8434844707001347,-25.58909838746219
247,248.0,0.37759847410087655,6.319870911327263,0.2579174343121606,0.5779368445841504,0.10217135683067441,0.12081352622396127,0.8434844713589185,-25.58909838776032
248,249.0,0.45245051489539045,2.7783281833476305,0.25791705738382437,0.5779369068323001,0.10217135683129733,0.12081352622432956,0.8434844696502706,-25.589098387717637
249,250.0,0.8671240856766398,3.7858711972119288,0.2579176114787507,0.5779365243387781,0.10217135683122486,0.12081352622428672,0.843484476416048,-25.589098387722608
250,251.0,0.15994694736861603,8.111771948210666,0.15994694736861603,8.111771948210666,2.037652789234367,0.5395305882013637,0.0,-4.638781180068557
251,252.0,0.13306892118123015,4.845887749138816,0.13306892118123015,4.845887749138816,2.0376527892336767,0.5395305882012724,5.219158438762861e-13,-4.638781180070929
252,253.0,0.30765844035272516,4.40853454538209,0.25791740506122224,0.577936841117407,0.10217135683067732,0.12081352622396298,0.8434844713477063,-25.589098387760114
253,254.0,0.35837552614906754,9.040885876896668,0.35837552614906754,9.040885876896668,2.037652788596961,0.5395305881169774,3.4167402240825595e-10,-4.638781182258256
254,255.0,0.4061791689647024,6.942008923596276,0.40623983155079985,6.942004926793364,2.0376511426255384,0.5395303702064203,8.252423007171217e-07,-4.638786836707668
255,256.0,0.8627135865507585,5.927784957261439,0.2579176895303703,0.5779363300302636,0.10217135683199577,0.12081352622474249,0.8434844794220548,-25.58909838766979
256,257.0,0.12131449306520758,8.869436710440217,0.12131449306520758,8.869436710440217,2.037652789234367,0.5395305882013637,0.0,-4.638781180068557
257,258.0,0.5697008177935247,8.400577469782302,0.25791742637616016,0.5779368478950154,0.10217135683067431,0.1208135262239612,0.843484471293716,-25.589098387760327
258,259.0,0.5692379994321851,5.055933052510678,0.25791749103242406,0.5779364477087976,0.10217135683128746,0.12081352622432369,0.8434844772817547,-25.589098387718316
259,260.0,0.7098748277947255,2.339347628775095,0.25791768440647533,0.5779368955175362,0.1021713568309566,0.12081352622412811,0.8434844711429796,-25.589098387740982
260,261.0,0.6664047146968999,3.708018417861821,0.25791707815596004,0.577938165452865,0.1021713568375799,0.12081352622804396,0.8434844512912856,-25.589098387287205
261,262.0,0.4817207263019959,3.2143719220705003,0.2579179001691785,0.577935960753363,0.10217135683464312,0.12081352622630771,0.8434844852661805,-25.58909838748841
262,263.0,0.6032521705725409,7.440259855559638,0.2579173813105826,0.5779372138983248,0.10217135683116094,0.12081352622424886,0.8434844658468245,-25.589098387726985
263,264.0,0.6441001435745966,0.8271048444063928,0.25791731068581897,0.5779370292455465,0.10217135683085689,0.12081352622406916,0.8434844683972237,-25.589098387747818
264,265.0,0.7210020336600494,8.55403498576758,0.2579183058725005,0.5779366775798004,0.10217135683416816,0.12081352622602685,0.843484475640128,-25.58909838752095
265,266.0,0.9638554425876206,3.3170385750638776,0.2579174240157341,0.5779368495797891,0.10217135683067437,0.12081352622396122,0.8434844712640873,-25.58909838776032
266,267.0,0.6579220908432499,0.4973337064375406,0.25791699175739013,0.5779366465047604,0.10217135683162945,0.1208135262245259,0.8434844733172946,-25.589098387694882
267,268.0,0.42093342670947664,3.614616685344169,0.25791739512754236,0.577936786482192,0.10217135683069443,0.12081352622397311,0.8434844721255224,-25.589098387758945
268,269.0,0.09457516199070826,0.41849945657396914,0.2579176103000911,0.5779368727268308,0.1021713568308146,0.12081352622404413,0.8434844713196166,-25.589098387750713
269,270.0,0.1484339461396681,1.4144093498180497,0.25791744592992866,0.5779366740067328,0.10217135683079051,0.1208135262240299,0.8434844738775732,-25.58909838775236
270,271.0,0.08281353648838286,7.833355843342637,0.08281353648838286,7.833355843342637,2.037652789234367,0.5395305882013637,0.0,-4.638781180068557
271,272.0,0.47908924736691927,4.3860571960674255,0.25791739119986223,0.5779367885473397,0.10217135683069464,0.12081352622397323,0.8434844720870139,-25.589098387758934
272,273.0,0.5952271942990061,0.8105645024790595,0.25791728283201953,0.5779368647922488,0.10217135683077026,0.12081352622401795,0.8434844707427674,-25.589098387753747
273,274.0,0.5949818714903324,6.090845430089472,0.25791742938510204,0.5779368486526295,0.10217135683067424,0.12081352622396116,0.8434844712890057,-25.589098387760327
274,275.0,0.45102239461865323,7.867468201113912,0.45105481313098933,7.867466113894613,2.0376518495762403,0.5395304637998065,4.4340314520052715e-07,-4.638784408100557
275,276.0,0.2941583781237882,1.0768498744048196,0.257917584217734,0.5779371595911778,0.10217135683109833,0.12081352622421189,0.8434844670700488,-25.589098387731273
276,277.0,0.7940065186409062,6.121247046835443,0.2579174285044219,0.5779368481298713,0.10217135683067427,0.12081352622396119,0.8434844712947857,-25.589098387760327
277,278.0,0.09278612873390746,6.183031059425409,0.09278612873390746,6.183031059425409,2.037652789234367,0.5395305882013637,0.0,-4.638781180068557
278,279.0,0.92263237084093,8.760800891446731,0.25791744208502976,0.5779364975157059,0.10217135683112868,0.12081352622422985,0.8434844764499515,-25.589098387729194
279,280.0,0.7022576187190522,2.6929469868407208,0.2579165460526472,0.5779368984753871,0.10217135683409531,0.12081352622598379,0.843484468686268,-25.589098387525944
280,281.0,0.16206364859298672,9.716456360965099,0.16206364859298672,9.716456360965099,2.037652789234367,0.5395305882013637,0.0,-4.638781180068557
281,282.0,0.8737289418973442,1.0826941762979136,0.2579174300550925,0.5779368478917647,0.10217135683067424,0.12081352622396116,0.8434844713015484,-25.589098387760327
282,283.0,0.15940894084309443,2.8921736919484005,0.25791769453945124,0.5779365959381917,0.10217135683123804,0.12081352622429449,0.8434844755447052,-25.589098387721698
283,284.0,0.7778387067663878,8.231290787076327,0.2579172667774512,0.5779367791780697,0.10217135683080554,0.12081352622403876,0.843484471960548,-25.589098387751328
284,285.0,0.6352097919285044,2.7253088096611755,0.2579174273959549,0.5779368529810953,0.10217135683067421,0.12081352622396115,0.8434844712215084,-25.58909838776033
285,286.0,0.9690258478667757,7.467876135056943,0.25791832615232313,0.5779376862415111,0.10217135683637978,0.12081352622733445,0.8434844609337064,-25.58909838736943
286,287.0,0.1266089824033525,3.4981138365622506,0.1266089824033525,3.4981138365622506,2.037652782698614,0.539530587336094,4.99026231448596e-09,-4.638781202520997
287,288.0,0.518966590235023,1.2802936509613159,0.2579169495954048,0.5779371570639501,0.10217135683206688,0.12081352622478451,0.8434844657629238,-25.589098387664915
288,289.0,0.14608398848013382,6.583060098737004,0.14608398848013382,6.583060098737004,2.037652789234367,0.5395305882013637,0.0,-4.638781180068557
289,290.0,0.9298508345629714,5.267007174678037,0.2579186980728883,0.5779370036547495,0.10217135683766326,0.12081352622809328,0.8434844716965606,-25.589098387281492
290,291.0,0.7161659123115391,1.5063469214593272,0.2579169991811445,0.5779355669262111,0.10217135683721418,0.12081352622782776,0.843484489116997,-25.589098387312262
291,292.0,0.614923248108366,7.720275010186613,0.25791744690216534,0.5779368685252653,0.10217135683067616,0.12081352622396231,0.8434844710355047,-25.589098387760195
292,293.0,0.10317022694393518,0.7852984647385585,0.2579173404600808,0.5779371703627905,0.10217135683108336,0.12081352622420304,0.843484466396917,-25.5890983877323
293,294.0,0.34647645879178257,0.6305317824173682,0.25791800560219674,0.5779369421199182,0.10217135683212016,0.12081352622481603,0.8434844711394706,-25.589098387661267
294,295.0,0.9967707075224933,0.8721597887815634,0.2579174696812712,0.5779368158336885,0.10217135683068615,0.12081352622396821,0.8434844718541241,-25.589098387759513
295,296.0,0.5163664603281525,0.7768866842144637,0.2579173281609363,0.5779368309833053,0.10217135683072058,0.12081352622398854,0.8434844713330903,-25.589098387757154
296,297.0,0.7297129869393723,6.826192213313496,0.25791845869413776,0.5779377467629168,0.10217135683779907,0.12081352622817358,0.8434844603274011,-25.58909838727219
297,298.0,0.6209414720094256,3.267628140139619,0.2579174690702617,0.5779368413744511,0.10217135683068118,0.12081352622396525,0.8434844714793892,-25.589098387759854
298,299.0,0.1851094278347718,8.367857072707686,0.1851094278347718,8.367857072707686,2.037652789234367,0.5395305882013637,0.0,-4.638781180068557
299,300.0,0.562369354388444,6.365537356915909,0.25791742620991404,0.5779367418871648,0.10217135683071796,0.12081352622398699,0.8434844728433432,-25.589098387757335
300,301.0,0.1320806979905439,2.468238140843682,0.25791739101065614,0.577936045544488,0.10217135683300801,0.12081352622534096,0.8434844829500963,-25.589098387600437
301,302.0,0.5255285431788759,4.194338547881237,0.2579174140217544,0.5779368473076725,0.10217135683067541,0.12081352622396181,0.8434844712761597,-25.589098387760252
302,303.0,0.28101379802570925,7.925074932200393,0.28101379802570925,7.925074932200393,2.037652789170452,0.539530588192902,3.842171025780772e-11,-4.638781180288127
303,304.0,0.8824507962552595,0.32974070374930226,0.25791763279023117,0.5779366748883455,0.10217135683097821,0.12081352622414086,0.8434844742598513,-25.589098387739504
304,305.0,0.30385611306822946,7.517891559034974,0.30385611306822946,7.517891559034974,2.0376527876298947,0.5395305879889474,9.317704385836123e-10,-4.6387811855804415
305,306.0,0.8317492374086258,5.7743056289712955,0.25791741729501266,0.5779366686199993,0.10217135683079534,0.12081352622403274,0.8434844738957371,-25.58909838775203
306,307.0,0.32668393376542415,2.02369790098576,0.257917426626442,0.5779369585354696,0.10217135683071495,0.12081352622398522,0.8434844696765228,-25.58909838775754
307,308.0,0.3818421529773689,3.8043299257626244,0.2579174313424573,0.5779368344674877,0.10217135683067534,0.12081352622396181,0.8434844715005543,-25.589098387760252
308,309.0,0.648386336015871,6.056149694833127,0.2579174305451838,0.5779368497136427,0.10217135683067421,0.12081352622396113,0.8434844712759471,-25.58909838776033
309,310.0,0.825361942000308,5.381757957821333,0.25791759417413357,0.5779370901914203,0.10217135683097925,0.12081352622414149,0.8434844681058395,-25.58909838773943
310,311.0,0.16433827001826284,0.6826756106182859,0.25791689141505164,0.5779376332480289,0.10217135683428358,0.12081352622609512,0.8434844586769976,-25.589098387513047
311,312.0,0.9065798159394036,1.3755423604736008,0.2579169932504165,0.5779355830211963,0.10217135683708856,0.12081352622775347,0.8434844888690969,-25.589098387320867
312,313.0,0.2897841330542287,2.663062395040521,0.25791845568700006,0.577936703407174,0.10217135683537462,0.12081352622674014,0.8434844755776485,-25.58909838743829
313,314.0,0.3481135109130742,6.505141035243998,0.34813558214681534,6.5051396585674395,2.0376523146236347,0.5395305253675424,2.581946915158895e-07,-4.638782810510964
314,315.0,0.4955045485849585,9.45953173237073,0.4955045485849585,9.45953173237073,2.037652636183762,0.5395305679389607,6.820826103925981e-08,-4.63878170584718
315,316.0,0.833315150733232,7.210412313765704,0.2579177637367576,0.5779368502669918,0.10217135683115658,0.12081352622424635,0.8434844719721788,-25.589098387727283
316,317.0,0.3761409670313203,9.848183742569422,0.3761409670313203,9.848183742569422,2.0376527890153735,0.5395305881723712,1.1445544512156403e-10,-4.638781180820873
317,318.0,0.042818859611871485,2.7460902019517928,0.042818859611871485,2.7460902019517928,2.037652789234367,0.5395305882013637,0.0,-4.638781180068557
318,319.0,0.2686334456548538,6.011210369853612,0.2686334456548538,6.011210369853612,2.037652764182318,0.5395305848847176,1.534759719312717e-08,-4.638781266130495
319,320.0,0.43512528887619284,6.085074670458231,0.2579174290643555,0.5779368481342747,0.10217135683067423,0.12081352622396115,0.8434844712959062,-25.58909838776033
320,321.0,0.5674466338713028,0.3852334769550899,0.25791727491744315,0.5779375169311304,0.10217135683240455,0.12081352622498419,0.8434844611907456,-25.589098387641783
321,322.0,0.4114655817535683,8.671360730945938,0.4114655817535683,8.671360730945938,2.037652759450071,0.5395305842582142,1.4820697558093343e-08,-4.638781282387303
322,323.0,0.3100403079186014,9.785748694449733,0.3100403079186014,9.785748694449733,2.037652789232716,0.5395305882011452,9.49906819869284e-13,-4.638781180074229
323,324.0,0.37045077809416926,1.660886734260996,0.257917424892018,0.5779364989475122,0.10217135683112233,0.12081352622422609,0.8434844763926309,-25.58909838772963
324,325.0,0.9460431886168481,0.23901049698847945,0.2579180828826642,0.5779360134990258,0.10217135683525311,0.12081352622666833,0.843484484880401,-25.589098387446622
325,326.0,0.3511472262065152,7.216262135228238,0.3511472262065152,7.216262135228238,2.0376527172642924,0.5395305786732298,3.8982478467453063e-08,-4.6387814273091745
326,327.0,0.007602944314526461,5.532072781916614,0.007602944314526461,5.532072781916614,2.037652789234367,0.5395305882013637,0.0,-4.638781180068557
327,328.0,0.7768538560366195,6.941151258346754,0.2579174222419421,0.5779368499905935,0.10217135683067446,0.1208135262239613,0.8434844712543272,-25.589098387760313
328,329.0,0.9428414939389007,9.56965638810722,0.25791730427250664,0.5779372265720242,0.10217135683126413,0.12081352622430992,0.8434844654984353,-25.589098387719915
329,330.0,0.4867985740134704,5.763775387162401,0.25791745972835867,0.5779369566506117,0.10217135683071585,0.12081352622398575,0.8434844697741188,-25.589098387757478
330,331.0,0.020216093612929198,0.7781602414207185,0.2579173813602291,0.5779368519278983,0.10217135683068475,0.12081352622396738,0.843484471139478,-25.589098387759613
331,332.0,0.04749388139636579,9.425389151960285,0.04749388139636579,9.425389151960285,2.037652789234367,0.5395305882013637,0.0,-4.638781180068557
332,333.0,0.06639113206274361,4.403230523481178,0.06639113206274361,4.403230523481178,2.037652789234367,0.5395305882013637,0.0,-4.638781180068557
333,334.0,0.14235830362826118,2.0374639087281077,0.2579174045373548,0.5779369457134241,0.10217135683070937,0.1208135262239819,0.8434844698172561,-25.58909838775792
334,335.0,0.24933125763413788,5.39530074637157,0.24933125763413788,5.39530074637157,2.037652721335044,0.5395305792121576,4.285351262733883e-08,-4.6387814133248195
335,336.0,0.1020040398577916,1.1509888292361266,0.2579174214978831,0.5779367425368477,0.1021713568307176,0.12081352622398676,0.8434844728238721,-25.58909838775736
336,337.0,0.6468858459681794,2.0922765719820617,0.25791741924956074,0.5779366108985541,0.10217135683088319,0.12081352622408469,0.8434844747438327,-25.589098387746013
337,338.0,0.8604523322801085,8.137422699969454,0.2579177673919535,0.5779378449603739,0.10217135683458312,0.12081352622627221,0.8434844574354212,-25.589098387492523
338,339.0,0.8462856343641387,1.998736699823687,0.2579174136877628,0.5779376536723307,0.10217135683298746,0.12081352622532882,0.8434844594850444,-25.589098387601844
339,340.0,0.4184403717720645,5.3084769184003004,0.25791745788379705,0.5779368697896005,0.10217135683067838,0.12081352622396362,0.8434844710402526,-25.589098387760046
340,341.0,0.2780709607713965,1.2306914245009957,0.2579175122478633,0.5779367977159381,0.10217135683071549,0.12081352622398553,0.8434844722090725,-25.589098387757502
341,342.0,0.5198536654522715,7.48913701415645,0.2579184011918298,0.5779378007620639,0.10217135683765705,0.1208135262280896,0.8434844594168952,-25.589098387281922
342,343.0,0.6398061013633656,8.467988439817946,0.25791736608202886,0.5779369192523636,0.10217135683070994,0.12081352622398225,0.8434844701227612,-25.589098387757883
343,344.0,0.9920829924204747,9.40275637454905,0.25791739958075227,0.5779369311329913,0.10217135683070158,0.12081352622397731,0.8434844700199531,-25.589098387758455
344,345.0,0.5005885155004899,0.8202708068461418,0.25791761603353336,0.5779372679487923,0.10217135683141557,0.12081352622439943,0.8434844655529058,-25.589098387709537
345,346.0,0.4895121946716059,8.202632936178372,0.48956175502745125,8.20262964991849,2.037651174653829,0.5395303744466543,7.249653904972675e-07,-4.638786726679985
346,347.0,0.500264317449308,1.8226962598615264,0.2579174900489482,0.5779369153109538,0.10217135683070236,0.12081352622397776,0.843484470442707,-25.589098387758398
347,348.0,0.4313084150770464,7.550015876215497,0.43134305403543294,7.550013655769434,2.0376518264420276,0.5395304607370623,4.663668189408554e-07,-4.638784487574137
348,349.0,0.6498758489394514,0.20289331032688215,0.2579183031063057,0.5779361800029811,0.10217135683582212,0.12081352622700472,0.8434844829098114,-25.589098387407635
349,350.0,0.5312100585701315,7.171688319299872,0.25791783795808415,0.5779369287124753,0.1021713568314044,0.12081352622439284,0.8434844709818611,-25.5890983877103
350,351.0,0.7805321928256699,2.9817047694797365,0.25791700598951545,0.5779369165999155,0.10217135683148217,0.12081352622443882,0.8434844693984389,-25.589098387704972
351,352.0,0.12528479937248738,4.679077102935999,0.12528479937248738,4.679077102935999,2.037652789233941,0.5395305882013074,3.2585045772748344e-13,-4.638781180070021
352,353.0,0.2825806933165822,1.921561695137231,0.2579172133119643,0.5779366835170362,0.10217135683096808,0.1208135262241349,0.8434844732459474,-25.589098387740194
353,354.0,0.12189870926227686,4.525092583071161,0.12189870926227686,4.525092583071161,2.0376527892337055,0.5395305882012762,5.087041898832467e-13,-4.638781180070831
354,355.0,0.02703636712555113,2.2656260481775052,0.02703636712555113,2.2656260481775052,2.037652789234367,0.5395305882013637,0.0,-4.638781180068557
355,356.0,0.07056881648671076,1.3021929089778237,0.25791542326655925,0.5779373285592924,0.10217135684934417,0.12081352623499939,0.8434844600014457,-25.589098386481208
356,357.0,0.6369341427077716,0.47977659647627374,0.2579177513382558,0.5779368390133803,0.10217135683112327,0.12081352622422664,0.843484472110543,-25.589098387729564
357,358.0,0.16285007338718382,6.705155985891282,0.16285007338718382,6.705155985891282,2.0376527892343654,0.5395305882013636,1.1102230246251565e-15,-4.638781180068566
358,359.0,0.3595082013132843,6.651263766593597,0.3595318268592608,6.651262345508116,2.0376522610130365,0.539530518270023,2.826774725406267e-07,-4.638782994680849
359,360.0,0.8814074121261576,8.198773508389388,0.2579183245331345,0.5779374187497658,0.10217135683511039,0.12081352622658392,0.8434844648417567,-25.589098387456396
360,361.0,0.2574213569057574,2.9820596712658634,0.2579173724655477,0.5779365977628143,0.10217135683091631,0.12081352622410427,0.8434844748368641,-25.589098387743746
361,362.0,0.3992172336581783,9.970597396948087,0.3992172336581783,9.970597396948087,2.037652788592606,0.539530588116401,3.2476399347558527e-10,-4.638781182273217
362,363.0,0.7054992160701856,4.0578339324186805,0.2579167093609585,0.5779362592078917,0.10217135683403934,0.12081352622595071,0.8434844783799959,-25.589098387529777
363,364.0,0.9860364790730005,9.475055628534781,0.2579174300075635,0.5779369126448525,0.10217135683068723,0.12081352622396883,0.8434844703546654,-25.589098387759435
364,365.0,0.5318162178467326,7.0181326346337345,0.25791742320372296,0.5779368400333672,0.10217135683067498,0.1208135262239616,0.8434844714019509,-25.589098387760277
365,366.0,0.5267728636099879,1.4987430001386353,0.25791767108437963,0.5779368681782991,0.1021713568309249,0.12081352622410936,0.8434844715145776,-25.589098387743153
366,367.0,0.041274496481329526,2.1891601647343086,0.041274496481329526,2.1891601647343086,2.0376527892337455,0.5395305882012815,5.258016244624741e-13,-4.638781180070692
367,368.0,0.28457879849840073,7.958433526389424,0.28457879849840073,7.958433526389424,2.037652789156582,0.5395305881910658,4.650690943464042e-11,-4.638781180335776
368,369.0,0.5548196426599156,1.553738333466697,0.2579174260536425,0.5779368519080171,0.1021713568306743,0.12081352622396122,0.8434844712343577,-25.589098387760327
369,370.0,0.27997286827809875,5.552312052251747,0.27998947721455586,5.552311075255479,2.0376525098224167,0.5395305512099539,1.6822857129561442e-07,-4.6387821399395435
370,371.0,0.648511207253493,1.9609033119924755,0.25791743933315503,0.5779368705566688,0.1021713568306757,0.12081352622396202,0.8434844709897877,-25.589098387760227
371,372.0,0.6772558898775115,5.245391144357743,0.25791716922349345,0.577937121356388,0.10217135683125685,0.1208135262243056,0.8434844667507686,-25.589098387720412
372,373.0,0.9775552752666082,2.418282276792024,0.25791658332838685,0.5779366862091936,0.10217135683383924,0.1208135262258324,0.8434844718690266,-25.589098387543487
373,374.0,0.9318252083751842,9.329649432180677,0.2579174543069857,0.5779371595818453,0.10217135683101303,0.12081352622416147,0.8434844667954746,-25.589098387737117
374,375.0,0.4493139781738711,8.200046443806183,0.449329388069461,8.200045511218919,2.0376523670119266,0.5395305323032404,1.9968999820374478e-07,-4.638782630540103
375,376.0,0.4398793252737587,6.5052888178501345,0.25791725548155897,0.5779366378277256,0.10217135683095879,0.12081352622412939,0.8434844740033234,-25.589098387740833
376,377.0,0.3975444519931135,0.00408925239063432,0.25791737330237724,0.5779367889928368,0.10217135683070151,0.12081352622397727,0.8434844720426161,-25.58909838775846
377,378.0,0.9374943595853414,8.01496099007757,0.2579173397128448,0.57793681275081,0.10217135683071438,0.1208135262239849,0.8434844716241323,-25.589098387757577
378,379.0,0.7994468379921084,6.642990049824303,0.25791708879617653,0.577936629110092,0.10217135683133247,0.12081352622435032,0.8434844737774733,-25.589098387715232
379,380.0,0.35370727578366,5.0684542725877595,0.2579174268572411,0.5779368302947862,0.10217135683067596,0.12081352622396216,0.8434844715520738,-25.58909838776021
380,381.0,0.8707603389114451,0.15989392435485134,0.2579174536743442,0.5779368385589246,0.10217135683067727,0.12081352622396294,0.8434844714879839,-25.58909838776012
381,382.0,0.7777003952310891,3.4509141445344715,0.2579174896231315,0.5779366446619699,0.10217135683084885,0.12081352622406438,0.8434844743990748,-25.589098387748365
382,383.0,0.4112836111464889,2.9931696488080783,0.2579175094713801,0.5779371427094069,0.10217135683099567,0.1208135262241512,0.8434844671588564,-25.589098387738304
383,384.0,0.4422489678268263,5.729883491563955,0.25791743072721646,0.5779368469882735,0.10217135683067427,0.12081352622396119,0.843484471316181,-25.589098387760327
384,385.0,0.41952409732607576,3.5602833670921616,0.2579180722159116,0.5779369524324792,0.10217135683247451,0.12081352622502554,0.8434844711291015,-25.589098387636987
385,386.0,0.09844341134968593,4.671730765963556,0.09844341134968593,4.671730765963556,2.0376527892343668,0.5395305882013637,0.0,-4.638781180068559
386,387.0,0.516530401173135,8.644075540787979,0.5165745436403723,8.644072609799437,2.0376512795137676,0.5395303883290896,6.554064195807285e-07,-4.63878636645172
387,388.0,0.35417420354921936,7.755769217308512,0.35417420354921936,7.755769217308512,2.0376527709230077,0.5395305857771191,9.87509130023767e-09,-4.638781242974034
388,389.0,0.2812236323386538,2.5439528115295444,0.2579178403702877,0.5779369697121438,0.1021713568314352,0.12081352622441105,0.8434844703874617,-25.589098387708194
389,390.0,0.38201740228306325,6.302420076823779,0.25791743136022727,0.5779368477740825,0.10217135683067421,0.12081352622396116,0.8434844713060308,-25.58909838776033
390,391.0,0.27343482759703985,1.79951646760778,0.25791745407636363,0.5779368635430031,0.10217135683067693,0.12081352622396276,0.8434844711235315,-25.589098387760146
391,392.0,0.7355218007312637,1.3783824780578595,0.2579173836609912,0.5779370108877919,0.10217135683077683,0.12081352622402182,0.8434844688201283,-25.5890983877533
392,393.0,0.9753407980870904,3.710887577127301,0.25791754341911516,0.5779367129818869,0.10217135683080508,0.1208135262240385,0.8434844735139275,-25.589098387751367
393,394.0,0.06104096011736915,1.181634830326056,0.25791720498822296,0.5779354617501424,0.10217135683772718,0.12081352622813105,0.8434844910913133,-25.589098387277115
394,395.0,0.5010000449143838,4.665129240390561,0.257917233859642,0.5779368104438857,0.10217135683084554,0.12081352622406244,0.8434844714336691,-25.589098387748592
395,396.0,0.8930006816515788,7.256745868338833,0.2579177716843659,0.5779368602392811,0.10217135683117876,0.12081352622425946,0.8434844718431493,-25.589098387725763
396,397.0,0.7259781283532402,4.951412904372257,0.2579171358034046,0.5779369516060939,0.10217135683109788,0.1208135262242116,0.8434844691619027,-25.589098387731305
397,398.0,0.9836472998490408,8.60776362918782,0.2579172638434873,0.5779374075082159,0.10217135683193648,0.12081352622470745,0.8434844627672453,-25.58909838767385
398,399.0,0.5902043523963831,7.342901760206321,0.257917899967883,0.5779369938986277,0.10217135683167851,0.1208135262245549,0.8434844701595707,-25.589098387691525
399,400.0,0.1287800943012648,4.107155786267499,0.1287800943012648,4.107155786267499,2.0376527891534537,0.5395305881906516,6.157863108313677e-11,-4.638781180346523
400,401.0,0.4284902790034091,8.588906914456382,0.4284902790034091,8.588906914456382,2.037652712387257,0.5395305780275582,3.7366798433247084e-08,-4.638781444063378
401,402.0,0.6107442080843755,0.646373090954469,0.2579174188667329,0.5779368448937894,0.10217135683067499,0.1208135262239616,0.8434844713217069,-25.589098387760277
402,403.0,0.9146667916922324,3.573527938193127,0.2579172402195823,0.5779369418991601,0.1021713568308667,0.12081352622407496,0.8434844695251025,-25.589098387747146
403,404.0,0.4620168869650543,2.0210346922769418,0.2579175742435178,0.5779366815029641,0.1021713568308778,0.12081352622408148,0.8434844740393721,-25.589098387746382
404,405.0,0.5948567996314034,8.697710425730817,0.25791746403463706,0.5779372348119702,0.10217135683119984,0.12081352622427191,0.843484465716061,-25.589098387724317
405,406.0,0.2735131410259045,2.693088786711306,0.2579174276357617,0.5779368452155869,0.10217135683067444,0.12081352622396127,0.8434844713355584,-25.589098387760313
406,407.0,0.6976223326052298,4.674475952488864,0.2579174386078167,0.5779368484620395,0.10217135683067453,0.12081352622396131,0.8434844713113079,-25.58909838776031
407,408.0,0.05517908259195925,7.680698686181858,0.05517908259195925,7.680698686181858,2.037652789234367,0.5395305882013637,0.0,-4.638781180068557
408,409.0,0.2308756670998472,7.2655367621009965,0.2308756670998472,7.2655367621009965,2.0376527892294813,0.539530588200717,3.1732394489836224e-12,-4.638781180085342
409,410.0,0.4209759561164882,2.1458989027023647,0.25791755491222085,0.5779369954197965,0.10217135683080827,0.12081352622404042,0.8434844694085599,-25.589098387751143
410,411.0,0.13565321212462866,0.19241914887336203,0.25791794550203234,0.5779363227961342,0.1021713568329343,0.12081352622529737,0.8434844800682988,-25.589098387605485
411,412.0,0.08763692909430998,6.216854038380824,0.08763692909430998,6.216854038380824,2.037652789234367,0.5395305882013637,0.0,-4.638781180068557
412,413.0,0.5659064977295173,7.07293243773918,0.25791828617839635,0.5779376481486531,0.1021713568358771,0.12081352622703725,0.8434844614066308,-25.589098387403865
413,414.0,0.013662216225010293,2.2623699548372325,0.013662216225010293,2.2623699548372325,2.037652789234367,0.5395305882013637,0.0,-4.638781180068557
414,415.0,0.0955632489949737,1.7771045529331193,0.25791640258195114,0.5779368420677808,0.10217135683526085,0.12081352622667291,0.8434844692055943,-25.589098387446086
415,416.0,0.1559731921753721,0.8379732459259231,0.2579172969828783,0.5779368591999559,0.10217135683075224,0.12081352622400728,0.8434844708545037,-25.589098387754987
416,417.0,0.8600648258719386,6.642646061088225,0.2579172462234247,0.5779369097259814,0.10217135683083758,0.12081352622405771,0.8434844700082347,-25.589098387749136
417,418.0,0.037657388597487795,9.045904315198971,0.037657388597487795,9.045904315198971,2.037652789234367,0.5395305882013637,0.0,-4.638781180068557
418,419.0,0.09375793981796765,9.146342119660119,0.09375793981796765,9.146342119660119,2.037652789234367,0.5395305882013637,0.0,-4.638781180068557
419,420.0,0.42630320886232376,0.9613053098339924,0.25791772285185277,0.5779364653992177,0.10217135683162512,0.12081352622452335,0.8434844775131852,-25.58909838769518
420,421.0,0.08958979863042837,9.458013430177258,0.08958979863042837,9.458013430177258,2.037652789234367,0.5395305882013637,0.0,-4.638781180068557
421,422.0,0.8371097274603178,6.5781217516828,0.2579173995965375,0.5779367838906153,0.10217135683069446,0.12081352622397312,0.8434844721728735,-25.589098387758945
422,423.0,0.8064465115791852,9.72214112496954,0.25791720729724943,0.5779353822031703,0.10217135683853494,0.12081352622860862,0.8434844922591982,-25.589098387221775
423,424.0,0.6785966963024472,5.923390477049378,0.257917668859191,0.577936237929745,0.1021713568323314,0.12081352622494093,0.8434844807249916,-25.589098387646793
424,425.0,0.4459427313704163,1.6613488032523709,0.25791742145340735,0.5779368175007021,0.10217135683067877,0.12081352622396382,0.8434844717277057,-25.589098387760014
425,426.0,0.5962040542344389,1.5999168219712299,0.25791825745358526,0.5779362681909005,0.10217135683504866,0.12081352622654747,0.8434844815242328,-25.58909838746063
426,427.0,0.8229125579370512,0.32215939159166834,0.25791778728413634,0.5779359109796617,0.1021713568345351,0.12081352622624385,0.8434844857555752,-25.589098387495813
427,428.0,0.1153321561260573,4.220582190223037,0.1153321561260573,4.220582190223037,2.037652789232607,0.5395305882011308,1.3664624987086427e-12,-4.6387811800746075
428,429.0,0.2612318620869095,7.220280808077115,0.2612318620869095,7.220280808077115,2.0376527890916396,0.539530588182468,8.843947796322027e-11,-4.638781180558874
429,430.0,0.5017317509572213,1.9061437641166112,0.2579174620813849,0.5779367258512753,0.1021713568307375,0.12081352622399855,0.8434844731537122,-25.589098387755993
430,431.0,0.31234776717712065,6.417222913024263,0.31234776717712065,6.417222913024263,2.037652690690854,0.5395305751551667,5.6505224277358934e-08,-4.6387815185975825
431,432.0,0.30520623286771253,0.0010211841073633275,0.25791743828526253,0.5779368479421745,0.10217135683067453,0.12081352622396133,0.8434844713182263,-25.58909838776031
432,433.0,0.07150109259009996,2.2448599485505203,0.07151548108050668,2.2448591047810162,2.037652730490962,0.5395305804243117,4.838607825519148e-08,-4.638781381871263
433,434.0,0.06323516651957939,2.0749402516786497,0.06325870324771384,2.0749388750020907,2.037652701870531,0.5395305766352465,7.261637635647133e-08,-4.638781480191753
434,435.0,0.45197707166925327,4.557830510366643,0.2579175067259692,0.5779368426790066,0.10217135683069994,0.12081352622397637,0.8434844715399681,-25.58909838775857
435,436.0,0.5481743526546594,9.814038679024149,0.5481871868327596,9.814037924072554,2.0376523616141653,0.5395305315886297,1.7866162760338256e-07,-4.638782649083174
436,437.0,0.5723591449168438,1.3940457076340838,0.25791714049976455,0.5779368278921703,0.1021713568310392,0.12081352622417696,0.8434844709807008,-25.589098387735326
437,438.0,0.3879595608154648,9.076751839204277,0.3879595608154648,9.076751839204277,2.0376527859214244,0.5395305877627626,1.7029662124912193e-09,-4.6387811914495956
438,439.0,0.9208827296035962,7.034110611285667,0.2579183275692856,0.5779376225405526,0.10217135683604439,0.12081352622713613,0.8434844618681733,-25.589098387392408
439,440.0,0.2819723856160572,6.367022852830688,0.2819723856160572,6.367022852830688,2.037652771765102,0.539530585888604,1.0486186696745392e-08,-4.638781240081165
440,441.0,0.7309712647486507,2.6688066577398204,0.2579174690863695,0.5779368470578149,0.10217135683068074,0.12081352622396499,0.8434844713963245,-25.589098387759883
441,442.0,0.7281037145113861,6.831819284207213,0.25791844347949117,0.5779377043942793,0.10217135683741929,0.12081352622794904,0.8434844609149761,-25.58909838729821
442,443.0,0.5585242138598886,4.7483645068595415,0.2579175420783075,0.5779367105303567,0.10217135683080626,0.12081352622403924,0.8434844735469369,-25.589098387751285
443,444.0,0.04986804727576277,4.205239561475913,0.04986804727576277,4.205239561475913,2.037652789234367,0.5395305882013637,0.0,-4.638781180068557
444,445.0,0.30535417041023916,6.678873893412084,0.30535417041023916,6.678873893412084,2.037652761362285,0.5395305845113728,1.614992184428843e-08,-4.638781275818227
445,446.0,0.3565964802240901,5.4348016463325735,0.2579182005178311,0.5779371730051117,0.10217135683352697,0.12081352622564781,0.8434844681741294,-25.58909838756488
446,447.0,0.07136925433557895,2.017474296988075,0.25791739086303883,0.5779370012076042,0.10217135683076281,0.12081352622401355,0.8434844689769099,-25.58909838775426
447,448.0,0.19748379990637988,4.983783867328389,0.19748379990637988,4.983783867328389,2.037652784356098,0.5395305875555286,3.3382454578401166e-09,-4.638781196826999
448,449.0,0.12109583317962436,4.210032713461354,0.12109583317962436,4.210032713461354,2.037652789227015,0.5395305882003905,5.660139024143973e-12,-4.638781180093815
449,450.0,0.6520904445037531,6.344068364884245,0.2579174230155145,0.5779367285751008,0.10217135683072913,0.12081352622399359,0.843484473031223,-25.58909838775657
450,451.0,0.5673343745634539,1.761020474542926,0.25791741309597527,0.577936959473273,0.10217135683071746,0.12081352622398672,0.843484469634179,-25.589098387757367
451,452.0,0.5267716813003123,8.520480407534444,0.25791732679063734,0.5779367284946464,0.10217135683077133,0.12081352622401854,0.8434844728287023,-25.589098387753673
452,453.0,0.6017561262749733,3.9690135236035733,0.25791743334181494,0.5779368303093223,0.10217135683067596,0.12081352622396217,0.8434844715655831,-25.58909838776021
453,454.0,0.9420089476834953,0.0781884416856138,0.2579174394863164,0.5779368684853077,0.1021713568306754,0.12081352622396185,0.843484471020398,-25.589098387760252
454,455.0,0.44240921336110206,9.454051754693012,0.44240921336110206,9.454051754693012,2.0376527700345157,0.5395305856594913,9.163993341942955e-09,-4.6387812460262925
455,456.0,0.13654800640347453,4.38399381222375,0.13654800640347453,4.38399381222375,2.0376527891915783,0.539530588195699,3.218358912704389e-11,-4.6387811802155525
456,457.0,0.13987441061357564,6.451901282372889,0.13987441061357564,6.451901282372889,2.037652789234367,0.5395305882013637,0.0,-4.638781180068557
457,458.0,0.2675990607137869,8.50797217110509,0.2675990607137869,8.50797217110509,2.0376527892323026,0.5395305882010905,1.2667644710973036e-12,-4.63878118007565
458,459.0,0.9373464127140025,6.797173131160442,0.2579184652426517,0.5779377760524572,0.10217135683803574,0.12081352622831348,0.8434844599128635,-25.589098387255977
459,460.0,0.5914636665897904,0.9785841185092109,0.2579174471303823,0.5779369713781584,0.10217135683072552,0.12081352622399147,0.8434844695321271,-25.589098387756813
460,461.0,0.9513856162180505,1.9008310271638071,0.25791739178520007,0.5779369985480366,0.1021713568307596,0.12081352622401163,0.8434844690177484,-25.589098387754483
461,462.0,0.6391033711697437,4.374404716888058,0.25791831325401104,0.5779369434608729,0.10217135683405824,0.1208135262259619,0.8434844717679072,-25.589098387528484
462,463.0,0.3931467293861848,0.5484610693671428,0.2579166596737651,0.5779369974618445,0.10217135683337261,0.1208135262255565,0.8434844674806625,-25.589098387575454
463,464.0,0.8759968264081042,2.435234741580809,0.2579175044746391,0.5779363626635113,0.10217135683157291,0.12081352622449247,0.8434844785536514,-25.589098387698755
464,465.0,0.7985157496212077,7.72399853758364,0.25791743526043065,0.5779368640979566,0.10217135683067476,0.12081352622396144,0.8434844710756056,-25.589098387760295
465,466.0,0.07748723347844033,2.791305912082844,0.07748723347844033,2.791305912082844,2.0376527890373017,0.5395305881752743,1.6116497025819854e-10,-4.638781180745541
466,467.0,0.34643643611436614,5.599072847335623,0.25791742687952757,0.5779368470861882,0.10217135683067435,0.12081352622396126,0.8434844713066072,-25.58909838776032
467,468.0,0.9901583402184301,5.340706840125575,0.2579177135622569,0.5779372075239514,0.10217135683143798,0.1208135262244127,0.8434844666424741,-25.589098387708002
468,469.0,0.02893323320800789,7.125688785777019,0.02893323320800789,7.125688785777019,2.037652789234367,0.5395305882013637,0.0,-4.638781180068557
469,470.0,0.24798831105415942,0.11462419508507157,0.25791750283512177,0.5779373722505624,0.10217135683165406,0.12081352622454045,0.8434844637885247,-25.5890983876932
470,471.0,0.1961417324079684,3.892345801516476,0.25791730736354285,0.5779369793210062,0.10217135683080385,0.12081352622403776,0.8434844691201558,-25.58909838775145
471,472.0,0.3343681183733602,0.39972667798374356,0.2579173199828769,0.5779369010459702,0.1021713568307378,0.12081352622399875,0.8434844702913652,-25.589098387755975
472,473.0,0.08576619417660114,5.079462132876294,0.08576619417660114,5.079462132876294,2.037652789234367,0.5395305882013637,0.0,-4.638781180068557
473,474.0,0.8852544345085976,6.8436203634384265,0.25791713180154263,0.5779366427004439,0.10217135683119674,0.12081352622427008,0.8434844736699592,-25.589098387724533
474,475.0,0.9396716525501005,5.702562667936061,0.2579164430674987,0.5779371068079662,0.10217135683523554,0.12081352622665793,0.8434844654211342,-25.589098387447823
475,476.0,0.4504742923711901,8.540077769855609,0.4504742923711901,8.540077769855609,2.0376525823162224,0.5395305608074251,9.77145144798186e-08,-4.638781890899715
476,477.0,0.94788786294451,8.043881754026042,0.25791737119430935,0.5779369117945315,0.1021713568307035,0.12081352622397845,0.8434844702426268,-25.589098387758323
477,478.0,0.6186185326324799,3.9087609926244586,0.25791739830015553,0.5779368885793297,0.10217135683068386,0.12081352622396684,0.8434844706394379,-25.589098387759666
478,479.0,0.4210853172625951,3.218665901974636,0.2579174214176075,0.577936850306888,0.10217135683067456,0.12081352622396133,0.8434844712479581,-25.58909838776031
479,480.0,0.05431608655405051,9.560280130481079,0.05431608655405051,9.560280130481079,2.037652789234367,0.5395305882013637,0.0,-4.638781180068557
480,481.0,0.11580257318457787,2.2468691186864245,0.25791782257254375,0.5779373299028236,0.10217135683209162,0.12081352622479917,0.8434844650831972,-25.58909838766322
481,482.0,0.6600429875136742,7.314966772193488,0.25791781839107814,0.5779368977657979,0.1021713568313283,0.12081352622434786,0.8434844713930556,-25.589098387715516
482,483.0,0.7365430940362631,4.494012287279237,0.2579172272334944,0.5779377539543672,0.10217135683384221,0.12081352622583415,0.8434844576240543,-25.58909838754328
483,484.0,0.48279057072489295,7.424861958256812,0.2579176196913199,0.5779365421047234,0.10217135683119712,0.12081352622427032,0.8434844761736466,-25.5890983877245
484,485.0,0.34043077862022486,6.632132483523771,0.340442058486161,6.632131861798873,2.03765256254054,0.539530558189318,1.2471123966850683e-07,-4.638781958835622
485,486.0,0.608792556484383,6.265622615170776,0.25791737856656455,0.5779367003355074,0.10217135683076607,0.12081352622401546,0.843484473350043,-25.589098387754035
486,487.0,0.24231597637518143,3.992226098262054,0.25791743791320554,0.57793685544964,0.10217135683067446,0.12081352622396131,0.8434844712076693,-25.589098387760313
487,488.0,0.9901050360469807,2.71542242632155,0.25791814010057407,0.5779368438807587,0.10217135683286319,0.12081352622525535,0.8434844728593931,-25.58909838761036
488,489.0,0.5145185259872388,5.388547882881482,0.2579175889209466,0.5779367981042521,0.10217135683079687,0.12081352622403363,0.8434844723655217,-25.589098387751925
489,490.0,0.1741453783432274,0.7511766450608505,0.25791737508366624,0.577936936065243,0.10217135683071449,0.12081352622398495,0.8434844698959876,-25.589098387757574
490,491.0,0.5036460509409665,8.568515617236843,0.5036823774381497,8.568513307973143,2.0376515983034222,0.539530430533735,5.253393903226211e-07,-4.6387852713048545
491,492.0,0.9882763117050448,0.5607925782030506,0.2579171937320831,0.5779366376215461,0.10217135683106472,0.12081352622419203,0.8434844738754947,-25.58909838773357
492,493.0,0.5975442550050747,0.8861013266041007,0.2579166061107347,0.5779360995298547,0.10217135683543341,0.12081352622677494,0.843484480494935,-25.58909838743427
493,494.0,0.6379532726921257,1.5797778202278159,0.2579177869290944,0.577937112567791,0.1021713568314347,0.12081352622441079,0.8434844681858356,-25.589098387708226
494,495.0,0.3533087998414257,4.535291214298358,0.25791455467060226,0.5779360954950061,0.10217135686785189,0.12081352624594167,0.8434844761618956,-25.589098385213198
495,496.0,0.026885722158112246,1.6496849294417475,0.026885722158112246,1.6496849294417475,2.0376527891702465,0.5395305881928749,5.450606632706467e-11,-4.638781180288833
496,497.0,0.6974408326755652,8.029996172593686,0.2579175362153755,0.5779367154881987,0.10217135683079533,0.12081352622403274,0.8434844734620477,-25.58909838775203
497,498.0,0.350773638048377,5.251041874024107,0.257920440786039,0.5779373187756256,0.10217135687029309,0.120813526247385,0.8434844707267499,-25.58909838504595
498,499.0,0.81099119237316,3.342101089909926,0.2579171081938442,0.5779367337626807,0.10217135683116205,0.12081352622424955,0.8434844722884831,-25.589098387726906
499,500.0,0.9603370722226209,9.06120782349376,0.25791743571420134,0.577936413064916,0.10217135683136852,0.12081352622437162,0.8434844776712342,-25.589098387712763
500,501.0,0.021351737131587334,5.158405738228883,0.021351737131587334,5.158405738228883,2.037652789234367,0.5395305882013637,0.0,-4.638781180068557
501,502.0,0.9883771962388157,8.732326928962165,0.25791741318687683,0.5779370226628743,0.10217135683078082,0.12081352622402418,0.8434844687104451,-25.589098387753026
502,503.0,0.9765132447378458,5.246882695222224,0.2579174921696666,0.5779367524703771,0.10217135683072887,0.12081352622399347,0.8434844728281574,-25.589098387756582
503,504.0,0.8070667277215098,8.711152303657402,0.25791742565074005,0.5779368576875904,0.10217135683067441,0.12081352622396124,0.8434844711489997,-25.58909838776032
504,505.0,0.5901539282232737,7.59312586446623,0.2579175559715583,0.5779365207172754,0.10217135683115305,0.12081352622424422,0.8434844763516383,-25.589098387727525
505,506.0,0.5564156496284473,7.147368400021206,0.2579179634520667,0.5779371069973247,0.1021713568320902,0.12081352622479831,0.8434844686397494,-25.58909838766332
506,507.0,0.3197825904465369,2.0993965463225366,0.2579173051247009,0.577937032851648,0.102171356830868,0.1208135262240757,0.8434844683327216,-25.58909838774705
507,508.0,0.25398880463107154,9.8533820931856,0.25398880463107154,9.8533820931856,2.0376527892343645,0.5395305882013635,1.4432899320127035e-15,-4.638781180068566
508,509.0,0.27200242458414237,8.638916634829664,0.27200242458414237,8.638916634829664,2.037652789232345,0.539530588201096,1.2322365350314612e-12,-4.6387811800755046
509,510.0,0.7606800033886354,5.8210837475968695,0.2579173431289889,0.5779367825174071,0.10217135683072265,0.12081352622398978,0.8434844720734166,-25.589098387757012
510,511.0,0.4429222967059997,0.537439324724806,0.25791744372510633,0.5779368522630324,0.10217135683067494,0.12081352622396156,0.8434844712665597,-25.58909838776028
511,512.0,0.20819436375076295,7.246168444505722,0.20819436375076295,7.246168444505722,2.037652789234099,0.5395305882013283,1.8041124150158794e-13,-4.638781180069481
512,513.0,0.042437482858954434,6.95332076843619,0.042437482858954434,6.95332076843619,2.037652789234367,0.5395305882013637,0.0,-4.638781180068557
513,514.0,0.3083840354024524,8.276608075682962,0.3083840354024524,8.276608075682962,2.037652789045519,0.5395305881763622,1.0892875490498e-10,-4.638781180717313
514,515.0,0.3525077186001586,0.5745071173318947,0.2579179398306378,0.577937255961452,0.10217135683230971,0.12081352622492814,0.8434844664117632,-25.589098387648278
515,516.0,0.321251862744529,4.615026429763356,0.25791739891328475,0.5779370514392662,0.1021713568308233,0.12081352622404931,0.8434844682594848,-25.589098387750116
516,517.0,0.3787358097911686,1.331830284944186,0.2579179943011407,0.5779381499771954,0.10217135683783349,0.12081352622819388,0.8434844534538483,-25.58909838726983
517,518.0,0.022537143305178642,4.2037916524165775,0.022537143305178642,4.2037916524165775,2.037652789234367,0.5395305882013637,0.0,-4.638781180068557
518,519.0,0.4110890529858524,4.308125049882909,0.2579174236243037,0.5779368476867942,0.10217135683067444,0.1208135262239613,0.8434844712909372,-25.589098387760313
519,520.0,0.8250286351526624,8.867336318172892,0.2579174430112646,0.5779370751967985,0.10217135683085221,0.1208135262240664,0.8434844680054234,-25.589098387748134
520,521.0,0.7237165716626283,7.848931688205017,0.2579173764076933,0.5779366468441193,0.10217135683083461,0.12081352622405596,0.8434844741275827,-25.58909838774934
521,522.0,0.22550226425466358,5.864056095644157,0.22550226425466358,5.864056095644157,2.037652787966009,0.5395305880334456,8.307278198671497e-10,-4.638781184425781
522,523.0,0.26821848784090807,1.8853293722859914,0.2579155413297466,0.5779359292767583,0.10217135684859371,0.12081352623455571,0.843484480711123,-25.589098386532626
523,524.0,0.4038022990964052,1.234830284656916,0.2579185435283467,0.5779374788258744,0.10217135683720617,0.12081352622782301,0.8434844644236892,-25.58909838731281
524,525.0,0.7586589224757461,1.0696200828316045,0.25791734228531454,0.5779367538943657,0.10217135683073966,0.12081352622399985,0.8434844724901354,-25.589098387755843
525,526.0,0.3634027483862111,9.22013739159154,0.3634027483862111,9.22013739159154,2.037652788700689,0.5395305881307101,2.840189194941445e-10,-4.638781181901916
526,527.0,0.0015355556740495047,0.3372859831960157,0.2579175392393805,0.5779368714013753,0.102171356830726,0.12081352622399175,0.8434844711887646,-25.58909838775678
527,528.0,0.7580610541130994,5.775110714861487,0.25791820882412125,0.5779366060330471,0.1021713568335938,0.1208135262256873,0.8434844764819573,-25.589098387560306
528,529.0,0.10588831329992632,8.703225649796135,0.10588831329992632,8.703225649796135,2.037652789234367,0.5395305882013637,0.0,-4.638781180068557
529,530.0,0.9241925102453544,0.9788844403906998,0.257917427462542,0.5779368379011184,0.10217135683067492,0.12081352622396155,0.8434844714421397,-25.58909838776028
530,531.0,0.8893931322184878,5.010276797981809,0.25791783318839856,0.5779371777535398,0.10217135683171014,0.12081352622457361,0.8434844673303371,-25.589098387689354
531,532.0,0.1588818341357291,5.61930097419075,0.1588818341357291,5.61930097419075,2.0376527892337517,0.5395305882012823,4.46975789714088e-13,-4.638781180070673
532,533.0,0.7985839114274909,8.411695059074615,0.2579174787564321,0.5779372850636322,0.10217135683134926,0.12081352622436026,0.8434844650124329,-25.58909838771408
533,534.0,0.3519331215924306,2.0107380081566983,0.25791742587199906,0.5779365875619985,0.10217135683092579,0.12081352622410989,0.8434844750990569,-25.589098387743093
534,535.0,0.07025739576338041,8.707244918985468,0.07025739576338041,8.707244918985468,2.037652789234367,0.5395305882013637,0.0,-4.638781180068557
535,536.0,0.8343940777365701,9.851754966538502,0.2579174278274631,0.5779370010411808,0.1021713568307538,0.12081352622400819,0.8434844690575671,-25.58909838775488
536,537.0,0.6708509331914324,8.081523100531367,0.2579173462621801,0.577935701175949,0.10217135683543062,0.12081352622677329,0.8434844878902168,-25.589098387434454
537,538.0,0.4674780819622739,1.0345095012690277,0.2579174128590204,0.5779368119853907,0.10217135683068117,0.12081352622396525,0.8434844717901591,-25.589098387759854
538,539.0,0.33924688231513167,3.655332204916465,0.25791617711085046,0.5779405079012794,0.10217135688720658,0.12081352625738477,0.8434844151246784,-25.589098383887166
539,540.0,0.43938083439755937,3.168431080967728,0.2579172624289525,0.5779365209431133,0.10217135683117103,0.12081352622425488,0.8434844757270176,-25.589098387726292
540,541.0,0.7804904368598037,3.220744525056968,0.2579174673774914,0.5779368509984292,0.1021713568306801,0.1208135262239646,0.8434844713350917,-25.58909838775993
541,542.0,0.7255120445255054,0.6733601487168275,0.25791937382693486,0.5779355152948229,0.10217135685446044,0.12081352623802427,0.8434844948760398,-25.58909838613068
542,543.0,0.39571289821222255,2.4820067534948884,0.2579163952140421,0.5779374899209694,0.1021713568370351,0.12081352622772189,0.8434844597178294,-25.589098387324533
543,544.0,0.8536628818739957,6.188740913039604,0.2579177907957616,0.5779369244880821,0.10217135683124688,0.12081352622429972,0.8434844709440716,-25.589098387721094
544,545.0,0.7474854158999862,1.1621021459807537,0.25791743625085267,0.5779366208951429,0.10217135683086734,0.12081352622407532,0.84348447463365,-25.589098387747097
545,546.0,0.7115663425817712,7.267168111676332,0.2579177692377929,0.5779368555614754,0.10217135683117193,0.12081352622425542,0.8434844719063808,-25.58909838772623
546,547.0,0.16161793551040604,5.12579514023627,0.16161793551040604,5.12579514023627,2.0376527892129204,0.5395305881985244,1.552136197346954e-11,-4.638781180142235
547,548.0,0.7669872157926443,0.2584888426577598,0.25791738498859734,0.5779369080118101,0.10217135683069532,0.12081352622397361,0.8434844703271336,-25.589098387758884
548,549.0,0.5122510845371285,4.905580836139491,0.2579174165582221,0.5779368095347887,0.10217135683068143,0.12081352622396542,0.8434844718338188,-25.589098387759833
549,550.0,0.8104995025655237,6.012899665101288,0.2579174320908906,0.5779368522430641,0.10217135683067417,0.12081352622396113,0.8434844712422341,-25.58909838776033
550,551.0,0.9353696319182755,0.5503986553460151,0.257918115366952,0.5779369690710466,0.10217135683273032,0.12081352622517677,0.8434844709767417,-25.58909838761946
551,552.0,0.7424360223762627,9.292515365522643,0.2579173640473772,0.577936958162151,0.10217135683073622,0.12081352622399781,0.8434844695495383,-25.58909838775608
552,553.0,0.843273641920346,3.068627494732495,0.25791716192181147,0.5779371528582903,0.10217135683134199,0.12081352622435594,0.8434844662746932,-25.58909838771458
553,554.0,0.9486045006475976,4.663617019612209,0.2579174317321148,0.5779368325119155,0.10217135683067557,0.12081352622396198,0.843484471529972,-25.589098387760238
554,555.0,0.33721063646681826,4.8460183439124656,0.2579178547986651,0.577936857373684,0.10217135683145509,0.1208135262244228,0.8434844720605063,-25.589098387706834
555,556.0,0.5764603775057721,9.189208851282883,0.2579174228361571,0.577936864184591,0.10217135683067499,0.1208135262239616,0.8434844710480485,-25.589098387760277
556,557.0,0.3053082313134289,1.0190908848031808,0.25791742826033326,0.5779368450519877,0.10217135683067446,0.12081352622396127,0.8434844713392721,-25.589098387760313
557,558.0,0.17809387645184627,4.67945283228051,0.17809387645184627,4.67945283228051,2.037652786348998,0.5395305878193691,2.0352881602292427e-09,-4.6387811899807385
558,559.0,0.6757244534193435,0.24666626889981336,0.2579174338922115,0.5779368497641744,0.10217135683067423,0.12081352622396115,0.8434844712822906,-25.58909838776033
559,560.0,0.8184860364123884,4.514479284785284,0.25791745233253405,0.5779368796890734,0.10217135683067875,0.12081352622396382,0.8434844708837632,-25.58909838776002
560,561.0,0.0493090160683316,8.980392896795015,0.0493090160683316,8.980392896795015,2.037652789234367,0.5395305882013637,0.0,-4.638781180068557
561,562.0,0.9269748452808096,4.3162986140351425,0.2579173382695671,0.5779368500481029,0.10217135683071116,0.12081352622398296,0.8434844710757414,-25.5890983877578
562,563.0,0.6287927989525293,4.5936705813388725,0.2579173932108252,0.5779366595391944,0.10217135683081117,0.12081352622404211,0.8434844739775345,-25.589098387750944
563,564.0,0.011488710717210582,2.1579478959593765,0.011488710717210582,2.1579478959593765,2.037652789234367,0.5395305882013637,0.0,-4.638781180068557
564,565.0,0.45212100264590616,3.212761100322041,0.25791647694946124,0.5779359924815708,0.10217135683697742,0.12081352622768776,0.8434844817850754,-25.589098387328484
565,566.0,0.35751063995367693,6.548593485098312,0.35753919488988534,6.548591619923619,2.0376521457015024,0.5395305030039017,3.453729630065183e-07,-4.6387833908135825
566,567.0,0.4783556658641326,4.034204107310067,0.2579175193292554,0.5779368713328267,0.10217135683070903,0.12081352622398173,0.8434844711476622,-25.589098387757943
567,568.0,0.4098218561478588,6.23974182157823,0.25791846154591663,0.5779368095000843,0.10217135683531366,0.12081352622670413,0.8434844740386505,-25.58909838744247
568,569.0,0.5048598901119788,2.8911844064666306,0.25791739164441974,0.5779368359578387,0.10217135683068151,0.12081352622396546,0.8434844713947498,-25.58909838775983
569,570.0,0.23509482218408062,5.889414013291823,0.23509482218408062,5.889414013291823,2.037652786444496,0.5395305878320122,1.8001402590783755e-09,-4.638781189652672
570,571.0,0.1170312870019593,1.0845388347329186,0.2579175945697287,0.5779366372011939,0.10217135683097041,0.12081352622413628,0.8434844747300997,-25.589098387740037
571,572.0,0.18055649139914898,1.341874825600636,0.257917423767445,0.5779368463495933,0.10217135683067452,0.12081352622396133,0.8434844713107919,-25.58909838776031
572,573.0,0.6592176336520119,3.9876845043651192,0.25791649335677,0.5779369645087555,0.10217135683457364,0.1208135262262666,0.8434844676086856,-25.58909838749317
573,574.0,0.3856227885246475,1.3480267243491793,0.25791717746047943,0.5779375635731006,0.10217135683283646,0.12081352622523951,0.8434844603023351,-25.58909838761219
574,575.0,0.694133741481361,4.851980142510988,0.25791767539507326,0.577936981612832,0.10217135683098277,0.12081352622414357,0.8434844698650823,-25.589098387739188
575,576.0,0.8253697092309724,3.5846862968761903,0.2579185432243729,0.5779368986559972,0.10217135683603984,0.12081352622713346,0.8434844729066692,-25.589098387392717
576,577.0,0.5582773496254404,7.6690273611673785,0.2579181729286171,0.5779374459814647,0.10217135683417078,0.12081352622602838,0.84348446412446,-25.589098387520774
577,578.0,0.82250484615267,5.58031722897881,0.2579174312101541,0.5779368535448755,0.1021713568306742,0.12081352622396113,0.8434844712213362,-25.58909838776033
578,579.0,0.3171817677291979,0.5217402280921203,0.2579185851211112,0.5779386246430696,0.10217135684699186,0.1208135262336086,0.8434844477554132,-25.58909838664237
579,580.0,0.8910537391288385,8.593328307955861,0.2579174887390976,0.5779370210909874,0.10217135683078754,0.12081352622402818,0.8434844688932689,-25.589098387752568
580,581.0,0.6310662074572231,4.427089603568073,0.2579173655144349,0.5779369423618033,0.10217135683072381,0.12081352622399048,0.8434844697836672,-25.58909838775693
581,582.0,0.3019223759305508,7.362214199335706,0.3019223759305508,7.362214199335706,2.0376527868981054,0.5395305878920655,1.3606892279582894e-09,-4.638781188094377
582,583.0,0.7751025815131172,8.096581828801618,0.257917436925939,0.577937032816064,0.10217135683079095,0.12081352622403016,0.8434844686122209,-25.58909838775233
583,584.0,0.5207998682007439,7.22830845506076,0.2579177626915604,0.5779368492309286,0.10217135683115369,0.12081352622424461,0.8434844719851208,-25.589098387727482
584,585.0,0.6043997847843657,3.438991808973191,0.25791743072135587,0.577936802832586,0.10217135683068301,0.12081352622396635,0.8434844719617859,-25.58909838775973
585,586.0,0.739549094488355,5.60977655271582,0.2579174318688943,0.5779368560038204,0.10217135683067423,0.12081352622396119,0.8434844711867768,-25.58909838776033
586,587.0,0.51913801903944,9.679666313972003,0.51913801903944,9.679666313972003,2.0376525679254094,0.5395305589022221,9.577320214670948e-08,-4.638781940336843
587,588.0,0.189958991242552,3.1855510517436976,0.2579177599868796,0.5779365397792858,0.10217135683153465,0.12081352622446988,0.8434844765040824,-25.58909838770138
588,589.0,0.5602711146381633,5.5962817932021265,0.2579173774186701,0.5779368170330987,0.10217135683069029,0.12081352622397064,0.8434844716413438,-25.589098387759233
589,590.0,0.1946209320418656,1.53246136039183,0.25791722249904087,0.5779367778227843,0.1021713568308765,0.12081352622408074,0.843484471886558,-25.589098387746475
590,591.0,0.08844010854400519,5.067090132607905,0.08844010854400519,5.067090132607905,2.037652789234367,0.5395305882013637,0.0,-4.638781180068557
591,592.0,0.031414433846354006,7.617716317666943,0.031414433846354006,7.617716317666943,2.037652789234367,0.5395305882013637,0.0,-4.638781180068557
592,593.0,0.04693628032702846,2.0159978567583057,0.04693628032702846,2.0159978567583057,2.0376527884251283,0.5395305880942285,6.822854503596432e-10,-4.6387811828485574
593,594.0,0.2315021536440125,0.5740113088263914,0.2579174562494632,0.577935964168013,0.10217135683351986,0.12081352622564355,0.8434844842779874,-25.589098387565365
594,595.0,0.3649850553320785,3.9852698226210754,0.2579174153190519,0.5779367890420823,0.10217135683068929,0.12081352622397004,0.8434844721308274,-25.5890983877593
595,596.0,0.8991872972784768,1.998559158021846,0.2579174022444492,0.57793697070113,0.10217135683072923,0.12081352622399366,0.8434844694470468,-25.589098387756557
596,597.0,0.12951429649911284,9.787157090220177,0.12951429649911284,9.787157090220177,2.037652789234367,0.5395305882013637,0.0,-4.638781180068557
597,598.0,0.23312930348534755,5.5102254234670625,0.23312930348534755,5.5102254234670625,2.037652777365377,0.5395305866300256,7.681840941131668e-09,-4.6387812208424
598,599.0,0.370843003045517,8.26217939848769,0.370843003045517,8.26217939848769,2.03765277802591,0.5395305867174737,5.902153987769054e-09,-4.638781218573255
599,600.0,0.3769252380854067,2.8842213542425363,0.25791753277782303,0.5779373141722216,0.10217135683146832,0.12081352622443066,0.8434844647010499,-25.589098387705924
600,601.0,0.22844684656288294,5.426205725693842,0.22844684656288294,5.426205725693842,2.0376527777914935,0.5395305866864392,7.460304818351915e-09,-4.638781219378551
601,602.0,0.6766028166066764,1.9591940386900009,0.2579176146519842,0.5779369105963273,0.10217135683082955,0.12081352622405299,0.8434844707751025,-25.589098387749686
602,603.0,0.6792502644139489,2.6477402477398613,0.25791761707445715,0.5779376245298632,0.1021713568329142,0.1208135262252855,0.8434844603411742,-25.589098387606867
603,604.0,0.5159334137337546,8.23376038555828,0.25791742402938483,0.577936837807253,0.10217135683067506,0.12081352622396163,0.8434844714362472,-25.58909838776027
604,605.0,0.8946443708471261,8.209172634850075,0.25791737481918403,0.5779364589179949,0.10217135683123578,0.12081352622429316,0.8434844768719133,-25.589098387721855
605,606.0,0.4739716728100367,9.29928044138132,0.4739716728100367,9.29928044138132,2.0376526919086033,0.5395305753163847,4.4577838531623115e-08,-4.638781514414218
606,607.0,0.39762920870557594,6.002102634767179,0.2579174613966084,0.5779368818456088,0.1021713568306811,0.12081352622396518,0.8434844708714083,-25.58909838775986
607,608.0,0.5029786942618493,8.70756197182446,0.5030062277927216,8.707560239876685,2.03765190439288,0.5395304710569949,3.906477226145455e-07,-4.638784219787489
608,609.0,0.4487804452349251,0.5253763609950601,0.25791712658602656,0.5779374207621802,0.10217135683230036,0.12081352622492256,0.8434844622826538,-25.589098387648917
609,610.0,0.3364769573583607,3.7021127743553044,0.2579174238334751,0.577936841650325,0.10217135683067477,0.12081352622396148,0.8434844713796414,-25.589098387760295
610,611.0,0.7028322119117846,2.369767251969895,0.2579173243115366,0.577936621062741,0.10217135683090633,0.1208135262240984,0.8434844743942339,-25.58909838774443
611,612.0,0.6183366412673335,5.156237416905704,0.25791781294668037,0.577937112393361,0.10217135683151535,0.12081352622445843,0.8434844682433087,-25.589098387702705
612,613.0,0.1369868231676613,8.565565201266752,0.1369868231676613,8.565565201266752,2.037652789234367,0.5395305882013637,0.0,-4.638781180068557
613,614.0,0.5991114163826172,7.9794969938787,0.2579184457868736,0.5779376064295931,0.10217135683691038,0.12081352622764813,0.8434844623523542,-25.589098387333078
614,615.0,0.7525515546380251,8.591866513778053,0.2579175077871029,0.5779368606226002,0.10217135683070008,0.12081352622397644,0.8434844712798506,-25.58909838775856
615,616.0,0.12014749089423249,5.449186921362372,0.12014749089423249,5.449186921362372,2.0376527892343668,0.5395305882013637,1.1102230246251565e-16,-4.638781180068559
616,617.0,0.30035085919069815,5.837369505983629,0.3003692444839956,5.837368395760597,2.0376524542243035,0.539530543849307,1.9557316721652285e-07,-4.638782330937172
617,618.0,0.44872967035628564,3.8522251151926445,0.2579174341514155,0.5779368305160031,0.10217135683067596,0.12081352622396216,0.8434844715642744,-25.58909838776021
618,619.0,0.8437427076751985,0.6175781566479421,0.2579174286997505,0.5779369709620568,0.1021713568307248,0.12081352622399104,0.8434844694992149,-25.589098387756863
619,620.0,0.5040661903773035,7.671888895365222,0.2579168774510257,0.5779359427384828,0.10217135683478981,0.12081352622639442,0.8434844833640704,-25.589098387478362
620,621.0,0.911849128029107,3.50479474638282,0.25791738580033896,0.5779375399658069,0.10217135683239299,0.12081352622497732,0.8434844610886489,-25.589098387642572
621,622.0,0.40802776453643363,5.898110622335142,0.25791742977901705,0.5779368474419467,0.10217135683067424,0.12081352622396113,0.8434844713075413,-25.589098387760327
622,623.0,0.7398710689000539,6.042646085929455,0.25791742979145454,0.5779368499923905,0.10217135683067424,0.12081352622396116,0.8434844712702764,-25.589098387760327
623,624.0,0.5755849718598203,5.080417056591318,0.2579173356083602,0.5779372077949716,0.10217135683117974,0.12081352622426003,0.8434844658393288,-25.589098387725695
624,625.0,0.46283051859677815,2.0082971999381414,0.25791744311411274,0.5779368192108981,0.102171356830679,0.12081352622396395,0.8434844717485355,-25.589098387760004
625,626.0,0.7485197392335168,1.0316551927329276,0.2579170473185799,0.5779373965713266,0.10217135683245351,0.12081352622501311,0.8434844624683097,-25.589098387638423
626,627.0,0.8313929634868724,4.774340352024703,0.2579174160446118,0.5779372895535788,0.10217135683136419,0.1208135262243691,0.8434844648141191,-25.589098387713058
627,628.0,0.4693473907100073,9.996213836600885,0.4693473907100073,9.996213836600885,2.0376527707439065,0.5395305857534076,8.51972925541844e-09,-4.638781243589303
628,629.0,0.5091980640357144,7.121938626883226,0.25791818112395054,0.5779374405317734,0.10217135683420046,0.12081352622604596,0.8434844642214053,-25.589098387518735
629,630.0,0.5138986469858106,1.5941433375432439,0.25791741994426437,0.5779373865272752,0.10217135683170198,0.12081352622456881,0.8434844634044446,-25.589098387689916
630,631.0,0.35363195802324265,8.998317527294356,0.35363195802324265,8.998317527294356,2.0376527887049525,0.5395305881312745,2.8572977317509185e-10,-4.6387811818872695
631,632.0,0.4145346652908817,9.51294994561086,0.4145346652908817,9.51294994561086,2.0376527847324057,0.5395305876053482,2.230816975590244e-09,-4.638781195534259
632,633.0,0.09838166435499884,7.5357187423198,0.09838166435499884,7.5357187423198,2.037652789234367,0.5395305882013637,0.0,-4.638781180068557
633,634.0,0.49063069352179434,3.506182118935018,0.2579172822999671,0.5779369079133887,0.10217135683078385,0.12081352622402597,0.8434844701111535,-25.58909838775282
634,635.0,0.10248294991194651,9.16464176677047,0.10248294991194651,9.16464176677047,2.037652789234367,0.5395305882013637,0.0,-4.638781180068557
635,636.0,0.862082395398115,4.101855883978864,0.2579174555654606,0.5779368236539942,0.10217135683068009,0.12081352622396463,0.8434844717099161,-25.58909838775993
636,637.0,0.4363337408037047,3.3143472485334113,0.25791685845588574,0.5779349280745963,0.10217135684499278,0.12081352623242672,0.8434844981579601,-25.58909838677933
637,638.0,0.22423179043830543,0.96361123287998,0.257917601496167,0.5779368439066821,0.10217135683080189,0.1208135262240366,0.843484471722403,-25.589098387751584
638,639.0,0.8565188011036126,7.001675297087779,0.2579174737338456,0.5779366792943896,0.1021713568307927,0.1208135262240312,0.8434844738590888,-25.589098387752212
639,640.0,0.32241404202028356,1.1487549070490444,0.2579173884592475,0.5779361855149897,0.10217135683226922,0.12081352622490417,0.8434844808982096,-25.589098387651052
640,641.0,0.6692810214502846,2.7551009451957955,0.2579173334112159,0.577937248099066,0.10217135683129218,0.12081352622432649,0.8434844652453671,-25.589098387717993
641,642.0,0.14539343930891468,6.1513004428160265,0.14539343930891468,6.1513004428160265,2.037652789234366,0.5395305882013636,8.881784197001252e-16,-4.638781180068564
642,643.0,0.6606691009127983,1.417002116782284,0.2579174254947954,0.577936907149131,0.10217135683068515,0.12081352622396763,0.8434844704254716,-25.58909838775958
643,644.0,0.39035275766213484,4.759990114109501,0.25791773416985736,0.5779364900220898,0.10217135683158693,0.12081352622450078,0.8434844771770735,-25.5890983876978
644,645.0,0.6816693079602787,9.575502720839168,0.2579174295625961,0.5779369038759651,0.10217135683068375,0.1208135262239668,0.8434844704819375,-25.58909838775968
645,646.0,0.3111225008828239,9.968786356092648,0.3111225008828239,9.968786356092648,2.037652789233354,0.5395305882012297,5.820899318109696e-13,-4.638781180072039
646,647.0,0.04503181193099837,4.828562110540789,0.04503181193099837,4.828562110540789,2.037652789234367,0.5395305882013637,0.0,-4.638781180068557
647,648.0,0.632629748704308,8.631303142001904,0.25791744217566276,0.5779368682246788,0.10217135683067556,0.12081352622396194,0.8434844710298992,-25.589098387760238
648,649.0,0.6184613887611843,4.90301905943611,0.2579174264624536,0.5779368554884654,0.10217135683067431,0.12081352622396119,0.8434844711828717,-25.589098387760327
649,650.0,0.8302719278455274,0.011246109860006985,0.2579175707138743,0.5779369935984967,0.10217135683082382,0.12081352622404959,0.843484469468598,-25.58909838775008
650,651.0,0.9931639532844962,3.735463853261192,0.25791752920054456,0.5779368411389116,0.10217135683071726,0.1208135262239866,0.8434844716100183,-25.589098387757378
651,652.0,0.5109642648155472,2.6204329967876894,0.25791712949147577,0.5779367746099302,0.10217135683108103,0.12081352622420165,0.8434844717364088,-25.58909838773246
652,653.0,0.4019510803721068,8.212670333640474,0.4019510803721068,8.212670333640474,2.0376527297757345,0.5395305803296224,2.997573822494104e-08,-4.638781384328301
653,654.0,0.967921475881199,6.797135676760766,0.25791846671107815,0.5779377831813683,0.10217135683809311,0.1208135262283474,0.8434844598117036,-25.58909838725204
654,655.0,0.3895133114495536,7.478034203045659,0.3895133114495536,7.478034203045659,2.0376525707404554,0.5395305592749068,1.1206992289736206e-07,-4.638781930666243
655,656.0,0.2530542029438585,8.36429686747677,0.2530542029438585,8.36429686747677,2.0376527892336567,0.5395305882012698,4.4586556668946287e-13,-4.638781180071
656,657.0,0.5549201771849132,1.771381565135632,0.2579176072898041,0.5779369337562342,0.10217135683082827,0.12081352622405224,0.8434844704209062,-25.589098387749775
657,658.0,0.6464077395379898,4.416179791700566,0.2579174213805619,0.5779368368832346,0.10217135683067538,0.12081352622396181,0.8434844714441522,-25.589098387760252
658,659.0,0.4466198312344145,3.5110910787539167,0.25791731570751075,0.5779370909410692,0.1021713568309462,0.12081352622412196,0.8434844675057783,-25.589098387741693
659,660.0,0.4155564917188769,7.233110389950856,0.41559876901167686,7.2331076365977385,2.0376516436103325,0.5395304365319283,5.668586809948195e-07,-4.638785115660795
660,661.0,0.6946756770466178,7.436788842425187,0.25791739450877005,0.5779372621237131,0.10217135683128857,0.12081352622432436,0.8434844651696205,-25.58909838771824
661,662.0,0.46801248753359415,3.1236087925035028,0.2579173970519174,0.5779368222497185,0.10217135683068196,0.1208135262239657,0.8434844716066264,-25.589098387759798
662,663.0,0.11033063884783956,6.903270081065509,0.11033063884783956,6.903270081065509,2.037652789234367,0.5395305882013637,0.0,-4.638781180068557
663,664.0,0.8321024440396593,1.1511754396673572,0.2579174397315842,0.5779372920631294,0.10217135683136767,0.12081352622437114,0.8434844648275396,-25.58909838771282
664,665.0,0.08089469524788784,3.708713084630179,0.08089469524788784,3.708713084630179,2.037652789234361,0.5395305882013629,5.218048215738236e-15,-4.6387811800685785
665,666.0,0.007492248337843899,5.570785888552969,0.007492248337843899,5.570785888552969,2.037652789234367,0.5395305882013637,0.0,-4.638781180068557
666,667.0,0.2745111474624262,2.834450818802767,0.2579145137413649,0.5779360696514235,0.10217135686898526,0.12081352624661178,0.843484476451495,-25.589098385135554
667,668.0,0.6262295010514347,9.349919188016758,0.2579174717280005,0.5779372651070287,0.10217135683128738,0.12081352622432368,0.8434844652893677,-25.589098387718323
668,669.0,0.6907779381369108,2.1341938322188674,0.2579179857986792,0.5779380839296854,0.10217135683720964,0.12081352622782505,0.8434844544017301,-25.58909838731257
669,670.0,0.5671940990614269,5.6280482974235415,0.25791742535185413,0.5779361389209767,0.10217135683250167,0.12081352622504161,0.8434844816575556,-25.58909838763513
670,671.0,0.44810133813302067,2.6553208395721972,0.2579174397737101,0.5779369009538411,0.10217135683068293,0.12081352622396628,0.8434844705462694,-25.589098387759734
671,672.0,0.31991471915332537,5.274944013455438,0.2579181285669164,0.5779369213322092,0.10217135683278952,0.12081352622521178,0.8434844717025944,-25.589098387615408
672,673.0,0.48179023267255094,7.954623012381336,0.4818552473329072,7.954618660307053,2.037650665758559,0.5395303070738684,9.628436408171126e-07,-4.63878847490234
673,674.0,0.962971179610297,6.193555527995135,0.257917432813196,0.5779368436548493,0.10217135683067445,0.12081352622396127,0.8434844713693344,-25.589098387760313
674,675.0,0.24514268711076426,8.276843832695784,0.24514268711076426,8.276843832695784,2.0376527892339746,0.5395305882013118,2.490230244234226e-13,-4.638781180069909
675,676.0,0.6568591548036751,6.311463779300611,0.25791743244171705,0.5779368472446572,0.10217135683067427,0.12081352622396119,0.8434844713160603,-25.589098387760327
676,677.0,0.780433587576574,5.6932717385891705,0.25791769277357485,0.5779364518556626,0.10217135683158798,0.12081352622450138,0.8434844776476622,-25.589098387697724
677,678.0,0.06352840392562675,8.053324335677491,0.06352840392562675,8.053324335677491,2.037652789234367,0.5395305882013637,0.0,-4.638781180068557
678,679.0,0.13930010494898637,0.6155245379719483,0.25791768569251017,0.5779363534369786,0.10217135683189835,0.12081352622468487,0.8434844790717093,-25.58909838767646
679,680.0,0.3428742168493576,0.2837846610802311,0.257917323025349,0.5779368739526713,0.10217135683072699,0.12081352622399236,0.8434844706939475,-25.589098387756714
680,681.0,0.7737275265751321,3.581532471982342,0.2579174797357477,0.5779367462340889,0.10217135683072703,0.12081352622399236,0.843484472893038,-25.589098387756714
681,682.0,0.8155103476546126,3.4284700421669476,0.2579173920627426,0.5779368779792442,0.10217135683068337,0.12081352622396656,0.8434844707812246,-25.589098387759705
682,683.0,0.4955476265154426,7.439631866053233,0.2579174337449052,0.5779368551775061,0.10217135683067426,0.12081352622396119,0.8434844712028283,-25.589098387760327
683,684.0,0.19741838206197782,5.146146645368398,0.19741838206197782,5.146146645368398,2.0376527871055785,0.539530587919533,1.4568990458485587e-09,-4.638781187381641
684,685.0,0.6554152598796109,7.083162399291564,0.25791827395800426,0.5779376589738046,0.10217135683584942,0.12081352622702089,0.8434844612226231,-25.589098387405762
685,686.0,0.9978921710637076,6.185257945897103,0.2579174667701616,0.5779368286459675,0.10217135683068228,0.12081352622396589,0.8434844716606318,-25.58909838775978
686,687.0,0.32561331774524394,2.2212800462400586,0.2579187637447198,0.5779358913775845,0.10217135684218594,0.12081352623076724,0.8434844880984473,-25.589098386971635
687,688.0,0.1434543185252405,5.685689830137038,0.1434543185252405,5.685689830137038,2.0376527892343503,0.5395305882013616,1.2212453270876722e-14,-4.638781180068616
688,689.0,0.2150817842412528,5.63939579417447,0.2150817842412528,5.63939579417447,2.0376527879893205,0.5395305880365318,8.288471020634347e-10,-4.638781184345698
689,690.0,0.5658530125745869,5.342829328086331,0.2579175640424427,0.5779370531138797,0.10217135683088646,0.12081352622408663,0.8434844685842806,-25.58909838774579
690,691.0,0.3567911390251415,0.10419464907624545,0.257917641809877,0.5779367925599201,0.10217135683088549,0.12081352622408605,0.8434844725583786,-25.589098387745853
691,692.0,0.44693026814315795,0.10093709490841275,0.2579184212390853,0.5779368208674526,0.10217135683495192,0.12081352622649028,0.8434844737876747,-25.589098387467256
692,693.0,0.10682196319455461,6.793629141908484,0.10682196319455461,6.793629141908484,2.037652789234367,0.5395305882013637,0.0,-4.638781180068557
693,694.0,0.9262465573462005,5.0048850746285725,0.2579174003021105,0.577936773149026,0.10217135683069982,0.12081352622397629,0.8434844723314232,-25.58909838775858
694,695.0,0.1769136973365335,9.099244111990638,0.1769136973365335,9.099244111990638,2.037652789234367,0.5395305882013637,0.0,-4.638781180068557
695,696.0,0.7774782352949948,5.906103405074217,0.25791789400916454,0.5779359369903617,0.1021713568347745,0.12081352622638536,0.843484485600621,-25.58909838747941
696,697.0,0.5702281978681586,3.1117747339927684,0.2579174400257539,0.5779369827023113,0.10217135683073515,0.12081352622399719,0.8434844693515191,-25.589098387756152
697,698.0,0.9196829937809121,5.510442666845967,0.2579173550918947,0.5779366123416064,0.1021713568308992,0.12081352622409415,0.8434844745869228,-25.58909838774491
698,699.0,0.2024112602423893,0.14180903468914055,0.257917242558679,0.5779368150481147,0.1021713568308302,0.12081352622405336,0.8434844713847794,-25.589098387749644
699,700.0,0.1703613858275551,8.190777669279944,0.1703613858275551,8.190777669279944,2.037652789234367,0.5395305882013637,0.0,-4.638781180068557
700,701.0,0.8784843720470876,2.2862008257454427,0.2579169110411227,0.5779368075496758,0.10217135683184525,0.1208135262246535,0.8434844707913602,-25.5890983876801
701,702.0,0.2818666365192575,2.9300846142872063,0.25791736813095756,0.5779367705306448,0.10217135683071334,0.12081352622398428,0.8434844723016098,-25.58909838775765
702,703.0,0.5599046517315939,2.2148358196969036,0.25791730595818985,0.5779373532301824,0.10217135683166612,0.12081352622454757,0.8434844636500576,-25.58909838769237
703,704.0,0.5605444233516513,7.6055086737723885,0.2579175564809508,0.5779365234519124,0.102171356831147,0.12081352622424066,0.8434844763127317,-25.58909838772794
704,705.0,0.4060550761307311,9.220270347361907,0.4060550761307311,9.220270347361907,2.0376527832513656,0.539530587409273,2.999303694295463e-09,-4.638781200622114
705,706.0,0.49586301038549774,4.13163582473836,0.2579166378889687,0.5779371694311795,0.1021713568338577,0.1208135262258433,0.8434844649200037,-25.589098387542226
706,707.0,0.8384266686013288,2.7267463639226692,0.25791831782431507,0.5779371410426937,0.10217135683429794,0.12081352622610364,0.8434844688884169,-25.58909838751206
707,708.0,0.2602098955435216,6.3050309447439945,0.2602098955435216,6.3050309447439945,2.037652784861194,0.5395305876223985,2.7140566460914783e-09,-4.638781195091832
708,709.0,0.8822298971985336,1.4321391854524386,0.25791677938081276,0.5779378354171217,0.10217135683622523,0.12081352622724306,0.8434844554831233,-25.589098387380016
709,710.0,0.5885529584239673,6.973924345272812,0.25791738753244403,0.5779368648430072,0.10217135683068299,0.12081352622396632,0.8434844709637058,-25.58909838775973
710,711.0,0.5245402599175554,7.982015959364098,0.2579173612894337,0.5779369718040747,0.10217135683074932,0.12081352622400553,0.8434844693442358,-25.589098387755186
711,712.0,0.09989516351630978,3.0749749090989376,0.09989516351630978,3.0749749090989376,2.037652787066219,0.5395305879143221,1.7212146152800756e-09,-4.638781187516853
712,713.0,0.38695532458293025,8.668872658975006,0.38695532458293025,8.668872658975006,2.037652780237101,0.5395305870102137,4.631403149879532e-09,-4.638781210977093
713,714.0,0.0729607242637813,4.028278740131791,0.0729607242637813,4.028278740131791,2.037652789234367,0.5395305882013637,0.0,-4.638781180068557
714,715.0,0.5656879598351776,4.9777130722952325,0.2579169385709661,0.5779376353745164,0.10217135683407105,0.12081352622596946,0.8434844587459747,-25.589098387527603
715,716.0,0.2147145767128814,8.453022377666073,0.2147145767128814,8.453022377666073,2.0376527892343645,0.5395305882013635,1.7763568394002505e-15,-4.638781180068566
716,717.0,0.1863394123831692,2.827624606458491,0.25791747114056596,0.5779370139393264,0.10217135683077275,0.12081352622401938,0.8434844689606121,-25.58909838775358
717,718.0,0.6697884801565503,6.328031962931837,0.2579174378781198,0.5779368398969604,0.10217135683067503,0.12081352622396163,0.8434844714349972,-25.589098387760277
718,719.0,0.4952655181970056,9.256075175448526,0.4952655181970056,9.256075175448526,2.0376525603610958,0.5395305579007809,1.0202992761776386e-07,-4.638781966322721
719,720.0,0.43480342431387875,7.611461067483118,0.43483730832060813,7.611458891445976,2.037651842101056,0.539530462810165,4.5664125636335484e-07,-4.638784433780259
720,721.0,0.8233723264067663,3.8655071280172044,0.2579163035276915,0.577936978879843,0.1021713568363018,0.12081352622728833,0.8434844669943397,-25.58909838737477
721,722.0,0.5481641744735027,5.552320734489673,0.25791743764884195,0.5779365711910406,0.10217135683095918,0.12081352622412964,0.8434844753633431,-25.589098387740805
722,723.0,0.70364111632117,3.68457257840373,0.2579175204559369,0.5779364686317302,0.10217135683125103,0.1208135262243022,0.8434844770380796,-25.58909838772081
723,724.0,0.97609331548967,0.7925787176044774,0.25791753955538493,0.5779367466997343,0.10217135683077015,0.12081352622401788,0.8434844730127542,-25.58909838775376
724,725.0,0.6988532671519212,6.4732791240571155,0.25791665071941855,0.5779365029234601,0.10217135683365375,0.12081352622572274,0.84348447469209,-25.589098387556195
725,726.0,0.5187536750543056,7.911057990536899,0.2579173479054617,0.5779369429393989,0.10217135683073614,0.12081352622399776,0.8434844697379449,-25.589098387756085
726,727.0,0.46692098873575993,9.722736689858484,0.46692098873575993,9.722736689858484,2.0376527592236537,0.539530584228239,1.3871279680444104e-08,-4.63878128316512
727,728.0,0.46573185698093256,3.271677865293964,0.25791743063157435,0.5779368335053149,0.10217135683067548,0.12081352622396187,0.8434844715131183,-25.589098387760245
728,729.0,0.013509806997352936,9.883422653470912,0.013509806997352936,9.883422653470912,2.037652789234367,0.5395305882013637,0.0,-4.638781180068557
729,730.0,0.21873869257235157,3.1782425780642236,0.25791854703360734,0.5779371084865556,0.10217135683621797,0.12081352622723877,0.8434844698464238,-25.589098387380513
730,731.0,0.907766333093257,6.794822785338087,0.2579184682831045,0.5779378077748659,0.10217135683826402,0.12081352622844847,0.843484459455376,-25.589098387240334
731,732.0,0.2766114175910199,9.738670880718491,0.2766114175910199,9.738670880718491,2.037652789234306,0.5395305882013557,3.68594044175552e-14,-4.638781180068769
732,733.0,0.5045146834499283,0.9470735785386496,0.25791689870352513,0.5779367831550315,0.10217135683190653,0.12081352622468973,0.8434844711218393,-25.589098387675904
733,734.0,0.24235411953781238,8.889929501459175,0.24235411953781238,8.889929501459175,2.037652789234345,0.5395305882013609,1.3877787807814457e-14,-4.638781180068634
734,735.0,0.9733650460509212,1.483258826718567,0.2579174750120559,0.5779368746302731,0.10217135683068418,0.12081352622396706,0.8434844710057108,-25.58909838775965
735,736.0,0.8481603249939714,4.183883343252989,0.25791739806077385,0.5779369556851871,0.10217135683071836,0.12081352622398724,0.8434844696577478,-25.589098387757303
736,737.0,0.6186612663493004,9.609215168404843,0.2579176297851478,0.577936467418919,0.1021713568314073,0.12081352622439458,0.8434844772869886,-25.589098387710102
737,738.0,0.11197520687038054,2.7971299332541153,0.11201175541237043,2.7971277128080527,2.0376525370921925,0.5395305548202057,1.9672336104559207e-07,-4.6387820462589815
738,739.0,0.30368357104317556,2.7795500585612816,0.2579175226743711,0.5779368628921153,0.10217135683071106,0.12081352622398292,0.8434844712781524,-25.589098387757808
739,740.0,0.28697285689456065,1.3210907830085703,0.2579173482278764,0.5779367304420995,0.10217135683075333,0.12081352622400793,0.8434844728456188,-25.58909838775491
740,741.0,0.26835867274634795,6.9069310339908645,0.26835867274634795,6.9069310339908645,2.0376527883618016,0.5395305880858446,5.347837728209015e-10,-4.638781183066104
741,742.0,0.6771211897550964,0.6222203220112926,0.2579173776309888,0.5779369305907721,0.10217135683070991,0.12081352622398224,0.8434844699814239,-25.589098387757883
742,743.0,0.273492994204955,6.697097824240709,0.273492994204955,6.697097824240709,2.03765278637235,0.5395305878224607,1.7403469776411384e-09,-4.638781189900518
743,744.0,0.207784041093256,5.2174899607422685,0.207784041093256,5.2174899607422685,2.0376527848456516,0.5395305876203407,2.9551927571702663e-09,-4.6387811951452225
744,745.0,0.7479224831865787,1.728590828681074,0.25791742808824425,0.5779369363608766,0.10217135683069961,0.12081352622397616,0.8434844700038413,-25.58909838775859
745,746.0,0.9106595697775944,6.4945669994630215,0.2579172688784735,0.5779366396592103,0.10217135683093756,0.12081352622411684,0.8434844740049257,-25.58909838774229
746,747.0,0.9037529853587084,2.41618348207969,0.25791747934946624,0.5779368536033449,0.10217135683068451,0.12081352622396725,0.8434844713223306,-25.589098387759623
747,748.0,0.6697978565286822,9.497711080208159,0.25791742961625663,0.5779369123050095,0.10217135683068715,0.12081352622396879,0.8434844703588064,-25.589098387759442
748,749.0,0.3920249759686072,5.470381633889483,0.2579180804090325,0.5779359957777296,0.10217135683535053,0.12081352622672589,0.8434844851342955,-25.589098387439947
749,750.0,0.5356127063587114,7.486757821099584,0.25791842084054084,0.5779378291618927,0.10217135683800359,0.12081352622829447,0.8434844590429132,-25.589098387258176
750,751.0,0.34856129742314634,1.6166763270299518,0.2579171854074158,0.5779380521178155,0.10217135683621584,0.1208135262272375,0.843484453175726,-25.589098387380663
751,752.0,0.49848537022358697,5.2314368175239805,0.25791786362133184,0.5779368046913615,0.10217135683150445,0.12081352622445202,0.843484472849435,-25.58909838770345
752,753.0,0.4597420367315187,8.024167495747898,0.45977254566025144,8.024165541755536,2.0376518912988284,0.5395304693234703,4.1890698354585254e-07,-4.638784264769834
753,754.0,0.23038959358117184,0.0744011052971512,0.25791735342897887,0.5779367740091033,0.10217135683071984,0.12081352622398812,0.8434844722196259,-25.589098387757204
754,755.0,0.7306723084163983,1.4393882919919039,0.257917474354637,0.5779366494873895,0.10217135683083362,0.1208135262240554,0.8434844742962195,-25.58909838774941
755,756.0,0.8581349264342135,7.72823713704949,0.25791745891847667,0.5779368615350734,0.10217135683067788,0.12081352622396332,0.8434844711631347,-25.589098387760078
756,757.0,0.07464097986666496,9.768359112539033,0.07464097986666496,9.768359112539033,2.037652789234367,0.5395305882013637,0.0,-4.638781180068557
757,758.0,0.33163039826293816,6.458568779920242,0.3316427883518995,6.458568069377502,2.0376525450359724,0.5395305558718844,1.3608216975491416e-07,-4.638782018969511
758,759.0,0.1474155847762998,8.724996279283626,0.1474155847762998,8.724996279283626,2.037652789234367,0.5395305882013637,0.0,-4.638781180068557
759,760.0,0.2132240955933401,6.153985871753459,0.2132240955933401,6.153985871753459,2.037652789142317,0.5395305881891772,6.145772779575509e-11,-4.6387811803847825
760,761.0,0.09213587973882786,6.601451491080876,0.09213587973882786,6.601451491080876,2.037652789234367,0.5395305882013637,0.0,-4.638781180068557
761,762.0,0.2277019502215325,3.483981844402214,0.2579175456569035,0.5779369001889029,0.10217135683073789,0.12081352622399878,0.8434844707814171,-25.589098387755968
762,763.0,0.8903143041610451,2.579837286392149,0.2579173055417616,0.5779370272420409,0.10217135683086008,0.12081352622407102,0.8434844684156253,-25.589098387747597
763,764.0,0.7210312854916038,3.267645536426058,0.2579172755065818,0.5779363933223537,0.10217135683150938,0.12081352622445492,0.8434844776206623,-25.58909838770311
764,765.0,0.13931893344191637,0.9720310925403579,0.25791798757347234,0.5779370141292094,0.10217135683208232,0.12081352622479365,0.8434844700485365,-25.58909838766386
765,766.0,0.9362263484412741,3.2910717156609035,0.2579170481393792,0.5779361329678313,0.10217135683306716,0.12081352622537594,0.8434844809451971,-25.589098387596383
766,767.0,0.5049780999448741,9.480833007250835,0.5049780999448741,9.480833007250835,2.037652585817369,0.5395305612709426,8.958579866824579e-08,-4.638781878872136
767,768.0,0.5875568220298336,3.8060246959922712,0.2579169917629974,0.5779365044913394,0.10217135683188894,0.12081352622467934,0.8434844753936578,-25.589098387677108
768,769.0,0.23230630612038938,9.842470029052171,0.23230630612038938,9.842470029052171,2.037652789234367,0.5395305882013637,0.0,-4.638781180068557
769,770.0,0.3159673901676071,5.3545642240026465,0.2579176146849229,0.5779371130609193,0.1021713568310478,0.12081352622418201,0.8434844678147981,-25.589098387734737
770,771.0,0.9553549533947802,9.466691587774543,0.25791742994859046,0.5779369145890364,0.10217135683068816,0.12081352622396939,0.8434844703261137,-25.589098387759375
771,772.0,0.7249268472411544,7.957111606818525,0.2579175244201848,0.5779372397144688,0.10217135683123804,0.12081352622429449,0.8434844657720855,-25.589098387721698
772,773.0,0.7338310515517156,1.731685650619966,0.25791745883113043,0.5779368566163865,0.10217135683067768,0.12081352622396317,0.8434844712348682,-25.58909838776009
773,774.0,0.7254948919475677,4.143348429932604,0.25791741991084605,0.5779368412025346,0.10217135683067505,0.12081352622396166,0.8434844713778877,-25.589098387760277
774,775.0,0.8177585648371893,1.2921540298987746,0.25791740571834887,0.5779366897442985,0.10217135683077033,0.12081352622401798,0.8434844735623718,-25.589098387753747
775,776.0,0.34936359757285673,1.731130045643872,0.25791743028958036,0.5779368511696946,0.10217135683067419,0.1208135262239611,0.8434844712541167,-25.58909838776033
776,777.0,0.3802152891247379,8.440059268143067,0.3802152891247379,8.440059268143067,2.0376527777513216,0.5395305866811209,5.967151106567314e-09,-4.638781219516554
777,778.0,0.7716116244398356,7.797019718376917,0.2579175390293241,0.5779366344908826,0.10217135683090456,0.12081352622409733,0.8434844746522905,-25.589098387744546
778,779.0,0.22411285788004154,7.537674263226665,0.22411285788004154,7.537674263226665,2.037652789233735,0.53953058820128,4.1522341120980855e-13,-4.63878118007073
779,780.0,0.7499326405949704,3.6669058623846027,0.25791717368326394,0.5779378678594316,0.10217135683476257,0.12081352622637831,0.8434844558451151,-25.589098387480227
780,781.0,0.7196255899804642,6.789750591390538,0.25791847860590267,0.5779378168718855,0.10217135683841315,0.12081352622853662,0.8434844593440436,-25.58909838723012
781,782.0,0.7839614914643739,4.22150004920625,0.2579175753603089,0.577938223288991,0.10217135683744444,0.12081352622796389,0.8434844514977761,-25.589098387296488
782,783.0,0.9457327555244895,1.3409538489764312,0.25791733057462,0.5779366950877012,0.10217135683080068,0.12081352622403592,0.8434844733251649,-25.589098387751665
783,784.0,0.5705893498391718,0.6571263320936076,0.257917339537081,0.5779340274235026,0.10217135685928762,0.12081352624087827,0.8434845123460083,-25.589098385799957
784,785.0,0.7757379071164442,6.114856771290606,0.2579174289888867,0.5779368477671608,0.10217135683067428,0.12081352622396119,0.843484471301114,-25.589098387760327
785,786.0,0.7704098288581762,4.239527428017571,0.2579156147285748,0.5779367861228369,0.10217135684496752,0.12081352623241176,0.8434844683416851,-25.589098386781068
786,787.0,0.7102868593499698,3.806431531056081,0.25791723871882927,0.5779368574217449,0.10217135683083454,0.12081352622405593,0.8434844707570902,-25.589098387749345
787,788.0,0.9172020100838962,8.82469185144727,0.2579174453232973,0.577937092357132,0.10217135683088077,0.12081352622408326,0.8434844677594036,-25.589098387746176
788,789.0,0.9848225452916208,3.76295181284577,0.2579183414767413,0.5779371282535398,0.10217135683445847,0.12081352622619854,0.8434844691251905,-25.58909838750106
789,790.0,0.38387279924915485,9.061319186056553,0.38387279924915485,9.061319186056553,2.0376527864819636,0.5395305878369725,1.4229498690454534e-09,-4.638781189523959
790,791.0,0.34673409315258386,2.623228808464756,0.2579175509541915,0.5779371022595888,0.10217135683095034,0.12081352622412438,0.8434844678380167,-25.589098387741412
791,792.0,0.3937460876425414,0.4923333481843146,0.25791742643139043,0.5779368399874142,0.10217135683067476,0.12081352622396145,0.8434844714094532,-25.589098387760295
792,793.0,0.4654334255497783,6.902155158967931,0.2579173119660173,0.577936536154104,0.1021713568310807,0.12081352622420147,0.843484475609547,-25.589098387732477
793,794.0,0.7311640622698629,7.3276819808958145,0.2579178662504399,0.5779369504611147,0.10217135683151733,0.12081352622445961,0.8434844707235654,-25.589098387702567
794,795.0,0.6805932827690597,5.470180288866894,0.25791671194119536,0.5779363967654599,0.10217135683354202,0.12081352622565666,0.8434844763743377,-25.589098387563848
795,796.0,0.7189653825040625,3.8241410629372288,0.2579174305871846,0.5779368345855527,0.1021713568306753,0.12081352622396178,0.8434844714972298,-25.58909838776026
796,797.0,0.7231785449276407,0.4731401099038168,0.25791743831361796,0.5779368488497201,0.10217135683067445,0.12081352622396127,0.8434844713050169,-25.589098387760313
797,798.0,0.2700314536727275,3.910222526213631,0.25791765922537896,0.5779370775743669,0.10217135683106443,0.12081352622419184,0.8434844684277939,-25.5890983877336
798,799.0,0.6539807053120749,7.1024886904082765,0.2579183412553938,0.5779376716571054,0.10217135683641189,0.12081352622735339,0.8434844611787407,-25.58909838736723
799,800.0,0.2784392277572556,6.972079224609354,0.2784392277572556,6.972079224609354,2.037652787680144,0.5395305879955997,9.379829135625073e-10,-4.638781185407822
800,801.0,0.7391305727904189,8.169173577213504,0.25791764021538705,0.5779376294165124,0.10217135683297422,0.12081352622532095,0.8434844603186121,-25.58909838760275
801,802.0,0.35339449677674417,0.8992896180767029,0.2579172828921196,0.5779353068823966,0.10217135683926623,0.12081352622904099,0.8434844935206456,-25.58909838717167
802,803.0,0.5878824205063491,8.548311367461276,0.2579176134559903,0.5779373997443761,0.10217135683185889,0.12081352622466157,0.8434844636203539,-25.589098387679165
803,804.0,0.7786076382431399,0.28013834326254017,0.25791738725933705,0.5779368571041383,0.10217135683068251,0.12081352622396607,0.8434844710762807,-25.589098387759762
804,805.0,0.14321611489732133,4.564220279593393,0.14321611489732133,4.564220279593393,2.0376527891952447,0.5395305881961844,2.912803331867053e-11,-4.638781180202956
805,806.0,0.049659577566109836,4.330335028207488,0.049659577566109836,4.330335028207488,2.037652789234367,0.5395305882013637,0.0,-4.638781180068557
806,807.0,0.7231269783524168,1.0488890470442969,0.25791742560245584,0.5779368110249059,0.10217135683068032,0.12081352622396477,0.8434844718311708,-25.58909838775991
807,808.0,0.20136230899928487,1.6398525105481734,0.257917450665825,0.5779368469425167,0.10217135683067605,0.12081352622396223,0.8434844713590385,-25.589098387760203
808,809.0,0.5855429795207774,6.145449151630971,0.2579174290943206,0.5779368494255338,0.10217135683067421,0.12081352622396113,0.8434844712770896,-25.58909838776033
809,810.0,0.25088805104865186,9.647129448030288,0.25088805104865186,9.647129448030288,2.0376527892343637,0.5395305882013632,1.9984014443252818e-15,-4.63878118006857
810,811.0,0.8304558543038372,0.48376490252734905,0.2579173928330806,0.5779366959237525,0.10217135683076617,0.12081352622401552,0.8434844734447473,-25.589098387754028
811,812.0,0.672857634850877,7.290336400540791,0.25791778320097525,0.5779368706958568,0.10217135683121305,0.12081352622427974,0.8434844717145734,-25.589098387723414
812,813.0,0.4257027662070746,5.243992521821971,0.25791818538381267,0.5779364134491337,0.10217135683396349,0.12081352622590585,0.8434844792485157,-25.589098387534975
813,814.0,0.4572274154064554,0.38256092348601617,0.2579174025331878,0.5779370017294606,0.10217135683075929,0.12081352622401142,0.8434844689939779,-25.5890983877545
814,815.0,0.5854015112809491,9.108656083601257,0.2579175308992392,0.5779372998514111,0.10217135683142073,0.12081352622440254,0.8434844649064744,-25.589098387709182
815,816.0,0.5896720899150045,7.174742734752849,0.2579178251955805,0.5779369139827933,0.10217135683135521,0.12081352622436378,0.8434844711702973,-25.589098387713673
816,817.0,0.35673436966260264,2.8043311970481724,0.25791705143823584,0.5779364434517397,0.10217135683184196,0.12081352622465155,0.8434844764127186,-25.589098387680323
817,818.0,0.8607126814697005,3.1205164157939533,0.25791737293427824,0.5779368374516157,0.10217135683068909,0.12081352622396996,0.8434844713333052,-25.589098387759314
818,819.0,0.2651460423789864,8.921146030211416,0.2651460423789864,8.921146030211416,2.0376527892340333,0.5395305882013195,2.05613304160579e-13,-4.6387811800697065
819,820.0,0.7607629277866556,8.450116449205026,0.2579163752481131,0.5779368548299857,0.10217135683551269,0.12081352622682179,0.8434844689607924,-25.589098387428834
820,821.0,0.1746086820112025,0.6816493944076051,0.25791741357061315,0.5779367451309293,0.10217135683071613,0.12081352622398592,0.8434844727691666,-25.58909838775746
821,822.0,0.2651405330734,3.8001688195939893,0.25791743173310483,0.5779368333950984,0.10217135683067555,0.12081352622396194,0.8434844715170606,-25.589098387760238
822,823.0,0.03415285262975365,8.549888458828423,0.03415285262975365,8.549888458828423,2.037652789234367,0.5395305882013637,0.0,-4.638781180068557
823,824.0,0.5238817098750058,5.049769754312703,0.25791740639718624,0.5779364938592809,0.1021713568311353,0.12081352622423373,0.8434844764278812,-25.589098387728743
824,825.0,0.9853600181165657,1.896441311211771,0.2579174024086076,0.5779369723081673,0.10217135683073059,0.12081352622399447,0.843484469423897,-25.589098387756465
825,826.0,0.7454012849550806,9.43486846330393,0.25791742841390686,0.5779368266208716,0.10217135683067656,0.12081352622396252,0.8434844716090857,-25.58909838776017
826,827.0,0.27955689459377986,2.4651612334147033,0.25791758084602495,0.577936905561391,0.10217135683077952,0.1208135262240234,0.8434844707772619,-25.589098387753115
827,828.0,0.39032938512157633,3.6326051344111687,0.25791735494767193,0.5779366469994558,0.1021713568308448,0.12081352622406201,0.8434844740798789,-25.589098387748642
828,829.0,0.22157480939873098,6.497881809203086,0.22157480939873098,6.497881809203086,2.037652789185168,0.5395305881948503,3.2421731965825984e-11,-4.638781180237574
829,830.0,0.14672326151216075,5.662126952972346,0.14672326151216075,5.662126952972346,2.037652789234327,0.5395305882013585,2.9531932455029164e-14,-4.6387811800686976
830,831.0,0.32873383998160643,7.121459426695877,0.32873383998160643,7.121459426695877,2.037652761227396,0.5395305844935148,1.5674087916472956e-08,-4.6387812762816125
831,832.0,0.16252393964241008,6.785732139642373,0.16252393964241008,6.785732139642373,2.0376527892343663,0.5395305882013636,5.551115123125783e-16,-4.6387811800685625
832,833.0,0.29732934567232516,2.3709344754433497,0.25791728239062134,0.577936794581198,0.1021713568307784,0.12081352622402272,0.8434844717684065,-25.589098387753197
833,834.0,0.8604793251150102,0.8070916008577683,0.257917532939024,0.5779379479339961,0.1021713568349907,0.12081352622651319,0.8434844554344826,-25.589098387464595
834,835.0,0.2268535127228667,7.832792250861876,0.2268535127228667,7.832792250861876,2.0376527892341207,0.5395305882013312,1.6076029396572267e-13,-4.638781180069406
835,836.0,0.7349471652005852,2.637402217783814,0.2579177667194055,0.5779369891602096,0.10217135683121514,0.12081352622428099,0.8434844699476145,-25.589098387723272
836,837.0,0.45417877299533105,8.063939411874513,0.4542025317680705,8.063937946380241,2.037652110037054,0.539530498282277,3.191760351572981e-07,-4.6387835133326
837,838.0,0.6617325188040943,5.797576269611945,0.25791732342000295,0.5779365925668354,0.10217135683095631,0.12081352622412792,0.8434844748089882,-25.589098387741004
838,839.0,0.3778152589369662,3.558510089403051,0.2579174696387463,0.577936672566319,0.10217135683079953,0.12081352622403524,0.8434844739487982,-25.589098387751747
839,840.0,0.301813700537377,9.330161048794716,0.301813700537377,9.330161048794716,2.0376527892309517,0.5395305882009117,1.9890755709184305e-12,-4.63878118008029
840,841.0,0.5936532315920585,3.095205538262973,0.2579173959931254,0.5779367309174815,0.10217135683073078,0.1208135262239946,0.8434844729397832,-25.58909838775645
841,842.0,0.7687243204106585,7.913700035800316,0.2579173224146582,0.5779370622764729,0.10217135683089174,0.12081352622408974,0.843484467939098,-25.58909838774543
842,843.0,0.2156264701705054,2.7259426524179338,0.2579170400437292,0.5779369098661388,0.1021713568313569,0.12081352622436477,0.8434844695691341,-25.58909838771356
843,844.0,0.13161435151958523,1.252691674488089,0.25791738767120653,0.5779368356874758,0.10217135683068294,0.12081352622396631,0.8434844713902933,-25.58909838775973
844,845.0,0.6117388768011915,6.375414049526557,0.2579174369817934,0.5779368702671637,0.10217135683067546,0.12081352622396187,0.8434844709890454,-25.589098387760245
845,846.0,0.7549183769651199,5.2990087135041595,0.25791814094234594,0.5779374932338298,0.10217135683417305,0.12081352622602977,0.8434844633661494,-25.589098387520615
846,847.0,0.8293223552873658,9.84107442336748,0.25791745840690367,0.5779370966767317,0.10217135683088949,0.12081352622408842,0.8434844677239232,-25.58909838774558
847,848.0,0.928533980350566,7.159127350982364,0.2579178079261386,0.5779368963426442,0.10217135683129339,0.12081352622432723,0.8434844713917732,-25.58909838771791
848,849.0,0.9926872179312438,9.575341740235322,0.25791708939855573,0.5779369631460004,0.1021713568312379,0.12081352622429439,0.8434844688947918,-25.589098387721712
849,850.0,0.2784693674012032,5.085798839183328,0.25791760862103374,0.5779367151374812,0.10217135683088857,0.12081352622408789,0.8434844736202638,-25.589098387745647
850,851.0,0.664191782796525,9.945277941785317,0.2579174714159597,0.5779368880866858,0.10217135683068551,0.12081352622396781,0.8434844708013509,-25.589098387759556
851,852.0,0.47079938821100853,9.314969573460951,0.47079938821100853,9.314969573460951,2.0376527057688065,0.53953057715134,3.8385908673888025e-08,-4.638781466799909
852,853.0,0.22605974135257023,8.161740457787445,0.22605974135257023,8.161740457787445,2.0376527892343157,0.5395305882013569,3.3639757646142243e-14,-4.638781180068735
853,854.0,0.5243140637511091,0.3203293797511695,0.2579175161224144,0.5779369361254977,0.10217135683072853,0.12081352622399325,0.8434844701935127,-25.589098387756607
854,855.0,0.2352998490653101,6.03319528806846,0.2352998490653101,6.03319528806846,2.0376527876918766,0.5395305879971533,9.949607804315974e-10,-4.638781185367513
855,856.0,0.884605767576201,3.9487253283714505,0.25791644091684346,0.5779369265988534,0.10217135683497545,0.12081352622650417,0.843484468051329,-25.58909838746564
856,857.0,0.324795268784832,8.800363927949537,0.324795268784832,8.800363927949537,2.0376527891078156,0.5395305881846096,7.123690526356086e-11,-4.638781180503305
857,858.0,0.7608131052666047,0.18034804090679615,0.2579164036899089,0.5779377540661785,0.10217135683851847,0.1208135262285989,0.843484455873793,-25.5890983872229
858,859.0,0.28171842967685823,3.46770219773121,0.25791743938073686,0.5779367789723386,0.10217135683069412,0.1208135262239729,0.8434844723289789,-25.589098387758966
859,860.0,0.2559419867212148,1.647324411917067,0.2579170541532663,0.577936821962464,0.10217135683128872,0.12081352622432447,0.8434844708843074,-25.58909838771823
860,861.0,0.13024626517976612,9.154844652229716,0.13024626517976612,9.154844652229716,2.037652789234367,0.5395305882013637,0.0,-4.638781180068557
861,862.0,0.04098434696347064,8.232713654627297,0.04098434696347064,8.232713654627297,2.037652789234367,0.5395305882013637,0.0,-4.638781180068557
862,863.0,0.7678286967507079,3.6931968079630475,0.2579173594177977,0.577936666337998,0.10217135683081557,0.1208135262240447,0.8434844738065904,-25.589098387750646
863,864.0,0.9325616205618067,4.739621858309583,0.2579174937660115,0.5779368631629879,0.10217135683069167,0.12081352622397147,0.8434844712130501,-25.589098387759133
864,865.0,0.2833952697586577,3.206092796912246,0.2579174336036841,0.5779368362816314,0.10217135683067514,0.12081352622396171,0.8434844714788138,-25.589098387760263
865,866.0,0.9747694448038057,9.392489950282027,0.25791744835607466,0.577936862948137,0.10217135683067587,0.12081352622396213,0.8434844711201266,-25.589098387760213
866,867.0,0.4700896205177598,1.949260160933074,0.2579180188874478,0.5779367257260088,0.10217135683226258,0.12081352622490023,0.8434844743315746,-25.589098387651504
867,868.0,0.09477930631989173,9.785905657811824,0.09477930631989173,9.785905657811824,2.037652789234367,0.5395305882013637,0.0,-4.638781180068557
868,869.0,0.45258082255868404,8.384316239281658,0.45259241328706723,8.384315484330063,2.0376524730063217,0.5395305463358627,1.489196403969828e-07,-4.63878226641482
869,870.0,0.9153382189432777,0.9894686589274557,0.25791499623504754,0.5779364692172457,0.10217135685659656,0.1208135262392872,0.843484471648541,-25.589098385984332
870,871.0,0.3990321836723938,1.4165784694738455,0.25791741965990067,0.5779367832109243,0.1021713568306916,0.12081352622397144,0.8434844722252733,-25.589098387759137
871,872.0,0.4857782057989284,0.4270560612134809,0.25791735910122643,0.577936845201426,0.10217135683069638,0.12081352622397426,0.8434844711907094,-25.58909838775881
872,873.0,0.3918508189903769,1.271772413217675,0.25791726631787343,0.5779366405702098,0.10217135683093971,0.12081352622411809,0.8434844739861814,-25.58909838774214
873,874.0,0.37796163924060056,3.6408167261422255,0.2579168660761888,0.5779367942516743,0.10217135683205833,0.12081352622477948,0.8434844708903197,-25.5890983876655
874,875.0,0.6316477351094804,7.959178928176676,0.257917431161044,0.5779368670867596,0.10217135683067499,0.1208135262239616,0.8434844710232308,-25.589098387760277
875,876.0,0.3918728173092989,1.120477468238,0.2579169672462225,0.5779370785404172,0.10217135683182924,0.12081352622464406,0.8434844669484852,-25.589098387681197
876,877.0,0.7500756760432172,6.757139271896074,0.25791851721254727,0.5779372071802129,0.10217135683611238,0.12081352622717635,0.8434844683406002,-25.58909838738775
877,878.0,0.1701584305035171,3.0958642382485366,0.25791766231733676,0.5779369452767021,0.10217135683093044,0.12081352622411265,0.8434844703687474,-25.589098387742773
878,879.0,0.26912585934655564,9.178105094820006,0.26912585934655564,9.178105094820006,2.0376527892341656,0.5395305882013371,1.2301271112846734e-13,-4.63878118006925
879,880.0,0.7543254115552582,0.501997518150636,0.2579167758145472,0.5779382648596012,0.1021713568400471,0.12081352622950267,0.8434844491963703,-25.58909838711817
880,881.0,0.39045279351765483,7.6835106215532605,0.39045279351765483,7.6835106215532605,2.0376526547545595,0.5395305703975526,6.888705661456385e-08,-4.638781642050448
881,882.0,0.5685163354344888,0.7593436383829658,0.2579174733919301,0.5779399235826966,0.10217135686452344,0.1208135262439738,0.8434844264187364,-25.589098385441243
882,883.0,0.7273882226217009,8.725744490479794,0.2579193528729235,0.5779360713044519,0.1021713568494714,0.1208135262350746,0.8434844867020408,-25.589098386472493
883,884.0,0.7739018294554668,6.683915007616526,0.25791743191445904,0.5779368477285796,0.10217135683067427,0.12081352622396119,0.843484471307869,-25.589098387760327
884,885.0,0.3380671882969096,5.382967729254583,0.2579176870662048,0.57793640592452,0.10217135683171837,0.12081352622457849,0.8434844783071767,-25.58909838768879
885,886.0,0.06435788260749076,5.759505948383049,0.06435788260749076,5.759505948383049,2.037652789234367,0.5395305882013637,0.0,-4.638781180068557
886,887.0,0.2853638323167572,1.6888008393516325,0.25791737923245434,0.5779371449862245,0.10217135683099882,0.12081352622415305,0.8434844668500315,-25.589098387738094
887,888.0,0.5599187701218926,3.133282744752333,0.2579174419724172,0.5779368422306587,0.10217135683067516,0.12081352622396171,0.8434844714095385,-25.589098387760263
888,889.0,0.09914409052140638,3.096393360754114,0.09914409052140638,3.096393360754114,2.0376527877444746,0.5395305880041166,1.1840175506705464e-09,-4.638781185186824
889,890.0,0.41972697546984983,0.7068399788722904,0.2579184759510552,0.5779360064080176,0.10217135683831913,0.12081352622848103,0.8434844858117599,-25.58909838723656
890,891.0,0.05351919315867992,1.3214130989656476,0.25791733310090464,0.577936785928005,0.10217135683072892,0.12081352622399348,0.8434844720023167,-25.589098387756582
891,892.0,0.2906052701815882,9.307639290562081,0.2906052701815882,9.307639290562081,2.037652789233113,0.5395305882011978,7.429612480791548e-13,-4.638781180072868
892,893.0,0.30171346498791907,8.001805222369935,0.30171346498791907,8.001805222369935,2.03765278895804,0.5395305881647808,1.609894439980053e-10,-4.638781181017833
893,894.0,0.019801099206423478,6.741888523709231,0.019801099206423478,6.741888523709231,2.037652789234367,0.5395305882013637,0.0,-4.638781180068557
894,895.0,0.7449208017346972,9.410932267008771,0.2579168746762189,0.5779358332373932,0.10217135683553852,0.12081352622683707,0.8434844849591046,-25.589098387427065
895,896.0,0.20747221916926928,9.006950975258137,0.20747221916926928,9.006950975258137,2.037652789234367,0.5395305882013637,0.0,-4.638781180068557
896,897.0,0.23733217997233313,3.065449414104919,0.25791735116036973,0.5779369628656535,0.10217135683074867,0.12081352622400517,0.8434844694534858,-25.58909838775523
897,898.0,0.7941241558126068,0.26837940883189515,0.25791892576197517,0.5779367094615202,0.10217135684053655,0.12081352622979206,0.8434844764761241,-25.58909838708464
898,899.0,0.906691753966611,7.995896326952677,0.25791826069888246,0.577938154375385,0.10217135683935805,0.12081352622909527,0.8434844539505032,-25.58909838716538
899,900.0,0.3998566116426918,9.607915540503127,0.3998566116426918,9.607915540503127,2.037652787585632,0.5395305879830873,8.336079604376323e-10,-4.638781185732501
900,901.0,0.1902735631864776,1.101285545162741,0.25791738968701305,0.5779349606388011,0.10217135684351056,0.1208135262315504,0.8434844988090267,-25.589098386880885
901,902.0,0.1632609288263117,7.783997024837165,0.1632609288263117,7.783997024837165,2.037652789234367,0.5395305882013637,0.0,-4.638781180068557
902,903.0,0.817753185907649,1.5341716098199758,0.25791740887629944,0.5779368739701216,0.10217135683067802,0.12081352622396341,0.8434844708754281,-25.58909838776007
903,904.0,0.04264191496515812,0.8182801829911514,0.25791713892835755,0.5779374073574842,0.10217135683221022,0.12081352622486925,0.8434844625048102,-25.589098387655092
904,905.0,0.458823020318864,2.228495067698971,0.2579174253403753,0.5779368647858364,0.1021713568306749,0.12081352622396152,0.8434844710445566,-25.58909838776028
905,906.0,0.08177928430330728,3.6518897559726047,0.08177928430330728,3.6518897559726047,2.037652789234349,0.5395305882013615,1.4654943925052066e-14,-4.638781180068621
906,907.0,0.08013780559582251,3.5736543757692263,0.08013780559582251,3.5736543757692263,2.0376527892343423,0.5395305882013605,1.9984014443252818e-14,-4.6387811800686425
907,908.0,0.27476055360192475,3.6156487917425397,0.25791740736350743,0.5779368583749093,0.10217135683067671,0.12081352622396262,0.8434844711002503,-25.58909838776016
908,909.0,0.24451345776982136,4.048824772293475,0.25791739396102514,0.577936785564625,0.10217135683069514,0.1208135262239735,0.8434844721364695,-25.589098387758895
909,910.0,0.06842840589610122,7.895571081592573,0.06842840589610122,7.895571081592573,2.037652789234367,0.5395305882013637,0.0,-4.638781180068557
910,911.0,0.5389468655456499,2.8517935250194637,0.2579172264159983,0.5779370144165629,0.10217135683096185,0.12081352622413119,0.8434844684355591,-25.589098387740624
911,912.0,0.19671788787385125,9.322183985892957,0.19671788787385125,9.322183985892957,2.037652789234367,0.5395305882013637,0.0,-4.638781180068557
912,913.0,0.3068410886500744,8.411735673862589,0.3068410886500744,8.411735673862589,2.037652789126601,0.5395305881870965,6.230382876282192e-11,-4.6387811804387695
913,914.0,0.4039993037847672,2.336325400025269,0.2579173914286916,0.5779369167742414,0.1021713568306967,0.12081352622397444,0.8434844702126452,-25.58909838775879
914,915.0,0.23663250095176935,2.9958027012458763,0.2579174238214737,0.5779368512084376,0.10217135683067434,0.12081352622396124,0.843484471239863,-25.58909838776032
915,916.0,0.38773144042880203,2.6173132541572066,0.2579174354900367,0.5779368436377619,0.10217135683067456,0.12081352622396134,0.8434844713752484,-25.58909838776031
916,917.0,0.44694664863820766,6.538124351104987,0.2579173914457161,0.5779366667635923,0.10217135683080197,0.12081352622403668,0.8434844738681686,-25.589098387751577
917,918.0,0.1991141303819799,8.711252199871284,0.1991141303819799,8.711252199871284,2.037652789234367,0.5395305882013637,0.0,-4.638781180068557
918,919.0,0.13952588728958903,3.061500425602806,0.2579174060770759,0.577936855674977,0.10217135683067691,0.12081352622396274,0.8434844711370044,-25.589098387760146
919,920.0,0.386833271921618,4.332630962213255,0.2579173483379034,0.5779371382829299,0.102171356831006,0.12081352622415731,0.8434844668826507,-25.589098387737597
920,921.0,0.36270382564109704,7.153856550174797,0.36270382564109704,7.153856550174797,2.03765263712411,0.5395305680634536,8.10327629441332e-08,-4.638781702616779
921,922.0,0.15149429664656622,2.461315005676854,0.2579174437253834,0.5779359337430495,0.10217135683371134,0.12081352622575678,0.8434844846963149,-25.589098387552248
922,923.0,0.5638292721997694,6.406214548608492,0.2579174295129331,0.5779368493353613,0.10217135683067424,0.12081352622396113,0.8434844712792938,-25.589098387760327
923,924.0,0.4682082419678938,6.234239170788228,0.2579184538449316,0.5779365308312031,0.10217135683571521,0.12081352622694154,0.8434844780972062,-25.589098387414957
924,925.0,0.529196204400635,7.3490258438152365,0.2579179229096935,0.5779370270447354,0.10217135683180474,0.12081352622462954,0.8434844697233082,-25.589098387682878
925,926.0,0.8836404122958764,0.6420101992422483,0.25791743715587434,0.5779368479374049,0.10217135683067442,0.12081352622396127,0.8434844713159064,-25.589098387760313
926,927.0,0.0877072237976162,7.736620802971179,0.0877072237976162,7.736620802971179,2.037652789234367,0.5395305882013637,0.0,-4.638781180068557
927,928.0,0.07123201426854453,8.309603135870374,0.07123201426854453,8.309603135870374,2.037652789234367,0.5395305882013637,0.0,-4.638781180068557
928,929.0,0.9412284524718173,3.720250728106768,0.2579177571323905,0.57793644824416,0.10217135683177292,0.12081352622461074,0.8434844778364285,-25.589098387685056
929,930.0,0.49318576598481434,1.470056097516418,0.25791823928666097,0.5779365108711344,0.10217135683403594,0.1208135262259487,0.8434844779375569,-25.589098387530008
930,931.0,0.761770632945612,3.424639805361714,0.25791855993354074,0.5779370341932408,0.10217135683625667,0.12081352622726167,0.8434844709598877,-25.589098387377867
931,932.0,0.7108995141364283,8.483873780367995,0.25791737828415245,0.5779366324669328,0.10217135683085551,0.12081352622406832,0.8434844743417669,-25.58909838774791
932,933.0,0.1490528565687499,1.2063012808810138,0.2579179364598925,0.5779369230803318,0.10217135683179042,0.1208135262246211,0.8434844712720524,-25.589098387683855
933,934.0,0.40049817450226377,0.34200735375170976,0.25791752115304784,0.5779368535582804,0.10217135683070973,0.12081352622398216,0.8434844714114097,-25.589098387757893
934,935.0,0.9681728429783981,6.234005892716214,0.25791824732955326,0.5779373740275252,0.10217135683439166,0.120813526226159,0.8434844653332465,-25.589098387505636
935,936.0,0.3114168596844864,4.811971526504546,0.25791793102432886,0.5779368203715024,0.10217135683177153,0.1208135262246099,0.8434844727623815,-25.589098387685148
936,937.0,0.5418568456641624,5.239598126301587,0.257915841230246,0.5779375915530732,0.10217135684404405,0.1208135262318658,0.8434844570504579,-25.589098386844334
937,938.0,0.6260110157935397,4.676782495258749,0.2579174456068652,0.5779370347170552,0.1021713568307936,0.12081352622403171,0.8434844686027922,-25.589098387752152
938,939.0,0.6947809402307339,7.015542227804266,0.2579174698158779,0.5779366556769888,0.10217135683082271,0.12081352622404894,0.8434844741961169,-25.589098387750155
939,940.0,0.20303722151471193,9.126192502041434,0.20303722151471193,9.126192502041434,2.037652789234367,0.5395305882013637,0.0,-4.638781180068557
940,941.0,0.5253762662644249,7.414880330881564,0.2579170844782901,0.5779370074656752,0.10217135683130087,0.12081352622433163,0.8434844682363518,-25.589098387717396
941,942.0,0.9061949108279359,2.49005739746336,0.2579173349544491,0.5779369364002677,0.10217135683074226,0.1208135262240014,0.843484469806137,-25.58909838775567
942,943.0,0.8691027485846726,3.8455210940866333,0.2579155575147801,0.5779349383064597,0.1021713568577495,0.12081352623996883,0.8434844952324742,-25.58909838590534
943,944.0,0.8680084562221718,2.7542840063986547,0.2579169072940484,0.57793752210793,0.10217135683360493,0.12081352622569386,0.8434844603357293,-25.589098387559538
944,945.0,0.09402911509047851,6.70961117185197,0.09402911509047851,6.70961117185197,2.037652789234367,0.5395305882013637,0.0,-4.638781180068557
945,946.0,0.24589229224020837,8.262977142153938,0.24589229224020837,8.262977142153938,2.0376527892339125,0.5395305882013036,2.8843594179761567e-13,-4.63878118007012
946,947.0,0.6788957002523505,5.233830540266056,0.25791760371590794,0.5779368347279085,0.10217135683080658,0.12081352622403939,0.8434844718613033,-25.58909838775126
947,948.0,0.20436672284563961,5.460610885330292,0.20436672284563961,5.460610885330292,2.0376527882890416,0.5395305880762119,6.399604179918583e-10,-4.638781183316059
948,949.0,0.5439611073849977,5.5505397819183075,0.25791743571730197,0.5779365850424838,0.10217135683093159,0.12081352622411333,0.8434844751567308,-25.589098387742695
949,950.0,0.736270567013128,1.0828855942630624,0.25791904498543367,0.5779374211469958,0.10217135684281692,0.12081352623114028,0.8434844663190154,-25.589098386928402
950,951.0,0.25199863285478385,6.907414958057018,0.25199863285478385,6.907414958057018,2.037652789030794,0.5395305881744127,1.279523154096296e-10,-4.638781180767898
951,952.0,0.8814435102792452,3.0068910228082695,0.2579174404022125,0.5779368388825031,0.10217135683067527,0.12081352622396176,0.8434844714551709,-25.58909838776026
952,953.0,0.5659306887895555,1.585972806382438,0.25791740579468975,0.5779369088574781,0.1021713568306888,0.12081352622396975,0.843484470358804,-25.589098387759332
953,954.0,0.8223175929792803,1.7332379290907756,0.25791758654839503,0.5779365559180139,0.1021713568311127,0.12081352622422037,0.843484475901612,-25.58909838773029
954,955.0,0.22822512799189398,4.787641915236145,0.22823885034848557,4.787641115875563,2.0376526048262265,0.5395305637875295,1.2026588236402347e-07,-4.638781813570521
955,956.0,0.8736834564818377,2.076110784805215,0.2579173135963544,0.5779370588564742,0.10217135683089575,0.12081352622409214,0.8434844679704321,-25.589098387745157
956,957.0,0.31008140730332057,8.693398071556622,0.31008140730332057,8.693398071556622,2.037652789178213,0.5395305881939295,3.2307934105801905e-11,-4.638781180261466
957,958.0,0.3597794068143748,1.5040348966060666,0.2579174588648007,0.5779367687775137,0.10217135683070364,0.12081352622397853,0.843484472519267,-25.589098387758312
958,959.0,0.13967529548323998,6.705220213922022,0.13967529548323998,6.705220213922022,2.037652789234367,0.5395305882013637,0.0,-4.638781180068557
959,960.0,0.9130635050939295,1.2911062721729407,0.2579174269742677,0.5779368513956029,0.1021713568306742,0.12081352622396113,0.8434844712437982,-25.58909838776033
960,961.0,0.4299549093002679,4.01391303787101,0.2579173995223697,0.5779368297309974,0.1021713568306799,0.12081352622396453,0.8434844715024686,-25.58909838775994
961,962.0,0.6270727246637251,0.4438462891787983,0.2579177552198764,0.5779358416150955,0.10217135683492397,0.12081352622647373,0.8434844867020197,-25.58909838746917
962,963.0,0.8927144853313681,3.5344498582530472,0.25791655639622013,0.5779367144450128,0.10217135683401729,0.12081352622593766,0.8434844713989071,-25.589098387531287
963,964.0,0.5992213764826306,9.095492294482872,0.25791777154385204,0.5779373340497233,0.10217135683195196,0.12081352622471656,0.8434844649148487,-25.589098387672788
964,965.0,0.49780847770510983,0.905124880791303,0.2579173959750209,0.5779366565191828,0.10217135683081466,0.12081352622404418,0.8434844740275417,-25.58909838775071
965,966.0,0.35607522443767536,0.4703479791632041,0.25791723453690796,0.5779368667832443,0.10217135683084291,0.12081352622406089,0.8434844706113538,-25.589098387748773
966,967.0,0.9391573241578792,3.52710686807315,0.2579173981296015,0.577936871910306,0.10217135683068036,0.12081352622396477,0.8434844708828013,-25.58909838775991
967,968.0,0.7323537808430607,6.280961406007496,0.2579174423242727,0.5779368565929213,0.10217135683067488,0.12081352622396155,0.8434844712002864,-25.58909838776028
968,969.0,0.3745732909770093,8.74924067142616,0.3745732909770093,8.74924067142616,2.0376527855091418,0.5395305877081803,1.951285910628542e-09,-4.638781192865919
969,970.0,0.3927348414374465,9.516302265617522,0.3927348414374465,9.516302265617522,2.037652787834624,0.5395305880160514,7.147406000385104e-10,-4.638781184877134
970,971.0,0.49450557988291577,6.4061428837610555,0.2579174392402265,0.5779368124492579,0.10217135683068038,0.12081352622396478,0.843484471839203,-25.58909838775991
971,972.0,0.8104570882303408,7.360271205782064,0.25791807430157904,0.5779372523067929,0.10217135683295335,0.12081352622530864,0.8434844667486858,-25.58909838760418
972,973.0,0.32590801744585707,3.7823086457317023,0.2579163961348988,0.5779369739365491,0.1021713568354218,0.12081352622676807,0.8434844672638745,-25.589098387435065
973,974.0,0.5871649408064308,7.0250727394878165,0.25791836895068504,0.5779375185799004,0.10217135683586204,0.12081352622702836,0.8434844634754051,-25.5890983874049
974,975.0,0.772364014673846,7.565052208817099,0.25791755670425137,0.5779365098730386,0.1021713568311807,0.12081352622426059,0.8434844765117443,-25.589098387725628
975,976.0,0.6916112050940683,0.8100200673273058,0.25791732965810193,0.577936733118416,0.10217135683076506,0.12081352622401482,0.8434844727671689,-25.58909838775411
976,977.0,0.31026954223600645,2.386737266855777,0.25791742329039313,0.5779368511100523,0.10217135683067444,0.12081352622396127,0.8434844712401777,-25.589098387760313
977,978.0,0.08898886905442116,2.315534638332686,0.25791718152885856,0.5779373776700437,0.10217135683198347,0.12081352622473523,0.8434844630291617,-25.58909838767063
978,979.0,0.8678118066196635,9.266175925017958,0.25791747017245237,0.5779368860691767,0.10217135683068455,0.12081352622396727,0.8434844708282193,-25.589098387759623
979,980.0,0.6953449469019086,1.995851927522725,0.257917415227159,0.5779368527897192,0.10217135683067521,0.12081352622396173,0.8434844711985553,-25.589098387760263
980,981.0,0.24235872968093286,5.863911873857464,0.24235872968093286,5.863911873857464,2.037652783385056,0.5395305874269722,3.731828734920839e-09,-4.638781200162844
981,982.0,0.6462567042731108,4.492918335973509,0.2579174301612418,0.5779368450508773,0.1021713568306744,0.12081352622396126,0.8434844713433107,-25.58909838776032
982,983.0,0.8366133980132003,4.4992377704892546,0.2579172328358081,0.5779370667316315,0.10217135683102482,0.12081352622416841,0.8434844676842419,-25.589098387736307
983,984.0,0.7898279297731557,8.614207764590386,0.25791747700593576,0.5779369495363281,0.1021713568307158,0.12081352622398574,0.8434844699146906,-25.589098387757478
984,985.0,0.8597653934946647,7.766910266084348,0.25791768737529114,0.5779357156706221,0.1021713568357109,0.120813526226939,0.8434844884000695,-25.589098387415255
985,986.0,0.9544583190057234,6.142205579000001,0.2579174297231677,0.5779368506778366,0.10217135683067416,0.12081352622396113,0.8434844712601097,-25.58909838776033
986,987.0,0.4619227504641983,0.10655348004307534,0.2579174365973204,0.5779368430527634,0.10217135683067465,0.12081352622396137,0.8434844713861449,-25.589098387760302
987,988.0,0.8594214644580355,5.296677107251611,0.2579175256245987,0.5779368603652918,0.10217135683071335,0.12081352622398428,0.8434844713213376,-25.589098387757645
988,989.0,0.4575049045794475,2.9354961486149245,0.25791719738546187,0.5779356350114999,0.10217135683612988,0.1208135262271867,0.8434844885420704,-25.58909838738655
989,990.0,0.7931936030916907,5.328405416241617,0.2579173418290603,0.5779368130779676,0.10217135683071275,0.12081352622398392,0.8434844716238293,-25.58909838775769
990,991.0,0.018151273736502938,8.845498655248418,0.018151273736502938,8.845498655248418,2.037652789234367,0.5395305882013637,0.0,-4.638781180068557
991,992.0,0.6758803678564328,2.125497999311405,0.25791743191049826,0.577936929028242,0.10217135683069525,0.12081352622397361,0.8434844701191428,-25.589098387758888
992,993.0,0.2190682340852711,0.9887886377588408,0.25791792241488964,0.577936654574654,0.10217135683190139,0.12081352622468666,0.843484475168461,-25.589098387676255
993,994.0,0.9935060855114038,9.720928977715252,0.25791720993733924,0.5779347702119748,0.10217135684629224,0.12081352623319498,0.8434845012120497,-25.5890983866903
994,995.0,0.6550189448674528,9.269995879062941,0.25791742925301214,0.5779368471116137,0.1021713568306743,0.12081352622396119,0.843484471311258,-25.589098387760327
995,996.0,0.8112866468802573,9.864558061325713,0.25791745655632003,0.5779368704226193,0.10217135683067807,0.12081352622396344,0.8434844710281886,-25.589098387760064
996,997.0,0.6811322826210375,7.544291446491258,0.2579173309013263,0.577936870749789,0.10217135683071926,0.12081352622398779,0.8434844707574545,-25.589098387757243
997,998.0,0.9270810387894853,5.512608548694189,0.2579173773759519,0.5779366005405172,0.10217135683090943,0.12081352622410022,0.8434844748066461,-25.589098387744215
998,999.0,0.27404468080090194,2.294090089533318,0.2579175009795488,0.5779372972286332,0.10217135683139514,0.12081352622438737,0.8434844648815583,-25.589098387710937
999,1000.0,0.6139638224321396,8.06509712085382,0.2579174534756321,0.5779368673631908,0.10217135683067707,0.12081352622396285,0.843484471066404,-25.58909838776013
