,iteration,init_slope,init_intercept,est_intercept,est_slope,ss_res,nrmse,r_squared,aic
0,1.0,0.08419006953684494,4.924353744209819,0.30441669349346945,0.3970713530387226,0.00895053571429098,0.08917253691479336,0.931976177344232,-42.63366428837652
1,2.0,0.23067068266419732,5.377540031126128,0.30441667999785543,0.397071385021165,0.008950535714287684,0.08917253691477696,0.9319761773442545,-42.633664288379094
2,3.0,0.19677805498563183,9.147524569038628,0.3044166905663617,0.39707135988426584,0.00895053571429014,0.0891725369147892,0.9319761773442379,-42.63366428837717
3,4.0,0.282482180517016,7.421095805841439,0.3044166821925591,0.3970713798597455,0.008950535714288107,0.08917253691477905,0.9319761773442516,-42.63366428837876
4,5.0,0.9070254432514818,1.879671505051697,0.3044166656551874,0.39707144098008745,0.008950535714286013,0.08917253691476862,0.9319761773442649,-42.6336642883804
5,6.0,0.6738865464932172,9.719165996329123,0.3044166716139149,0.39707140479095754,0.008950535714286485,0.08917253691477098,0.9319761773442624,-42.63366428838003
6,7.0,0.609245704093327,6.877808302061006,0.30441666744514345,0.39707141454588984,0.008950535714286119,0.08917253691476916,0.9319761773442647,-42.63366428838032
7,8.0,0.07903987206116725,8.81508047221634,0.30441669836803864,0.39707134078664963,0.008950535714292728,0.08917253691480209,0.9319761773442203,-42.63366428837515
8,9.0,0.5026469725925748,2.8600724109030904,0.3044166605137877,0.3970714306927054,0.008950535714285885,0.08917253691476801,0.9319761773442657,-42.6336642883805
9,10.0,0.6011732929039932,7.226673981181538,0.30441666835915077,0.39707141246385896,0.008950535714286187,0.08917253691476949,0.9319761773442643,-42.63366428838026
10,11.0,0.1725392137951942,7.6686201801942016,0.3044166895676751,0.39707136211777144,0.008950535714289888,0.08917253691478794,0.9319761773442397,-42.63366428837737
11,12.0,0.44870530957341215,5.766331987006157,0.30441666956207547,0.39707140960630677,0.008950535714286285,0.08917253691476999,0.9319761773442636,-42.63366428838019
12,13.0,0.10668397529586471,0.5265428678327815,0.30441665822961467,0.39707143554870317,0.00895053571428592,0.08917253691476816,0.9319761773442654,-42.63366428838047
13,14.0,0.49167303538365836,0.7627695493144964,0.30441665803878143,0.3970714360475876,0.00895053571428592,0.08917253691476816,0.9319761773442654,-42.63366428838047
14,15.0,0.6433363922906337,7.351026873938219,0.3044166677418572,0.3970714137173271,0.008950535714286162,0.08917253691476937,0.9319761773442644,-42.63366428838029
15,16.0,0.34100790547725834,4.208030015037888,0.3044166693502406,0.39707141038953453,0.008950535714286254,0.08917253691476984,0.9319761773442639,-42.63366428838021
16,17.0,0.9479113386658291,1.7379324937451872,0.30441666208102014,0.39707143857048327,0.00895053571428579,0.08917253691476752,0.9319761773442652,-42.63366428838057
17,18.0,0.49064957607893,1.7015236353221688,0.3044165617409514,0.39707136698563844,0.008950535714417588,0.08917253691542407,0.9319761773442434,-42.633664288277494
18,19.0,0.27699325105491757,4.029212902772694,0.30441667167308084,0.3970714045320144,0.00895053571428651,0.0891725369147711,0.9319761773442623,-42.63366428838001
19,20.0,0.855826768751217,5.305426657573413,0.3044166604370768,0.3970714307993765,0.008950535714285893,0.08917253691476804,0.9319761773442657,-42.633664288380494
20,21.0,0.23640552674649973,0.5313027421662365,0.3044166585870644,0.39707143376489656,0.008950535714285944,0.08917253691476827,0.9319761773442655,-42.63366428838045
21,22.0,0.6793411321364297,8.540774575159638,0.30441666924017546,0.3970714104284223,0.008950535714286242,0.08917253691476977,0.931976177344264,-42.63366428838022
22,23.0,0.441235448969841,8.177825598654668,0.30441667605334777,0.3970713942813672,0.00895053571428704,0.08917253691477374,0.9319761773442589,-42.6336642883796
23,24.0,0.01168610675131354,3.5633935718724246,0.30441670296512613,0.3970713297394925,0.00895053571429451,0.08917253691481097,0.931976177344208,-42.63366428837375
24,25.0,0.969535199474265,2.4864684550518255,0.3044166632015794,0.397071437971406,0.008950535714285801,0.08917253691476759,0.9319761773442652,-42.633664288380565
25,26.0,0.6377600994175399,6.538153801260484,0.30441666589603744,0.39707141825739883,0.008950535714286037,0.08917253691476874,0.9319761773442651,-42.63366428838038
26,27.0,0.4971178979026717,8.008963413141277,0.3044166735298617,0.3970714002932785,0.008950535714286691,0.08917253691477202,0.9319761773442611,-42.63366428837987
27,28.0,0.9559963241476382,7.147742086458114,0.3044166617347144,0.3970714275687064,0.008950535714285909,0.08917253691476812,0.9319761773442659,-42.63366428838048
28,29.0,0.6454820232910036,6.66622031292877,0.3044166657190883,0.3970714184262837,0.00895053571428603,0.08917253691476873,0.9319761773442652,-42.63366428838039
29,30.0,0.29734347791439797,8.770399819352487,0.30441668435171093,0.39707137502869827,0.008950535714288521,0.08917253691478114,0.9319761773442488,-42.63366428837844
30,31.0,0.7089112095492953,2.9197803550721027,0.3044163980867472,0.39707125494170553,0.008950535715193286,0.08917253691928813,0.9319761773440877,-42.63366428767084
31,32.0,0.1902846529216543,3.549760429931921,0.30441667624322727,0.397071393816661,0.00895053571428708,0.08917253691477395,0.9319761773442585,-42.63366428837956
32,33.0,0.7005736198375659,5.871102496298778,0.3044166629466723,0.3970714248950041,0.008950535714285921,0.08917253691476817,0.9319761773442659,-42.63366428838047
33,34.0,0.6619491689756395,4.314744476283854,0.30441666090310066,0.3970714296565807,0.008950535714285895,0.08917253691476804,0.9319761773442659,-42.633664288380494
34,35.0,0.9830902479802038,8.65476396790892,0.30441666343711593,0.3970714238950775,0.008950535714285954,0.08917253691476833,0.9319761773442655,-42.633664288380444
35,36.0,0.5481755519908235,5.978824108978857,0.30441666683345736,0.39707141593842865,0.008950535714286095,0.08917253691476903,0.9319761773442649,-42.63366428838034
36,37.0,0.38023857144923645,7.570251884487265,0.30441667731563926,0.3970713915422798,0.008950535714287215,0.08917253691477461,0.9319761773442576,-42.63366428837946
37,38.0,0.28221385223137385,4.124721936960458,0.3044166714913474,0.3970714048545031,0.0089505357142865,0.08917253691477106,0.9319761773442624,-42.63366428838002
38,39.0,0.07644146536873608,0.6882657098995781,0.3044166559155753,0.39707144080483336,0.008950535714285977,0.08917253691476845,0.9319761773442649,-42.63366428838043
39,40.0,0.058500843476376296,4.85501554448817,0.3044166969956989,0.39707134451772463,0.008950535714292163,0.08917253691479927,0.931976177344224,-42.63366428837559
40,41.0,0.8465549322934839,4.699854287105087,0.3044166599269983,0.3970714320196262,0.008950535714285886,0.08917253691476801,0.9319761773442657,-42.6336642883805
41,42.0,0.9570886086319706,9.961037479609034,0.30441666629193903,0.39707141732133117,0.008950535714286067,0.0891725369147689,0.931976177344265,-42.63366428838035
42,43.0,0.624372417422909,3.024825960547725,0.3044161465743056,0.39707108737110086,0.008950535717715641,0.08917253693185301,0.9319761773435776,-42.633664285698174
43,44.0,0.05089928151537637,7.0812248920552125,0.3044167004821299,0.3970713360832266,0.008950535714293446,0.08917253691480566,0.9319761773442151,-42.63366428837458
44,45.0,0.8586396588030355,4.764746767808079,0.30441665992553224,0.3970714318244925,0.008950535714285897,0.08917253691476805,0.9319761773442656,-42.633664288380494
45,46.0,0.8054443362551591,7.436705789419072,0.3044166645645515,0.39707142140506935,0.008950535714285984,0.08917253691476848,0.9319761773442654,-42.63366428838042
46,47.0,0.07319063253163649,7.05330424193759,0.3044166980648226,0.39707134185369825,0.008950535714292558,0.08917253691480125,0.9319761773442213,-42.63366428837528
47,48.0,0.5082213864920007,3.453723286510137,0.30441666165564324,0.3970714281021419,0.00895053571428589,0.08917253691476802,0.9319761773442659,-42.6336642883805
48,49.0,0.4462783109275975,9.778765482049295,0.30441667918265986,0.3970713869095924,0.008950535714287536,0.08917253691477622,0.9319761773442555,-42.63366428837921
49,50.0,0.8832061884292178,7.815981331171352,0.3044166639850526,0.3970714225503632,0.00895053571428596,0.08917253691476837,0.9319761773442656,-42.633664288380444
50,51.0,0.6077625376728046,4.245142152462637,0.3044166618154538,0.39707142775477144,0.008950535714285899,0.08917253691476808,0.9319761773442659,-42.633664288380494
51,52.0,0.8153513193485636,9.457844745678152,0.30441666786049937,0.39707141363988596,0.008950535714286155,0.08917253691476934,0.9319761773442644,-42.63366428838029
52,53.0,0.3019023639690347,0.12124062829227072,0.30441665835818094,0.3970714354049423,0.008950535714285916,0.08917253691476815,0.9319761773442654,-42.63366428838047
53,54.0,0.2314833456968849,5.6905746861932895,0.3044166811009509,0.39707138240865286,0.00895053571428788,0.08917253691477793,0.9319761773442532,-42.63366428837894
54,55.0,0.9318995202524549,8.659680567313936,0.3044166641925052,0.3970714220071368,0.00895053571428597,0.08917253691476841,0.9319761773442655,-42.63366428838044
55,56.0,0.09385338590002168,7.612938643524015,0.30441669608805516,0.39707134617653655,0.008950535714291951,0.08917253691479822,0.9319761773442257,-42.633664288375755
56,57.0,0.36800609945155405,3.239920575266066,0.3044166636975685,0.39707142299862214,0.008950535714285968,0.0891725369147684,0.9319761773442655,-42.63366428838044
57,58.0,0.7533207166295828,6.80456161063933,0.30441666404651246,0.39707142254128497,0.008950535714285956,0.08917253691476834,0.9319761773442655,-42.633664288380444
58,59.0,0.7237522626168665,0.8468017100428736,0.30441647037452474,0.3970713355691768,0.008950535714705084,0.0891725369168562,0.9319761773442146,-42.63366428805266
59,60.0,0.7611493904125091,2.6077793337086757,0.3044165701616465,0.3970713715760297,0.00895053571439761,0.08917253691532454,0.9319761773442466,-42.63366428829312
60,61.0,0.7280306732964825,3.2548361394863505,0.3044162832222777,0.39707117910325185,0.008950535716141829,0.08917253692401321,0.9319761773438979,-42.63366428692901
61,62.0,0.20192050783994142,8.065358497508003,0.30441668839540414,0.3970713651095851,0.008950535714289548,0.08917253691478624,0.9319761773442419,-42.63366428837764
62,63.0,0.5551842902198268,4.23981253767255,0.30441666247327004,0.397071425832702,0.008950535714285933,0.08917253691476824,0.9319761773442657,-42.63366428838046
63,64.0,0.3380600231405554,5.528302350769043,0.30441667367847164,0.3970714001402709,0.008950535714286693,0.08917253691477202,0.9319761773442611,-42.63366428837987
64,65.0,0.2165229391159217,2.2144836247614332,0.30441666603891876,0.39707141779695837,0.008950535714286056,0.08917253691476885,0.931976177344265,-42.633664288380366
65,66.0,0.3021386478230529,7.67218822327873,0.3044166815052714,0.3970713815885715,0.008950535714287947,0.08917253691477826,0.9319761773442528,-42.63366428837889
66,67.0,0.6610892040685482,0.9871675774896127,0.3044166586546034,0.3970714357386583,0.00895053571428588,0.08917253691476797,0.9319761773442655,-42.6336642883805
67,68.0,0.08784365659006355,7.967061431991977,0.3044166971586508,0.3970713440033223,0.008950535714292236,0.08917253691479964,0.9319761773442236,-42.63366428837553
68,69.0,0.6036259567797804,3.9636098378475997,0.30441666142053175,0.3970714285323227,0.008950535714285897,0.08917253691476805,0.9319761773442659,-42.633664288380494
69,70.0,0.5263242745930578,7.5119022851110655,0.3044166711587174,0.3970714055791674,0.00895053571428647,0.08917253691477091,0.9319761773442625,-42.63366428838005
70,71.0,0.782737735042254,6.332654816197169,0.30441666294974595,0.3970714250435088,0.00895053571428591,0.08917253691476812,0.9319761773442659,-42.63366428838048
71,72.0,0.8664955882285644,0.2430004818240048,0.3044166639608592,0.3970714254925935,0.00895053571428584,0.08917253691476777,0.9319761773442657,-42.63366428838054
72,73.0,0.44224849782016107,6.3143114324534455,0.30441667112311804,0.39707140572592003,0.008950535714286448,0.08917253691477081,0.9319761773442627,-42.633664288380054
73,74.0,0.43709107573553463,6.021741479900949,0.3044166705329892,0.39707140702803523,0.008950535714286412,0.08917253691477062,0.931976177344263,-42.63366428838009
74,75.0,0.11746048846238055,1.1363822173440996,0.3044166646634676,0.397071420863312,0.008950535714286006,0.0891725369147686,0.9319761773442653,-42.6336642883804
75,76.0,0.20788647644992853,9.736212655432924,0.3044166904209478,0.39707135985097347,0.008950535714290157,0.08917253691478927,0.9319761773442379,-42.63366428837716
76,77.0,0.20265674460039063,0.8723966369429992,0.30441665740017343,0.39707143602503936,0.008950535714285956,0.08917253691476834,0.9319761773442655,-42.633664288380444
77,78.0,0.16818006230653715,9.432641265754372,0.3044166922852386,0.3970713555683282,0.008950535714290669,0.08917253691479182,0.9319761773442343,-42.63366428837676
78,79.0,0.3842185836070099,1.0477147731957053,0.30441665577046456,0.3970714323597692,0.008950535714286292,0.08917253691477002,0.9319761773442656,-42.63366428838018
79,80.0,0.09005603805800877,9.489545459691122,0.30441669786138176,0.39707134211434736,0.008950535714292543,0.08917253691480116,0.9319761773442216,-42.63366428837529
80,81.0,0.1628883208593752,1.7688547484067774,0.3044166672958143,0.3970714151134002,0.008950535714286103,0.08917253691476909,0.9319761773442647,-42.63366428838033
81,82.0,0.9376954233912659,0.4254488781509088,0.3044166594472267,0.39707143344926976,0.008950535714285895,0.08917253691476804,0.9319761773442655,-42.633664288380494
82,83.0,0.030123387253012446,2.8658703522005333,0.3044166975545955,0.39707134285058204,0.008950535714292426,0.08917253691480058,0.9319761773442223,-42.633664288375385
83,84.0,0.6644514649066733,2.8070919362856683,0.30441636508037084,0.39707123333815963,0.008950535715430896,0.08917253692047175,0.9319761773440405,-42.63366428748502
84,85.0,0.962849785782636,6.317951240145753,0.3044166604902167,0.3970714304190431,0.008950535714285895,0.08917253691476804,0.9319761773442657,-42.633664288380494
85,86.0,0.903892651078681,3.0784535113688616,0.30441657414377127,0.3970713741929808,0.008950535714388313,0.08917253691527822,0.9319761773442484,-42.633664288300395
86,87.0,0.836337009775448,4.820877298330175,0.3044166603661961,0.3970714311293135,0.008950535714285883,0.08917253691476798,0.9319761773442657,-42.6336642883805
87,88.0,0.2527767430604704,4.246087190199736,0.30441667392618055,0.3970713991496634,0.008950535714286773,0.08917253691477241,0.9319761773442606,-42.633664288379805
88,89.0,0.5496916021851891,6.668379506385868,0.30441666830639735,0.39707141245086336,0.00895053571428619,0.08917253691476952,0.9319761773442643,-42.63366428838026
89,90.0,0.4875348727082457,3.7020597521583474,0.30441666217736674,0.3970714268314601,0.008950535714285902,0.08917253691476809,0.9319761773442659,-42.63366428838049
90,91.0,0.9512662208726472,4.789283551420343,0.30441665976037025,0.39707143245916987,0.00895053571428588,0.08917253691476797,0.9319761773442657,-42.6336642883805
91,92.0,0.49972966053361734,6.780928178735002,0.3044166702127036,0.397071407871394,0.00895053571428637,0.08917253691477042,0.9319761773442632,-42.63366428838012
92,93.0,0.1705440603253101,0.8253879263197189,0.30441665912708726,0.39707143375766524,0.008950535714285893,0.08917253691476804,0.9319761773442656,-42.633664288380494
93,94.0,0.5264054180093707,9.024609974962416,0.3044166741778689,0.397071398669356,0.0089505357142868,0.08917253691477255,0.9319761773442604,-42.633664288379784
94,95.0,0.904233313560361,4.750567424980082,0.30441665993058986,0.39707143205965345,0.008950535714285878,0.08917253691476797,0.9319761773442659,-42.6336642883805
95,96.0,0.17007286406726707,6.6028024020277565,0.30441668815849005,0.3970713656752243,0.008950535714289484,0.08917253691478592,0.9319761773442423,-42.63366428837769
96,97.0,0.43189977056122564,5.910029343748685,0.30441667054538435,0.39707140737236113,0.008950535714286362,0.08917253691477037,0.9319761773442632,-42.633664288380125
97,98.0,0.26112908539473745,4.224231558217221,0.3044166739112061,0.3970713998448075,0.008950535714286703,0.08917253691477207,0.9319761773442609,-42.633664288379855
98,99.0,0.16306978338228906,1.8051449708345222,0.3044166674896357,0.39707141469498947,0.008950535714286119,0.08917253691476916,0.9319761773442646,-42.63366428838032
99,100.0,0.6066512197477787,9.989507753431775,0.3044166739660603,0.3970713991360381,0.008950535714286759,0.08917253691477234,0.9319761773442606,-42.63366428837981
100,101.0,0.9035587631491068,0.724647718490982,0.3044166584559728,0.39707143495602476,0.008950535714285912,0.08917253691476815,0.9319761773442655,-42.63366428838048
101,102.0,0.2891745824794686,7.076638109232929,0.30441668041334285,0.3970713841243282,0.008950535714287743,0.08917253691477726,0.9319761773442541,-42.63366428837905
102,103.0,0.230428341887289,0.6207350538265896,0.3044166582529873,0.397071434718777,0.008950535714285942,0.08917253691476827,0.9319761773442655,-42.63366428838045
103,104.0,0.125744080239641,2.41818538352552,0.30441667641277287,0.39707139336622027,0.008950535714287097,0.08917253691477402,0.9319761773442585,-42.63366428837955
104,105.0,0.26082505908475306,7.2712198046617225,0.30441668274973555,0.39707137824900446,0.00895053571428825,0.08917253691477979,0.9319761773442508,-42.633664288378654
105,106.0,0.059584877020140814,6.125467148862241,0.3044166978624299,0.3970713420488422,0.008950535714292548,0.08917253691480119,0.9319761773442216,-42.633664288375286
106,107.0,0.17141381968952363,5.860936074365306,0.3044166859647655,0.39707137069229553,0.008950535714288969,0.08917253691478337,0.9319761773442459,-42.633664288378085
107,108.0,0.8070053740573527,6.909392416387444,0.3044166631943734,0.39707142426435077,0.008950535714285937,0.08917253691476826,0.9319761773442657,-42.63366428838046
108,109.0,0.18433398575454274,3.5143466534629577,0.30441667645221837,0.3970713937031321,0.008950535714287068,0.08917253691477388,0.9319761773442585,-42.63366428837958
109,110.0,0.27051490652292565,4.229290855674372,0.3044166725977352,0.3970714023274982,0.008950535714286606,0.08917253691477159,0.9319761773442617,-42.63366428837994
110,111.0,0.34263884402342204,1.4414347288955902,0.3044163708544215,0.3970712369611103,0.008950535715387812,0.08917253692025714,0.9319761773440487,-42.633664287518705
111,112.0,0.8885349595676437,9.901256787149212,0.3044166670983891,0.3970714151490031,0.008950535714286128,0.08917253691476922,0.9319761773442646,-42.63366428838031
112,113.0,0.17629451617760583,5.52298129376641,0.30441668535166666,0.397071372422254,0.008950535714288771,0.08917253691478236,0.9319761773442472,-42.63366428837824
113,114.0,0.1594557057287863,2.6450417291199164,0.30441667408623857,0.3970713990948434,0.008950535714286757,0.08917253691477234,0.9319761773442606,-42.63366428837982
114,115.0,0.7885769878025091,2.195101345078135,0.3044166524556581,0.3970714293943603,0.008950535714287042,0.08917253691477377,0.9319761773442657,-42.6336642883796
115,116.0,0.9630547339449848,2.2954112059702996,0.304416667222603,0.39707144074937417,0.008950535714286126,0.0891725369147692,0.931976177344265,-42.63366428838031
116,117.0,0.829505350353466,9.008679281913295,0.30441666699162173,0.397071415541106,0.008950535714286119,0.08917253691476916,0.9319761773442646,-42.63366428838032
117,118.0,0.12605114896387903,6.62932908748491,0.30441669195106835,0.3970713564950921,0.008950535714290562,0.0891725369147913,0.931976177344235,-42.63366428837684
118,119.0,0.9351470935809391,6.31740598470768,0.3044166614534171,0.39707142864221107,0.008950535714285886,0.08917253691476801,0.9319761773442659,-42.6336642883805
119,120.0,0.18467232779264509,7.835527326297638,0.3044166894900059,0.3970713622162166,0.00895053571428988,0.0891725369147879,0.9319761773442398,-42.633664288377375
120,121.0,0.6882044200859109,3.46899224980212,0.30441665944937624,0.3970714327849672,0.00895053571428591,0.08917253691476812,0.9319761773442656,-42.63366428838048
121,122.0,0.7587438076028301,3.1073758620411933,0.3044164051583801,0.39707125942873106,0.008950535715146351,0.08917253691905432,0.9319761773440967,-42.633664287707546
122,123.0,0.43664205327749783,9.987458228475276,0.3044166792249661,0.39707138691328475,0.008950535714287538,0.08917253691477624,0.9319761773442554,-42.63366428837921
123,124.0,0.9489541005527213,3.5624842895473203,0.30441649856308506,0.39707132284119134,0.008950535714636193,0.08917253691651301,0.9319761773441997,-42.63366428810654
124,125.0,0.3823749157535232,7.30081861786816,0.30441667643136533,0.3970713936707059,0.008950535714287076,0.08917253691477393,0.9319761773442585,-42.63366428837956
125,126.0,0.088946196442246,6.572932412634216,0.3044166955352191,0.3970713478168724,0.008950535714291705,0.08917253691479698,0.9319761773442272,-42.63366428837595
126,127.0,0.44626303351042385,9.540136230089656,0.3044166789317347,0.39707138779888285,0.008950535714287456,0.08917253691477582,0.931976177344256,-42.63366428837927
127,128.0,0.8198208596501916,8.395127201649737,0.3044166656497455,0.39707141841618626,0.008950535714286051,0.08917253691476881,0.9319761773442651,-42.633664288380366
128,129.0,0.03850301643417853,1.4862302163693064,0.30441668801284777,0.39707136596120857,0.008950535714289455,0.08917253691478577,0.9319761773442425,-42.63366428837771
129,130.0,0.11897894123412134,2.777719560811837,0.3044166797093375,0.3970713855395478,0.008950535714287652,0.08917253691477679,0.9319761773442548,-42.633664288379116
130,131.0,0.55757378746203,4.67613710705373,0.3044166630342553,0.3970714246492915,0.00895053571428595,0.08917253691476833,0.9319761773442656,-42.633664288380444
131,132.0,0.29880120521442954,5.348027001723505,0.3044166748622494,0.3970713971129187,0.008950535714286889,0.089172536914773,0.9319761773442599,-42.63366428837971
132,133.0,0.06881818698592779,9.08553784897658,0.3044166993166502,0.397071338501356,0.008950535714293086,0.08917253691480387,0.9319761773442179,-42.63366428837487
133,134.0,0.24973609033106992,2.5315845624576596,0.30441666557519714,0.3970714187874534,0.008950535714286027,0.08917253691476869,0.9319761773442652,-42.633664288380395
134,135.0,0.9888992186904495,3.1872337906670447,0.3044166048626323,0.39707139492902793,0.008950535714329856,0.08917253691498704,0.9319761773442591,-42.63366428834611
135,136.0,0.6629360676863422,8.861848570529624,0.3044166704593183,0.39707140792566914,0.008950535714286329,0.0891725369147702,0.9319761773442633,-42.63366428838015
136,137.0,0.20917358836097022,9.575156922518925,0.30441669069343663,0.3970713597629057,0.008950535714290142,0.0891725369147892,0.9319761773442378,-42.63366428837717
137,138.0,0.6237265141342231,5.244849082041155,0.30441666330557776,0.3970714242758864,0.008950535714285928,0.0891725369147682,0.9319761773442657,-42.633664288380466
138,139.0,0.6226777047812173,0.7398784892490822,0.3044166579073322,0.39707143600195416,0.008950535714285928,0.0891725369147682,0.9319761773442654,-42.633664288380466
139,140.0,0.36616395808856783,4.597953542046103,0.30441666921198807,0.3970714103823223,0.008950535714286268,0.08917253691476991,0.9319761773442639,-42.6336642883802
140,141.0,0.20375925003840167,6.835155170555158,0.30441668602768746,0.3970713706571973,0.008950535714288959,0.08917253691478332,0.931976177344246,-42.6336642883781
141,142.0,0.04760591699842187,7.82850145745233,0.30441670086435946,0.3970713349555207,0.00895053571429364,0.08917253691480663,0.9319761773442139,-42.63366428837443
142,143.0,0.7620260698895858,9.826901854002836,0.3044166693216624,0.3970714100087336,0.008950535714286292,0.08917253691477002,0.9319761773442636,-42.63366428838018
143,144.0,0.45463892257296645,2.357828647388614,0.3044166596306821,0.39707143237511594,0.008950535714285904,0.08917253691476809,0.9319761773442656,-42.63366428838049
144,145.0,0.47861316484109695,9.577157031194204,0.3044166775475361,0.39707139073856773,0.008950535714287274,0.08917253691477492,0.9319761773442573,-42.633664288379414
145,146.0,0.7263511697249592,2.4434031217303342,0.3044165813343955,0.3970713801247423,0.008950535714371542,0.08917253691519468,0.931976177344252,-42.633664288313504
146,147.0,0.5469494370984727,9.601825129629542,0.3044166745566463,0.3970713979123179,0.008950535714286823,0.08917253691477267,0.9319761773442602,-42.63366428837976
147,148.0,0.6922543839577092,1.0183744971300333,0.3044166584882433,0.3970714359085879,0.008950535714285897,0.08917253691476805,0.9319761773442654,-42.633664288380494
148,149.0,0.7477370012848016,0.7437235906367919,0.304416622898871,0.3970714068277625,0.008950535714306984,0.08917253691487309,0.9319761773442629,-42.633664288363995
149,150.0,0.582373985466462,0.5374004184403011,0.3044166585417259,0.3970714349249581,0.008950535714285912,0.08917253691476815,0.9319761773442655,-42.63366428838048
150,151.0,0.10585632089507957,7.642221811436545,0.3044166948525199,0.3970713494440418,0.008950535714291476,0.08917253691479585,0.9319761773442288,-42.633664288376124
151,152.0,0.3010563419235096,2.742719887798271,0.30441666460009786,0.3970714214250913,0.008950535714285982,0.08917253691476848,0.9319761773442654,-42.63366428838042
152,153.0,0.29189028421156094,3.9606496259126542,0.3044166700822165,0.397071408200357,0.008950535714286353,0.08917253691477033,0.9319761773442633,-42.63366428838013
153,154.0,0.9322803580834359,1.4220896608066609,0.3044166591829458,0.39707143518454124,0.008950535714285866,0.0891725369147679,0.9319761773442655,-42.633664288380515
154,155.0,0.25453262310024416,9.866775635707379,0.3044166880818492,0.3970713658891656,0.008950535714289456,0.08917253691478579,0.9319761773442425,-42.63366428837771
155,156.0,0.7273771781411545,3.6214365353658207,0.3044166593837803,0.39707143316237853,0.008950535714285893,0.08917253691476804,0.9319761773442656,-42.633664288380494
156,157.0,0.030712945260262248,0.17802168570962346,0.30441665707778387,0.3970714385727744,0.008950535714285942,0.08917253691476827,0.9319761773442651,-42.63366428838045
157,158.0,0.6483289004106825,9.886823994424795,0.30441667208506273,0.39707140355337867,0.008950535714286537,0.08917253691477124,0.9319761773442621,-42.63366428837999
158,159.0,0.4588167984281134,9.407917218739083,0.30441667777446957,0.39707139046025874,0.008950535714287283,0.08917253691477496,0.9319761773442572,-42.63366428837941
159,160.0,0.02107288510651384,9.63907957009103,0.30441670353029093,0.39707132814109297,0.008950535714294805,0.08917253691481242,0.9319761773442061,-42.633664288373524
160,161.0,0.4071462004427471,1.9203789363577461,0.3044161952209353,0.3970711190696378,0.008950535717105069,0.08917253692881151,0.9319761773436995,-42.63366428617568
161,162.0,0.7199623744061768,0.37232248826818004,0.3044166591754988,0.397071433822258,0.0089505357142859,0.08917253691476808,0.9319761773442655,-42.63366428838049
162,163.0,0.7530754178767498,0.41469762307158026,0.30441665855279043,0.3970714350284871,0.008950535714285902,0.08917253691476809,0.9319761773442655,-42.63366428838049
163,164.0,0.6180546253831974,6.0673152731089255,0.3044166650710236,0.3970714200549114,0.008950535714285996,0.08917253691476855,0.9319761773442654,-42.63366428838041
164,165.0,0.4687918543993458,7.720828156421582,0.30441667393649646,0.3970713994000443,0.00895053571428674,0.08917253691477225,0.9319761773442607,-42.63366428837983
165,166.0,0.006937117657071945,1.6938728703755574,0.3044167023510132,0.39707133125515626,0.008950535714294251,0.08917253691480967,0.9319761773442098,-42.63366428837396
166,167.0,0.6422867234282063,0.07999382718702647,0.3044166596839558,0.39707143244948656,0.008950535714285897,0.08917253691476805,0.9319761773442656,-42.633664288380494
167,168.0,0.3532959226453183,6.742486908243026,0.3044166760972373,0.39707139411152564,0.008950535714287059,0.08917253691477384,0.9319761773442587,-42.633664288379585
168,169.0,0.719761143404781,1.256010534235401,0.3044166612595441,0.3970714366469075,0.00895053571428576,0.08917253691476736,0.9319761773442655,-42.6336642883806
169,170.0,0.204105650554135,9.641519444351093,0.30441669086503675,0.39707135902614404,0.008950535714290244,0.08917253691478971,0.9319761773442372,-42.63366428837709
170,171.0,0.43579126481548003,9.163732717850255,0.3044166782911571,0.39707138909505196,0.008950535714287375,0.0891725369147754,0.9319761773442566,-42.633664288379336
171,172.0,0.3963555765213336,4.7327996072081175,0.30441666851244226,0.3970714119419351,0.008950535714286221,0.08917253691476966,0.9319761773442641,-42.63366428838024
172,173.0,0.6091881722513461,7.410302135947533,0.3044166686615387,0.39707141166539817,0.008950535714286218,0.08917253691476965,0.9319761773442641,-42.63366428838024
173,174.0,0.852672641347425,5.160505296252703,0.30441666027267555,0.39707143117128296,0.008950535714285902,0.08917253691476809,0.9319761773442656,-42.63366428838049
174,175.0,0.0181712830745282,8.367473201929498,0.30441670366434126,0.397071327905929,0.008950535714294825,0.08917253691481253,0.9319761773442059,-42.63366428837351
175,176.0,0.6519394801941095,7.974463392842064,0.3044166684565459,0.39707141203766116,0.008950535714286207,0.08917253691476959,0.9319761773442642,-42.633664288380245
176,177.0,0.7599469528301626,3.0178880896439626,0.3044164407441135,0.3970712850252542,0.008950535714922095,0.08917253691793721,0.931976177344144,-42.63366428788294
177,178.0,0.98390379791611,5.474579733344233,0.30441665995600803,0.3970714316585855,0.008950535714285909,0.08917253691476812,0.9319761773442656,-42.63366428838048
178,179.0,0.40370195956211097,2.1444568636870516,0.304416659086236,0.397071433622833,0.0089505357142859,0.08917253691476808,0.9319761773442656,-42.63366428838049
179,180.0,0.8419722731989058,2.7725236507596747,0.30441659381073344,0.3970713878234794,0.008950535714347833,0.08917253691507658,0.931976177344256,-42.63366428833206
180,181.0,0.03896495394472632,7.946281842522791,0.304416702184939,0.3970713319248676,0.008950535714294125,0.08917253691480904,0.9319761773442106,-42.63366428837406
181,182.0,0.9185234473863335,2.8073464467165543,0.3044166263206284,0.39707141271954144,0.008950535714302214,0.08917253691484933,0.9319761773442643,-42.633664288367726
182,183.0,0.8845211805864235,4.473274665661405,0.30441665959310243,0.3970714325879582,0.0089505357142859,0.08917253691476808,0.9319761773442656,-42.63366428838049
183,184.0,0.29365413263368545,4.8087954797022,0.30441667375451,0.39707139989793794,0.008950535714286723,0.08917253691477217,0.9319761773442609,-42.63366428837985
184,185.0,0.8473236346473344,6.21260831756316,0.3044166615878194,0.39707142790705935,0.00895053571428591,0.08917253691476812,0.9319761773442657,-42.63366428838048
185,186.0,0.7181065656131491,0.566919979228758,0.3044166570295752,0.39707143800454775,0.008950535714285956,0.08917253691476834,0.9319761773442652,-42.633664288380444
186,187.0,0.31735103236128415,7.214913792963978,0.3044166791346621,0.39707138712725853,0.008950535714287503,0.08917253691477607,0.9319761773442558,-42.63366428837924
187,188.0,0.20593326540383083,1.5001622547033608,0.3044166622394187,0.3970714267096843,0.00895053571428591,0.08917253691476812,0.9319761773442657,-42.63366428838048
188,189.0,0.5918985983390025,6.570420032860585,0.3044166676865698,0.3970714142614883,0.008950535714286138,0.08917253691476924,0.9319761773442645,-42.6336642883803
189,190.0,0.9869520545132646,2.5566526593823795,0.3044166622893616,0.3970714369727757,0.008950535714285758,0.08917253691476736,0.9319761773442654,-42.6336642883806
190,191.0,0.6321666232712836,1.563086317827241,0.3044166656252045,0.3970714399857656,0.008950535714285954,0.08917253691476833,0.9319761773442651,-42.633664288380444
191,192.0,0.9356409143452832,2.071836543396239,0.3044166672544007,0.39707144147225903,0.008950535714286185,0.08917253691476949,0.9319761773442647,-42.63366428838027
192,193.0,0.7246542083364848,2.0429450063863195,0.30441664961613646,0.39707142784618565,0.008950535714287838,0.08917253691477772,0.9319761773442656,-42.633664288378974
193,194.0,0.5129302722182517,8.028281908041837,0.3044166726668792,0.39707140224988746,0.008950535714286608,0.0891725369147716,0.9319761773442616,-42.63366428837993
194,195.0,0.0007698070639154952,1.9802738245899314,0.3044167050267237,0.39707132458599187,0.00895053571429543,0.08917253691481554,0.9319761773442018,-42.63366428837304
195,196.0,0.10626322038576785,2.773293238403134,0.3044166820515149,0.397071380206561,0.008950535714288069,0.08917253691477887,0.931976177344252,-42.633664288378796
196,197.0,0.7527746196540492,0.3890808058289579,0.30441665803034273,0.3970714359195932,0.008950535714285923,0.08917253691476819,0.9319761773442654,-42.63366428838047
197,198.0,0.7986170161064005,9.014283615765562,0.30441666699879555,0.39707141558899234,0.008950535714286115,0.08917253691476915,0.9319761773442646,-42.63366428838032
198,199.0,0.13193947666018802,4.760470471684867,0.3044166872720406,0.39707136756197375,0.008950535714289286,0.08917253691478494,0.9319761773442438,-42.63366428837784
199,200.0,0.06981517669233872,9.597283909452127,0.304416699721543,0.39707133776457915,0.008950535714293177,0.08917253691480433,0.9319761773442171,-42.633664288374796
200,201.0,0.6883473439293089,7.533920207458543,0.30441666730356426,0.3970714151748049,0.008950535714286114,0.08917253691476913,0.9319761773442646,-42.633664288380324
201,202.0,0.3664411986779741,9.376202556874398,0.30441668165641217,0.39707138106111306,0.008950535714287994,0.0891725369147785,0.9319761773442524,-42.63366428837885
202,203.0,0.2955655831115567,2.9104225203295533,0.3044166650489456,0.3970714200458134,0.008950535714286006,0.0891725369147686,0.9319761773442653,-42.6336642883804
203,204.0,0.792629114282447,9.651405889289434,0.30441666865274414,0.3970714116884879,0.008950535714286216,0.08917253691476965,0.9319761773442641,-42.633664288380245
204,205.0,0.7321090202896899,0.23339495127189205,0.30441665739889423,0.39707143662684996,0.008950535714285942,0.08917253691476827,0.9319761773442654,-42.63366428838045
205,206.0,0.22486942478178318,1.0813107244938578,0.30441615982356507,0.3970710980379689,0.00895053571753281,0.08917253693094225,0.9319761773436199,-42.63366428584116
206,207.0,0.3701937172272335,4.36151860167635,0.3044166682232189,0.39707141288161163,0.008950535714286164,0.08917253691476938,0.9319761773442644,-42.63366428838028
207,208.0,0.3860935638344989,7.7943854480738395,0.30441667752102686,0.3970713910607501,0.008950535714287234,0.08917253691477471,0.9319761773442574,-42.63366428837945
208,209.0,0.5751229651862313,2.754566314228536,0.30441616679568784,0.39707110319086875,0.008950535717440965,0.08917253693048474,0.9319761773436399,-42.63366428591299
209,210.0,0.10340519280031135,6.558062547929364,0.3044166940417562,0.3970713515155996,0.008950535714291205,0.0891725369147945,0.9319761773442305,-42.63366428837634
210,211.0,0.5095977381202424,0.7058426923232017,0.30441665762233183,0.39707143645362,0.008950535714285925,0.08917253691476819,0.9319761773442655,-42.633664288380466
211,212.0,0.8153620494288916,8.840240332559198,0.3044166665835906,0.39707141651609174,0.00895053571428608,0.08917253691476897,0.9319761773442649,-42.633664288380345
212,213.0,0.4438553093154688,9.819697974306008,0.304416679235484,0.39707138684286347,0.00895053571428754,0.08917253691477624,0.9319761773442554,-42.63366428837921
213,214.0,0.12022338759407247,2.6234766516741144,0.30441667847125276,0.39707138850217616,0.008950535714287429,0.08917253691477568,0.9319761773442563,-42.63366428837929
214,215.0,0.32407305004189846,5.9489651263318954,0.3044166762374025,0.3970713941999278,0.008950535714287026,0.08917253691477368,0.9319761773442589,-42.633664288379606
215,216.0,0.7718051668052864,4.992459897573257,0.3044166604487147,0.39707143051552946,0.00895053571428589,0.08917253691476802,0.9319761773442659,-42.6336642883805
216,217.0,0.8955660947003717,8.366876999100635,0.3044166651623337,0.3970714200910716,0.008950535714285992,0.08917253691476852,0.9319761773442653,-42.633664288380416
217,218.0,0.177420027940273,3.843314534785957,0.3044166790362244,0.3970713876825609,0.008950535714287465,0.08917253691477588,0.9319761773442559,-42.633664288379265
218,219.0,0.7557984842038705,8.944231444555426,0.3044166682734115,0.3970714127160287,0.00895053571428619,0.08917253691476952,0.9319761773442642,-42.63366428838026
219,220.0,0.15549175943887406,4.949260248709651,0.30441668514579645,0.39707137290862515,0.008950535714288737,0.08917253691478219,0.9319761773442474,-42.63366428837827
220,221.0,0.4039053683309761,4.060413587055988,0.3044166653075625,0.3970714194658661,0.008950535714286003,0.08917253691476858,0.9319761773442654,-42.63366428838041
221,222.0,0.30054738492432176,7.55445315049977,0.3044166815107129,0.39707138120766033,0.008950535714288,0.08917253691477853,0.9319761773442525,-42.633664288378846
222,223.0,0.7843944596329161,9.889883600238806,0.3044166689377958,0.397071411011204,0.008950535714286246,0.08917253691476978,0.931976177344264,-42.63366428838022
223,224.0,0.036907908871717576,0.6962547736465223,0.30441665759057995,0.39707143622604507,0.00895053571428594,0.08917253691476826,0.9319761773442655,-42.63366428838045
224,225.0,0.6306842413012907,1.1788672211799605,0.30441666249269156,0.397071439213189,0.008950535714285814,0.08917253691476763,0.9319761773442651,-42.63366428838055
225,226.0,0.009531376207949416,0.6997204259448302,0.30441665773176835,0.397071435982233,0.008950535714285933,0.08917253691476824,0.9319761773442655,-42.63366428838046
226,227.0,0.6780632035076682,7.863933890567461,0.3044166679289813,0.39707141350056085,0.008950535714286167,0.08917253691476941,0.9319761773442644,-42.63366428838028
227,228.0,0.4626259928150611,1.5727916283925152,0.30441657503835257,0.3970713751612715,0.008950535714385947,0.08917253691526644,0.9319761773442489,-42.63366428830224
228,229.0,0.09115088729949272,9.622540199119495,0.3044166983052366,0.3970713411107817,0.00895053571429268,0.08917253691480184,0.9319761773442206,-42.633664288375186
229,230.0,0.6838041869469286,1.3571564143166013,0.3044166643018771,0.3970714404994175,0.0089505357142859,0.08917253691476808,0.931976177344265,-42.63366428838049
230,231.0,0.5999882928201176,7.434290172232626,0.3044166686824548,0.3970714114814818,0.008950535714286221,0.08917253691476966,0.9319761773442642,-42.63366428838024
231,232.0,0.19949261764961457,5.472313358115779,0.30441668288142065,0.39707137833869033,0.008950535714288227,0.08917253691477967,0.9319761773442509,-42.63366428837867
232,233.0,0.7418978539973524,3.364878263209917,0.30441626037102837,0.3970711637546738,0.008950535716371676,0.08917253692515817,0.9319761773438512,-42.63366428674925
233,234.0,0.18114178725368024,8.856030182806093,0.3044166912509823,0.3970713581790502,0.008950535714290343,0.0891725369147902,0.9319761773442365,-42.63366428837702
234,235.0,0.6511222721005153,7.912348020939202,0.3044166685483027,0.3970714120746244,0.00895053571428621,0.0891725369147696,0.9319761773442641,-42.633664288380245
235,236.0,0.45153173482516373,1.3641966093296702,0.30441663091844334,0.397071414304563,0.008950535714298748,0.08917253691483208,0.9319761773442645,-42.63366428837044
236,237.0,0.12170394652771044,6.666040959602573,0.30441669251787007,0.3970713551496866,0.008950535714290721,0.08917253691479209,0.931976177344234,-42.63366428837672
237,238.0,0.6758083959376264,5.5578340422117565,0.3044166630974771,0.39707142455734196,0.008950535714285932,0.08917253691476823,0.9319761773442657,-42.633664288380466
238,239.0,0.6928841251290693,8.541602100192227,0.3044166685368699,0.3970714119004554,0.008950535714286214,0.08917253691476965,0.9319761773442641,-42.633664288380245
239,240.0,0.7269169690502092,0.021369121120730895,0.30441665999561623,0.3970714337713621,0.008950535714285841,0.08917253691476777,0.9319761773442656,-42.63366428838054
240,241.0,0.523961380207704,0.6979650038599827,0.30441665821148745,0.39707143639427595,0.008950535714285893,0.08917253691476804,0.9319761773442654,-42.633664288380494
241,242.0,0.9335834773950966,6.148285195238196,0.30441666094487674,0.39707142957716945,0.008950535714285893,0.08917253691476804,0.9319761773442659,-42.633664288380494
242,243.0,0.9463470091549125,2.9169461586884684,0.3044166233428215,0.3970714100377815,0.008950535714305333,0.08917253691486487,0.9319761773442637,-42.63366428836529
243,244.0,0.6371637969473216,3.4430602274120035,0.3044166594067281,0.3970714327941132,0.0089505357142859,0.08917253691476808,0.9319761773442657,-42.63366428838049
244,245.0,0.4536675339678723,2.971211321645902,0.30441666072672147,0.397071429780442,0.0089505357142859,0.08917253691476808,0.9319761773442659,-42.63366428838049
245,246.0,0.44247350853686995,0.9959357432839177,0.30441666694666825,0.3970714427045794,0.008950535714286237,0.08917253691476974,0.9319761773442646,-42.633664288380224
246,247.0,0.6206865607357682,8.460578623757872,0.3044166705441033,0.3970714073140528,0.008950535714286377,0.08917253691477044,0.9319761773442631,-42.63366428838011
247,248.0,0.21497222977997676,6.710192572504811,0.30441668500061553,0.39707137315196084,0.00895053571428871,0.08917253691478207,0.9319761773442476,-42.63366428837829
248,249.0,0.40690816029084753,7.984178981576054,0.3044166767960447,0.3970713924818522,0.008950535714287167,0.08917253691477439,0.931976177344258,-42.6336642883795
249,250.0,0.649854934896169,1.5770797096793328,0.3044166660730414,0.39707144132252997,0.008950535714286069,0.08917253691476892,0.9319761773442647,-42.63366428838035
250,251.0,0.6587390531885937,6.7505799750663105,0.3044166661253801,0.39707141754370534,0.008950535714286055,0.08917253691476885,0.9319761773442651,-42.633664288380366
251,252.0,0.5499605712126248,7.799698078769495,0.30441667131388933,0.39707140550876363,0.008950535714286447,0.08917253691477078,0.9319761773442626,-42.63366428838006
252,253.0,0.07188761013113687,5.9356048851894405,0.3044166964908533,0.3970713454418104,0.008950535714292043,0.08917253691479866,0.931976177344225,-42.633664288375684
253,254.0,0.36188566925368415,1.7427068721582046,0.3044161571721955,0.3970710959415412,0.008950535717568786,0.08917253693112147,0.9319761773436118,-42.633664285813026
254,255.0,0.14298369602543415,7.750011655438153,0.30441669248030545,0.3970713550537183,0.008950535714290744,0.0891725369147922,0.9319761773442339,-42.6336642883767
255,256.0,0.6882850629416257,9.026556800208466,0.3044166700322843,0.39707140845336897,0.008950535714286344,0.08917253691477028,0.9319761773442633,-42.633664288380146
256,257.0,0.7176993211510169,9.892433104796089,0.30441667084543667,0.39707140651778106,0.008950535714286424,0.08917253691477069,0.9319761773442627,-42.63366428838008
257,258.0,0.9325766664815673,8.931723235260066,0.3044166646747079,0.39707142091828534,0.008950535714285982,0.08917253691476848,0.9319761773442654,-42.63366428838042
258,259.0,0.4344805206868254,9.363290029970313,0.3044166785102805,0.3970713882552002,0.008950535714287444,0.08917253691477575,0.9319761773442563,-42.63366428837928
259,260.0,0.10584151625646832,3.0113727412426803,0.30441668317969584,0.39707137720859087,0.008950535714288355,0.0891725369147803,0.9319761773442501,-42.63366428837857
260,261.0,0.2580386342339661,0.006125895851761837,0.3044166593532828,0.3970714335386872,0.008950535714285886,0.08917253691476801,0.9319761773442656,-42.6336642883805
261,262.0,0.6408379821176556,0.7631017178005558,0.30441645897447495,0.3970713325055527,0.008950535714750654,0.0891725369170832,0.9319761773442112,-42.633664288017016
262,263.0,0.1607788016866487,4.459691108158504,0.30441668308137965,0.39707137758465827,0.0089505357142883,0.08917253691478001,0.9319761773442504,-42.63366428837861
263,264.0,0.06119779691159044,1.909341650539816,0.30441668525748566,0.39707137265078474,0.008950535714288749,0.08917253691478226,0.9319761773442473,-42.633664288378256
264,265.0,0.7734621369639343,0.07285638685442251,0.3044166623693995,0.39707142861698097,0.008950535714285817,0.08917253691476766,0.9319761773442659,-42.63366428838055
265,266.0,0.636404528970923,2.639842472450744,0.3044163891123902,0.3970712489137095,0.00895053571525561,0.0891725369195986,0.9319761773440749,-42.633664287622096
266,267.0,0.16825766355609173,9.061978587784166,0.30441669273642896,0.39707135477478905,0.008950535714290768,0.08917253691479231,0.9319761773442335,-42.63366428837668
267,268.0,0.8482056640174531,4.021123626313692,0.30441618548545274,0.39707111440105386,0.00895053571721417,0.08917253692935498,0.9319761773436823,-42.63366428609036
268,269.0,0.4738389080481328,4.55045483016099,0.3044166651956915,0.3970714196902846,0.008950535714286015,0.08917253691476865,0.9319761773442653,-42.6336642883804
269,270.0,0.3792859410264553,0.9907574310056408,0.3044166613851029,0.3970714367576359,0.008950535714285777,0.08917253691476747,0.9319761773442653,-42.63366428838059
270,271.0,0.9919802121456431,2.0528650080683613,0.30441666551463464,0.39707144127094296,0.008950535714286017,0.08917253691476865,0.9319761773442649,-42.6336642883804
271,272.0,0.8296253608222139,3.849600332230128,0.30441622245142336,0.39707113961655327,0.008950535716776564,0.08917253692717508,0.9319761773437722,-42.6336642864326
272,273.0,0.833054657208784,1.7112130800512384,0.304416665194988,0.3970714416570299,0.008950535714286004,0.08917253691476859,0.9319761773442649,-42.6336642883804
273,274.0,0.25247031696936606,9.933840638832061,0.30441668805003147,0.3970713655566707,0.008950535714289505,0.08917253691478604,0.9319761773442423,-42.633664288377666
274,275.0,0.6925681930200919,2.761261579669106,0.30441643664173806,0.39707128128966646,0.008950535714948067,0.08917253691806659,0.9319761773441375,-42.63366428786263
275,276.0,0.7455375006842101,2.662558841666539,0.30441654085190295,0.39707135140932626,0.00895053571447952,0.08917253691573258,0.9319761773442305,-42.63366428822906
276,277.0,0.27463999508809456,8.692661916621972,0.30441668557839374,0.3970713719988728,0.00895053571428881,0.08917253691478255,0.9319761773442469,-42.63366428837821
277,278.0,0.7660724165300655,8.663485900756248,0.3044166669298262,0.3970714158426176,0.008950535714286088,0.08917253691476901,0.9319761773442649,-42.633664288380345
278,279.0,0.09309186113093604,5.255613705338279,0.3044166925704036,0.39707135468993454,0.008950535714290803,0.08917253691479249,0.9319761773442335,-42.63366428837666
279,280.0,0.3581250746793945,0.6754904519417356,0.304416658889872,0.39707143445463583,0.008950535714285899,0.08917253691476808,0.9319761773442655,-42.633664288380494
280,281.0,0.5799731175419687,2.259510027781217,0.3044164620644754,0.3970712977267288,0.008950535714809405,0.08917253691737587,0.9319761773441646,-42.633664287971065
281,282.0,0.9109006096489987,1.6322900373874416,0.3044166617017337,0.3970714378467397,0.00895053571428578,0.08917253691476748,0.9319761773442652,-42.63366428838058
282,283.0,0.35705231924787617,4.337533382075841,0.3044166687255771,0.3970714114429638,0.008950535714286233,0.08917253691476973,0.9319761773442641,-42.63366428838023
283,284.0,0.42042349775474597,5.6279365824645184,0.3044166703064536,0.3970714079287087,0.008950535714286343,0.08917253691477027,0.9319761773442633,-42.633664288380146
284,285.0,0.641809554564944,1.259826518831509,0.30441666445683,0.39707143910796583,0.008950535714285855,0.08917253691476784,0.9319761773442652,-42.63366428838052
285,286.0,0.16752725309027994,7.209340553208628,0.30441668960494184,0.3970713621446037,0.008950535714289881,0.0891725369147879,0.9319761773442397,-42.633664288377375
286,287.0,0.9762804634573625,7.437294834794576,0.3044166619150504,0.3970714271627518,0.008950535714285928,0.0891725369147682,0.9319761773442656,-42.633664288380466
287,288.0,0.47316777582667746,5.580228825613057,0.3044166681482275,0.3970714130239511,0.008950535714286174,0.08917253691476944,0.9319761773442643,-42.633664288380274
288,289.0,0.22169842335321888,6.739406200755358,0.304416684571472,0.39707137430211503,0.008950535714288589,0.08917253691478147,0.9319761773442483,-42.633664288378384
289,290.0,0.045096101234981534,2.5361445697907876,0.3044166928416626,0.3970713541566028,0.008950535714290855,0.08917253691479275,0.9319761773442331,-42.633664288376615
290,291.0,0.40646662721161575,4.983780164718869,0.3044166688737084,0.3970714112482102,0.008950535714286225,0.0891725369147697,0.9319761773442641,-42.63366428838024
291,292.0,0.9130451482939257,0.8970131447026667,0.30441662791954166,0.3970714147507181,0.008950535714300448,0.08917253691484053,0.9319761773442646,-42.633664288369104
292,293.0,0.2083223311575948,4.1407564085923605,0.30441667725492966,0.3970713916400264,0.008950535714287196,0.08917253691477453,0.9319761773442578,-42.63366428837947
293,294.0,0.26141140191655454,1.5310307650746022,0.30441665980864774,0.3970714320921102,0.008950535714285902,0.08917253691476809,0.9319761773442656,-42.63366428838049
294,295.0,0.8377978377451044,8.421493354707813,0.3044166656293385,0.39707141903262366,0.008950535714285997,0.08917253691476855,0.9319761773442654,-42.63366428838041
295,296.0,0.34896003240343665,7.584468580732792,0.30441667930321686,0.397071386964229,0.008950535714287531,0.08917253691477618,0.9319761773442554,-42.63366428837921
296,297.0,0.5000697393821537,0.5929470028046314,0.3044166575593846,0.39707143707817755,0.008950535714285923,0.08917253691476819,0.9319761773442654,-42.63366428838047
297,298.0,0.7760723350405341,3.411179540237809,0.30441630926775554,0.3970711954831725,0.00895053571590032,0.08917253692281016,0.9319761773439446,-42.63366428711789
298,299.0,0.1352427706250371,0.4276602835591352,0.30441665869124146,0.39707143611601686,0.008950535714285874,0.08917253691476795,0.9319761773442654,-42.63366428838051
299,300.0,0.15394481415808958,6.8770308630813695,0.30441668979213377,0.3970713615180524,0.00895053571428996,0.0891725369147883,0.9319761773442392,-42.63366428837732
300,301.0,0.6761273113326308,6.1975295931963785,0.30441666472974444,0.39707142113798144,0.008950535714285975,0.08917253691476844,0.9319761773442654,-42.63366428838043
301,302.0,0.9094954100169051,4.491822582072449,0.30441665968408377,0.39707143248269694,0.008950535714285904,0.08917253691476809,0.9319761773442656,-42.63366428838049
302,303.0,0.7094960462850515,4.621855041552002,0.3044166604433565,0.3970714305588824,0.008950535714285897,0.08917253691476805,0.9319761773442659,-42.633664288380494
303,304.0,0.8560555234202394,9.74619384535748,0.3044166674438419,0.39707141472719526,0.008950535714286124,0.08917253691476917,0.9319761773442646,-42.63366428838031
304,305.0,0.4639508921132731,8.866920616173736,0.304416676135501,0.39707139422035587,0.008950535714287047,0.08917253691477378,0.9319761773442587,-42.63366428837959
305,306.0,0.8124372778395734,2.2181102128555428,0.30441665519600297,0.3970714330439166,0.008950535714286327,0.0891725369147702,0.9319761773442656,-42.63366428838015
306,307.0,0.901008856600616,4.716088670841346,0.3044166595223559,0.3970714329596156,0.008950535714285893,0.08917253691476804,0.9319761773442656,-42.633664288380494
307,308.0,0.5274545467407485,6.486993235112915,0.30441666884078794,0.39707141132371515,0.008950535714286233,0.08917253691476973,0.931976177344264,-42.63366428838023
308,309.0,0.5018433150267547,6.862143483904746,0.3044166706630377,0.39707140723532725,0.008950535714286372,0.08917253691477042,0.9319761773442631,-42.63366428838012
309,310.0,0.0028509436585332226,1.0826792708767958,0.3044167033289668,0.3970713286143455,0.008950535714294714,0.08917253691481199,0.9319761773442068,-42.633664288373595
310,311.0,0.07402999830633228,0.6260234421704711,0.30441665843350624,0.3970714339658379,0.008950535714285956,0.08917253691476834,0.9319761773442655,-42.633664288380444
311,312.0,0.3659301466974282,6.604904528325077,0.30441667532505956,0.3970713958707267,0.008950535714286962,0.08917253691477336,0.9319761773442594,-42.633664288379656
312,313.0,0.8762239404754916,5.831960692271505,0.3044166609451488,0.39707142946097235,0.008950535714285902,0.08917253691476809,0.9319761773442657,-42.63366428838049
313,314.0,0.8063027410001313,1.427381383486082,0.3044166614255693,0.39707143753678603,0.008950535714285768,0.08917253691476741,0.9319761773442653,-42.633664288380594
314,315.0,0.025074955478264327,2.350979766987873,0.3044166974260567,0.39707134328879323,0.008950535714292347,0.08917253691480019,0.9319761773442228,-42.63366428837544
315,316.0,0.16575732224642514,7.553808997940949,0.3044166901336628,0.39707136057827314,0.008950535714290074,0.08917253691478887,0.9319761773442385,-42.63366428837722
316,317.0,0.5600356050232634,4.380162107356242,0.30441666217857444,0.3970714265583715,0.008950535714285923,0.08917253691476819,0.9319761773442657,-42.63366428838047
317,318.0,0.7662214201995594,5.76481578651268,0.3044166626602416,0.39707142582035965,0.008950535714285921,0.08917253691476817,0.9319761773442656,-42.63366428838047
318,319.0,0.2564041967680323,0.8362986437172694,0.304416657359863,0.39707143733947575,0.008950535714285949,0.08917253691476831,0.9319761773442652,-42.633664288380444
319,320.0,0.387240306672898,1.546949989148758,0.30441643406095925,0.39707128060670094,0.008950535714960718,0.08917253691812961,0.9319761773441363,-42.633664287852724
320,321.0,0.9399333544881796,2.251553433163745,0.304416666817382,0.3970714410699805,0.008950535714286105,0.08917253691476909,0.9319761773442649,-42.63366428838033
321,322.0,0.06430271127423637,8.93298508778356,0.3044166994670025,0.39707133816275825,0.008950535714293134,0.08917253691480412,0.9319761773442174,-42.63366428837483
322,323.0,0.05848188908340102,5.711811394111563,0.3044166974744145,0.3970713429496822,0.008950535714292406,0.08917253691480048,0.9319761773442226,-42.6336642883754
323,324.0,0.24740116573638904,6.936919962900615,0.30441668333632643,0.39707137689887223,0.008950535714288374,0.08917253691478039,0.93197617734425,-42.633664288378554
324,325.0,0.9967285174148458,7.879394390632645,0.3044166625661768,0.39707142594333833,0.0089505357142859,0.08917253691476808,0.9319761773442659,-42.63366428838049
325,326.0,0.4721136465404965,1.7598022085459604,0.3044165053541909,0.3970713269761892,0.008950535714608653,0.08917253691637583,0.9319761773442049,-42.633664288128074
326,327.0,0.4449629236106395,9.452799939342874,0.3044166784596401,0.397071388721351,0.008950535714287399,0.08917253691477553,0.9319761773442564,-42.633664288379315
327,328.0,0.9943279663508338,5.960175224151763,0.30441666006585205,0.3970714312794403,0.008950535714285906,0.08917253691476809,0.9319761773442657,-42.63366428838049
328,329.0,0.928532780534399,0.2011931472061487,0.30441666385749483,0.39707142230361087,0.008950535714285985,0.08917253691476851,0.9319761773442655,-42.63366428838042
329,330.0,0.8932855465795494,1.9651387752502878,0.30441666694562725,0.3970714418022265,0.008950535714286187,0.08917253691476949,0.9319761773442646,-42.63366428838026
330,331.0,0.21906239863970178,7.758598436399673,0.3044166866895821,0.39707136886595434,0.008950535714289148,0.08917253691478425,0.9319761773442448,-42.63366428837795
331,332.0,0.8906571831087129,1.0147979551559085,0.3044164968355064,0.3970713405653648,0.008950535714611805,0.08917253691639153,0.93197617734422,-42.6336642881256
332,333.0,0.4171276445949552,1.976837250681732,0.3044161861000136,0.3970711147462842,0.008950535717206963,0.08917253692931906,0.9319761773436837,-42.63366428609599
333,334.0,0.651041311992309,3.1783492539977747,0.3044161323322122,0.3970710780090293,0.008950535717906175,0.08917253693280214,0.9319761773435393,-42.63366428554916
334,335.0,0.5306674428109797,6.911223554331455,0.3044166700998406,0.39707140872500507,0.008950535714286304,0.08917253691477008,0.9319761773442635,-42.633664288380174
335,336.0,0.17850697637411017,6.176529813448484,0.30441668594977456,0.39707137072361787,0.00895053571428895,0.08917253691478326,0.9319761773442461,-42.63366428837811
336,337.0,0.34005426276346895,4.5058015185179565,0.3044166702419206,0.39707140796556967,0.008950535714286355,0.08917253691477034,0.9319761773442633,-42.63366428838013
337,338.0,0.8195024190424084,4.169479023790691,0.30441665956396746,0.3970714324298655,0.008950535714285906,0.08917253691476809,0.9319761773442656,-42.63366428838049
338,339.0,0.8955048727722059,5.798004054744672,0.304416660913643,0.39707142961773545,0.0089505357142859,0.08917253691476808,0.9319761773442657,-42.63366428838049
339,340.0,0.20785620383634962,6.095856418723895,0.3044166837365649,0.39707137585426555,0.008950535714288482,0.08917253691478093,0.9319761773442493,-42.63366428837847
340,341.0,0.1777792374623025,6.0253118455104495,0.30441668577921854,0.3970713712825847,0.008950535714288901,0.08917253691478302,0.9319761773442463,-42.63366428837814
341,342.0,0.5308862621246384,3.912248299269368,0.30441666170000903,0.3970714275560658,0.008950535714285912,0.08917253691476815,0.9319761773442659,-42.63366428838048
342,343.0,0.46426412064247313,1.1166698990715562,0.3044166663308959,0.3970714416396969,0.008950535714286096,0.08917253691476903,0.9319761773442649,-42.63366428838034
343,344.0,0.6198512160150456,9.544740487277066,0.30441667276520507,0.39707140199830665,0.00895053571428661,0.0891725369147716,0.9319761773442616,-42.63366428837993
344,345.0,0.12036402425060311,5.966058482924885,0.3044166913015575,0.3970713579202711,0.00895053571429039,0.08917253691479045,0.9319761773442362,-42.63366428837698
345,346.0,0.6168005361079586,3.9423216571653295,0.304416660386019,0.3970714307687393,0.00895053571428589,0.08917253691476802,0.9319761773442659,-42.6336642883805
346,347.0,0.9091368727383962,0.6661840115630588,0.3044166593787544,0.39707143270328754,0.00895053571428591,0.08917253691476812,0.9319761773442656,-42.63366428838048
347,348.0,0.1390814806142322,0.9769662463167588,0.30441665753077063,0.3970714370680616,0.008950535714285938,0.08917253691476826,0.9319761773442653,-42.63366428838046
348,349.0,0.6144391777419068,3.1395437292103567,0.30441665998508777,0.39707143185357263,0.008950535714285888,0.08917253691476802,0.9319761773442657,-42.6336642883805
349,350.0,0.7263141930708314,8.638190145305135,0.3044166682417982,0.39707141264019485,0.008950535714286195,0.08917253691476955,0.9319761773442642,-42.63366428838025
350,351.0,0.7777455634973239,7.128891887195847,0.3044166645432257,0.3970714211930129,0.008950535714285985,0.08917253691476851,0.9319761773442654,-42.63366428838042
351,352.0,0.948274115110279,1.963169471595842,0.304416665466846,0.39707144156740243,0.008950535714286036,0.08917253691476874,0.9319761773442647,-42.63366428838038
352,353.0,0.0059926924259219305,2.4035547622623157,0.3044167032573801,0.3970713289915691,0.008950535714294633,0.08917253691481157,0.9319761773442072,-42.63366428837366
353,354.0,0.8473202366504156,7.269885888842268,0.30441666352190394,0.39707142377944005,0.008950535714285937,0.08917253691476826,0.9319761773442656,-42.63366428838046
354,355.0,0.19753435186474244,2.0026861503038487,0.3044166655874602,0.3970714186494266,0.008950535714286039,0.08917253691476876,0.9319761773442652,-42.63366428838038
355,356.0,0.976927623900073,0.6349082992296348,0.3044166640269711,0.39707144477721473,0.008950535714286122,0.08917253691476917,0.9319761773442642,-42.63366428838032
356,357.0,0.46752523950889835,1.4055552102895734,0.30441663219494713,0.39707141611846414,0.008950535714297414,0.08917253691482542,0.9319761773442649,-42.633664288371484
357,358.0,0.6839321750100611,0.6943287196165541,0.30441665751684543,0.3970714364762712,0.008950535714285949,0.08917253691476831,0.9319761773442654,-42.633664288380444
358,359.0,0.5375256656091104,0.7347320508717446,0.3044166578409462,0.3970714362943709,0.008950535714285925,0.08917253691476819,0.9319761773442654,-42.633664288380466
359,360.0,0.20029318266888851,6.859357431875411,0.30441668604529565,0.39707137051173397,0.008950535714288974,0.08917253691478338,0.9319761773442459,-42.633664288378085
360,361.0,0.47718487208158566,8.899002504403006,0.30441667615690104,0.3970713940971264,0.008950535714287045,0.08917253691477378,0.9319761773442587,-42.63366428837959
361,362.0,0.0789330603690821,6.24253051755538,0.3044166958493964,0.3970713467484873,0.00895053571429188,0.08917253691479785,0.9319761773442262,-42.63366428837581
362,363.0,0.5147640652349437,9.948237642147962,0.3044166772004941,0.3970713919114128,0.008950535714287177,0.08917253691477443,0.9319761773442579,-42.63366428837949
363,364.0,0.49235560671346734,4.245431418128928,0.3044166631823184,0.39707142441973586,0.008950535714285947,0.08917253691476831,0.9319761773442656,-42.633664288380444
364,365.0,0.5335824760038312,8.461878859023937,0.30441667320242183,0.3970714011427704,0.008950535714286641,0.08917253691477176,0.9319761773442614,-42.633664288379904
365,366.0,0.5619652160701473,0.6581836639622799,0.3044166585915322,0.39707143422271673,0.008950535714285907,0.0891725369147681,0.9319761773442656,-42.63366428838049
366,367.0,0.15614328718880188,0.1347091270017246,0.3044166585001086,0.3970714351286219,0.008950535714285902,0.08917253691476809,0.9319761773442655,-42.63366428838049
367,368.0,0.35776656633225934,8.923853042443397,0.3044166807411887,0.39707138322485375,0.008950535714287831,0.0891725369147777,0.9319761773442535,-42.63366428837898
368,369.0,0.5049356709947359,0.8579651017919604,0.30441666012524826,0.397071437603251,0.008950535714285805,0.0891725369147676,0.9319761773442652,-42.63366428838056
369,370.0,0.3015726445925002,1.2892632894228362,0.30441634890837094,0.3970712226707824,0.008950535715557645,0.08917253692110315,0.9319761773440152,-42.63366428738588
370,371.0,0.05701243170549253,6.417417904978442,0.3044166983685174,0.39707134080876355,0.008950535714292733,0.0891725369148021,0.9319761773442202,-42.633664288375144
371,372.0,0.9115779774473142,5.116234532446327,0.30441665960513387,0.39707143229575964,0.00895053571428592,0.08917253691476816,0.9319761773442656,-42.63366428838047
372,373.0,0.5074528210281503,7.9006929142062114,0.30441667245857945,0.39707140269956465,0.008950535714286587,0.08917253691477149,0.9319761773442617,-42.63366428837995
373,374.0,0.4335145849718375,6.475156405127909,0.3044166719774899,0.3970714037971767,0.008950535714286532,0.08917253691477121,0.9319761773442622,-42.63366428838
374,375.0,0.44028875877484785,8.601648376639085,0.3044166769757102,0.3970713924164226,0.008950535714287139,0.08917253691477425,0.9319761773442581,-42.63366428837952
375,376.0,0.1930704446573609,3.051293400106815,0.30441667281067386,0.39707140193597157,0.008950535714286617,0.08917253691477163,0.9319761773442616,-42.633664288379926
376,377.0,0.5627909478281826,9.726814460806493,0.304416674221302,0.3970713986678576,0.008950535714286773,0.08917253691477241,0.9319761773442605,-42.633664288379805
377,378.0,0.41589358833574364,6.6558444935079315,0.3044166734837576,0.3970714004657691,0.008950535714286693,0.08917253691477202,0.9319761773442611,-42.63366428837987
378,379.0,0.9388405754141095,6.432345553619011,0.3044166608937939,0.3970714296691067,0.008950535714285893,0.08917253691476804,0.9319761773442659,-42.633664288380494
379,380.0,0.14537901701772704,0.01614158895445852,0.30441665802512424,0.39707143598971706,0.008950535714285923,0.08917253691476819,0.9319761773442654,-42.63366428838047
380,381.0,0.15592219954714115,0.9207228874247627,0.3044166595105119,0.39707143212663537,0.008950535714285918,0.08917253691476816,0.9319761773442656,-42.63366428838047
381,382.0,0.4704401035299911,0.38589820023646726,0.30441665752436453,0.397071437000051,0.008950535714285933,0.08917253691476824,0.9319761773442653,-42.63366428838046
382,383.0,0.17458808046504615,5.662844294940535,0.3044166852984577,0.39707137215526284,0.008950535714288823,0.08917253691478264,0.931976177344247,-42.633664288378206
383,384.0,0.008526841510932415,9.298278008390959,0.3044167047979209,0.39707132550027463,0.008950535714295233,0.08917253691481457,0.9319761773442029,-42.63366428837319
384,385.0,0.12933160750373796,0.01768302398866616,0.3044166589547179,0.397071434014853,0.008950535714285902,0.08917253691476809,0.9319761773442656,-42.63366428838049
385,386.0,0.4619366135163375,5.181587567248212,0.30441666710342463,0.3970714151367821,0.008950535714286131,0.08917253691476923,0.9319761773442646,-42.6336642883803
386,387.0,0.7915819600323204,2.732221765601284,0.3044165653025374,0.397071368440148,0.008950535714409439,0.08917253691538347,0.9319761773442443,-42.63366428828387
387,388.0,0.12863654159499038,9.327465288062337,0.3044166950446913,0.3970713487800581,0.008950535714291582,0.08917253691479637,0.9319761773442282,-42.633664288376046
388,389.0,0.13538139483047928,5.09261515633531,0.304416688117598,0.3970713657989594,0.008950535714289465,0.08917253691478583,0.9319761773442424,-42.6336642883777
389,390.0,0.008063183848769473,1.0026002608596816,0.30441665897789955,0.3970714341194206,0.008950535714285916,0.08917253691476815,0.9319761773442655,-42.63366428838047
390,391.0,0.22476193761165042,0.46606951928248525,0.30441665888084185,0.39707143179993537,0.008950535714285982,0.08917253691476848,0.9319761773442657,-42.63366428838042
391,392.0,0.5527170735007906,1.3381785348833337,0.3044166662631784,0.3970714409953382,0.008950535714286056,0.08917253691476885,0.9319761773442649,-42.633664288380366
392,393.0,0.6164326675011903,2.299868993810678,0.30441650423552424,0.39707132673246714,0.008950535714612391,0.08917253691639446,0.9319761773442046,-42.633664288125146
393,394.0,0.07187586700614657,8.220961088046161,0.30441669869309296,0.3970713402069285,0.008950535714292808,0.0891725369148025,0.9319761773442197,-42.63366428837508
394,395.0,0.711915017350516,5.824566082041203,0.3044166626804184,0.3970714253124739,0.00895053571428594,0.08917253691476826,0.9319761773442656,-42.63366428838045
395,396.0,0.4967019709566902,3.4510720117555396,0.3044166618180839,0.3970714276687588,0.0089505357142859,0.08917253691476808,0.9319761773442657,-42.63366428838049
396,397.0,0.8718930059325578,0.36575787037909313,0.3044166600244973,0.3970714354292164,0.008950535714285812,0.08917253691476763,0.9319761773442655,-42.63366428838055
397,398.0,0.3687342991783267,6.398808785524929,0.304416674288593,0.3970713985817443,0.008950535714286792,0.08917253691477252,0.9319761773442604,-42.63366428837979
398,399.0,0.12046734418040062,7.1931451613210635,0.30441669314153047,0.3970713533415612,0.008950535714290973,0.08917253691479333,0.9319761773442323,-42.63366428837652
399,400.0,0.8031272969720211,9.77092782210367,0.30441666824437696,0.3970714126090383,0.008950535714286199,0.08917253691476956,0.9319761773442642,-42.63366428838025
400,401.0,0.006499949352853696,9.285927427619239,0.3044167051903389,0.3970713242148414,0.00895053571429548,0.08917253691481579,0.9319761773442015,-42.63366428837299
401,402.0,0.7493101014042298,8.29664377347556,0.3044166666749107,0.39707141641183274,0.008950535714286076,0.08917253691476894,0.931976177344265,-42.633664288380345
402,403.0,0.5904924422011315,8.340095423363824,0.30441667083316465,0.3970714066027484,0.008950535714286407,0.0891725369147706,0.931976177344263,-42.633664288380096
403,404.0,0.7941144756348313,9.741010639255498,0.30441666859309796,0.3970714116624863,0.008950535714286225,0.0891725369147697,0.9319761773442641,-42.63366428838024
404,405.0,0.9585547714857189,9.13376278683143,0.3044166649696325,0.39707142024956166,0.008950535714285997,0.08917253691476855,0.9319761773442654,-42.63366428838041
405,406.0,0.44504480357384624,7.8648340800786345,0.30441667495554003,0.39707139670353,0.00895053571428691,0.0891725369147731,0.9319761773442597,-42.6336642883797
406,407.0,0.08115822256727612,5.799647914569204,0.30441669528437193,0.39707134864248184,0.00895053571429158,0.08917253691479636,0.931976177344228,-42.633664288376046
407,408.0,0.5341328858913286,6.6452452887855085,0.30441666900749204,0.39707141100750504,0.008950535714286237,0.08917253691476974,0.931976177344264,-42.633664288380224
408,409.0,0.7209136615740935,3.301487193627175,0.30441624447039617,0.39707115399328546,0.008950535716535517,0.08917253692597434,0.9319761773438201,-42.63366428662111
409,410.0,0.020403277871886782,3.6729817897747683,0.30441670103401897,0.3970713342775504,0.008950535714293759,0.08917253691480721,0.9319761773442132,-42.63366428837434
410,411.0,0.3533319950892171,5.501434889769292,0.3044166728835152,0.39707140185003065,0.008950535714286622,0.08917253691477167,0.9319761773442615,-42.633664288379926
411,412.0,0.06747512663480493,0.36964750158329046,0.3044166579952417,0.39707143601143413,0.008950535714285918,0.08917253691476816,0.9319761773442655,-42.63366428838047
412,413.0,0.8189722665984269,7.6338493932877345,0.30441666441995,0.39707142133401657,0.008950535714285977,0.08917253691476845,0.9319761773442655,-42.63366428838043
413,414.0,0.3359256409191318,7.1028802004958225,0.3044166779562132,0.397071389856595,0.008950535714287333,0.08917253691477521,0.9319761773442569,-42.633664288379364
414,415.0,0.7833474373735411,4.301835469804765,0.30441665991013345,0.3970714318679837,0.008950535714285895,0.08917253691476804,0.9319761773442657,-42.633664288380494
415,416.0,0.40302479109960276,1.880529389711956,0.3044162134068851,0.39707113260434096,0.008950535716884296,0.08917253692771174,0.9319761773437479,-42.63366428634835
416,417.0,0.9759842545289897,6.507910094154576,0.3044166606797146,0.3970714299587043,0.008950535714285906,0.08917253691476809,0.9319761773442657,-42.63366428838049
417,418.0,0.2528714777634883,8.072480074687107,0.30441668507822733,0.39707137269951925,0.008950535714288775,0.0891725369147824,0.9319761773442472,-42.63366428837824
418,419.0,0.44999531186112074,9.255842976106257,0.3044166775207829,0.3970713908504405,0.008950535714287259,0.08917253691477484,0.9319761773442574,-42.63366428837942
419,420.0,0.6333377643849033,0.36741928506811705,0.3044166579292322,0.3970714354562154,0.008950535714285938,0.08917253691476826,0.9319761773442655,-42.63366428838046
420,421.0,0.06310756240794346,1.0290257538626488,0.30441665900604187,0.3970714342978572,0.008950535714285897,0.08917253691476805,0.9319761773442655,-42.633664288380494
421,422.0,0.05021941793017781,0.2675039922570219,0.3044166576025588,0.3970714377346988,0.008950535714285916,0.08917253691476815,0.9319761773442652,-42.63366428838047
422,423.0,0.23723571988811987,0.5068529720620645,0.3044166585647648,0.39707143477388607,0.008950535714285907,0.0891725369147681,0.9319761773442656,-42.63366428838049
423,424.0,0.987488342284017,1.9886895240070555,0.3044166652595294,0.3970714396193476,0.008950535714285925,0.08917253691476819,0.931976177344265,-42.633664288380466
424,425.0,0.42853274526168805,7.510283106243302,0.3044166746075813,0.3970713976506051,0.008950535714286839,0.08917253691477274,0.9319761773442602,-42.63366428837975
425,426.0,0.5095200415708758,0.5529268193617191,0.30441665946636975,0.39707143305488113,0.00895053571428589,0.08917253691476802,0.9319761773442656,-42.6336642883805
426,427.0,0.1032512727828967,1.2670347784855978,0.3044166684766312,0.397071411954003,0.00895053571428622,0.08917253691476966,0.9319761773442641,-42.63366428838024
427,428.0,0.3043188631971969,3.4291150782991706,0.30441666724919464,0.3970714148274932,0.008950535714286136,0.08917253691476924,0.9319761773442646,-42.6336642883803
428,429.0,0.25413807203477834,9.158181910086201,0.3044166866485455,0.3970713691345799,0.008950535714289116,0.08917253691478409,0.9319761773442449,-42.63366428837797
429,430.0,0.7867205049460431,2.7569765650707185,0.3044165547880879,0.3970713613363592,0.008950535714437406,0.08917253691552278,0.9319761773442391,-42.633664288262
430,431.0,0.5755042986765897,9.48550323892439,0.30441667343976636,0.3970714004935435,0.008950535714286698,0.08917253691477205,0.9319761773442611,-42.63366428837986
431,432.0,0.4101688127568436,6.788681526270759,0.3044166739808524,0.3970713992889888,0.00895053571428675,0.08917253691477231,0.9319761773442607,-42.63366428837982
432,433.0,0.17702914236972522,9.57173114689697,0.30441669244013964,0.3970713551305502,0.008950535714290747,0.08917253691479221,0.9319761773442339,-42.6336642883767
433,434.0,0.8969443989511748,2.5740357148628026,0.3044166457572006,0.39707142453130095,0.008950535714289401,0.08917253691478551,0.9319761773442656,-42.63366428837775
434,435.0,0.39573627204494544,3.1795527897709936,0.30441666244767224,0.3970714258879957,0.008950535714285945,0.0891725369147683,0.9319761773442656,-42.63366428838045
435,436.0,0.9832321455134974,2.786394662567322,0.3044166485434591,0.3970714269344679,0.008950535714288221,0.08917253691477962,0.9319761773442657,-42.63366428837867
436,437.0,0.568102892390057,2.4021782156564937,0.3044163636402677,0.3970712329425033,0.008950535715440192,0.08917253692051808,0.9319761773440395,-42.63366428747774
437,438.0,0.02454268224910816,7.78929950803125,0.3044167026334813,0.3970713305762806,0.008950535714294362,0.08917253691481022,0.931976177344209,-42.63366428837387
438,439.0,0.06884578959089749,5.216987659384013,0.3044166957135078,0.3970713476480494,0.00895053571429171,0.089172536914797,0.9319761773442271,-42.63366428837595
439,440.0,0.7995036922739432,6.338595580657433,0.30441666262079875,0.3970714258011754,0.008950535714285914,0.08917253691476815,0.9319761773442657,-42.63366428838048
440,441.0,0.15866126012015835,6.439592207548993,0.30441668857819265,0.3970713643100542,0.008950535714289642,0.0891725369147867,0.9319761773442414,-42.63366428837756
441,442.0,0.6864262931701347,5.28891441844636,0.3044166622999811,0.3970714265472255,0.008950535714285904,0.08917253691476809,0.9319761773442659,-42.63366428838049
442,443.0,0.9795965268356275,1.9837922155316614,0.3044166653757431,0.39707143997284755,0.00895053571428593,0.0891725369147682,0.9319761773442651,-42.633664288380466
443,444.0,0.7795323248397802,0.7050435973481577,0.3044166533998519,0.39707143134289535,0.008950535714286703,0.08917253691477207,0.9319761773442657,-42.633664288379855
444,445.0,0.9029653367152086,7.674233160094339,0.3044166631456801,0.39707142428872244,0.00895053571428595,0.08917253691476833,0.9319761773442656,-42.633664288380444
445,446.0,0.9621499274923977,6.333547629882234,0.30441666115131183,0.397071429270004,0.008950535714285895,0.08917253691476804,0.9319761773442657,-42.633664288380494
446,447.0,0.2811938591567664,1.3374082452593352,0.3044161800437007,0.39707111009694485,0.00895053571728455,0.08917253692970557,0.9319761773436661,-42.63366428603531
447,448.0,0.07054952206985854,6.926082339142599,0.3044166979305066,0.39707134189184257,0.008950535714292569,0.0891725369148013,0.9319761773442214,-42.63366428837527
448,449.0,0.4145988087028183,6.770685320971358,0.3044166742426704,0.39707139889985504,0.008950535714286752,0.08917253691477231,0.9319761773442606,-42.63366428837982
449,450.0,0.7590151973635925,0.7007360111238657,0.3044166503305219,0.3970714284914391,0.008950535714287588,0.08917253691477649,0.9319761773442657,-42.633664288379165
450,451.0,0.047444412036614314,1.639207846752771,0.3044166864572459,0.39707136994443537,0.008950535714289018,0.0891725369147836,0.9319761773442454,-42.63366428837805
451,452.0,0.181789750484752,3.936991205995759,0.30441667888192164,0.3970713877440656,0.008950535714287475,0.08917253691477593,0.9319761773442559,-42.63366428837925
452,453.0,0.42775356607178594,2.326498654537963,0.30441666011778,0.39707143140872614,0.008950535714285902,0.08917253691476809,0.9319761773442656,-42.63366428838049
453,454.0,0.3061844208434892,2.069536770544056,0.30441666086994185,0.39707142946476154,0.008950535714285902,0.08917253691476809,0.9319761773442659,-42.63366428838049
454,455.0,0.4712905238708345,7.990345476151251,0.3044166744488059,0.3970713980785919,0.008950535714286815,0.08917253691477262,0.9319761773442603,-42.63366428837977
455,456.0,0.40023167769714585,3.170056828015274,0.3044166625968977,0.39707142578533683,0.008950535714285918,0.08917253691476816,0.9319761773442657,-42.63366428838047
456,457.0,0.5066450256533107,0.5564962698059778,0.30441666037359966,0.3970714311321227,0.008950535714285892,0.08917253691476802,0.9319761773442656,-42.6336642883805
457,458.0,0.4119218360210485,0.6906475896584762,0.3044166587728712,0.39707143331652595,0.008950535714285933,0.08917253691476824,0.9319761773442656,-42.63366428838046
458,459.0,0.12068192044585513,9.645745350279066,0.30441669609017613,0.3970713465603486,0.008950535714291892,0.08917253691479791,0.9319761773442259,-42.633664288375805
459,460.0,0.661883474018339,3.3914050818929815,0.30441665891632624,0.3970714341639805,0.0089505357142859,0.08917253691476808,0.9319761773442656,-42.63366428838049
460,461.0,0.6411534206001642,0.6911650514018821,0.3044166586489798,0.3970714348576756,0.008950535714285902,0.08917253691476809,0.9319761773442655,-42.63366428838049
461,462.0,0.1928369534436125,0.6966568668775245,0.30441665821310177,0.39707143694865416,0.008950535714285888,0.08917253691476802,0.9319761773442654,-42.6336642883805
462,463.0,0.23699858537654894,3.3640622050664577,0.3044166714226772,0.39707140510314193,0.008950535714286476,0.08917253691477095,0.9319761773442625,-42.63366428838004
463,464.0,0.021862922731113232,2.089535048595725,0.30441669791013326,0.3970713423606003,0.008950535714292484,0.08917253691480086,0.9319761773442218,-42.633664288375336
464,465.0,0.42522953256864304,2.743312607969928,0.30441666037171705,0.39707143074902984,0.008950535714285893,0.08917253691476804,0.9319761773442657,-42.633664288380494
465,466.0,0.4151318673099793,2.4062995352837993,0.30441666016300356,0.39707143131841105,0.00895053571428589,0.08917253691476802,0.9319761773442657,-42.6336642883805
466,467.0,0.045343243084792983,6.506212591461175,0.30441670001668714,0.3970713370870359,0.008950535714293292,0.0891725369148049,0.9319761773442163,-42.63366428837471
467,468.0,0.7463834049188062,0.2575017991117971,0.30441665200900525,0.39707144892182705,0.008950535714286176,0.08917253691476945,0.9319761773442633,-42.633664288380274
468,469.0,0.577200796413144,5.936477878267261,0.30441666554587743,0.39707141899360404,0.008950535714286022,0.08917253691476867,0.9319761773442652,-42.633664288380395
469,470.0,0.47609833098106813,4.885060591865796,0.30441666634268383,0.3970714172687902,0.00895053571428606,0.08917253691476887,0.931976177344265,-42.63366428838036
470,471.0,0.5487513489187756,5.321728184475904,0.3044166648733676,0.397071420349063,0.008950535714285996,0.08917253691476855,0.9319761773442654,-42.63366428838041
471,472.0,0.9834506637361619,2.753066047570644,0.3044166510303738,0.39707142901500764,0.008950535714287371,0.0891725369147754,0.9319761773442657,-42.633664288379336
472,473.0,0.6630991354099741,7.944483526299568,0.3044166680387324,0.39707141309445454,0.008950535714286171,0.08917253691476942,0.9319761773442644,-42.633664288380274
473,474.0,0.9940890195813464,6.942209207145785,0.30441666102721593,0.3970714293093163,0.00895053571428589,0.08917253691476802,0.9319761773442659,-42.6336642883805
474,475.0,0.0017329033866245735,1.4345299456360303,0.30441670469408005,0.3970713256169768,0.00895053571429522,0.0891725369148145,0.9319761773442031,-42.6336642883732
475,476.0,0.8486599545388821,2.132304248222904,0.30441666407753776,0.39707144061051214,0.008950535714285892,0.08917253691476802,0.931976177344265,-42.6336642883805
476,477.0,0.28677683467157766,4.191101128395598,0.3044166718725868,0.39707140411064146,0.008950535714286514,0.08917253691477113,0.9319761773442623,-42.633664288380004
477,478.0,0.35144356476893146,7.7815757835644925,0.3044166792032373,0.3970713868979183,0.008950535714287536,0.08917253691477622,0.9319761773442555,-42.63366428837921
478,479.0,0.8006177565634437,8.296115998524435,0.3044166662522924,0.3970714172047596,0.008950535714286067,0.0891725369147689,0.931976177344265,-42.63366428838035
479,480.0,0.16287370000187384,7.534834304540966,0.3044166901336887,0.39707136068815146,0.00895053571429006,0.08917253691478878,0.9319761773442385,-42.63366428837723
480,481.0,0.04050211657325142,7.612211222162483,0.30441670148183925,0.3970713333372171,0.008950535714293916,0.089172536914808,0.9319761773442121,-42.63366428837422
481,482.0,0.12568777529519304,4.535737717778522,0.30441668679757183,0.397071368685052,0.008950535714289172,0.08917253691478437,0.9319761773442445,-42.63366428837793
482,483.0,0.2928466524658312,7.077785902444437,0.30441668118251475,0.3970713824301796,0.008950535714287862,0.08917253691477785,0.9319761773442533,-42.63366428837895
483,484.0,0.5725430839320389,5.359250023686701,0.3044166643147313,0.3970714217166002,0.008950535714285971,0.08917253691476844,0.9319761773442655,-42.63366428838043
484,485.0,0.6701516615218636,0.17233026670640883,0.30441665714282373,0.39707143857540345,0.00895053571428593,0.0891725369147682,0.9319761773442652,-42.633664288380466
485,486.0,0.6297117516329436,1.5804611700210356,0.3044166652283926,0.39707143838720055,0.008950535714285873,0.08917253691476794,0.9319761773442652,-42.63366428838051
486,487.0,0.8726376739111026,2.2280121309824645,0.30441666380006444,0.39707143792996613,0.008950535714285807,0.0891725369147676,0.9319761773442652,-42.63366428838056
487,488.0,0.1614785322372424,9.646841162290817,0.30441669345725403,0.3970713531364561,0.00895053571429096,0.08917253691479328,0.9319761773442322,-42.63366428837653
488,489.0,0.2914193145832191,5.764685205926613,0.3044166774788662,0.3970713913874825,0.008950535714287208,0.0891725369147746,0.9319761773442575,-42.633664288379464
489,490.0,0.4984347569415082,6.785056228596427,0.3044166702018678,0.3970714080934515,0.00895053571428636,0.08917253691477035,0.9319761773442632,-42.63366428838013
490,491.0,0.4129872186123732,2.3327067249797806,0.30441666001129625,0.39707143145510426,0.008950535714285912,0.08917253691476815,0.9319761773442656,-42.63366428838048
491,492.0,0.05489375514606887,0.7400775396138806,0.30441665716819677,0.3970714373364306,0.008950535714285952,0.08917253691476833,0.9319761773442653,-42.633664288380444
492,493.0,0.2617836049753417,5.493048678962743,0.3044166779046233,0.3970713898996037,0.008950535714287325,0.08917253691477517,0.931976177344257,-42.63366428837937
493,494.0,0.7997847071661351,3.653779921057283,0.3044162493484721,0.3970711548773825,0.008950535716493664,0.08917253692576584,0.931976177343823,-42.63366428665385
494,495.0,0.7076565210045774,0.2143247049200559,0.3044166562455529,0.3970714365561008,0.00895053571428605,0.08917253691476881,0.9319761773442654,-42.63366428838037
495,496.0,0.3685472408381921,3.9075424509074446,0.30441666649873944,0.3970714168116023,0.008950535714286067,0.0891725369147689,0.931976177344265,-42.63366428838035
496,497.0,0.6405956530035906,0.683373923399269,0.3044166584611398,0.3970714349186257,0.008950535714285921,0.08917253691476817,0.9319761773442655,-42.63366428838047
497,498.0,0.30236249811288596,1.9477643907751603,0.30441666117990956,0.39707142926724953,0.008950535714285886,0.08917253691476801,0.9319761773442659,-42.6336642883805
498,499.0,0.37842074314554675,3.1780462082936145,0.3044166630178342,0.39707142470787093,0.008950535714285925,0.08917253691476819,0.9319761773442657,-42.633664288380466
499,500.0,0.9117473557960774,2.3359462570182954,0.30441666334771883,0.39707143770019376,0.008950535714285793,0.08917253691476754,0.9319761773442652,-42.63366428838057
500,501.0,0.527441823885197,9.25999547649306,0.3044166749746208,0.39707139690900345,0.008950535714286877,0.08917253691477293,0.9319761773442599,-42.63366428837973
501,502.0,0.16231417046654095,0.2433606415764974,0.30441665823771247,0.3970714347643714,0.008950535714285938,0.08917253691476826,0.9319761773442655,-42.63366428838046
502,503.0,0.1576046523706618,6.594439370240513,0.3044166888743661,0.39707136363172424,0.008950535714289727,0.08917253691478715,0.9319761773442409,-42.633664288377496
503,504.0,0.7790018739331082,6.591674875805467,0.3044166630272374,0.39707142468618745,0.00895053571428593,0.0891725369147682,0.9319761773442657,-42.633664288380466
504,505.0,0.2041784059209385,8.065020909627236,0.3044166889051308,0.3970713640491349,0.00895053571428965,0.08917253691478676,0.9319761773442412,-42.63366428837756
505,506.0,0.9735443255857963,8.149246615805154,0.3044166635820362,0.3970714237994315,0.00895053571428593,0.0891725369147682,0.9319761773442656,-42.633664288380466
506,507.0,0.06063765558638201,3.1906322322005067,0.30441669160543916,0.39707135728838366,0.008950535714290463,0.08917253691479081,0.9319761773442358,-42.63366428837692
507,508.0,0.8599305006024774,7.7249697294799775,0.30441666404517365,0.3970714226031014,0.008950535714285954,0.08917253691476833,0.9319761773442655,-42.633664288380444
508,509.0,0.7824497037447593,5.873206560611669,0.3044166621994786,0.3970714265822884,0.00895053571428592,0.08917253691476816,0.9319761773442657,-42.63366428838047
509,510.0,0.5319228724456163,9.14763256436024,0.30441667474249423,0.39707139756118565,0.008950535714286839,0.08917253691477274,0.9319761773442601,-42.63366428837975
510,511.0,0.7738149277440679,2.453393854262515,0.30441661199195924,0.39707140133493546,0.008950535714318935,0.08917253691493263,0.9319761773442614,-42.63366428835465
511,512.0,0.30972167842067033,9.80121274387018,0.30441668509268177,0.39707137290129413,0.00895053571428874,0.08917253691478222,0.9319761773442474,-42.63366428837826
512,513.0,0.6542519809385456,5.123536154540107,0.30441666260707534,0.3970714257356592,0.008950535714285921,0.08917253691476817,0.9319761773442657,-42.63366428838047
513,514.0,0.10962594979962614,3.360391700465675,0.30441668436428854,0.3970713745321645,0.008950535714288593,0.08917253691478148,0.9319761773442484,-42.633664288378384
514,515.0,0.9783782033851964,9.572053579332241,0.30441666532977635,0.3970714195127153,0.008950535714286006,0.0891725369147686,0.9319761773442653,-42.6336642883804
515,516.0,0.8230678203269973,4.293981604091181,0.30441665917426286,0.3970714334071513,0.008950535714285904,0.08917253691476809,0.9319761773442656,-42.63366428838049
516,517.0,0.9484044256416247,6.018297756270867,0.3044166610535519,0.3970714294560537,0.008950535714285893,0.08917253691476804,0.9319761773442657,-42.633664288380494
517,518.0,0.5180818981539735,2.536450405381644,0.3044161266750166,0.3970710748408225,0.00895053571798021,0.08917253693317094,0.9319761773435262,-42.63366428549126
518,519.0,0.5784933925175677,9.573982686589988,0.30441667342416545,0.397071400648478,0.008950535714286672,0.08917253691477191,0.9319761773442612,-42.63366428837988
519,520.0,0.09035370909528684,3.756219566431976,0.30441668883955636,0.3970713636582126,0.00895053571428972,0.08917253691478709,0.9319761773442409,-42.6336642883775
520,521.0,0.5022259242187812,9.25650295669338,0.304416675672074,0.3970713950264771,0.008950535714287005,0.08917253691477357,0.9319761773442591,-42.63366428837962
521,522.0,0.8850689329961444,7.438910741025265,0.30441666314442556,0.39707142428866454,0.008950535714285945,0.0891725369147683,0.9319761773442656,-42.63366428838045
522,523.0,0.13881283908065778,5.096745322873061,0.30441668739651456,0.39707136733818044,0.008950535714289313,0.08917253691478506,0.9319761773442435,-42.633664288377815
523,524.0,0.5614735082741458,5.9833828760399905,0.3044166662961851,0.3970714170613941,0.008950535714286065,0.08917253691476888,0.931976177344265,-42.63366428838036
524,525.0,0.9622983142450048,3.5237600741302306,0.30441652065792946,0.3970713377811318,0.008950535714548553,0.08917253691607646,0.9319761773442171,-42.633664288175076
525,526.0,0.9696030909534131,9.421077262665577,0.304416665008362,0.397071419966087,0.008950535714286008,0.0891725369147686,0.9319761773442654,-42.6336642883804
526,527.0,0.6770696369777919,9.956149770033651,0.3044166715734066,0.39707140480686837,0.008950535714286485,0.08917253691477098,0.9319761773442624,-42.63366428838003
527,528.0,0.4654710144669848,3.5782731470918256,0.304416662177438,0.39707142650318744,0.00895053571428593,0.0891725369147682,0.9319761773442657,-42.633664288380466
528,529.0,0.28814294766103443,2.069885913356707,0.3044166613468479,0.3970714284944456,0.008950535714285907,0.0891725369147681,0.9319761773442657,-42.63366428838049
529,530.0,0.7301457314207649,0.28832699056787353,0.3044166547395418,0.39707144282182016,0.008950535714286022,0.08917253691476867,0.9319761773442646,-42.633664288380395
530,531.0,0.6993700787491619,9.945736219359787,0.3044166709209018,0.3970714063456115,0.008950535714286433,0.08917253691477071,0.9319761773442627,-42.63366428838007
531,532.0,0.14212930398903356,5.250260250171043,0.3044166872364426,0.39707136747247307,0.008950535714289316,0.08917253691478508,0.9319761773442437,-42.633664288377815
532,533.0,0.48309435338559525,0.8409479177120771,0.30441666117237764,0.397071436829892,0.00895053571428577,0.08917253691476743,0.9319761773442654,-42.633664288380594
533,534.0,0.7290889755711062,8.06004981206734,0.30441666689568403,0.39707141570449833,0.008950535714286105,0.08917253691476909,0.9319761773442647,-42.63366428838033
534,535.0,0.49291515760311777,9.684521053898543,0.3044166771319751,0.39707139185448714,0.008950535714287196,0.08917253691477453,0.9319761773442578,-42.63366428837947
535,536.0,0.8569387364014598,7.010246953557424,0.3044166629933398,0.3970714249320491,0.00895053571428593,0.0891725369147682,0.9319761773442656,-42.633664288380466
536,537.0,0.6557642695727295,0.5235918611248764,0.30441666034878295,0.3970714313683079,0.008950535714285897,0.08917253691476805,0.9319761773442656,-42.633664288380494
537,538.0,0.9169158248744437,4.736455565347996,0.3044166592828978,0.3970714330177045,0.008950535714285909,0.08917253691476812,0.9319761773442656,-42.63366428838048
538,539.0,0.5678841750867964,2.688126583202163,0.30441618815510213,0.3970711163225862,0.008950535717180874,0.08917253692918911,0.9319761773436895,-42.6336642861164
539,540.0,0.4648891112531063,6.370450728299399,0.30441667037940756,0.3970714074445252,0.008950535714286379,0.08917253691477046,0.9319761773442632,-42.63366428838011
540,541.0,0.6262646066876171,7.784764559237048,0.304416668994124,0.39707141091844994,0.008950535714286247,0.0891725369147698,0.9319761773442639,-42.63366428838022
541,542.0,0.2847283188798322,5.6858831977674384,0.3044166771155552,0.39707139160851357,0.008950535714287212,0.08917253691477461,0.9319761773442578,-42.63366428837946
542,543.0,0.5322847469785111,8.267822327264776,0.30441667270041656,0.39707140201415714,0.008950535714286618,0.08917253691477166,0.9319761773442616,-42.633664288379926
543,544.0,0.5512705159604481,4.044481813091944,0.3044166617633184,0.3970714277775757,0.008950535714285902,0.08917253691476809,0.9319761773442657,-42.63366428838049
544,545.0,0.17553548859163715,5.133214814767575,0.3044166839689187,0.3970713754540517,0.008950535714288495,0.089172536914781,0.9319761773442491,-42.633664288378455
545,546.0,0.7201191033415478,7.186169001794069,0.3044166655171657,0.3970714191690197,0.008950535714286004,0.08917253691476859,0.9319761773442654,-42.6336642883804
546,547.0,0.26960220068444474,3.642068307348857,0.304416670100792,0.3970714083067843,0.008950535714286332,0.08917253691477021,0.9319761773442634,-42.633664288380146
547,548.0,0.38805181501939334,2.721377770670811,0.3044166619108464,0.3970714275383497,0.0089505357142859,0.08917253691476808,0.9319761773442657,-42.63366428838049
548,549.0,0.04593061465773374,7.335026330315929,0.3044167006858312,0.39707133540111367,0.008950535714293564,0.08917253691480624,0.9319761773442145,-42.63366428837449
549,550.0,0.48841548159207293,6.957395702376337,0.30441667135338274,0.3970714054779913,0.008950535714286452,0.08917253691477083,0.9319761773442626,-42.633664288380054
550,551.0,0.18447372330247536,4.520612963992125,0.3044166806937311,0.39707138313411916,0.008950535714287835,0.08917253691477771,0.9319761773442536,-42.633664288378974
551,552.0,0.2889423983633158,3.8705242338634576,0.3044166703334557,0.3970714078510242,0.00895053571428635,0.0891725369147703,0.9319761773442633,-42.63366428838014
552,553.0,0.49161454027286666,2.815646763797673,0.3044166600941911,0.39707143114196236,0.008950535714285907,0.0891725369147681,0.9319761773442657,-42.63366428838049
553,554.0,0.11221815685951397,8.968108198474393,0.30441669583736997,0.3970713469011836,0.008950535714291843,0.08917253691479768,0.9319761773442263,-42.63366428837584
554,555.0,0.22269305437240172,6.316141933359147,0.3044166837663435,0.3970713762064261,0.008950535714288409,0.08917253691478057,0.9319761773442496,-42.633664288378526
555,556.0,0.7346276595169934,3.6259034399916974,0.3044166593026227,0.3970714332532137,0.008950535714285885,0.08917253691476801,0.9319761773442657,-42.6336642883805
556,557.0,0.9552755878257166,3.79372695422585,0.3044164408716994,0.39707128475661796,0.008950535714922178,0.08917253691793763,0.9319761773441435,-42.633664287882866
557,558.0,0.633473202003978,3.5925559100485294,0.3044166596642101,0.3970714321012949,0.008950535714285925,0.08917253691476819,0.9319761773442656,-42.633664288380466
558,559.0,0.48655845416369403,1.463453879469359,0.3044166322160604,0.3970714159284002,0.00895053571429748,0.08917253691482574,0.9319761773442647,-42.633664288371435
559,560.0,0.43264085256372575,2.215019927168375,0.3044166594479206,0.397071432812146,0.008950535714285897,0.08917253691476805,0.9319761773442657,-42.633664288380494
560,561.0,0.25320369958712874,0.6346639372290485,0.3044166610811905,0.39707142973969767,0.008950535714285892,0.08917253691476802,0.9319761773442657,-42.6336642883805
561,562.0,0.5397028742212779,8.800027601909003,0.3044166738310249,0.3970713996220907,0.008950535714286735,0.08917253691477223,0.9319761773442607,-42.63366428837983
562,563.0,0.010075789366780219,3.6211940182445366,0.3044167036539441,0.39707132855060434,0.008950535714294678,0.08917253691481179,0.9319761773442067,-42.63366428837362
563,564.0,0.673267146828521,8.115425524652766,0.30441666847749843,0.3970714120495963,0.008950535714286221,0.08917253691476966,0.9319761773442641,-42.63366428838024
564,565.0,0.8139689413931228,7.0017216730541305,0.3044166635849438,0.3970714235027611,0.008950535714285945,0.0891725369147683,0.9319761773442656,-42.63366428838045
565,566.0,0.40934843039991353,9.508917406924407,0.30441668008157274,0.3970713850746588,0.008950535714287668,0.08917253691477688,0.9319761773442545,-42.63366428837911
566,567.0,0.3575808993431967,9.325635438237217,0.30441668165314373,0.3970713809840005,0.008950535714288013,0.0891725369147786,0.9319761773442523,-42.63366428837884
567,568.0,0.6087585612936987,5.370804692115579,0.3044166643839219,0.39707142186044103,0.008950535714285977,0.08917253691476845,0.9319761773442654,-42.63366428838043
568,569.0,0.3005993335824193,2.8307347282113438,0.3044166648710152,0.3970714205919033,0.008950535714285992,0.08917253691476852,0.9319761773442654,-42.633664288380416
569,570.0,0.0539281143487349,3.8867861454003076,0.3044166951756393,0.3970713487819543,0.008950535714291564,0.08917253691479628,0.9319761773442281,-42.63366428837606
570,571.0,0.7103547506492902,2.3671675652792814,0.30441658692111423,0.39707138358460436,0.008950535714360454,0.08917253691513945,0.9319761773442538,-42.63366428832218
571,572.0,0.5990384758552726,8.32465316618856,0.3044166709103875,0.3970714067669076,0.00895053571428639,0.0891725369147705,0.931976177344263,-42.6336642883801
572,573.0,0.708066254235295,0.40258089826963644,0.30441665792410866,0.3970714359548223,0.00895053571428593,0.0891725369147682,0.9319761773442654,-42.633664288380466
573,574.0,0.5008219998773793,9.470642981202333,0.3044166760586843,0.3970713940685046,0.008950535714287059,0.08917253691477384,0.9319761773442587,-42.633664288379585
574,575.0,0.47976887715138883,9.859862539992358,0.3044166778516012,0.39707139024019683,0.008950535714287298,0.08917253691477504,0.9319761773442571,-42.6336642883794
575,576.0,0.9113978069465299,0.41135934363240767,0.30441665563035497,0.39707143818880997,0.008950535714286051,0.08917253691476881,0.9319761773442652,-42.633664288380366
576,577.0,0.9692968902358188,5.088384058185005,0.3044166592283571,0.39707143320820054,0.008950535714285902,0.08917253691476809,0.9319761773442656,-42.63366428838049
577,578.0,0.37675606780991566,4.4760910266415115,0.30441666840059806,0.39707141224954523,0.008950535714286206,0.08917253691476959,0.9319761773442642,-42.633664288380245
578,579.0,0.4764156447178327,7.707833788665293,0.30441667394194477,0.3970713995803702,0.008950535714286726,0.08917253691477219,0.9319761773442607,-42.63366428837985
579,580.0,0.4987090101769741,0.8585347622007127,0.3044166606976619,0.3970714368919836,0.008950535714285784,0.08917253691476748,0.9319761773442654,-42.63366428838058
580,581.0,0.01407579244584134,0.7909862229262857,0.3044166584318447,0.3970714335956193,0.008950535714285949,0.08917253691476831,0.9319761773442656,-42.633664288380444
581,582.0,0.2122136518870602,5.95408993924435,0.304416682961842,0.39707137768891554,0.008950535714288294,0.08917253691478,0.9319761773442505,-42.63366428837861
582,583.0,0.6610452036202377,9.46535840394141,0.3044166709669706,0.39707140625330767,0.008950535714286419,0.08917253691477067,0.9319761773442629,-42.63366428838008
583,584.0,0.1553715078277328,7.7842887793372535,0.3044166915745308,0.3970713572396184,0.008950535714290483,0.08917253691479089,0.9319761773442357,-42.633664288376906
584,585.0,0.28175841685888825,5.184236622649837,0.3044166755540423,0.3970713953009983,0.008950535714286985,0.08917253691477348,0.9319761773442592,-42.63366428837964
585,586.0,0.29478117158174255,3.429433376798643,0.30441666797922695,0.39707141315578665,0.008950535714286174,0.08917253691476944,0.9319761773442644,-42.633664288380274
586,587.0,0.16709182506615783,8.938951450474617,0.3044166923147199,0.3970713556776795,0.008950535714290659,0.08917253691479178,0.9319761773442343,-42.633664288376764
587,588.0,0.6686497807266297,6.346472425622005,0.3044166645021652,0.397071421226966,0.00895053571428599,0.08917253691476852,0.9319761773442654,-42.633664288380416
588,589.0,0.05043981908283446,7.502894048913059,0.3044167003937798,0.3970713360424242,0.008950535714293465,0.08917253691480576,0.9319761773442151,-42.633664288374575
589,590.0,0.2837550338409738,9.967258735572923,0.3044166863328621,0.39707136976241336,0.008950535714289066,0.08917253691478386,0.9319761773442453,-42.633664288378014
590,591.0,0.3486877325433494,2.0870590211778617,0.304416660053569,0.39707143128319744,0.008950535714285909,0.08917253691476812,0.9319761773442657,-42.63366428838048
591,592.0,0.0415584999978752,7.855709856420333,0.30441670180547103,0.3970713327879547,0.008950535714293996,0.0891725369148084,0.9319761773442115,-42.633664288374156
592,593.0,0.4074248983209454,3.5275878837178056,0.3044166631802099,0.39707142442919646,0.008950535714285942,0.08917253691476827,0.9319761773442656,-42.63366428838045
593,594.0,0.3773452730930015,6.825865110274682,0.30441667559436064,0.3970713955243811,0.008950535714286969,0.0891725369147734,0.9319761773442593,-42.63366428837965
594,595.0,0.0195627475510477,4.308896329811464,0.30441670172667373,0.397071332658388,0.008950535714294022,0.08917253691480853,0.9319761773442115,-42.633664288374135
595,596.0,0.7026187205637953,2.1626326089313768,0.3044166239327947,0.3970714102090066,0.008950535714304845,0.08917253691486245,0.9319761773442637,-42.63366428836567
596,597.0,0.7880776988717126,5.060845966388658,0.30441666084441366,0.3970714295856203,0.008950535714285897,0.08917253691476805,0.9319761773442659,-42.633664288380494
597,598.0,0.5200029834153168,5.950385482375087,0.30441666761095515,0.39707141423102427,0.008950535714286138,0.08917253691476924,0.9319761773442645,-42.6336642883803
598,599.0,0.019802244218492082,6.954292640483955,0.30441670337188653,0.39707132886825475,0.00895053571429465,0.08917253691481165,0.931976177344207,-42.633664288373645
599,600.0,0.07433229723701551,7.822232768437046,0.3044166987928519,0.3970713401555245,0.008950535714292811,0.08917253691480251,0.9319761773442196,-42.63366428837508
600,601.0,0.4924615287130041,4.749376808119303,0.30441666510968346,0.3970714201274271,0.008950535714285996,0.08917253691476855,0.9319761773442654,-42.63366428838041
601,602.0,0.19226035739271163,9.554763407688462,0.3044166914997081,0.39707135742435795,0.00895053571429046,0.08917253691479077,0.9319761773442358,-42.63366428837692
602,603.0,0.050194457508771495,9.303113377839415,0.3044167010395993,0.3970713342551149,0.008950535714293776,0.0891725369148073,0.9319761773442131,-42.633664288374334
603,604.0,0.21397349519834452,9.893390928906769,0.3044166905255598,0.39707135987826137,0.008950535714290147,0.08917253691478923,0.9319761773442379,-42.63366428837716
604,605.0,0.19855183506013252,1.3612301476224855,0.3044166613193967,0.3970714286859723,0.008950535714285904,0.08917253691476809,0.9319761773442657,-42.63366428838049
605,606.0,0.2938883538732757,7.294279969509781,0.3044166808806921,0.3970713828348756,0.008950535714287854,0.08917253691477779,0.9319761773442534,-42.63366428837896
606,607.0,0.4314977698293352,3.428258109186673,0.30441666276183454,0.3970714253644511,0.008950535714285932,0.08917253691476823,0.9319761773442656,-42.633664288380466
607,608.0,0.49436092276509136,4.802709618364139,0.3044166652175595,0.3970714197567801,0.008950535714286011,0.08917253691476862,0.9319761773442653,-42.6336642883804
608,609.0,0.8772901144530205,8.445458031853457,0.30441666502547937,0.3970714203166497,0.008950535714285992,0.08917253691476852,0.9319761773442654,-42.633664288380416
609,610.0,0.3214571984930382,3.7720271963126693,0.3044166677781316,0.3970714135505405,0.008950535714286171,0.08917253691476942,0.9319761773442644,-42.633664288380274
610,611.0,0.3816710833130006,5.699723430316684,0.30441667180537957,0.3970714042954313,0.008950535714286511,0.08917253691477112,0.9319761773442623,-42.63366428838001
611,612.0,0.19305967842462057,8.358763382357195,0.30441668936885147,0.3970713625186539,0.00895053571428984,0.08917253691478769,0.9319761773442401,-42.63366428837741
612,613.0,0.6450105652660902,9.320257797730967,0.30441667148469165,0.3970714052855246,0.008950535714286455,0.08917253691477084,0.9319761773442625,-42.633664288380054
613,614.0,0.8794196087820917,0.04804310470866273,0.3044165292606985,0.39707156981899744,0.008950535714332436,0.08917253691499988,0.9319761773441478,-42.63366428834409
614,615.0,0.768104590169036,0.48517058582211403,0.3044166588748514,0.39707143395354905,0.008950535714285921,0.08917253691476817,0.9319761773442655,-42.63366428838047
615,616.0,0.8729548927078987,4.583003298273769,0.3044166595301991,0.39707143286068636,0.008950535714285881,0.08917253691476797,0.9319761773442657,-42.6336642883805
616,617.0,0.5489998474479665,8.574134434430762,0.3044166729327398,0.3970714016109752,0.00895053571428664,0.08917253691477176,0.9319761773442614,-42.633664288379904
617,618.0,0.46865960962907627,9.404081487062307,0.3044166770459148,0.39707139211433823,0.008950535714287167,0.08917253691477439,0.931976177344258,-42.6336642883795
618,619.0,0.7000928360622972,5.350307090673129,0.3044166620963473,0.39707142664170614,0.008950535714285925,0.08917253691476819,0.9319761773442657,-42.633664288380466
619,620.0,0.9184107710125141,9.509874861145889,0.3044166664971867,0.39707141711989413,0.008950535714286053,0.08917253691476883,0.931976177344265,-42.633664288380366
620,621.0,0.7566979883309803,7.868077971779729,0.3044166656821505,0.39707141877011515,0.00895053571428603,0.08917253691476873,0.9319761773442652,-42.63366428838039
621,622.0,0.23224134151357845,1.2080519961150133,0.3044166592225271,0.3970714332132034,0.008950535714285907,0.0891725369147681,0.9319761773442656,-42.63366428838049
622,623.0,0.5638413755236032,6.25255449362623,0.30441666726292915,0.397071414787232,0.008950535714286136,0.08917253691476924,0.9319761773442646,-42.6336642883803
623,624.0,0.5374403456771357,8.179245153532895,0.30441667260300154,0.3970714023279336,0.008950535714286594,0.08917253691477153,0.9319761773442617,-42.63366428837995
624,625.0,0.9023423325636456,3.406666998629835,0.3044164928451904,0.39707132015152885,0.008950535714658838,0.08917253691662583,0.9319761773441962,-42.63366428808882
625,626.0,0.3355699704504732,0.41158141694347955,0.3044166599185269,0.3970714323881946,0.008950535714285874,0.08917253691476795,0.9319761773442657,-42.63366428838051
626,627.0,0.2246402883511558,5.323703343966846,0.3044166798664512,0.39707138535896974,0.008950535714287663,0.08917253691477685,0.9319761773442546,-42.63366428837911
627,628.0,0.2564770124501694,0.5902405316551149,0.30441665683536884,0.3970714389203044,0.008950535714285945,0.0891725369147683,0.9319761773442652,-42.63366428838045
628,629.0,0.07644357140492408,3.008254470429557,0.3044166888324819,0.39707136419094974,0.008950535714289633,0.08917253691478667,0.9319761773442413,-42.63366428837757
629,630.0,0.8803648083361314,5.798361485472465,0.30441666060331923,0.3970714300519064,0.008950535714285918,0.08917253691476816,0.9319761773442656,-42.63366428838047
630,631.0,0.3351091085512532,4.352456050516319,0.30441666922550853,0.39707141048525846,0.008950535714286249,0.08917253691476981,0.9319761773442639,-42.63366428838021
631,632.0,0.06620831525104709,6.998535347205203,0.3044166978615176,0.3970713421618419,0.00895053571429252,0.08917253691480105,0.9319761773442217,-42.633664288375314
632,633.0,0.7145428320219469,8.888800663565247,0.3044166691510896,0.3970714105094647,0.008950535714286263,0.08917253691476988,0.9319761773442639,-42.6336642883802
633,634.0,0.5296584493866892,4.931802764554734,0.30441666430837633,0.3970714217276837,0.008950535714285961,0.08917253691476838,0.9319761773442656,-42.633664288380444
634,635.0,0.1004341838891819,6.328826249752881,0.30441669407698974,0.39707135118584297,0.008950535714291248,0.08917253691479472,0.9319761773442304,-42.63366428837631
635,636.0,0.25396983645839344,9.457314993637926,0.3044166876145935,0.3970713670966233,0.00895053571428932,0.08917253691478509,0.9319761773442434,-42.633664288377815
636,637.0,0.6856670989362637,6.341461575910059,0.30441666413476315,0.3970714221107107,0.008950535714285971,0.08917253691476844,0.9319761773442655,-42.63366428838043
637,638.0,0.607679857877951,4.75003785781055,0.30441666213575047,0.397071426699326,0.00895053571428592,0.08917253691476816,0.9319761773442657,-42.63366428838047
638,639.0,0.5268170563507287,3.9825449312586465,0.3044166621988394,0.3970714266491064,0.008950535714285926,0.0891725369147682,0.9319761773442656,-42.633664288380466
639,640.0,0.5713957306039011,3.673886716688724,0.3044166606119552,0.39707142991807487,0.00895053571428592,0.08917253691476816,0.9319761773442656,-42.63366428838047
640,641.0,0.5096494039267472,3.4785771080160437,0.30441666161473513,0.3970714282987739,0.008950535714285888,0.08917253691476802,0.9319761773442659,-42.6336642883805
641,642.0,0.0057098429954812735,6.8994629417942335,0.3044167052887692,0.3970713245319211,0.008950535714295396,0.08917253691481537,0.9319761773442017,-42.63366428837306
642,643.0,0.03622480158325436,3.3264747468628215,0.30441669705669644,0.39707134394774385,0.008950535714292258,0.08917253691479973,0.9319761773442236,-42.63366428837552
643,644.0,0.8267308644876534,0.21965273349719663,0.3044166618607794,0.3970714242052117,0.008950535714286069,0.08917253691476892,0.9319761773442656,-42.63366428838035
644,645.0,0.7503722287328976,2.7572797964747857,0.30441651761161714,0.39707133614877316,0.008950535714559253,0.08917253691612975,0.9319761773442153,-42.633664288166706
645,646.0,0.18253156193642905,2.1168449614902527,0.30441666790858035,0.39707141356156506,0.008950535714286143,0.08917253691476928,0.9319761773442645,-42.6336642883803
646,647.0,0.3182862846283967,7.216051988642425,0.3044166794009335,0.39707138623189303,0.008950535714287606,0.08917253691477657,0.9319761773442551,-42.63366428837915
647,648.0,0.9033225687424077,2.4564044810332977,0.3044166561774168,0.39707143296951214,0.008950535714286209,0.0891725369147696,0.9319761773442656,-42.633664288380245
648,649.0,0.8463332773903689,3.362088792137112,0.30441644047074645,0.3970712843697998,0.00895053571492474,0.08917253691795039,0.9319761773441428,-42.63366428788087
649,650.0,0.08708861368727361,1.867029094222958,0.30441667867442657,0.3970713881187417,0.008950535714287448,0.08917253691477577,0.9319761773442562,-42.63366428837928
650,651.0,0.7292000192145346,7.097535334937264,0.30441666523608957,0.39707141964282405,0.008950535714286015,0.08917253691476865,0.9319761773442653,-42.6336642883804
651,652.0,0.6040339059272816,1.0069465984925998,0.30441666032655124,0.3970714361388846,0.008950535714285796,0.08917253691476755,0.9319761773442654,-42.63366428838057
652,653.0,0.008059463329644023,9.69155880713946,0.304416704627841,0.3970713256382624,0.008950535714295212,0.08917253691481446,0.9319761773442032,-42.633664288373204
653,654.0,0.9435974376532553,1.6689416368640921,0.3044166611555003,0.39707143772131565,0.008950535714285772,0.08917253691476743,0.9319761773442653,-42.633664288380594
654,655.0,0.4290559017661454,9.215654303882813,0.3044166781330632,0.39707138944547704,0.008950535714287366,0.08917253691477538,0.9319761773442566,-42.63366428837934
655,656.0,0.28907157794041105,5.135745299082066,0.3044166755930897,0.3970713957610613,0.008950535714286938,0.08917253691477324,0.9319761773442594,-42.63366428837968
656,657.0,0.06272016120055823,3.0620652941880517,0.30441669132725396,0.3970713577711893,0.008950535714290409,0.08917253691479053,0.9319761773442362,-42.63366428837696
657,658.0,0.5233759782670608,7.626983172507893,0.3044166718510608,0.3970714041360215,0.00895053571428652,0.08917253691477114,0.9319761773442622,-42.633664288380004
658,659.0,0.055585658328290655,1.0376472104594157,0.3044166586355673,0.3970714350034679,0.008950535714285906,0.08917253691476809,0.9319761773442655,-42.63366428838049
659,660.0,0.9510999252171879,2.7408647211917323,0.30441664468217555,0.39707142421035496,0.008950535714289802,0.0891725369147875,0.9319761773442657,-42.63366428837744
660,661.0,0.6485359329721997,8.738394230816409,0.3044166703873447,0.3970714077091355,0.008950535714286358,0.08917253691477035,0.9319761773442632,-42.63366428838013
661,662.0,0.4635129677180676,4.582973912798067,0.30441666512549515,0.39707141987781314,0.008950535714286,0.08917253691476855,0.9319761773442654,-42.63366428838041
662,663.0,0.07096861415183497,4.634650755091997,0.30441669451867337,0.39707135019133166,0.008950535714291382,0.08917253691479538,0.9319761773442294,-42.6336642883762
663,664.0,0.07326005580359307,5.29384525135998,0.30441669535415156,0.3970713484441054,0.008950535714291614,0.08917253691479654,0.9319761773442278,-42.633664288376025
664,665.0,0.8838234410422986,6.2341674895461905,0.30441666150279667,0.39707142827193553,0.008950535714285916,0.08917253691476815,0.9319761773442656,-42.63366428838047
665,666.0,0.14418535985848724,6.459837307738624,0.3044166901368836,0.3970713608047247,0.008950535714290032,0.08917253691478864,0.9319761773442387,-42.63366428837726
666,667.0,0.23637300689901708,4.814728487362741,0.3044166774759096,0.39707139085058246,0.00895053571428726,0.08917253691477485,0.9319761773442574,-42.63366428837942
667,668.0,0.6635978747605333,0.1613214525694332,0.30441665855688316,0.39707143505313547,0.008950535714285907,0.0891725369147681,0.9319761773442655,-42.63366428838049
668,669.0,0.8115158229207062,7.964974198899005,0.30441666550130614,0.397071418895054,0.008950535714286034,0.08917253691476874,0.9319761773442652,-42.63366428838039
669,670.0,0.556565951843793,5.007097394518652,0.3044166638734263,0.3970714228976912,0.008950535714285964,0.08917253691476838,0.9319761773442655,-42.63366428838044
670,671.0,0.3551684713346912,8.266435158151276,0.30441668024401664,0.39707138437130635,0.008950535714287734,0.08917253691477721,0.9319761773442542,-42.63366428837905
671,672.0,0.3086970427481981,5.280704890994661,0.30441667465199435,0.39707139790903456,0.008950535714286823,0.08917253691477267,0.9319761773442602,-42.63366428837976
672,673.0,0.18385331592824272,2.786545273511654,0.3044166724216268,0.39707140297877164,0.008950535714286556,0.08917253691477134,0.931976177344262,-42.633664288379975
673,674.0,0.7541470864387861,6.523122459800144,0.30441666354935926,0.3970714232834579,0.008950535714285945,0.0891725369147683,0.9319761773442657,-42.63366428838045
674,675.0,0.5727980185234752,9.276345760151536,0.30441667360184416,0.3970714002413789,0.008950535714286686,0.08917253691477198,0.9319761773442611,-42.63366428837987
675,676.0,0.4418485059235344,6.13908615402667,0.30441667095633523,0.397071406500423,0.008950535714286416,0.08917253691477063,0.9319761773442627,-42.63366428838009
676,677.0,0.7219799804602406,3.578970318613195,0.3044166593543998,0.397071433161146,0.008950535714285907,0.0891725369147681,0.9319761773442656,-42.63366428838049
677,678.0,0.7576306226892716,7.766379318806332,0.3044166658995712,0.3970714183970252,0.008950535714286043,0.08917253691476879,0.9319761773442651,-42.63366428838037
678,679.0,0.9849025118674223,1.3965195130408978,0.30441707718079597,0.39707157242415586,0.00895053571593104,0.08917253692296317,0.9319761773441435,-42.633664287093865
679,680.0,0.27489327180319156,4.782035786144195,0.30441667495987834,0.3970713969988115,0.008950535714286873,0.08917253691477292,0.9319761773442599,-42.63366428837973
680,681.0,0.5844839066130216,1.229188085465161,0.3044166661989266,0.39707144125055394,0.008950535714286069,0.08917253691476892,0.9319761773442649,-42.63366428838035
681,682.0,0.5091847008835613,6.491305999048151,0.30441666889300056,0.39707141127639195,0.008950535714286228,0.0891725369147697,0.931976177344264,-42.63366428838023
682,683.0,0.6055926847697476,9.183745833988445,0.30441667251918475,0.39707140275673236,0.008950535714286558,0.08917253691477134,0.931976177344262,-42.633664288379975
683,684.0,0.6067721230977989,2.073747186110322,0.30441657163039326,0.3970713733296449,0.00895053571439339,0.08917253691530352,0.9319761773442478,-42.63366428829642
684,685.0,0.7397265004277668,2.1173682814582477,0.30441664653936773,0.3970714249178782,0.008950535714289094,0.08917253691478397,0.9319761773442656,-42.63366428837799
685,686.0,0.8990489386839032,4.107358398344608,0.3044162487970988,0.39707115601832466,0.008950535716493027,0.08917253692576267,0.9319761773438267,-42.633664286654344
686,687.0,0.6168431140244064,9.48461105826468,0.3044166727380467,0.3970714022590484,0.008950535714286608,0.0891725369147716,0.9319761773442616,-42.63366428837993
687,688.0,0.5454582011677787,9.629229478166037,0.3044166752373136,0.39707139627093657,0.008950535714286929,0.0891725369147732,0.9319761773442595,-42.633664288379684
688,689.0,0.05311739817789818,5.311715671923019,0.30441669756173767,0.39707134289224605,0.008950535714292414,0.08917253691480051,0.9319761773442223,-42.63366428837539
689,690.0,0.342852253279989,3.1269052994171274,0.3044166644628041,0.3970714213188474,0.008950535714285984,0.08917253691476848,0.9319761773442654,-42.63366428838042
690,691.0,0.7048384372584329,1.0547674288133309,0.3044166594310521,0.397071434261915,0.008950535714285862,0.08917253691476788,0.9319761773442656,-42.633664288380515
691,692.0,0.6556793945908806,1.2692877970757321,0.30441666395753686,0.39707143919197124,0.00895053571428584,0.08917253691476777,0.9319761773442651,-42.63366428838054
692,693.0,0.19368017783888003,3.4288764529599147,0.304416675232552,0.39707139624414317,0.008950535714286924,0.08917253691477317,0.9319761773442596,-42.63366428837969
693,694.0,0.7044145135184385,7.652136229330468,0.3044166665771436,0.397071416433018,0.00895053571428609,0.08917253691476901,0.9319761773442649,-42.633664288380345
694,695.0,0.4303753813780372,5.248762997418525,0.3044166687981753,0.3970714114627,0.008950535714286228,0.0891725369147697,0.931976177344264,-42.63366428838023
695,696.0,0.11943867119855611,9.637906136212784,0.3044166968016505,0.39707134497648017,0.008950535714292088,0.08917253691479889,0.9319761773442246,-42.63366428837565
696,697.0,0.6301800782194658,5.834782220124458,0.30441666462817496,0.39707142106509363,0.008950535714285989,0.08917253691476851,0.9319761773442654,-42.633664288380416
697,698.0,0.515697621110764,9.814563426358992,0.3044166766746196,0.39707139283966153,0.008950535714287135,0.08917253691477423,0.9319761773442582,-42.63366428837952
698,699.0,0.3664091326183302,8.305333438280798,0.3044166791677062,0.3970713868351513,0.008950535714287557,0.08917253691477632,0.9319761773442554,-42.633664288379194
699,700.0,0.22963615165877704,8.394169899899303,0.3044166867735488,0.3970713688665632,0.008950535714289139,0.08917253691478422,0.9319761773442448,-42.63366428837796
700,701.0,0.7151418906524982,8.66841623529459,0.30441666847193166,0.39707141223808823,0.008950535714286192,0.08917253691476952,0.9319761773442642,-42.63366428838026
701,702.0,0.7447633746169482,4.9406030370673655,0.30441666069113377,0.39707142995489836,0.008950535714285897,0.08917253691476805,0.9319761773442657,-42.633664288380494
702,703.0,0.415676882406799,6.405214544015762,0.30441667279071616,0.39707140213221637,0.008950535714286605,0.08917253691477159,0.9319761773442616,-42.63366428837994
703,704.0,0.9551501041765589,4.03715322959865,0.3044163640777516,0.3970712335048725,0.008950535715435984,0.0891725369204971,0.9319761773440409,-42.63366428748104
704,705.0,0.9535165169147489,8.841934002511545,0.30441666490517116,0.39707142077947305,0.00895053571428599,0.08917253691476852,0.9319761773442653,-42.633664288380416
705,706.0,0.7898128349128536,1.9360391477168994,0.3044166661228234,0.3970714398257297,0.008950535714285982,0.08917253691476848,0.9319761773442651,-42.63366428838042
706,707.0,0.36283954114377126,8.26374729718936,0.30441667970980174,0.3970713858348612,0.008950535714287607,0.08917253691477657,0.931976177344255,-42.63366428837915
707,708.0,0.7195508671229731,4.034565837027466,0.3044166599105805,0.3970714318721063,0.008950535714285886,0.08917253691476801,0.9319761773442659,-42.6336642883805
708,709.0,0.23652173153477696,2.193717010270039,0.3044166646815453,0.39707142080467195,0.008950535714285994,0.08917253691476854,0.9319761773442654,-42.633664288380416
709,710.0,0.6806150995247671,9.207442219033984,0.3044166704741289,0.39707140760491566,0.008950535714286369,0.08917253691477041,0.9319761773442631,-42.633664288380125
710,711.0,0.4704055074706933,1.1739074533713967,0.30441666505500053,0.3970714397219606,0.008950535714285909,0.08917253691476812,0.9319761773442651,-42.63366428838048
711,712.0,0.7014583436246408,9.308217052526668,0.30441666987136734,0.3970714086996116,0.008950535714286332,0.08917253691477021,0.9319761773442634,-42.633664288380146
712,713.0,0.979215711314955,7.562768699211176,0.30441666247750765,0.397071425985231,0.008950535714285918,0.08917253691476816,0.9319761773442657,-42.63366428838047
713,714.0,0.5511904293911597,3.996466760320292,0.30441666133440765,0.3970714286595176,0.008950535714285888,0.08917253691476802,0.9319761773442659,-42.6336642883805
714,715.0,0.6373771421510107,3.600016144839935,0.3044166600531221,0.39707143139144546,0.008950535714285902,0.08917253691476809,0.9319761773442657,-42.63366428838049
715,716.0,0.08907705974473168,5.239043052669307,0.304416693334375,0.39707135316235914,0.008950535714290976,0.08917253691479335,0.9319761773442322,-42.63366428837652
716,717.0,0.04713123691935128,8.535599642588567,0.3044167007929527,0.3970713350071471,0.008950535714293634,0.08917253691480659,0.931976177344214,-42.63366428837444
717,718.0,0.16771433428914784,9.836172013856814,0.30441669330248333,0.39707135322264314,0.00895053571429098,0.08917253691479336,0.9319761773442322,-42.63366428837652
718,719.0,0.8997612992922656,3.6306232303944173,0.3044164224266183,0.3970712726899037,0.008950535715031205,0.08917253691848075,0.9319761773441222,-42.6336642877976
719,720.0,0.07027725414696495,3.9242549513177036,0.30441669285354794,0.39707135430265994,0.008950535714290837,0.08917253691479265,0.9319761773442331,-42.63366428837662
720,721.0,0.0015648860683266097,1.7354887248817858,0.30441670460169323,0.3970713257077287,0.008950535714295204,0.08917253691481442,0.9319761773442032,-42.63366428837321
721,722.0,0.4250910718430225,4.180485654249257,0.3044166654591802,0.39707141932883955,0.008950535714286003,0.08917253691476858,0.9319761773442653,-42.63366428838041
722,723.0,0.5864965681904972,5.7036965237460935,0.3044166655961983,0.3970714189583424,0.008950535714286017,0.08917253691476865,0.9319761773442652,-42.6336642883804
723,724.0,0.7225797580324778,5.5345358205118655,0.3044166623904631,0.39707142616479413,0.008950535714285914,0.08917253691476815,0.9319761773442657,-42.63366428838048
724,725.0,0.8744872051893083,8.926388631837893,0.3044166656087619,0.39707141872652024,0.008950535714286037,0.08917253691476874,0.9319761773442652,-42.63366428838038
725,726.0,0.6175225560554204,4.6670379195750336,0.3044166617869549,0.3970714274166946,0.00895053571428591,0.08917253691476812,0.9319761773442659,-42.63366428838048
726,727.0,0.24613225388282023,7.856507017691737,0.304416685605558,0.3970713718953248,0.008950535714288818,0.08917253691478261,0.9319761773442468,-42.633664288378206
727,728.0,0.9424725658263232,9.108185223278204,0.30441666461687944,0.39707142110329297,0.008950535714285987,0.08917253691476851,0.9319761773442654,-42.63366428838042
728,729.0,0.9857829807200292,4.469856626452624,0.30441626099688146,0.3970711638478782,0.008950535716366545,0.08917253692513262,0.9319761773438516,-42.633664286753266
729,730.0,0.5090873096481072,4.744399755918279,0.304416664620612,0.3970714210687439,0.008950535714285989,0.08917253691476851,0.9319761773442654,-42.633664288380416
730,731.0,0.9771975866141479,5.516769671174145,0.30441665959979586,0.39707143243298937,0.008950535714285897,0.08917253691476805,0.9319761773442657,-42.633664288380494
731,732.0,0.38405812233834213,8.271103952760226,0.30441667861014665,0.3970713884044821,0.008950535714287427,0.08917253691477568,0.9319761773442562,-42.63366428837929
732,733.0,0.6747231827786282,8.858104505759506,0.30441666985077676,0.3970714091258459,0.008950535714286304,0.08917253691477008,0.9319761773442635,-42.633664288380174
733,734.0,0.15934436408211727,1.2000883819556578,0.30441666192536115,0.3970714270819178,0.008950535714285914,0.08917253691476815,0.9319761773442659,-42.63366428838048
734,735.0,0.09156644024587102,2.3508446610018727,0.3044166812696795,0.3970713820909422,0.008950535714287902,0.08917253691477804,0.9319761773442531,-42.633664288378924
735,736.0,0.7316975691950518,5.317123818780165,0.3044166616200088,0.39707142774868165,0.00895053571428591,0.08917253691476812,0.9319761773442659,-42.63366428838048
736,737.0,0.6001005850468994,1.2448912132180672,0.30441666575083065,0.39707144131407873,0.00895053571428604,0.08917253691476876,0.9319761773442647,-42.63366428838038
737,738.0,0.39896482230729846,2.7880658923580923,0.3044166615828569,0.3970714279342484,0.00895053571428591,0.08917253691476812,0.9319761773442657,-42.63366428838048
738,739.0,0.4765410774097536,0.6268134072124699,0.3044166589805321,0.39707143383795807,0.008950535714285916,0.08917253691476815,0.9319761773442655,-42.63366428838047
739,740.0,0.5455081759832486,7.595352468958038,0.30441667070053846,0.39707140673109026,0.008950535714286414,0.08917253691477063,0.931976177344263,-42.63366428838009
740,741.0,0.14162405970139846,4.479655009749858,0.30441668468665156,0.3970713736990318,0.00895053571428866,0.08917253691478182,0.931976177344248,-42.63366428837833
741,742.0,0.9866869801194122,4.633365465744956,0.3044162025461437,0.3970711245585631,0.00895053571701488,0.08917253692836224,0.9319761773437194,-42.633664286246216
742,743.0,0.17265150187631695,5.129212109662241,0.30441668373828673,0.3970713760291302,0.008950535714288456,0.08917253691478079,0.9319761773442494,-42.63366428837849
743,744.0,0.9297875352262577,3.196673530393365,0.30441656787117194,0.39707137039123325,0.00895053571440281,0.08917253691535046,0.9319761773442459,-42.633664288289054
744,745.0,0.18765490702331344,7.82631270956721,0.3044166894207134,0.39707136285243916,0.00895053571428978,0.0891725369147874,0.9319761773442402,-42.63366428837746
745,746.0,0.3450452500323393,5.6521618082733065,0.3044166737363838,0.39707139991296986,0.008950535714286728,0.08917253691477219,0.9319761773442609,-42.63366428837984
746,747.0,0.486320149900461,0.9659063954285622,0.30441666478289137,0.3970714396100948,0.008950535714285888,0.08917253691476802,0.9319761773442651,-42.6336642883805
747,748.0,0.9126567189568637,8.839257302151498,0.3044166647097539,0.3970714208003536,0.008950535714285989,0.08917253691476851,0.9319761773442654,-42.633664288380416
748,749.0,0.6085561016775066,7.179151451277532,0.30441666816953084,0.3970714130983929,0.00895053571428617,0.08917253691476941,0.9319761773442643,-42.63366428838028
749,750.0,0.9331865148350722,9.98273409163956,0.30441666622504104,0.39707141735775964,0.008950535714286063,0.08917253691476888,0.931976177344265,-42.63366428838036
750,751.0,0.3972879940935583,3.3744774877726087,0.3044166630632734,0.39707142459877104,0.008950535714285938,0.08917253691476826,0.9319761773442656,-42.63366428838046
751,752.0,0.727629434028869,6.244757316653253,0.3044166635882548,0.3970714233876962,0.008950535714285945,0.0891725369147683,0.9319761773442656,-42.63366428838045
752,753.0,0.5482087164442041,4.702917944497498,0.30441666364757286,0.39707142326702527,0.008950535714285963,0.08917253691476838,0.9319761773442655,-42.633664288380444
753,754.0,0.15565236472213662,8.14619762637177,0.3044166920672313,0.3970713562067364,0.008950535714290577,0.08917253691479136,0.9319761773442349,-42.63366428837683
754,755.0,0.7875922575853687,4.717876587579523,0.30441666010209434,0.39707143110268184,0.008950535714285893,0.08917253691476804,0.9319761773442659,-42.633664288380494
755,756.0,0.4925006979940998,8.654842083710742,0.30441667460639793,0.39707139781134215,0.008950535714286828,0.08917253691477268,0.9319761773442602,-42.63366428837976
756,757.0,0.7120997278334642,1.706599991747916,0.3044166669411484,0.3970714405553063,0.008950535714286096,0.08917253691476903,0.9319761773442649,-42.63366428838034
757,758.0,0.6422435912011238,0.3587225196718772,0.3044166596036187,0.3970714327527157,0.008950535714285895,0.08917253691476804,0.9319761773442656,-42.633664288380494
758,759.0,0.9448909706491728,3.799542188494909,0.3044164264932965,0.3970712754041248,0.008950535715006291,0.08917253691835664,0.9319761773441272,-42.63366428781709
759,760.0,0.5080096126308011,9.833462086044774,0.3044166764631936,0.39707139329601393,0.008950535714287108,0.08917253691477407,0.9319761773442584,-42.63366428837955
760,761.0,0.11736787386481484,6.02398195035985,0.3044166917334423,0.39707135693401646,0.00895053571429051,0.08917253691479103,0.9319761773442354,-42.633664288376885
761,762.0,0.3172640143352756,4.771043404670266,0.30441667240831344,0.3970714029155214,0.008950535714286565,0.08917253691477138,0.931976177344262,-42.63366428837997
762,763.0,0.5979069453697279,8.881796972715676,0.30441667234025455,0.3970714034095083,0.008950535714286542,0.08917253691477127,0.931976177344262,-42.63366428837999
763,764.0,0.8090746192167816,1.101796293453853,0.30441673423852744,0.39707146253531367,0.008950535714336646,0.08917253691502086,0.931976177344259,-42.6336642883408
764,765.0,0.988680749615668,2.6104833639259404,0.3044166602432604,0.3970714357059771,0.008950535714285803,0.08917253691476759,0.9319761773442654,-42.633664288380565
765,766.0,0.7899193033168385,1.0381438200005533,0.30441656214705437,0.3970713956761863,0.008950535714388986,0.08917253691528158,0.9319761773442593,-42.63366428829987
766,767.0,0.12852439141597127,3.9775035268941683,0.30441668484149675,0.39707137355697864,0.008950535714288672,0.08917253691478189,0.9319761773442479,-42.63366428837832
767,768.0,0.9339235170946399,5.830881762057088,0.30441666067583695,0.39707142998947037,0.0089505357142859,0.08917253691476808,0.9319761773442657,-42.63366428838049
768,769.0,0.740920125607516,8.394875155539319,0.3044166677543205,0.39707141414263925,0.00895053571428613,0.08917253691476922,0.9319761773442645,-42.63366428838031
769,770.0,0.22367909730136804,2.5595390668218956,0.30441666773433756,0.3970714137839093,0.008950535714286157,0.08917253691476935,0.9319761773442645,-42.63366428838029
770,771.0,0.39957116159776507,7.430627795537894,0.30441667582862886,0.3970713946486133,0.00895053571428703,0.0891725369147737,0.931976177344259,-42.633664288379606
771,772.0,0.887887463828013,4.2743028858361845,0.30441615803849653,0.39707109557789794,0.008950535717562507,0.08917253693109019,0.9319761773436103,-42.633664285817936
772,773.0,0.7988477205491569,1.6891698956827221,0.3044166659502219,0.3970714420575874,0.008950535714286103,0.08917253691476909,0.9319761773442647,-42.63366428838033
773,774.0,0.2255337199701155,0.2811548524890407,0.30441665913398674,0.3970714335889204,0.008950535714285902,0.08917253691476809,0.9319761773442656,-42.63366428838049
774,775.0,0.7057008073339537,4.12407364799018,0.3044166601396069,0.3970714312925398,0.008950535714285895,0.08917253691476804,0.9319761773442657,-42.633664288380494
775,776.0,0.07084421617252601,0.8343663107103845,0.3044166583908963,0.3970714356196544,0.008950535714285904,0.08917253691476809,0.9319761773442654,-42.63366428838049
776,777.0,0.17722360434397944,1.4052601045405435,0.3044166624125021,0.39707142594096423,0.008950535714285928,0.0891725369147682,0.9319761773442657,-42.633664288380466
777,778.0,0.39299557040118316,2.4265718487067756,0.3044166599128259,0.3970714318330733,0.00895053571428589,0.08917253691476802,0.9319761773442657,-42.6336642883805
778,779.0,0.26066036302527573,7.6544504109655005,0.30441668396857163,0.39707137540356274,0.008950535714288504,0.08917253691478103,0.9319761773442491,-42.633664288378455
779,780.0,0.6744500213274734,7.83724544582212,0.30441666801131273,0.39707141310583627,0.008950535714286181,0.08917253691476948,0.9319761773442643,-42.63366428838027
780,781.0,0.8129777713251708,6.615311836685933,0.3044166624841412,0.3970714261187163,0.00895053571428592,0.08917253691476816,0.9319761773442656,-42.63366428838047
781,782.0,0.9486684035368432,9.803654883460306,0.3044166660990164,0.39707141770198706,0.008950535714286039,0.08917253691476876,0.9319761773442652,-42.63366428838038
782,783.0,0.5500161021845288,7.2709307696237895,0.30441666961915576,0.39707140936413393,0.008950535714286308,0.08917253691477009,0.9319761773442635,-42.63366428838017
783,784.0,0.41724505946814283,8.031074294627617,0.3044166766586698,0.3970713929985536,0.008950535714287108,0.08917253691477407,0.9319761773442583,-42.63366428837955
784,785.0,0.25045856471818606,2.885757727756281,0.30441666766205827,0.39707141421577025,0.008950535714286141,0.08917253691476928,0.9319761773442645,-42.6336642883803
785,786.0,0.42834384420148286,1.2380177064400952,0.30441664362537807,0.3970714240932271,0.008950535714290204,0.0891725369147895,0.9319761773442656,-42.63366428837712
786,787.0,0.901942801479548,9.838370117615023,0.30441666689857894,0.3970714160236574,0.008950535714286079,0.08917253691476897,0.9319761773442649,-42.633664288380345
787,788.0,0.36313832791148337,7.333849943536031,0.3044166776349208,0.39707139059673857,0.008950535714287283,0.08917253691477496,0.9319761773442572,-42.63366428837941
788,789.0,0.779154284322711,4.157222494033746,0.3044166594808799,0.39707143260835237,0.008950535714285899,0.08917253691476808,0.9319761773442657,-42.633664288380494
789,790.0,0.9941576602820341,9.596443641964235,0.30441666486506247,0.3970714202705446,0.008950535714286006,0.0891725369147686,0.9319761773442654,-42.6336642883804
790,791.0,0.5900240698733169,7.98594792635957,0.3044166704245009,0.39707140757904175,0.008950535714286365,0.0891725369147704,0.9319761773442632,-42.633664288380125
791,792.0,0.8855336861809858,9.190042955465849,0.304416665911534,0.39707141789793376,0.008950535714286044,0.0891725369147688,0.9319761773442652,-42.63366428838037
792,793.0,0.8202560010664618,7.259062546360419,0.30441666366008524,0.3970714230454891,0.008950535714285961,0.08917253691476838,0.9319761773442656,-42.633664288380444
793,794.0,0.14663170606589493,8.601211171070267,0.30441669345202493,0.3970713527533188,0.008950535714291044,0.0891725369147937,0.9319761773442318,-42.633664288376465
794,795.0,0.38111044002882644,4.574529555535812,0.30441666795886274,0.3970714133626166,0.008950535714286159,0.08917253691476935,0.9319761773442644,-42.63366428838029
795,796.0,0.8724881038138441,1.369174368041675,0.30441665930553585,0.3970714357987091,0.00895053571428585,0.08917253691476783,0.9319761773442654,-42.63366428838053
796,797.0,0.9281989883494458,8.537281692842626,0.30441666451870036,0.3970714212001877,0.008950535714285987,0.08917253691476851,0.9319761773442654,-42.63366428838042
797,798.0,0.23766216163832699,9.635429529173162,0.30441668924831033,0.3970713632388596,0.00895053571428974,0.08917253691478719,0.9319761773442405,-42.63366428837749
798,799.0,0.5631267297671246,4.240220375325247,0.3044166618072118,0.3970714274702942,0.008950535714285921,0.08917253691476817,0.9319761773442656,-42.63366428838047
799,800.0,0.00735061768426426,3.4974603540467903,0.3044167037459968,0.39707132764131375,0.008950535714294884,0.08917253691481282,0.9319761773442056,-42.63366428837346
800,801.0,0.6664243788653519,4.711668540753116,0.30441666150039687,0.39707142825101327,0.008950535714285899,0.08917253691476808,0.9319761773442659,-42.633664288380494
801,802.0,0.8348862673201585,0.35894338677745097,0.3044166625774823,0.397071430994271,0.00895053571428577,0.08917253691476743,0.9319761773442657,-42.633664288380594
802,803.0,0.20471062386052874,2.386371473979604,0.30441666786358146,0.39707141351111613,0.008950535714286157,0.08917253691476935,0.9319761773442645,-42.63366428838029
803,804.0,0.8553900383344729,8.431875806236244,0.30441666551909397,0.3970714190157843,0.008950535714286023,0.08917253691476867,0.9319761773442652,-42.633664288380395
804,805.0,0.21998610463261203,1.8776052879338387,0.30441666359842134,0.3970714234701446,0.008950535714285945,0.0891725369147683,0.9319761773442656,-42.63366428838045
805,806.0,0.9116602479042712,5.264303170434308,0.3044166595856456,0.3970714324198411,0.008950535714285912,0.08917253691476815,0.9319761773442656,-42.63366428838048
806,807.0,0.16150984339558694,0.3009822812694312,0.30441665858576616,0.39707143449343646,0.00895053571428591,0.08917253691476812,0.9319761773442656,-42.63366428838048
807,808.0,0.579381975161302,2.158359423602223,0.3044165051951129,0.39707132857746963,0.008950535714606512,0.08917253691636517,0.9319761773442067,-42.633664288129744
808,809.0,0.41997450670587966,0.35054966330543974,0.30441665942617185,0.3970714325072098,0.008950535714285909,0.08917253691476812,0.9319761773442657,-42.63366428838048
809,810.0,0.4536935242402137,8.215296056940131,0.3044166756828729,0.3970713952899471,0.008950535714286976,0.08917253691477342,0.9319761773442592,-42.63366428837965
810,811.0,0.5804029109979529,7.006838840040013,0.30441666844491694,0.3970714125150467,0.008950535714286187,0.08917253691476949,0.9319761773442642,-42.63366428838026
811,812.0,0.09343813134996448,1.8314405166368393,0.30441667705868,0.39707139182805784,0.008950535714287212,0.08917253691477461,0.9319761773442578,-42.63366428837946
812,813.0,0.11900085914766068,0.2547222846629107,0.304416658242877,0.3970714346075865,0.008950535714285933,0.08917253691476824,0.9319761773442656,-42.63366428838046
813,814.0,0.1707730618087192,5.884393991549712,0.30441668618776524,0.3970713701021344,0.008950535714289028,0.08917253691478365,0.9319761773442455,-42.63366428837804
814,815.0,0.4095652625137133,6.357026244207556,0.3044166728055435,0.3970714019849461,0.008950535714286618,0.08917253691477166,0.9319761773442616,-42.633664288379926
815,816.0,0.178440688414636,5.590018408544295,0.30441668458462984,0.3970713739311231,0.008950535714288646,0.08917253691478176,0.9319761773442481,-42.63366428837834
816,817.0,0.7413795834808574,6.128873727285064,0.30441666329597844,0.39707142399644135,0.008950535714285949,0.08917253691476831,0.9319761773442656,-42.633664288380444
817,818.0,0.4181717992655706,8.585352371867929,0.3044166779330329,0.3970713899576859,0.008950535714287312,0.0891725369147751,0.931976177344257,-42.633664288379386
818,819.0,0.8022464974750838,6.708095649547853,0.30441666325753586,0.3970714244479129,0.008950535714285932,0.08917253691476823,0.9319761773442656,-42.633664288380466
819,820.0,0.3248010056291817,7.925298864527306,0.3044166810084393,0.39707138266068354,0.008950535714287864,0.08917253691477786,0.9319761773442533,-42.63366428837895
820,821.0,0.9964597190476577,6.620231665139213,0.30441666053162114,0.3970714305376448,0.008950535714285904,0.08917253691476809,0.9319761773442656,-42.63366428838049
821,822.0,0.7331514515911913,8.609288070055864,0.3044166676763539,0.39707141400771906,0.008950535714286157,0.08917253691476935,0.9319761773442644,-42.63366428838029
822,823.0,0.7220770425023717,8.395881693270434,0.3044166675895343,0.39707141417617936,0.008950535714286138,0.08917253691476924,0.9319761773442646,-42.6336642883803
823,824.0,0.8421186780000137,1.6892900279301855,0.30441666464362716,0.3970714408311396,0.008950535714285947,0.08917253691476831,0.9319761773442649,-42.633664288380444
824,825.0,0.8439752744475443,3.860911089531621,0.3044162466394344,0.3970711543803421,0.008950535716516881,0.0891725369258815,0.9319761773438213,-42.63366428663569
825,826.0,0.9912230752677407,9.262413696881831,0.3044166646075543,0.39707142118133615,0.008950535714285982,0.08917253691476848,0.9319761773442654,-42.63366428838042
826,827.0,0.2052383508461546,5.182150665249504,0.30441668140185163,0.39707138165623007,0.008950535714287954,0.08917253691477829,0.9319761773442528,-42.63366428837888
827,828.0,0.7810139883533048,7.605667686533183,0.30441666537694095,0.3970714192812897,0.008950535714286027,0.08917253691476869,0.9319761773442652,-42.633664288380395
828,829.0,0.3697266784566362,8.186041380411774,0.30441667954407775,0.3970713864325746,0.00895053571428756,0.08917253691477635,0.9319761773442552,-42.633664288379194
829,830.0,0.8197976089146898,2.121107631211542,0.304416661957142,0.39707143822238183,0.00895053571428578,0.08917253691476748,0.9319761773442652,-42.63366428838058
830,831.0,0.6833693341661118,4.155753761004254,0.3044166598982519,0.39707143183313875,0.008950535714285888,0.08917253691476802,0.9319761773442657,-42.6336642883805
831,832.0,0.48222940955825977,4.460939228100836,0.30441666466019274,0.39707142080332997,0.008950535714285989,0.08917253691476851,0.9319761773442654,-42.633664288380416
832,833.0,0.6564919580865902,4.208942780845386,0.3044166603307277,0.39707143083480406,0.0089505357142859,0.08917253691476808,0.9319761773442657,-42.63366428838049
833,834.0,0.6223436720236317,3.628921066125055,0.3044166596618291,0.39707143246185583,0.008950535714285912,0.08917253691476815,0.9319761773442655,-42.63366428838048
834,835.0,0.43921753712137435,7.949014352816246,0.3044166760000609,0.39707139468577574,0.008950535714287014,0.08917253691477363,0.9319761773442589,-42.63366428837961
835,836.0,0.26209334153598196,0.6278189332238575,0.30441665940169893,0.3970714333058534,0.00895053571428589,0.08917253691476802,0.9319761773442656,-42.6336642883805
836,837.0,0.22489827798503814,8.178204798702117,0.3044166875117285,0.3970713674219364,0.008950535714289283,0.08917253691478493,0.9319761773442437,-42.633664288377844
837,838.0,0.4434092800130929,7.18229107213382,0.3044166737231444,0.39707139978047706,0.008950535714286728,0.08917253691477219,0.9319761773442609,-42.63366428837984
838,839.0,0.5291938985747203,2.7467451987111997,0.3044166595996623,0.397071432547696,0.00895053571428591,0.08917253691476812,0.9319761773442656,-42.63366428838048
839,840.0,0.6423451006725962,9.990851422760974,0.30441667230851865,0.3970714032602474,0.008950535714286553,0.08917253691477132,0.931976177344262,-42.633664288379975
840,841.0,0.1863141243839852,9.283881330368066,0.304416691487991,0.39707135754048645,0.008950535714290426,0.08917253691479061,0.931976177344236,-42.63366428837695
841,842.0,0.5129842837747156,6.322511762000732,0.3044166692156918,0.3970714106731755,0.008950535714286249,0.08917253691476981,0.9319761773442639,-42.63366428838021
842,843.0,0.12451270597910369,6.339605582561245,0.3044166917375128,0.39707135701600377,0.008950535714290492,0.08917253691479095,0.9319761773442355,-42.6336642883769
843,844.0,0.2874484939964216,8.486047528178196,0.3044166841934199,0.39707137493746736,0.008950535714288551,0.08917253691478128,0.9319761773442488,-42.63366428837841
844,845.0,0.45775972282725763,2.9626074846981663,0.304416660625116,0.3970714300202053,0.008950535714285904,0.08917253691476809,0.9319761773442659,-42.63366428838049
845,846.0,0.9855711209075045,1.4494299888960462,0.3044166589686156,0.3970714347290537,0.00895053571428588,0.08917253691476797,0.9319761773442655,-42.6336642883805
846,847.0,0.8364026219022678,8.823249132286419,0.30441666602786666,0.3970714175578607,0.008950535714286063,0.08917253691476888,0.9319761773442651,-42.63366428838036
847,848.0,0.7752066774829939,4.125151464089423,0.3044166596839668,0.3970714322512437,0.008950535714285906,0.08917253691476809,0.9319761773442656,-42.63366428838049
848,849.0,0.2995432851573191,5.112151263928641,0.30441667431857283,0.3970713982747675,0.008950535714286823,0.08917253691477267,0.9319761773442603,-42.63366428837976
849,850.0,0.36252020191881795,7.954594032304078,0.3044166790086369,0.3970713873225373,0.008950535714287501,0.08917253691477604,0.9319761773442558,-42.63366428837924
850,851.0,0.9369562527807505,5.155506565489542,0.3044166599429396,0.39707143160399566,0.008950535714285897,0.08917253691476805,0.9319761773442657,-42.633664288380494
851,852.0,0.7190262616003249,1.5607515574096167,0.30441666668423595,0.3970714417429955,0.008950535714286152,0.08917253691476934,0.9319761773442647,-42.633664288380295
852,853.0,0.9217781120032273,1.1198085922013377,0.304416452157007,0.397071334250805,0.008950535714771921,0.08917253691718914,0.9319761773442132,-42.63366428800038
853,854.0,0.9210672856571595,8.543255224337514,0.3044166649757023,0.3970714204036656,0.008950535714285989,0.08917253691476851,0.9319761773442654,-42.633664288380416
854,855.0,0.7505277197989081,0.0852747262854729,0.304416661819066,0.3970714310011213,0.008950535714285801,0.08917253691476759,0.9319761773442657,-42.633664288380565
855,856.0,0.6199952209686231,7.881140725783087,0.3044166689075719,0.397071411014959,0.00895053571428624,0.08917253691476977,0.931976177344264,-42.633664288380224
856,857.0,0.08499824761673969,0.13285677789623715,0.30441665954792096,0.39707143285788016,0.008950535714285885,0.08917253691476801,0.9319761773442657,-42.6336642883805
857,858.0,0.5128477890749725,0.0255080189534645,0.3044166583999776,0.39707143405272427,0.008950535714285952,0.08917253691476833,0.9319761773442655,-42.633664288380444
858,859.0,0.5679114030012962,8.431880760236066,0.3044166721284425,0.3970714036158967,0.00895053571428654,0.08917253691477126,0.9319761773442621,-42.63366428837999
859,860.0,0.4977573071322895,9.654714727794643,0.30441667714805887,0.3970713921374903,0.008950535714287168,0.08917253691477439,0.9319761773442579,-42.6336642883795
860,861.0,0.6109469733590998,0.7730397809684768,0.30441647464569455,0.397071351987803,0.00895053571466158,0.0891725369166395,0.9319761773442311,-42.63366428808668
861,862.0,0.5833415971805278,9.033628705999465,0.30441667273097067,0.3970714022424857,0.008950535714286596,0.08917253691477153,0.9319761773442617,-42.63366428837995
862,863.0,0.877322224651651,5.867062662051947,0.3044166610996696,0.39707142916673194,0.0089505357142859,0.08917253691476808,0.9319761773442657,-42.63366428838049
863,864.0,0.15393781762533731,8.980042824399849,0.30441669324884846,0.3970713533642819,0.008950535714290943,0.0891725369147932,0.9319761773442324,-42.63366428837654
864,865.0,0.1921010050749764,1.0407831883186678,0.3044166601791388,0.3970714314277979,0.008950535714285888,0.08917253691476802,0.9319761773442657,-42.6336642883805
865,866.0,0.11235996102640666,7.871867346345514,0.30441669519776454,0.39707134851053816,0.008950535714291627,0.08917253691479658,0.9319761773442278,-42.63366428837601
866,867.0,0.38140097901336867,3.5105668989209415,0.30441666458263084,0.3970714210354323,0.00895053571428599,0.08917253691476852,0.9319761773442654,-42.633664288380416
867,868.0,0.1829172419416183,8.362178937572203,0.3044166904900858,0.3970713598269887,0.008950535714290168,0.08917253691478932,0.9319761773442378,-42.633664288377155
868,869.0,0.49253367963060635,8.2119486430829,0.3044166745877128,0.3970713979713467,0.00895053571428682,0.08917253691477266,0.9319761773442602,-42.63366428837977
869,870.0,0.5285285859148213,0.7792960258996098,0.3044166578188685,0.3970714363235839,0.008950535714285918,0.08917253691476816,0.9319761773442654,-42.63366428838047
870,871.0,0.7072205188700166,6.055281136819583,0.3044166635120808,0.39707142362650255,0.008950535714285944,0.08917253691476827,0.9319761773442656,-42.63366428838045
871,872.0,0.018176980633236584,2.469184547906367,0.304416699576552,0.39707133772013825,0.00895053571429322,0.08917253691480455,0.931976177344217,-42.63366428837476
872,873.0,0.5482907163712594,5.001213374953268,0.30441666481724744,0.3970714207650583,0.008950535714285985,0.08917253691476851,0.9319761773442654,-42.63366428838042
873,874.0,0.12643893809770967,4.874375017667636,0.3044166880358759,0.3970713659935986,0.008950535714289437,0.08917253691478569,0.9319761773442427,-42.63366428837772
874,875.0,0.917928628338468,8.960369509889114,0.3044166652450256,0.39707141996652656,0.008950535714286003,0.08917253691476858,0.9319761773442652,-42.63366428838041
875,876.0,0.7795608397125253,2.1795382686640297,0.3044166517699576,0.3970714283031159,0.008950535714287272,0.0891725369147749,0.9319761773442659,-42.633664288379414
876,877.0,0.9353926679630016,0.9387975156541315,0.3044166177789659,0.3970714011798372,0.008950535714313717,0.08917253691490665,0.9319761773442613,-42.63366428835873
877,878.0,0.7847477777154254,4.1487408915014345,0.3044166598830179,0.3970714321423631,0.008950535714285888,0.08917253691476802,0.9319761773442657,-42.6336642883805
878,879.0,0.49884516774104737,1.7964989210642597,0.30441653436892224,0.3970713468835226,0.00895053571450075,0.08917253691583832,0.9319761773442263,-42.63366428821246
879,880.0,0.8424748557892348,2.302847785536621,0.30441665536301865,0.3970714321674794,0.00895053571428636,0.08917253691477035,0.9319761773442656,-42.63366428838013
880,881.0,0.29120733362757556,8.62216387282968,0.3044166838787019,0.3970713755169062,0.008950535714288495,0.089172536914781,0.9319761773442492,-42.633664288378455
881,882.0,0.7407332031825805,0.19147329730612725,0.30441665147533636,0.39707144665692695,0.008950535714286228,0.0891725369147697,0.9319761773442639,-42.63366428838023
882,883.0,0.18031386043667286,0.1070617553810923,0.3044166605973402,0.3970714302946633,0.008950535714285886,0.08917253691476801,0.9319761773442659,-42.6336642883805
883,884.0,0.7250154306647311,8.487763297382587,0.3044166679590165,0.39707141330041396,0.00895053571428616,0.08917253691476937,0.9319761773442644,-42.63366428838029
884,885.0,0.9177416587014067,7.201092472490768,0.30441666292603453,0.3970714253073023,0.00895053571428592,0.08917253691476816,0.9319761773442656,-42.63366428838047
885,886.0,0.9066158796606306,1.2102851141971946,0.3044166267468603,0.3970714194205705,0.008950535714299632,0.08917253691483647,0.9319761773442653,-42.63366428836975
886,887.0,0.6396335548439486,2.065329332780236,0.3044166035293399,0.3970713952808242,0.008950535714331126,0.08917253691499336,0.9319761773442592,-42.633664288345116
887,888.0,0.7276549494396808,4.181973487290664,0.3044166601590147,0.3970714315071816,0.008950535714285888,0.08917253691476802,0.9319761773442657,-42.6336642883805
888,889.0,0.840853972860694,7.630276655560144,0.3044166642067652,0.39707142197743883,0.008950535714285968,0.0891725369147684,0.9319761773442655,-42.63366428838044
889,890.0,0.9425374684708477,9.089314069724233,0.3044166648230059,0.39707142045035027,0.008950535714286,0.08917253691476855,0.9319761773442654,-42.63366428838041
890,891.0,0.43233122428973314,5.030216137293291,0.3044166675134011,0.39707141426536874,0.008950535714286147,0.0891725369147693,0.9319761773442645,-42.633664288380295
891,892.0,0.45072886913014143,8.128238347608251,0.30441667550918394,0.3970713956821683,0.008950535714286943,0.08917253691477327,0.9319761773442594,-42.63366428837967
892,893.0,0.5838026770307803,4.696904433818234,0.30441666245237387,0.3970714259549682,0.008950535714285928,0.0891725369147682,0.9319761773442657,-42.633664288380466
893,894.0,0.7993755252633714,5.95682273831121,0.30441666175043613,0.39707142755120794,0.008950535714285916,0.08917253691476815,0.9319761773442657,-42.63366428838047
894,895.0,0.4762004301375501,9.177780380796683,0.3044166763793153,0.3970713933942161,0.008950535714287092,0.089172536914774,0.9319761773442585,-42.633664288379556
895,896.0,0.9348992950049431,0.9822422562059051,0.3044165820473249,0.3970713787454897,0.008950535714371606,0.08917253691519501,0.9319761773442512,-42.633664288313454
896,897.0,0.8116389270449715,4.828348324304166,0.3044166597537026,0.3970714322573482,0.008950535714285897,0.08917253691476805,0.9319761773442656,-42.633664288380494
897,898.0,0.8409257727175059,6.594921008457371,0.30441666262824546,0.397071425580504,0.008950535714285925,0.08917253691476819,0.9319761773442657,-42.633664288380466
898,899.0,0.7704438548479154,7.410749673506018,0.3044166648623267,0.3970714203260725,0.008950535714286011,0.08917253691476862,0.9319761773442653,-42.6336642883804
899,900.0,0.1163094246411005,2.4839997504857294,0.3044166780829742,0.39707138955231164,0.008950535714287357,0.08917253691477534,0.9319761773442568,-42.63366428837935
900,901.0,0.006891456130492912,9.199152066054763,0.30441670471850596,0.3970713252729154,0.0089505357142953,0.0891725369148149,0.9319761773442027,-42.63366428837314
901,902.0,0.6922935146423943,9.021746923044303,0.3044166697019301,0.3970714094534207,0.008950535714286304,0.08917253691477008,0.9319761773442635,-42.633664288380174
902,903.0,0.9182633190398104,3.216829897093358,0.30441655514027843,0.397071360980654,0.008950535714437083,0.08917253691552117,0.9319761773442388,-42.63366428826225
903,904.0,0.8766391022407072,4.243806830341429,0.30441614777469633,0.39707108872931596,0.008950535717696781,0.08917253693175906,0.9319761773435831,-42.63366428571292
904,905.0,0.3370336344174941,2.016951288621357,0.3044166603970312,0.39707143057220096,0.008950535714285902,0.08917253691476809,0.9319761773442657,-42.63366428838049
905,906.0,0.39555896382254874,1.2319187319288836,0.3044166196814303,0.3970714063761346,0.0089505357143097,0.08917253691488664,0.9319761773442629,-42.63366428836188
906,907.0,0.8731126594269375,6.903513798521777,0.3044166625892957,0.3970714258640545,0.008950535714285932,0.08917253691476823,0.9319761773442656,-42.633664288380466
907,908.0,0.3284569536986598,3.492522225607762,0.3044166663292427,0.3970714172805472,0.008950535714286053,0.08917253691476883,0.931976177344265,-42.633664288380366
908,909.0,0.7261381184335133,0.24471999517311888,0.3044166567140479,0.39707143711913906,0.008950535714285996,0.08917253691476855,0.9319761773442653,-42.63366428838041
909,910.0,0.9416288322068448,4.054683693313447,0.30441633887223596,0.3970712155949018,0.008950535715641191,0.08917253692151932,0.9319761773439977,-42.63366428732055
910,911.0,0.15010286973195952,2.706169287846039,0.30441667511731363,0.39707139641103295,0.008950535714286919,0.08917253691477314,0.9319761773442596,-42.63366428837969
911,912.0,0.7824824659269725,1.8788979406340822,0.3044166663669211,0.39707144158646374,0.008950535714286108,0.0891725369147691,0.9319761773442647,-42.633664288380324
912,913.0,0.7352741265858137,8.595479640830115,0.3044166680551901,0.3970714131152504,0.008950535714286171,0.08917253691476942,0.9319761773442644,-42.633664288380274
913,914.0,0.5369100549962489,7.634020545473524,0.30441667091765473,0.3970714063854577,0.0089505357142864,0.08917253691477056,0.931976177344263,-42.6336642883801
914,915.0,0.39879491167632264,0.6892267777126194,0.30441665762162845,0.3970714351532961,0.008950535714285963,0.08917253691476838,0.9319761773442655,-42.633664288380444
915,916.0,0.9678436768800447,2.300601776049344,0.30441666673112416,0.39707144156804003,0.008950535714286136,0.08917253691476924,0.9319761773442649,-42.6336642883803
916,917.0,0.4047169247239887,0.10815749646554709,0.304416658559858,0.3970714347471348,0.008950535714285923,0.08917253691476819,0.9319761773442654,-42.63366428838047
917,918.0,0.6694204737964271,5.416772486939145,0.3044166628350247,0.39707142532703554,0.008950535714285918,0.08917253691476816,0.9319761773442657,-42.63366428838047
918,919.0,0.2678838513412618,2.3954285995335134,0.30441666361872294,0.3970714233971572,0.008950535714285945,0.0891725369147683,0.9319761773442656,-42.63366428838045
919,920.0,0.5048627327897025,6.183939665143178,0.30441666882117674,0.3970714113149522,0.008950535714286233,0.08917253691476973,0.931976177344264,-42.63366428838023
920,921.0,0.7748773250016592,5.3864569670019575,0.30441666175914567,0.39707142774136334,0.008950535714285904,0.08917253691476809,0.9319761773442657,-42.63366428838049
921,922.0,0.771271740174873,7.343433386692383,0.30441666495708714,0.39707142042817656,0.008950535714285996,0.08917253691476855,0.9319761773442654,-42.63366428838041
922,923.0,0.3480323826993419,6.623246981620853,0.3044166765211607,0.3970713933175822,0.008950535714287106,0.08917253691477407,0.9319761773442583,-42.63366428837955
923,924.0,0.9030614678925202,2.143702108453946,0.30441666675633666,0.3970714415832787,0.008950535714286145,0.08917253691476928,0.9319761773442647,-42.6336642883803
924,925.0,0.7372822437505,6.572881755306722,0.30441666425130237,0.39707142184739275,0.008950535714285971,0.08917253691476844,0.9319761773442655,-42.63366428838043
925,926.0,0.059737070872959874,0.8797816291494737,0.3044166573671545,0.3970714371128621,0.008950535714285944,0.08917253691476827,0.9319761773442653,-42.63366428838045
926,927.0,0.2903527260417379,3.015962773606468,0.3044166658235319,0.3970714182753637,0.008950535714286046,0.0891725369147688,0.9319761773442651,-42.63366428838037
927,928.0,0.324644490009771,1.18151604091377,0.3044165257732459,0.3970713414730926,0.008950535714529742,0.08917253691598274,0.9319761773442209,-42.633664288189784
928,929.0,0.47904389065424124,1.6782563987039592,0.3044165546232923,0.39707136219700784,0.008950535714436771,0.08917253691551962,0.9319761773442398,-42.633664288262494
929,930.0,0.3648059513923466,9.455130937518884,0.30441668201870725,0.3970713803205765,0.008950535714288057,0.08917253691477882,0.931976177344252,-42.6336642883788
930,931.0,0.11250088241590228,9.523474034293168,0.3044166971081071,0.39707134427005025,0.008950535714292187,0.08917253691479939,0.9319761773442238,-42.63366428837557
931,932.0,0.18741611581458828,0.1057323628168418,0.30441665707702453,0.3970714383548785,0.008950535714285937,0.08917253691476826,0.9319761773442652,-42.63366428838046
932,933.0,0.09460931206282064,1.8316546249207104,0.3044166767911954,0.3970713926056734,0.008950535714287144,0.08917253691477427,0.9319761773442581,-42.633664288379514
933,934.0,0.08667396018647544,1.762113534469342,0.3044166773708831,0.3970713911887437,0.008950535714287245,0.08917253691477477,0.9319761773442574,-42.633664288379435
934,935.0,0.671531009600652,9.235727337766855,0.30441667063491723,0.39707140718102324,0.008950535714286391,0.0891725369147705,0.931976177344263,-42.6336642883801
935,936.0,0.9003249708843383,0.3484198821786944,0.30441665754855696,0.3970714346554394,0.008950535714286006,0.0891725369147686,0.9319761773442654,-42.6336642883804
936,937.0,0.30020119046829363,2.2189765730241118,0.3044166623957474,0.3970714262822091,0.00895053571428592,0.08917253691476816,0.9319761773442657,-42.63366428838047
937,938.0,0.7424887405705164,0.5760312148673067,0.30441665955263963,0.3970714324470108,0.008950535714285899,0.08917253691476808,0.9319761773442657,-42.633664288380494
938,939.0,0.18884924782607015,4.878202194648565,0.3044166821512543,0.3970713802588991,0.008950535714288036,0.08917253691477871,0.9319761773442521,-42.63366428837882
939,940.0,0.5462785109283548,1.0930592024627612,0.3044166643816609,0.3970714410983729,0.008950535714285949,0.08917253691476831,0.9319761773442647,-42.633664288380444
940,941.0,0.5974729714422794,1.9696180439154407,0.30441659252264525,0.39707138839957995,0.008950535714349119,0.08917253691508299,0.9319761773442562,-42.63366428833105
941,942.0,0.19726182019405214,4.436437792807387,0.30441667892474633,0.3970713876348888,0.008950535714287486,0.08917253691477596,0.9319761773442559,-42.63366428837925
942,943.0,0.5155274884459621,0.052242723609436416,0.3044166593012286,0.39707143404833295,0.008950535714285892,0.08917253691476802,0.9319761773442655,-42.6336642883805
943,944.0,0.3288703611875827,4.117745590919177,0.30441666909638826,0.3970714106019967,0.008950535714286263,0.08917253691476988,0.9319761773442639,-42.6336642883802
944,945.0,0.7510308864120729,4.934601314899819,0.3044166609980817,0.3970714294373723,0.008950535714285909,0.08917253691476812,0.9319761773442656,-42.63366428838048
945,946.0,0.27264772118526037,1.1837317243887417,0.30441632739376046,0.3970712074380275,0.008950535715740233,0.08917253692201269,0.9319761773439766,-42.63366428724309
946,947.0,0.1561865581899342,4.871583600557816,0.3044166849637995,0.3970713732021991,0.008950535714288702,0.08917253691478204,0.9319761773442476,-42.6336642883783
947,948.0,0.6353706726658871,7.0218699507075195,0.3044166668292709,0.3970714158425189,0.00895053571428611,0.0891725369147691,0.9319761773442647,-42.633664288380324
948,949.0,0.7247469260042263,9.14583489381327,0.30441666875039425,0.39707141150802877,0.00895053571428622,0.08917253691476966,0.9319761773442641,-42.63366428838024
949,950.0,0.48662520864472614,3.85827466288657,0.30441666261887607,0.39707142582725374,0.008950535714285921,0.08917253691476817,0.9319761773442657,-42.63366428838047
950,951.0,0.6281720260645325,1.4956618426056787,0.3044166667735333,0.39707144126894267,0.008950535714286115,0.08917253691476915,0.9319761773442649,-42.63366428838032
951,952.0,0.6198390932901825,3.718050207109083,0.3044166607746792,0.39707142997368905,0.008950535714285895,0.08917253691476804,0.9319761773442657,-42.633664288380494
952,953.0,0.576138903786254,0.1949258594774068,0.3044166581884341,0.39707143509101184,0.008950535714285933,0.08917253691476824,0.9319761773442655,-42.63366428838046
953,954.0,0.006972109441852559,9.445080759271052,0.3044167046016994,0.3970713256594304,0.008950535714295226,0.08917253691481453,0.9319761773442031,-42.63366428837319
954,955.0,0.20782857009728517,3.5755003247707853,0.3044166748006372,0.3970713971963493,0.008950535714286863,0.08917253691477287,0.9319761773442601,-42.633664288379734
955,956.0,0.964345297505601,7.533656883963528,0.3044166621524233,0.39707142659128974,0.008950535714285923,0.08917253691476819,0.9319761773442657,-42.63366428838047
956,957.0,0.19990360860060274,1.3718456945467448,0.30441666143065854,0.397071428280304,0.008950535714285909,0.08917253691476812,0.9319761773442657,-42.63366428838048
957,958.0,0.20341484238779195,0.8651783223859395,0.3044166579286333,0.39707143733569367,0.008950535714285895,0.08917253691476804,0.9319761773442654,-42.633664288380494
958,959.0,0.6070301634415868,5.541078879049047,0.30441666447041693,0.39707142125748274,0.008950535714285996,0.08917253691476855,0.9319761773442654,-42.63366428838041
959,960.0,0.6460787792730249,5.396468975728735,0.30441666303085957,0.39707142455154315,0.008950535714285935,0.08917253691476824,0.9319761773442657,-42.63366428838046
960,961.0,0.7873516298322695,4.500787949034532,0.30441666002523016,0.39707143151028984,0.008950535714285902,0.08917253691476809,0.9319761773442657,-42.63366428838049
961,962.0,0.8078198636113988,1.8290353089694489,0.3044166673594288,0.39707144192021016,0.008950535714286209,0.0891725369147696,0.9319761773442649,-42.633664288380245
962,963.0,0.5700291951698059,7.213357923401708,0.304416669343275,0.3970714101769082,0.00895053571428626,0.08917253691476985,0.9319761773442639,-42.6336642883802
963,964.0,0.7891003371036557,1.7075716706932473,0.3044166672442796,0.3970714408879315,0.008950535714286148,0.0891725369147693,0.9319761773442649,-42.633664288380295
964,965.0,0.4164927185007138,1.2163785051081466,0.3044166409040663,0.3970714224756793,0.008950535714291549,0.08917253691479621,0.9319761773442655,-42.63366428837607
965,966.0,0.7903217720480971,1.9864979698833627,0.3044166641202734,0.39707144048427045,0.00895053571428589,0.08917253691476802,0.931976177344265,-42.6336642883805
966,967.0,0.950415555287749,1.203639501953897,0.30441647544766437,0.3970713532901608,0.008950535714656748,0.0891725369166154,0.9319761773442323,-42.63366428809046
967,968.0,0.9494308113492177,6.1230094697816595,0.3044166607396082,0.3970714301489654,0.008950535714285895,0.08917253691476804,0.9319761773442657,-42.633664288380494
968,969.0,0.9113895988477605,7.761016976863489,0.30441666313160926,0.3970714243912835,0.008950535714285944,0.08917253691476827,0.9319761773442656,-42.63366428838045
969,970.0,0.059766714250141795,4.410207356305649,0.30441669503885327,0.39707134899487595,0.008950535714291554,0.08917253691479622,0.9319761773442282,-42.63366428837607
970,971.0,0.3775443723823092,9.574993520791875,0.30441668099388086,0.39707138271416803,0.008950535714287857,0.08917253691477782,0.9319761773442533,-42.63366428837895
971,972.0,0.5934893270153676,8.358877493472555,0.3044166712315004,0.3970714056229023,0.00895053571428645,0.08917253691477081,0.9319761773442626,-42.633664288380054
972,973.0,0.7591693628282902,5.854766065267468,0.30441666249644017,0.3970714258519684,0.008950535714285932,0.08917253691476823,0.9319761773442656,-42.633664288380466
973,974.0,0.8139560887849285,4.031324440301307,0.3044166590219548,0.3970714336490397,0.008950535714285907,0.0891725369147681,0.9319761773442656,-42.63366428838049
974,975.0,0.3787395645221583,3.865150509889578,0.30441666572201953,0.3970714182665163,0.008950535714286051,0.08917253691476881,0.9319761773442652,-42.633664288380366
975,976.0,0.9080794576514631,6.669488146853523,0.30441666228694597,0.3970714266057608,0.008950535714285899,0.08917253691476808,0.9319761773442659,-42.633664288380494
976,977.0,0.9332342094382884,6.686372286732802,0.3044166617708722,0.3970714276433649,0.008950535714285899,0.08917253691476808,0.9319761773442659,-42.633664288380494
977,978.0,0.3280497866580264,4.737435983483504,0.3044166715034188,0.3970714051008068,0.008950535714286462,0.08917253691477088,0.9319761773442625,-42.63366428838005
978,979.0,0.32288065680651534,8.215085394951416,0.30441668194322763,0.3970713807339984,0.008950535714288003,0.08917253691477854,0.9319761773442523,-42.633664288378846
979,980.0,0.8438958404760569,9.291571516368997,0.30441666742876716,0.39707141493517667,0.00895053571428612,0.08917253691476916,0.9319761773442645,-42.63366428838032
980,981.0,0.4577441906172114,6.679648047616557,0.3044166712740007,0.3970714056890863,0.008950535714286452,0.08917253691477083,0.9319761773442626,-42.633664288380054
981,982.0,0.6660614430731834,2.406075768907555,0.3044165317699314,0.39707134565696933,0.008950535714508764,0.08917253691587824,0.9319761773442251,-42.63366428820619
982,983.0,0.06172481890296899,2.9385269481219245,0.3044166906593904,0.39707135921700143,0.008950535714290258,0.08917253691478978,0.9319761773442372,-42.633664288377076
983,984.0,0.022277837697193936,3.236729030595553,0.3044166999894881,0.39707133673164546,0.008950535714293377,0.08917253691480533,0.9319761773442159,-42.63366428837464
984,985.0,0.5963615873061686,5.924023813943542,0.30441666545941404,0.3970714193463274,0.008950535714286006,0.0891725369147686,0.9319761773442653,-42.6336642883804
985,986.0,0.0829603373372495,0.18233934801838983,0.3044166575507704,0.397071436278784,0.008950535714285947,0.08917253691476831,0.9319761773442654,-42.633664288380444
986,987.0,0.13463530922467426,0.32112918835845244,0.3044166581752054,0.39707143477292983,0.008950535714285956,0.08917253691476834,0.9319761773442654,-42.633664288380444
987,988.0,0.9111371815756747,5.643462029846914,0.30441666063740497,0.39707143009303963,0.008950535714285895,0.08917253691476804,0.9319761773442657,-42.633664288380494
988,989.0,0.014160369373098614,0.04403340516109353,0.3044166583032025,0.3970714351275553,0.008950535714285926,0.0891725369147682,0.9319761773442654,-42.633664288380466
989,990.0,0.78097237265377,0.6573951723551146,0.3044166589391535,0.3970714331336412,0.008950535714285932,0.08917253691476823,0.9319761773442656,-42.633664288380466
990,991.0,0.2826119073826937,3.4352913394111138,0.3044166682898297,0.3970714123926406,0.008950535714286193,0.08917253691476952,0.9319761773442643,-42.63366428838026
991,992.0,0.7280677318566449,5.118582619115795,0.3044166614631892,0.3970714282240721,0.008950535714285904,0.08917253691476809,0.9319761773442659,-42.63366428838049
992,993.0,0.9872060940164431,8.84477272922259,0.30441666381721383,0.39707142279389934,0.008950535714285963,0.08917253691476838,0.9319761773442655,-42.633664288380444
993,994.0,0.5013093126798412,6.9037757120746415,0.3044166703762776,0.3970714075913093,0.008950535714286362,0.08917253691477037,0.9319761773442632,-42.633664288380125
994,995.0,0.162255134057387,0.5725287366428955,0.3044166588878688,0.397071435023024,0.00895053571428588,0.08917253691476797,0.9319761773442655,-42.6336642883805
995,996.0,0.2733928915825454,6.238521960605191,0.3044166797408299,0.39707138571141204,0.008950535714287618,0.08917253691477661,0.931976177344255,-42.633664288379144
996,997.0,0.25461732860593,6.157396489729985,0.3044166810087473,0.3970713829737979,0.008950535714287819,0.08917253691477763,0.9319761773442535,-42.63366428837899
997,998.0,0.23856377572552623,7.53001112581572,0.3044166847828336,0.39707137340931536,0.008950535714288695,0.089172536914782,0.9319761773442479,-42.633664288378306
998,999.0,0.20347629271664236,5.315440162751531,0.3044166818235274,0.3970713803570974,0.008950535714288076,0.0891725369147789,0.931976177344252,-42.63366428837879
999,1000.0,0.585247102564061,6.5064597627474035,0.30441666713220716,0.39707141545052094,0.008950535714286112,0.08917253691476913,0.9319761773442646,-42.633664288380324
