,iteration,init_slope,init_intercept,est_intercept,est_slope,ss_res,nrmse,r_squared,aic
0,1.0,0.02765203842537234,2.2040237964195777,0.3512499929422347,0.28178571819974535,0.006554821428571623,0.11087211451699436,0.9040470315146697,-44.81425187247642
1,2.0,0.8910737237962325,9.869394795165874,0.3512496621512493,0.28178556297799157,0.006554821429786128,0.11087211452726578,0.9040470315144092,-44.81425187117942
2,3.0,0.6444467531261203,7.6821017964741305,0.3512496212557917,0.2817855438218991,0.006554821430100949,0.11087211452992832,0.9040470315143391,-44.81425187084322
3,4.0,0.6313217828076146,5.714666258088218,0.35124976483918474,0.2817856126901629,0.006554821429151866,0.11087211452190164,0.9040470315145523,-44.81425187185676
4,5.0,0.1881179398689149,1.4648301117312659,0.35124983085369826,0.2817856440067741,0.00655482142886739,0.11087211451949575,0.9040470315146137,-44.81425187216056
5,6.0,0.012197902884913292,7.019849509254597,0.35124999384959515,0.2817857160174884,0.006554821428571623,0.11087211451699436,0.9040470315146699,-44.81425187247642
6,7.0,0.49708105277150727,8.264276696047418,0.35124942840472073,0.28178544867032185,0.006554821432099583,0.11087211454683137,0.9040470315138667,-44.81425186870885
7,8.0,0.7485668181260273,6.59888355933805,0.35124977750408365,0.28178561783395567,0.006554821429091697,0.11087211452139277,0.904047031514564,-44.814251871921016
8,9.0,0.6027875382981438,1.777677382419167,0.35124999115126254,0.28178571962912363,0.00655482142857172,0.11087211451699518,0.9040470315146696,-44.81425187247631
9,10.0,0.7436431923266776,0.03618003572951239,0.3512499808899073,0.28178572379093253,0.00655482142857295,0.11087211451700558,0.9040470315146687,-44.814251872475
10,11.0,0.5341826051114384,1.2579645059944355,0.351249991713818,0.28178572068848257,0.006554821428571642,0.11087211451699452,0.9040470315146695,-44.81425187247639
11,12.0,0.9437922960989383,9.15565225356998,0.3512497315745977,0.28178559582136475,0.006554821429333869,0.1108721145234409,0.9040470315145099,-44.8142518716624
12,13.0,0.23614649535200827,8.580305748450641,0.35124999285916964,0.28178571824002385,0.006554821428571638,0.11087211451699448,0.9040470315146696,-44.8142518724764
13,14.0,0.19199752881391274,1.2075139701399231,0.35124990472965933,0.2817856779838728,0.006554821428662502,0.11087211451776294,0.9040470315146549,-44.814251872379366
14,15.0,0.2520143117820226,0.9848124654157296,0.35124998222194853,0.281785715288922,0.006554821428573531,0.11087211451701048,0.9040470315146697,-44.81425187247438
15,16.0,0.9783526850819099,2.564098325854406,0.35124999141994867,0.2817857208777221,0.006554821428571671,0.11087211451699476,0.9040470315146693,-44.81425187247637
16,17.0,0.5566131038438513,8.729562449472583,0.3512494624187753,0.2817854664425074,0.0065548214316822956,0.11087211454330223,0.9040470315139707,-44.81425186915448
17,18.0,0.4864092015975323,2.179628633111093,0.35124997043953876,0.28178570972624234,0.006554821428578536,0.11087211451705282,0.9040470315146698,-44.81425187246903
18,19.0,0.18939086518544346,6.625490133689196,0.35124999261166695,0.28178571868258284,0.006554821428571634,0.11087211451699444,0.9040470315146697,-44.814251872476405
19,20.0,0.35655886590138763,9.175147373180213,0.3512499926963819,0.2817857187338446,0.00655482142857163,0.11087211451699441,0.9040470315146696,-44.81425187247641
20,21.0,0.8904128576218718,0.1741115704538587,0.3512499981169591,0.281785708824789,0.006554821428571589,0.11087211451699408,0.9040470315146697,-44.81425187247645
21,22.0,0.737334152750145,7.687583633511501,0.35124969448524446,0.28178557819593075,0.006554821429562667,0.1108721145253759,0.904047031514459,-44.814251871418065
22,23.0,0.25434467020535556,5.680046320574231,0.3512499927976217,0.2817857186542341,0.006554821428571629,0.1108721145169944,0.9040470315146696,-44.81425187247641
23,24.0,0.5701672556842279,2.3402116809958637,0.35124997854304807,0.2817857142072359,0.006554821428574663,0.11087211451702007,0.9040470315146699,-44.81425187247317
24,25.0,0.0810099004855197,8.33222649902886,0.35124999327494977,0.2817857173063667,0.006554821428571625,0.11087211451699439,0.9040470315146698,-44.81425187247641
25,26.0,0.14965054203300387,9.370643202393,0.3512499927240775,0.2817857184813234,0.006554821428571623,0.11087211451699436,0.9040470315146698,-44.81425187247642
26,27.0,0.6039105027823267,2.5849312896898615,0.35124997535793906,0.2817857114429995,0.006554821428576202,0.11087211451703309,0.9040470315146696,-44.81425187247152
27,28.0,0.2136462585314185,6.446369585297649,0.3512499929125299,0.2817857182546386,0.006554821428571628,0.11087211451699439,0.9040470315146697,-44.81425187247641
28,29.0,0.8012458775807247,0.20585276147769152,0.3512499828149961,0.2817857335692616,0.006554821428572122,0.11087211451699856,0.9040470315146656,-44.814251872475886
29,30.0,0.05577857257553409,3.288875321437775,0.35124999288116737,0.281785718166122,0.006554821428571634,0.11087211451699444,0.9040470315146696,-44.814251872476405
30,31.0,0.6341614318734383,9.87573540596987,0.3512494665583801,0.2817854681355521,0.006554821431635663,0.11087211454290784,0.9040470315139799,-44.814251869204284
31,32.0,0.2026522425724815,9.120430664233073,0.3512499928229143,0.28178571854222506,0.0065548214285716284,0.1108721145169944,0.9040470315146696,-44.81425187247641
32,33.0,0.3207815054053925,5.29980415540241,0.3512494318652309,0.28178545067907734,0.0065548214320548664,0.11087211454645317,0.9040470315138788,-44.81425186875661
33,34.0,0.797563775431639,0.49476798137275685,0.3512499915556512,0.281785721465072,0.0065548214285716345,0.11087211451699445,0.9040470315146694,-44.814251872476405
34,35.0,0.41192553481417515,1.9414767241987925,0.35124996420887716,0.2817857068065776,0.006554821428582421,0.11087211451708567,0.9040470315146691,-44.81425187246489
35,36.0,0.3125843536084134,0.3585826117278708,0.35124999287712083,0.28178571926664253,0.006554821428571601,0.11087211451699416,0.9040470315146696,-44.81425187247645
36,37.0,0.5188590269086892,7.806417347586948,0.3512494869662207,0.28178547770329987,0.006554821431404966,0.11087211454095679,0.9040470315140325,-44.81425186945064
37,38.0,0.12820127363883094,3.7319752492403904,0.3512499924630456,0.2817857190890902,0.006554821428571633,0.11087211451699444,0.9040470315146696,-44.814251872476405
38,39.0,0.03870151298778335,0.45795151100990156,0.3512499992012302,0.28178570392154534,0.006554821428571761,0.11087211451699552,0.9040470315146687,-44.81425187247627
39,40.0,0.6996144438685414,6.236021870256316,0.3512497720909605,0.28178561588311907,0.0065548214291165025,0.11087211452160256,0.9040470315145595,-44.814251871894534
40,41.0,0.11075636925324406,8.260603928133094,0.3512499931867187,0.28178571745940967,0.006554821428571631,0.11087211451699443,0.9040470315146697,-44.814251872476405
41,42.0,0.9661844279450473,9.455687087432153,0.3512497273572562,0.28178559339340326,0.006554821429359425,0.11087211452365704,0.9040470315145036,-44.814251871635115
42,43.0,0.4924632522375971,0.6007322029722669,0.3512499929380609,0.2817857182226932,0.006554821428571617,0.1108721145169943,0.9040470315146698,-44.814251872476426
43,44.0,0.031205264017302614,9.700349287314047,0.351249993614443,0.2817857166923408,0.006554821428571629,0.1108721145169944,0.9040470315146697,-44.81425187247641
44,45.0,0.7276327326522168,0.06518918021470879,0.3512500001754405,0.28178570380541607,0.006554821428571683,0.11087211451699486,0.9040470315146688,-44.81425187247635
45,46.0,0.248136992861287,9.651847425566945,0.3512499929510549,0.2817857182572674,0.006554821428571626,0.11087211451699439,0.9040470315146696,-44.81425187247641
46,47.0,0.35846326903124426,7.635955132082442,0.35124999246441063,0.2817857194112616,0.0065548214285716284,0.1108721145169944,0.9040470315146696,-44.81425187247641
47,48.0,0.49691838265484944,4.1455902656509895,0.3512498018885881,0.2817856302469955,0.0065548214289805565,0.11087211452045283,0.9040470315145895,-44.81425187203971
48,49.0,0.9099601869790266,9.54009874370972,0.3512496914485758,0.28178557690311234,0.006554821429582304,0.11087211452554199,0.9040470315144549,-44.81425187139709
49,50.0,0.060337239885351,6.586968959181487,0.351249993184623,0.28178571756132786,0.006554821428571629,0.1108721145169944,0.9040470315146697,-44.81425187247641
50,51.0,0.1816479811566366,1.0902574474181013,0.35124991747395384,0.2817856841057299,0.006554821428638848,0.11087211451756289,0.9040470315146594,-44.814251872404625
51,52.0,0.8469663087677662,5.465173713075365,0.35124989691338315,0.2817856751672528,0.006554821428677921,0.11087211451789335,0.9040470315146524,-44.814251872362895
52,53.0,0.9224493266027846,1.6979062113427275,0.3512500412302448,0.28178573516060385,0.0065548214285904615,0.11087211451715367,0.9040470315146648,-44.814251872456296
53,54.0,0.3857844606651205,5.360006119648177,0.3512495337089574,0.2817855005584674,0.006554821430906504,0.11087211453674113,0.9040470315141498,-44.81425186998296
54,55.0,0.98829749049224,2.689244554223592,0.35124999126536205,0.281785720854526,0.00655482142857168,0.11087211451699483,0.9040470315146693,-44.814251872476355
55,56.0,0.7062054163079837,1.2704250332101776,0.3512500216008181,0.28178573346652264,0.0065548214285785335,0.1108721145170528,0.9040470315146656,-44.814251872469036
56,57.0,0.154723577184127,8.690966300538491,0.3512499932574812,0.28178571755935256,0.00655482142857163,0.11087211451699441,0.9040470315146696,-44.81425187247641
57,58.0,0.272918627814018,1.4888981314393326,0.35124993913271385,0.28178569552343036,0.00655482142860625,0.1108721145172872,0.9040470315146658,-44.81425187243944
58,59.0,0.8296611185770784,5.724128478397876,0.3512498761997367,0.28178566383748055,0.006554821428728861,0.11087211451832417,0.9040470315146409,-44.814251872308496
59,60.0,0.9061504552648527,3.9286647425056502,0.3512499742370087,0.28178571058046087,0.006554821428576788,0.11087211451703803,0.9040470315146696,-44.814251872470905
60,61.0,0.15327978909760742,5.1516902367090776,0.35124999283685027,0.2817857184382528,0.0065548214285716345,0.11087211451699445,0.9040470315146696,-44.814251872476405
61,62.0,0.05743906114685238,4.183201624038883,0.35124999353575204,0.281785716934898,0.006554821428571619,0.11087211451699432,0.9040470315146698,-44.81425187247642
62,63.0,0.544920817167451,4.531363615385023,0.3512498033695175,0.2817856309261667,0.0065548214289743775,0.11087211452040058,0.9040470315145908,-44.81425187204631
63,64.0,0.4075440413046152,3.544816077820288,0.35124978365414317,0.28178562088284753,0.00655482142906257,0.11087211452114644,0.9040470315145706,-44.81425187195212
64,65.0,0.3796589808277572,9.959633237468639,0.3512499923436325,0.28178571918378503,0.006554821428571645,0.11087211451699454,0.9040470315146695,-44.81425187247639
65,66.0,0.8666856381715161,0.12778501971649425,0.3512499907563881,0.28178571957782195,0.0065548214285717655,0.11087211451699557,0.9040470315146695,-44.81425187247626
66,67.0,0.5819154911357006,3.107740349059182,0.3512499437594488,0.28178569694899996,0.006554821428601162,0.11087211451724417,0.9040470315146664,-44.81425187244487
67,68.0,0.05417741850253255,9.307101778894083,0.3512499935454142,0.28178571675298564,0.006554821428571633,0.11087211451699444,0.9040470315146697,-44.814251872476405
68,69.0,0.6646548785648406,6.986578302234888,0.35124969027613623,0.281785576097728,0.006554821429590799,0.11087211452561382,0.9040470315144525,-44.814251871388024
69,70.0,0.7174218732211161,4.334856105468062,0.35124991533625244,0.28178568395603104,0.006554821428641916,0.11087211451758885,0.9040470315146593,-44.81425187240135
70,71.0,0.585575844241713,2.948877129117687,0.35124995461090847,0.28178570163226924,0.00655482142859027,0.11087211451715205,0.9040470315146681,-44.8142518724565
71,72.0,0.940252495313607,0.3290799452962913,0.35124998946586056,0.2817857282591715,0.00655482142857167,0.11087211451699476,0.9040470315146677,-44.81425187247637
72,73.0,0.6546559890713283,3.0874269030931907,0.3512499638688297,0.28178570717988616,0.006554821428582496,0.11087211451708631,0.9040470315146693,-44.81425187246481
73,74.0,0.8280066274827527,8.38093403350224,0.35124970955521956,0.28178558621117106,0.006554821429463796,0.11087211452453972,0.9040470315144831,-44.81425187152365
74,75.0,0.4745574445091063,4.216034633184821,0.3512497736189994,0.2817856166879444,0.006554821429108906,0.1108721145215383,0.9040470315145614,-44.81425187190264
75,76.0,0.7324283429028257,1.306657859124457,0.3512500163274507,0.28178573272784635,0.006554821428576264,0.1108721145170336,0.904047031514666,-44.814251872471466
76,77.0,0.9048999415642544,3.1390322633865693,0.3512499874995959,0.2817857185753822,0.006554821428572193,0.11087211451699917,0.9040470315146697,-44.81425187247581
77,78.0,0.25170019054020865,7.009656667050352,0.3512499924063938,0.28178571935292096,0.006554821428571639,0.1108721145169945,0.9040470315146695,-44.8142518724764
78,79.0,0.9733601383223948,0.8788382577600212,0.3512500867221203,0.28178585992903254,0.0065548214287661005,0.11087211451863911,0.9040470315144284,-44.814251872268734
79,80.0,0.5266645396610575,4.058186157511879,0.35124983495785805,0.2817856463193435,0.006554821428852305,0.11087211451936815,0.9040470315146172,-44.81425187217667
80,81.0,0.34178860254137555,5.679243106863843,0.3512494282552415,0.28178544965473895,0.006554821432095805,0.1108721145467994,0.9040470315138726,-44.81425186871289
81,82.0,0.4378056121349694,5.06471832887088,0.3512496379845978,0.28178555170840774,0.006554821429967623,0.11087211452880075,0.9040470315143688,-44.8142518709856
82,83.0,0.6785504470939168,1.8368545000590526,0.3512499913324939,0.28178572075064334,0.006554821428571673,0.11087211451699477,0.9040470315146694,-44.81425187247636
83,84.0,0.9692717261308516,4.999517226047604,0.35124995034180706,0.28178570001924585,0.006554821428594175,0.11087211451718508,0.9040470315146675,-44.81425187245233
84,85.0,0.37249787905933174,5.673533861702336,0.3512494795766056,0.2817854746028051,0.006554821431485685,0.11087211454163944,0.9040470315140158,-44.81425186936444
85,86.0,0.8633190120977375,3.71241803916845,0.35124997489705745,0.28178571105262656,0.006554821428576442,0.1108721145170351,0.9040470315146696,-44.814251872471274
86,87.0,0.36542722953747686,7.697940929886511,0.3512499925927322,0.2817857188767765,0.006554821428571634,0.11087211451699444,0.9040470315146696,-44.814251872476405
87,88.0,0.23275591863576406,2.272607512498365,0.3512497282808587,0.28178559417722543,0.006554821429353172,0.11087211452360414,0.9040470315145055,-44.81425187164179
88,89.0,0.35614819369375694,3.8587805965091904,0.3512496739111845,0.28178556838230234,0.006554821429702617,0.11087211452655951,0.9040470315144276,-44.81425187126861
89,90.0,0.20633374447673647,6.809443114107337,0.3512499929708933,0.2817857181047912,0.006554821428571633,0.11087211451699444,0.9040470315146696,-44.814251872476405
90,91.0,0.23332713989086984,3.140283830607222,0.35124955230792343,0.28178550932943286,0.0065548214307229215,0.11087211453518853,0.9040470315141915,-44.81425187017901
91,92.0,0.9236665318546755,7.65696069543328,0.3512498051717463,0.28178563050742145,0.006554821428969142,0.11087211452035628,0.9040470315145899,-44.8142518720519
92,93.0,0.41105658776435416,4.526340006437613,0.35124966521925316,0.28178556419116174,0.006554821429764664,0.11087211452708425,0.9040470315144135,-44.81425187120235
93,94.0,0.2712537261230614,7.201752036887853,0.3512499924632944,0.28178571935331836,0.00655482142857163,0.11087211451699441,0.9040470315146695,-44.81425187247641
94,95.0,0.8990633254680302,8.176199503720698,0.3512497627081607,0.2817856115055275,0.006554821429163008,0.11087211452199586,0.9040470315145496,-44.814251871844874
95,96.0,0.17501459952509635,4.01136233631005,0.35124999235573356,0.2817857192783061,0.006554821428571634,0.11087211451699444,0.9040470315146696,-44.814251872476405
96,97.0,0.6844075504445521,2.9618419687199324,0.3512499739958836,0.2817857113380801,0.006554821428576722,0.11087211451703748,0.9040470315146698,-44.814251872470976
97,98.0,0.3748461293601979,2.4463335631842833,0.3512498936722293,0.2817856732976015,0.006554821428685324,0.11087211451795596,0.9040470315146507,-44.814251872354994
98,99.0,0.5956808828318301,2.3437529746851284,0.3512499815329044,0.28178571543745357,0.006554821428573672,0.11087211451701169,0.9040470315146698,-44.81425187247423
99,100.0,0.8251528367551424,9.589226314793478,0.35124963551217264,0.2817855505357392,0.006554821429986965,0.11087211452896431,0.9040470315143646,-44.81425187096495
100,101.0,0.5561128667455862,0.44407737112653417,0.35124999230344095,0.281785719244988,0.006554821428571635,0.11087211451699445,0.9040470315146697,-44.814251872476405
101,102.0,0.46402517167007795,8.933274384021717,0.3512499923622367,0.28178571947189246,0.006554821428571639,0.1108721145169945,0.9040470315146695,-44.8142518724764
102,103.0,0.6027060558533602,7.6928493498261,0.35124958243914506,0.281785525036835,0.006554821430435626,0.11087211453275878,0.904047031514262,-44.81425187048582
103,104.0,0.8228609211604668,7.154070851784429,0.3512497839061735,0.28178562077524555,0.006554821429061867,0.1108721145211405,0.9040470315145702,-44.81425187195288
104,105.0,0.6979147283646333,1.784885536276281,0.35124999141779784,0.2817857212241484,0.006554821428571658,0.11087211451699465,0.9040470315146693,-44.81425187247638
105,106.0,0.6378966223999275,1.2957501296054814,0.3512502150575471,0.28178577951583333,0.006554821429004137,0.11087211452065225,0.9040470315146214,-44.81425187201452
106,107.0,0.12705739338876754,9.01487096865331,0.35124999303985915,0.2817857178918992,0.006554821428571625,0.11087211451699439,0.9040470315146698,-44.81425187247641
107,108.0,0.02206574218962354,9.093485327085977,0.3512499940812112,0.2817857156171136,0.006554821428571621,0.11087211451699433,0.9040470315146699,-44.81425187247642
108,109.0,0.7664553741211739,5.944949292148158,0.3512498328079242,0.28178564392366795,0.006554821428861964,0.11087211451944985,0.9040470315146135,-44.81425187216636
109,110.0,0.9583513708636417,8.867514310547095,0.35124975467933894,0.2817856068647951,0.006554821429206343,0.11087211452236237,0.9040470315145385,-44.81425187179859
110,111.0,0.1584381681564443,6.211124398685336,0.35124999293653814,0.28178571833500105,0.00655482142857162,0.11087211451699433,0.9040470315146697,-44.81425187247642
111,112.0,0.8407492592021335,4.618918575779355,0.35124993803847615,0.2817856942348595,0.006554821428608017,0.11087211451730214,0.9040470315146654,-44.81425187243755
112,113.0,0.0037480436095328473,5.700812007207451,0.3512499935413274,0.2817857167475437,0.00655482142857163,0.11087211451699441,0.9040470315146698,-44.81425187247641
113,114.0,0.04808933947510052,1.0750752503954908,0.3512499925545003,0.28178571887267395,0.006554821428571631,0.11087211451699443,0.9040470315146697,-44.814251872476405
114,115.0,0.20807719772294853,5.573119214253892,0.3512499928602231,0.2817857184463628,0.006554821428571627,0.11087211451699439,0.9040470315146696,-44.81425187247641
115,116.0,0.30182575373771703,9.892190935053009,0.35124999254011435,0.28178571903555527,0.006554821428571631,0.11087211451699443,0.9040470315146696,-44.814251872476405
116,117.0,0.8394744452514753,0.0833300645278861,0.35124998459260326,0.2817857333942728,0.006554821428571957,0.11087211451699719,0.9040470315146657,-44.814251872476056
117,118.0,0.9492444096217592,4.253217149827123,0.3512499705330646,0.28178570946146486,0.006554821428578572,0.11087211451705312,0.9040470315146695,-44.814251872468994
118,119.0,0.7550443514983959,0.05561146312736412,0.3512499949008425,0.2817857134348807,0.006554821428571646,0.11087211451699454,0.9040470315146698,-44.81425187247639
119,120.0,0.016231873346301273,0.13392822930881157,0.3512499918967319,0.2817857199699946,0.006554821428571654,0.11087211451699461,0.9040470315146695,-44.81425187247639
120,121.0,0.3245661298822021,4.783553987887811,0.3512494992623912,0.28178548352039856,0.0065548214312700775,0.11087211453981598,0.9040470315140636,-44.81425186959469
121,122.0,0.09721304457784286,7.0255902713610805,0.35124999313049954,0.2817857176416093,0.0065548214285716345,0.11087211451699445,0.9040470315146697,-44.814251872476405
122,123.0,0.14751936209629812,7.83674781578131,0.3512499933246335,0.2817857174787606,0.006554821428571625,0.11087211451699439,0.9040470315146697,-44.81425187247641
123,124.0,0.30856481259402935,5.113662737528889,0.35124943002317544,0.2817854502402256,0.0065548214320752885,0.11087211454662588,0.904047031513876,-44.8142518687348
124,125.0,0.4950461143291227,6.467236322973825,0.35124956942700614,0.28178551781573646,0.006554821430558921,0.11087211453380151,0.9040470315142304,-44.81425187035415
125,126.0,0.22458652218175512,7.348923216044656,0.35124999270299206,0.2817857187834724,0.006554821428571622,0.11087211451699436,0.9040470315146697,-44.81425187247642
126,127.0,0.16355451396738796,4.927462326232824,0.3512499925353924,0.28178571898956656,0.006554821428571627,0.11087211451699439,0.9040470315146697,-44.81425187247641
127,128.0,0.5733473046939391,8.654746812352812,0.3512494850734946,0.28178547724614167,0.0065548214314239085,0.11087211454111696,0.9040470315140302,-44.814251869430414
128,129.0,0.7066814245923372,9.916671057009651,0.3512495278868869,0.28178549790071566,0.006554821430965129,0.11087211453723694,0.9040470315141368,-44.814251869920355
129,130.0,0.0674146702473275,4.265476955667147,0.35124999269566914,0.2817857185357981,0.00655482142857163,0.11087211451699441,0.9040470315146697,-44.81425187247641
130,131.0,0.3557340721827018,8.924893854414533,0.3512499925945814,0.2817857189224001,0.006554821428571628,0.11087211451699439,0.9040470315146696,-44.81425187247641
131,132.0,0.16795129743173987,5.672933320822064,0.3512499927314112,0.2817857187067773,0.006554821428571623,0.11087211451699436,0.9040470315146697,-44.81425187247642
132,133.0,0.0647491836686449,1.1628928390989641,0.3512499921133688,0.2817857199819167,0.006554821428571632,0.11087211451699443,0.9040470315146695,-44.814251872476405
133,134.0,0.1250765545881537,5.193955666362741,0.3512499927890818,0.28178571841943056,0.006554821428571624,0.11087211451699437,0.9040470315146698,-44.81425187247642
134,135.0,0.983035342760057,0.6627758111948219,0.35124998735125224,0.28178571620829446,0.006554821428572396,0.1108721145170009,0.9040470315146697,-44.814251872475594
135,136.0,0.0894800731317359,4.745580059963935,0.35124999267230456,0.28178571849604134,0.006554821428571642,0.11087211451699452,0.9040470315146696,-44.81425187247639
136,137.0,0.8593444503488481,0.023261400093093673,0.3512499918402544,0.2817857204561466,0.006554821428571647,0.11087211451699455,0.9040470315146694,-44.81425187247639
137,138.0,0.10915344278472394,8.190728160081338,0.35124999319405914,0.2817857175905033,0.006554821428571619,0.11087211451699432,0.9040470315146698,-44.81425187247642
138,139.0,0.6308696086063474,3.9790550255359025,0.3512499034157939,0.2817856785748284,0.006554821428664099,0.11087211451777645,0.9040470315146554,-44.81425187237767
139,140.0,0.886433921730605,2.863874890014584,0.3512499894838734,0.28178571948423603,0.0065548214285718895,0.1108721145169966,0.9040470315146696,-44.814251872476135
140,141.0,0.5870879968424912,2.0464876752920422,0.35124998719276374,0.2817857186662837,0.006554821428572244,0.1108721145169996,0.9040470315146695,-44.81425187247575
141,142.0,0.6069633826587592,2.6890434588900276,0.3512499719393,0.28178570977092154,0.006554821428577895,0.1108721145170474,0.9040470315146695,-44.81425187246972
142,143.0,0.30869605941178446,3.4895532884361984,0.3512496506850966,0.28178555784926207,0.006554821429869946,0.11087211452797466,0.9040470315143914,-44.814251871089915
143,144.0,0.5057160505425398,0.8448667791343694,0.35124999487849023,0.2817857230387392,0.006554821428571503,0.11087211451699333,0.9040470315146689,-44.81425187247655
144,145.0,0.9941880762146807,6.9585566301506425,0.35124987044113426,0.28178566337400335,0.006554821428741659,0.1108721145184324,0.9040470315146403,-44.81425187229483
145,146.0,0.8573527693344871,2.1366678737235167,0.35124999154974257,0.2817857209131807,0.006554821428571657,0.11087211451699465,0.9040470315146693,-44.81425187247638
146,147.0,0.09355785100644443,6.614239119145524,0.3512499931470141,0.2817857175657262,0.006554821428571629,0.1108721145169944,0.9040470315146697,-44.81425187247641
147,148.0,0.7547564690456289,3.596611362113604,0.3512499631169874,0.281785705122454,0.006554821428583533,0.11087211451709508,0.9040470315146689,-44.8142518724637
148,149.0,0.9572588380757666,0.07630211605729377,0.35124999565575676,0.28178571377686323,0.0065548214285715825,0.11087211451699401,0.9040470315146698,-44.81425187247646
149,150.0,0.2975883485985884,4.836231500211826,0.3512494416590961,0.2817854556873399,0.0065548214319333855,0.11087211454542577,0.9040470315139084,-44.81425186888634
150,151.0,0.04858566172693324,1.9505399082654935,0.35124999270720586,0.28178571855487655,0.006554821428571622,0.11087211451699436,0.9040470315146698,-44.81425187247642
151,152.0,0.4062177456401612,6.166001581250888,0.35124948193509525,0.28178547502342893,0.006554821431462547,0.11087211454144374,0.9040470315140181,-44.81425186938915
152,153.0,0.7403428068151986,9.484778724596783,0.3512495801326758,0.281785524568892,0.006554821430454026,0.11087211453291439,0.90404703151426,-44.81425187046617
153,154.0,0.4779230410647889,4.983267682801079,0.35124969425192254,0.2817855785868422,0.006554821429562785,0.1108721145253769,0.9040470315144601,-44.81425187141794
154,155.0,0.5045890510188422,2.125685072101506,0.35124997629830335,0.2817857131763748,0.006554821428575552,0.11087211451702758,0.9040470315146698,-44.81425187247222
155,156.0,0.9995795902387394,2.903395586112266,0.3512499909003042,0.2817857203083572,0.00655482142857172,0.11087211451699518,0.9040470315146695,-44.81425187247631
156,157.0,0.32005215911609364,3.45729156617031,0.351249675769507,0.28178556876005,0.006554821429691125,0.11087211452646231,0.9040470315144288,-44.81425187128089
157,158.0,0.15285690158429377,4.648222521041672,0.35124999222526193,0.28178571969715077,0.006554821428571634,0.11087211451699444,0.9040470315146696,-44.814251872476405
158,159.0,0.39532290140668014,9.44941133406234,0.35124999258477074,0.2817857189052388,0.006554821428571633,0.11087211451699444,0.9040470315146696,-44.814251872476405
159,160.0,0.09988993372658961,0.5921264346218049,0.35124999137444346,0.28178572136892865,0.006554821428571652,0.1108721145169946,0.9040470315146693,-44.81425187247639
160,161.0,0.7755355124303428,1.1377508496839677,0.3512499915533894,0.281785719738828,0.006554821428571687,0.1108721145169949,0.9040470315146695,-44.81425187247635
161,162.0,0.2628817243117042,6.0472987964810105,0.3512499922772578,0.2817857195731395,0.0065548214285716284,0.1108721145169944,0.9040470315146696,-44.81425187247641
162,163.0,0.4435247547919272,7.690831815302051,0.3512499925306228,0.2817857193121462,0.006554821428571631,0.11087211451699443,0.9040470315146695,-44.814251872476405
163,164.0,0.09125145946553659,8.365967876538168,0.3512499932647493,0.2817857173607083,0.006554821428571632,0.11087211451699443,0.9040470315146697,-44.814251872476405
164,165.0,0.109215847394463,5.050206015134761,0.3512499928410576,0.2817857184924109,0.00655482142857163,0.11087211451699441,0.9040470315146696,-44.81425187247641
165,166.0,0.6235553860802082,1.3241840513373038,0.3512503751892179,0.28178580856928936,0.006554821429826893,0.11087211452761055,0.9040470315145686,-44.814251871135895
166,167.0,0.5072520190905754,3.152045457348234,0.35124990781726056,0.28178568028519324,0.006554821428655785,0.11087211451770615,0.9040470315146566,-44.81425187238654
167,168.0,0.41266914898195184,5.289396281058312,0.3512495804872413,0.28178552313106076,0.00655482143045707,0.11087211453294013,0.9040470315142539,-44.81425187046292
168,169.0,0.2544624027840233,9.463919660353797,0.35124999289933057,0.2817857183227058,0.006554821428571622,0.11087211451699436,0.9040470315146697,-44.81425187247642
169,170.0,0.5971191024141757,0.2363234548415368,0.35124998658655215,0.28178572971725746,0.006554821428571845,0.11087211451699625,0.9040470315146671,-44.814251872476184
170,171.0,0.8990704343225545,5.363746742395746,0.35124991901370584,0.28178568472554355,0.006554821428636317,0.11087211451754149,0.9040470315146598,-44.814251872407326
171,172.0,0.6534386793749074,6.970662714029273,0.3512496820908854,0.2817855728593356,0.00655482142964417,0.1108721145260652,0.9040470315144423,-44.814251871331024
172,173.0,0.67623268951354,9.28692093864158,0.35124953997265884,0.28178550485972437,0.006554821430838063,0.1108721145361623,0.9040470315141705,-44.81425187005605
173,174.0,0.21289391034087513,0.02742480125009631,0.35124999229313714,0.2817857202858739,0.006554821428571608,0.11087211451699423,0.9040470315146696,-44.81425187247643
174,175.0,0.6119456192713472,3.1777438731886463,0.3512499489464787,0.2817856994777712,0.006554821428595512,0.11087211451719639,0.9040470315146675,-44.8142518724509
175,176.0,0.8332137682722639,0.44005862958298286,0.3512499916611946,0.281785721052407,0.00655482142857164,0.1108721145169945,0.9040470315146694,-44.8142518724764
176,177.0,0.012298739826174465,1.3027450395728744,0.3512499930401271,0.2817857176320827,0.006554821428571626,0.11087211451699439,0.9040470315146699,-44.81425187247641
177,178.0,0.04759981218409204,1.1594615880221624,0.3512499923228195,0.281785719520925,0.006554821428571633,0.11087211451699444,0.9040470315146695,-44.814251872476405
178,179.0,0.5037958525504136,0.13203177604405156,0.3512499907034044,0.28178572378182526,0.006554821428571651,0.1108721145169946,0.9040470315146688,-44.81425187247639
179,180.0,0.5043587019763801,6.038230326081591,0.3512496187789711,0.2817855426274751,0.006554821430121303,0.11087211453010046,0.9040470315143344,-44.81425187082149
180,181.0,0.9837155867494516,3.6637148974849096,0.3512499845278877,0.28178571738847324,0.006554821428572804,0.11087211451700435,0.9040470315146696,-44.814251872475154
181,182.0,0.9073522431692513,7.344263055895389,0.3512498151016282,0.2817856361775294,0.00655482142892726,0.11087211452000208,0.9040470315146004,-44.81425187209663
182,183.0,0.31456496102854625,5.403378261291938,0.3512499923353285,0.2817857195314175,0.006554821428571626,0.11087211451699439,0.9040470315146696,-44.81425187247641
183,184.0,0.3525004980975842,8.299924366962985,0.35124999252943406,0.28178571911475514,0.006554821428571627,0.11087211451699439,0.9040470315146696,-44.81425187247641
184,185.0,0.05891454525240991,7.955088088482485,0.351249993487751,0.2817857170872805,0.006554821428571623,0.11087211451699436,0.9040470315146697,-44.81425187247642
185,186.0,0.39502599731675947,5.700030505286586,0.35124951151816064,0.2817854900595237,0.006554821431135536,0.11087211453867812,0.9040470315140974,-44.81425186973837
186,187.0,0.7659051977246534,5.591106398638885,0.3512498560131156,0.281785655074704,0.0065548214287851035,0.11087211451879983,0.9040470315146298,-44.81425187224844
187,188.0,0.4906944548947757,2.7932940029172606,0.3512499303177463,0.2817856904631375,0.006554821428618476,0.1108721145173906,0.9040470315146634,-44.81425187242638
188,189.0,0.7842514860471063,5.718051558000515,0.3512498565130426,0.28178565546930157,0.0065548214287833705,0.11087211451878516,0.9040470315146305,-44.81425187225029
189,190.0,0.46843463695082665,9.401202425618031,0.35124999257154393,0.28178571894646676,0.006554821428571639,0.1108721145169945,0.9040470315146695,-44.8142518724764
190,191.0,0.6568272849680756,4.121901915405109,0.3512499054020696,0.281785678334441,0.006554821428661143,0.11087211451775145,0.9040470315146552,-44.814251872380815
191,192.0,0.8023273183272729,7.6621887513972755,0.35124973927394426,0.28178559953559296,0.006554821429289985,0.11087211452306976,0.90404703151452,-44.81425187170927
192,193.0,0.4219947243401443,8.968747678784384,0.35124999243371097,0.28178571948247927,0.006554821428571633,0.11087211451699444,0.9040470315146695,-44.814251872476405
193,194.0,0.3557286149481187,0.2840790479232877,0.35124999262400514,0.2817857191931101,0.006554821428571622,0.11087211451699436,0.9040470315146696,-44.81425187247642
194,195.0,0.9046211007120524,8.390945838315195,0.35124975357983296,0.28178560659448904,0.006554821429211571,0.11087211452240658,0.9040470315145378,-44.814251871793005
195,196.0,0.2310587615908537,1.6915709889601434,0.35124985526375385,0.2817856540007004,0.006554821428788322,0.11087211451882704,0.9040470315146287,-44.814251872245
196,197.0,0.8617585157107499,8.98231586943549,0.35124969445795695,0.28178557866863874,0.006554821429561467,0.11087211452536576,0.9040470315144605,-44.81425187141935
197,198.0,0.74576078421292,7.527912232825415,0.35124971114279574,0.2817855865202342,0.006554821429455105,0.11087211452446623,0.9040470315144841,-44.81425187153293
198,199.0,0.8238330766729807,7.53775582021898,0.35124975948910625,0.2817856107400006,0.006554821429177784,0.11087211452212084,0.9040470315145477,-44.814251871829086
199,200.0,0.3833914120026919,8.177044875905533,0.3512499925148786,0.2817857189352898,0.006554821428571639,0.1108721145169945,0.9040470315146696,-44.8142518724764
200,201.0,0.5018665285086825,4.000307582055403,0.35124982130955507,0.28178563939192025,0.006554821428902803,0.11087211451979524,0.904047031514606,-44.814251872122746
201,202.0,0.7467443370058331,5.212579037540765,0.35124987170232225,0.2817856632655557,0.006554821428739052,0.11087211451841034,0.9040470315146403,-44.81425187229762
202,203.0,0.12972663229557113,1.7791417012415494,0.3512495413212435,0.28178550411126824,0.006554821430830626,0.11087211453609941,0.9040470315141668,-44.81425187006399
203,204.0,0.19598186201256906,7.157486048876251,0.35124999257921735,0.2817857190800692,0.006554821428571634,0.11087211451699444,0.9040470315146695,-44.814251872476405
204,205.0,0.19910967955797199,7.527561600191903,0.3512499926812784,0.2817857186271852,0.006554821428571635,0.11087211451699445,0.9040470315146696,-44.814251872476405
205,206.0,0.559906027748931,4.167384579115907,0.35124984875159226,0.2817856519187356,0.006554821428807415,0.11087211451898851,0.9040470315146257,-44.81425187222462
206,207.0,0.9556402314426794,6.1907092890942685,0.35124989626124087,0.28178567369259455,0.00655482142868042,0.11087211451791447,0.9040470315146509,-44.81425187236023
207,208.0,0.7279008281575201,2.864770960512719,0.351249981804099,0.28178571499491484,0.00655482142857366,0.1108721145170116,0.9040470315146699,-44.814251872474244
208,209.0,0.19443591688596096,1.4790845439272506,0.3512498403611307,0.2817856477016986,0.006554821428835433,0.11087211451922548,0.9040470315146194,-44.81425187219469
209,210.0,0.03607101221224651,0.17485457518574374,0.35124999139794555,0.2817857215952864,0.0065548214285716415,0.11087211451699451,0.9040470315146693,-44.8142518724764
210,211.0,0.39512068873070194,2.5455289081799513,0.35124989783962635,0.28178567468892374,0.006554821428676771,0.11087211451788362,0.9040470315146519,-44.81425187236413
211,212.0,0.3422931074090082,1.7875245102592465,0.35124994753439875,0.28178570002476816,0.0065548214285964575,0.1108721145172044,0.9040470315146675,-44.814251872449894
212,213.0,0.2979266536121208,9.235072014800501,0.3512499926869232,0.28178571862681845,0.006554821428571639,0.1108721145169945,0.9040470315146696,-44.8142518724764
213,214.0,0.4290185310411284,3.319307502741138,0.351249834056734,0.2817856438532137,0.006554821428858545,0.11087211451942093,0.9040470315146134,-44.814251872170004
214,215.0,0.7704166937723208,4.961832149824202,0.3512498978060899,0.2817856748405508,0.006554821428676692,0.11087211451788295,0.904047031514652,-44.81425187236421
215,216.0,0.8150664977612639,4.244228967135281,0.35124994837960344,0.2817856994768458,0.00655482142859599,0.11087211451720043,0.9040470315146674,-44.81425187245039
216,217.0,0.017516814540735393,7.425082756794443,0.35124999325188105,0.28178571728005253,0.006554821428571635,0.11087211451699445,0.9040470315146697,-44.814251872476405
217,218.0,0.8723538650229358,7.5390649499786155,0.3512497867780029,0.2817856217413256,0.006554821429049458,0.11087211452103554,0.9040470315145723,-44.814251871966135
218,219.0,0.6320766546600791,0.41295281036103665,0.3512499915898167,0.28178572154164777,0.006554821428571639,0.1108721145169945,0.9040470315146691,-44.8142518724764
219,220.0,0.08081992423591222,1.80215372735294,0.3512499927330382,0.2817857187259352,0.006554821428571621,0.11087211451699433,0.9040470315146697,-44.81425187247642
220,221.0,0.8641213679697611,6.630213690575595,0.351249837012345,0.2817856463842921,0.006554821428846515,0.11087211451931919,0.9040470315146173,-44.81425187218285
221,222.0,0.5000868803824898,2.3731897359424132,0.3512499631987492,0.2817857065028292,0.006554821428583073,0.1108721145170912,0.9040470315146691,-44.81425187246419
222,223.0,0.5424051734596044,0.5235630609126811,0.3512499932339471,0.28178571750343395,0.006554821428571624,0.11087211451699437,0.9040470315146698,-44.81425187247642
223,224.0,0.42928189733653244,5.120749820018606,0.3512496211742471,0.281785542922716,0.006554821430104637,0.1108721145299595,0.9040470315143355,-44.814251870839286
224,225.0,0.4927995611905235,2.0725392377899508,0.3512499767539053,0.28178571263740937,0.006554821428575486,0.11087211451702703,0.9040470315146699,-44.81425187247229
225,226.0,0.30661437696839133,7.411583747135097,0.3512499927639608,0.28178571857462004,0.006554821428571627,0.11087211451699439,0.9040470315146696,-44.81425187247641
226,227.0,0.1444528108811971,2.1834338674891565,0.3512494840602463,0.28178547690334177,0.006554821431434558,0.11087211454120703,0.9040470315140282,-44.814251869419046
227,228.0,0.5671277740081614,3.184497369482204,0.35124993349647804,0.28178569154915917,0.006554821428614278,0.1108721145173551,0.904047031514664,-44.814251872430866
228,229.0,0.36058348689399744,8.128380961060762,0.3512499926397312,0.2817857188605627,0.0065548214285716215,0.11087211451699434,0.9040470315146697,-44.81425187247642
229,230.0,0.5069794631539659,2.885835492038805,0.3512499304843392,0.2817856901533219,0.006554821428618471,0.11087211451739057,0.9040470315146633,-44.81425187242639
230,231.0,0.08618422952307725,5.2448199975589125,0.3512499930887014,0.2817857179213066,0.006554821428571625,0.11087211451699439,0.9040470315146697,-44.81425187247641
231,232.0,0.9426824145370533,7.213293489518447,0.3512498379257947,0.2817856472337103,0.0065548214288427475,0.11087211451928733,0.9040470315146186,-44.81425187218688
232,233.0,0.25695461281645005,8.564766350189826,0.35124999305783805,0.2817857180633692,0.006554821428571616,0.11087211451699429,0.9040470315146698,-44.814251872476426
233,234.0,0.18067114739098178,9.669215796877543,0.3512499929981779,0.2817857181392374,0.0065548214285716284,0.1108721145169944,0.9040470315146696,-44.81425187247641
234,235.0,0.3312674012395479,3.3966769796182303,0.35124970284884555,0.2817855831175976,0.006554821429505855,0.11087211452489543,0.904047031514474,-44.81425187147874
235,236.0,0.3713840500214117,7.078707989529864,0.35124999194556533,0.2817857201285268,0.006554821428571637,0.11087211451699448,0.9040470315146696,-44.8142518724764
236,237.0,0.3225605710028564,3.995480276672173,0.35124959960287366,0.2817855332050787,0.006554821430284072,0.11087211453147705,0.9040470315142966,-44.81425187064767
237,238.0,0.756603550915519,7.55080691778546,0.35124971708756003,0.281785589317241,0.006554821429418677,0.11087211452415813,0.904047031514492,-44.814251871571834
238,239.0,0.6672909819488256,0.6679658101242576,0.35124999286159614,0.2817857184311798,0.006554821428571625,0.11087211451699439,0.9040470315146697,-44.81425187247641
239,240.0,0.8408556124171902,1.2599032094599383,0.35124999097263016,0.28178572000648267,0.006554821428571722,0.11087211451699519,0.9040470315146695,-44.81425187247631
240,241.0,0.8030210733381601,0.6763630906500898,0.35125025361465073,0.2817861594591737,0.006554821430312953,0.1108721145317213,0.9040470315124134,-44.81425187061682
241,242.0,0.054831290625510065,9.945258925238539,0.3512499937103587,0.2817857163824183,0.006554821428571634,0.11087211451699444,0.9040470315146697,-44.814251872476405
242,243.0,0.7185922902391502,8.799197134288661,0.3512496061312804,0.2817855364915503,0.006554821430227463,0.11087211453099828,0.9040470315143099,-44.81425187070812
243,244.0,0.30937682135328437,7.144322001369941,0.35124999259047385,0.2817857189495955,0.006554821428571632,0.11087211451699443,0.9040470315146696,-44.814251872476405
244,245.0,0.7838029090357637,2.6849586798074263,0.3512499882033462,0.2817857181441701,0.006554821428572113,0.11087211451699851,0.9040470315146698,-44.81425187247589
245,246.0,0.7687742174741865,2.2676577946910412,0.351249991033038,0.2817857200016303,0.006554821428571719,0.11087211451699516,0.9040470315146695,-44.81425187247631
246,247.0,0.5969175763759383,2.1419579042315946,0.3512499859886406,0.28178571855702245,0.006554821428572442,0.11087211451700128,0.9040470315146696,-44.814251872475545
247,248.0,0.37022835939346,8.998115165893164,0.3512499923799408,0.28178571922109796,0.006554821428571626,0.11087211451699439,0.9040470315146698,-44.81425187247641
248,249.0,0.41310450971144086,6.021480510997561,0.3512495054800669,0.28178548712489004,0.006554821431200064,0.11087211453922385,0.9040470315140824,-44.81425186966946
249,250.0,0.19548761347390942,0.7041085933346959,0.35124999274458396,0.28178571802368496,0.006554821428571641,0.11087211451699451,0.9040470315146698,-44.8142518724764
250,251.0,0.6577261451186353,8.368303450947622,0.35124958478251594,0.2817855251075481,0.006554821430418591,0.11087211453261471,0.9040470315142624,-44.81425187050401
251,252.0,0.1854231381014988,0.3094376628962478,0.3512499924967332,0.28178571927056945,0.0065548214285716345,0.11087211451699445,0.9040470315146695,-44.814251872476405
252,253.0,0.8979815759960891,6.178493265833035,0.3512498768012538,0.2817856649885992,0.00655482142872634,0.11087211451830284,0.904047031514642,-44.814251872311196
253,254.0,0.22598740750318425,8.97044811291537,0.351249992775914,0.28178571840493816,0.006554821428571631,0.11087211451699443,0.9040470315146697,-44.814251872476405
254,255.0,0.2739907653851992,2.5117098740496755,0.3512497591256666,0.28178560941559905,0.006554821429182194,0.11087211452215813,0.9040470315145447,-44.81425187182438
255,256.0,0.021857993435183354,6.885112034693675,0.35124999377363453,0.2817857162810974,0.006554821428571629,0.1108721145169944,0.9040470315146698,-44.81425187247641
256,257.0,0.8915655563286815,1.848578021345894,0.35125028161892924,0.2817857910443633,0.006554821429292805,0.1108721145230936,0.9040470315146028,-44.814251871706254
257,258.0,0.08141075944813914,4.751459090530277,0.35124999308877825,0.281785717921888,0.006554821428571622,0.11087211451699436,0.9040470315146697,-44.81425187247642
258,259.0,0.7266895792438767,7.287974952766252,0.35124971456979276,0.281785587919839,0.006554821429434583,0.11087211452429266,0.9040470315144878,-44.814251871554845
259,260.0,0.6084485343913334,8.252367434179035,0.3512495471918092,0.28178550851431416,0.0065548214307659235,0.1108721145355522,0.904047031514188,-44.81425187013309
260,261.0,0.7440508197477851,3.8372263974165093,0.351249950271452,0.2817856999376235,0.00655482142859426,0.1108721145171858,0.9040470315146675,-44.81425187245224
261,262.0,0.29433537802863774,3.0569833728361457,0.3512496966386082,0.2817855788395219,0.006554821429549626,0.1108721145252656,0.904047031514461,-44.81425187143199
262,263.0,0.10284524948052587,2.8311834006059375,0.3512499925730978,0.2817857190592699,0.0065548214285716215,0.11087211451699434,0.9040470315146697,-44.81425187247642
263,264.0,0.05237437990408422,7.285504775154214,0.351249993078862,0.28178571778882333,0.006554821428571623,0.11087211451699436,0.9040470315146698,-44.81425187247642
264,265.0,0.8764945097524347,2.006192576019083,0.3512499920115048,0.2817857201215355,0.006554821428571632,0.11087211451699443,0.9040470315146696,-44.814251872476405
265,266.0,0.9421078893323799,2.5727963104951876,0.3512499912948653,0.2817857206893905,0.006554821428571684,0.11087211451699487,0.9040470315146693,-44.81425187247635
266,267.0,0.24898081002457284,7.4135812164443715,0.35124999248062355,0.2817857192035961,0.0065548214285716284,0.1108721145169944,0.9040470315146696,-44.81425187247641
267,268.0,0.435405771023759,4.9892273370976215,0.3512496431672703,0.28178555452847437,0.0065548214299263,0.11087211452845126,0.9040470315143793,-44.81425187102973
268,269.0,0.9302112152246375,6.627022368966044,0.35124986465803687,0.28178565955657964,0.006554821428759068,0.11087211451857963,0.9040470315146358,-44.814251872276245
269,270.0,0.879756840863146,0.7671504980727932,0.35125015335593535,0.2817859757255816,0.006554821429189484,0.11087211452221979,0.9040470315138918,-44.814251871816595
270,271.0,0.35712229920087624,8.562567824848957,0.35124999242957783,0.2817857193159088,0.006554821428571625,0.11087211451699439,0.9040470315146697,-44.81425187247641
271,272.0,0.015076962676678796,5.769388998580357,0.3512499939006734,0.28178571598996993,0.006554821428571627,0.11087211451699439,0.9040470315146698,-44.81425187247641
272,273.0,0.30936947417092886,4.266547270264948,0.3512495379906041,0.28178550273960934,0.006554821430862877,0.11087211453637218,0.9040470315141603,-44.81425187002955
273,274.0,0.31674454531842633,0.4743131703907841,0.35124999130941753,0.2817857217900734,0.006554821428571644,0.11087211451699452,0.9040470315146693,-44.81425187247639
274,275.0,0.7287988031483228,4.714308013739706,0.3512498966521155,0.28178567411511435,0.006554821428679336,0.11087211451790531,0.9040470315146515,-44.81425187236139
275,276.0,0.1514446783037049,7.068267609707489,0.35124999322435646,0.28178571755251036,0.006554821428571618,0.1108721145169943,0.9040470315146698,-44.814251872476426
276,277.0,0.801898528418583,8.945989113208494,0.35124965811416486,0.2817855610806023,0.006554821429815618,0.11087211452751519,0.9040470315144026,-44.81425187114794
277,278.0,0.8841570230208879,5.167694879788169,0.3512499241528479,0.281785687106983,0.0065548214286279965,0.11087211451747113,0.9040470315146615,-44.814251872416214
278,279.0,0.3411346290188463,8.90524471696971,0.3512499929279536,0.2817857183174291,0.006554821428571622,0.11087211451699436,0.9040470315146697,-44.81425187247642
279,280.0,0.8180026787161913,0.5657599861203371,0.35124999286301284,0.28178571800091173,0.006554821428571641,0.11087211451699451,0.9040470315146697,-44.8142518724764
280,281.0,0.7711517173878516,8.206188817006778,0.35124968385018446,0.2817855726488313,0.00655482142963524,0.11087211452598968,0.9040470315144415,-44.814251871340566
281,282.0,0.22376792621301622,2.718238290800855,0.3512496110752178,0.28178553794154854,0.0065548214301889614,0.11087211453067267,0.9040470315143159,-44.81425187074924
282,283.0,0.8614048100702317,4.518492372374046,0.3512499474979897,0.2817856980839722,0.006554821428597344,0.11087211451721189,0.9040470315146668,-44.81425187244895
283,284.0,0.576665066810753,3.567319473697198,0.3512499089465837,0.28178568100567625,0.006554821428653474,0.1108721145176866,0.9040470315146574,-44.81425187238901
284,285.0,0.7247935925245674,3.5163244793765704,0.35124996028582717,0.2817857044975849,0.006554821428585435,0.11087211451711117,0.9040470315146688,-44.81425187246167
285,286.0,0.34740464973796514,3.56033569866473,0.35124970363341673,0.28178558233352446,0.006554821429504027,0.11087211452487997,0.9040470315144715,-44.81425187148069
286,287.0,0.7786200781641593,4.664198586760767,0.3512499178537673,0.2817856844588072,0.0065548214286380675,0.1108721145175563,0.9040470315146597,-44.814251872405464
287,288.0,0.637671657808682,8.974024798844935,0.35124952619439204,0.2817854970004573,0.006554821430982873,0.110872114537387,0.9040470315141323,-44.814251869901405
288,289.0,0.01542835720987401,8.426075737661817,0.35124999341900337,0.2817857167916685,0.00655482142857163,0.11087211451699441,0.9040470315146699,-44.81425187247641
289,290.0,0.6371785544581445,6.278492343624445,0.35124972378144953,0.2817855917814756,0.006554821429380303,0.1108721145238336,0.904047031514499,-44.81425187161282
290,291.0,0.01975573522150642,4.440294139755539,0.3512499937043743,0.28178571634852057,0.006554821428571632,0.11087211451699443,0.9040470315146698,-44.814251872476405
291,292.0,0.11497042961909631,9.949799851624697,0.3512499933276355,0.2817857172794061,0.006554821428571632,0.11087211451699443,0.9040470315146696,-44.814251872476405
292,293.0,0.41999616101940596,3.554209866510538,0.35124979593587846,0.28178562671623913,0.0065548214290074005,0.11087211452067985,0.9040470315145825,-44.81425187201104
293,294.0,0.3748963654360835,0.4485821846147623,0.3512499920252224,0.2817857198678961,0.0065548214285716475,0.11087211451699455,0.9040470315146695,-44.81425187247639
294,295.0,0.36322514553436647,2.4297964009512185,0.3512498858681713,0.2817856697651189,0.006554821428703193,0.11087211451810708,0.9040470315146473,-44.81425187233591
295,296.0,0.5368292609984343,5.752281244859164,0.3512496798697347,0.28178557140861243,0.006554821429660597,0.11087211452620413,0.9040470315144373,-44.81425187131348
296,297.0,0.24525673131985426,7.921735368401443,0.35124999289557135,0.2817857183943902,0.00655482142857163,0.11087211451699441,0.9040470315146696,-44.81425187247641
297,298.0,0.09851851550182267,4.7704835842541575,0.35124999288963527,0.28178571813983955,0.006554821428571631,0.11087211451699443,0.9040470315146697,-44.814251872476405
298,299.0,0.3608484524632115,7.814232711771127,0.3512499921962611,0.2817857195329688,0.006554821428571634,0.11087211451699444,0.9040470315146696,-44.814251872476405
299,300.0,0.5748597393287994,9.150237057997753,0.3512494538472808,0.2817854617322924,0.006554821431786169,0.11087211454418071,0.9040470315139436,-44.81425186904355
300,301.0,0.3234545374576565,1.5661344341413197,0.35124996022302424,0.2817857054080937,0.006554821428585178,0.110872114517109,0.9040470315146689,-44.81425187246194
301,302.0,0.8497709875650306,5.545841569846977,0.35124989375120985,0.28178567314401876,0.006554821428685323,0.11087211451795595,0.9040470315146507,-44.814251872354994
302,303.0,0.955675803562464,5.606512443547674,0.35124992337897676,0.2817856866221568,0.006554821428629301,0.11087211451748215,0.9040470315146611,-44.81425187241482
303,304.0,0.9238826888845078,5.18210109152736,0.35124993382309255,0.2817856915948632,0.006554821428613905,0.11087211451735195,0.9040470315146639,-44.814251872431264
304,305.0,0.5121455994194766,3.6744443687431163,0.35124986191829,0.28178565872589595,0.006554821428766403,0.11087211451864167,0.9040470315146347,-44.81425187226841
305,306.0,0.12780406969960356,7.278175431740046,0.3512499928768287,0.28178571822200527,0.00655482142857163,0.11087211451699441,0.9040470315146697,-44.81425187247641
306,307.0,0.948470323592224,6.61451227550365,0.35124987172503536,0.28178566386481624,0.006554821428738308,0.11087211451840405,0.9040470315146409,-44.814251872298414
307,308.0,0.5497546460451269,9.993127358570277,0.35124999261341655,0.28178571870868896,0.006554821428571637,0.11087211451699448,0.9040470315146696,-44.8142518724764
308,309.0,0.7434648519094386,7.532200637005295,0.3512497090916532,0.2817855859594893,0.006554821429466766,0.11087211452456484,0.9040470315144824,-44.81425187152048
309,310.0,0.8685050302357513,5.213539519679944,0.3512499175425702,0.28178568391105435,0.006554821428638882,0.11087211451756318,0.9040470315146595,-44.81425187240459
310,311.0,0.7896627990657327,0.3232054331607299,0.35124999226724535,0.28178571982774236,0.006554821428571618,0.1108721145169943,0.9040470315146696,-44.814251872476426
311,312.0,0.7671660418436465,9.07616141542637,0.3512496254577632,0.28178554592648897,0.0065548214300664475,0.11087211452963652,0.9040470315143473,-44.81425187088007
312,313.0,0.3079842596042277,6.740725236493378,0.3512499926096923,0.28178571904748795,0.006554821428571632,0.11087211451699443,0.9040470315146695,-44.814251872476405
313,314.0,0.2396254032859727,6.510129479652454,0.3512499923974805,0.2817857193482401,0.006554821428571625,0.11087211451699439,0.9040470315146696,-44.81425187247641
314,315.0,0.6367330742280244,1.3581685476686287,0.35125039512158407,0.28178581120088647,0.006554821429956079,0.1108721145287031,0.9040470315145629,-44.814251870997936
315,316.0,0.8202754850674022,4.0300604913967035,0.3512499586234551,0.2817857031370431,0.006554821428586964,0.11087211451712409,0.9040470315146684,-44.814251872460034
316,317.0,0.5104485391459743,3.1550705455424297,0.35124990931516115,0.28178568112311675,0.0065548214286528265,0.11087211451768111,0.9040470315146574,-44.814251872389704
317,318.0,0.4386311404443781,5.500588297808699,0.3512495924672049,0.2817855300353118,0.006554821430345444,0.11087211453199608,0.9040470315142833,-44.814251870582126
318,319.0,0.1267799160565397,3.832302211796063,0.3512499927761329,0.2817857184363435,0.006554821428571628,0.11087211451699439,0.9040470315146697,-44.81425187247641
319,320.0,0.6161136594669798,3.4951505841498527,0.35124993063038856,0.28178569151641114,0.006554821428617481,0.11087211451738219,0.904047031514664,-44.81425187242745
320,321.0,0.34741162347808296,9.7615422772525,0.3512499928265798,0.2817857184177905,0.006554821428571636,0.11087211451699447,0.9040470315146696,-44.814251872476405
321,322.0,0.4033739187862636,2.579314998725711,0.35124989964103187,0.2817856763836482,0.006554821428672187,0.11087211451784484,0.9040470315146536,-44.81425187236902
322,323.0,0.13301670942777355,9.516156732552188,0.35124999317208044,0.2817857174959341,0.006554821428571634,0.11087211451699444,0.9040470315146697,-44.814251872476405
323,324.0,0.44048434037089745,7.7877802492359285,0.3512499922672438,0.28178571968390925,0.006554821428571635,0.11087211451699445,0.9040470315146695,-44.814251872476405
324,325.0,0.022969728913246112,9.177079732496404,0.35124999385528366,0.28178571604494534,0.006554821428571634,0.11087211451699444,0.9040470315146697,-44.814251872476405
325,326.0,0.9489783940236617,1.0890218397650824,0.3512499919275093,0.2817857202313869,0.006554821428571637,0.11087211451699448,0.9040470315146695,-44.8142518724764
326,327.0,0.9447236452911657,0.6115888524985028,0.351249983741675,0.28178571240157657,0.006554821428573503,0.11087211451701026,0.9040470315146698,-44.81425187247441
327,328.0,0.9781440873843895,4.303172254942777,0.35124997212589537,0.281785710962456,0.006554821428577547,0.11087211451704446,0.9040470315146697,-44.81425187247009
328,329.0,0.9317035269107702,6.9431923758281755,0.351249848150193,0.28178565177999965,0.006554821428809154,0.11087211451900321,0.9040470315146254,-44.814251872222755
329,330.0,0.8996441487993031,0.9796724377914933,0.35124999274892704,0.2817857212477102,0.006554821428571563,0.11087211451699386,0.9040470315146694,-44.81425187247648
330,331.0,0.4917494995713776,4.866063798877871,0.35124972123427944,0.28178559149801835,0.006554821429393118,0.11087211452394198,0.9040470315144982,-44.814251871599126
331,332.0,0.5186046123247636,6.507425482699775,0.35124959264621336,0.2817855291953354,0.006554821430347367,0.11087211453201234,0.9040470315142799,-44.81425187058007
332,333.0,0.46632354922299635,2.381463382697084,0.35124995197150927,0.2817857009372073,0.0065548214285925145,0.11087211451717105,0.9040470315146678,-44.81425187245411
333,334.0,0.9288356278947566,2.908564338061302,0.35124998994451645,0.2817857198496989,0.006554821428571833,0.11087211451699612,0.9040470315146694,-44.81425187247619
334,335.0,0.6540274573322136,6.6436225704786205,0.3512497080484742,0.2817855845060537,0.006554821429475883,0.11087211452464196,0.9040470315144781,-44.81425187151074
335,336.0,0.3384283553184153,0.2247354498890375,0.35124999283053787,0.28178571864637497,0.0065548214285716284,0.1108721145169944,0.9040470315146695,-44.81425187247641
336,337.0,0.16473703112192795,6.2940767486937625,0.35124999320963224,0.28178571766503396,0.00655482142857162,0.11087211451699433,0.9040470315146698,-44.81425187247642
337,338.0,0.3956172014527626,2.2821799718921656,0.35124992733338084,0.28178568867458664,0.0065548214286230795,0.11087211451742954,0.9040470315146625,-44.814251872421465
338,339.0,0.7730553508393784,5.376607154397008,0.3512498730314505,0.281785663685139,0.0065548214287357255,0.1108721145183822,0.9040470315146407,-44.81425187230117
339,340.0,0.3426232503260158,4.44213305054747,0.35124957381303556,0.2817855201458295,0.006554821430517331,0.11087211453344978,0.9040470315142407,-44.814251870398564
340,341.0,0.10770966764826928,1.3883350078141412,0.3512495771309529,0.28178552199595885,0.006554821430485826,0.11087211453318334,0.9040470315142488,-44.81425187043221
341,342.0,0.0815469072109094,2.7856003263643934,0.3512499927518241,0.2817857186349904,0.006554821428571624,0.11087211451699437,0.9040470315146697,-44.81425187247642
342,343.0,0.28038462567839206,3.6630620261286717,0.35124956928874085,0.2817855183491225,0.006554821430557804,0.11087211453379207,0.9040470315142328,-44.81425187035534
343,344.0,0.9949178547344304,5.644570075077065,0.3512499311919613,0.2817856906904737,0.006554821428617345,0.11087211451738105,0.9040470315146636,-44.81425187242759
344,345.0,0.11951153370775891,6.870751001176966,0.35124999321018785,0.2817857177172631,0.006554821428571624,0.11087211451699437,0.9040470315146697,-44.81425187247642
345,346.0,0.8740560755117269,1.144065845733142,0.35124999055002637,0.28178572281395053,0.006554821428571681,0.11087211451699484,0.9040470315146689,-44.814251872476355
346,347.0,0.4999978200432307,1.4341234877199194,0.3512499912560523,0.281785719879218,0.006554821428571709,0.11087211451699508,0.9040470315146694,-44.814251872476326
347,348.0,0.1688249267915901,9.493134568811127,0.351249993020217,0.28178571785694,0.006554821428571616,0.11087211451699429,0.9040470315146699,-44.814251872476426
348,349.0,0.6898698071615339,9.907536939448255,0.3512495143277024,0.281785491377959,0.0065548214311060005,0.11087211453842834,0.904047031514104,-44.81425186976991
349,350.0,0.331008552511148,8.323478691631125,0.351249992591132,0.2817857189242525,0.006554821428571626,0.11087211451699439,0.9040470315146697,-44.81425187247641
350,351.0,0.8554069017926852,8.75076322907451,0.3512497042691218,0.28178558341672627,0.00655482142949783,0.11087211452482756,0.904047031514475,-44.8142518714873
351,352.0,0.5187961257992827,5.064701051459199,0.35124972803428306,0.2817855948620633,0.006554821429352602,0.11087211452359932,0.9040470315145074,-44.8142518716424
352,353.0,0.41275808774385425,1.0213364192996042,0.3512499915716565,0.2817857209134405,0.006554821428571641,0.11087211451699451,0.9040470315146695,-44.8142518724764
353,354.0,0.4623740922518623,7.837323592836594,0.35124941681877975,0.2817854434672093,0.006554821432243078,0.11087211454804492,0.9040470315138348,-44.81425186855561
354,355.0,0.7491300133952989,7.590630357794826,0.351249709460449,0.28178558517072066,0.006554821429467056,0.1108721145245673,0.9040470315144801,-44.81425187152017
355,356.0,0.9371015312936243,6.053571005597828,0.35124989701307796,0.2817856742395978,0.006554821428678601,0.1108721145178991,0.9040470315146516,-44.81425187236217
356,357.0,0.3242618685255555,3.9440194698615514,0.35124961015707407,0.2817855378072005,0.006554821430195601,0.11087211453072882,0.9040470315143152,-44.81425187074214
357,358.0,0.3708172754003981,7.988917328349323,0.35124999224493286,0.28178571970444777,0.006554821428571635,0.11087211451699445,0.9040470315146695,-44.814251872476405
358,359.0,0.1608852991292814,9.166975671809634,0.3512499928318654,0.2817857181493605,0.006554821428571632,0.11087211451699443,0.9040470315146698,-44.814251872476405
359,360.0,0.21156428416714623,9.333502786578457,0.35124999289890274,0.28178571831626326,0.0065548214285716284,0.1108721145169944,0.9040470315146696,-44.81425187247641
360,361.0,0.32617538361644083,1.498438881999255,0.3512499672802132,0.28178570873549663,0.006554821428580277,0.11087211451706755,0.9040470315146695,-44.814251872467175
361,362.0,0.29331384255277315,2.425560194550646,0.3512498059996269,0.2817856316897912,0.0065548214289642935,0.11087211452031528,0.9040470315145922,-44.81425187205708
362,363.0,0.4446719851596084,6.146909473875718,0.35124953686129706,0.2817855013648905,0.006554821430877794,0.11087211453649833,0.9040470315141537,-44.81425187001362
363,364.0,0.9044173648058749,1.65489505696435,0.3512500348848504,0.2817857360752202,0.006554821428586472,0.11087211451711994,0.9040470315146645,-44.81425187246056
364,365.0,0.5954720314196824,1.3710935746130222,0.35124999162595255,0.2817857209820198,0.006554821428571652,0.1108721145169946,0.9040470315146693,-44.81425187247639
365,366.0,0.6501266764158842,4.341213429965622,0.3512498865131717,0.28178566988857207,0.006554821428701839,0.11087211451809563,0.9040470315146474,-44.81425187233736
366,367.0,0.7461041569394582,3.8062392946064203,0.3512499520713504,0.2817857011903778,0.006554821428592343,0.11087211451716959,0.9040470315146678,-44.81425187245429
367,368.0,0.15686897387991094,9.697889274877115,0.3512499933744888,0.2817857171961029,0.0065548214285716215,0.11087211451699434,0.9040470315146698,-44.81425187247642
368,369.0,0.5303602265682323,9.894710163880298,0.3512499924531262,0.2817857192813011,0.006554821428571629,0.1108721145169944,0.9040470315146696,-44.81425187247641
369,370.0,0.016409731031299613,2.7099515218899186,0.35124999359015147,0.2817857167955567,0.006554821428571617,0.1108721145169943,0.9040470315146699,-44.814251872476426
370,371.0,0.5378906776943563,7.169854396046105,0.35124955769367266,0.2817855125455252,0.006554821430668375,0.1108721145347272,0.9040470315142064,-44.814251870237264
371,372.0,0.2721600815913895,9.070528573188815,0.3512499929581009,0.2817857180952839,0.006554821428571634,0.11087211451699444,0.9040470315146696,-44.814251872476405
372,373.0,0.4522095415122588,5.676742706738146,0.3512495922094821,0.2817855291885557,0.006554821430350457,0.11087211453203848,0.9040470315142797,-44.81425187057677
373,374.0,0.05051509191749026,4.542754341282894,0.3512499932536335,0.2817857172744394,0.006554821428571624,0.11087211451699437,0.9040470315146699,-44.81425187247642
374,375.0,0.09891386488981191,8.085997235075228,0.3512499934129643,0.2817857173656643,0.0065548214285716215,0.11087211451699434,0.9040470315146697,-44.81425187247642
375,376.0,0.4267760378425369,0.3724286068517652,0.351249990963017,0.2817857227534276,0.006554821428571654,0.11087211451699461,0.9040470315146689,-44.81425187247639
376,377.0,0.007781517205964428,7.897454558125185,0.35124999365471776,0.28178571643488337,0.006554821428571627,0.11087211451699439,0.9040470315146699,-44.81425187247641
377,378.0,0.16949600182521607,9.453152053020611,0.3512499933393799,0.28178571741540054,0.006554821428571607,0.11087211451699422,0.9040470315146699,-44.81425187247643
378,379.0,0.8481466918331615,4.463586558219329,0.3512499468311969,0.2817856978871738,0.006554821428597998,0.11087211451721742,0.9040470315146668,-44.814251872448246
379,380.0,0.9779138624459699,2.989884935877485,0.3512499908113675,0.28178571914917094,0.006554821428571768,0.11087211451699559,0.9040470315146696,-44.81425187247626
380,381.0,0.17072374133302726,8.496574587166407,0.35124999286417413,0.2817857182367766,0.006554821428571628,0.11087211451699439,0.9040470315146697,-44.81425187247641
381,382.0,0.8672070325723745,4.023254731183597,0.35124996609918724,0.28178570799573865,0.0065548214285810575,0.11087211451707414,0.9040470315146696,-44.81425187246634
382,383.0,0.6675906263127557,2.3323627994750504,0.35124998740682467,0.28178571836584143,0.006554821428572222,0.11087211451699942,0.9040470315146697,-44.81425187247578
383,384.0,0.5083015020870099,4.988750863921631,0.3512497255980128,0.2817855931155867,0.006554821429368365,0.11087211452373263,0.9040470315145027,-44.814251871625565
384,385.0,0.898461843487189,5.222897254687324,0.3512499252371755,0.2817856883927829,0.0065548214286258065,0.1108721145174526,0.9040470315146621,-44.81425187241855
385,386.0,0.5948475496947898,5.996562288257287,0.351249712111353,0.2817855865171256,0.006554821429450342,0.11087211452442594,0.904047031514484,-44.81425187153802
386,387.0,0.15309371446374997,8.311911875856675,0.35124999314030636,0.28178571764700394,0.006554821428571629,0.1108721145169944,0.9040470315146697,-44.81425187247641
387,388.0,0.626089010790784,6.375500721444269,0.351249706433639,0.2817855847355237,0.006554821429483344,0.11087211452470504,0.9040470315144788,-44.814251871502776
388,389.0,0.6542476846290914,3.8140037099722037,0.3512499248546442,0.2817856875535791,0.006554821428626835,0.11087211451746129,0.9040470315146616,-44.81425187241746
389,390.0,0.9959966062358538,0.9518228071154111,0.35125002596544175,0.28178576490089485,0.006554821428591824,0.1108721145171652,0.9040470315146407,-44.81425187245485
390,391.0,0.6648895605565192,2.9738380984827963,0.35124997077174025,0.28178570952439613,0.0065548214285784355,0.11087211451705196,0.9040470315146697,-44.81425187246914
391,392.0,0.44384046238391206,0.022347430664758212,0.35124999251585787,0.2817857190806689,0.006554821428571628,0.11087211451699439,0.9040470315146696,-44.81425187247641
392,393.0,0.5632744643369805,3.9822184250771864,0.3512498676664746,0.28178566008828004,0.006554821428751648,0.11087211451851688,0.9040470315146364,-44.81425187228417
393,394.0,0.38628788940900227,6.522620718182786,0.35124941872235727,0.2817854453280419,0.006554821432213832,0.11087211454779759,0.9040470315138465,-44.814251868586844
394,395.0,0.11160676271700765,0.48791992128627126,0.3512499923128898,0.2817857195383977,0.006554821428571633,0.11087211451699444,0.9040470315146696,-44.814251872476405
395,396.0,0.1770627209504967,4.511299389470476,0.3512499923893781,0.2817857193473991,0.006554821428571635,0.11087211451699445,0.9040470315146695,-44.814251872476405
396,397.0,0.09459941803374261,4.669428318262606,0.35124999293436937,0.2817857180300548,0.006554821428571635,0.11087211451699445,0.9040470315146696,-44.814251872476405
397,398.0,0.7081138420914097,7.62159571937249,0.3512496775562109,0.28178557030805895,0.006554821429676583,0.11087211452633934,0.904047031514434,-44.814251871296406
398,399.0,0.6633188978398756,0.09405184682296365,0.351249985112673,0.28178573973013293,0.006554821428571968,0.11087211451699727,0.9040470315146625,-44.81425187247605
399,400.0,0.4484070590519268,0.09556624527493196,0.3512499925722222,0.28178571781907513,0.006554821428571668,0.11087211451699475,0.9040470315146697,-44.81425187247637
400,401.0,0.009258830341259183,6.378241227543227,0.35124999373205285,0.28178571640626726,0.0065548214285716284,0.1108721145169944,0.9040470315146698,-44.81425187247641
401,402.0,0.4704687773058268,3.1240770939230442,0.35124988843823324,0.2817856703397902,0.006554821428697759,0.11087211451806112,0.9040470315146478,-44.814251872341714
402,403.0,0.07695047205942684,8.051651863507152,0.3512499931713129,0.281785717610128,0.006554821428571628,0.11087211451699439,0.9040470315146697,-44.81425187247641
403,404.0,0.02192922165338851,2.147363648018346,0.351249993633061,0.2817857167092706,0.006554821428571627,0.11087211451699439,0.9040470315146697,-44.81425187247641
404,405.0,0.2021183408042544,9.013324979827871,0.351249992826604,0.2817857182991076,0.0065548214285716345,0.11087211451699445,0.9040470315146696,-44.814251872476405
405,406.0,0.11978752695653827,8.365799783516405,0.35124999310985905,0.2817857177743855,0.006554821428571625,0.11087211451699439,0.9040470315146698,-44.81425187247641
406,407.0,0.9930885668187722,3.299935256256339,0.35124998868465135,0.28178571943964104,0.006554821428571991,0.11087211451699747,0.9040470315146695,-44.81425187247603
407,408.0,0.4214156834825302,3.856841987923523,0.35124976002307073,0.28178560967972127,0.006554821429177927,0.11087211452212205,0.9040470315145454,-44.81425187182894
408,409.0,0.7721108283012416,2.9950196027852343,0.351249982482665,0.2817857160549331,0.006554821428573373,0.11087211451700915,0.9040470315146698,-44.81425187247455
409,410.0,0.6017330537175049,0.820066473742424,0.35124999278895946,0.2817857189194318,0.0065548214285716154,0.11087211451699429,0.9040470315146697,-44.814251872476426
410,411.0,0.4300529965266081,3.253361064219865,0.3512498424074939,0.28178564908870424,0.006554821428827946,0.11087211451916215,0.9040470315146214,-44.81425187220269
411,412.0,0.1493117187146864,6.803306679293838,0.35124999302649573,0.28178571782948825,0.006554821428571626,0.11087211451699439,0.9040470315146698,-44.81425187247641
412,413.0,0.7567064865612585,6.380273036454343,0.3512497975945602,0.28178562754134223,0.0065548214290001355,0.11087211452061842,0.9040470315145841,-44.8142518720188
413,414.0,0.0063151227600588555,0.1087843097099933,0.3512499905218692,0.281785724211115,0.006554821428571643,0.11087211451699452,0.9040470315146689,-44.81425187247639
414,415.0,0.3366496951340784,5.056972183464141,0.3512494877516548,0.28178547870754334,0.006554821431393229,0.1108721145408575,0.904047031514038,-44.81425186946318
415,416.0,0.4761117083290052,9.593816109103166,0.35124999239055194,0.2817857194342255,0.006554821428571625,0.11087211451699439,0.9040470315146696,-44.81425187247641
416,417.0,0.9897178021793228,1.9112030335099013,0.3512501011434258,0.2817857533134303,0.006554821428674529,0.11087211451786466,0.9040470315146525,-44.814251872366526
417,418.0,0.5818488867894224,8.927966692295511,0.35124947481720104,0.2817854731956971,0.006554821431535396,0.11087211454205985,0.904047031514008,-44.814251869311356
418,419.0,0.14929705655460457,3.8313181193811388,0.35124999238510807,0.2817857193925679,0.0065548214285716345,0.11087211451699445,0.9040470315146695,-44.814251872476405
419,420.0,0.6317535229024147,6.025078342587233,0.3512497401069329,0.2817855997857176,0.006554821429285684,0.11087211452303337,0.9040470315145206,-44.814251871713864
420,421.0,0.5200961046477438,4.032259121322937,0.35124983277,0.2817856443710253,0.006554821428861393,0.11087211451944502,0.9040470315146142,-44.81425187216697
421,422.0,0.39432611354378244,4.351757691037184,0.35124966376347444,0.2817855645775595,0.006554821429771818,0.11087211452714475,0.9040470315144149,-44.814251871194706
422,423.0,0.09165988939382053,3.4236747803074428,0.3512499927432906,0.28178571842825867,0.006554821428571639,0.1108721145169945,0.9040470315146696,-44.8142518724764
423,424.0,0.5540755452340235,2.7769871573856064,0.3512499548903277,0.2817857027754786,0.006554821428589649,0.1108721145171468,0.9040470315146683,-44.81425187245717
424,425.0,0.049956849916129475,3.6850221214240766,0.3512499928810943,0.2817857180104241,0.006554821428571632,0.11087211451699443,0.9040470315146698,-44.814251872476405
425,426.0,0.9030642525207806,5.586634084892651,0.3512499092341517,0.2817856806774049,0.0065548214286533036,0.11087211451768515,0.9040470315146572,-44.81425187238919
426,427.0,0.03228466679066788,9.318889602334368,0.3512499935614704,0.2817857165551068,0.006554821428571631,0.11087211451699443,0.9040470315146698,-44.814251872476405
427,428.0,0.524312470267852,5.308582757023559,0.3512497095666802,0.2817855860827898,0.00655482142946408,0.11087211452454214,0.9040470315144827,-44.814251871523346
428,429.0,0.33064693161914605,9.577320601976975,0.3512499926365981,0.2817857189483217,0.006554821428571639,0.1108721145169945,0.9040470315146695,-44.8142518724764
429,430.0,0.03069229851316746,3.1753189557963992,0.35124999333613516,0.2817857173960402,0.006554821428571625,0.11087211451699439,0.9040470315146697,-44.81425187247641
430,431.0,0.958589543849825,1.6286203582010852,0.35125000002926404,0.28178572202237806,0.006554821428571582,0.110872114516994,0.9040470315146691,-44.81425187247646
431,432.0,0.015829295370487162,8.062482492758287,0.3512499935134382,0.2817857167355848,0.006554821428571622,0.11087211451699436,0.9040470315146699,-44.81425187247642
432,433.0,0.7710692628917231,4.0904931339371835,0.35124994509141283,0.28178569741505294,0.006554821428599736,0.11087211451723213,0.9040470315146667,-44.8142518724464
433,434.0,0.8530879560930098,1.6346222775801076,0.3512500877497771,0.2817857523848549,0.0065548214286524015,0.11087211451767752,0.9040470315146534,-44.81425187239015
434,435.0,0.7688604912547209,0.035703523350397184,0.35124998307417105,0.2817857352779007,0.006554821428572067,0.11087211451699812,0.9040470315146648,-44.81425187247594
435,436.0,0.5083973311640939,6.821631239029181,0.3512495537179167,0.2817855110411344,0.0065548214307049515,0.11087211453503655,0.9040470315141996,-44.8142518701982
436,437.0,0.4634968146960927,8.260640060587919,0.35124999224558723,0.2817857195936498,0.00655482142857163,0.11087211451699441,0.9040470315146696,-44.81425187247641
437,438.0,0.4784410901517704,2.08942395029477,0.3512499728453143,0.2817857116105322,0.006554821428577127,0.1108721145170409,0.9040470315146697,-44.814251872470535
438,439.0,0.2426403578726113,1.9518185450471925,0.35124981760789026,0.28178563748395535,0.006554821428917269,0.11087211451991758,0.9040470315146026,-44.81425187210729
439,440.0,0.07597536655900161,6.494784851558767,0.3512499928666886,0.2817857182435945,0.00655482142857163,0.11087211451699441,0.9040470315146697,-44.81425187247641
440,441.0,0.21106910212640972,9.225082862727804,0.35124999288713676,0.28178571828857985,0.006554821428571618,0.1108721145169943,0.9040470315146698,-44.814251872476426
441,442.0,0.9939376802423296,9.016619636160895,0.3512497641054105,0.28178561181525125,0.0065548214291567064,0.11087211452194258,0.9040470315145502,-44.814251871851596
442,443.0,0.5274302237127562,6.268041097913822,0.3512496231068572,0.2817855444883228,0.006554821430086621,0.11087211452980714,0.9040470315143415,-44.81425187085853
443,444.0,0.16790736084945646,2.46598812947569,0.3512495010455076,0.2817854852230144,0.006554821431246796,0.11087211453961908,0.9040470315140725,-44.814251869619554
444,445.0,0.4866610865690437,2.1432754290361418,0.3512499723224254,0.2817857103621545,0.006554821428577593,0.11087211451704485,0.9040470315146697,-44.81425187247004
445,446.0,0.5449247647273213,4.36768098466937,0.3512498193087449,0.2817856376866281,0.006554821428911701,0.11087211451987049,0.904047031514603,-44.814251872113246
446,447.0,0.6186063992256022,8.77330243733967,0.3512495221181255,0.28178549414600074,0.0065548214310289345,0.11087211453777657,0.9040470315141181,-44.814251869852214
447,448.0,0.10753260467861658,4.701136405465155,0.3512499930640155,0.28178571814572523,0.006554821428571616,0.11087211451699429,0.9040470315146697,-44.814251872476426
448,449.0,0.629505601512847,3.311824034166117,0.3512499465144633,0.2817856987300222,0.0065548214285978896,0.1108721145172165,0.9040470315146671,-44.81425187244837
449,450.0,0.6474896828038232,8.583337767442988,0.3512495611365946,0.2817855136044601,0.0065548214306379365,0.11087211453446977,0.9040470315142114,-44.81425187026977
450,451.0,0.13160477606194032,1.335911895181089,0.35124970837882763,0.28178558504642975,0.006554821429472776,0.11087211452461568,0.9040470315144797,-44.81425187151406
451,452.0,0.9648301605848612,8.10852541343382,0.3512497993262054,0.28178562771608745,0.006554821428993879,0.1108721145205655,0.9040470315145844,-44.81425187202548
452,453.0,0.6767244980494138,5.120615604922925,0.3512498423061621,0.28178564905365194,0.00655482142882827,0.1108721145191649,0.9040470315146213,-44.814251872202334
453,454.0,0.7847884318494174,5.040834025312996,0.3512498984797656,0.28178567561190015,0.006554821428674835,0.11087211451786724,0.9040470315146529,-44.81425187236619
454,455.0,0.21731059747448878,6.3142465792074205,0.3512499927345268,0.28178571846595174,0.00655482142857164,0.1108721145169945,0.9040470315146696,-44.8142518724764
455,456.0,0.24312159954568435,4.352147930115877,0.351249992270528,0.28178571979624184,0.00655482142857162,0.11087211451699433,0.9040470315146696,-44.81425187247642
456,457.0,0.6229322346401739,7.653666265450852,0.3512496046536228,0.2817855346494187,0.006554821430244222,0.11087211453114001,0.9040470315143024,-44.81425187069022
457,458.0,0.9212906297623761,8.476028822683837,0.35124975750882853,0.2817856082453001,0.006554821429191461,0.1108721145222365,0.9040470315145419,-44.81425187181448
458,459.0,0.5393450757381061,4.865232022517886,0.3512497664631895,0.28178561341868424,0.006554821429143816,0.11087211452183356,0.9040470315145541,-44.814251871865366
459,460.0,0.6637008254719101,1.1545877422596869,0.35125000592690053,0.2817857261319327,0.006554821428572527,0.11087211451700199,0.9040470315146683,-44.81425187247545
460,461.0,0.7035744572925943,2.773799327879602,0.35124998176541283,0.28178571488592397,0.006554821428573689,0.11087211451701183,0.9040470315146698,-44.81425187247421
461,462.0,0.17493097656445045,6.99611176428482,0.3512499927606301,0.28178571866235486,0.006554821428571634,0.11087211451699444,0.9040470315146695,-44.814251872476405
462,463.0,0.8969862439818008,1.6299637413578176,0.3512500281647683,0.28178573671904605,0.006554821428582678,0.11087211451708785,0.9040470315146641,-44.81425187246461
463,464.0,0.6447813782251919,9.973103478754611,0.35124947073229845,0.2817854696518093,0.006554821431589915,0.11087211454252094,0.9040470315139885,-44.814251869253134
464,465.0,0.22533861169021419,2.207438369003638,0.35124972669808574,0.2817855933907468,0.006554821429362522,0.11087211452368322,0.9040470315145034,-44.814251871631804
465,466.0,0.21434093844801805,0.008247157857525377,0.3512499913399856,0.2817857217633238,0.006554821428571644,0.11087211451699452,0.9040470315146693,-44.81425187247639
466,467.0,0.9935513087236977,5.1970441077154375,0.35124994734811693,0.2817856996988164,0.006554821428596756,0.11087211451720691,0.9040470315146674,-44.81425187244958
467,468.0,0.4699314177060312,4.897912961410003,0.35124969441379883,0.28178557875490484,0.006554821429561459,0.11087211452536569,0.9040470315144608,-44.81425187141936
468,469.0,0.20055306557934716,1.2138809092347986,0.35124991485478335,0.281785683750423,0.006554821428642735,0.11087211451759578,0.9040470315146593,-44.814251872400476
469,470.0,0.6492521819020096,5.638397596515812,0.3512497844789648,0.28178562116064504,0.006554821429058993,0.11087211452111619,0.9040470315145711,-44.814251871955946
470,471.0,0.20370597738533414,8.493185747074838,0.3512499932605585,0.2817857175566499,0.006554821428571623,0.11087211451699436,0.9040470315146697,-44.81425187247642
471,472.0,0.5751591928662352,2.590689276973671,0.3512499699443189,0.28178570913330464,0.006554821428578897,0.11087211451705588,0.9040470315146697,-44.814251872468645
472,473.0,0.8082711672425457,1.7284554803088195,0.35125040607343927,0.28178581426476157,0.006554821430035167,0.11087211452937197,0.9040470315145559,-44.81425187091348
473,474.0,0.5384869060608063,0.15590765833343992,0.3512499930920359,0.2817857189607405,0.0065548214285715955,0.11087211451699412,0.9040470315146696,-44.81425187247645
474,475.0,0.88416892248481,2.170415664842469,0.35124999206334206,0.28178571999676977,0.00655482142857163,0.11087211451699441,0.9040470315146696,-44.81425187247641
475,476.0,0.544267240937322,5.485559174956423,0.35124971198784866,0.2817855868306581,0.0065548214294501176,0.11087211452442404,0.9040470315144848,-44.81425187153826
476,477.0,0.2008724823494057,1.4026786169950216,0.35124987180743833,0.2817856627217905,0.006554821428739465,0.11087211451841383,0.9040470315146395,-44.81425187229718
477,478.0,0.469877082816508,3.1037376895966333,0.3512498896979667,0.2817856719035871,0.006554821428693859,0.11087211451802814,0.9040470315146495,-44.81425187234588
478,479.0,0.17191307036929837,1.6270891320862455,0.3512497434414977,0.2817856022607488,0.006554821429265085,0.11087211452285917,0.9040470315145271,-44.814251871735856
479,480.0,0.04557359957454443,0.972123655457146,0.35124999209083463,0.28178572035848654,0.006554821428571623,0.11087211451699436,0.9040470315146695,-44.81425187247642
480,481.0,0.3630389573706647,3.7125463038605373,0.3512497047288089,0.28178558280587357,0.006554821429497186,0.11087211452482211,0.904047031514473,-44.814251871488
481,482.0,0.2930012158747971,6.660253147598833,0.35124999281879515,0.2817857186100766,0.0065548214285716215,0.11087211451699434,0.9040470315146697,-44.81425187247642
482,483.0,0.48110420729615466,5.674245599991235,0.35124962720101705,0.28178554672440914,0.006554821430052525,0.11087211452951877,0.9040470315143502,-44.814251870894935
483,484.0,0.17710677061533364,0.2734905922189222,0.3512499912442988,0.28178572161880916,0.0065548214285716605,0.11087211451699466,0.9040470315146691,-44.814251872476376
484,485.0,0.09964246469117854,8.177490562952244,0.3512499930501105,0.28178571787872325,0.0065548214285716284,0.1108721145169944,0.9040470315146697,-44.81425187247641
485,486.0,0.4018775033267745,1.9844147164804349,0.35124995724082286,0.2817857039311864,0.006554821428587595,0.11087211451712943,0.9040470315146687,-44.81425187245936
486,487.0,0.858475332458968,5.455091360377584,0.3512499018772831,0.28178567656523007,0.006554821428668339,0.11087211451781231,0.9040470315146536,-44.814251872373134
487,488.0,0.15548384298297224,9.049974638407702,0.35124999315279126,0.28178571767016747,0.006554821428571628,0.11087211451699439,0.9040470315146697,-44.81425187247641
488,489.0,0.4163397737515865,6.690155289470846,0.3512494483402246,0.2817854586610173,0.006554821431854035,0.11087211454475468,0.9040470315139258,-44.81425186897108
489,490.0,0.6061248682205311,5.480418829381201,0.351249765399978,0.28178561275927044,0.006554821429149479,0.11087211452188145,0.9040470315145525,-44.81425187185931
490,491.0,0.3101738534243863,3.162101144953637,0.35124970601646227,0.2817855842355363,0.006554821429486794,0.11087211452473422,0.9040470315144773,-44.814251871499096
491,492.0,0.6624272837627341,5.768021164560927,0.3512497831100524,0.28178562091592557,0.006554821429064512,0.11087211452116287,0.9040470315145707,-44.814251871950056
492,493.0,0.9740263610754528,2.6591070712466376,0.35124999110979455,0.28178572120108364,0.006554821428571679,0.11087211451699482,0.9040470315146693,-44.814251872476355
493,494.0,0.6983904004236724,2.9141744377058476,0.35124997732350155,0.2817857131088952,0.006554821428575221,0.11087211451702479,0.9040470315146698,-44.814251872472575
494,495.0,0.7128792044920005,6.808022446729641,0.35124973894274125,0.2817856002713599,0.006554821429289703,0.11087211452306737,0.9040470315145217,-44.81425187170957
495,496.0,0.8077783982161623,6.995597601048226,0.35124978508612986,0.2817856228607254,0.006554821429053418,0.11087211452106903,0.9040470315145747,-44.8142518719619
496,497.0,0.8656959417483333,2.0830426549214907,0.35124999217370834,0.2817857197647561,0.006554821428571639,0.1108721145169945,0.9040470315146695,-44.8142518724764
497,498.0,0.3864118714992093,8.408297035255629,0.35124999240608956,0.2817857193830082,0.006554821428571625,0.11087211451699439,0.9040470315146696,-44.81425187247641
498,499.0,0.810059225956654,9.673801859338097,0.3512496207258697,0.2817855419309073,0.006554821430111057,0.1108721145300138,0.9040470315143316,-44.81425187083243
499,500.0,0.3633581692906792,3.09764713619694,0.35124979275764556,0.2817856251994089,0.006554821429021381,0.11087211452079809,0.9040470315145794,-44.81425187199611
500,501.0,0.20221382893588824,5.9017710847912355,0.3512499926861943,0.28178571872316455,0.0065548214285716215,0.11087211451699434,0.9040470315146698,-44.81425187247642
501,502.0,0.3790726615254898,7.023259951752492,0.3512499922445759,0.28178571985665535,0.006554821428571637,0.11087211451699448,0.9040470315146694,-44.8142518724764
502,503.0,0.7955719688349049,9.857389109539897,0.35124959914555876,0.28178553378692556,0.0065548214302850495,0.11087211453148531,0.904047031514299,-44.81425187064662
503,504.0,0.8360941785711721,3.9926213427577038,0.35124996253178636,0.281785705543266,0.006554821428583758,0.11087211451709698,0.9040470315146688,-44.81425187246346
504,505.0,0.15158965252635748,5.78544565488817,0.3512499928402002,0.28178571853074325,0.006554821428571626,0.11087211451699439,0.9040470315146696,-44.81425187247641
505,506.0,0.775260309304294,6.219521443415026,0.35124981883599776,0.2817856377315605,0.006554821428913061,0.11087211451988199,0.9040470315146033,-44.81425187211179
506,507.0,0.6031177655434342,2.6397180743404833,0.3512499732928143,0.2817857101182342,0.006554821428577252,0.11087211451704196,0.9040470315146696,-44.81425187247041
507,508.0,0.2938624424679088,3.593412517905961,0.3512496066194041,0.2817855375130673,0.006554821430220424,0.11087211453093876,0.9040470315143142,-44.81425187071564
508,509.0,0.8778035674101738,5.219105978787495,0.35124991949052264,0.2817856860756706,0.006554821428634711,0.1108721145175279,0.9040470315146608,-44.814251872409045
509,510.0,0.05873930859055421,3.4459343743327473,0.3512499932569016,0.2817857173960747,0.006554821428571625,0.11087211451699439,0.9040470315146698,-44.81425187247641
510,511.0,0.362741602730162,4.061400811680189,0.3512496560590999,0.2817855602167777,0.006554821429830438,0.11087211452764052,0.9040470315143996,-44.81425187113211
511,512.0,0.45155251451855116,5.877471892189567,0.35124957168311105,0.28178551877339086,0.006554821430538427,0.11087211453362819,0.9040470315142347,-44.81425187037603
512,513.0,0.21562872846213144,2.3107456243676054,0.35124968010903745,0.2817855706524686,0.006554821429661521,0.11087211452621194,0.904047031514435,-44.8142518713125
513,514.0,0.45013480743955037,2.440066273076359,0.35124994097842294,0.28178569524719976,0.006554821428604593,0.11087211451727319,0.9040470315146658,-44.814251872441204
514,515.0,0.3772478840910167,2.1324700903028178,0.35124993200882093,0.2817856911964567,0.006554821428616116,0.11087211451737064,0.9040470315146639,-44.8142518724289
515,516.0,0.2883042555144134,3.6708655990584504,0.35124958373019205,0.28178552615014535,0.006554821430422082,0.11087211453264424,0.9040470315142668,-44.81425187050028
516,517.0,0.7419735433453001,5.663044849733104,0.35124983893350414,0.28178564733325867,0.006554821428839849,0.11087211451926282,0.9040470315146187,-44.81425187218997
517,518.0,0.7938443639854724,0.7089331180326045,0.3512501059037848,0.28178588788267117,0.00655482142885481,0.11087211451938936,0.9040470315143267,-44.814251872174
518,519.0,0.23000140485602283,6.994117376678362,0.351249992824425,0.28178571870424857,0.006554821428571614,0.11087211451699427,0.9040470315146697,-44.814251872476426
519,520.0,0.16782779251963587,3.0915780357201115,0.3512499923714921,0.2817857194854113,0.00655482142857163,0.11087211451699441,0.9040470315146696,-44.81425187247641
520,521.0,0.29910125507037444,7.964374903150799,0.3512499924130271,0.28178571931857255,0.006554821428571636,0.11087211451699447,0.9040470315146695,-44.814251872476405
521,522.0,0.40407624346001336,8.236697850720732,0.3512499926147599,0.28178571918799167,0.00655482142857162,0.11087211451699433,0.9040470315146696,-44.81425187247642
522,523.0,0.9196540053885556,9.908908844219345,0.3512496772603404,0.2817855697535332,0.006554821429679888,0.11087211452636728,0.904047031514432,-44.81425187129288
523,524.0,0.7529598976521669,9.104306031620375,0.3512496131859199,0.2817855399720284,0.0065548214301676035,0.11087211453049203,0.9040470315143239,-44.81425187077204
524,525.0,0.5505301035138477,6.23873265877731,0.3512496496483284,0.2817855567728384,0.006554821429879662,0.11087211452805683,0.9040470315143874,-44.81425187107954
525,526.0,0.7219093655752332,2.872979528955094,0.35124998118852424,0.2817857144182984,0.006554821428573884,0.11087211451701347,0.90404703151467,-44.814251872474
526,527.0,0.41441773845862395,8.397802722713402,0.35124999277562985,0.28178571853051626,0.006554821428571624,0.11087211451699437,0.9040470315146697,-44.81425187247642
527,528.0,0.17255729322203806,5.497900119010195,0.3512499928121824,0.2817857184437658,0.0065548214285716284,0.1108721145169944,0.9040470315146697,-44.81425187247641
528,529.0,0.6619473125859048,8.625186007943356,0.3512495702701132,0.2817855197945634,0.006554821430544769,0.11087211453368183,0.9040470315142393,-44.81425187036926
529,530.0,0.28117075067514496,1.9279797569274537,0.3512498778824236,0.2817856657689578,0.006554821428723242,0.11087211451827664,0.904047031514643,-44.8142518723145
530,531.0,0.9133894425845343,6.764315939354032,0.3512498505456859,0.2817856529877011,0.00655482142880142,0.11087211451893782,0.904047031514627,-44.81425187223101
531,532.0,0.006160026567820331,8.176427760748263,0.35124999370646737,0.28178571640724737,0.006554821428571624,0.11087211451699437,0.9040470315146698,-44.81425187247642
532,533.0,0.5403875237691067,8.274503353081473,0.3512494768402371,0.2817854725904592,0.006554821431520086,0.11087211454193037,0.9040470315140048,-44.814251869327705
533,534.0,0.6443822528918765,0.10443071141732477,0.3512499812410572,0.2817857353176202,0.006554821428572251,0.11087211451699967,0.9040470315146648,-44.81425187247575
534,535.0,0.1777474873339332,7.788448815336409,0.35124999292418657,0.2817857183323392,0.006554821428571624,0.11087211451699437,0.9040470315146697,-44.81425187247642
535,536.0,0.4126643515224808,6.50599945805947,0.35124945961564347,0.28178546410343924,0.00655482143172011,0.11087211454362203,0.9040470315139574,-44.8142518691141
536,537.0,0.010072975629030645,0.43352623927962025,0.3512499908207671,0.28178572226629733,0.00655482142857167,0.11087211451699476,0.9040470315146691,-44.81425187247637
537,538.0,0.7734409044960698,5.005981824705453,0.35124989647586274,0.28178567399315224,0.006554821428679755,0.11087211451790885,0.9040470315146514,-44.81425187236094
538,539.0,0.1636314643672261,6.633446697551916,0.35124999274027824,0.28178571852912876,0.006554821428571622,0.11087211451699436,0.9040470315146698,-44.81425187247642
539,540.0,0.4111734503341591,8.416907045767262,0.3512499926177549,0.2817857188579794,0.006554821428571635,0.11087211451699445,0.9040470315146696,-44.814251872476405
540,541.0,0.058019257491575216,7.3786832570147,0.3512499933668556,0.2817857171130373,0.006554821428571631,0.11087211451699443,0.9040470315146697,-44.814251872476405
541,542.0,0.15198461839037214,1.4570498605443012,0.3512497370740739,0.28178559938573267,0.006554821429300178,0.11087211452315596,0.9040470315145197,-44.81425187169838
542,543.0,0.24395142341177012,2.494023591941028,0.3512497046205968,0.2817855831593523,0.006554821429496762,0.11087211452481853,0.9040470315144741,-44.81425187148845
543,544.0,0.1517401397241147,8.51548359449207,0.3512499929016946,0.28178571811157493,0.006554821428571634,0.11087211451699444,0.9040470315146696,-44.814251872476405
544,545.0,0.6251007321586077,9.467451873217886,0.35124948291865393,0.28178547655441794,0.006554821431446394,0.11087211454130715,0.9040470315140263,-44.814251869406405
545,546.0,0.44728246804155414,6.325253682438354,0.3512495231726941,0.2817854958899713,0.006554821431012513,0.11087211453763768,0.9040470315141267,-44.81425186986975
546,547.0,0.028481416194946485,0.7660210354096479,0.3512499908268096,0.2817857220182357,0.006554821428571679,0.11087211451699482,0.9040470315146691,-44.814251872476355
547,548.0,0.9758010650939482,3.178002950766988,0.35124998940732516,0.2817857192776938,0.006554821428571912,0.1108721145169968,0.9040470315146696,-44.814251872476106
548,549.0,0.755191554263299,8.932156589482474,0.35124962556693834,0.2817855459051371,0.006554821430065826,0.11087211452963126,0.9040470315143472,-44.81425187088074
549,550.0,0.5592305767938629,0.38240804728653455,0.3512499918038766,0.28178572136633867,0.006554821428571628,0.11087211451699439,0.9040470315146693,-44.81425187247641
550,551.0,0.8723087719321532,9.813880624619777,0.3512496533256054,0.28178555910658243,0.00655482142985016,0.11087211452780732,0.9040470315143957,-44.81425187111105
551,552.0,0.43902198451275987,8.89335156289612,0.35124999228133214,0.28178571951334064,0.006554821428571631,0.11087211451699443,0.9040470315146696,-44.814251872476405
552,553.0,0.5514079505706664,3.0081170344363506,0.35124993963779844,0.2817856948950119,0.006554821428606088,0.11087211451728583,0.9040470315146655,-44.81425187243961
553,554.0,0.6448508573138256,7.877105188223634,0.3512496073757427,0.2817855371704482,0.006554821430216582,0.11087211453090626,0.9040470315143128,-44.814251870719744
554,555.0,0.9325789003954233,9.30144333121178,0.3512497171861462,0.2817855897099615,0.006554821429417164,0.11087211452414533,0.9040470315144933,-44.81425187157345
555,556.0,0.16533418805370836,0.37524748091645105,0.3512499902905552,0.28178572318803363,0.006554821428571691,0.11087211451699493,0.9040470315146689,-44.81425187247635
556,557.0,0.008638436892654422,4.735116418940922,0.3512499941313273,0.28178571545440995,0.0065548214285716345,0.11087211451699445,0.9040470315146698,-44.814251872476405
557,558.0,0.9785124412213451,9.700561131862772,0.35124972025022816,0.2817855913263902,0.00655482142939825,0.11087211452398538,0.9040470315144977,-44.81425187159365
558,559.0,0.9289676179790775,2.157484786179558,0.35124999146090713,0.2817857211410621,0.006554821428571652,0.1108721145169946,0.9040470315146694,-44.81425187247639
559,560.0,0.5221311521879588,3.803326126175053,0.3512498568849006,0.281785655302247,0.006554821428782695,0.11087211451877944,0.9040470315146302,-44.81425187225101
560,561.0,0.7563043997179885,3.6552444637955426,0.351249960835211,0.2817857047126982,0.00655482142858503,0.11087211451710774,0.9040470315146687,-44.8142518724621
561,562.0,0.47752597673081154,8.305209382365302,0.3512499927127294,0.2817857187092605,0.006554821428571622,0.11087211451699436,0.9040470315146697,-44.81425187247642
562,563.0,0.002012398139456306,8.364169973185197,0.35124999379447164,0.28178571622723897,0.006554821428571612,0.11087211451699425,0.90404703151467,-44.81425187247643
563,564.0,0.7192180458393039,6.1514643776019575,0.35124979141264273,0.2817856242591341,0.006554821429027931,0.11087211452085348,0.9040470315145775,-44.814251871989114
564,565.0,0.19802781659089563,3.7508095504000285,0.3512499926529969,0.281785719059175,0.006554821428571625,0.11087211451699439,0.9040470315146696,-44.81425187247641
565,566.0,0.534367569244224,4.832548249562392,0.35124976563829136,0.28178561245697425,0.006554821429149179,0.11087211452187891,0.9040470315145517,-44.81425187185964
566,567.0,0.6247357302175142,8.201755681778787,0.3512495666927733,0.28178551610649377,0.006554821430586106,0.11087211453403142,0.9040470315142227,-44.81425187032512
567,568.0,0.32790373967238506,1.8930991677018594,0.3512499270413771,0.28178568871829573,0.006554821428623397,0.11087211451743222,0.9040470315146625,-44.81425187242113
568,569.0,0.31674774662983063,5.360467574370836,0.35124941768390305,0.2817854442481776,0.006554821432230138,0.1108721145479355,0.9040470315138396,-44.81425186856943
569,570.0,0.9998149473836656,3.881678728826187,0.3512499823567331,0.281785716177501,0.006554821428573382,0.11087211451700923,0.9040470315146698,-44.81425187247454
570,571.0,0.13563989292399958,6.140888202061475,0.35124999287965997,0.2817857182202749,0.006554821428571622,0.11087211451699436,0.9040470315146698,-44.81425187247642
571,572.0,0.14700948366706112,4.909141912555412,0.3512499926257838,0.2817857187335031,0.0065548214285716284,0.1108721145169944,0.9040470315146697,-44.81425187247641
572,573.0,0.18454252572230923,4.4857274062486425,0.3512499928248632,0.28178571853439066,0.006554821428571629,0.1108721145169944,0.9040470315146696,-44.81425187247641
573,574.0,0.7368614043254367,8.84144143298956,0.35124961761391016,0.2817855418618109,0.006554821430131645,0.11087211453018792,0.9040470315143314,-44.814251870810445
574,575.0,0.10487433894283216,3.3882805826069817,0.351249992806162,0.28178571841012967,0.006554821428571632,0.11087211451699443,0.9040470315146696,-44.814251872476405
575,576.0,0.8175364564103886,7.592620344007803,0.35124975294188115,0.2817856060600036,0.006554821429215468,0.11087211452243954,0.9040470315145366,-44.81425187178885
576,577.0,0.19429862017709731,1.8592708491540006,0.3512497382940907,0.28178559909858214,0.006554821429295416,0.11087211452311568,0.9040470315145188,-44.81425187170346
577,578.0,0.5582204843804639,5.826985004607933,0.35124969340256307,0.2817855787333774,0.006554821429566813,0.11087211452541097,0.9040470315144606,-44.81425187141364
578,579.0,0.21953507308970122,9.710472096740398,0.35124999295860965,0.2817857180182647,0.0065548214285716345,0.11087211451699445,0.9040470315146696,-44.814251872476405
579,580.0,0.1899519137921043,9.869533997135727,0.35124999319416156,0.28178571759272925,0.006554821428571632,0.11087211451699443,0.9040470315146697,-44.814251872476405
580,581.0,0.5936044508697257,4.788463430861046,0.3512498160947644,0.28178563765036846,0.006554821428921676,0.11087211451995485,0.9040470315146031,-44.81425187210259
581,582.0,0.16618906646631537,0.09687537616131674,0.35124999130465456,0.2817857215467373,0.006554821428571648,0.11087211451699457,0.9040470315146694,-44.81425187247639
582,583.0,0.47831357712169753,6.2222487287894,0.3512495722240502,0.28178551844947464,0.006554821430535747,0.11087211453360554,0.904047031514233,-44.8142518703789
583,584.0,0.9061306572021616,0.7288741088062866,0.351249991666423,0.281785720390492,0.006554821428571655,0.11087211451699464,0.9040470315146695,-44.81425187247638
584,585.0,0.374386808948746,2.3836935836600683,0.3512499011640338,0.2817856763435224,0.00655482142866971,0.1108721145178239,0.9040470315146534,-44.81425187237167
585,586.0,0.225287521950989,1.0101176919341106,0.35124997037692396,0.2817857095147202,0.0065548214285786124,0.11087211451705346,0.9040470315146697,-44.81425187246895
586,587.0,0.8822044141963624,2.4429130146804856,0.35124999099367576,0.2817857211779506,0.0065548214285716935,0.11087211451699495,0.9040470315146691,-44.81425187247635
587,588.0,0.5166962222748444,1.4284350652909013,0.35124999156826753,0.2817857199893875,0.006554821428571675,0.11087211451699479,0.9040470315146695,-44.81425187247636
588,589.0,0.16573734825864817,1.4437538827523995,0.35124978287305286,0.2817856209006236,0.006554821429065425,0.11087211452117059,0.9040470315145706,-44.814251871949075
589,590.0,0.26843368435234594,9.420086938795002,0.3512499925949058,0.2817857186380637,0.006554821428571633,0.11087211451699444,0.9040470315146697,-44.814251872476405
590,591.0,0.7772281108648733,2.005835127768421,0.35124999170423166,0.2817857204184322,0.00655482142857166,0.11087211451699466,0.9040470315146694,-44.814251872476376
591,592.0,0.45329894083891786,4.27922658068667,0.35124974492830924,0.28178560234777345,0.006554821429258395,0.11087211452280259,0.9040470315145273,-44.814251871743004
592,593.0,0.5130636838859356,6.84835161835137,0.3512495569817015,0.28178551206100205,0.0065548214306757795,0.11087211453478983,0.9040470315142043,-44.814251870229356
593,594.0,0.9633654152127453,7.199847802300461,0.35124984720449465,0.2817856511294415,0.0065548214288124835,0.11087211451903138,0.9040470315146245,-44.8142518722192
594,595.0,0.6256721113739069,8.23701746294944,0.3512495650291991,0.28178551593790424,0.006554821430599209,0.11087211453414225,0.9040470315142218,-44.814251870311125
595,596.0,0.9574756718781194,4.1402201348412175,0.35124997387746937,0.2817857119429715,0.006554821428576648,0.11087211451703685,0.9040470315146698,-44.814251872471054
596,597.0,0.09518107154910593,4.978949517712547,0.35124999327619033,0.28178571751219694,0.00655482142857161,0.11087211451699425,0.9040470315146699,-44.81425187247643
597,598.0,0.28857460746037766,3.8176626188072778,0.35124956223003434,0.28178551425600407,0.0065548214306270424,0.11087211453437765,0.9040470315142143,-44.8142518702814
598,599.0,0.7245193824011423,5.450873160262485,0.35124984488068084,0.2817856494442641,0.006554821428820908,0.11087211451910263,0.9040470315146218,-44.8142518722102
599,600.0,0.8378405311323004,2.2764043686984117,0.35124999145710356,0.2817857205443819,0.006554821428571663,0.11087211451699469,0.9040470315146695,-44.814251872476376
600,601.0,0.13654484140590295,4.79136042615651,0.35124999268172324,0.28178571854637063,0.006554821428571634,0.11087211451699444,0.9040470315146696,-44.814251872476405
601,602.0,0.5212719785388804,4.419764171343537,0.35124979494625463,0.28178562648897443,0.006554821429011264,0.11087211452071252,0.9040470315145822,-44.81425187200692
602,603.0,0.5530640120374923,1.967732841797186,0.3512499869247088,0.281785717469474,0.006554821428572351,0.11087211451700052,0.9040470315146699,-44.814251872475644
603,604.0,0.5762091362190991,8.877500172035047,0.3512494731826611,0.2817854707838422,0.006554821431562038,0.11087211454228518,0.9040470315139948,-44.814251869282906
604,605.0,0.9849105737640286,8.00563699545092,0.35124981335268124,0.2817856350331547,0.006554821428934722,0.1108721145200652,0.9040470315145982,-44.814251872088654
605,606.0,0.9339225439442906,6.780588597437131,0.35124985771728284,0.2817856567343449,0.006554821428778829,0.11087211451874676,0.9040470315146323,-44.81425187225514
606,607.0,0.34696783458973746,4.0998487080619785,0.3512496264623239,0.281785545527419,0.006554821430061392,0.11087211452959377,0.9040470315143457,-44.81425187088547
607,608.0,0.30936401519176193,1.7764229370751692,0.35124992826976514,0.2817856892274981,0.0065548214286216145,0.11087211451741714,0.9040470315146627,-44.81425187242303
608,609.0,0.7266951822648605,8.742149481495808,0.35124961623677703,0.28178554123922717,0.006554821430142916,0.11087211453028324,0.9040470315143289,-44.81425187079841
609,610.0,0.7499029932842856,5.260100625821536,0.35124987034772925,0.28178566187883186,0.006554821428743591,0.11087211451844874,0.9040470315146388,-44.814251872292765
610,611.0,0.490904733183792,5.637190962934411,0.35124964214761395,0.2817855533820755,0.006554821429936347,0.11087211452853622,0.904047031514375,-44.81425187101901
611,612.0,0.8393050459781125,0.49025178623464155,0.35124999217062686,0.2817857200349164,0.006554821428571628,0.11087211451699439,0.9040470315146695,-44.81425187247641
612,613.0,0.12455396024945165,7.503584067832961,0.351249993444606,0.28178571713746736,0.006554821428571621,0.11087211451699433,0.9040470315146698,-44.81425187247642
613,614.0,0.485071312374425,6.4783063090074755,0.3512495564847692,0.2817855120619387,0.0065548214306795655,0.11087211453482185,0.9040470315142043,-44.814251870225306
614,615.0,0.8476595214950796,0.18820201566314057,0.3512499927359876,0.2817857228402756,0.006554821428571546,0.1108721145169937,0.9040470315146691,-44.8142518724765
615,616.0,0.9134048832055883,5.048189824637922,0.35124993667228277,0.28178569366871553,0.006554821428609714,0.11087211451731652,0.9040470315146651,-44.81425187243574
616,617.0,0.9753875516946603,2.590448341532108,0.351249991717255,0.2817857204055186,0.006554821428571657,0.11087211451699465,0.9040470315146694,-44.81425187247638
617,618.0,0.7909700479149361,8.120712428613327,0.35124970282337675,0.28178558139632215,0.006554821429510705,0.11087211452493645,0.9040470315144689,-44.81425187147356
618,619.0,0.45379088496191455,0.7404713286617252,0.351249990726464,0.28178572214235215,0.006554821428571686,0.11087211451699489,0.904047031514669,-44.81425187247635
619,620.0,0.06379354682747695,9.262031574326354,0.35124999343459634,0.28178571703605304,0.006554821428571625,0.11087211451699439,0.9040470315146698,-44.81425187247641
620,621.0,0.5307376107072932,1.6543383609804965,0.3512499900621223,0.2817857198448471,0.006554821428571813,0.11087211451699597,0.9040470315146695,-44.81425187247621
621,622.0,0.7199997335391435,2.9401462855813585,0.35124997915372413,0.2817857138238654,0.006554821428574542,0.11087211451701905,0.9040470315146698,-44.8142518724733
622,623.0,0.8982384144985897,3.265555590114433,0.35124998587569356,0.28178571727769713,0.006554821428572547,0.11087211451700216,0.9040470315146699,-44.81425187247543
623,624.0,0.5200041214133193,5.32529875927487,0.3512497038576523,0.2817855825802399,0.006554821429502202,0.11087211452486453,0.9040470315144724,-44.81425187148263
624,625.0,0.36755867814200327,4.251332260421471,0.35124963814669846,0.28178555196704314,0.006554821429965753,0.11087211452878491,0.9040470315143698,-44.814251870987604
625,626.0,0.22639096480065835,7.253817393883623,0.35124999284980096,0.28178571838329947,0.006554821428571623,0.11087211451699436,0.9040470315146697,-44.81425187247642
626,627.0,0.8533114963032001,9.947217910370837,0.35124963392008174,0.2817855490268998,0.006554821430002052,0.11087211452909192,0.904047031514359,-44.81425187094884
627,628.0,0.8134199805365331,1.1104611975910978,0.351249990823451,0.28178572264616314,0.006554821428571661,0.11087211451699468,0.904047031514669,-44.814251872476376
628,629.0,0.49242632635048467,6.586892218700199,0.3512495556070248,0.28178551163909155,0.006554821430688009,0.11087211453489326,0.9040470315142024,-44.814251870216296
629,630.0,0.93261140988057,2.9125492660781482,0.35124998969171917,0.2817857206313293,0.00655482142857182,0.11087211451699602,0.9040470315146694,-44.814251872476206
630,631.0,0.10377178511088037,0.284886187347742,0.3512499921332899,0.2817857192204826,0.006554821428571656,0.11087211451699464,0.9040470315146696,-44.81425187247638
631,632.0,0.08026867240389235,4.6945620936576615,0.35124999304044807,0.2817857178609406,0.006554821428571629,0.1108721145169944,0.9040470315146697,-44.81425187247641
632,633.0,0.4407959923381045,6.167453061462365,0.35124952928254966,0.28178549901159167,0.006554821430948924,0.11087211453709989,0.9040470315141423,-44.814251869937664
633,634.0,0.19218626497943114,9.685484581745834,0.35124999327116957,0.2817857174110122,0.006554821428571629,0.1108721145169944,0.9040470315146697,-44.81425187247641
634,635.0,0.29146640949523017,8.734314314346516,0.35124999270135365,0.28178571853557477,0.0065548214285716415,0.11087211451699451,0.9040470315146696,-44.8142518724764
635,636.0,0.8696345752874963,9.87860731638812,0.3512496480845462,0.28178555672604444,0.006554821429889235,0.11087211452813779,0.9040470315143871,-44.81425187106932
636,637.0,0.8395646469779404,3.5746453286074265,0.35124997547348663,0.28178571243157957,0.006554821428575968,0.11087211451703109,0.9040470315146698,-44.81425187247177
637,638.0,0.3637624551782337,2.1955359636288128,0.35124991612754203,0.28178568330564047,0.00655482142864129,0.11087211451758354,0.9040470315146589,-44.81425187240202
638,639.0,0.6925659014010199,1.2288784169720381,0.35125001485959306,0.281785728179423,0.006554821428574917,0.11087211451702221,0.9040470315146676,-44.8142518724729
639,640.0,0.7963175845581977,4.504909738076404,0.3512499313506507,0.28178569156870326,0.006554821428616632,0.11087211451737501,0.9040470315146641,-44.81425187242835
640,641.0,0.32977881801349396,8.572338336830034,0.35124999253569356,0.28178571908872957,0.006554821428571632,0.11087211451699443,0.9040470315146696,-44.814251872476405
641,642.0,0.2784791513138324,7.640130486821746,0.3512499926497502,0.28178571884630166,0.006554821428571625,0.11087211451699439,0.9040470315146697,-44.81425187247641
642,643.0,0.07832690173170032,6.56369796171279,0.351249993366023,0.2817857171080667,0.006554821428571623,0.11087211451699436,0.9040470315146698,-44.81425187247642
643,644.0,0.11910773314259093,5.988064583678641,0.35124999298101384,0.281785717928405,0.006554821428571627,0.11087211451699439,0.9040470315146698,-44.81425187247641
644,645.0,0.9580963012974938,2.071452482308692,0.35125046029736573,0.28178582006708924,0.006554821430423666,0.11087211453265762,0.9040470315145425,-44.814251870498595
645,646.0,0.3564609757548677,2.949438135482364,0.35124980592647065,0.281785631116706,0.0065548214289655495,0.1108721145203259,0.9040470315145912,-44.814251872055735
646,647.0,0.8720587908694736,9.816236213986329,0.3512496533677509,0.28178555828268936,0.006554821429852556,0.1108721145278276,0.9040470315143928,-44.81425187110849
647,648.0,0.5915151555181553,0.0995270693888233,0.35124999369165066,0.28178571690075693,0.006554821428571613,0.11087211451699426,0.9040470315146698,-44.814251872476426
648,649.0,0.5185175846873569,4.716477650387859,0.3512497626248364,0.28178561128735075,0.006554821429163827,0.1108721145220028,0.904047031514549,-44.81425187184399
649,650.0,0.2984563551418724,1.526362688005521,0.35124995180507945,0.28178570072553355,0.00655482142859273,0.11087211451717287,0.9040470315146678,-44.81425187245387
650,651.0,0.8399787616180379,9.881919068864672,0.3512496286748945,0.2817855472555473,0.006554821430041284,0.11087211452942371,0.9040470315143523,-44.81425187090694
651,652.0,0.1665107753949383,6.322529008139738,0.35124999307139976,0.2817857177344606,0.0065548214285716345,0.11087211451699445,0.9040470315146697,-44.814251872476405
652,653.0,0.32613828823627844,2.6747355296317825,0.35124980980346154,0.28178563304818555,0.006554821428949497,0.11087211452019015,0.9040470315145946,-44.81425187207288
653,654.0,0.8964214722040483,3.119212513640479,0.35124998766294907,0.2817857179407957,0.006554821428572215,0.11087211451699935,0.9040470315146697,-44.814251872475786
654,655.0,0.290623413615843,3.7734106317041127,0.35124957290127606,0.2817855199267997,0.006554821430524885,0.11087211453351366,0.9040470315142398,-44.8142518703905
655,656.0,0.6181416187159458,4.935621055256802,0.3512498204859737,0.2817856390829054,0.006554821428905807,0.11087211451982065,0.9040470315146054,-44.814251872119534
656,657.0,0.5469524951858322,0.5430022661884117,0.35124999289187336,0.2817857192350953,0.006554821428571599,0.11087211451699415,0.9040470315146696,-44.81425187247645
657,658.0,0.4252555249435074,7.63647502833579,0.3512499923059215,0.2817857194767766,0.0065548214285716284,0.1108721145169944,0.9040470315146696,-44.81425187247641
658,659.0,0.9043816881702352,9.490995610028543,0.35124969078191326,0.28178557692266304,0.006554821429585763,0.11087211452557125,0.904047031514455,-44.814251871393395
659,660.0,0.4383470672873434,4.195653321358425,0.35124973830887174,0.2817855989658022,0.006554821429295668,0.11087211452311782,0.9040470315145185,-44.8142518717032
660,661.0,0.8445002325629986,7.629946617835355,0.351249765845491,0.2817856129107845,0.006554821429147372,0.11087211452186363,0.9040470315145528,-44.814251871861565
661,662.0,0.6227896476792976,5.567070072152908,0.35124977118294365,0.28178561460253587,0.006554821429122717,0.11087211452165512,0.9040470315145567,-44.81425187188789
662,663.0,0.41573607024517,9.961375856952301,0.3512499923172992,0.28178571941208735,0.006554821428571639,0.1108721145169945,0.9040470315146695,-44.8142518724764
663,664.0,0.9599132084902179,6.004916818244552,0.3512499062357689,0.28178567893036505,0.0065548214286593395,0.1108721145177362,0.9040470315146556,-44.81425187238274
664,665.0,0.48468273601305256,4.982876657185019,0.35124970203825967,0.28178558122176656,0.00655482142951519,0.11087211452497438,0.9040470315144683,-44.81425187146876
665,666.0,0.13723325027501232,8.223995171153115,0.35124999351862757,0.2817857168803367,0.00655482142857162,0.11087211451699433,0.9040470315146698,-44.81425187247642
666,667.0,0.3129806071870155,7.414584978169946,0.35124999236053006,0.28178571934325763,0.0065548214285716284,0.1108721145169944,0.9040470315146696,-44.81425187247641
667,668.0,0.1832182543605818,2.8305629791275706,0.3512494715962617,0.28178546997215587,0.006554821431580454,0.11087211454244092,0.9040470315139904,-44.81425186926324
668,669.0,0.5861989790585129,5.656518534700572,0.35124973348126864,0.2817855982833268,0.006554821429319082,0.11087211452331584,0.9040470315145167,-44.814251871678195
669,670.0,0.06802037851500287,0.7327596534078501,0.3512499905545303,0.28178572311756483,0.006554821428571673,0.11087211451699477,0.9040470315146689,-44.81425187247636
670,671.0,0.39401008377506963,4.457326632707799,0.3512496502211337,0.2817855578871977,0.006554821429872613,0.11087211452799721,0.9040470315143914,-44.814251871087066
671,672.0,0.7502908834958529,3.015770408661548,0.3512499802087059,0.28178571459607504,0.006554821428574131,0.11087211451701556,0.9040470315146698,-44.81425187247374
672,673.0,0.813016589247753,4.591994714595442,0.3512499319416223,0.28178569144898374,0.006554821428616061,0.11087211451737017,0.9040470315146638,-44.81425187242896
673,674.0,0.3838608290052429,4.975370768253151,0.3512495736358029,0.28178552080087926,0.006554821430516033,0.1108721145334388,0.9040470315142436,-44.81425187039995
674,675.0,0.9964446689343063,4.387358092092674,0.3512499720148301,0.28178571124164425,0.006554821428577534,0.11087211451704435,0.9040470315146698,-44.8142518724701
675,676.0,0.5995066847066707,9.425837813003866,0.351249460895392,0.2817854657375338,0.006554821431699976,0.11087211454345175,0.9040470315139666,-44.814251869135596
676,677.0,0.9694955178554747,4.5256093216473525,0.3512499654183023,0.2817857076133124,0.006554821428581525,0.1108721145170781,0.9040470315146695,-44.814251872465846
677,678.0,0.6960700107633487,0.3049741932374821,0.3512499959240052,0.2817857087067072,0.006554821428571783,0.11087211451699572,0.9040470315146696,-44.81425187247625
678,679.0,0.6710129438488105,2.725266017291347,0.35124997924768164,0.28178571466653274,0.006554821428574377,0.11087211451701764,0.90404703151467,-44.81425187247348
679,680.0,0.48795975178779427,7.891236989243557,0.3512494448332024,0.28178545621962314,0.006554821431900132,0.11087211454514453,0.9040470315139116,-44.81425186892185
680,681.0,0.5932626835711517,7.364623205693032,0.35124959872709516,0.28178553172856574,0.006554821430295598,0.11087211453157451,0.9040470315142904,-44.81425187063535
681,682.0,0.8856259611676197,2.698266679106795,0.35124999066238854,0.281785719625555,0.006554821428571764,0.11087211451699554,0.9040470315146696,-44.81425187247627
682,683.0,0.5931323837728432,8.30099754371711,0.3512495291305104,0.28178549888743787,0.006554821430950713,0.11087211453711503,0.9040470315141416,-44.814251869935745
683,684.0,0.43801831217590226,8.700375781195586,0.3512499925000754,0.28178571934328644,0.006554821428571626,0.11087211451699439,0.9040470315146696,-44.81425187247641
684,685.0,0.9286728973332822,6.765779362392025,0.3512498565865333,0.28178565573215164,0.0065548214287828475,0.11087211451878075,0.904047031514631,-44.81425187225084
685,686.0,0.005125112021853062,0.7083880481050862,0.3512499922046073,0.28178571932634844,0.006554821428571634,0.11087211451699444,0.9040470315146697,-44.814251872476405
686,687.0,0.6168047304200348,8.872457852308747,0.3512495131576681,0.28178549114620866,0.006554821431116842,0.11087211453852003,0.9040470315141029,-44.81425186975834
687,688.0,0.41212986617755765,7.055850391010101,0.3512499923751503,0.28178571954544473,0.0065548214285716284,0.1108721145169944,0.9040470315146695,-44.81425187247641
688,689.0,0.180204496820903,0.8240159799616134,0.3512499909665636,0.2817857216555998,0.00655482142857168,0.11087211451699483,0.9040470315146691,-44.814251872476355
689,690.0,0.03314870179806917,3.4725111719210053,0.3512499931678485,0.2817857175405473,0.006554821428571627,0.11087211451699439,0.9040470315146698,-44.81425187247641
690,691.0,0.5072798191620026,7.2494217909980145,0.3512495172335339,0.28178549233961986,0.006554821431077432,0.11087211453818673,0.904047031514109,-44.81425186980042
691,692.0,0.059514517398677635,9.064606454836923,0.3512499938189349,0.2817857162747801,0.006554821428571617,0.1108721145169943,0.9040470315146699,-44.814251872476426
692,693.0,0.9301197816967478,0.1371044049965358,0.3512499790179417,0.2817857434253549,0.00655482142857238,0.11087211451700076,0.9040470315146603,-44.81425187247561
693,694.0,0.32039723702187295,3.379628369543081,0.35124968846966864,0.28178557485896416,0.0065548214296039745,0.11087211452572525,0.9040470315144487,-44.814251871373955
694,695.0,0.4292251802654977,3.649663365892179,0.3512497940056773,0.2817856257570036,0.006554821429015931,0.11087211452075199,0.9040470315145807,-44.81425187200193
695,696.0,0.5929105482067314,0.6962353878917288,0.35124999146965236,0.28178572186833634,0.0065548214285716345,0.11087211451699445,0.9040470315146691,-44.814251872476405
696,697.0,0.21130489957045828,7.558212699161913,0.3512499928919492,0.2817857181805462,0.006554821428571634,0.11087211451699444,0.9040470315146696,-44.814251872476405
697,698.0,0.5279572926882645,5.754894053817995,0.3512496709831021,0.2817855667632239,0.006554821429723962,0.11087211452674002,0.9040470315144222,-44.814251871245816
698,699.0,0.34369585996350893,5.443783784305208,0.35124945657002227,0.2817854635571365,0.0065548214317513315,0.11087211454388608,0.904047031513954,-44.814251869080756
699,700.0,0.5004675877258303,7.6334757461407765,0.35124947891772124,0.2817854742539893,0.0065548214314933,0.11087211454170383,0.9040470315140138,-44.81425186935631
700,701.0,0.9779713213285529,9.455877251283079,0.35124973294136164,0.28178559709559314,0.006554821429324467,0.11087211452336138,0.9040470315145135,-44.81425187167244
701,702.0,0.32904819069652935,2.1743183348942408,0.3512498896381003,0.28178567171831015,0.006554821428694154,0.11087211451803063,0.9040470315146493,-44.814251872345565
702,703.0,0.1325917878792401,6.68915615944343,0.3512499930913863,0.2817857179102967,0.006554821428571629,0.1108721145169944,0.9040470315146696,-44.81425187247641
703,704.0,0.15253015679619053,1.4538955046723208,0.3512497400065583,0.28178560048215395,0.00655482142928447,0.1108721145230231,0.9040470315145223,-44.81425187171516
704,705.0,0.5904587483214405,3.61430062654242,0.35124991203829603,0.28178568203767856,0.006554821428648076,0.11087211451764094,0.904047031514658,-44.81425187239478
705,706.0,0.5870247742350814,3.198247387475909,0.35124993976029606,0.2817856948270684,0.006554821428605993,0.11087211451728503,0.9040470315146656,-44.81425187243971
706,707.0,0.7159788008846498,8.302232640800078,0.35124963666174297,0.2817855512581,0.00655482142997737,0.11087211452888317,0.904047031514367,-44.8142518709752
707,708.0,0.076578845525202,3.8394804178649524,0.3512499925994227,0.2817857187738817,0.006554821428571633,0.11087211451699444,0.9040470315146697,-44.814251872476405
708,709.0,0.6742975108653642,8.991561128242008,0.3512495575943363,0.2817855120727833,0.006554821430671074,0.11087211453475003,0.9040470315142043,-44.81425187023438
709,710.0,0.9828444126490304,4.543758207839804,0.35124996663415053,0.2817857079937957,0.00655482142858078,0.1108721145170718,0.9040470315146696,-44.81425187246664
710,711.0,0.9744332715559068,3.3550819207207048,0.35124998765265275,0.2817857188666009,0.006554821428572161,0.11087211451699891,0.9040470315146696,-44.81425187247584
711,712.0,0.4761694614335329,2.3041656284196885,0.3512499605143488,0.28178570510761597,0.006554821428585093,0.11087211451710828,0.9040470315146689,-44.81425187246203
712,713.0,0.5128716464860004,0.3698504575985626,0.35124999256315437,0.2817857196558298,0.006554821428571609,0.11087211451699425,0.9040470315146696,-44.81425187247643
713,714.0,0.9815930923886824,4.345839634537641,0.35124997187620177,0.2817857099606454,0.006554821428577867,0.11087211451704716,0.9040470315146696,-44.81425187246975
714,715.0,0.040203627901679195,9.224529272550354,0.3512499933653126,0.2817857170807019,0.006554821428571625,0.11087211451699439,0.9040470315146698,-44.81425187247641
715,716.0,0.6740554036824341,8.077189672855818,0.351249618500746,0.28178554183339155,0.006554821430125932,0.1108721145301396,0.9040470315143313,-44.81425187081654
716,717.0,0.35827677089666676,4.101253425468449,0.35124964378873047,0.28178555464441774,0.00655482142992212,0.11087211452841592,0.9040470315143797,-44.814251871034195
717,718.0,0.1101624292164749,5.502295082867811,0.35124999263345763,0.2817857185658878,0.006554821428571646,0.11087211451699454,0.9040470315146696,-44.81425187247639
718,719.0,0.11081288247731291,2.9883518588555615,0.35124999269487134,0.2817857187269313,0.006554821428571628,0.11087211451699439,0.9040470315146696,-44.81425187247641
719,720.0,0.25484552134053284,7.992814284868298,0.35124999278448993,0.281785718457237,0.006554821428571624,0.11087211451699437,0.9040470315146698,-44.81425187247642
720,721.0,0.6740755541935992,3.0846608588984767,0.35124996798938274,0.28178570842739187,0.006554821428579998,0.11087211451706519,0.9040470315146696,-44.81425187246747
721,722.0,0.9040097383713374,0.8208951317410363,0.3512500770947744,0.2817858477247506,0.00655482142873006,0.1108721145183343,0.9040470315144671,-44.814251872307224
722,723.0,0.09068555201647521,4.780832021862608,0.35124999318355365,0.2817857177191758,0.006554821428571618,0.1108721145169943,0.9040470315146698,-44.814251872476426
723,724.0,0.8206160486857198,0.6215646892920624,0.35124999098859466,0.2817857203684375,0.006554821428571698,0.110872114516995,0.9040470315146696,-44.81425187247634
724,725.0,0.4805722982699482,3.157476753925363,0.35124989142397645,0.2817856726146451,0.006554821428690013,0.1108721145179956,0.90404703151465,-44.814251872349985
725,726.0,0.49762397920969104,9.194770887886678,0.3512499923738199,0.28178571953554976,0.0065548214285716284,0.1108721145169944,0.9040470315146696,-44.81425187247641
726,727.0,0.027796875348225947,1.9642937211081832,0.35124999297218445,0.28178571798480223,0.006554821428571625,0.11087211451699439,0.9040470315146698,-44.81425187247641
727,728.0,0.6098205211246458,6.581525368125876,0.351249675887287,0.2817855697821802,0.00655482142968741,0.11087211452643089,0.9040470315144321,-44.81425187128485
728,729.0,0.048777544913320536,4.743900396919789,0.35124999336868873,0.2817857170337796,0.00655482142857164,0.1108721145169945,0.9040470315146696,-44.8142518724764
729,730.0,0.44200315709572713,4.707407140795064,0.3512496830600546,0.28178557323812586,0.006554821429637802,0.11087211452601134,0.9040470315144433,-44.81425187133783
730,731.0,0.23579639164536892,5.852837437387255,0.35124999240725185,0.2817857194750001,0.006554821428571634,0.11087211451699444,0.9040470315146695,-44.814251872476405
731,732.0,0.6535740637074307,4.634146149722701,0.3512498664210691,0.2817856603669357,0.006554821428754109,0.11087211451853769,0.9040470315146366,-44.81425187228154
732,733.0,0.8130232409218631,7.1684614304349505,0.3512497773991336,0.2817856178780556,0.0065548214290920065,0.11087211452139538,0.904047031514564,-44.81425187192069
733,734.0,0.17447919275485768,9.656929720252561,0.35124999306049076,0.28178571789384005,0.006554821428571624,0.11087211451699437,0.9040470315146698,-44.81425187247642
734,735.0,0.20470255462977138,9.59221578732182,0.35124999307032967,0.2817857179861713,0.006554821428571624,0.11087211451699437,0.9040470315146697,-44.81425187247642
735,736.0,0.4200537891047248,1.9556813250226759,0.35124996585962603,0.28178570752825094,0.006554821428581317,0.11087211451707633,0.9040470315146694,-44.814251872466066
736,737.0,0.34109907345930235,2.3324761816013617,0.3512498785484919,0.28178566684669515,0.006554821428720701,0.11087211451825514,0.9040470315146443,-44.814251872317215
737,738.0,0.7544448446921239,6.584509899079086,0.35124978175493304,0.2817856207506679,0.006554821429069855,0.11087211452120804,0.9040470315145703,-44.81425187194435
738,739.0,0.06970557590354554,1.077829430280004,0.3512494711630149,0.2817854696449201,0.006554821431586016,0.11087211454248797,0.9040470315139886,-44.814251869257305
739,740.0,0.46289251045362256,2.2066875057188104,0.3512499623042446,0.28178570684048,0.006554821428583488,0.1108721145170947,0.9040470315146691,-44.81425187246375
740,741.0,0.9213637724300575,4.003542199050402,0.35124997341290104,0.2817857117106161,0.006554821428576873,0.11087211451703875,0.9040470315146698,-44.81425187247081
741,742.0,0.4263111164861968,1.1415957141177837,0.3512499915505495,0.28178572050880946,0.006554821428571662,0.11087211451699469,0.9040470315146694,-44.814251872476376
742,743.0,0.08051290903775521,5.129041437002613,0.35124999299250964,0.28178571813486925,0.0065548214285716215,0.11087211451699434,0.9040470315146697,-44.81425187247642
743,744.0,0.24808698280352215,6.474690372798144,0.3512499929563164,0.2817857181783219,0.0065548214285716215,0.11087211451699434,0.9040470315146698,-44.81425187247642
744,745.0,0.465591093996108,7.480174306701486,0.35124944827396065,0.2817854589565201,0.006554821431853146,0.11087211454474716,0.9040470315139275,-44.81425186897202
745,746.0,0.3824609610288153,3.6287252633020532,0.3512497428122984,0.28178560043523115,0.006554821429272181,0.11087211452291917,0.9040470315145223,-44.81425187172828
746,747.0,0.4535737562816027,6.30706575796368,0.35124953288227473,0.2817855010409846,0.006554821430911052,0.11087211453677959,0.904047031514152,-44.81425186997811
747,748.0,0.6372193553636334,1.837337323353862,0.3512499910779922,0.2817857201071409,0.006554821428571708,0.11087211451699507,0.9040470315146695,-44.814251872476326
748,749.0,0.9295374434274837,8.976965484958493,0.3512497338287248,0.28178559661025304,0.0065548214293216145,0.11087211452333726,0.9040470315145123,-44.81425187167549
749,750.0,0.6775567406533745,0.8429444210998842,0.3512499923730894,0.28178571929998303,0.006554821428571635,0.11087211451699445,0.9040470315146696,-44.814251872476405
750,751.0,0.05452602263422446,3.0707536086875513,0.35124999294279224,0.2817857180171892,0.006554821428571633,0.11087211451699444,0.9040470315146697,-44.814251872476405
751,752.0,0.7050430096540303,1.6026372307214998,0.3512499917247064,0.2817857209578518,0.006554821428571633,0.11087211451699444,0.9040470315146694,-44.814251872476405
752,753.0,0.7016515074212034,5.135901309885595,0.3512498550868367,0.2817856547801812,0.006554821428787743,0.11087211451882215,0.9040470315146295,-44.81425187224562
753,754.0,0.4001095225539196,3.0744962012031616,0.35124983678331084,0.2817856451779762,0.006554821428848936,0.11087211451933968,0.9040470315146155,-44.81425187218027
754,755.0,0.13509468310132744,6.833254349805625,0.35124999283679015,0.2817857183724028,0.00655482142857162,0.11087211451699433,0.9040470315146698,-44.81425187247642
755,756.0,0.5613906869642439,3.6330309298708796,0.35124989650899435,0.2817856739233667,0.0065548214286797616,0.11087211451790892,0.9040470315146513,-44.814251872360934
756,757.0,0.8055845438378875,3.7242155858388597,0.3512499665405797,0.28178570845590667,0.00655482142858072,0.1108721145170713,0.9040470315146695,-44.8142518724667
757,758.0,0.5350972245247834,6.229008053815797,0.35124963490082634,0.28178554926000676,0.006554821429995104,0.11087211452903316,0.9040470315143598,-44.814251870956255
758,759.0,0.93268162585877,8.61362722212669,0.3512497556323181,0.28178560714034373,0.006554821429201735,0.1108721145223234,0.9040470315145392,-44.81425187180351
759,760.0,0.5683764090194062,5.1199706710928,0.3512497672875085,0.28178561344293035,0.006554821429140503,0.11087211452180555,0.9040470315145539,-44.8142518718689
760,761.0,0.9777762393208385,6.341354490874801,0.35124989573280546,0.2817856737306061,0.006554821428681293,0.11087211451792187,0.904047031514651,-44.8142518723593
761,762.0,0.3139721782903462,4.228350828309352,0.35124955157455673,0.2817855100866511,0.006554821430725409,0.11087211453520955,0.9040470315141951,-44.814251870176356
762,763.0,0.07462795165656488,0.8851245580365176,0.351249991633169,0.28178572056989465,0.006554821428571653,0.11087211451699461,0.9040470315146694,-44.81425187247639
763,764.0,0.441210403978638,8.17757144325269,0.35124999229811577,0.2817857196212946,0.006554821428571629,0.1108721145169944,0.9040470315146696,-44.81425187247641
764,765.0,0.4153370852703604,0.04313841286813836,0.35124999156278697,0.281785721071164,0.006554821428571654,0.11087211451699461,0.9040470315146693,-44.81425187247639
765,766.0,0.4230598428028667,3.3109099570002223,0.35124982929298815,0.2817856420654951,0.006554821428874899,0.11087211451955924,0.9040470315146105,-44.814251872152546
766,767.0,0.6989232311096847,2.860807815086518,0.35124997865781826,0.28178571434780997,0.006554821428574607,0.1108721145170196,0.9040470315146699,-44.81425187247323
767,768.0,0.21279366367273977,5.358724133862473,0.3512499926239191,0.28178571898921684,0.00655482142857163,0.11087211451699441,0.9040470315146696,-44.81425187247641
768,769.0,0.28234055173095285,8.717425594448759,0.3512499926642892,0.28178571886814036,0.006554821428571631,0.11087211451699443,0.9040470315146696,-44.814251872476405
769,770.0,0.3450932905241262,4.84502264657558,0.3512495277440562,0.28178549695224914,0.006554821430970461,0.11087211453728203,0.9040470315141322,-44.814251869914656
770,771.0,0.020666607128332903,2.7273665138991814,0.3512499938584484,0.28178571608924385,0.006554821428571621,0.11087211451699433,0.9040470315146699,-44.81425187247642
771,772.0,0.10258945671338227,1.912229229631393,0.3512499924312285,0.28178571930412144,0.0065548214285716284,0.1108721145169944,0.9040470315146696,-44.81425187247641
772,773.0,0.0725918885270026,4.994410906927499,0.35124999330815715,0.2817857175031361,0.006554821428571625,0.11087211451699439,0.9040470315146697,-44.81425187247641
773,774.0,0.9458749097472433,4.638607061891739,0.3512499587002379,0.2817857039714439,0.006554821428586608,0.11087211451712108,0.9040470315146688,-44.81425187246042
774,775.0,0.3665983201669979,3.9764688826385832,0.3512496734140694,0.28178556833257323,0.006554821429705551,0.11087211452658433,0.9040470315144273,-44.814251871265476
775,776.0,0.5094854002215519,4.245908820259691,0.3512498024137508,0.28178563068108115,0.006554821428978017,0.11087211452043134,0.9040470315145903,-44.814251872042426
776,777.0,0.7293253826588302,6.284907384154713,0.3512497879258958,0.28178562276641805,0.006554821429043286,0.11087211452098335,0.9040470315145746,-44.81425187197272
777,778.0,0.8021826010714347,9.731794093852477,0.3512496114673492,0.2817855388599593,0.00655482143018303,0.11087211453062251,0.9040470315143195,-44.81425187075557
778,779.0,0.3472136079232828,8.472467103937465,0.35124999264866497,0.28178571873393476,0.006554821428571627,0.11087211451699439,0.9040470315146697,-44.81425187247641
779,780.0,0.29706157045999626,8.951442448067247,0.3512499928309749,0.2817857184487789,0.006554821428571632,0.11087211451699443,0.9040470315146696,-44.814251872476405
780,781.0,0.8867641410961001,3.449992578996937,0.35124998237663513,0.28178571581528405,0.006554821428573431,0.11087211451700964,0.9040470315146697,-44.814251872474486
781,782.0,0.5915324962489561,1.2703622416758449,0.35125042538576756,0.28178581804476877,0.006554821430174281,0.1108721145305485,0.9040470315145472,-44.814251870764906
782,783.0,0.7191310358111769,1.9048303123671815,0.3512499919499419,0.28178571975000594,0.006554821428571655,0.11087211451699464,0.9040470315146695,-44.81425187247638
783,784.0,0.25448839481087504,0.21317639205827105,0.3512499926875458,0.2817857188647246,0.006554821428571637,0.11087211451699448,0.9040470315146695,-44.8142518724764
784,785.0,0.4354851433106889,1.6179975436455478,0.35124998473280145,0.2817857174023873,0.0065548214285727595,0.11087211451700396,0.9040470315146697,-44.814251872475204
785,786.0,0.14460184446095592,5.324405377490814,0.35124999289312,0.2817857182316813,0.006554821428571625,0.11087211451699439,0.9040470315146697,-44.81425187247641
786,787.0,0.47190269920773853,1.62460980742736,0.35124998779331035,0.28178571858249,0.006554821428572159,0.1108721145169989,0.9040470315146696,-44.81425187247585
787,788.0,0.2459063579800247,9.878571390762382,0.3512499932060538,0.28178571766214183,0.006554821428571627,0.11087211451699439,0.9040470315146697,-44.81425187247641
788,789.0,0.20758956672511208,2.9006301860895767,0.35124953030454825,0.2817854991317756,0.006554821430940147,0.11087211453702565,0.9040470315141427,-44.81425186994703
789,790.0,0.8195643475463068,6.706239047114183,0.35124981043942266,0.2817856338604033,0.006554821428946027,0.1108721145201608,0.9040470315145963,-44.81425187207659
790,791.0,0.7799869122588323,7.631556192280867,0.351249727137962,0.28178559404261305,0.006554821429358811,0.11087211452365185,0.9040470315145054,-44.81425187163577
791,792.0,0.5923227869672874,5.10015651109082,0.35124978826956216,0.2817856229609418,0.006554821429041675,0.11087211452096972,0.9040470315145749,-44.814251871974434
792,793.0,0.04875957527467978,4.181078749108751,0.35124999345091396,0.2817857170105816,0.00655482142857163,0.11087211451699441,0.9040470315146697,-44.81425187247641
793,794.0,0.19051219367802852,1.0278181641240345,0.3512499416627048,0.2817856961710293,0.006554821428603475,0.11087211451726374,0.9040470315146663,-44.814251872442405
794,795.0,0.5362833413737523,8.14006122394946,0.35124948197721634,0.28178547547033406,0.00655482143146001,0.11087211454142229,0.9040470315140205,-44.81425186939186
795,796.0,0.7936509637762076,9.403777944884032,0.3512496242896787,0.2817855458429025,0.00655482143007425,0.11087211452970253,0.904047031514347,-44.814251870871736
796,797.0,0.61120448791436,4.541022448629009,0.3512498491322128,0.2817856529250148,0.006554821428805077,0.11087211451896875,0.904047031514627,-44.8142518722271
797,798.0,0.10855686345371884,6.864674029944345,0.3512499930136788,0.28178571809188285,0.006554821428571622,0.11087211451699436,0.9040470315146697,-44.81425187247642
798,799.0,0.17508013689245072,4.762023529269911,0.3512499926443505,0.281785718865529,0.0065548214285716284,0.1108721145169944,0.9040470315146696,-44.81425187247641
799,800.0,0.18840824521038047,7.205786228021228,0.3512499927807243,0.2817857184528788,0.006554821428571625,0.11087211451699439,0.9040470315146697,-44.81425187247641
800,801.0,0.5170463526961839,7.093436071034004,0.3512495409039262,0.2817855044240756,0.0065548214308325786,0.11087211453611592,0.9040470315141683,-44.81425187006191
801,802.0,0.6049778990583436,4.796998758889088,0.35124982349816536,0.2817856403232715,0.006554821428894717,0.11087211451972685,0.9040470315146075,-44.81425187213138
802,803.0,0.987895008942691,4.9145388601416995,0.3512499559644852,0.281785703805393,0.006554821428588511,0.11087211451713717,0.9040470315146687,-44.814251872458385
803,804.0,0.8373014787665038,2.99094693534978,0.3512499868252311,0.2817857174459097,0.006554821428572378,0.11087211451700074,0.9040470315146698,-44.81425187247561
804,805.0,0.22850486023050975,3.0524961932377277,0.3512495562146859,0.28178551221975406,0.006554821430680964,0.11087211453483367,0.9040470315142052,-44.81425187022381
805,806.0,0.8502594690301252,4.3033225897799765,0.35124995354269484,0.2817857013717993,0.006554821428591165,0.11087211451715963,0.9040470315146679,-44.81425187245555
806,807.0,0.6025995368656328,2.646818675476391,0.3512499722958721,0.2817857113050081,0.006554821428577405,0.11087211451704325,0.9040470315146698,-44.814251872470244
807,808.0,0.9850004747595513,3.740589865583395,0.3512499839834962,0.28178571589805473,0.0065548214285730535,0.11087211451700646,0.9040470315146698,-44.81425187247489
808,809.0,0.9463285311999795,1.429052681757919,0.3512499908780216,0.28178572033324706,0.006554821428571726,0.11087211451699522,0.9040470315146694,-44.814251872476305
809,810.0,0.07465933566698957,2.6018972544919547,0.35124999286629544,0.2817857183146033,0.0065548214285716284,0.1108721145169944,0.9040470315146697,-44.81425187247641
810,811.0,0.3510384689036572,1.0528700875566404,0.3512499904433685,0.28178572038856986,0.006554821428571765,0.11087211451699557,0.9040470315146694,-44.81425187247626
811,812.0,0.45258368370750257,2.5448896377707824,0.3512499328887049,0.2817856919863562,0.006554821428614692,0.11087211451735861,0.9040470315146641,-44.814251872430425
812,813.0,0.3553009369331682,8.159893094632926,0.3512499927678568,0.28178571837184213,0.006554821428571637,0.11087211451699448,0.9040470315146696,-44.8142518724764
813,814.0,0.031957981155288806,4.115430668575273,0.35124999324422884,0.2817857174030564,0.006554821428571631,0.11087211451699443,0.9040470315146697,-44.814251872476405
814,815.0,0.9465306802529413,9.302296982950288,0.3512497251678872,0.28178559220478516,0.006554821429372693,0.11087211452376924,0.9040470315145002,-44.81425187162095
815,816.0,0.39346525956082357,0.9703542557802016,0.3512499915925066,0.28178572083597964,0.00655482142857165,0.11087211451699458,0.9040470315146694,-44.81425187247639
816,817.0,0.8612373245156814,3.485207593506001,0.35124997946268416,0.2817857148678092,0.006554821428574301,0.11087211451701699,0.9040470315146698,-44.81425187247356
817,818.0,0.6502393238518324,2.1010320652197594,0.35124998936929397,0.2817857195832619,0.006554821428571892,0.11087211451699663,0.9040470315146696,-44.81425187247613
818,819.0,0.88230444061034,9.059114200181414,0.35124970238603537,0.2817855822782767,0.00655482142951051,0.1108721145249348,0.9040470315144715,-44.814251871473765
819,820.0,0.930410679971981,9.657461735477172,0.3512496967147228,0.2817855797198488,0.006554821429546767,0.11087211452524143,0.9040470315144636,-44.81425187143505
820,821.0,0.2943643534182421,8.89416560575627,0.3512499924174428,0.2817857190891711,0.006554821428571639,0.1108721145169945,0.9040470315146696,-44.8142518724764
821,822.0,0.4566913458592894,9.79484142619671,0.35124999264570456,0.2817857188307269,0.006554821428571627,0.11087211451699439,0.9040470315146697,-44.81425187247641
822,823.0,0.4761236270968815,9.258176849986434,0.3512499921726341,0.28178571987709455,0.006554821428571641,0.11087211451699451,0.9040470315146694,-44.8142518724764
823,824.0,0.47089466200689134,8.270468865461698,0.3512499920906447,0.28178572003507224,0.00655482142857164,0.1108721145169945,0.9040470315146694,-44.8142518724764
824,825.0,0.2270986365267066,2.3611068848341272,0.3512496959278575,0.28178557887846434,0.006554821429553219,0.110872114525296,0.9040470315144611,-44.814251871428155
825,826.0,0.22571866065141888,5.243355550194203,0.35124999226375664,0.2817857195974286,0.006554821428571627,0.11087211451699439,0.9040470315146696,-44.81425187247641
826,827.0,0.4156540734663391,1.5134661193679029,0.3512499857360907,0.2817857173885056,0.006554821428572572,0.1108721145170024,0.9040470315146697,-44.8142518724754
827,828.0,0.4907297955516371,2.284386726948033,0.3512499660135414,0.2817857072456271,0.0065548214285813125,0.1108721145170763,0.9040470315146694,-44.814251872466066
828,829.0,0.6660733508529816,0.6881146327466066,0.3512499922505082,0.2817857206374619,0.006554821428571608,0.11087211451699423,0.9040470315146695,-44.81425187247643
829,830.0,0.08473150567890653,8.17791858821602,0.351249993255368,0.2817857173609679,0.006554821428571627,0.11087211451699439,0.9040470315146698,-44.81425187247641
830,831.0,0.7742218819592108,1.0661683522169163,0.35124999190355366,0.2817857202743748,0.0065548214285716415,0.11087211451699451,0.9040470315146695,-44.8142518724764
831,832.0,0.5970114207203386,1.0149939750314756,0.3512499991966039,0.28178572358040394,0.006554821428571611,0.11087211451699425,0.9040470315146687,-44.81425187247643
832,833.0,0.32505070242517065,6.210001075451714,0.35124999216934677,0.2817857197649605,0.006554821428571649,0.11087211451699458,0.9040470315146694,-44.81425187247639
833,834.0,0.1446881486171402,8.19790986147071,0.351249993197774,0.2817857174747284,0.006554821428571633,0.11087211451699444,0.9040470315146697,-44.814251872476405
834,835.0,0.2375296576215542,3.37049184516992,0.3512495214530239,0.2817854947089921,0.006554821431031899,0.11087211453780163,0.9040470315141209,-44.814251869849045
835,836.0,0.6228015524446456,7.968956024299086,0.35124958094444797,0.28178552430585524,0.006554821430449206,0.11087211453287364,0.9040470315142589,-44.81425187047131
836,837.0,0.825482409899298,4.354088315874182,0.3512499459600954,0.28178569847560986,0.006554821428598483,0.11087211451722151,0.904047031514667,-44.814251872447734
837,838.0,0.7397660627690457,7.174513488287875,0.35124973151212746,0.28178559611663384,0.006554821429333424,0.11087211452343713,0.9040470315145108,-44.814251871662876
838,839.0,0.28578688221852355,3.9026382763037004,0.35124954340967485,0.28178550598286617,0.006554821430806192,0.11087211453589275,0.904047031514176,-44.81425187009008
839,840.0,0.3910334726597381,4.099822398487771,0.35124969120630084,0.2817855772276816,0.0065548214295826435,0.11087211452554484,0.9040470315144561,-44.814251871396735
840,841.0,0.3593298947150214,1.4424446517636722,0.35124998010560327,0.28178571503643773,0.006554821428574102,0.11087211451701533,0.9040470315146698,-44.81425187247377
841,842.0,0.9051106417367598,9.976183654471562,0.3512496645216374,0.28178556462413196,0.0065548214297673334,0.11087211452710682,0.9040470315144148,-44.8142518711995
842,843.0,0.9311816181793994,0.5123908247082514,0.35124999201477697,0.28178572091989057,0.006554821428571622,0.11087211451699436,0.9040470315146694,-44.81425187247642
843,844.0,0.6235928686544625,5.924760733922266,0.35124974184176666,0.28178560065011166,0.00655482142927595,0.11087211452295105,0.9040470315145228,-44.81425187172425
844,845.0,0.3473011181661183,3.7658625352558155,0.35124967360017945,0.2817855682088001,0.006554821429704886,0.11087211452657869,0.9040470315144269,-44.81425187126619
845,846.0,0.8627880315884684,4.277899705938222,0.35124995686999627,0.2817857030403957,0.0065548214285881725,0.11087211451713432,0.9040470315146684,-44.81425187245874
846,847.0,0.19350047900873013,5.649739202562465,0.3512499926280758,0.2817857188320001,0.006554821428571642,0.11087211451699452,0.9040470315146695,-44.81425187247639
847,848.0,0.028885591977905856,1.6540488178304538,0.3512499932436736,0.28178571761848015,0.0065548214285716345,0.11087211451699445,0.9040470315146696,-44.814251872476405
848,849.0,0.6948960781636935,2.8712370842262365,0.3512499785143566,0.2817857127615079,0.006554821428574899,0.11087211451702206,0.9040470315146698,-44.814251872472916
849,850.0,0.9031242940084493,4.155207497981271,0.3512499669775029,0.28178570868170716,0.006554821428580446,0.11087211451706898,0.9040470315146694,-44.814251872467
850,851.0,0.640942101505397,2.50333114617999,0.351249981804855,0.2817857163752943,0.006554821428573486,0.11087211451701012,0.9040470315146699,-44.81425187247443
851,852.0,0.6077518663156292,9.642429546394185,0.351249455866932,0.2817854623202706,0.006554821431764194,0.11087211454399486,0.904047031513947,-44.81425186906702
852,853.0,0.09119383912676005,0.3234743654590895,0.3512499926491408,0.2817857196251176,0.006554821428571608,0.11087211451699423,0.9040470315146695,-44.81425187247643
853,854.0,0.8717134987207655,0.16068570929490977,0.3512500014646993,0.2817857039468219,0.006554821428571606,0.1108721145169942,0.9040470315146687,-44.81425187247644
854,855.0,0.7544791584047911,2.1310742550198456,0.351249991406563,0.28178571987752865,0.0065548214285716866,0.1108721145169949,0.9040470315146696,-44.81425187247635
855,856.0,0.7347790837962,4.096670728991987,0.35124993475784,0.28178569287499894,0.006554821428612164,0.11087211451733721,0.9040470315146647,-44.81425187243312
856,857.0,0.9328408923764021,9.11599120362019,0.3512497271881619,0.28178559527197544,0.006554821429355501,0.11087211452362383,0.9040470315145086,-44.8142518716393
857,858.0,0.06768171747626284,7.714635055065109,0.3512499933834018,0.2817857172690313,0.006554821428571622,0.11087211451699436,0.9040470315146698,-44.81425187247642
858,859.0,0.9970111785534739,5.761457436101271,0.3512499268096024,0.2817856888128955,0.006554821428623623,0.11087211451743413,0.9040470315146625,-44.81425187242088
859,860.0,0.6902619666444608,4.48017547653439,0.35124989519623045,0.2817856742621633,0.006554821428681729,0.11087211451792554,0.9040470315146516,-44.81425187235883
860,861.0,0.9664616302764267,0.7130275945735758,0.3512499906324384,0.2817857199110076,0.00655482142857176,0.11087211451699551,0.9040470315146695,-44.81425187247627
861,862.0,0.07656242644130962,3.4149275507560075,0.35124999260029677,0.28178571867399965,0.006554821428571637,0.11087211451699448,0.9040470315146696,-44.8142518724764
862,863.0,0.29359012916619476,2.310922409321088,0.3512498266665001,0.2817856416981637,0.006554821428883129,0.11087211451962886,0.90404703151461,-44.81425187214375
863,864.0,0.2554737408116785,8.819183069383019,0.35124999282562563,0.28178571846489636,0.006554821428571627,0.11087211451699439,0.9040470315146697,-44.81425187247641
864,865.0,0.7280061504112912,0.19620934825747316,0.3512499915114765,0.28178571965702215,0.00655482142857169,0.11087211451699493,0.9040470315146696,-44.81425187247635
865,866.0,0.9137997357218992,3.9122278357017857,0.35124997486129234,0.28178571234809724,0.00655482142857621,0.11087211451703315,0.9040470315146698,-44.814251872471516
866,867.0,0.852503912082047,3.943284742003476,0.35124996668228126,0.2817857079199992,0.006554821428580786,0.11087211451707185,0.9040470315146695,-44.814251872466635
867,868.0,0.8813901362050299,6.051328443258197,0.35124987757455406,0.28178566521281306,0.0065548214287244905,0.1108721145182872,0.9040470315146424,-44.814251872313164
868,869.0,0.1863463466708286,1.6554733193703082,0.3512497736539619,0.28178561687172227,0.006554821429108388,0.11087211452153393,0.9040470315145619,-44.814251871903195
869,870.0,0.9989746104118418,5.576326547898337,0.351249934506363,0.28178569299761413,0.006554821428612364,0.11087211451733892,0.9040470315146647,-44.81425187243291
870,871.0,0.4682267569709706,3.51395218525761,0.35124984555702515,0.28178565014681,0.006554821428818139,0.11087211451907922,0.9040470315146231,-44.81425187221316
871,872.0,0.406434256300363,2.123661577076633,0.3512499482895669,0.28178569814721005,0.006554821428596655,0.11087211451720605,0.9040470315146668,-44.81425187244969
872,873.0,0.13517994391512667,1.483048373743804,0.3512496673114612,0.28178556518568343,0.006554821429749624,0.11087211452695706,0.9040470315144168,-44.81425187121841
873,874.0,0.8378222109769506,1.3230345742933716,0.3512499905165126,0.281785722440354,0.006554821428571688,0.11087211451699491,0.9040470315146691,-44.81425187247635
874,875.0,0.8497300246793275,2.423332106382567,0.35124999119264294,0.2817857203825335,0.006554821428571693,0.11087211451699494,0.9040470315146695,-44.81425187247635
875,876.0,0.023172801557787448,3.7138144273403157,0.3512499934006129,0.28178571711544265,0.0065548214285716284,0.1108721145169944,0.9040470315146697,-44.81425187247641
876,877.0,0.16666114885126992,0.6824473897296648,0.35124999249888417,0.28178571973522565,0.006554821428571614,0.11087211451699427,0.9040470315146695,-44.814251872476426
877,878.0,0.07337994989906327,0.14375190885045566,0.3512499932864202,0.28178571693194204,0.00655482142857164,0.1108721145169945,0.9040470315146698,-44.8142518724764
878,879.0,0.10560461620815642,5.3320828115514685,0.3512499930661364,0.2817857176220695,0.006554821428571637,0.11087211451699448,0.9040470315146697,-44.8142518724764
879,880.0,0.156092189490197,4.197831740614674,0.351249992672555,0.2817857187520166,0.0065548214285716345,0.11087211451699445,0.9040470315146696,-44.814251872476405
880,881.0,0.5885689726657068,7.076507791366588,0.3512496165330579,0.28178554123966754,0.00655482143014095,0.11087211453026662,0.904047031514329,-44.81425187080051
881,882.0,0.4814056932172682,3.9028588528376864,0.3512498147417569,0.2817856351649079,0.006554821428930106,0.11087211452002615,0.9040470315145986,-44.814251872093585
882,883.0,0.37832593513434576,0.7496937089580332,0.35124999239988797,0.2817857191148554,0.006554821428571634,0.11087211451699444,0.9040470315146697,-44.814251872476405
883,884.0,0.780765491071115,9.092661187004653,0.35124963467352227,0.28178554909317743,0.006554821429997104,0.11087211452905006,0.9040470315143592,-44.81425187095412
884,885.0,0.502683984478437,9.673969404766272,0.35124999228989445,0.2817857196439877,0.006554821428571625,0.11087211451699439,0.9040470315146696,-44.81425187247641
885,886.0,0.7002724402612548,4.64726707696136,0.35124988861922124,0.28178567048154374,0.006554821428697275,0.11087211451805704,0.904047031514648,-44.81425187234223
886,887.0,0.5359908320785675,5.743188873736131,0.3512496798143773,0.2817855716666257,0.006554821429660128,0.11087211452620016,0.9040470315144383,-44.814251871313985
887,888.0,0.3642970237061274,7.073654498786847,0.35124999227850884,0.28178571954962806,0.006554821428571635,0.11087211451699445,0.9040470315146696,-44.814251872476405
888,889.0,0.2567979762416146,6.973532711547429,0.35124999283918856,0.28178571866702584,0.006554821428571616,0.11087211451699429,0.9040470315146697,-44.814251872476426
889,890.0,0.04373958807540945,6.540835206890494,0.35124999352518155,0.28178571679021636,0.006554821428571631,0.11087211451699443,0.9040470315146698,-44.814251872476405
890,891.0,0.016525316461281303,4.997150860473199,0.3512499935291976,0.28178571671228764,0.0065548214285716154,0.11087211451699429,0.90404703151467,-44.814251872476426
891,892.0,0.17903606715893017,7.324632500133493,0.3512499928880894,0.28178571841338795,0.006554821428571628,0.11087211451699439,0.9040470315146696,-44.81425187247641
892,893.0,0.5866281774601272,8.901458089829612,0.35124948205000417,0.28178547504445545,0.00655482143146142,0.11087211454143422,0.9040470315140182,-44.814251869390354
893,894.0,0.7729998634803306,1.8134596552675835,0.3512499920842647,0.2817857201931414,0.006554821428571626,0.11087211451699439,0.9040470315146696,-44.81425187247641
894,895.0,0.779867616527229,6.94741612377919,0.3512497725374999,0.28178561592930934,0.0065548214291146715,0.11087211452158707,0.9040470315145597,-44.81425187189649
895,896.0,0.6392383708774274,7.396695892257971,0.35124963803072884,0.281785551485562,0.006554821429968082,0.11087211452880462,0.904047031514368,-44.81425187098512
896,897.0,0.3334909353469523,6.877784343310587,0.3512499928159819,0.28178571844415384,0.006554821428571625,0.11087211451699439,0.9040470315146697,-44.81425187247641
897,898.0,0.9284263550760912,9.510937668371588,0.35124970351033874,0.28178558275800014,0.006554821429503471,0.11087211452487526,0.9040470315144731,-44.81425187148128
898,899.0,0.2483928805334169,8.461397022583057,0.35124999292490955,0.2817857182166895,0.006554821428571627,0.11087211451699439,0.9040470315146697,-44.81425187247641
899,900.0,0.23231441021457278,0.5250716770333537,0.35124999251314293,0.2817857197484469,0.006554821428571613,0.11087211451699426,0.9040470315146695,-44.814251872476426
900,901.0,0.6763094590606782,6.914757920483923,0.3512497045105786,0.28178558341848386,0.006554821429496607,0.11087211452481721,0.9040470315144749,-44.81425187148861
901,902.0,0.508902714158795,7.485358326003617,0.351249499737297,0.2817854853312571,0.006554821431257537,0.11087211453970992,0.9040470315140731,-44.814251869608086
902,903.0,0.34796742956717375,9.723812403024787,0.3512499930918824,0.28178571786338313,0.006554821428571633,0.11087211451699444,0.9040470315146696,-44.814251872476405
903,904.0,0.21242298368649581,1.2388119430875648,0.35124992452228926,0.28178568802269943,0.00655482142862693,0.1108721145174621,0.904047031514662,-44.81425187241736
904,905.0,0.5477427798493919,0.9930741905315104,0.3512500279774524,0.28178573356432723,0.006554821428581614,0.11087211451707886,0.9040470315146658,-44.814251872465746
905,906.0,0.2347998177057351,1.4300023850386003,0.35124991341244094,0.28178568268094406,0.006554821428645587,0.11087211451761989,0.9040470315146586,-44.81425187239743
906,907.0,0.3938814164479524,9.991434010372009,0.35124999252943745,0.28178571917029877,0.0065548214285716284,0.1108721145169944,0.9040470315146696,-44.81425187247641
907,908.0,0.059378532686621854,2.267812443718823,0.3512499926549111,0.2817857187394865,0.006554821428571628,0.11087211451699439,0.9040470315146697,-44.81425187247641
908,909.0,0.6303326858589511,0.5442003251958994,0.3512499912211207,0.2817857217801307,0.0065548214285716545,0.11087211451699462,0.9040470315146691,-44.81425187247638
909,910.0,0.44456854698549864,7.256227233044784,0.3512494390030016,0.28178545420078277,0.006554821431966787,0.11087211454570825,0.9040470315138998,-44.81425186885067
910,911.0,0.9157087329371776,4.362288318578579,0.3512499624832128,0.2817857067746336,0.006554821428583403,0.11087211451709397,0.9040470315146691,-44.814251872463835
911,912.0,0.9147154672292692,4.718213674869399,0.3512499502011661,0.2817857001547909,0.006554821428594222,0.11087211451718547,0.9040470315146676,-44.81425187245228
912,913.0,0.7032949206368212,1.1443592461885834,0.35124999289516495,0.28178572009649605,0.006554821428571576,0.11087211451699397,0.9040470315146696,-44.81425187247647
913,914.0,0.3726134993197514,0.7992986056652628,0.3512499925854003,0.2817857196120637,0.006554821428571606,0.1108721145169942,0.9040470315146696,-44.81425187247644
914,915.0,0.816461146494427,6.746553974712894,0.35124980640752834,0.2817856317862187,0.006554821428962786,0.11087211452030253,0.9040470315145923,-44.81425187205869
915,916.0,0.1295306135963994,0.2361677112244981,0.35124999300839843,0.28178571803014263,0.006554821428571633,0.11087211451699444,0.9040470315146696,-44.814251872476405
916,917.0,0.8654183574014888,0.13405388286997535,0.3512499918205361,0.2817857167988368,0.0065548214285717716,0.1108721145169956,0.9040470315146698,-44.814251872476255
917,918.0,0.09622990389042341,8.66621930081476,0.35124999363774323,0.2817857167708536,0.006554821428571622,0.11087211451699436,0.9040470315146698,-44.81425187247642
918,919.0,0.32489357282569964,6.345759100096724,0.3512499923242906,0.28178571941698033,0.006554821428571632,0.11087211451699443,0.9040470315146696,-44.814251872476405
919,920.0,0.3306384193623718,1.7704066524819337,0.3512499435248724,0.2817856962798091,0.006554821428601684,0.11087211451724859,0.9040470315146664,-44.814251872444316
920,921.0,0.6993116664765567,3.90817676819605,0.3512499341997984,0.2817856927885153,0.0065548214286128125,0.1108721145173427,0.9040470315146646,-44.81425187243243
921,922.0,0.9986154930860933,9.568700804901606,0.35124973742035365,0.2817855992689256,0.00655482142929891,0.11087211452314524,0.9040470315145194,-44.81425187169974
922,923.0,0.12684767970965471,5.681503313878353,0.3512499930187759,0.28178571801734237,0.006554821428571611,0.11087211451699425,0.9040470315146699,-44.81425187247643
923,924.0,0.35206352527286966,9.847932118104804,0.3512499923970323,0.28178571950400805,0.0065548214285716345,0.11087211451699445,0.9040470315146695,-44.814251872476405
924,925.0,0.2613235872917731,1.994698342832313,0.35124983903820944,0.2817856471722811,0.0065548214288397915,0.11087211451926234,0.9040470315146186,-44.814251872190034
925,926.0,0.4844744418970127,6.249298140953477,0.351249576776385,0.28178552123101586,0.006554821430491408,0.11087211453323055,0.9040470315142455,-44.81425187042625
926,927.0,0.054474172122780495,4.684440621745795,0.3512499936883148,0.2817857164819848,0.006554821428571622,0.11087211451699436,0.9040470315146699,-44.81425187247642
927,928.0,0.18865289079131342,4.279588047552435,0.3512499924951171,0.28178571906721417,0.0065548214285716284,0.1108721145169944,0.9040470315146697,-44.81425187247641
928,929.0,0.7044167032731024,2.4864461144349694,0.35124998661554274,0.28178571888469156,0.0065548214285723145,0.1108721145170002,0.9040470315146696,-44.81425187247568
929,930.0,0.9183154705388289,1.5470637799292377,0.3512499975876916,0.2817857221119996,0.006554821428571495,0.11087211451699328,0.9040470315146691,-44.814251872476554
930,931.0,0.2666089186223417,2.2365733837087034,0.3512497993114251,0.28178562963704273,0.00655482142899039,0.11087211452053598,0.9040470315145883,-44.81425187202921
931,932.0,0.9074564233447462,5.052378251129757,0.3512499348631594,0.2817856933298159,0.006554821428611793,0.11087211451733409,0.9040470315146649,-44.814251872433516
932,933.0,0.6428789944383466,6.698759394114247,0.3512496948272172,0.2817855782717794,0.006554821429560652,0.11087211452535886,0.9040470315144594,-44.81425187142022
933,934.0,0.8983208766370654,0.42631303471370735,0.3512499905110411,0.28178571980314715,0.0065548214285717716,0.1108721145169956,0.9040470315146695,-44.814251872476255
934,935.0,0.2635530598448039,0.08323146708387981,0.3512499910885302,0.2817857227776022,0.0065548214285716345,0.11087211451699445,0.9040470315146691,-44.814251872476405
935,936.0,0.3621214458751919,8.574278264549044,0.3512499923401824,0.2817857194160313,0.006554821428571631,0.11087211451699443,0.9040470315146696,-44.814251872476405
936,937.0,0.896186829933788,3.5053831882209563,0.3512499821213497,0.28178571543463216,0.006554821428573517,0.11087211451701037,0.90404703151467,-44.8142518724744
937,938.0,0.5659897235295118,9.297414137483358,0.35124943534148956,0.28178545227055174,0.006554821432012487,0.11087211454609476,0.9040470315138882,-44.81425186880186
938,939.0,0.369322768040372,6.488230768244391,0.35124999245507227,0.2817857192879455,0.006554821428571622,0.11087211451699436,0.9040470315146697,-44.81425187247642
939,940.0,0.5848038734873056,4.55612259898688,0.35124983080566957,0.28178564373522136,0.006554821428867958,0.11087211451950055,0.9040470315146132,-44.81425187215996
940,941.0,0.795171426966472,9.130634904738477,0.3512496421936167,0.2817855535992496,0.006554821429935339,0.1108721145285277,0.9040470315143759,-44.81425187102008
941,942.0,0.08947733005220992,6.307252016289107,0.3512499931385875,0.28178571781753275,0.006554821428571623,0.11087211451699436,0.9040470315146697,-44.81425187247642
942,943.0,0.2146378436852896,7.262601604263028,0.35124999285213443,0.2817857184881581,0.0065548214285716284,0.1108721145169944,0.9040470315146696,-44.81425187247641
943,944.0,0.4450440949606449,2.6234553783009806,0.3512499220535397,0.2817856861610399,0.006554821428631314,0.11087211451749919,0.9040470315146607,-44.814251872412676
944,945.0,0.07265139146248112,8.037989564246487,0.3512499932349494,0.2817857174132452,0.006554821428571632,0.11087211451699443,0.9040470315146697,-44.814251872476405
945,946.0,0.4742497895101374,9.709212431466224,0.35124999267481316,0.2817857189562527,0.006554821428571625,0.11087211451699439,0.9040470315146696,-44.81425187247641
946,947.0,0.4143509930809294,6.694203981320405,0.3512494450090113,0.28178545766358837,0.0065548214318909585,0.11087211454506696,0.9040470315139202,-44.81425186893165
947,948.0,0.8351511382260157,2.833018697797345,0.35124998787951905,0.28178571967523786,0.006554821428572071,0.11087211451699813,0.9040470315146696,-44.81425187247594
948,949.0,0.6301083009874194,6.1870301327750035,0.3512497254078227,0.28178559319582774,0.006554821429369049,0.11087211452373842,0.9040470315145029,-44.81425187162483
949,950.0,0.3198982252326946,2.657596492304245,0.35124980413796636,0.2817856305452304,0.006554821428972498,0.11087211452038467,0.9040470315145901,-44.81425187204832
950,951.0,0.9084964280086824,2.5858220135979284,0.35124999146750135,0.28178571986259676,0.006554821428571684,0.11087211451699487,0.9040470315146696,-44.81425187247635
951,952.0,0.59029666580132,8.6865949101833,0.3512494997449869,0.2817854847616995,0.0065548214312601315,0.11087211453973186,0.9040470315140701,-44.814251869605314
952,953.0,0.7859416095034021,4.22435477335613,0.35124994247155544,0.28178569649142493,0.006554821428602568,0.11087211451725607,0.9040470315146663,-44.814251872443364
953,954.0,0.9914897978432887,6.255906423232363,0.3512499033230999,0.28178567856322484,0.006554821428664249,0.11087211451777772,0.9040470315146554,-44.814251872377504
954,955.0,0.7477070348385974,2.237490118814917,0.3512499909490254,0.2817857197701402,0.006554821428571734,0.1108721145169953,0.9040470315146695,-44.8142518724763
955,956.0,0.42197964975951663,6.791687595953717,0.35124944719173573,0.28178545844843333,0.006554821431866067,0.11087211454485645,0.9040470315139246,-44.81425186895822
956,957.0,0.7776409693366763,7.446435380869708,0.351249737805216,0.2817855993718331,0.006554821429296947,0.11087211452312863,0.9040470315145195,-44.81425187170183
957,958.0,0.45418020708399387,4.737626563573957,0.35124969411413864,0.28178557825710104,0.006554821429564434,0.11087211452539085,0.9040470315144592,-44.814251871416175
958,959.0,0.18833067697250505,7.6811087702732985,0.35124999295264947,0.28178571803567276,0.006554821428571627,0.11087211451699439,0.9040470315146698,-44.81425187247641
959,960.0,0.08931601097799113,7.726839905569996,0.35124999294583403,0.28178571787833057,0.006554821428571636,0.11087211451699447,0.9040470315146697,-44.814251872476405
960,961.0,0.3127983764315475,1.930951810617048,0.3512499096433427,0.28178568125196035,0.006554821428652236,0.11087211451767612,0.9040470315146574,-44.81425187239033
961,962.0,0.6124558339615332,7.629397734254317,0.3512495966063439,0.2817855312035787,0.006554821430312221,0.11087211453171511,0.9040470315142882,-44.8142518706176
962,963.0,0.07684320277409318,2.564781464702458,0.35124999261173667,0.2817857187639112,0.006554821428571635,0.11087211451699445,0.9040470315146696,-44.814251872476405
963,964.0,0.0022183920147234026,4.366334518365744,0.35124999409942204,0.28178571570991967,0.006554821428571625,0.11087211451699439,0.9040470315146698,-44.81425187247641
964,965.0,0.6589330058429946,4.771458332635777,0.3512498590044262,0.2817856564288143,0.006554821428776157,0.11087211451872417,0.9040470315146317,-44.814251872258
965,966.0,0.24727360197893034,7.393118373427878,0.35124999253979283,0.28178571895407595,0.00655482142857163,0.11087211451699441,0.9040470315146696,-44.81425187247641
966,967.0,0.1357577449972619,5.311193573967824,0.35124999289115155,0.28178571829083937,0.006554821428571619,0.11087211451699432,0.9040470315146698,-44.81425187247642
967,968.0,0.7017766771640248,2.8885142452048598,0.35124997845881195,0.2817857138372722,0.0065548214285747475,0.11087211451702078,0.9040470315146698,-44.81425187247308
968,969.0,0.06348829870993011,6.320967019786943,0.35124999314711963,0.2817857175702816,0.006554821428571632,0.11087211451699443,0.9040470315146697,-44.814251872476405
969,970.0,0.16776083082533977,7.371894850687964,0.35124999289818376,0.2817857181286301,0.006554821428571631,0.11087211451699443,0.9040470315146697,-44.814251872476405
970,971.0,0.23015841380353208,3.3406669318790527,0.3512495079756709,0.2817854883396101,0.0065548214311732965,0.11087211453899748,0.9040470315140885,-44.81425186969805
971,972.0,0.33642642302156467,5.294584552150615,0.3512494602981706,0.2817854654603907,0.0065548214317069295,0.11087211454351056,0.9040470315139648,-44.81425186912818
972,973.0,0.36927360251650754,5.253084267726192,0.3512495196575781,0.2817854941572206,0.006554821431049166,0.11087211453794767,0.9040470315141184,-44.814251869830606
973,974.0,0.4239180758935509,1.0805671001673869,0.35124999211314933,0.2817857196017354,0.0065548214285716415,0.11087211451699451,0.9040470315146696,-44.8142518724764
974,975.0,0.2827742231262127,5.344685294896725,0.35124999249727007,0.2817857191210004,0.006554821428571633,0.11087211451699444,0.9040470315146696,-44.814251872476405
975,976.0,0.9159926093137323,6.678512466744073,0.3512498566500254,0.2817856551475607,0.006554821428783456,0.1108721145187859,0.9040470315146301,-44.814251872250196
976,977.0,0.5447651771975173,5.876920484775459,0.3512496766647412,0.2817855689876431,0.0065548214296854805,0.11087211452641459,0.9040470315144294,-44.81425187128691
977,978.0,0.7951843286228758,2.598940202414464,0.3512499893680554,0.2817857191015921,0.0065548214285719286,0.11087211451699694,0.9040470315146695,-44.81425187247609
978,979.0,0.030715626973478738,4.058576077051093,0.3512499937014747,0.28178571656957174,0.0065548214285716215,0.11087211451699434,0.9040470315146698,-44.81425187247642
979,980.0,0.03653149309250481,0.8696599290612945,0.3512499918461097,0.2817857211530976,0.006554821428571621,0.11087211451699433,0.9040470315146694,-44.81425187247642
980,981.0,0.6489017632434374,6.890741152355998,0.35124968487779695,0.28178557348404454,0.00655482142962725,0.1108721145259221,0.9040470315144441,-44.81425187134909
981,982.0,0.4156336827744872,5.907130725439923,0.35124952035036233,0.281785494548707,0.006554821431041715,0.11087211453788465,0.90404703151412,-44.814251869838564
982,983.0,0.2580223142434327,3.267337822292139,0.35124958726281696,0.2817855269820291,0.006554821430393723,0.11087211453240439,0.9040470315142705,-44.81425187053057
983,984.0,0.1376340203947677,2.4614731744141856,0.35124999243184873,0.2817857192519199,0.006554821428571624,0.11087211451699437,0.9040470315146697,-44.81425187247642
984,985.0,0.19715851743037527,7.717013067941288,0.3512499931318177,0.28178571791450563,0.006554821428571621,0.11087211451699433,0.9040470315146697,-44.81425187247642
985,986.0,0.7018954142612177,7.74095284393158,0.3512496645030702,0.2817855636532388,0.006554821429770451,0.11087211452713319,0.9040470315144116,-44.81425187119617
986,987.0,0.21695107713602135,6.642467043423871,0.3512499927422086,0.28178571847418915,0.0065548214285716345,0.11087211451699445,0.9040470315146696,-44.814251872476405
987,988.0,0.04045593130484881,0.7776751887402471,0.3512499925445234,0.28178571944495184,0.00655482142857162,0.11087211451699433,0.9040470315146696,-44.81425187247642
988,989.0,0.9508136289987403,6.217304355303997,0.3512498929573406,0.2817856730593192,0.006554821428686825,0.11087211451796865,0.9040470315146505,-44.814251872353395
989,990.0,0.8183612534823964,1.9151924865098204,0.351249991982177,0.2817857202128439,0.006554821428571635,0.11087211451699445,0.9040470315146695,-44.814251872476405
990,991.0,0.004208509412436778,3.1715999013902576,0.351249993561986,0.28178571668128927,0.006554821428571623,0.11087211451699436,0.9040470315146698,-44.81425187247642
991,992.0,0.8670921143360037,8.560386283119518,0.3512497225258131,0.2817855920844922,0.006554821429385477,0.11087211452387737,0.9040470315144998,-44.81425187160729
992,993.0,0.9025482548378467,9.779379117213695,0.3512496740086235,0.2817855686344939,0.006554821429701312,0.11087211452654845,0.9040470315144284,-44.81425187127
993,994.0,0.873916736603008,7.682605584132691,0.3512497785774039,0.2817856190609813,0.006554821429085144,0.11087211452133734,0.9040470315145666,-44.81425187192802
994,995.0,0.48331899346504237,3.134300931456282,0.3512498956583092,0.28178567385001985,0.006554821428681309,0.110872114517922,0.9040470315146513,-44.81425187235928
995,996.0,0.13980554063249906,0.5656687848527016,0.35124999271246793,0.2817857189265198,0.0065548214285716215,0.11087211451699434,0.9040470315146696,-44.81425187247642
996,997.0,0.9690331033872702,8.085617758735228,0.3512498021697111,0.28178562984187183,0.006554821428980352,0.11087211452045109,0.9040470315145888,-44.81425187203993
997,998.0,0.1665424451057418,1.0194025302629028,0.351249911906456,0.281785682407443,0.006554821428647975,0.11087211451764009,0.9040470315146584,-44.81425187239488
998,999.0,0.17824006573986095,8.691998376066483,0.35124999287611325,0.28178571821536935,0.006554821428571631,0.11087211451699443,0.9040470315146697,-44.814251872476405
999,1000.0,0.19258769302330647,2.998373488678999,0.35124946716018035,0.2817854672514542,0.006554821431634532,0.11087211454289828,0.9040470315139749,-44.814251869205485
