,iteration,init_slope,init_intercept,est_intercept,est_slope,ss_res,nrmse,r_squared,aic
0,1.0,0.6660164955052371,5.355719904951608,0.08432135645804388,0.8676429733557348,0.026680535714297574,0.07178766070035844,0.9564182295832808,-34.98811789561554
1,2.0,0.31182316316004344,1.898420535514898,0.08432134908759109,0.8676429863972075,0.02668053571430024,0.07178766070036202,0.9564182295832767,-34.98811789561484
2,3.0,0.8167760554321286,8.900887096781979,0.08432136947582287,0.8676429655645016,0.02668053571429502,0.071787660700355,0.956418229583283,-34.988117895616206
3,4.0,0.704584860636235,6.1758891549097035,0.08432135840236965,0.8676429698705422,0.02668053571429694,0.07178766070035758,0.9564182295832818,-34.9881178956157
4,5.0,0.25715168631521146,8.6708757949681,0.08432132505506544,0.8676430576708033,0.026680535714317048,0.07178766070038464,0.9564182295832468,-34.98811789561043
5,6.0,0.15633907006276782,4.941940419757284,0.08432132754095642,0.8676430526719466,0.026680535714315518,0.07178766070038257,0.9564182295832494,-34.98811789561083
6,7.0,0.31850573591636955,4.600441197415461,0.08432135668842738,0.8676429918541326,0.026680535714299965,0.07178766070036165,0.9564182295832749,-34.988117895614906
7,8.0,0.5923810188644582,4.5710219924751465,0.08432135523616846,0.8676429756381792,0.026680535714298015,0.07178766070035902,0.9564182295832802,-34.988117895615424
8,9.0,0.12017651810727425,4.690230904425461,0.08432132207698345,0.8676430638817482,0.026680535714319026,0.0717876607003873,0.9564182295832436,-34.98811789560991
9,10.0,0.49207596598135706,7.567737016470301,0.0843213538351174,0.8676429976210641,0.026680535714301207,0.07178766070036333,0.9564182295832728,-34.988117895614586
10,11.0,0.5007814537394272,9.530017524855854,0.08432134457116507,0.8676430169367286,0.026680535714305682,0.07178766070036935,0.9564182295832655,-34.988117895613414
11,12.0,0.387677730208015,1.346633786370285,0.08432135019951034,0.867642983998687,0.026680535714299795,0.07178766070036142,0.9564182295832775,-34.98811789561496
12,13.0,0.22361609320581333,7.834410239175382,0.08432132419866886,0.8676430595207617,0.026680535714317638,0.07178766070038543,0.956418229583246,-34.98811789561028
13,14.0,0.6815779880107115,3.878861324861341,0.0843213473981232,0.8676429891649924,0.026680535714300874,0.07178766070036288,0.9564182295832758,-34.98811789561467
14,15.0,0.4842548307643726,9.40443185480778,0.08432134339652694,0.8676430193480253,0.02668053571430628,0.07178766070037015,0.9564182295832645,-34.98811789561326
15,16.0,0.9556686686879093,7.125797074055765,0.0843213541275579,0.8676429773056196,0.026680535714298383,0.07178766070035952,0.9564182295832796,-34.988117895615325
16,17.0,0.45619751178908907,9.661510596573128,0.08432134072658513,0.8676430252476769,0.026680535714307792,0.07178766070037218,0.9564182295832621,-34.98811789561286
17,18.0,0.26567573852498894,3.6876433500816224,0.08432135879826519,0.8676429875436098,0.026680535714299076,0.07178766070036045,0.9564182295832764,-34.98811789561515
18,19.0,0.3249576257739861,1.2981107917292878,0.0843213462598929,0.8676429906982606,0.026680535714301255,0.0717876607003634,0.9564182295832753,-34.98811789561457
19,20.0,0.5835810908563126,4.764624446123735,0.0843213567275188,0.8676429724537316,0.02668053571429746,0.07178766070035829,0.956418229583281,-34.98811789561557
20,21.0,0.27386492597643763,0.6777835409650472,0.0843214223011609,0.867642859531706,0.026680535714285896,0.07178766070034272,0.9564182295832979,-34.9881178956186
21,22.0,0.8064654222850097,3.776584420312784,0.08432134500160259,0.8676429930661966,0.026680535714301783,0.0717876607003641,0.9564182295832745,-34.98811789561444
22,23.0,0.7204111390015386,5.695313674741283,0.08432135551224514,0.8676429750052077,0.02668053571429791,0.07178766070035889,0.9564182295832803,-34.98811789561545
23,24.0,0.9781335681645091,1.544051072781625,0.08432048795502213,0.8676449742972253,0.02668053571786937,0.07178766070516364,0.9564182295776033,-34.98811789467843
24,25.0,0.46826192043393056,9.419405818045412,0.08432134229189704,0.8676430220010999,0.026680535714306945,0.07178766070037104,0.9564182295832634,-34.98811789561308
25,26.0,0.2911716887532545,0.37576502723491206,0.08432142479022879,0.8676428544242002,0.026680535714285886,0.07178766070034272,0.9564182295832979,-34.98811789561861
26,27.0,0.11157889181561609,2.520897260541622,0.08432133824232813,0.8676430301357462,0.02668053571430908,0.07178766070037391,0.95641822958326,-34.98811789561252
27,28.0,0.7520672221200335,6.476247350250064,0.08432135774698135,0.8676429711946974,0.02668053571429716,0.07178766070035789,0.9564182295832814,-34.98811789561565
28,29.0,0.011571147500612944,6.93531894886487,0.08432129695581571,0.8676431167031422,0.02668053571433813,0.071787660700413,0.9564182295832123,-34.9881178956049
29,30.0,0.5167328183895639,4.522339833161387,0.0843213584095032,0.8676429699492924,0.02668053571429692,0.07178766070035755,0.9564182295832818,-34.98811789561571
30,31.0,0.2234000943350808,6.28652473957554,0.08432133063894935,0.8676430458286882,0.026680535714313475,0.07178766070037983,0.9564182295832527,-34.98811789561137
31,32.0,0.8104132887642082,1.209899791630546,0.08432062117990159,0.8676446549090032,0.02668053571685804,0.07178766070380307,0.9564182295791919,-34.98811789494376
32,33.0,0.5689115923952135,5.287587833948307,0.08432137813184853,0.867642947834945,0.026680535714292308,0.07178766070035135,0.9564182295832875,-34.988117895616924
33,34.0,0.7108347959950276,4.041226106326919,0.0843213480916947,0.8676429875923771,0.02668053571430057,0.07178766070036247,0.9564182295832764,-34.98811789561476
34,35.0,0.39392571025666756,0.2957335276950196,0.08432141841711674,0.8676428679715811,0.026680535714285948,0.0717876607003428,0.9564182295832978,-34.988117895618586
35,36.0,0.12205405823425786,1.5977941258846569,0.08432136092176268,0.8676429831758775,0.02668053571429822,0.0717876607003593,0.9564182295832777,-34.98811789561537
36,37.0,0.1627106476304162,5.57507340062552,0.08432132518543163,0.8676430574581812,0.026680535714317,0.07178766070038457,0.956418229583247,-34.98811789561044
37,38.0,0.6240887314379419,5.397813168656289,0.08432135792449542,0.867642970803794,0.026680535714297095,0.07178766070035779,0.9564182295832815,-34.98811789561566
38,39.0,0.4520900436175388,5.890743979922059,0.0843213612363806,0.8676429823466638,0.026680535714298053,0.07178766070035908,0.956418229583278,-34.98811789561541
39,40.0,0.10079779055237625,0.3105069675320266,0.08432141950954124,0.8676428625847591,0.026680535714285997,0.07178766070034287,0.9564182295832979,-34.98811789561858
40,41.0,0.685664795750091,8.80568351889958,0.08432136186198969,0.8676429814054764,0.02668053571429787,0.07178766070035883,0.9564182295832784,-34.98811789561546
41,42.0,0.1173168170449076,7.155616745263992,0.08432131285458615,0.8676430831832923,0.026680535714325486,0.071787660700396,0.9564182295832331,-34.98811789560821
42,43.0,0.5654421335373786,6.33593100847731,0.08432136809081067,0.86764296864488,0.026680535714295538,0.0717876607003557,0.9564182295832822,-34.98811789561607
43,44.0,0.6962118801827174,8.46944861675154,0.0843213648695188,0.8676429750953194,0.026680535714296683,0.07178766070035723,0.9564182295832803,-34.98811789561577
44,45.0,0.11055479107713717,0.13302078349217575,0.08432141548048702,0.8676428731003362,0.026680535714286076,0.07178766070034297,0.9564182295832977,-34.98811789561855
45,46.0,0.6139389469221944,2.050852063058936,0.08432135175323936,0.8676429808385928,0.02668053571429918,0.07178766070036059,0.9564182295832785,-34.98811789561512
46,47.0,0.8665608282934969,7.684505384331884,0.0843213583703143,0.8676429703014406,0.026680535714296974,0.07178766070035764,0.9564182295832817,-34.9881178956157
47,48.0,0.5271217474898768,3.215181166376583,0.08432134890562112,0.8676429866308387,0.026680535714300308,0.07178766070036212,0.9564182295832766,-34.98811789561482
48,49.0,0.6184926147490998,9.821606894746933,0.08432135210731363,0.8676430015942299,0.026680535714302057,0.07178766070036446,0.9564182295832715,-34.988117895614366
49,50.0,0.7429085207319971,0.32247135088344875,0.08432141876147106,0.8676428650403637,0.026680535714285997,0.07178766070034287,0.9564182295832979,-34.98811789561858
50,51.0,0.9975111199657416,9.02959469453544,0.08432135881222781,0.8676429693148527,0.0266805357142968,0.0717876607003574,0.9564182295832819,-34.988117895615744
51,52.0,0.4613066486537504,1.6088681963530402,0.08432135004477447,0.8676429843478197,0.02668053571429985,0.0717876607003615,0.9564182295832774,-34.98811789561494
52,53.0,0.9411787013212749,0.5413150680027694,0.0843214197154071,0.8676428650178724,0.026680535714285927,0.07178766070034277,0.9564182295832979,-34.98811789561859
53,54.0,0.6833232467411204,4.356308489527084,0.08432135060445382,0.8676429834109012,0.026680535714299645,0.07178766070036123,0.9564182295832777,-34.988117895615
54,55.0,0.7612238697702456,0.4307284729363036,0.0843214221224757,0.8676428595806298,0.02668053571428591,0.07178766070034275,0.9564182295832979,-34.9881178956186
55,56.0,0.743013119606222,8.672068022019175,0.0843213664219189,0.867642971787475,0.02668053571429609,0.07178766070035644,0.9564182295832813,-34.98811789561593
56,57.0,0.32759946707792986,9.787325998355788,0.08432132892145501,0.8676430498325733,0.02668053571431466,0.07178766070038142,0.9564182295832507,-34.988117895611055
57,58.0,0.5848594702774129,5.344460651652123,0.08432135928634503,0.8676429685144177,0.026680535714296648,0.07178766070035719,0.9564182295832822,-34.98811789561578
58,59.0,0.7335309037527098,7.677376132691723,0.08432137202175956,0.8676429601924001,0.02668053571429415,0.07178766070035383,0.9564182295832845,-34.98811789561644
59,60.0,0.8374269452684726,2.857417171548597,0.08432135076104422,0.8676429830574579,0.02668053571429958,0.07178766070036113,0.9564182295832778,-34.98811789561501
60,61.0,0.8977480968358513,5.572388781875685,0.08432134935769779,0.8676429855248987,0.026680535714300103,0.07178766070036184,0.956418229583277,-34.98811789561488
61,62.0,0.5681935076635223,4.051292127696167,0.0843213533424441,0.8676429784782044,0.026680535714298632,0.07178766070035986,0.9564182295832793,-34.98811789561526
62,63.0,0.32548750825311257,0.0695114008155469,0.08432142356282799,0.8676428568883638,0.026680535714285882,0.0717876607003427,0.9564182295832979,-34.98811789561861
63,64.0,0.6833151378928863,5.3091193353211485,0.08432135552944515,0.8676429751030617,0.026680535714297918,0.0717876607003589,0.9564182295832803,-34.98811789561545
64,65.0,0.0073469629113553925,5.415602564424572,0.08432129679182854,0.8676431172856237,0.026680535714338375,0.07178766070041333,0.956418229583212,-34.98811789560484
65,66.0,0.6549613241123551,5.705628391954081,0.08432135777112484,0.8676429711944103,0.02668053571429716,0.07178766070035789,0.9564182295832814,-34.98811789561565
66,67.0,0.8885175994453547,8.860091059312477,0.08432137443095346,0.867642955177237,0.026680535714293362,0.07178766070035278,0.9564182295832857,-34.98811789561665
67,68.0,0.0357091123212544,5.741146941205061,0.08432130184451238,0.8676431062340905,0.026680535714333993,0.07178766070040743,0.9564182295832191,-34.98811789560598
68,69.0,0.6445200874793116,3.195349880466847,0.08432134554507437,0.867642992125961,0.026680535714301564,0.07178766070036381,0.9564182295832748,-34.988117895614494
69,70.0,0.2979627448032218,0.8059001120302668,0.08432142648415966,0.8676428519616505,0.026680535714285872,0.07178766070034269,0.9564182295832979,-34.98811789561861
70,71.0,0.14022428238206175,1.0857776117849989,0.08432135524429084,0.8676429755197378,0.026680535714298008,0.07178766070035902,0.9564182295832802,-34.988117895615424
71,72.0,0.6811538750885152,1.3930333110101756,0.0843198398326803,0.8676466013632943,0.026680535725751617,0.07178766071576778,0.9564182295654869,-34.98811789261042
72,73.0,0.06612332688443479,2.7772612196699296,0.08432132056078986,0.8676430669258411,0.02668053571432002,0.07178766070038864,0.956418229583242,-34.98811789560965
73,74.0,0.15531052700797665,0.8441539288663558,0.08432142184821756,0.8676428609058959,0.026680535714285882,0.0717876607003427,0.9564182295832979,-34.98811789561861
74,75.0,0.3603750660302103,7.131552194063877,0.08432134290962161,0.8676430206258731,0.02668053571430659,0.07178766070037057,0.9564182295832641,-34.98811789561317
75,76.0,0.7755382655670602,2.6231708570543035,0.08432135151336768,0.867642981340572,0.02668053571429928,0.07178766070036074,0.9564182295832784,-34.98811789561509
76,77.0,0.43820005266020345,5.54524899935446,0.08432136303988769,0.8676429785730599,0.026680535714297342,0.07178766070035812,0.9564182295832793,-34.9881178956156
77,78.0,6.0236511470801446e-05,0.295066987101002,0.08432142830127834,0.8676428471422605,0.026680535714285962,0.07178766070034281,0.9564182295832978,-34.988117895618586
78,79.0,0.970977035906341,9.21879731542609,0.08432137688577938,0.8676429504390245,0.026680535714292648,0.07178766070035181,0.9564182295832869,-34.98811789561683
79,80.0,0.22696081806871715,8.616575029308843,0.08432132237824806,0.8676430631075244,0.026680535714318783,0.07178766070038697,0.9564182295832441,-34.988117895609975
80,81.0,0.4323669993725415,5.558825027739956,0.08432136242078563,0.8676429799345806,0.02668053571429759,0.07178766070035847,0.9564182295832788,-34.98811789561554
81,82.0,0.14157115704404455,0.14210504447507136,0.08432142241077614,0.8676428591457288,0.0266805357142859,0.07178766070034273,0.9564182295832979,-34.9881178956186
82,83.0,0.6735033565447532,6.405532324493674,0.08432137633362967,0.867642951327856,0.026680535714292797,0.07178766070035202,0.9564182295832867,-34.988117895616796
83,84.0,0.9953878554708466,8.319039375048895,0.08432135689471827,0.8676429723829688,0.02668053571429742,0.07178766070035823,0.956418229583281,-34.98811789561558
84,85.0,0.9025623407842266,2.4241035760879477,0.08432136456041471,0.8676429586593127,0.026680535714294955,0.07178766070035492,0.9564182295832848,-34.98811789561623
85,86.0,0.26466910475276717,2.767179442354244,0.0843213720356346,0.8676429606400539,0.026680535714294205,0.0717876607003539,0.9564182295832844,-34.98811789561642
86,87.0,0.7568415223312936,8.8330169811516,0.0843213663083637,0.8676429719007912,0.026680535714296114,0.07178766070035647,0.9564182295832813,-34.98811789561592
87,88.0,0.9924266757684116,3.969028201056477,0.08432134639721112,0.8676429904487162,0.026680535714301214,0.07178766070036333,0.9564182295832754,-34.988117895614586
88,89.0,0.3849713326290224,1.3286402489733524,0.0843213506645993,0.8676429826783331,0.026680535714299583,0.07178766070036115,0.9564182295832779,-34.98811789561501
89,90.0,0.017780173020040202,4.088701470456233,0.0843212998021117,0.8676431108276805,0.026680535714335797,0.07178766070040986,0.9564182295832162,-34.98811789560551
90,91.0,0.0011013479499490941,8.217078072815108,0.08432129535270974,0.8676431203844639,0.026680535714339634,0.07178766070041502,0.9564182295832099,-34.9881178956045
91,92.0,0.37057205251421754,8.932203539263039,0.08432133610183849,0.8676430346418376,0.02668053571431031,0.07178766070037558,0.956418229583258,-34.9881178956122
92,93.0,0.7041944897739438,5.874191550088331,0.08432135683882028,0.8676429727371258,0.02668053571429746,0.07178766070035829,0.9564182295832809,-34.98811789561557
93,94.0,0.36642034510851784,4.075307731596226,0.08432136885225087,0.8676429667928401,0.026680535714295222,0.07178766070035526,0.9564182295832827,-34.988117895616156
94,95.0,0.9939181186463824,4.960664844093139,0.08432134560305424,0.8676429920143197,0.026680535714301547,0.07178766070036378,0.9564182295832748,-34.9881178956145
95,96.0,0.8937595292321316,4.708079576324187,0.08432134628470044,0.8676429912475975,0.026680535714301328,0.07178766070036349,0.956418229583275,-34.98811789561456
96,97.0,0.03772227825182117,1.6632578183139628,0.08432131890187672,0.8676430706526771,0.026680535714321215,0.07178766070039025,0.9564182295832401,-34.988117895609335
97,98.0,0.6241232838938467,1.5257355622993742,0.08432137184548569,0.8676429459792224,0.02668053571429292,0.07178766070035218,0.9564182295832879,-34.98811789561676
98,99.0,0.1702563204756069,8.139213832198044,0.08432131723237501,0.8676430738130585,0.026680535714322287,0.07178766070039168,0.9564182295832383,-34.98811789560905
99,100.0,0.9069286094266042,6.552733754458139,0.08432135381632933,0.8676429780027195,0.026680535714298504,0.07178766070035969,0.9564182295832794,-34.9881178956153
100,101.0,0.06965175253496114,8.783537548733177,0.08432130380258186,0.8676431024266839,0.026680535714332522,0.07178766070040546,0.9564182295832215,-34.98811789560637
101,102.0,0.18374216475373717,7.089059099763704,0.08432132241507441,0.8676430633390021,0.026680535714318828,0.07178766070038703,0.956418229583244,-34.98811789560996
102,103.0,0.05546851623717264,8.2616760174596,0.08432130302750072,0.8676431041317095,0.02668053571433319,0.07178766070040636,0.9564182295832204,-34.988117895606194
103,104.0,0.5551644777615935,8.114514652826356,0.08432135630961768,0.8676429927906608,0.026680535714300152,0.0717876607003619,0.9564182295832746,-34.98811789561486
104,105.0,0.821712374161903,0.39942177642233884,0.08432142513807943,0.8676428501630964,0.026680535714286076,0.07178766070034297,0.9564182295832979,-34.98811789561855
105,106.0,0.6015960465877825,8.73085049223412,0.084321356352472,0.8676429926476429,0.026680535714300114,0.07178766070036185,0.9564182295832746,-34.98811789561487
106,107.0,0.43898138906936524,7.478599754305931,0.08432134943499917,0.8676430069731663,0.02668053571430328,0.07178766070036612,0.9564182295832695,-34.98811789561404
107,108.0,0.34916421254631047,5.151589389179536,0.0843213551678097,0.8676429951333043,0.026680535714300662,0.07178766070036259,0.9564182295832737,-34.98811789561473
108,109.0,0.36326550897397647,7.181134935742144,0.08432134319564925,0.8676430196488317,0.02668053571430636,0.07178766070037025,0.9564182295832644,-34.988117895613236
109,110.0,0.1292806581463808,9.384467140644361,0.08432130999800543,0.8676430892140847,0.026680535714327644,0.07178766070039888,0.9564182295832295,-34.988117895607644
110,111.0,0.7958734741684019,1.1658613978121173,0.08432066472054031,0.8676445517608233,0.026680535716568032,0.07178766070341293,0.9564182295796495,-34.988117895019855
111,112.0,0.7663883634929398,8.480686448307093,0.08432136887448834,0.8676429669304003,0.026680535714295246,0.0717876607003553,0.9564182295832826,-34.988117895616156
112,113.0,0.04443526368157091,2.3200162230211285,0.08432131553992017,0.8676430775947912,0.02668053571432356,0.0717876607003934,0.9564182295832362,-34.988117895608724
113,114.0,0.9236614349619175,8.02000981532406,0.0843213580917506,0.8676429703709215,0.026680535714297012,0.07178766070035768,0.9564182295832817,-34.98811789561569
114,115.0,0.5141469375144736,8.440830203822435,0.0843213512910025,0.8676430031226917,0.026680535714302404,0.07178766070036494,0.9564182295832708,-34.98811789561427
115,116.0,0.18166738654057424,4.648525982611473,0.08432133422838599,0.8676430384103456,0.026680535714311348,0.07178766070037697,0.9564182295832562,-34.98811789561192
116,117.0,0.05842822949810389,3.427326104313393,0.08432131312389143,0.8676430825575967,0.026680535714325285,0.07178766070039572,0.9564182295832334,-34.98811789560827
117,118.0,0.6719341127256511,7.0125676564060555,0.08432137197122648,0.8676429605433689,0.026680535714294195,0.07178766070035389,0.9564182295832844,-34.988117895616426
118,119.0,0.06620958873468208,0.5005370702991241,0.08432141988017308,0.8676428646192708,0.026680535714285913,0.07178766070034275,0.9564182295832979,-34.98811789561859
119,120.0,0.4748303959741238,9.438753958270878,0.08432134296300352,0.8676430202377654,0.026680535714306505,0.07178766070037046,0.9564182295832642,-34.98811789561319
120,121.0,0.10363592747142769,1.205894237772274,0.08432136649742039,0.8676429714165365,0.026680535714296044,0.07178766070035637,0.9564182295832814,-34.98811789561594
121,122.0,0.19873720571662234,5.2056644111618695,0.08432133334795715,0.867643040595065,0.02668053571431197,0.0717876607003778,0.9564182295832552,-34.988117895611765
122,123.0,0.9219941562631202,4.146613926621728,0.08432134518557852,0.867642992891682,0.026680535714301724,0.07178766070036402,0.9564182295832745,-34.98811789561445
123,124.0,0.44882915287692227,4.203056525468513,0.0843213772387349,0.8676429497058684,0.026680535714292547,0.07178766070035167,0.956418229583287,-34.98811789561685
124,125.0,0.12098392728279184,5.839225201999869,0.08432131721361602,0.8676430739876446,0.02668053571432234,0.07178766070039176,0.9564182295832382,-34.98811789560904
125,126.0,0.6250460684831318,5.405204458140274,0.08432135839877873,0.8676429697648409,0.02668053571429691,0.07178766070035754,0.9564182295832818,-34.98811789561571
126,127.0,0.7935650808925913,8.89706358323273,0.08432136832539482,0.8676429682039971,0.02668053571429546,0.0717876607003556,0.9564182295832823,-34.98811789561609
127,128.0,0.8416080632498029,5.518735773230872,0.08432135145240569,0.8676429819760366,0.02668053571429935,0.07178766070036083,0.9564182295832782,-34.98811789561507
128,129.0,0.450614707630862,3.0157955259225107,0.08432135173959185,0.8676429817040165,0.026680535714299264,0.07178766070036072,0.9564182295832783,-34.9881178956151
129,130.0,0.3593085881820004,4.92212702333893,0.08432135912732529,0.867642987105022,0.02668053571429898,0.07178766070036033,0.9564182295832765,-34.98811789561517
130,131.0,0.6584792392684529,7.050203802298953,0.08432137105767193,0.8676429622627626,0.02668053571429447,0.07178766070035426,0.9564182295832839,-34.988117895616355
131,132.0,0.6544362216010275,7.195009561636641,0.08432136927814605,0.8676429658461509,0.026680535714295073,0.07178766070035507,0.9564182295832829,-34.9881178956162
132,133.0,0.1906213899842386,5.007352092895002,0.08432133291831186,0.867643041228529,0.02668053571431215,0.07178766070037805,0.956418229583255,-34.988117895611715
133,134.0,0.28919596359712796,5.616838026111108,0.08432134403019297,0.8676430183926525,0.026680535714306033,0.07178766070036982,0.956418229583265,-34.988117895613314
134,135.0,0.3652889466803243,9.902587940969312,0.08432133158613889,0.867643044029924,0.026680535714312944,0.0717876607003791,0.9564182295832536,-34.98811789561151
135,136.0,0.22262875508389168,6.80170566846758,0.08432132880976759,0.8676430496420334,0.026680535714314627,0.07178766070038138,0.9564182295832508,-34.98811789561107
136,137.0,0.4851022782580291,7.110982732334152,0.08432135524372136,0.8676429949417344,0.026680535714300613,0.07178766070036252,0.9564182295832738,-34.98811789561474
137,138.0,0.7645236253210077,3.791526460775574,0.0843213455360162,0.8676429921308458,0.026680535714301575,0.07178766070036383,0.9564182295832748,-34.98811789561449
138,139.0,0.6467722315137832,8.79334697223729,0.08432135917403034,0.8676429871400859,0.02668053571429898,0.07178766070036033,0.9564182295832765,-34.98811789561517
139,140.0,0.11223776814592168,8.672821955513317,0.08432130925186865,0.8676430908396046,0.026680535714328234,0.07178766070039969,0.9564182295832285,-34.988117895607495
140,141.0,0.3579454061334951,2.7374932045075706,0.08432135518246615,0.8676429752931141,0.026680535714298,0.07178766070035901,0.9564182295832803,-34.988117895615424
141,142.0,0.25376013855187796,3.5199279768861196,0.08432135817896683,0.8676429886678547,0.02668053571429931,0.07178766070036077,0.9564182295832759,-34.98811789561508
142,143.0,0.6637573772765948,1.220219974272708,0.08432010470460238,0.8676459207651382,0.02668053572188846,0.0717876607105706,0.9564182295713736,-34.988117893623965
143,144.0,0.6530242414005217,6.060057652716604,0.08432137826407189,0.8676429474167252,0.02668053571429224,0.07178766070035127,0.9564182295832876,-34.98811789561694
144,145.0,0.22255943565682146,7.214966294015129,0.08432132626404237,0.8676430554141957,0.02668053571431636,0.07178766070038371,0.956418229583248,-34.98811789561061
145,146.0,0.9823842759545931,3.347530487483987,0.0843213512302364,0.86764298158513,0.026680535714299364,0.07178766070036084,0.9564182295832783,-34.98811789561507
146,147.0,0.2151641852406776,0.37244725927689765,0.08432141950566456,0.8676428652675028,0.026680535714285927,0.07178766070034277,0.9564182295832979,-34.98811789561859
147,148.0,0.5688798826688423,0.4790263341643752,0.08432141905861695,0.8676428660671646,0.026680535714285938,0.07178766070034277,0.9564182295832979,-34.988117895618586
148,149.0,0.46677876993093836,6.163916218680924,0.08432136011438063,0.8676429848695578,0.02668053571429853,0.07178766070035972,0.9564182295832773,-34.98811789561529
149,150.0,0.21228536702525935,1.8475638001756634,0.08432135826216572,0.8676429702685342,0.026680535714296995,0.07178766070035766,0.9564182295832817,-34.988117895615694
150,151.0,0.8759047549366069,9.623891660153152,0.08432136932320185,0.8676429659034671,0.02668053571429508,0.07178766070035508,0.9564182295832829,-34.98811789561619
151,152.0,0.7525329922555521,4.919315262977318,0.08432135103269708,0.867642982776006,0.026680535714299514,0.07178766070036105,0.9564182295832779,-34.98811789561503
152,153.0,0.5511740966745157,5.577224379188071,0.08432137362811638,0.8676429572904677,0.026680535714293685,0.07178766070035321,0.9564182295832852,-34.988117895616554
153,154.0,0.2006477944955326,7.442277849875784,0.08432132267535974,0.8676430626162367,0.026680535714318623,0.07178766070038675,0.9564182295832443,-34.98811789561002
154,155.0,0.7838844257275092,4.108673710741147,0.08432134632336809,0.8676429909052331,0.02668053571430127,0.07178766070036341,0.9564182295832753,-34.988117895614565
155,156.0,0.9117629554781593,9.71619808126061,0.08432137078969948,0.8676429627914806,0.026680535714294566,0.07178766070035439,0.9564182295832837,-34.98811789561633
156,157.0,0.535051734310873,0.5194764198191871,0.08432142140783426,0.8676428612437896,0.026680535714285903,0.07178766070034275,0.9564182295832979,-34.9881178956186
157,158.0,0.643118675636569,8.633353108728993,0.0843213593433527,0.8676429863175621,0.026680535714298827,0.07178766070036012,0.9564182295832767,-34.988117895615204
158,159.0,0.3865419024690525,5.18556703099783,0.08432135957766838,0.8676429860993937,0.02668053571429878,0.07178766070036006,0.9564182295832768,-34.98811789561522
159,160.0,0.5070741804304189,5.334681198444175,0.08432137155161772,0.8676429615756417,0.026680535714294337,0.07178766070035408,0.9564182295832842,-34.98811789561639
160,161.0,0.1439795574649816,7.809451234098879,0.08432131477264454,0.86764307950031,0.02668053571432421,0.07178766070039427,0.9564182295832352,-34.988117895608546
161,162.0,0.30908375492747187,8.72991375771462,0.08432133072144599,0.8676430456178204,0.02668053571431343,0.07178766070037977,0.9564182295832528,-34.98811789561138
162,163.0,0.6330642308052321,1.681380547240587,0.08432136565889277,0.8676429568814406,0.026680535714294636,0.07178766070035449,0.9564182295832853,-34.988117895616305
163,164.0,0.438953972214306,6.826302128996462,0.08432135317262854,0.8676429994877339,0.026680535714301585,0.07178766070036383,0.9564182295832722,-34.98811789561449
164,165.0,0.9029689659703589,3.4410543947783743,0.08432134685948181,0.8676429896039883,0.026680535714301033,0.07178766070036309,0.9564182295832757,-34.98811789561463
165,166.0,0.42438162415004943,7.9835983680555875,0.08432134471899942,0.8676430169289463,0.026680535714305682,0.07178766070036935,0.9564182295832655,-34.988117895613414
166,167.0,0.8168501622818745,2.8917076931965204,0.08432134933757435,0.8676429852341321,0.026680535714300083,0.07178766070036181,0.9564182295832772,-34.98811789561488
167,168.0,0.8046032762486043,8.345305563919833,0.08432137245852246,0.8676429594843376,0.02668053571429402,0.07178766070035365,0.9564182295832846,-34.98811789561647
168,169.0,0.20796752579629618,8.654091856750004,0.084321319940977,0.8676430684496884,0.026680535714320504,0.07178766070038929,0.9564182295832412,-34.98811789560953
169,170.0,0.7038530720485867,0.6351455356434872,0.08432141872052826,0.8676428658004308,0.026680535714285965,0.07178766070034281,0.9564182295832979,-34.988117895618586
170,171.0,0.11648217817962003,3.3406895492333377,0.08432133012302329,0.8676430470421848,0.026680535714313825,0.0717876607003803,0.9564182295832522,-34.98811789561128
171,172.0,0.3442844478422533,5.85531437838775,0.08432134933083806,0.8676430069449039,0.026680535714303292,0.07178766070036613,0.9564182295832695,-34.98811789561404
172,173.0,0.6231478971065072,0.009014490704319285,0.08432142351611763,0.8676428569518039,0.026680535714285893,0.07178766070034272,0.9564182295832979,-34.9881178956186
173,174.0,0.9316988576170943,3.9130704421734523,0.08432134569443311,0.8676429915784362,0.026680535714301474,0.07178766070036369,0.956418229583275,-34.988117895614515
174,175.0,0.34716313104093754,2.097921393077726,0.08432134914267402,0.8676429857109731,0.026680535714300173,0.07178766070036194,0.9564182295832769,-34.98811789561486
175,176.0,0.6197972364254283,2.4589864982433696,0.08432134640098787,0.8676429905021387,0.026680535714301214,0.07178766070036333,0.9564182295832754,-34.988117895614586
176,177.0,0.3548172486696082,3.1805433750974954,0.08432135859206298,0.8676429694268081,0.02668053571429686,0.07178766070035748,0.9564182295832819,-34.98811789561572
177,178.0,0.1318874180798647,4.965876220405261,0.08432132306385808,0.8676430619590713,0.0266805357143184,0.07178766070038646,0.9564182295832446,-34.988117895610074
178,179.0,0.3008353975221676,1.75971059380986,0.08432134854331493,0.8676429869791851,0.02668053571430042,0.07178766070036227,0.9564182295832765,-34.98811789561479
179,180.0,0.6330272554565367,0.3996651886789601,0.08432142081491083,0.8676428636015773,0.026680535714285875,0.0717876607003427,0.9564182295832979,-34.98811789561861
180,181.0,0.3380758422166924,9.796895918760931,0.08432133036635747,0.8676430467169568,0.026680535714313752,0.0717876607003802,0.9564182295832523,-34.988117895611296
181,182.0,0.5317217636762696,2.330453236792819,0.08432134571404584,0.867642991696436,0.026680535714301488,0.0717876607003637,0.9564182295832749,-34.98811789561451
182,183.0,0.9092474916179646,1.027674061192861,0.08432114767308016,0.8676434439646026,0.026680535714554636,0.07178766070070428,0.9564182295828605,-34.98811789554809
183,184.0,0.009540540075445025,5.16129099944584,0.08432129711083973,0.8676431162619913,0.02668053571433795,0.07178766070041276,0.9564182295832127,-34.988117895604944
184,185.0,0.8380899730591358,6.319841419280661,0.0843213544326973,0.8676429770220735,0.026680535714298296,0.07178766070035941,0.9564182295832797,-34.98811789561535
185,186.0,0.40243723169032775,7.790222023407636,0.08432134412509755,0.8676430180451239,0.026680535714305953,0.07178766070036971,0.9564182295832651,-34.98811789561334
186,187.0,0.44621077195770475,0.8155897985164178,0.08432142078251373,0.8676428628270094,0.02668053571428591,0.07178766070034275,0.9564182295832979,-34.9881178956186
187,188.0,0.048997611327717405,4.590241670070533,0.08432130682761062,0.867643096040513,0.026680535714330135,0.07178766070040224,0.9564182295832254,-34.988117895607
188,189.0,0.8418956374126912,4.3152573098702085,0.0843213460412661,0.8676429909452554,0.026680535714301342,0.0717876607003635,0.9564182295832752,-34.98811789561455
189,190.0,0.6787892758872289,6.294222015610516,0.08432137816823125,0.8676429479688506,0.026680535714292294,0.07178766070035134,0.9564182295832875,-34.988117895616924
190,191.0,0.39831850578885086,3.7151526231856273,0.08432137744808464,0.867642949280382,0.0266805357142925,0.0717876607003516,0.9564182295832871,-34.988117895616874
191,192.0,0.8462793915583487,0.7627180688796936,0.08432136321796284,0.8676429797084777,0.026680535714297512,0.07178766070035836,0.9564182295832788,-34.98811789561556
192,193.0,0.7051749897260152,0.2557281063908155,0.08432141948586004,0.8676428648079748,0.026680535714285945,0.07178766070034279,0.9564182295832979,-34.988117895618586
193,194.0,0.6120231853782592,3.315328214849901,0.08432134675212137,0.867642989905967,0.02668053571430108,0.07178766070036315,0.9564182295832756,-34.988117895614614
194,195.0,0.7650125327005473,8.843398493048689,0.08432136747925882,0.8676429694744933,0.02668053571429568,0.07178766070035589,0.9564182295832819,-34.988117895616035
195,196.0,0.3300878269725437,2.910965475387578,0.08432135814586421,0.8676429705673994,0.02668053571429703,0.0717876607003577,0.9564182295832816,-34.98811789561568
196,197.0,0.1399325803100968,5.744910263645315,0.08432132046444683,0.867643067379628,0.026680535714320146,0.0717876607003888,0.9564182295832417,-34.98811789560962
197,198.0,0.4708635873061273,4.41836554892307,0.08432137719482778,0.8676429495077259,0.026680535714292537,0.07178766070035167,0.9564182295832871,-34.98811789561686
198,199.0,0.12538067743997705,9.652613771458329,0.0843213092509383,0.8676430908589101,0.026680535714328234,0.07178766070039969,0.9564182295832285,-34.988117895607495
199,200.0,0.17750485885581713,5.402380139793713,0.08432132861363467,0.8676430501446493,0.026680535714314748,0.07178766070038153,0.9564182295832506,-34.98811789561103
200,201.0,0.4527129206308721,0.3643038423770416,0.084321427451537,0.8676428482031986,0.026680535714285976,0.07178766070034284,0.9564182295832979,-34.988117895618586
201,202.0,0.8807356424934089,1.1044565370656936,0.08432098347098586,0.8676438121785383,0.026680535715002465,0.07178766070130674,0.9564182295821392,-34.9881178954306
202,203.0,0.22274645695171325,9.411877382138588,0.08432131977610116,0.8676430689377992,0.026680535714320656,0.0717876607003895,0.956418229583241,-34.988117895609484
203,204.0,0.015383394586255816,5.065640886610023,0.08432129863067074,0.8676431132963044,0.02668053571433675,0.07178766070041115,0.9564182295832147,-34.98811789560526
204,205.0,0.3876474164781736,2.6034609299203155,0.08432135125695808,0.8676429824994379,0.02668053571429942,0.07178766070036091,0.956418229583278,-34.988117895615055
205,206.0,0.7707293359923385,8.090999514590383,0.08432137162509565,0.867642961429107,0.026680535714294327,0.07178766070035407,0.9564182295832842,-34.98811789561639
206,207.0,0.1305228471548293,2.8231155177857055,0.08432133977414065,0.8676430269373853,0.026680535714308253,0.0717876607003728,0.9564182295832613,-34.98811789561274
207,208.0,0.07271690304473655,0.5214669657295381,0.08432142006446924,0.8676428642949056,0.026680535714285906,0.07178766070034275,0.9564182295832979,-34.9881178956186
208,209.0,0.17827393904421573,9.300542571832466,0.08432131574505806,0.867643076971746,0.026680535714323342,0.07178766070039311,0.9564182295832365,-34.98811789560878
209,210.0,0.354765824564494,7.894710659115982,0.08432133871028383,0.8676430294871602,0.02668053571430891,0.07178766070037369,0.9564182295832602,-34.98811789561257
210,211.0,0.8396750935503282,7.528578961129602,0.08432135920206019,0.8676429684423704,0.026680535714296665,0.07178766070035722,0.9564182295832822,-34.98811789561578
211,212.0,0.6446762271285283,6.459076430323485,0.08432137390571831,0.8676429563016872,0.026680535714293543,0.07178766070035301,0.9564182295832855,-34.9881178956166
212,213.0,0.14944147520645923,3.495758900251317,0.08432133669159196,0.8676430335154723,0.02668053571430999,0.07178766070037514,0.9564182295832584,-34.98811789561228
213,214.0,0.4773315434607003,9.554763118124256,0.08432134265824381,0.8676430208564232,0.026680535714306685,0.0717876607003707,0.9564182295832638,-34.98811789561315
214,215.0,0.9684256098968274,2.3425139665834944,0.08432137282818694,0.8676429440534331,0.026680535714292648,0.07178766070035181,0.9564182295832884,-34.98811789561683
215,216.0,0.9511493080931221,3.428956219891657,0.08432134908045308,0.8676429855114548,0.026680535714300176,0.07178766070036194,0.956418229583277,-34.98811789561486
216,217.0,0.8827624974563746,7.522401892541007,0.0843213577994976,0.8676429708173342,0.02668053571429711,0.07178766070035782,0.9564182295832816,-34.98811789561566
217,218.0,0.9754082535862735,4.336247781753696,0.08432134492840819,0.8676429930687983,0.026680535714301797,0.07178766070036412,0.9564182295832745,-34.98811789561443
218,219.0,0.4059280465872701,8.394120200896305,0.08432134184815868,0.8676430229688993,0.026680535714307195,0.07178766070037138,0.9564182295832631,-34.988117895613016
219,220.0,0.5834299968108236,2.2969723408515206,0.08432134682526586,0.8676429900148437,0.026680535714301075,0.07178766070036315,0.9564182295832755,-34.98811789561462
220,221.0,0.4745056508801494,1.8056145983655876,0.0843213471970266,0.8676429890240227,0.02668053571430091,0.07178766070036292,0.9564182295832758,-34.988117895614664
221,222.0,0.5057320132257711,9.859712542943319,0.08432134326465186,0.8676430194083977,0.026680535714306314,0.0717876607003702,0.9564182295832645,-34.98811789561324
222,223.0,0.9481098275835036,3.957448061962556,0.08432134517466777,0.8676429929013265,0.026680535714301727,0.07178766070036402,0.9564182295832745,-34.98811789561445
223,224.0,0.7560079821146473,5.21668576877391,0.08432135256672985,0.8676429801015236,0.026680535714298938,0.07178766070036027,0.9564182295832787,-34.98811789561518
224,225.0,0.5638330239432285,7.6336819284630115,0.08432135961091984,0.8676429860105993,0.026680535714298754,0.07178766070036002,0.9564182295832768,-34.988117895615225
225,226.0,0.16703391144381585,3.670154686699364,0.08432133926383813,0.8676430280912916,0.026680535714308538,0.0717876607003732,0.9564182295832608,-34.98811789561267
226,227.0,0.07711966334735965,9.007407057662155,0.08432130475773598,0.867643100146254,0.026680535714331682,0.07178766070040432,0.9564182295832229,-34.98811789560659
227,228.0,0.013318592544021568,0.04487680087608776,0.08432142116848279,0.8676428595887817,0.026680535714285997,0.07178766070034287,0.9564182295832979,-34.98811789561858
228,229.0,0.44146356768925643,3.818076459405527,0.08432135784727605,0.8676429711264473,0.026680535714297134,0.07178766070035784,0.9564182295832815,-34.98811789561566
229,230.0,0.22155102446235075,7.582800624344982,0.08432132548496056,0.8676430570777902,0.02668053571431686,0.07178766070038438,0.9564182295832472,-34.98811789561048
230,231.0,0.9460397767356766,5.242938951833725,0.08432134698054675,0.8676429899002039,0.026680535714301023,0.07178766070036308,0.9564182295832756,-34.988117895614636
231,232.0,0.8245672725991844,0.9435914020665003,0.08432113041129681,0.867643482111699,0.026680535714590933,0.0717876607007531,0.9564182295828018,-34.98811789553857
232,233.0,0.19770079928296935,3.3806337699954674,0.0843213494650606,0.8676430069729156,0.026680535714303295,0.07178766070036614,0.9564182295832694,-34.98811789561404
233,234.0,0.6404136886948372,6.688945594282486,0.08432137209108179,0.8676429602348056,0.026680535714294143,0.07178766070035382,0.9564182295832845,-34.98811789561644
234,235.0,0.4339731333365512,9.875864242887966,0.08432133796774673,0.867643030590589,0.026680535714309225,0.07178766070037411,0.9564182295832597,-34.98811789561248
235,236.0,0.9175360662465263,9.089206545588265,0.08432137470057789,0.8676429549493538,0.026680535714293317,0.07178766070035271,0.9564182295832858,-34.988117895616654
236,237.0,0.49012220409006435,4.952964242820674,0.0843213735017131,0.8676429571501258,0.02668053571429367,0.07178766070035318,0.9564182295832853,-34.98811789561656
237,238.0,0.9599648656175321,7.5051781995099764,0.08432135554938797,0.8676429749496434,0.02668053571429789,0.07178766070035886,0.9564182295832804,-34.98811789561546
238,239.0,0.7568403920744773,2.230717977831116,0.08432135886166923,0.8676429683450619,0.026680535714296717,0.07178766070035729,0.9564182295832823,-34.98811789561576
239,240.0,0.41077557740874626,5.190129731738104,0.08432136258491986,0.8676429794227489,0.026680535714297505,0.07178766070035834,0.9564182295832789,-34.98811789561556
240,241.0,0.4270822939703831,7.921967462778593,0.08432134559599061,0.8676430148411223,0.026680535714305162,0.07178766070036864,0.9564182295832664,-34.98811789561355
241,242.0,0.6712053570439745,2.1188316763954025,0.0843213543228329,0.8676429765733108,0.026680535714298285,0.0717876607003594,0.9564182295832798,-34.98811789561535
242,243.0,0.7934009565681671,5.372820060192576,0.08432135225646391,0.8676429806411909,0.026680535714299056,0.07178766070036044,0.9564182295832786,-34.988117895615154
243,244.0,0.3727031120787332,2.654297546595706,0.08432135330509569,0.8676429791336587,0.026680535714298705,0.07178766070035995,0.956418229583279,-34.98811789561525
244,245.0,0.48647740112914417,0.15753805783071878,0.08432142195595699,0.8676428612175232,0.026680535714285875,0.0717876607003427,0.9564182295832979,-34.98811789561861
245,246.0,0.7485643459150475,8.789204250158397,0.08432136590366802,0.8676429726168886,0.026680535714296245,0.07178766070035665,0.956418229583281,-34.988117895615886
246,247.0,0.3907530157204393,7.986884461679235,0.08432134216493657,0.8676430220371274,0.02668053571430696,0.07178766070037107,0.9564182295832634,-34.98811789561307
247,248.0,0.8013469846325063,2.301716685528149,0.08432136047635698,0.8676429655117129,0.02668053571429619,0.07178766070035658,0.956418229583283,-34.9881178956159
248,249.0,0.775027276791314,0.19542220626703571,0.08432142082937272,0.8676428621193809,0.026680535714285913,0.07178766070034275,0.9564182295832979,-34.98811789561859
249,250.0,0.7241670967226407,0.013598990814415748,0.08432142069854884,0.8676428632945378,0.026680535714285903,0.07178766070034275,0.9564182295832979,-34.9881178956186
250,251.0,0.20930186217363733,2.8263630391620573,0.08432135946871906,0.8676429861975592,0.026680535714298806,0.07178766070036009,0.9564182295832768,-34.98811789561521
251,252.0,0.6730603345011524,3.8777590929780317,0.08432134761501024,0.8676429887717374,0.02668053571430078,0.07178766070036274,0.9564182295832759,-34.9881178956147
252,253.0,0.08024180004994275,1.5536163247127783,0.08432134415279534,0.8676430178419611,0.026680535714305918,0.07178766070036967,0.9564182295832652,-34.98811789561335
253,254.0,0.36345231027437075,4.5302262054555875,0.08432136337978963,0.8676429782798547,0.026680535714297286,0.07178766070035804,0.9564182295832793,-34.98811789561561
254,255.0,0.9192961896842469,0.5233825962003039,0.08432142027923312,0.8676428635345727,0.026680535714285927,0.07178766070034277,0.9564182295832979,-34.98811789561859
255,256.0,0.27260574045162045,7.584792424280035,0.08432133137843535,0.8676430446410581,0.026680535714313138,0.07178766070037938,0.9564182295832533,-34.98811789561146
256,257.0,0.4681115959248848,1.4058740928613809,0.08432135757427742,0.8676429710837511,0.02668053571429718,0.07178766070035791,0.9564182295832815,-34.988117895615645
257,258.0,0.7663769871279641,8.554878142196149,0.08432136866699078,0.8676429669606024,0.026680535714295274,0.07178766070035535,0.9564182295832826,-34.98811789561614
258,259.0,0.3829528329660983,1.7614473890143947,0.08432134512223954,0.8676429926314345,0.02668053571430172,0.07178766070036402,0.9564182295832746,-34.98811789561445
259,260.0,0.9609566483847582,5.691396833774125,0.08432134873006197,0.8676429866921326,0.026680535714300336,0.07178766070036215,0.9564182295832766,-34.98811789561481
260,261.0,0.639833385186507,2.451226658293629,0.08432134709770886,0.8676429892071824,0.02668053571430093,0.07178766070036295,0.9564182295832758,-34.988117895614664
261,262.0,0.4051382773624763,5.4224637538263964,0.08432136013496776,0.867642985209756,0.026680535714298598,0.07178766070035981,0.9564182295832772,-34.98811789561527
262,263.0,0.5009831372394368,6.223587266666521,0.08432136330886543,0.8676429783066538,0.026680535714297272,0.07178766070035802,0.9564182295832793,-34.988117895615616
263,264.0,0.8061898270550294,3.1580669423470273,0.0843213469279003,0.86764298945804,0.026680535714301,0.07178766070036305,0.9564182295832757,-34.98811789561464
264,265.0,0.9422942329673428,8.152448532830041,0.08432135814742642,0.867642970553081,0.02668053571429703,0.0717876607003577,0.9564182295832816,-34.98811789561568
265,266.0,0.8351621552556235,2.7641913731776784,0.08432135271322519,0.8676429791775927,0.026680535714298834,0.07178766070036013,0.956418229583279,-34.988117895615204
266,267.0,0.3998089178436677,7.491748586216248,0.08432134499274198,0.8676430159121273,0.026680535714305433,0.07178766070036902,0.9564182295832659,-34.98811789561348
267,268.0,0.4923874241235392,5.486446087644903,0.0843213687823768,0.8676429672164628,0.026680535714295295,0.07178766070035536,0.9564182295832826,-34.98811789561614
268,269.0,0.7263481084870478,1.7581544979406858,0.08432137267555788,0.8676429443974919,0.026680535714292672,0.07178766070035184,0.9564182295832883,-34.988117895616824
269,270.0,0.7157884563617714,7.372029132068781,0.08432137251785835,0.867642959345399,0.026680535714293997,0.07178766070035363,0.9564182295832847,-34.988117895616476
270,271.0,0.2890358249134183,4.795684413181648,0.08432135050483101,0.867643004732226,0.02668053571430278,0.07178766070036545,0.9564182295832703,-34.988117895614174
271,272.0,0.8039216540121412,0.7891011998993281,0.08432130311908613,0.8676431060188745,0.026680535714333892,0.07178766070040729,0.9564182295832193,-34.98811789560601
272,273.0,0.7389391438678896,3.341147207861004,0.0843213450415918,0.8676429929708753,0.02668053571430177,0.07178766070036408,0.9564182295832745,-34.98811789561444
273,274.0,0.35204160507087967,2.3488308774361863,0.08432135137358866,0.8676429822947236,0.02668053571429939,0.07178766070036088,0.956418229583278,-34.98811789561506
274,275.0,0.20468722581721988,3.8548006942415083,0.08432134523602267,0.8676430156416775,0.02668053571430537,0.07178766070036892,0.956418229583266,-34.98811789561349
275,276.0,0.26283779389599216,7.443506198362498,0.08432133044830128,0.8676430465290474,0.026680535714313697,0.07178766070038013,0.9564182295832524,-34.98811789561131
276,277.0,0.8346414913272588,2.761914590348359,0.08432135238159466,0.867642980109029,0.02668053571429898,0.07178766070036033,0.9564182295832787,-34.98811789561517
277,278.0,0.9670274202848916,0.001458474653695152,0.08432142132650347,0.8676428610027263,0.026680535714285906,0.07178766070034275,0.9564182295832979,-34.9881178956186
278,279.0,0.07994732651563041,5.446470309331526,0.08432131146296956,0.8676430862916308,0.026680535714326603,0.0717876607003975,0.9564182295832312,-34.98811789560792
279,280.0,0.8187019436530781,2.8369798005158704,0.08432135000115576,0.8676429844213306,0.026680535714299874,0.07178766070036154,0.9564182295832774,-34.988117895614934
280,281.0,0.9835245797321189,9.662506168447157,0.08432137490727666,0.8676429546859687,0.02668053571429328,0.07178766070035265,0.9564182295832858,-34.98811789561667
281,282.0,0.8866715796661119,7.291340088886293,0.08432135693624539,0.8676429726282272,0.02668053571429744,0.07178766070035826,0.956418229583281,-34.988117895615574
282,283.0,0.44147261996135145,9.715431506661252,0.08432133918981034,0.8676430285266261,0.026680535714308645,0.07178766070037333,0.9564182295832606,-34.98811789561263
283,284.0,0.5526156863395801,2.6490478608978694,0.08432134552678917,0.8676429921650287,0.02668053571430156,0.0717876607003638,0.9564182295832748,-34.988117895614494
284,285.0,0.33896931370874195,5.337970152099816,0.08432135248057944,0.8676430008360437,0.026680535714301908,0.07178766070036427,0.9564182295832717,-34.9881178956144
285,286.0,0.0860124550735264,8.594950896970749,0.08432130587773358,0.8676430979334467,0.02668053571433083,0.07178766070040318,0.9564182295832243,-34.98811789560681
286,287.0,0.8732757349575108,7.944753969527544,0.08432135943708147,0.8676429679748804,0.026680535714296565,0.07178766070035708,0.9564182295832824,-34.9881178956158
287,288.0,0.03009055686062423,2.2552836603868647,0.08432130924216134,0.867643090948365,0.02668053571432827,0.07178766070039974,0.9564182295832285,-34.98811789560749
288,289.0,0.871982251493011,0.4926394843533883,0.08432141973030978,0.8676428650467246,0.026680535714285938,0.07178766070034277,0.9564182295832978,-34.988117895618586
289,290.0,0.8912237499137599,8.367552982018104,0.084321377508727,0.8676429487924119,0.026680535714292436,0.07178766070035153,0.9564182295832873,-34.98811789561689
290,291.0,0.7240575127382495,1.2031465375608363,0.08432036092134855,0.8676452841028258,0.026680535719015786,0.07178766070670593,0.9564182295758147,-34.98811789437765
291,292.0,0.15051975405554818,4.708540041964496,0.08432132800314737,0.8676430519219963,0.0266805357143153,0.07178766070038228,0.9564182295832497,-34.988117895610884
292,293.0,0.2612473534242511,4.849914432761352,0.08432134565841445,0.8676430147593992,0.02668053571430516,0.07178766070036864,0.9564182295832664,-34.98811789561355
293,294.0,0.2948831710542593,5.2493938500819,0.08432134695895004,0.8676430117797149,0.02668053571430443,0.07178766070036766,0.9564182295832676,-34.98811789561374
294,295.0,0.8882814696106063,9.767305720466258,0.08432136964591352,0.8676429653999046,0.02668053571429499,0.07178766070035496,0.956418229583283,-34.98811789561621
295,296.0,0.5469113916314855,9.929117308963873,0.08432134668683297,0.867643012545633,0.026680535714304617,0.0717876607003679,0.9564182295832673,-34.98811789561369
296,297.0,0.38056349749619467,2.090728785419364,0.08432134738416544,0.8676429888258711,0.02668053571430084,0.07178766070036283,0.9564182295832759,-34.98811789561468
297,298.0,0.8449939980517159,6.784800185732023,0.08432135645736973,0.8676429731659644,0.02668053571429756,0.07178766070035843,0.9564182295832808,-34.988117895615545
298,299.0,0.589415365164081,7.989390086618206,0.08432135967427715,0.8676429859163592,0.026680535714298757,0.07178766070036002,0.9564182295832768,-34.988117895615225
299,300.0,0.053514219820051445,4.2350680895824535,0.08432130888591625,0.8676430915030333,0.026680535714328473,0.0717876607004,0.9564182295832282,-34.98811789560743
300,301.0,0.1536933388418481,6.094798186663303,0.08432132128609403,0.8676430656526336,0.026680535714319595,0.07178766070038806,0.9564182295832427,-34.98811789560976
301,302.0,0.6107682459854074,0.8567671357911476,0.08432142303041551,0.8676428563060066,0.026680535714285962,0.07178766070034281,0.9564182295832979,-34.988117895618586
302,303.0,0.19375692519980703,8.397773971387881,0.08432131944248074,0.8676430694635303,0.026680535714320837,0.07178766070038974,0.9564182295832406,-34.988117895609435
303,304.0,0.3894106366844986,9.945374549783285,0.0843213339176543,0.8676430389398032,0.026680535714311508,0.07178766070037719,0.956418229583256,-34.98811789561188
304,305.0,0.13191841461068776,1.355538125603774,0.08432137336783335,0.8676429576874647,0.026680535714293758,0.0717876607003533,0.956418229583285,-34.98811789561654
305,306.0,0.7676059580149407,3.7974806322698904,0.08432134579784033,0.8676429917634548,0.026680535714301477,0.07178766070036369,0.9564182295832749,-34.988117895614515
306,307.0,0.6557988879406703,6.135263109700913,0.0843213773997428,0.8676429490707241,0.02668053571429245,0.07178766070035154,0.9564182295832873,-34.98811789561689
307,308.0,0.4247718830622912,0.7089967772467746,0.08432141869080412,0.8676428653353738,0.02668053571428599,0.07178766070034286,0.9564182295832979,-34.98811789561858
308,309.0,0.5313072297287418,7.116007708285807,0.08432136008189015,0.8676429849434514,0.026680535714298556,0.07178766070035976,0.9564182295832772,-34.98811789561528
309,310.0,0.8136670072859743,6.850028007465263,0.08432135752891523,0.8676429714709161,0.026680535714297217,0.07178766070035796,0.9564182295832814,-34.98811789561563
310,311.0,0.08913206681081898,8.446400586244524,0.08432130666259248,0.8676430966712705,0.026680535714330367,0.07178766070040256,0.9564182295832251,-34.98811789560693
311,312.0,0.5812001854741784,2.7057116150111504,0.08432134505874682,0.8676429929804929,0.026680535714301755,0.07178766070036406,0.9564182295832745,-34.988117895614444
312,313.0,0.8206481082310482,8.69423269846449,0.08432137138551632,0.8676429616050013,0.02668053571429438,0.07178766070035414,0.956418229583284,-34.98811789561638
313,314.0,0.061476543185701615,5.021657265399477,0.08432130869796492,0.8676430920774657,0.026680535714328674,0.07178766070040027,0.9564182295832279,-34.98811789560738
314,315.0,0.8372545168875694,8.646600020651796,0.08432137297408947,0.867642958557787,0.026680535714293865,0.07178766070035346,0.9564182295832849,-34.98811789561651
315,316.0,0.1463289526925109,3.23734901155158,0.08432133883802571,0.8676430291195392,0.0266805357143088,0.07178766070037354,0.9564182295832604,-34.98811789561259
316,317.0,0.4057440067424096,2.807804249238465,0.08432135270918377,0.8676429799445441,0.02668053571429889,0.0717876607003602,0.9564182295832788,-34.9881178956152
317,318.0,0.21886364878617082,9.56376397491526,0.08432131891609666,0.8676430706077951,0.02668053571432121,0.07178766070039024,0.9564182295832401,-34.988117895609335
318,319.0,0.6216030278880237,7.976326592573616,0.08432136229876974,0.867642980304396,0.02668053571429767,0.07178766070035857,0.9564182295832787,-34.98811789561551
319,320.0,0.6958698201846266,7.808852315694813,0.08432136875154947,0.8676429668102442,0.026680535714295243,0.0717876607003553,0.9564182295832827,-34.988117895616156
320,321.0,0.7111406254826242,4.940804175865659,0.0843213525713018,0.8676429803513503,0.026680535714298962,0.0717876607003603,0.9564182295832787,-34.988117895615176
321,322.0,0.4450328297507007,4.69434444404524,0.08432137168454044,0.867642961499131,0.026680535714294334,0.07178766070035407,0.9564182295832842,-34.98811789561639
322,323.0,0.9538930160140341,4.272566756667028,0.08432134494851647,0.8676429930812661,0.02668053571430179,0.07178766070036412,0.9564182295832745,-34.98811789561443
323,324.0,0.10797391046183569,7.550318103482424,0.0843213109104616,0.8676430872673999,0.026680535714326936,0.07178766070039794,0.9564182295832306,-34.988117895607836
324,325.0,0.9162045316035617,2.407736400247967,0.08432136643045471,0.8676429550779232,0.026680535714294386,0.07178766070035415,0.9564182295832857,-34.98811789561638
325,326.0,0.042920853223722744,1.601970154977921,0.08432132286274246,0.8676430622393068,0.026680535714318495,0.07178766070038659,0.9564182295832445,-34.988117895610046
326,327.0,0.714735821359872,4.57781230683868,0.08432135016224072,0.867642984426391,0.026680535714299836,0.07178766070036148,0.9564182295832774,-34.98811789561495
327,328.0,0.23480472879830072,0.9387752229294752,0.0843214212617095,0.867642859891643,0.02668053571428596,0.07178766070034281,0.9564182295832979,-34.988117895618586
328,329.0,0.8173695917326858,2.3942088046559653,0.08432135916530224,0.8676429681217667,0.026680535714296648,0.07178766070035719,0.9564182295832823,-34.98811789561578
329,330.0,0.8006979653260596,6.428597462480438,0.08432135640057146,0.8676429733257516,0.026680535714297585,0.07178766070035845,0.9564182295832808,-34.98811789561554
330,331.0,0.4271158092415309,1.8744069986259437,0.08432134541906956,0.8676429924326019,0.02668053571430163,0.0717876607003639,0.9564182295832747,-34.98811789561447
331,332.0,0.28642537509020904,5.969701241304938,0.08432134077850836,0.8676430251249238,0.02668053571430777,0.07178766070037215,0.9564182295832621,-34.98811789561287
332,333.0,0.6194470285615761,3.0049740597475,0.08432134571613098,0.8676429920081979,0.02668053571430153,0.07178766070036376,0.9564182295832748,-34.9881178956145
333,334.0,0.5575585488769793,4.948144414337892,0.08432135846611155,0.8676429699669224,0.02668053571429692,0.07178766070035755,0.9564182295832818,-34.98811789561571
334,335.0,0.7943104997294459,1.9213032784568342,0.08432137289046353,0.8676429440141299,0.02668053571429262,0.07178766070035178,0.9564182295832884,-34.98811789561684
335,336.0,0.6703374358348244,5.196293643510866,0.08432135557973404,0.8676429745102332,0.026680535714297855,0.07178766070035882,0.9564182295832805,-34.98811789561546
336,337.0,0.4975791101739534,5.399049023285883,0.08432137028679786,0.8676429641504823,0.026680535714294774,0.07178766070035467,0.9564182295832834,-34.98811789561627
337,338.0,0.5275411830213449,7.485582316941841,0.08432135728466604,0.8676429905850329,0.0266805357142997,0.0717876607003613,0.9564182295832754,-34.988117895614984
338,339.0,0.7622557348557019,9.607294518105144,0.0843213627669986,0.8676429793570855,0.026680535714297484,0.07178766070035832,0.9564182295832789,-34.98811789561556
339,340.0,0.9811226863413509,1.11089545406709,0.08432114555482578,0.8676434487091798,0.026680535714559032,0.07178766070071019,0.9564182295828534,-34.98811789554694
340,341.0,0.9678446934301426,5.670493707849329,0.08432134835590317,0.8676429872220747,0.026680535714300485,0.07178766070036235,0.9564182295832765,-34.98811789561477
341,342.0,0.22616844397064095,4.43302831968945,0.08432134382093603,0.8676430188820606,0.02668053571430616,0.07178766070036999,0.9564182295832647,-34.988117895613286
342,343.0,0.05499523007442686,3.1264538516764198,0.0843213138631368,0.8676430811647702,0.026680535714324792,0.07178766070039505,0.9564182295832342,-34.9881178956084
343,344.0,0.45744303548453247,9.414789651514635,0.08432134151517434,0.8676430233628765,0.026680535714307306,0.07178766070037153,0.9564182295832628,-34.98811789561299
344,345.0,0.7518740647421176,8.87712582644811,0.08432136648348515,0.8676429715152008,0.026680535714296048,0.07178766070035639,0.9564182295832814,-34.98811789561594
345,346.0,0.5525045514864626,0.728709918992836,0.08432142400893675,0.8676428579737727,0.026680535714285837,0.07178766070034265,0.9564182295832979,-34.98811789561862
346,347.0,0.896485351020867,6.27259208544247,0.08432135240293134,0.8676429806644953,0.02668053571429903,0.0717876607003604,0.9564182295832786,-34.98811789561516
347,348.0,0.6182001519765928,8.221490630338527,0.08432136036697012,0.8676429843187685,0.026680535714298438,0.0717876607003596,0.9564182295832774,-34.98811789561531
348,349.0,0.8386092762864575,1.5075535752679303,0.08432016127336887,0.8676457787909261,0.026680535721186997,0.07178766070962692,0.9564182295724531,-34.988117893808
349,350.0,0.35518457780634216,3.5912549565932608,0.08432137349111876,0.867642957103507,0.026680535714293657,0.07178766070035317,0.9564182295832853,-34.98811789561657
350,351.0,0.5554174823762789,2.333652484442774,0.08432134547979445,0.8676429918717485,0.02668053571430155,0.07178766070036378,0.9564182295832749,-34.988117895614494
351,352.0,0.22891867687468193,0.8641982438385795,0.0843214202155462,0.8676428638171528,0.026680535714285927,0.07178766070034277,0.9564182295832979,-34.98811789561859
352,353.0,0.15881767658807422,8.186268195513733,0.08432131561317226,0.867643077500864,0.026680535714323526,0.07178766070039336,0.9564182295832363,-34.98811789560873
353,354.0,0.5556073866393012,7.836752968483372,0.08432135785254315,0.86764298977269,0.02668053571429952,0.07178766070036105,0.9564182295832756,-34.98811789561503
354,355.0,0.5603320232020843,1.9813357254732242,0.0843213493593463,0.8676429856695149,0.026680535714300114,0.07178766070036185,0.9564182295832769,-34.98811789561487
355,356.0,0.3313620638666924,4.527718901018026,0.08432135862467036,0.8676429880017188,0.026680535714299177,0.07178766070036059,0.9564182295832762,-34.98811789561512
356,357.0,0.30383568616002576,2.148435464991246,0.08432135273889232,0.8676429799130387,0.026680535714298903,0.07178766070036022,0.9564182295832788,-34.98811789561519
357,358.0,0.8109237703703532,0.7991941209441157,0.08432130021603353,0.8676431122373813,0.026680535714336324,0.07178766070041057,0.9564182295832153,-34.98811789560537
358,359.0,0.917879562706796,6.764251007618852,0.08432135408880193,0.8676429774137658,0.026680535714298383,0.07178766070035952,0.9564182295832796,-34.988117895615325
359,360.0,0.039830528644806074,6.083562242077456,0.08432130201018913,0.8676431061924846,0.02668053571433399,0.07178766070040743,0.9564182295832191,-34.98811789560599
360,361.0,0.19950785780351943,1.6102907373962438,0.08432135672214727,0.8676429728286008,0.02668053571429749,0.07178766070035833,0.9564182295832809,-34.98811789561556
361,362.0,0.9525541281311936,7.805902670889599,0.08432135711834066,0.8676429723179652,0.026680535714297383,0.07178766070035818,0.956418229583281,-34.98811789561559
362,363.0,0.9917360784040795,4.354799489282696,0.08432134519537836,0.8676429926985932,0.026680535714301706,0.07178766070036399,0.9564182295832746,-34.98811789561446
363,364.0,0.060008550960625295,8.262345020901254,0.08432130304554608,0.8676431038546992,0.026680535714333077,0.0717876607004062,0.9564182295832206,-34.98811789560622
364,365.0,0.10200156399505089,2.4453027242672647,0.08432133626007579,0.8676430345778062,0.026680535714310272,0.07178766070037552,0.956418229583258,-34.988117895612206
365,366.0,0.7959410355437542,5.8752012157154505,0.08432135411709223,0.8676429771267071,0.02668053571429837,0.07178766070035951,0.9564182295832797,-34.98811789561533
366,367.0,0.43246365679117305,8.300852189287049,0.08432134428769589,0.8676430178512786,0.0266805357143059,0.07178766070036964,0.9564182295832652,-34.98811789561336
367,368.0,0.10267865882968796,8.420174910488338,0.08432130838595461,0.8676430927574829,0.02668053571432893,0.07178766070040062,0.9564182295832274,-34.98811789560731
368,369.0,0.9856340273601351,9.804167520625041,0.08432137493568562,0.867642954184085,0.02668053571429321,0.07178766070035257,0.956418229583286,-34.98811789561668
369,370.0,0.6580471066164371,5.0940636210267725,0.08432135576177197,0.8676429743782834,0.026680535714297814,0.07178766070035876,0.9564182295832805,-34.988117895615474
370,371.0,0.24584395222705502,5.271980918626971,0.08432134003448817,0.8676430264308351,0.02668053571430811,0.07178766070037261,0.9564182295832615,-34.988117895612774
371,372.0,0.06381532683844215,1.5072097492418086,0.08432133647310619,0.8676430337887088,0.026680535714310085,0.07178766070037527,0.9564182295832583,-34.988117895612255
372,373.0,0.8729341167947151,5.871134829165114,0.084321351844323,0.8676429812765525,0.0266805357142992,0.07178766070036062,0.9564182295832784,-34.98811789561511
373,374.0,0.5666480600281221,3.1567997790853384,0.08432134664963223,0.8676429907134353,0.026680535714301196,0.07178766070036331,0.9564182295832753,-34.988117895614586
374,375.0,0.9296016503808532,2.313729333703244,0.08432137097267126,0.867642947226262,0.026680535714293116,0.07178766070035245,0.9564182295832876,-34.9881178956167
375,376.0,0.7938151596955555,7.540228274132191,0.08432137683363086,0.8676429505081641,0.02668053571429266,0.07178766070035184,0.9564182295832869,-34.98811789561683
376,377.0,0.00395300755068162,3.8490032127638534,0.0843212960566399,0.8676431187988352,0.026680535714338992,0.07178766070041416,0.956418229583211,-34.98811789560467
377,378.0,0.34865578239256645,5.246210040043362,0.08432135428608957,0.8676429968615323,0.02668053571430102,0.07178766070036308,0.9564182295832732,-34.988117895614636
378,379.0,0.31244528363261714,8.833963180927308,0.08432133105523133,0.8676430452117547,0.0266805357143133,0.07178766070037959,0.9564182295832531,-34.98811789561142
379,380.0,0.5540460655645429,6.776732898229174,0.08432136416973447,0.8676429762288745,0.0266805357142969,0.07178766070035754,0.9564182295832799,-34.988117895615716
380,381.0,0.9655864206279192,8.80672422099783,0.08432135919228961,0.8676429687187928,0.02668053571429668,0.07178766070035723,0.9564182295832822,-34.98811789561577
381,382.0,0.6242715023087396,7.4422382405522,0.08432136517848556,0.8676429741399607,0.02668053571429653,0.07178766070035703,0.9564182295832806,-34.98811789561581
382,383.0,0.8425617185531336,6.9193812098873835,0.08432135698379717,0.8676429722313111,0.026680535714297383,0.07178766070035818,0.9564182295832812,-34.98811789561559
383,384.0,0.62986537535084,6.2290790146007495,0.08432137519593567,0.8676429541127659,0.026680535714293185,0.07178766070035253,0.956418229583286,-34.98811789561669
384,385.0,0.36302342160541246,8.69105678661979,0.08432133600652651,0.8676430346050531,0.026680535714310297,0.07178766070037555,0.956418229583258,-34.9881178956122
385,386.0,0.5189415916615266,1.1303500312788342,0.08431969229226433,0.86764699093249,0.026680535728341694,0.07178766071925226,0.9564182295615878,-34.98811789193087
386,387.0,0.01315010315367715,2.667810560501531,0.08432130087221783,0.86764310865096,0.026680535714334926,0.07178766070040869,0.9564182295832175,-34.98811789560574
387,388.0,0.903737606665393,5.455596360880075,0.08432134953825415,0.8676429852413917,0.026680535714300034,0.07178766070036174,0.9564182295832772,-34.98811789561489
388,389.0,0.5216992218267349,2.5211918482378137,0.08432134557159415,0.8676429920295194,0.026680535714301554,0.07178766070036378,0.9564182295832748,-34.988117895614494
389,390.0,0.11630454810643798,3.47834539704697,0.08432132894585945,0.8676430498447713,0.02668053571431465,0.07178766070038141,0.9564182295832508,-34.98811789561106
390,391.0,0.1594508722189868,8.7769950594803,0.08432131402858534,0.8676430808550942,0.026680535714324688,0.07178766070039491,0.9564182295832344,-34.988117895608426
391,392.0,0.38542906713569247,7.696163345541848,0.0843213430832179,0.8676430201412831,0.02668053571430649,0.07178766070037043,0.9564182295832642,-34.9881178956132
392,393.0,0.09961126343945426,7.129874723302631,0.08432131030141232,0.8676430887676543,0.026680535714327477,0.07178766070039867,0.9564182295832298,-34.988117895607694
393,394.0,0.31512838987638647,0.33546547370264884,0.08432142253557082,0.8676428583510674,0.026680535714285917,0.07178766070034276,0.9564182295832979,-34.98811789561859
394,395.0,0.9542540482231593,2.691603664926733,0.08432136187134111,0.8676429630934068,0.02668053571429576,0.071787660700356,0.9564182295832837,-34.988117895616014
395,396.0,0.5731340964261991,3.793628430332824,0.08432135135552311,0.8676429817637095,0.026680535714299347,0.07178766070036081,0.9564182295832782,-34.988117895615076
396,397.0,0.7861945869417355,6.0494438145636975,0.08432135502175553,0.8676429758013529,0.026680535714298074,0.07178766070035911,0.95641822958328,-34.9881178956154
397,398.0,0.683145271224421,1.5113057464199318,0.08431965742497274,0.8676470842799919,0.02668053572900435,0.07178766072014374,0.9564182295605963,-34.98811789175702
398,399.0,0.448792624078302,7.185988385003202,0.08432135189527616,0.8676430019083985,0.026680535714302133,0.07178766070036458,0.9564182295832714,-34.988117895614344
399,400.0,0.8040972730216323,1.8586804099593792,0.08431956289540148,0.8676473401015766,0.026680535730905237,0.07178766072270104,0.9564182295577653,-34.98811789125829
400,401.0,0.570360651328721,7.572991626243413,0.08432136036976845,0.867642984220028,0.02668053571429842,0.07178766070035958,0.9564182295832775,-34.98811789561532
401,402.0,0.08189287928963807,9.434047174594866,0.08432130480635038,0.8676431000877223,0.026680535714331655,0.07178766070040428,0.956418229583223,-34.9881178956066
402,403.0,0.4182387862751943,3.3512010933488288,0.08432135662112922,0.8676429728382739,0.02668053571429752,0.07178766070035836,0.9564182295832809,-34.98811789561556
403,404.0,0.23924047246451052,4.69448761632661,0.08432134334848726,0.8676430194795297,0.026680535714306307,0.07178766070037018,0.9564182295832645,-34.98811789561325
404,405.0,0.4656178562613771,5.249373317017206,0.08432136828454455,0.8676429684238464,0.026680535714295475,0.07178766070035561,0.9564182295832823,-34.98811789561609
405,406.0,0.48811615324144875,3.889353964266553,0.08432135619703512,0.8676429735188638,0.026680535714297647,0.07178766070035854,0.9564182295832807,-34.98811789561552
406,407.0,0.04372989049105713,3.3668783702702396,0.08432130928822516,0.8676430909590122,0.02668053571432826,0.07178766070039973,0.9564182295832285,-34.98811789560749
407,408.0,0.7771286458960722,8.878407022912226,0.08432136776077676,0.8676429687627221,0.02668053571429557,0.07178766070035575,0.9564182295832822,-34.988117895616064
408,409.0,0.10980948899330767,6.941570069585733,0.0843213122018035,0.8676430847122462,0.02668053571432604,0.07178766070039673,0.9564182295832322,-34.98811789560807
409,410.0,0.5680366656238465,5.671815880707618,0.0843213744397829,0.867642955567284,0.02668053571429341,0.07178766070035283,0.9564182295832856,-34.98811789561663
410,411.0,0.19843334506601673,8.23633790922298,0.08432132043462988,0.8676430671710087,0.026680535714320087,0.07178766070038872,0.9564182295832419,-34.98811789560963
411,412.0,0.7931842021462163,9.914910162831989,0.08432136336930944,0.8676429783281923,0.026680535714297276,0.07178766070035804,0.9564182295832793,-34.988117895615616
412,413.0,0.8784184170242001,5.48924314355523,0.08432134983867226,0.8676429846676684,0.026680535714299923,0.07178766070036159,0.9564182295832773,-34.98811789561492
413,414.0,0.48815889072132523,0.40051219994989634,0.08432141993336442,0.8676428629071702,0.026680535714285955,0.0717876607003428,0.9564182295832979,-34.988117895618586
414,415.0,0.4452248924542177,2.6908433701579275,0.08432134893410081,0.8676429864925369,0.026680535714300273,0.07178766070036208,0.9564182295832767,-34.98811789561483
415,416.0,0.3756912401836455,6.861957007629152,0.08432134670811732,0.8676430123985863,0.026680535714304586,0.07178766070036788,0.9564182295832673,-34.9881178956137
416,417.0,0.5824559494713885,1.075184091931923,0.08432009448101598,0.8676459473340046,0.026680535722024588,0.07178766071075374,0.9564182295711658,-34.98811789358825
417,418.0,0.704210197823497,3.425734167243023,0.08432134522101045,0.8676429927527617,0.0266805357143017,0.07178766070036398,0.9564182295832746,-34.98811789561446
418,419.0,0.4587245859201069,2.3330491481193816,0.0843213460205515,0.8676429913114933,0.026680535714301384,0.07178766070036356,0.956418229583275,-34.98811789561454
419,420.0,0.5208127409890726,7.971531227825021,0.08432135342274033,0.8676429986466397,0.02668053571430143,0.07178766070036362,0.9564182295832725,-34.98811789561453
420,421.0,0.31995241639396443,6.823657741330138,0.08432134013825514,0.867643026222419,0.026680535714308035,0.07178766070037251,0.9564182295832616,-34.988117895612795
421,422.0,0.01689220703361516,9.215294029748298,0.08432129734503126,0.8676431159261968,0.026680535714337827,0.07178766070041259,0.9564182295832129,-34.98811789560498
422,423.0,0.7855084125650318,4.748784076387921,0.08432134888935058,0.8676429866938137,0.02668053571430032,0.07178766070036213,0.9564182295832766,-34.98811789561482
423,424.0,0.3592668644954111,5.681905018755834,0.08432135263158676,0.8676430005113372,0.02668053571430183,0.07178766070036417,0.9564182295832718,-34.98811789561442
424,425.0,0.27821309180871046,4.957201693453381,0.08432134735733215,0.867643010825591,0.02668053571430419,0.07178766070036734,0.9564182295832679,-34.988117895613804
425,426.0,0.39746929863514613,5.731989951148089,0.08432135641639951,0.8676429924495277,0.02668053571430009,0.07178766070036183,0.9564182295832747,-34.98811789561488
426,427.0,0.6982546712275343,3.1477713621525067,0.08432134478472328,0.8676429935785611,0.026680535714301887,0.07178766070036424,0.9564182295832743,-34.98811789561441
427,428.0,0.3230429475341514,8.881243076684697,0.08432133162077178,0.8676430438184473,0.026680535714312902,0.07178766070037905,0.9564182295832537,-34.98811789561152
428,429.0,0.35881966731619985,2.1702087955219818,0.08432134955235907,0.8676429850414528,0.02668053571430002,0.07178766070036173,0.9564182295832772,-34.9881178956149
429,430.0,0.38543037696291393,6.877495363014259,0.0843213472862035,0.867643011109529,0.026680535714304277,0.07178766070036745,0.9564182295832678,-34.988117895613776
430,431.0,0.9744658579846167,8.02530429476937,0.0843213567142642,0.8676429730621105,0.026680535714297505,0.07178766070035834,0.9564182295832809,-34.98811789561556
431,432.0,0.19384787881988386,5.8432435489606505,0.08432132909940768,0.867643049098857,0.02668053571431445,0.07178766070038113,0.9564182295832512,-34.98811789561111
432,433.0,0.5235304079177263,2.5514842596520526,0.08432134577957286,0.8676429915173757,0.026680535714301453,0.07178766070036366,0.956418229583275,-34.98811789561452
433,434.0,0.8709872560198626,2.7391405663431208,0.08432135524601873,0.8676429748691121,0.026680535714297952,0.07178766070035895,0.9564182295832804,-34.98811789561544
434,435.0,0.27126865295390223,9.966969118054084,0.0843213236479335,0.8676430606790624,0.026680535714318,0.07178766070038592,0.9564182295832453,-34.98811789561018
435,436.0,0.275569425032936,3.1022224946333563,0.08432136837525499,0.8676429676641683,0.026680535714295364,0.07178766070035546,0.9564182295832825,-34.98811789561612
436,437.0,0.9688699242040135,7.448958745695569,0.08432135471178673,0.8676429767148887,0.026680535714298216,0.0717876607003593,0.9564182295832798,-34.98811789561537
437,438.0,0.4386703175867863,3.443938755136133,0.08432135610999125,0.8676429738577656,0.02668053571429769,0.0717876607003586,0.9564182295832806,-34.9881178956155
438,439.0,0.06262582247277582,9.710943777661742,0.08432130214539753,0.8676431058903976,0.026680535714333875,0.07178766070040728,0.9564182295832193,-34.98811789560601
439,440.0,0.025238917344126977,3.244406967349324,0.08432130431404525,0.8676431012796417,0.026680535714332092,0.07178766070040488,0.9564182295832222,-34.988117895606486
440,441.0,0.2481215159853858,4.425264778735228,0.08432134716797833,0.8676430114487698,0.026680535714304364,0.07178766070036757,0.9564182295832677,-34.98811789561376
441,442.0,0.11611973615962612,3.2198642070584826,0.08432133116955655,0.8676430450071202,0.026680535714313246,0.07178766070037952,0.9564182295832531,-34.988117895611424
442,443.0,0.19547998448070214,7.96584974991436,0.08432132088294798,0.8676430665464333,0.02668053571431987,0.07178766070038843,0.9564182295832423,-34.98811789560969
443,444.0,0.06551549301953963,6.769933153099684,0.08432130616813577,0.8676430976067674,0.026680535714330704,0.071787660700403,0.9564182295832245,-34.98811789560685
444,445.0,0.20371982808375333,5.719219823532327,0.08432133070549407,0.8676430459064752,0.026680535714313506,0.07178766070037987,0.9564182295832527,-34.98811789561136
445,446.0,0.5728242167997891,6.199146396459877,0.084321370021545,0.8676429642537453,0.026680535714294806,0.07178766070035471,0.9564182295832834,-34.98811789561626
446,447.0,0.487096473955532,5.514252497990117,0.08432136809855503,0.8676429682337403,0.026680535714295482,0.07178766070035562,0.9564182295832823,-34.98811789561609
447,448.0,0.2735838652512389,0.47875109030115837,0.08432142753394506,0.867642854851159,0.026680535714285726,0.0717876607003425,0.9564182295832979,-34.98811789561864
448,449.0,0.7887585636270446,0.7471972831305655,0.08432142013218155,0.8676428650938146,0.026680535714285893,0.07178766070034272,0.9564182295832979,-34.9881178956186
449,450.0,0.05867021955677687,9.562805941741068,0.08432130223248853,0.8676431056081655,0.026680535714333757,0.07178766070040711,0.9564182295832195,-34.988117895606045
450,451.0,0.3457523736329777,2.3762782229174184,0.08432135248818028,0.8676429802916107,0.02668053571429898,0.07178766070036033,0.9564182295832787,-34.98811789561517
451,452.0,0.6709290049147485,5.234609013816157,0.08432135579232236,0.8676429742565166,0.026680535714297793,0.07178766070035873,0.9564182295832805,-34.98811789561548
452,453.0,0.5518288333199147,1.1672553517684168,0.08431975994363813,0.86764681138596,0.02668053572711325,0.07178766071759961,0.9564182295634328,-34.98811789225317
453,454.0,0.2078617017285993,1.573768977506155,0.08432135475828723,0.8676429761269235,0.026680535714298168,0.07178766070035923,0.9564182295832799,-34.98811789561538
454,455.0,0.054453884871241476,0.40492602901345126,0.08432141881735486,0.867642864727511,0.026680535714285997,0.07178766070034287,0.9564182295832979,-34.98811789561858
455,456.0,0.3236134892113367,7.984241297645297,0.08432133506964042,0.8676430371462446,0.026680535714311004,0.07178766070037651,0.9564182295832567,-34.98811789561202
456,457.0,0.34430641998561884,4.685014146798002,0.08432135949293455,0.8676429863979876,0.026680535714298834,0.07178766070036013,0.9564182295832767,-34.988117895615204
457,458.0,0.233355686439513,3.4003249967476576,0.08432135628979415,0.8676429928437321,0.02668053571430016,0.07178766070036192,0.9564182295832746,-34.98811789561486
458,459.0,0.265631368647538,8.144651367366288,0.08432132830911418,0.8676430506907524,0.02668053571431492,0.07178766070038177,0.9564182295832504,-34.98811789561098
459,460.0,0.7110840049093291,7.704565485242462,0.08432136978585415,0.8676429648932011,0.02668053571429491,0.07178766070035486,0.9564182295832832,-34.98811789561624
460,461.0,0.29296919266742105,4.314781045319038,0.08432135560902873,0.8676429944055921,0.026680535714300485,0.07178766070036235,0.956418229583274,-34.98811789561477
461,462.0,0.5669140632410201,2.3841308500921143,0.08432134537257675,0.8676429921925746,0.026680535714301616,0.07178766070036388,0.9564182295832748,-34.98811789561448
462,463.0,0.3771859589940828,7.170870711151348,0.08432134458280074,0.8676430169518927,0.026680535714305693,0.07178766070036936,0.9564182295832655,-34.988117895613414
463,464.0,0.5278761855338231,3.594240503721064,0.08432135189302471,0.8676429814255721,0.02668053571429919,0.0717876607003606,0.9564182295832784,-34.98811789561511
464,465.0,0.6713266281358322,0.6640143125374627,0.08432142499067984,0.8676428536735153,0.026680535714285917,0.07178766070034276,0.9564182295832979,-34.98811789561859
465,466.0,0.5827495933172245,7.703703066882419,0.08432136015686163,0.867642984488978,0.026680535714298487,0.07178766070035966,0.9564182295832774,-34.988117895615304
466,467.0,0.4071366111622521,5.9473544948513135,0.08432135591271031,0.8676429937176185,0.026680535714300353,0.07178766070036217,0.9564182295832743,-34.988117895614806
467,468.0,0.5866701326921455,7.516723579681191,0.08432136201742219,0.8676429808143098,0.026680535714297765,0.07178766070035869,0.9564182295832785,-34.98811789561549
468,469.0,0.7295052872267453,4.348768358981831,0.08432134828289788,0.8676429875533453,0.026680535714300523,0.07178766070036241,0.9564182295832764,-34.988117895614764
469,470.0,0.7106759934599218,4.537279932490727,0.08432135021296053,0.8676429841303617,0.02668053571429979,0.07178766070036142,0.9564182295832775,-34.98811789561496
470,471.0,0.08297045077081111,0.749514950112459,0.08432141939591473,0.8676428680832085,0.0266805357142859,0.07178766070034273,0.9564182295832978,-34.9881178956186
471,472.0,0.8605885347701445,6.335990938353423,0.08432135396214056,0.8676429777277933,0.02668053571429846,0.07178766070035962,0.9564182295832795,-34.988117895615304
472,473.0,0.42239995350498005,5.904961854333815,0.08432135791101364,0.8676429890842766,0.026680535714299413,0.07178766070036091,0.9564182295832758,-34.98811789561506
473,474.0,0.01474922634867959,7.453759900932837,0.08432129782519728,0.8676431149612054,0.026680535714337435,0.07178766070041206,0.9564182295832135,-34.98811789560508
474,475.0,0.4126970287848568,5.2791033420440545,0.08432136166020757,0.867642981845254,0.026680535714297952,0.07178766070035895,0.9564182295832782,-34.98811789561544
475,476.0,0.9453390728599175,7.608834105902415,0.08432135619045442,0.8676429741381528,0.0266805357142977,0.07178766070035861,0.9564182295832806,-34.9881178956155
476,477.0,0.12233069932518092,2.9650346710075173,0.08432133559390918,0.8676430358693011,0.02668053571431065,0.07178766070037602,0.9564182295832574,-34.988117895612106
477,478.0,0.8577341785204231,3.1322819292493653,0.08432134888535918,0.8676429860204677,0.026680535714300253,0.07178766070036205,0.9564182295832768,-34.988117895614835
478,479.0,0.9822388636968653,9.99619382283567,0.08432137352588288,0.8676429572959282,0.026680535714293678,0.0717876607003532,0.9564182295832853,-34.98811789561656
479,480.0,0.8321920121303931,7.905500688799968,0.0843213763003511,0.8676429516552867,0.026680535714292825,0.07178766070035204,0.9564182295832866,-34.98811789561679
480,481.0,0.4019078292453825,1.151758207682492,0.08432136001189613,0.8676429665777677,0.026680535714296363,0.0717876607003568,0.9564182295832827,-34.98811789561586
481,482.0,0.4391954692230723,9.256783843204499,0.08432134065125658,0.8676430250767992,0.026680535714307757,0.07178766070037214,0.9564182295832622,-34.988117895612874
482,483.0,0.8950999538124853,5.375849506991354,0.08432134899523082,0.867642986327199,0.026680535714300267,0.07178766070036206,0.9564182295832767,-34.988117895614835
483,484.0,0.5360523957695373,4.622181047366582,0.08432135777823976,0.8676429713256663,0.02668053571429717,0.07178766070035789,0.9564182295832814,-34.988117895615645
484,485.0,0.6288370113972774,1.0195015753844092,0.08432042235891908,0.8676451338045356,0.02668053571843927,0.07178766070593035,0.9564182295767129,-34.98811789452891
485,486.0,0.9749866042233525,5.407859407981869,0.08432134675357174,0.8676429904937994,0.02668053571430115,0.07178766070036324,0.9564182295832754,-34.9881178956146
486,487.0,0.6758691655712394,4.95040750299005,0.08432135389930073,0.867642977428318,0.02668053571429843,0.07178766070035959,0.9564182295832796,-34.98811789561531
487,488.0,0.9131616889485062,8.15634020624398,0.08432135830768736,0.8676429701433946,0.026680535714296974,0.07178766070035764,0.9564182295832817,-34.9881178956157
488,489.0,0.7904626117060675,8.508161004025721,0.08432137043054137,0.8676429635573861,0.026680535714294684,0.07178766070035456,0.9564182295832836,-34.9881178956163
489,490.0,0.2153130536255805,4.684072787448141,0.08432133958443407,0.8676430273164939,0.02668053571430834,0.07178766070037293,0.9564182295832612,-34.98811789561272
490,491.0,0.9646299650840683,0.4229629210785772,0.08432141901792435,0.8676428653885337,0.026680535714285962,0.07178766070034281,0.9564182295832979,-34.988117895618586
491,492.0,0.474389035712232,8.62593477252841,0.08432134661406288,0.8676430125480341,0.02668053571430462,0.0717876607003679,0.9564182295832673,-34.98811789561369
492,493.0,0.49025714731538494,5.6052126559721955,0.08432136718616795,0.8676429703415375,0.02668053571429583,0.0717876607003561,0.9564182295832817,-34.988117895616
493,494.0,0.5799067812321663,0.7287136630876788,0.08432141864612287,0.8676428670030293,0.026680535714285945,0.07178766070034279,0.9564182295832978,-34.988117895618586
494,495.0,0.24176511992614302,3.577703308883291,0.0843213553181189,0.8676429949315259,0.02668053571430061,0.07178766070036252,0.9564182295832738,-34.98811789561474
495,496.0,0.5163836111706881,2.413784655811623,0.08432134523974134,0.8676429922999037,0.02668053571430165,0.07178766070036392,0.9564182295832747,-34.988117895614465
496,497.0,0.7857388001997804,9.924865247634303,0.08432136297990366,0.8676429789565476,0.026680535714297397,0.07178766070035819,0.9564182295832792,-34.98811789561559
497,498.0,0.02839870719534754,0.9348792753635712,0.08432141962399617,0.8676428645079146,0.02668053571428594,0.07178766070034279,0.9564182295832979,-34.988117895618586
498,499.0,0.14077302047408968,6.443952487144799,0.0843213184645586,0.86764307190826,0.02668053571432164,0.0717876607003908,0.9564182295832393,-34.98811789560923
499,500.0,0.45027588660817286,0.48887872089016365,0.08432141800423693,0.8676428666593892,0.02668053571428601,0.07178766070034288,0.9564182295832978,-34.98811789561857
500,501.0,0.01155989798830348,1.4231082269307025,0.08432130374379054,0.8676431024633791,0.02668053571433255,0.07178766070040549,0.9564182295832215,-34.98811789560636
501,502.0,0.42423240531202744,3.1222354740035656,0.08432135394595235,0.8676429775085439,0.02668053571429843,0.07178766070035959,0.9564182295832796,-34.98811789561531
502,503.0,0.19980226264969736,8.13920579136271,0.08432132116389181,0.8676430659271962,0.02668053571431967,0.07178766070038817,0.9564182295832426,-34.98811789560974
503,504.0,0.031458977213313144,4.32623260207625,0.08432130382899561,0.8676431023704316,0.026680535714332515,0.07178766070040545,0.9564182295832215,-34.98811789560637
504,505.0,0.9060488946004104,5.030559695030208,0.08432134706831132,0.8676429898137006,0.026680535714301012,0.07178766070036306,0.9564182295832756,-34.988117895614636
505,506.0,0.9247102592114913,7.75664691684891,0.0843213573686724,0.8676429717277495,0.026680535714297272,0.07178766070035802,0.9564182295832813,-34.988117895615616
506,507.0,0.7311729543532995,5.300157170334309,0.08432135344175543,0.8676429785052128,0.02668053571429862,0.07178766070035984,0.9564182295832793,-34.98811789561526
507,508.0,0.49846897201015683,8.182789612714783,0.08432135100540931,0.8676430036506234,0.026680535714302518,0.07178766070036509,0.9564182295832707,-34.988117895614245
508,509.0,0.5334585691143175,0.5313925895822085,0.0843214210299495,0.8676428620376287,0.026680535714285913,0.07178766070034275,0.9564182295832979,-34.98811789561859
509,510.0,0.5776645059814928,1.4522669749273678,0.08432137020094059,0.8676429483778516,0.026680535714293324,0.07178766070035272,0.9564182295832874,-34.988117895616654
510,511.0,0.685260408897628,0.1674111896714395,0.08432141482565479,0.8676428720357343,0.026680535714286156,0.07178766070034308,0.9564182295832977,-34.98811789561854
511,512.0,0.48628800100864156,8.128007624956897,0.08432135039849177,0.8676430049243216,0.026680535714302827,0.0717876607003655,0.9564182295832702,-34.98811789561417
512,513.0,0.5992050986851237,4.5408601729023506,0.0843213547313898,0.867642976318317,0.026680535714298168,0.07178766070035923,0.9564182295832799,-34.98811789561538
513,514.0,0.44293902601983615,2.6412538776405934,0.0843213483858355,0.8676429875742421,0.026680535714300502,0.07178766070036238,0.9564182295832764,-34.98811789561477
514,515.0,0.4619823745825701,1.897430582562454,0.08432134571009434,0.8676429915029464,0.026680535714301477,0.07178766070036369,0.956418229583275,-34.988117895614515
515,516.0,0.0635935957504915,0.705894460636743,0.08432141691132711,0.8676428703633903,0.026680535714286018,0.0717876607003429,0.9564182295832977,-34.98811789561857
516,517.0,0.7507233568451466,5.534716553931828,0.08432135399772482,0.8676429778878227,0.02668053571429846,0.07178766070035962,0.9564182295832794,-34.988117895615304
517,518.0,0.3576495963412658,1.209020586867267,0.08432135128968232,0.8676429816368793,0.026680535714299333,0.0717876607003608,0.9564182295832783,-34.988117895615076
518,519.0,0.054517292345069523,5.290335336146919,0.08432130607461379,0.867643097855979,0.0266805357143308,0.07178766070040314,0.9564182295832243,-34.98811789560682
519,520.0,0.9795159965646801,8.779017135247887,0.08432135892445558,0.8676429686075767,0.026680535714296717,0.07178766070035729,0.9564182295832822,-34.98811789561576
520,521.0,0.07438448616939519,0.21950457547445767,0.08432142254734926,0.8676428568190209,0.02668053571428596,0.07178766070034281,0.956418229583298,-34.988117895618586
521,522.0,0.7459567390911703,2.575654464123457,0.08432135027682784,0.8676429839458806,0.02668053571429976,0.07178766070036138,0.9564182295832775,-34.98811789561496
522,523.0,0.9506815823061449,1.506748954767619,0.08432047834090349,0.8676449980726048,0.02668053571795191,0.07178766070527469,0.9564182295774746,-34.988117894656774
523,524.0,0.25212931101137226,3.443475574775402,0.08432135917928325,0.8676429866027576,0.026680535714298906,0.07178766070036023,0.9564182295832766,-34.98811789561519
524,525.0,0.7543527001065239,2.3173895453281346,0.08432135630482888,0.8676429733631195,0.02668053571429762,0.0717876607003585,0.9564182295832808,-34.988117895615524
525,526.0,0.20740077532779622,2.0700535324263583,0.08432137427493587,0.867642955433885,0.026680535714293414,0.07178766070035283,0.9564182295832857,-34.98811789561663
526,527.0,0.07680370441114726,7.37409369889551,0.08432130660148296,0.8676430962565862,0.02668053571433022,0.07178766070040236,0.9564182295832253,-34.988117895606976
527,528.0,0.1631979890866896,4.6253936953556085,0.0843213302829864,0.8676430465734105,0.026680535714313697,0.07178766070038013,0.9564182295832524,-34.98811789561131
528,529.0,0.37475991138518017,7.47144697653963,0.0843213426214837,0.867643021203652,0.026680535714306758,0.07178766070037079,0.9564182295832637,-34.98811789561313
529,530.0,0.7464665303014875,4.145528236830016,0.0843213473178749,0.8676429891122694,0.026680535714300888,0.0717876607003629,0.9564182295832758,-34.988117895614664
530,531.0,0.7379448171098567,4.217212803591379,0.08432134827785231,0.8676429873513056,0.026680535714300506,0.07178766070036238,0.9564182295832764,-34.98811789561477
531,532.0,0.953693324176746,6.4981103743115165,0.08432135173347155,0.8676429816646133,0.026680535714299264,0.07178766070036072,0.9564182295832783,-34.9881178956151
532,533.0,0.41817451395992256,2.9501526241417255,0.0843213524001793,0.8676429806681795,0.026680535714299024,0.0717876607003604,0.9564182295832786,-34.98811789561516
533,534.0,0.8953694958955679,6.556889681715227,0.08432135372854388,0.8676429781740894,0.02668053571429855,0.07178766070035975,0.9564182295832793,-34.98811789561528
534,535.0,0.720040640854536,8.759219148533397,0.08432136491464058,0.8676429752619762,0.026680535714296714,0.07178766070035728,0.9564182295832802,-34.988117895615765
535,536.0,0.12586272007912003,2.2021462621713965,0.08432134821724177,0.8676430091690128,0.026680535714303816,0.07178766070036684,0.9564182295832686,-34.988117895613904
536,537.0,0.1973645933368121,7.093725033381417,0.08432132408099192,0.8676430601627533,0.026680535714317825,0.07178766070038568,0.9564182295832456,-34.98811789561023
537,538.0,0.19517532950517213,4.225439719082661,0.0843213395263576,0.8676430274726347,0.026680535714308378,0.07178766070037297,0.9564182295832611,-34.9881178956127
538,539.0,0.3350226689723119,9.891934064055292,0.08432132940987522,0.8676430490697875,0.026680535714314432,0.07178766070038112,0.9564182295832512,-34.98811789561112
539,540.0,0.5687208310621024,1.3422515377841537,0.08431952079261454,0.8676474563074849,0.02668053573181208,0.07178766072392104,0.9564182295564245,-34.988117891020366
540,541.0,0.4645944704541608,1.8699385695444133,0.08432134617586,0.8676429910957635,0.02668053571430133,0.07178766070036349,0.9564182295832752,-34.98811789561456
541,542.0,0.6040964291037993,3.99705406871085,0.08432135114518188,0.8676429828226938,0.026680535714299482,0.07178766070036101,0.9564182295832779,-34.98811789561504
542,543.0,0.6151680872662214,5.142545806617943,0.08432135728374464,0.8676429715886531,0.026680535714297276,0.07178766070035804,0.9564182295832813,-34.988117895615616
543,544.0,0.6908286864540661,8.300096262745985,0.08432136527040984,0.867642974333525,0.026680535714296547,0.07178766070035705,0.9564182295832805,-34.98811789561581
544,545.0,0.3189697453038406,8.437999619195155,0.08432133240798509,0.8676430423602602,0.026680535714312493,0.07178766070037851,0.9564182295832544,-34.98811789561162
545,546.0,0.8883479641295716,4.947042485635204,0.08432134707996829,0.867642989428275,0.026680535714300978,0.07178766070036302,0.9564182295832757,-34.98811789561465
546,547.0,0.7622922968792188,3.231166704619502,0.0843213453027803,0.8676429928780427,0.026680535714301692,0.07178766070036398,0.9564182295832746,-34.98811789561446
547,548.0,0.9571040481168567,0.6848913484742032,0.08432141990078329,0.8676428649742227,0.026680535714285924,0.07178766070034276,0.9564182295832978,-34.98811789561859
548,549.0,0.517122129730439,8.168926510435378,0.08432135300919631,0.8676429994983531,0.0266805357143016,0.07178766070036385,0.9564182295832722,-34.98811789561448
549,550.0,0.19605862605343238,5.263652203936771,0.0843213320938189,0.8676430429627929,0.026680535714312642,0.0717876607003787,0.9564182295832541,-34.98811789561158
550,551.0,0.9072986314908169,8.412716923934711,0.08432137766099794,0.8676429484791534,0.026680535714292377,0.07178766070035145,0.9564182295832874,-34.9881178956169
551,552.0,0.5948412707187681,0.3682043061739703,0.08432142079042416,0.8676428621773277,0.02668053571428592,0.07178766070034276,0.9564182295832979,-34.98811789561859
552,553.0,0.45909401279755657,3.1754368120727015,0.08432135272180198,0.8676429795083881,0.026680535714298858,0.07178766070036016,0.9564182295832789,-34.988117895615204
553,554.0,0.9201186801357584,6.719025671482172,0.08432135447273453,0.8676429763510699,0.026680535714298223,0.07178766070035932,0.9564182295832799,-34.98811789561537
554,555.0,0.4556052171013072,8.035944901886676,0.08432134805676647,0.8676430098151656,0.026680535714303972,0.07178766070036705,0.9564182295832683,-34.98811789561386
555,556.0,0.7927261516242339,7.24157166816125,0.0843213589671357,0.8676429690355865,0.026680535714296752,0.07178766070035733,0.956418229583282,-34.98811789561576
556,557.0,0.9097621379138886,6.026545361329926,0.08432135109258139,0.8676429830003671,0.02668053571429951,0.07178766070036105,0.9564182295832778,-34.988117895615034
557,558.0,0.47648552705710434,1.0564765624316437,0.08431965252768281,0.867647097538727,0.02668053572909998,0.0717876607202724,0.9564182295604536,-34.988117891731925
558,559.0,0.8611573995248039,8.946858107314057,0.08432137199928963,0.8676429603895683,0.02668053571429417,0.07178766070035386,0.9564182295832844,-34.98811789561643
559,560.0,0.5911929719668039,4.848431945760207,0.08432135659753964,0.8676429729371854,0.02668053571429753,0.07178766070035837,0.9564182295832809,-34.98811789561555
560,561.0,0.8806412726226126,9.913283961485638,0.08432136810407818,0.8676429686052637,0.02668053571429553,0.0717876607003557,0.9564182295832822,-34.98811789561608
561,562.0,0.35205669392569905,8.94637307037383,0.0843213341012062,0.8676430387058266,0.026680535714311445,0.07178766070037709,0.9564182295832561,-34.9881178956119
562,563.0,0.07732987962193494,5.195400521553737,0.08432131096110147,0.8676430873147565,0.026680535714326957,0.07178766070039796,0.9564182295832306,-34.98811789560783
563,564.0,0.8004030912262986,6.966769202712552,0.08432135796710873,0.8676429707802684,0.026680535714297078,0.07178766070035777,0.9564182295832816,-34.988117895615666
564,565.0,0.2846740810514823,0.6211974907383374,0.08432142225762013,0.8676428591339492,0.026680535714285913,0.07178766070034275,0.9564182295832979,-34.98811789561859
565,566.0,0.8051797940618316,8.04003203118888,0.08432137393681054,0.8676429566375825,0.026680535714293574,0.07178766070035306,0.9564182295832854,-34.98811789561659
566,567.0,0.4637029390006606,1.3477274091663707,0.08432135972607752,0.8676429671956245,0.026680535714296467,0.07178766070035694,0.9564182295832826,-34.98811789561583
567,568.0,0.4008544250188516,7.606925300025677,0.08432134499581717,0.8676430163930382,0.02668053571430554,0.07178766070036915,0.9564182295832657,-34.98811789561345
568,569.0,0.566293429768755,4.403375524625696,0.08432135594655318,0.8676429740931271,0.026680535714297737,0.07178766070035866,0.9564182295832806,-34.988117895615495
569,570.0,0.5683307658789003,9.265455220311287,0.08432135114715548,0.8676430031281688,0.026680535714302418,0.07178766070036495,0.9564182295832708,-34.988117895614266
570,571.0,0.2063037078230625,7.921707399460226,0.08432132202076598,0.8676430641096093,0.02668053571431909,0.07178766070038738,0.9564182295832435,-34.98811789560989
571,572.0,0.8543051435631016,0.6676134508766566,0.08432141930472803,0.8676428660545394,0.02668053571428593,0.07178766070034277,0.9564182295832978,-34.98811789561859
572,573.0,0.9360407439199918,1.4346312676205435,0.08432055915190215,0.8676448032954622,0.026680535717306764,0.07178766070440676,0.956418229578486,-34.98811789482604
573,574.0,0.6782451308668056,8.894076728740632,0.08432136079352738,0.8676429832131802,0.02668053571429823,0.07178766070035932,0.9564182295832777,-34.98811789561537
574,575.0,0.8955378290211942,2.294563450910389,0.08432136820256839,0.8676429519519063,0.02668053571429388,0.07178766070035347,0.9564182295832865,-34.988117895616504
575,576.0,0.4244948938271317,2.7671497114938473,0.08432135121364219,0.867642982587963,0.026680535714299448,0.07178766070036095,0.9564182295832779,-34.98811789561505
576,577.0,0.029633127448839836,9.711259615439463,0.08432129888841018,0.8676431128783307,0.026680535714336602,0.07178766070041094,0.9564182295832149,-34.9881178956053
577,578.0,0.225664958610153,2.399835244280389,0.08432137090788559,0.8676429624137367,0.026680535714294504,0.0717876607003543,0.9564182295832838,-34.98811789561635
578,579.0,0.9423869805132616,3.0145507956895634,0.08432135435639604,0.8676429761289479,0.026680535714298233,0.07178766070035932,0.9564182295832799,-34.98811789561537
579,580.0,0.09577199646716317,2.2378528440119827,0.08432133695365378,0.867643032834628,0.026680535714309804,0.07178766070037489,0.9564182295832587,-34.988117895612326
580,581.0,0.9548217341156024,9.458340460260702,0.08432137452081108,0.8676429550940823,0.02668053571429335,0.07178766070035275,0.9564182295832857,-34.988117895616654
581,582.0,0.03878811951114136,8.40128518265702,0.08432130043631489,0.8676431095227176,0.026680535714335273,0.07178766070040916,0.9564182295832171,-34.98811789560565
582,583.0,0.8313703139885918,8.159912589683637,0.08432137527577721,0.867642953695316,0.026680535714293123,0.07178766070035246,0.9564182295832862,-34.9881178956167
583,584.0,0.18389992876354644,0.3153164279360056,0.0843214218387346,0.867642864561927,0.026680535714285816,0.07178766070034262,0.9564182295832979,-34.98811789561862
584,585.0,0.21791289576320205,3.983934363534235,0.08432134656007208,0.8676430128796474,0.026680535714304683,0.071787660700368,0.9564182295832672,-34.98811789561367
585,586.0,0.18589505839505205,7.68268368876712,0.08432132024667202,0.8676430678131446,0.026680535714320282,0.07178766070038899,0.9564182295832415,-34.988117895609584
586,587.0,0.38407552712537707,5.341766463329578,0.08432135815321098,0.867642989067141,0.02668053571429937,0.07178766070036086,0.9564182295832758,-34.98811789561506
587,588.0,0.46375678674516796,3.1445788418145235,0.08432135216839114,0.8676429806686238,0.026680535714299066,0.07178766070036045,0.9564182295832786,-34.98811789561515
588,589.0,0.36078216257042595,1.4820642023505388,0.08432134610448415,0.8676429908631741,0.026680535714301325,0.07178766070036348,0.9564182295832753,-34.98811789561456
589,590.0,0.5112524581654928,9.047882518910962,0.08432134761705737,0.8676430109954495,0.026680535714304218,0.07178766070036738,0.9564182295832679,-34.9881178956138
590,591.0,0.3439037151248915,6.5963278332208635,0.08432134471930752,0.8676430167877571,0.026680535714305644,0.0717876607003693,0.9564182295832656,-34.98811789561342
591,592.0,0.2289110982679048,4.604505986207747,0.08432134262072821,0.8676430211023476,0.026680535714306723,0.07178766070037075,0.9564182295832638,-34.98811789561314
592,593.0,0.8389175388475312,9.86468985187759,0.08432136603728388,0.8676429724047822,0.02668053571429622,0.07178766070035662,0.956418229583281,-34.98811789561589
593,594.0,0.03417918067079395,9.873704929943967,0.08432129886514313,0.8676431129522203,0.02668053571433663,0.07178766070041098,0.9564182295832148,-34.98811789560529
594,595.0,0.7233000785654337,6.324189188348876,0.0843213580016385,0.8676429704379508,0.02668053571429706,0.07178766070035775,0.9564182295832816,-34.98811789561567
595,596.0,0.2681709898398692,9.216984153639022,0.08432132444153656,0.8676430590387652,0.02668053571431748,0.07178766070038523,0.9564182295832462,-34.988117895610316
596,597.0,0.586028474231251,2.775834858989339,0.08432134514167323,0.8676429928622243,0.02668053571430172,0.07178766070036402,0.9564182295832746,-34.98811789561445
597,598.0,0.3173584353836071,4.234291078047766,0.08432136018456299,0.8676429844432215,0.026680535714298473,0.07178766070035965,0.9564182295832774,-34.988117895615304
598,599.0,0.45909707758859486,1.8771457324386678,0.08432134541793414,0.8676429924281394,0.026680535714301623,0.07178766070036388,0.9564182295832747,-34.98811789561447
599,600.0,0.40515044373579756,9.515210312532774,0.08432133703568197,0.867643032999681,0.02668053571430986,0.07178766070037497,0.9564182295832586,-34.98811789561232
600,601.0,0.06741109663836087,8.109408427665922,0.08432130450867754,0.8676431007248061,0.0266805357143319,0.07178766070040461,0.9564182295832225,-34.988117895606536
601,602.0,0.9296353220547213,6.841003116394001,0.0843213538330975,0.8676429781113985,0.026680535714298504,0.07178766070035969,0.9564182295832794,-34.9881178956153
602,603.0,0.682334312480442,3.3991934249327613,0.08432134563369291,0.8676429917470981,0.026680535714301505,0.07178766070036373,0.9564182295832749,-34.98811789561451
603,604.0,0.2703032667824583,6.508696767987438,0.08432133565431503,0.8676430355725896,0.026680535714310553,0.0717876607003759,0.9564182295832575,-34.988117895612135
604,605.0,0.2193126215282004,5.064242096029703,0.08432133745896302,0.8676430319745551,0.02668053571430956,0.07178766070037457,0.9564182295832592,-34.98811789561239
605,606.0,0.4431140248030998,8.77531751877444,0.08432134295874645,0.8676430201639636,0.026680535714306494,0.07178766070037043,0.9564182295832642,-34.9881178956132
606,607.0,0.3128898185570854,8.349593666276302,0.0843213321334923,0.8676430427079684,0.02668053571431258,0.07178766070037863,0.9564182295832542,-34.9881178956116
607,608.0,0.11724190459896833,0.049079918499178865,0.08432142176838223,0.8676428635445881,0.026680535714285837,0.07178766070034265,0.9564182295832979,-34.98811789561862
608,609.0,0.45211715136314123,3.5213935626497386,0.08432135606287876,0.8676429738227843,0.02668053571429769,0.0717876607003586,0.9564182295832807,-34.9881178956155
609,610.0,0.6510874509055455,3.1628532442374455,0.08432134497583713,0.8676429932778544,0.026680535714301807,0.07178766070036413,0.9564182295832744,-34.98811789561443
610,611.0,0.8805897268190546,7.469861041599869,0.08432135763197648,0.8676429711543048,0.026680535714297172,0.0717876607003579,0.9564182295832815,-34.988117895615645
611,612.0,0.5029243098984106,5.071198988226853,0.0843213736141913,0.8676429573127048,0.026680535714293692,0.07178766070035321,0.9564182295832852,-34.988117895616554
612,613.0,0.9077329788408685,3.991569182722487,0.08432134478588961,0.8676429933921525,0.026680535714301852,0.07178766070036419,0.9564182295832744,-34.988117895614415
613,614.0,0.5789297495908357,8.9160978959451,0.08432135392540534,0.8676429975899353,0.026680535714301186,0.0717876607003633,0.9564182295832728,-34.98811789561459
614,615.0,0.25148453208334387,1.8788151821892043,0.08432135445652303,0.8676429767114558,0.02668053571429825,0.07178766070035934,0.9564182295832798,-34.98811789561536
615,616.0,0.41110983992460903,6.017008431839326,0.08432135569323215,0.8676429942382293,0.02668053571430045,0.0717876607003623,0.956418229583274,-34.988117895614785
616,617.0,0.7061682271888726,5.01335547111594,0.0843213532616495,0.8676429785728718,0.02668053571429867,0.07178766070035991,0.9564182295832793,-34.988117895615254
617,618.0,0.9556898345491596,4.669836813120686,0.08432134556772218,0.8676429921063519,0.02668053571430156,0.0717876607003638,0.9564182295832748,-34.988117895614494
618,619.0,0.6687104144297394,0.27274533958043795,0.0843214215910717,0.8676428603217109,0.026680535714285927,0.07178766070034277,0.9564182295832979,-34.98811789561859
619,620.0,0.6892961694800247,7.137148369998535,0.08432137259690015,0.867642959011661,0.02668053571429394,0.07178766070035356,0.9564182295832848,-34.9881178956165
620,621.0,0.8669252376083243,6.983874680496689,0.08432135617966068,0.8676429740515628,0.0266805357142977,0.07178766070035861,0.9564182295832806,-34.9881178956155
621,622.0,0.7584123577662967,4.252150606821369,0.08432134704886682,0.8676429898493262,0.02668053571430102,0.07178766070036308,0.9564182295832756,-34.988117895614636
622,623.0,0.2923687262727278,7.278152277741832,0.08432133510061185,0.8676430365572618,0.026680535714310845,0.0717876607003763,0.9564182295832571,-34.988117895612056
623,624.0,0.5995181816458748,3.230274506027352,0.08432134694745978,0.8676429896678239,0.026680535714301016,0.07178766070036308,0.9564182295832756,-34.988117895614636
624,625.0,0.38486661526194066,3.06501137304936,0.08432135662808536,0.8676429728768834,0.026680535714297515,0.07178766070035836,0.9564182295832809,-34.98811789561556
625,626.0,0.7438311374144919,2.3448910970948127,0.08432135484426079,0.8676429760076095,0.026680535714298133,0.07178766070035919,0.9564182295832799,-34.988117895615396
626,627.0,0.8319693553501777,6.597194620071068,0.08432135581045226,0.8676429747830994,0.026680535714297834,0.07178766070035879,0.9564182295832804,-34.98811789561547
627,628.0,0.6516437622824781,9.3432510738275,0.08432135704799781,0.8676429909768407,0.02668053571429978,0.07178766070036141,0.9564182295832753,-34.98811789561496
628,629.0,0.1030359592734511,5.473911200444165,0.08432131546693751,0.8676430778484006,0.026680535714323654,0.07178766070039352,0.9564182295832361,-34.988117895608696
629,630.0,0.47797889141190264,3.53976706301466,0.08432135428413594,0.8676429773777535,0.026680535714298344,0.07178766070035947,0.9564182295832796,-34.98811789561534
630,631.0,0.30350117636614116,1.67748233864382,0.08432134698608586,0.8676429897577352,0.026680535714301016,0.07178766070036308,0.9564182295832756,-34.988117895614636
631,632.0,0.5615011170365235,7.683192090273947,0.08432135886727997,0.8676429874177035,0.026680535714299056,0.07178766070036044,0.9564182295832764,-34.988117895615154
632,633.0,0.8200777392113248,3.002810459013175,0.08432134834501875,0.8676429873363353,0.026680535714300496,0.07178766070036237,0.9564182295832764,-34.98811789561477
633,634.0,0.938560111395573,4.510830209042515,0.08432134511309591,0.8676429927222862,0.02668053571430172,0.07178766070036402,0.9564182295832746,-34.98811789561445
634,635.0,0.6737224467122038,7.784006283171442,0.084321367288483,0.8676429699104599,0.026680535714295756,0.07178766070035598,0.9564182295832818,-34.988117895616014
635,636.0,0.5045023537938091,0.17144479317487027,0.08432142357811273,0.8676428578232864,0.026680535714285847,0.07178766070034266,0.956418229583298,-34.988117895618615
636,637.0,0.505067218671039,6.446816017336396,0.08432136229349933,0.8676429803242148,0.026680535714297657,0.07178766070035855,0.9564182295832787,-34.98811789561552
637,638.0,0.9024975186323964,9.572291844034448,0.08432137165222986,0.8676429609377606,0.026680535714294247,0.07178766070035396,0.9564182295832843,-34.98811789561641
638,639.0,0.8851801870911772,0.8269928361254925,0.08432134092293696,0.8676430262000349,0.02668053571430801,0.07178766070037249,0.9564182295832616,-34.9881178956128
639,640.0,0.6972633344828589,5.046370469957796,0.08432135347440739,0.8676429783827088,0.026680535714298615,0.07178766070035984,0.9564182295832793,-34.98811789561526
640,641.0,0.4582329400153664,8.24106722643177,0.08432134690779905,0.8676430124440458,0.026680535714304572,0.07178766070036785,0.9564182295832673,-34.988117895613705
641,642.0,0.6822474929816156,9.829172250469199,0.0843213564008115,0.8676429925626888,0.026680535714300114,0.07178766070036185,0.9564182295832746,-34.98811789561487
642,643.0,0.20367657311224985,0.15269567646043522,0.08432141776119423,0.8676428690522479,0.026680535714285997,0.07178766070034287,0.9564182295832977,-34.98811789561858
643,644.0,0.9619312252863952,3.86130170129784,0.08432134663297622,0.867642990008063,0.02668053571430111,0.07178766070036319,0.9564182295832755,-34.98811789561461
644,645.0,0.0738864542192188,2.38251444115817,0.08432132677293847,0.8676430540703992,0.026680535714315945,0.07178766070038316,0.9564182295832487,-34.98811789561072
645,646.0,0.3942037364323956,2.7615331222967545,0.08432135257083402,0.8676429798129256,0.026680535714298927,0.07178766070036026,0.9564182295832788,-34.98811789561518
646,647.0,0.7884237923199072,9.645751898424145,0.08432136406197413,0.8676429766809292,0.026680535714296977,0.07178766070035764,0.9564182295832798,-34.988117895615694
647,648.0,0.976182378140657,1.758727382719468,0.08432015609370351,0.8676457920530689,0.026680535721251362,0.0717876607097135,0.9564182295723545,-34.98811789379111
648,649.0,0.019899206101867906,9.481171444950501,0.08432129786665762,0.8676431147263812,0.026680535714337334,0.07178766070041193,0.9564182295832137,-34.988117895605114
649,650.0,0.07261974924710579,8.981299719630401,0.08432130392617582,0.8676431019188364,0.02668053571433236,0.07178766070040524,0.9564182295832218,-34.98811789560641
650,651.0,0.704344811861068,9.724433288085294,0.08432135824478192,0.8676429890355665,0.026680535714299382,0.07178766070036087,0.9564182295832758,-34.98811789561506
651,652.0,0.46941888858565606,5.862746752426273,0.08432136311434166,0.8676429784824348,0.02668053571429732,0.07178766070035811,0.9564182295832793,-34.9881178956156
652,653.0,0.2618232860713229,6.674064042468823,0.08432133441504074,0.8676430381827499,0.026680535714311296,0.0717876607003769,0.9564182295832563,-34.988117895611936
653,654.0,0.9738890879258351,3.455136621291052,0.08432134924314859,0.8676429853156843,0.026680535714300117,0.07178766070036185,0.956418229583277,-34.98811789561487
654,655.0,0.2788243757488019,4.06554891581236,0.08432135569277958,0.8676429940155863,0.026680535714300416,0.07178766070036226,0.9564182295832742,-34.98811789561479
655,656.0,0.4377290837777911,2.0715944783635805,0.08432134471059023,0.8676429937275286,0.02668053571430193,0.0717876607003643,0.9564182295832743,-34.988117895614394
656,657.0,0.9225086867409169,8.64004097690207,0.08432137711693269,0.8676429496955518,0.02668053571429256,0.0717876607003517,0.956418229583287,-34.98811789561685
657,658.0,0.3590483011137845,0.9258497506912122,0.08432142083117873,0.8676428579440326,0.026680535714286094,0.071787660700343,0.9564182295832979,-34.98811789561855
658,659.0,0.0005289147292615315,8.681158601619044,0.08432129491309438,0.867643121331781,0.02668053571434001,0.07178766070041552,0.9564182295832093,-34.98811789560441
659,660.0,0.6178163090706664,5.364211796964583,0.08432135784904685,0.8676429709258774,0.026680535714297116,0.07178766070035782,0.9564182295832815,-34.98811789561566
660,661.0,0.8613124270069172,7.831533868248202,0.0843213591566359,0.8676429683392363,0.026680535714296648,0.07178766070035719,0.9564182295832823,-34.98811789561578
661,662.0,0.30266506036331675,6.23415318084538,0.0843213420212741,0.8676430220722443,0.026680535714306973,0.07178766070037108,0.9564182295832634,-34.98811789561307
662,663.0,0.6596609936458935,7.3565236284787066,0.08432136877988429,0.8676429667931141,0.026680535714295222,0.07178766070035528,0.9564182295832827,-34.988117895616156
663,664.0,0.815906588697938,9.489549486384806,0.08432136682267703,0.8676429707279865,0.026680535714295912,0.0717876607003562,0.9564182295832816,-34.98811789561597
664,665.0,0.8830713297878732,6.666845004085113,0.08432135493674144,0.8676429757567603,0.026680535714298088,0.07178766070035912,0.95641822958328,-34.9881178956154
665,666.0,0.9471546287934937,5.177351753410266,0.08432134718573708,0.8676429894377387,0.026680535714300957,0.07178766070036299,0.9564182295832757,-34.98811789561465
666,667.0,0.6971616572089528,4.7531026665149385,0.08432135200407548,0.8676429808931444,0.026680535714299125,0.07178766070036052,0.9564182295832785,-34.98811789561513
667,668.0,0.8883411181080362,3.5972474749247008,0.08432134570560264,0.8676429915724694,0.026680535714301484,0.0717876607003637,0.9564182295832749,-34.98811789561451
668,669.0,0.9356105053670698,3.2471798330869173,0.08432135061229144,0.8676429828219678,0.026680535714299597,0.07178766070036116,0.9564182295832779,-34.988117895615005
669,670.0,0.8542146741635833,5.9811678513845665,0.08432135287135525,0.8676429794996238,0.026680535714298823,0.07178766070036012,0.9564182295832789,-34.98811789561521
670,671.0,0.28458528474113187,1.2900981904655726,0.08432134454043555,0.8676429940568668,0.026680535714302005,0.07178766070036441,0.9564182295832742,-34.98811789561437
671,672.0,0.5910711035686926,8.110975376230359,0.08432135833032843,0.8676429884409168,0.026680535714299257,0.0717876607003607,0.956418229583276,-34.9881178956151
672,673.0,0.059628159993357466,9.474769306064214,0.08432130233709724,0.8676431054969863,0.0266805357143337,0.07178766070040704,0.9564182295832196,-34.98811789560606
673,674.0,0.4523649609254565,4.483448341874159,0.0843213750494915,0.8676429541591749,0.02668053571429319,0.07178766070035254,0.956418229583286,-34.98811789561669
674,675.0,0.6864339324141254,4.932458955348869,0.08432135370381012,0.8676429780219322,0.02668053571429853,0.07178766070035972,0.9564182295832794,-34.98811789561529
675,676.0,0.10784351442998508,0.6664070403720775,0.0843214205827304,0.8676428625817554,0.026680535714285927,0.07178766070034277,0.9564182295832979,-34.98811789561859
676,677.0,0.523387931768183,8.037948279296163,0.08432135340684849,0.8676429984714334,0.026680535714301373,0.07178766070036355,0.9564182295832726,-34.98811789561454
677,678.0,0.4593548777873928,9.514074351595356,0.08432134091411364,0.8676430247719134,0.026680535714307684,0.07178766070037204,0.9564182295832623,-34.98811789561289
678,679.0,0.413664053652952,2.1424322359896166,0.08432134578275546,0.867642992038938,0.02668053571430152,0.07178766070036374,0.9564182295832748,-34.98811789561451
679,680.0,0.8490883277183838,5.579677344878137,0.0843213513935823,0.8676429823256753,0.02668053571429939,0.07178766070036088,0.956418229583278,-34.98811789561506
680,681.0,0.6200443708996105,9.621224993238537,0.08432135294250065,0.8676429998687047,0.026680535714301675,0.07178766070036395,0.956418229583272,-34.988117895614465
681,682.0,0.14890616776099252,5.011719913839594,0.0843213256085039,0.8676430568354038,0.02668053571431679,0.0717876607003843,0.9564182295832473,-34.98811789561049
682,683.0,0.6283819458276411,3.6292999434838658,0.08432134776680236,0.867642988573321,0.02668053571430073,0.07178766070036269,0.956418229583276,-34.98811789561471
683,684.0,0.4655938265277435,3.9790514920486686,0.08432135757289186,0.867642971541666,0.026680535714297224,0.07178766070035797,0.9564182295832813,-34.98811789561563
684,685.0,0.041692369360752934,0.11827315263063899,0.08432142228410561,0.8676428619092262,0.026680535714285834,0.07178766070034265,0.9564182295832979,-34.98811789561862
685,686.0,0.5707305873484372,7.254417329950325,0.084321361907733,0.867642981165799,0.02668053571429782,0.07178766070035877,0.9564182295832784,-34.988117895615474
686,687.0,0.27887804337870004,5.562128568527545,0.08432134312185804,0.8676430202981853,0.02668053571430653,0.07178766070037049,0.9564182295832642,-34.988117895613186
687,688.0,0.8712422003329633,4.798118020143574,0.08432134671296744,0.8676429905561713,0.026680535714301155,0.07178766070036326,0.9564182295832754,-34.9881178956146
688,689.0,0.5343934082341419,9.637064971488176,0.08432134647717396,0.8676430132302135,0.026680535714304763,0.0717876607003681,0.956418229583267,-34.988117895613655
689,690.0,0.8027381062484442,8.377164484132118,0.08432137158085856,0.8676429613091455,0.026680535714294303,0.07178766070035403,0.9564182295832842,-34.9881178956164
690,691.0,0.8997039062867529,4.5307494402202835,0.08432134552821643,0.8676429923044657,0.026680535714301595,0.07178766070036384,0.9564182295832747,-34.98811789561449
691,692.0,0.28698644526717365,1.2032217580719462,0.08432134561465367,0.8676429914892061,0.026680535714301498,0.07178766070036371,0.956418229583275,-34.98811789561451
692,693.0,0.24687264440015444,3.5222297235568423,0.08432135697659417,0.8676429911750384,0.026680535714299826,0.07178766070036147,0.9564182295832752,-34.98811789561495
693,694.0,0.03840456176676332,6.9545540024548345,0.08432130189078026,0.867643106429268,0.026680535714334076,0.07178766070040754,0.956418229583219,-34.98811789560596
694,695.0,0.5927508049388869,0.14871611037749308,0.0843214212039666,0.8676428630184904,0.026680535714285872,0.07178766070034269,0.9564182295832979,-34.98811789561861
695,696.0,0.722665949815945,1.807299757367844,0.08432137022354251,0.8676429485557782,0.026680535714293317,0.07178766070035271,0.9564182295832874,-34.988117895616654
696,697.0,0.22499465244001193,4.173953629106728,0.08432134554858303,0.8676430150741166,0.026680535714305224,0.07178766070036872,0.9564182295832663,-34.98811789561353
697,698.0,0.7489886109928862,2.4637019363111414,0.08432135259160477,0.8676429793290529,0.02668053571429888,0.07178766070036019,0.9564182295832789,-34.9881178956152
698,699.0,0.3231463463486778,5.461079084043484,0.08432134912929545,0.8676430075276547,0.026680535714303424,0.07178766070036631,0.9564182295832692,-34.988117895614
699,700.0,0.2623438948100971,3.3439276566876774,0.08432136209675832,0.8676429809783626,0.026680535714297782,0.07178766070035872,0.9564182295832785,-34.98811789561548
700,701.0,0.6034305079668348,5.427198802494994,0.08432135900579152,0.8676429689660372,0.02668053571429673,0.0717876607003573,0.956418229583282,-34.98811789561576
701,702.0,0.6074963295956344,9.792210395975447,0.08432135087778535,0.8676430038556081,0.026680535714302588,0.07178766070036519,0.9564182295832706,-34.988117895614224
702,703.0,0.150996541501068,6.661216427039838,0.08432131884469986,0.8676430708802639,0.026680535714321295,0.07178766070039035,0.95641822958324,-34.988117895609314
703,704.0,0.6929277441797295,0.4893043997478747,0.08432142002484533,0.8676428639502435,0.02668053571428592,0.07178766070034276,0.9564182295832979,-34.98811789561859
704,705.0,0.6258335234471184,4.203688600507647,0.08432135126464922,0.8676429824358995,0.026680535714299417,0.07178766070036091,0.956418229583278,-34.98811789561506
705,706.0,0.3019197678546436,8.653488896165166,0.08432133024136831,0.8676430470816645,0.02668053571431385,0.07178766070038033,0.9564182295832521,-34.988117895611275
706,707.0,0.2813572271181627,5.841633421847747,0.08432134125934214,0.8676430239792534,0.026680535714307466,0.07178766070037175,0.9564182295832626,-34.988117895612945
707,708.0,0.7997581115113509,0.12076325941470528,0.08432142068594864,0.8676428630041939,0.0266805357142859,0.07178766070034273,0.9564182295832979,-34.9881178956186
708,709.0,0.5580656410734137,6.139572926112124,0.08432136900797776,0.867642966609732,0.02668053571429519,0.07178766070035524,0.9564182295832827,-34.98811789561616
709,710.0,0.7263008412610238,6.755050216207744,0.0843213784122165,0.8676429470639799,0.026680535714292183,0.07178766070035118,0.9564182295832877,-34.98811789561695
710,711.0,0.9191880282006923,0.44637666007400373,0.08432144310081525,0.8676428174746529,0.026680535714287128,0.07178766070034438,0.9564182295832959,-34.98811789561828
711,712.0,0.1475453733251456,0.014999005215328976,0.08432142124123171,0.8676428656604547,0.026680535714285844,0.07178766070034266,0.9564182295832978,-34.988117895618615
712,713.0,0.5349347837969504,8.304726911447998,0.08432135333834939,0.8676429984274333,0.026680535714301387,0.07178766070036356,0.9564182295832726,-34.988117895614536
713,714.0,0.5163229735702253,8.187708700136364,0.08432135219281561,0.8676430012903957,0.02668053571430202,0.07178766070036442,0.9564182295832715,-34.98811789561437
714,715.0,0.5845115161127061,8.152741372158536,0.084321358069199,0.8676429890145009,0.026680535714299382,0.07178766070036087,0.9564182295832758,-34.98811789561506
715,716.0,0.04290398565450215,3.0106281321046833,0.0843213106274538,0.867643088096545,0.026680535714327228,0.07178766070039833,0.9564182295832302,-34.98811789560776
716,717.0,0.4006332370297143,7.082421272240401,0.08432134741177381,0.8676430111211876,0.02668053571430426,0.07178766070036743,0.9564182295832678,-34.98811789561378
717,718.0,0.6495031513608289,1.1299917557522914,0.08432024486931272,0.8676455703342868,0.02668053572022048,0.07178766070832664,0.9564182295739455,-34.98811789406159
718,719.0,0.44289695069210755,7.632308770239952,0.08432134888731127,0.8676430081473598,0.026680535714303566,0.0717876607003665,0.9564182295832689,-34.98811789561397
719,720.0,0.7187548925652656,1.385509636854556,0.0843199847947539,0.8676462261755734,0.026680535723519465,0.07178766071276482,0.9564182295688776,-34.98811789319605
720,721.0,0.8632361598283065,2.658872441807789,0.08432135642375053,0.8676429730077128,0.026680535714297557,0.07178766070035841,0.9564182295832809,-34.988117895615545
721,722.0,0.8488872149448173,9.536351076331478,0.08432136823839216,0.8676429681336695,0.02668053571429545,0.07178766070035558,0.9564182295832823,-34.9881178956161
722,723.0,0.40826953920394937,1.9305881364553577,0.08432134491597938,0.8676429931378515,0.026680535714301803,0.07178766070036413,0.9564182295832745,-34.98811789561443
723,724.0,0.2764536173887342,5.954177059991816,0.08432133981768883,0.8676430268475099,0.026680535714308208,0.07178766070037275,0.9564182295832614,-34.98811789561275
724,725.0,0.48857807130552666,9.218234731139948,0.0843213448848239,0.867643016423521,0.026680535714305568,0.07178766070036918,0.9564182295832657,-34.98811789561344
725,726.0,0.9594466200204516,7.902995633469001,0.08432135745963021,0.8676429714020834,0.02668053571429723,0.07178766070035797,0.9564182295832814,-34.98811789561563
726,727.0,0.04617416568532162,6.547916839859062,0.08432130310065887,0.8676431038641989,0.026680535714333087,0.07178766070040621,0.9564182295832206,-34.98811789560622
727,728.0,0.32998726674387624,6.726375683609422,0.08432134180832299,0.867643022598479,0.026680535714307112,0.07178766070037126,0.9564182295832632,-34.98811789561304
728,729.0,0.13472484909835714,4.366586068754238,0.08432132647857489,0.8676430548914403,0.026680535714316205,0.0717876607003835,0.9564182295832483,-34.98811789561065
729,730.0,0.402168235542821,9.397605002324333,0.08432133694632594,0.8676430328801144,0.02668053571430983,0.07178766070037493,0.9564182295832587,-34.98811789561232
730,731.0,0.1863672371666052,3.6457884502083973,0.08432134354175265,0.8676430190192231,0.026680535714306213,0.07178766070037006,0.9564182295832646,-34.98811789561327
731,732.0,0.07540021104955885,9.606534940955404,0.08432130391955774,0.8676431021401404,0.026680535714332414,0.0717876607004053,0.9564182295832218,-34.9881178956064
732,733.0,0.6633858499099297,9.42271923147155,0.08432135674852044,0.8676429917399464,0.026680535714299937,0.07178766070036162,0.9564182295832749,-34.98811789561492
733,734.0,0.06562418241095624,5.863424075246773,0.08432130741634408,0.8676430947006916,0.02668053571432965,0.07178766070040159,0.9564182295832262,-34.988117895607125
734,735.0,0.13804588692694442,1.9337145015038284,0.08432135794075296,0.8676429888655461,0.026680535714299347,0.07178766070036081,0.9564182295832759,-34.988117895615076
735,736.0,0.9295584572777251,3.9705143048358322,0.08432134490903599,0.8676429934350485,0.026680535714301838,0.07178766070036417,0.9564182295832744,-34.988117895614415
736,737.0,0.36089354193906065,5.144693832395378,0.08432135704569424,0.8676429909684661,0.026680535714299774,0.0717876607003614,0.9564182295832753,-34.98811789561496
737,738.0,0.5066107329239977,6.173380856871212,0.08432136437839759,0.8676429761258783,0.026680535714296863,0.07178766070035748,0.9564182295832799,-34.98811789561572
738,739.0,0.05464577177144325,8.328582756093612,0.08432130250371503,0.8676431050495715,0.02668053571433355,0.07178766070040683,0.9564182295832199,-34.9881178956061
739,740.0,0.6859941642758944,5.682468934487948,0.08432135736543735,0.8676429716520139,0.026680535714297265,0.07178766070035802,0.9564182295832813,-34.988117895615616
740,741.0,0.25744368207028245,2.6568091382578882,0.08432137229326443,0.867642959606969,0.02668053571429406,0.07178766070035371,0.9564182295832846,-34.98811789561646
741,742.0,0.730249616472737,6.476909802677342,0.08432135867558804,0.8676429694267792,0.026680535714296846,0.07178766070035746,0.9564182295832819,-34.98811789561573
742,743.0,0.7482745539688488,2.431908225222402,0.08432135368224598,0.867642977232109,0.026680535714298466,0.07178766070035963,0.9564182295832796,-34.988117895615304
743,744.0,0.5078413429076186,7.6039186023803005,0.08432135488288652,0.8676429956063082,0.026680535714300756,0.07178766070036272,0.9564182295832736,-34.98811789561471
744,745.0,0.956154459902696,0.5698561276855865,0.08432142077110091,0.8676428623232467,0.026680535714285913,0.07178766070034275,0.9564182295832979,-34.98811789561859
745,746.0,0.9445857816461117,7.203226173153311,0.08432135529565227,0.8676429751860011,0.026680535714297977,0.07178766070035898,0.9564182295832802,-34.98811789561543
746,747.0,0.16265065903917475,6.305023831694529,0.08432132227661851,0.8676430633848572,0.02668053571431886,0.07178766070038707,0.956418229583244,-34.98811789560995
747,748.0,0.7856584215551288,9.923501240634941,0.08432136273348398,0.867642979174048,0.026680535714297463,0.07178766070035829,0.956418229583279,-34.98811789561557
748,749.0,0.9753127909028512,7.99507896527418,0.0843213569389621,0.8676429722796873,0.026680535714297408,0.07178766070035822,0.9564182295832812,-34.98811789561558
749,750.0,0.0153732320948331,8.00601261247344,0.08432129726157392,0.8676431163822267,0.026680535714338007,0.07178766070041283,0.9564182295832125,-34.98811789560493
750,751.0,0.28767088940404306,3.636140251664334,0.08432136234048594,0.8676429803740703,0.02668053571429766,0.07178766070035855,0.9564182295832787,-34.98811789561552
751,752.0,0.40816591034727434,9.217364893636601,0.08432133831591837,0.8676430302146636,0.026680535714309103,0.07178766070037394,0.95641822958326,-34.98811789561252
752,753.0,0.8432090309686212,0.6063204960723166,0.08432142246327391,0.8676428595307116,0.026680535714285875,0.0717876607003427,0.9564182295832979,-34.98811789561861
753,754.0,0.05154268875174006,7.222096810532532,0.0843213029985182,0.867643104038964,0.026680535714333133,0.07178766070040626,0.9564182295832205,-34.98811789560621
754,755.0,0.8788665017429178,6.462847343390027,0.08432135409452524,0.8676429776344889,0.02668053571429841,0.07178766070035957,0.9564182295832795,-34.98811789561532
755,756.0,0.4944054784708025,3.9842522774912257,0.0843213569848205,0.8676429721072277,0.02668053571429737,0.07178766070035816,0.9564182295832812,-34.988117895615595
756,757.0,0.06305321272506359,7.347204860430442,0.0843213045679306,0.8676431009926153,0.026680535714331977,0.07178766070040472,0.9564182295832224,-34.98811789560651
757,758.0,0.1951261440342389,4.045610883691224,0.08432134120153773,0.867643024049395,0.026680535714307476,0.07178766070037176,0.9564182295832626,-34.98811789561294
758,759.0,0.08023659905760461,2.7070779503830344,0.08432132567461541,0.8676430560431523,0.02668053571431656,0.07178766070038398,0.9564182295832477,-34.98811789561056
759,760.0,0.3443563550610519,4.212072975984745,0.08432136407868622,0.8676429767658478,0.026680535714296988,0.07178766070035765,0.9564182295832798,-34.988117895615694
760,761.0,0.8513208865574646,7.910331434612424,0.08432137758809667,0.8676429491691474,0.026680535714292467,0.07178766070035157,0.9564182295832871,-34.98811789561688
761,762.0,0.7470684900737832,6.48826096028255,0.08432135823913413,0.8676429703146736,0.026680535714296988,0.07178766070035765,0.9564182295832817,-34.988117895615694
762,763.0,0.5880235953335075,0.06540246279006874,0.08432142155487886,0.8676428613054832,0.02668053571428589,0.07178766070034272,0.9564182295832979,-34.9881178956186
763,764.0,0.8351721631867602,5.956244808597828,0.08432135356624611,0.8676429780734372,0.026680535714298556,0.07178766070035976,0.9564182295832794,-34.98811789561528
764,765.0,0.013335255462151974,3.34045417875374,0.0843212999674634,0.8676431106601569,0.02668053571433573,0.07178766070040977,0.9564182295832163,-34.98811789560553
765,766.0,0.13381399502109736,8.025852603861894,0.0843213131956971,0.8676430822475908,0.026680535714325167,0.07178766070039555,0.9564182295832335,-34.9881178956083
766,767.0,0.6659075763956358,8.164350665953307,0.08432136434243555,0.8676429762394483,0.02668053571429689,0.07178766070035753,0.9564182295832799,-34.988117895615716
767,768.0,0.40944962461982937,2.4253223003300604,0.08432134871082375,0.8676429862943547,0.02668053571430031,0.07178766070036212,0.9564182295832767,-34.98811789561482
768,769.0,0.9307733062802248,4.279771538521791,0.0843213451144386,0.8676429932434169,0.026680535714301776,0.07178766070036409,0.9564182295832744,-34.98811789561444
769,770.0,0.8325712977242018,2.7276116236664425,0.08432135286397353,0.8676429790580571,0.026680535714298792,0.07178766070036008,0.956418229583279,-34.98811789561522
770,771.0,0.5927076993871071,6.354004515368983,0.08432137065837131,0.8676429628813512,0.026680535714294566,0.07178766070035439,0.9564182295832837,-34.98811789561633
771,772.0,0.9961916481393125,5.403421231095491,0.08432134678174956,0.8676429903987252,0.026680535714301117,0.0717876607003632,0.9564182295832754,-34.98811789561461
772,773.0,0.7673745323315734,3.8475761824289125,0.08432134551752021,0.8676429921559787,0.026680535714301575,0.07178766070036383,0.9564182295832748,-34.98811789561449
773,774.0,0.5877850653177457,1.7104580913892302,0.08432135964263343,0.8676429673353098,0.02668053571429648,0.07178766070035697,0.9564182295832826,-34.98811789561582
774,775.0,0.5662192489457218,0.3171864185039198,0.08432142116274968,0.867642864530771,0.026680535714285854,0.07178766070034268,0.9564182295832979,-34.988117895618615
775,776.0,0.24206747090110692,2.1168029028064534,0.08432135838331757,0.8676429698939608,0.026680535714296925,0.07178766070035757,0.9564182295832818,-34.98811789561571
776,777.0,0.056902065816313074,4.894421639249332,0.08432130771023784,0.8676430941450853,0.02668053571432943,0.0717876607004013,0.9564182295832266,-34.98811789560718
777,778.0,0.5723778049758264,3.244176851255583,0.08432134767886205,0.8676429885896517,0.026680535714300756,0.07178766070036272,0.956418229583276,-34.98811789561471
778,779.0,0.808777700787028,1.9028537160200354,0.08431952670546974,0.8676474399669377,0.026680535731683025,0.0717876607237474,0.9564182295566152,-34.98811789105423
779,780.0,0.9974503282781901,5.215428565872281,0.08432134608298712,0.8676429910019057,0.02668053571430133,0.07178766070036349,0.9564182295832752,-34.98811789561456
780,781.0,0.2802947269153976,6.307891818698938,0.08432133832383587,0.8676430302376086,0.026680535714309103,0.07178766070037394,0.95641822958326,-34.98811789561252
781,782.0,0.6168540544610215,8.658236107296029,0.08432135746025626,0.8676429900827264,0.026680535714299607,0.07178766070036117,0.9564182295832755,-34.988117895615005
782,783.0,0.02068883311593761,1.3603814585304024,0.08432131148976883,0.8676430862701487,0.026680535714326575,0.07178766070039745,0.9564182295832313,-34.988117895607935
783,784.0,0.9584462969571826,8.245893410330186,0.08432135794137104,0.8676429704575142,0.02668053571429706,0.07178766070035775,0.9564182295832816,-34.98811789561567
784,785.0,0.19544129359668883,9.996120471651727,0.08432131586359431,0.8676430768533314,0.0266805357143233,0.07178766070039305,0.9564182295832366,-34.988117895608795
785,786.0,0.24213777541604287,4.97436107266526,0.08432134195257081,0.8676430222740047,0.026680535714307018,0.07178766070037114,0.9564182295832633,-34.988117895613065
786,787.0,0.16186989813827735,5.612831564517629,0.08432132455231738,0.867643058570941,0.026680535714317326,0.071787660700385,0.9564182295832464,-34.98811789561036
787,788.0,0.2411510551406808,6.761569297482434,0.08432133100158276,0.8676430450597906,0.026680535714313263,0.07178766070037955,0.9564182295832531,-34.988117895611424
788,789.0,0.05880000172502353,5.580426479211693,0.08432130686859413,0.8676430962091226,0.026680535714330194,0.07178766070040232,0.9564182295832253,-34.98811789560698
789,790.0,0.34608112978799677,2.4456720856783236,0.08432135341582908,0.8676429782608488,0.026680535714298608,0.07178766070035983,0.9564182295832793,-34.98811789561527
790,791.0,0.5891092371270643,5.642480670023773,0.08432137653092846,0.8676429508615943,0.026680535714292717,0.0717876607003519,0.9564182295832868,-34.98811789561681
791,792.0,0.9931474209924069,9.400335792351937,0.08432137697133305,0.8676429499768887,0.0266805357142926,0.07178766070035174,0.956418229583287,-34.988117895616845
792,793.0,0.44082806844794964,2.2583609233096227,0.08432134562779978,0.8676429921187687,0.026680535714301543,0.07178766070036378,0.9564182295832748,-34.9881178956145
793,794.0,0.3845642437142337,8.99818965673959,0.08432133683277723,0.8676430329999554,0.02668053571430986,0.07178766070037497,0.9564182295832586,-34.98811789561232
794,795.0,0.09742608137254616,3.8024135177739855,0.08432132170747525,0.8676430644518495,0.026680535714319217,0.07178766070038756,0.9564182295832433,-34.98811789560986
795,796.0,0.7863597768633278,8.247308422992853,0.08432137163899521,0.8676429609161107,0.02668053571429426,0.07178766070035397,0.9564182295832843,-34.988117895616405
796,797.0,0.7049335347086495,1.1068882661836659,0.08432050099799042,0.8676449430759972,0.026680535717763118,0.0717876607050207,0.95641822957777,-34.988117894706306
797,798.0,0.5014145841075209,6.979111732020344,0.08432135784952258,0.8676429893415463,0.02668053571429945,0.07178766070036097,0.9564182295832757,-34.98811789561505
798,799.0,0.30522262598188665,2.9815201970726437,0.08432137543340484,0.8676429536659828,0.02668053571429311,0.07178766070035243,0.9564182295832862,-34.98811789561671
799,800.0,0.10781849754891115,8.699977087746072,0.08432130920871479,0.8676430908885264,0.026680535714328244,0.0717876607003997,0.9564182295832285,-34.988117895607495
800,801.0,0.04172062551158884,4.797599228106411,0.08432130494577099,0.8676431000517222,0.026680535714331634,0.07178766070040427,0.956418229583223,-34.98811789560661
801,802.0,0.32952246316614064,2.018783983183058,0.08432134963885489,0.8676429852816119,0.02668053571430002,0.07178766070036173,0.956418229583277,-34.9881178956149
802,803.0,0.2160768714202811,4.910776931679016,0.08432133774380755,0.8676430311955518,0.026680535714309377,0.07178766070037432,0.9564182295832595,-34.98811789561244
803,804.0,0.8725891534795007,0.14220244410714808,0.0843214255691578,0.8676428544836186,0.026680535714285844,0.07178766070034266,0.9564182295832979,-34.988117895618615
804,805.0,0.6850735144929826,1.9553885634548633,0.08432136085635719,0.8676429645743647,0.026680535714296065,0.0717876607003564,0.9564182295832833,-34.988117895615936
805,806.0,0.9460661686588946,7.708057855206348,0.08432135663216186,0.867642972859516,0.026680535714297515,0.07178766070035836,0.9564182295832809,-34.98811789561556
806,807.0,0.42251217581445355,7.3042429403005755,0.08432134872080525,0.867643008696462,0.026680535714303684,0.07178766070036666,0.9564182295832688,-34.98811789561393
807,808.0,0.35207147653276305,2.590616845800267,0.08432135388397888,0.8676429778713858,0.02668053571429849,0.07178766070035966,0.9564182295832794,-34.988117895615304
808,809.0,0.5790844810389889,4.0133560389428125,0.08432135300160154,0.8676429791149993,0.026680535714298764,0.07178766070036004,0.956418229583279,-34.988117895615225
809,810.0,0.503381957811122,2.5075601773720773,0.08432134492959902,0.8676429937710624,0.026680535714301866,0.07178766070036421,0.9564182295832743,-34.98811789561441
810,811.0,0.8298380316769026,5.199920408718041,0.08432135031583982,0.8676429838750537,0.026680535714299736,0.07178766070036134,0.9564182295832776,-34.98811789561497
811,812.0,0.5845587437282004,0.27689602026230403,0.08432142035037164,0.8676428617802934,0.026680535714285962,0.07178766070034281,0.9564182295832979,-34.988117895618586
812,813.0,0.2144542852922917,2.8243104198785103,0.08432136130328224,0.8676429822133404,0.026680535714298036,0.07178766070035907,0.956418229583278,-34.98811789561542
813,814.0,0.5391332223463178,2.796866715499179,0.08432134648656008,0.8676429905120704,0.026680535714301203,0.07178766070036333,0.9564182295832754,-34.988117895614586
814,815.0,0.7660309673481748,7.9837785095576,0.08432137193092074,0.8676429602394068,0.026680535714294143,0.07178766070035382,0.9564182295832845,-34.98811789561644
815,816.0,0.676592222671075,5.740011039984507,0.08432135758010512,0.867642971560385,0.026680535714297213,0.07178766070035794,0.9564182295832814,-34.98811789561564
816,817.0,0.6772895383852712,7.26740956424524,0.08432137093665884,0.8676429625404019,0.026680535714294514,0.07178766070035432,0.9564182295832838,-34.98811789561634
817,818.0,0.8880433209654517,9.594864849126598,0.08432137016631241,0.8676429641896483,0.026680535714294795,0.0717876607003547,0.9564182295832834,-34.98811789561627
818,819.0,0.5148917475176565,4.443756813457232,0.08432135794177871,0.8676429711315342,0.026680535714297127,0.07178766070035783,0.9564182295832815,-34.98811789561566
819,820.0,0.6637048809982532,9.416860964548484,0.0843213577832689,0.8676429896319824,0.02668053571429951,0.07178766070036105,0.9564182295832757,-34.988117895615034
820,821.0,0.34814061904194304,6.741870964177052,0.0843213442184066,0.867643017906303,0.026680535714305918,0.07178766070036967,0.9564182295832652,-34.98811789561335
821,822.0,0.25249996684629383,3.0229262274235893,0.0843213654147134,0.8676429738594462,0.02668053571429646,0.07178766070035694,0.9564182295832806,-34.98811789561583
822,823.0,0.5696399875372399,4.405860745887671,0.08432135518458449,0.8676429756257622,0.026680535714298032,0.07178766070035905,0.9564182295832802,-34.98811789561542
823,824.0,0.8860752719536839,7.335499075583178,0.08432135674633924,0.8676429728584641,0.02668053571429748,0.07178766070035832,0.9564182295832809,-34.98811789561556
824,825.0,0.9650258687891083,2.0254713755935447,0.08431977760699645,0.8676467645109589,0.02668053572680193,0.07178766071718079,0.956418229563901,-34.98811789233485
825,826.0,0.7712183065202438,1.3210489719606366,0.08432028392694048,0.8676454733301223,0.026680535719796165,0.07178766070775579,0.9564182295746023,-34.98811789417291
826,827.0,0.9360308201367668,9.49452399610896,0.08432137330701102,0.8676429578914711,0.026680535714293765,0.0717876607003533,0.956418229583285,-34.98811789561654
827,828.0,0.29396471729123785,3.9992298252215597,0.08432135914362032,0.8676429865375638,0.026680535714298893,0.07178766070036022,0.9564182295832767,-34.9881178956152
828,829.0,0.8629402569880874,5.1029416701781845,0.08432134864293646,0.8676429866888438,0.02668053571430037,0.0717876607003622,0.9564182295832766,-34.988117895614806
829,830.0,0.9697226157680522,9.993547763971804,0.08432137206454052,0.867642960229784,0.02668053571429415,0.07178766070035383,0.9564182295832845,-34.98811789561644
830,831.0,0.966434374048651,2.1431870627037304,0.08431965198588529,0.8676470990945673,0.026680535729111388,0.07178766072028774,0.9564182295604369,-34.98811789172893
831,832.0,0.3223604540842928,9.969969779122064,0.08432132810472397,0.8676430514089524,0.026680535714315133,0.07178766070038206,0.95641822958325,-34.98811789561093
832,833.0,0.8734780391134851,5.045719829799616,0.08432134813563015,0.8676429874317346,0.026680535714300544,0.07178766070036244,0.9564182295832764,-34.988117895614764
833,834.0,0.9741354340016269,4.633743020335151,0.08432134494606575,0.8676429934964439,0.02668053571430183,0.07178766070036417,0.9564182295832744,-34.98811789561442
834,835.0,0.921768205138554,7.086488389633896,0.08432135518966169,0.8676429756944403,0.026680535714298032,0.07178766070035905,0.9564182295832802,-34.98811789561542
835,836.0,0.775573769980455,6.211720165900104,0.08432135636174146,0.8676429735498361,0.026680535714297633,0.07178766070035852,0.9564182295832807,-34.988117895615524
836,837.0,0.06684708446290055,9.948161897736886,0.08432130259393439,0.8676431047132711,0.026680535714333403,0.07178766070040664,0.9564182295832201,-34.98811789560614
837,838.0,0.31400748362675734,8.790266061786276,0.08432133124742555,0.8676430448810908,0.02668053571431321,0.07178766070037948,0.9564182295832532,-34.98811789561143
838,839.0,0.38568900352853275,2.2839248317085223,0.08432134881535365,0.8676429866323712,0.02668053571430033,0.07178766070036215,0.9564182295832766,-34.98811789561481
839,840.0,0.14594217079760607,3.480385122171817,0.08432133646401949,0.8676430338898455,0.026680535714310106,0.07178766070037529,0.9564182295832583,-34.98811789561225
840,841.0,0.18875367827476097,1.3061811160281744,0.08432135256847964,0.8676429804529144,0.02668053571429898,0.07178766070036033,0.9564182295832786,-34.98811789561517
841,842.0,0.038320484594074,7.8505333379583995,0.08432130005695332,0.8676431104760771,0.026680535714335665,0.07178766070040968,0.9564182295832164,-34.98811789560555
842,843.0,0.5584241447812568,4.74441848593336,0.08432135766559654,0.8676429711875546,0.026680535714297165,0.07178766070035789,0.9564182295832815,-34.98811789561565
843,844.0,0.9324859673499305,9.035995439316038,0.08432137545061871,0.8676429531829989,0.02668053571429306,0.07178766070035236,0.9564182295832863,-34.988117895616725
844,845.0,0.44212665059750966,2.36042640852226,0.08432134618961316,0.8676429910294339,0.026680535714301314,0.07178766070036346,0.9564182295832752,-34.98811789561456
845,846.0,0.4712162390129715,1.578287676619112,0.08432135164917468,0.86764298118316,0.026680535714299222,0.07178766070036065,0.9564182295832784,-34.988117895615105
846,847.0,0.7943494978609671,0.6829725431555603,0.0843214201787285,0.8676428639730076,0.026680535714285917,0.07178766070034276,0.9564182295832979,-34.98811789561859
847,848.0,0.9560558657296921,0.39003168639405345,0.08432141957578364,0.8676428634321883,0.026680535714285986,0.07178766070034286,0.9564182295832979,-34.98811789561858
848,849.0,0.2127270388938629,0.7763728669039716,0.08432142773205559,0.8676428493858082,0.026680535714285927,0.07178766070034277,0.9564182295832978,-34.98811789561859
849,850.0,0.2404674647019338,9.001724229244136,0.08432132273514195,0.8676430626080477,0.026680535714318596,0.07178766070038672,0.9564182295832443,-34.988117895610024
850,851.0,0.15245664803109438,5.996183364797192,0.08432132156085201,0.8676430652521965,0.02668053571431945,0.07178766070038786,0.956418229583243,-34.9881178956098
851,852.0,0.5201850622680048,6.336144762762936,0.08432136454380454,0.8676429754690438,0.02668053571429675,0.07178766070035733,0.9564182295832802,-34.98811789561576
852,853.0,0.8916670245145545,2.032264826731661,0.08431959287209471,0.8676472590140695,0.026680535730290066,0.07178766072187344,0.9564182295586807,-34.98811789141969
853,854.0,0.39117973710261544,8.198457881287517,0.08432134073647783,0.8676430248571603,0.02668053571430769,0.07178766070037206,0.9564182295832622,-34.98811789561288
854,855.0,0.49842893759254336,7.883131116040219,0.08432135246469945,0.8676430006624827,0.02668053571430186,0.0717876607003642,0.9564182295832718,-34.98811789561441
855,856.0,0.43958555083909234,6.4489558618915686,0.08432135568667476,0.8676429937206043,0.02668053571430036,0.07178766070036219,0.9564182295832743,-34.988117895614806
856,857.0,0.5475909631363484,0.7698188379449579,0.08432142268896026,0.8676428579512344,0.02668053571428593,0.07178766070034277,0.9564182295832979,-34.98811789561859
857,858.0,0.5693139619670856,5.806732018763248,0.08432137278472536,0.8676429587461041,0.026680535714293907,0.0717876607003535,0.9564182295832848,-34.9881178956165
858,859.0,0.29716474487346967,1.403605252015911,0.08432134512709505,0.867642992882966,0.02668053571430174,0.07178766070036405,0.9564182295832745,-34.988117895614444
859,860.0,0.20888092556080362,4.235271844609891,0.08432134255881774,0.867643021518614,0.026680535714306838,0.0717876607003709,0.9564182295832636,-34.98811789561311
860,861.0,0.6059450324702684,4.920964877296583,0.08432135671112816,0.8676429730964145,0.026680535714297522,0.07178766070035837,0.9564182295832808,-34.98811789561555
861,862.0,0.3609847422161063,2.9589099069607028,0.08432135710607204,0.8676429723331569,0.026680535714297373,0.07178766070035816,0.956418229583281,-34.988117895615595
862,863.0,0.5814800461939293,8.867774479524167,0.08432135391039026,0.8676429976841257,0.026680535714301217,0.07178766070036334,0.9564182295832728,-34.988117895614586
863,864.0,0.5409217707852806,3.7657093696231754,0.08432135220603425,0.8676429808731063,0.026680535714299083,0.07178766070036047,0.9564182295832785,-34.98811789561515
864,865.0,0.020632822047408572,5.992292496764726,0.08432129929943416,0.8676431118731188,0.026680535714336193,0.0717876607004104,0.9564182295832155,-34.98811789560541
865,866.0,0.4442299279611863,8.070425049615709,0.08432134709153508,0.8676430116342312,0.026680535714304385,0.0717876607003676,0.9564182295832676,-34.988117895613755
866,867.0,0.06215994181650608,5.4178861477267795,0.08432130753558194,0.8676430944738689,0.02668053571432956,0.07178766070040148,0.9564182295832264,-34.98811789560715
867,868.0,0.30402754401299636,2.5506619516464326,0.08432135764941864,0.8676429714524305,0.026680535714297206,0.07178766070035794,0.9564182295832814,-34.98811789561564
868,869.0,0.5455956076233678,1.152464630816252,0.08431976298765995,0.86764680317852,0.026680535727058252,0.07178766071752563,0.9564182295635152,-34.9881178922676
869,870.0,0.021252157905559343,4.157844519067822,0.0843213008784023,0.8676431090283115,0.026680535714335072,0.07178766070040889,0.9564182295832173,-34.988117895605704
870,871.0,0.1321008352168166,1.0071357334398678,0.08432142159242731,0.8676428573150896,0.026680535714286045,0.07178766070034293,0.9564182295832979,-34.988117895618565
871,872.0,0.884819363744011,0.0277280032672627,0.08432142050520293,0.8676428631613767,0.026680535714285927,0.07178766070034277,0.9564182295832979,-34.98811789561859
872,873.0,0.4274372343361067,0.4904176988991293,0.08432142157818726,0.867642862519185,0.02668053571428586,0.07178766070034268,0.9564182295832979,-34.988117895618615
873,874.0,0.5683418886090437,0.11380773969181715,0.08432141842441689,0.8676428664880798,0.02668053571428599,0.07178766070034286,0.9564182295832978,-34.98811789561858
874,875.0,0.6840951423493934,2.3857276305591606,0.08432135045969405,0.8676429831619867,0.02668053571429966,0.07178766070036124,0.9564182295832778,-34.98811789561499
875,876.0,0.07477590772304588,6.664791915164602,0.08432130710092468,0.867643095386412,0.026680535714329892,0.0717876607004019,0.9564182295832259,-34.988117895607054
876,877.0,0.5339629420886198,0.5858252743594813,0.08432141910013144,0.8676428651000639,0.026680535714285972,0.07178766070034283,0.9564182295832978,-34.988117895618586
877,878.0,0.7173632786876472,4.3511274299631735,0.08432134902117522,0.8676429864394152,0.026680535714300273,0.07178766070036208,0.9564182295832767,-34.98811789561483
878,879.0,0.6797723091999315,2.664281762647357,0.08432134679860424,0.8676429898109933,0.026680535714301075,0.07178766070036315,0.9564182295832756,-34.98811789561462
879,880.0,0.7459597301205976,9.145493342037632,0.08432136423423232,0.8676429763381263,0.026680535714296905,0.07178766070035754,0.9564182295832799,-34.988117895615716
880,881.0,0.9299264214049953,4.87072911660335,0.08432134657532726,0.8676429903294595,0.026680535714301176,0.07178766070036328,0.9564182295832754,-34.98811789561459
881,882.0,0.5737174296135192,2.047815723436026,0.08432134870330509,0.8676429868239953,0.026680535714300374,0.0717876607003622,0.9564182295832766,-34.988117895614806
882,883.0,0.33969816915102446,9.201800144936806,0.08432133220361826,0.8676430425476058,0.026680535714312534,0.07178766070037856,0.9564182295832543,-34.988117895611616
883,884.0,0.3821299409207841,9.058004560849609,0.08432133646764146,0.8676430337001242,0.026680535714310054,0.07178766070037522,0.9564182295832584,-34.98811789561227
884,885.0,0.15934583771523791,0.0495781797650406,0.08432141731851167,0.8676428697779347,0.026680535714286014,0.07178766070034288,0.9564182295832977,-34.98811789561857
885,886.0,0.4263602519652775,7.140922651469994,0.08432134989139221,0.8676430059542276,0.02668053571430305,0.07178766070036581,0.9564182295832698,-34.9881178956141
886,887.0,0.5083117670035523,2.0329830400955355,0.0843213462317422,0.8676429905898432,0.02668053571430126,0.0717876607003634,0.9564182295832754,-34.98811789561457
887,888.0,0.7137984820742548,8.284812430689296,0.08432136713287698,0.8676429705513118,0.02668053571429587,0.07178766070035615,0.9564182295832816,-34.988117895615986
888,889.0,0.01843963897286316,7.0054594983308265,0.08432129813974021,0.8676431146288579,0.026680535714337296,0.07178766070041188,0.9564182295832138,-34.988117895605114
889,890.0,0.992008430104486,2.795895794843812,0.08432136158690572,0.8676429639849843,0.026680535714295864,0.07178766070035614,0.9564182295832835,-34.988117895615986
890,891.0,0.20103875815631345,9.935525781567934,0.08432131689326038,0.867643074912091,0.02668053571432266,0.07178766070039218,0.9564182295832376,-34.98811789560896
891,892.0,0.8388315872023446,4.605336399247418,0.08432134735596954,0.867642988957719,0.02668053571430085,0.07178766070036284,0.9564182295832759,-34.98811789561468
892,893.0,0.5826906077610462,9.26573691804837,0.08432135184543559,0.867643002193671,0.026680535714302192,0.07178766070036464,0.9564182295832713,-34.98811789561432
893,894.0,0.8399375309221342,3.61786351406532,0.08432134522966236,0.8676429925907967,0.02668053571430169,0.07178766070036398,0.9564182295832746,-34.988117895614465
894,895.0,0.0653529368450051,6.4327154806968885,0.08432130650152943,0.8676430969705503,0.026680535714330482,0.07178766070040271,0.9564182295832249,-34.988117895606905
895,896.0,0.6041019819990104,7.075220760730193,0.08432136642804049,0.8676429720233576,0.02668053571429612,0.07178766070035648,0.9564182295832812,-34.98811789561592
896,897.0,0.4018969941936925,3.883990964423735,0.08432137575371089,0.8676429524338304,0.026680535714292963,0.07178766070035224,0.9564182295832864,-34.98811789561675
897,898.0,0.41124521296745586,9.047196182699317,0.08432133890782033,0.8676430285498312,0.026680535714308673,0.07178766070037337,0.9564182295832606,-34.988117895612625
898,899.0,0.38316689348054767,6.113467576823326,0.0843213520365547,0.8676430018343547,0.0266805357143021,0.07178766070036452,0.9564182295832714,-34.98811789561435
899,900.0,0.48521926322266307,7.70696846223857,0.08432135212764479,0.8676430015599877,0.02668053571430206,0.07178766070036448,0.9564182295832715,-34.988117895614366
900,901.0,0.6953223720771787,6.0337420232490215,0.08432135863329766,0.8676429696170921,0.026680535714296873,0.0717876607003575,0.9564182295832818,-34.98811789561572
901,902.0,0.2664616963137423,0.5588446619386457,0.08432142755727019,0.8676428500405059,0.0266805357142859,0.07178766070034273,0.9564182295832979,-34.9881178956186
902,903.0,0.5503853758853895,1.9479254939133173,0.08432134990042417,0.8676429842920165,0.02668053571429986,0.07178766070036151,0.9564182295832775,-34.98811789561494
903,904.0,0.8196447098636181,5.855310385214315,0.08432135303718442,0.8676429795318412,0.026680535714298795,0.07178766070036009,0.9564182295832789,-34.98811789561522
904,905.0,0.2653376757701017,0.4040203027417947,0.08432209838185349,0.8676425087939514,0.026680535716099664,0.07178766070278282,0.9564182295831438,-34.988117895142736
905,906.0,0.35405240709529384,8.623043371163277,0.08432133589791543,0.8676430349158871,0.026680535714310397,0.07178766070037569,0.9564182295832577,-34.98811789561218
906,907.0,0.20140623150355708,8.047857306795112,0.08432132111978144,0.8676430659747459,0.026680535714319675,0.07178766070038817,0.9564182295832426,-34.98811789560974
907,908.0,0.1833932966026578,4.1776222369475775,0.08432133758648451,0.867643031616351,0.026680535714309478,0.07178766070037444,0.9564182295832593,-34.98811789561242
908,909.0,0.625953000719714,7.955153585832059,0.08432136224086258,0.867642980337925,0.02668053571429768,0.07178766070035858,0.9564182295832786,-34.98811789561551
909,910.0,0.7354875157041116,0.030803177338776067,0.08432142131938694,0.8676428613932178,0.0266805357142859,0.07178766070034273,0.9564182295832979,-34.9881178956186
910,911.0,0.778583961360832,1.8590576454025003,0.08432137358427941,0.8676429432167221,0.02668053571429248,0.07178766070035159,0.9564182295832885,-34.988117895616874
911,912.0,0.7605044727057257,6.060606838258358,0.08432135668614127,0.8676429727166873,0.02668053571429748,0.07178766070035832,0.956418229583281,-34.98811789561556
912,913.0,0.7775714412267235,5.911709333229462,0.08432135466693866,0.8676429765395166,0.026680535714298202,0.07178766070035927,0.9564182295832798,-34.988117895615375
913,914.0,0.3722962020695635,8.418217379496742,0.08432133791589132,0.867643030631999,0.026680535714309228,0.07178766070037412,0.9564182295832597,-34.98811789561248
914,915.0,0.8380008108172688,2.2076255228433586,0.0843213660525478,0.8676429558066839,0.026680535714294497,0.0717876607003543,0.9564182295832856,-34.98811789561635
915,916.0,0.14988079580928515,5.088134573055904,0.08432132542109123,0.8676430567014005,0.02668053571431677,0.07178766070038427,0.9564182295832473,-34.9881178956105
916,917.0,0.6323850411759601,5.246010169661221,0.08432135717655745,0.8676429721219582,0.026680535714297342,0.07178766070035812,0.9564182295832812,-34.9881178956156
917,918.0,0.8077621463436809,7.98029454869622,0.08432137492822663,0.8676429543155411,0.026680535714293227,0.07178766070035258,0.9564182295832859,-34.98811789561668
918,919.0,0.17225194592912896,4.428572182495463,0.08432133371153318,0.867643039326355,0.02668053571431163,0.07178766070037734,0.9564182295832557,-34.98811789561185
919,920.0,0.1744560051860874,0.4048934217746331,0.08432141903681714,0.8676428759329213,0.026680535714285976,0.07178766070034284,0.9564182295832975,-34.988117895618586
920,921.0,0.0569546644112785,8.440193176063408,0.08432130271762164,0.8676431046509027,0.02668053571433338,0.07178766070040661,0.9564182295832201,-34.988117895606145
921,922.0,0.11044854906107382,3.976479666587122,0.08432132367782388,0.8676430606096188,0.026680535714317985,0.07178766070038589,0.9564182295832453,-34.98811789561019
922,923.0,0.1093417287061117,2.732677154593174,0.08432133491739423,0.8676430372620636,0.026680535714311032,0.07178766070037654,0.9564182295832567,-34.98811789561201
923,924.0,0.5461309120652497,6.382334294527865,0.08432136622654474,0.8676429723536611,0.02668053571429618,0.07178766070035655,0.9564182295832812,-34.9881178956159
924,925.0,0.8936355172161894,9.720435951173735,0.08432136958957102,0.8676429655313128,0.02668053571429501,0.07178766070035499,0.956418229583283,-34.988117895616206
925,926.0,0.1048976587005862,9.590654790456828,0.08432130670215864,0.8676430961924732,0.026680535714330197,0.07178766070040232,0.9564182295832253,-34.98811789560698
926,927.0,0.5684481922978294,1.3151846026106466,0.08431956130152385,0.8676473447813938,0.026680535730941833,0.07178766072275028,0.9564182295577119,-34.98811789124869
927,928.0,0.1501540542207901,0.3312870864816918,0.08432141308976288,0.8676428726337642,0.02668053571428633,0.07178766070034331,0.9564182295832976,-34.98811789561849
928,929.0,0.16309600117183842,6.361597367269076,0.08432132157513,0.8676430652603527,0.026680535714319466,0.07178766070038789,0.9564182295832429,-34.98811789560979
929,930.0,0.5026513021244495,6.992698219164529,0.08432135805693147,0.8676429889634891,0.02668053571429939,0.07178766070036088,0.9564182295832758,-34.98811789561506
930,931.0,0.819598421305951,6.4028035536676775,0.08432135508522115,0.8676429758139391,0.02668053571429807,0.07178766070035911,0.95641822958328,-34.9881178956154
931,932.0,0.8929037054781067,6.938737615785593,0.08432135539416004,0.8676429750529323,0.026680535714297942,0.07178766070035893,0.9564182295832803,-34.988117895615446
932,933.0,0.9922652074683587,5.893184805133992,0.08432134900053284,0.8676429862635083,0.026680535714300256,0.07178766070036205,0.9564182295832767,-34.988117895614835
933,934.0,0.8145506381520022,2.1912084672092584,0.08432136534160505,0.8676429569519261,0.02668053571429471,0.07178766070035458,0.9564182295832853,-34.98811789561629
934,935.0,0.2146656861749744,3.257560139292248,0.08432135480932039,0.8676429956829924,0.026680535714300773,0.07178766070036274,0.9564182295832736,-34.9881178956147
935,936.0,0.7508984634606075,6.299566904033096,0.08432135732763082,0.8676429719849896,0.0266805357142973,0.07178766070035807,0.9564182295832812,-34.98811789561561
936,937.0,0.9827200950092371,2.091658060976862,0.08431974571793316,0.8676468492965287,0.026680535727368133,0.07178766071794251,0.95641822956305,-34.9881178921863
937,938.0,0.8127326902832501,8.937099858991381,0.08432136940220826,0.8676429658299044,0.026680535714295055,0.07178766070035505,0.9564182295832829,-34.9881178956162
938,939.0,0.8432643861183963,0.8035695241023376,0.0843213265421771,0.867643056778609,0.026680535714316736,0.07178766070038421,0.9564182295832473,-34.988117895610515
939,940.0,0.13695356913070467,1.844477750203416,0.08432135928169963,0.8676429864843959,0.02668053571429886,0.07178766070036016,0.9564182295832767,-34.988117895615204
940,941.0,0.9950709762143629,2.0232719103414882,0.08431985320830203,0.8676465663126994,0.026680535725532084,0.07178766071547243,0.9564182295658188,-34.988117892668015
941,942.0,0.5566387290965488,7.4336344129256355,0.08432135993024541,0.8676429851157783,0.026680535714298598,0.07178766070035981,0.9564182295832772,-34.98811789561527
942,943.0,0.08970212008017897,3.8292015999637963,0.08432132001880813,0.8676430681545491,0.026680535714320407,0.07178766070038915,0.9564182295832414,-34.98811789560955
943,944.0,0.4460077177413446,2.231445644752041,0.08432134568897656,0.8676429921483522,0.026680535714301547,0.07178766070036378,0.9564182295832748,-34.9881178956145
944,945.0,0.5499057640412225,8.672540182390371,0.0843213526234043,0.8676430003072934,0.02668053571430179,0.07178766070036412,0.9564182295832719,-34.98811789561443
945,946.0,0.8826640711762116,1.2322947732093905,0.08432077140024691,0.8676443007810062,0.02668053571593592,0.07178766070256253,0.9564182295806501,-34.988117895185695
946,947.0,0.6274956272609833,5.5763628660829285,0.08432135867892933,0.8676429691423404,0.026680535714296818,0.07178766070035743,0.956418229583282,-34.98811789561574
947,948.0,0.594929684174565,3.781224524940838,0.08432135015290497,0.8676429842292529,0.026680535714299822,0.07178766070036147,0.9564182295832774,-34.98811789561495
948,949.0,0.06731933943065982,6.252940171863557,0.08432130685457884,0.8676430957543784,0.02668053571433003,0.0717876607004021,0.9564182295832256,-34.988117895607026
949,950.0,0.1265936448093703,8.878949998665059,0.08432131020450262,0.8676430889517038,0.026680535714327536,0.07178766070039876,0.9564182295832298,-34.98811789560768
950,951.0,0.09019019544033546,6.7943316303175765,0.08432130974611546,0.867643090186213,0.026680535714327977,0.07178766070039934,0.956418229583229,-34.98811789560756
951,952.0,0.07344109399964549,8.834101648698597,0.08432130415854157,0.867643101806871,0.026680535714332283,0.07178766070040513,0.9564182295832219,-34.988117895606436
952,953.0,0.980760815256741,3.104515294332047,0.0843213546311815,0.8676429758840473,0.02668053571429817,0.07178766070035923,0.95641822958328,-34.98811789561538
953,954.0,0.774698753876036,5.466583702049435,0.08432135296399694,0.8676429796633752,0.026680535714298813,0.0717876607003601,0.9564182295832789,-34.98811789561521
954,955.0,0.28836621628430315,6.5061066021148966,0.08432133804226725,0.8676430305453872,0.0266805357143092,0.07178766070037408,0.9564182295832597,-34.98811789561249
955,956.0,0.3639246152113388,5.645932723429006,0.08432135305198363,0.8676429992575497,0.02668053571430155,0.07178766070036378,0.9564182295832723,-34.988117895614494
956,957.0,0.16358585019527416,7.65976367181631,0.08432131743786941,0.8676430737036303,0.02668053571432224,0.07178766070039162,0.9564182295832384,-34.988117895609065
957,958.0,0.5476038193968255,7.23553098539877,0.08432136023503249,0.8676429845606849,0.026680535714298476,0.07178766070035965,0.9564182295832774,-34.988117895615304
958,959.0,0.1299402110569765,1.791950471600565,0.08432135879182485,0.8676429873508161,0.026680535714299063,0.07178766070036044,0.9564182295832764,-34.98811789561515
959,960.0,0.2279116313157049,5.732536676240108,0.08432133422446593,0.8676430383641093,0.026680535714311355,0.07178766070037698,0.9564182295832562,-34.98811789561192
960,961.0,0.2875278842246909,1.2850296495625537,0.08432134516704762,0.8676429927883426,0.026680535714301713,0.071787660700364,0.9564182295832746,-34.98811789561446
961,962.0,0.6012098095325364,4.861795699818428,0.08432135673189782,0.867642972952478,0.026680535714297487,0.07178766070035832,0.9564182295832809,-34.98811789561556
962,963.0,0.2618096846818523,5.767310942399515,0.08432133901274554,0.8676430284838669,0.026680535714308645,0.07178766070037333,0.9564182295832606,-34.98811789561263
963,964.0,0.3835745135694988,6.6292357781179545,0.08432134804100554,0.867643009748801,0.02668053571430394,0.071787660700367,0.9564182295832684,-34.98811789561387
964,965.0,0.17528608729516737,1.541566381415557,0.08432135827165246,0.8676429700393182,0.026680535714296974,0.07178766070035764,0.9564182295832817,-34.9881178956157
965,966.0,0.11053842614277165,8.234742596533147,0.08432131000308644,0.8676430891404773,0.026680535714327606,0.07178766070039884,0.9564182295832296,-34.98811789560766
966,967.0,0.7462458017395637,4.457541759605888,0.0843213486113923,0.8676429869627442,0.026680535714300405,0.07178766070036224,0.9564182295832765,-34.9881178956148
967,968.0,0.24222744259873474,0.6572732412054166,0.08432142579215883,0.8676428547585018,0.02668053571428582,0.07178766070034262,0.9564182295832979,-34.98811789561862
968,969.0,0.7363305796301087,6.929072861445719,0.08432137734880918,0.8676429498914279,0.026680535714292575,0.07178766070035171,0.956418229583287,-34.98811789561685
969,970.0,0.4288674991064777,1.1822923607153952,0.08432136293252264,0.867642961606239,0.026680535714295465,0.0717876607003556,0.956418229583284,-34.98811789561609
970,971.0,0.12769882837270152,2.8380830293299337,0.08432133868861318,0.8676430294935067,0.026680535714308902,0.07178766070037368,0.9564182295832602,-34.98811789561257
971,972.0,0.5879799685886011,7.8091610424058215,0.08432136040176144,0.8676429843251442,0.026680535714298417,0.07178766070035957,0.9564182295832774,-34.98811789561532
972,973.0,0.0211480501563297,1.5679626024616888,0.08432130991896856,0.8676430898847215,0.026680535714327883,0.07178766070039921,0.9564182295832291,-34.98811789560759
973,974.0,0.8116900148725845,2.873606054170409,0.0843213489190172,0.8676429862056219,0.026680535714300263,0.07178766070036205,0.9564182295832768,-34.988117895614835
974,975.0,0.24092535556291184,9.747830548108324,0.0843213212117262,0.8676430655382831,0.026680535714319564,0.07178766070038801,0.9564182295832427,-34.98811789560977
975,976.0,0.2902061451185034,1.9581094058506163,0.08432135184246473,0.8676429809012491,0.026680535714299167,0.07178766070036058,0.9564182295832785,-34.98811789561512
976,977.0,0.13763888279683434,8.880352848535214,0.08432131174001618,0.8676430856719811,0.026680535714326385,0.0717876607003972,0.9564182295832315,-34.98811789560798
977,978.0,0.5359959152757436,8.018794129674781,0.08432135458962509,0.8676429964638656,0.02668053571430093,0.07178766070036295,0.9564182295832733,-34.988117895614664
978,979.0,0.44408214148127223,6.30529513069588,0.08432135712120115,0.8676429910809073,0.026680535714299805,0.07178766070036144,0.9564182295832752,-34.988117895614955
979,980.0,0.49597155003399807,3.6851673595932564,0.08432135451103252,0.8676429769165759,0.02668053571429827,0.07178766070035937,0.9564182295832797,-34.98811789561536
980,981.0,0.28900007266434535,4.086453636175069,0.08432135761482958,0.8676429899785062,0.026680535714299587,0.07178766070036115,0.9564182295832755,-34.988117895615005
981,982.0,0.0006064933262804884,6.277581515934278,0.08432129503615836,0.8676431206623554,0.026680535714339735,0.07178766070041516,0.9564182295832098,-34.988117895604475
982,983.0,0.7558684050318929,0.6733544489353546,0.08432141694008453,0.8676428693465283,0.02668053571428604,0.07178766070034291,0.9564182295832978,-34.988117895618565
983,984.0,0.4621175872865957,7.08743431226748,0.0843213536380487,0.8676429981237364,0.026680535714301304,0.07178766070036346,0.9564182295832727,-34.988117895614565
984,985.0,0.1984615803993398,5.944218935050451,0.08432132934653755,0.86764304867587,0.026680535714314325,0.07178766070038098,0.9564182295832514,-34.98811789561114
985,986.0,0.9369386223356236,0.8763743866980789,0.08432134034697057,0.8676430276767322,0.02668053571430838,0.07178766070037298,0.9564182295832611,-34.9881178956127
986,987.0,0.7289782491207532,9.819932278188656,0.08432135977723954,0.8676429854827967,0.026680535714298667,0.07178766070035991,0.956418229583277,-34.988117895615254
987,988.0,0.9826988762661488,9.602159654788478,0.08432137518156335,0.8676429540808276,0.026680535714293192,0.07178766070035254,0.956418229583286,-34.98811789561669
988,989.0,0.9541396842170091,4.258491321639598,0.08432134529508793,0.8676429922730176,0.026680535714301633,0.0717876607003639,0.9564182295832747,-34.98811789561447
989,990.0,0.8279630421243832,5.852610094450888,0.08432135253268497,0.8676429803345376,0.026680535714298972,0.07178766070036031,0.9564182295832787,-34.98811789561517
990,991.0,0.7089821080145476,8.824168093748721,0.0843213636144846,0.8676429775550701,0.026680535714297147,0.07178766070035787,0.9564182295832795,-34.98811789561565
991,992.0,0.16564984040688058,1.1102721305148338,0.08432135120756823,0.8676429826114165,0.026680535714299444,0.07178766070036095,0.9564182295832779,-34.98811789561505
992,993.0,0.5846893999107117,6.861346533759598,0.08432136623400069,0.8676429722586658,0.026680535714296173,0.07178766070035655,0.9564182295832812,-34.9881178956159
993,994.0,0.538917547407162,5.664686814458732,0.08432137179639564,0.8676429607436201,0.026680535714294233,0.07178766070035394,0.9564182295832843,-34.98811789561641
994,995.0,0.19701815795126343,0.5602976254264275,0.0843214401328698,0.8676428390967619,0.026680535714286007,0.07178766070034287,0.9564182295832976,-34.98811789561857
995,996.0,0.4574988394163836,4.6083850340141375,0.08432137407912359,0.8676429560852508,0.026680535714293494,0.07178766070035295,0.9564182295832855,-34.988117895616604
996,997.0,0.7298973886786978,9.18178392407375,0.08432136289881577,0.8676429789528441,0.02668053571429741,0.07178766070035822,0.956418229583279,-34.98811789561558
997,998.0,0.21426107263665484,3.0101508805331076,0.0843213574342378,0.8676429904458106,0.026680535714299652,0.07178766070036123,0.9564182295832754,-34.988117895615
998,999.0,0.8150535434911212,1.0743217769964153,0.08432088963140526,0.8676440261904921,0.02668053571536322,0.07178766070179207,0.9564182295815616,-34.988117895335954
999,1000.0,0.9918587536807112,8.751835154594007,0.08432135869373113,0.8676429695635565,0.026680535714296856,0.07178766070035747,0.9564182295832819,-34.98811789561573
