,iteration,init_slope,init_intercept,est_intercept,est_slope,ss_res,nrmse,r_squared,aic
0,1.0,0.1166216098082794,2.1001541307418394,0.06335699626048232,0.8875717164487937,0.017556714285778808,0.057104851620688145,0.9721444408329285,-37.917602796331735
1,2.0,0.5684332526641761,7.669591320471746,0.06335701856320211,0.8875716699766508,0.017556714285759705,0.05710485162065708,0.9721444408329588,-37.91760279633935
2,3.0,0.7647271974596801,0.3077438427958995,0.06335714078390105,0.8875714250687597,0.01755671428571442,0.05710485162058342,0.9721444408330306,-37.917602796357414
3,4.0,0.48704459888418683,7.49159837580514,0.06335700815454863,0.887571691400266,0.017556714285768105,0.05710485162067074,0.9721444408329455,-37.91760279633601
4,5.0,0.7452212552363936,0.591179787028746,0.06335713507696854,0.8875714332992384,0.01755671428571453,0.05710485162058361,0.9721444408330306,-37.917602796357365
5,6.0,0.6242514461080886,0.039977923988439315,0.0633571347782697,0.8875714359707884,0.017556714285714467,0.057104851620583506,0.9721444408330306,-37.91760279635739
6,7.0,0.23473388032547837,4.616699861917114,0.06335699047371217,0.8875717286619584,0.01755671428578438,0.05710485162069721,0.9721444408329196,-37.91760279632952
7,8.0,0.8052694450066064,0.37894747928444544,0.06335712284667032,0.887571454036522,0.017556714285715175,0.05710485162058466,0.9721444408330299,-37.91760279635711
8,9.0,0.8519777210328515,2.198401398978684,0.06335704367795808,0.8875715893061261,0.017556714285736873,0.05710485162061995,0.9721444408329988,-37.917602796348454
9,10.0,0.20048068434789146,6.017017179817099,0.06335696554310098,0.8875717806178225,0.017556714285810706,0.05710485162074002,0.9721444408328778,-37.917602796319024
10,11.0,0.1443134329557233,4.688173164663455,0.06335696184673695,0.8875717884480917,0.01755671428581504,0.05710485162074706,0.9721444408328709,-37.9176027963173
11,12.0,0.6987315508319372,8.862254650475979,0.0633570237045975,0.8875716591176692,0.017556714285755746,0.05710485162065064,0.9721444408329651,-37.91760279634093
12,13.0,0.2854658998688402,0.3803061661112451,0.06335720565732385,0.887571325444215,0.01755671428572346,0.057104851620598134,0.9721444408330175,-37.91760279635381
13,14.0,0.13045096118641464,9.752933777151386,0.06335693246984762,0.8875718508459722,0.017556714285852988,0.057104851620808784,0.9721444408328107,-37.91760279630216
14,15.0,0.6066563998265844,8.984361699451666,0.06335701134914497,0.8875716847037425,0.017556714285765412,0.05710485162066636,0.9721444408329497,-37.91760279633708
15,16.0,0.07984885579764567,7.790058511408675,0.06335692726660544,0.887571862065001,0.017556714285860472,0.057104851620820955,0.9721444408327988,-37.91760279629918
16,17.0,0.6863542637906547,6.312253604430262,0.06335705243022013,0.8875716000335473,0.017556714285737327,0.057104851620620685,0.9721444408329944,-37.91760279634828
17,18.0,0.1526341537159427,8.4178082552948,0.06335694095053315,0.8875718330053485,0.017556714285841515,0.05710485162079012,0.9721444408328289,-37.91760279630674
18,19.0,0.7721456098522915,0.32863298739660124,0.06335712561926368,0.8875714530599688,0.01755671428571495,0.0571048516205843,0.97214444083303,-37.9176027963572
19,20.0,0.6421165214197118,0.3843252929600546,0.06335713340691489,0.8875714370723377,0.017556714285714536,0.057104851620583624,0.9721444408330306,-37.917602796357365
20,21.0,0.4757801292477287,1.6311564380519252,0.06335701715252325,0.8875716361905753,0.01755671428575119,0.057104851620643236,0.9721444408329775,-37.91760279634275
21,22.0,0.9228996037212563,4.37006271994462,0.06335700727751083,0.8875716539150461,0.017556714285757464,0.057104851620653437,0.972144440832968,-37.91760279634025
22,23.0,0.27308715356709823,4.229775381759281,0.06335700748138866,0.8875716929252553,0.01755671428576873,0.057104851620671755,0.9721444408329445,-37.91760279633576
23,24.0,0.8833683224672007,1.4165353358187336,0.06335548994045942,0.8875752244557026,0.017556714297341364,0.05710485163949229,0.97214444081525,-37.917602791721656
24,25.0,0.6659151591764535,1.0255268720089494,0.06335563789246498,0.8875748584889638,0.017556714295173016,0.05710485163596592,0.9721444408185133,-37.917602792586194
25,26.0,0.6466404921808454,8.039151833527763,0.06335702563406008,0.8875716553920913,0.01755671428575442,0.05710485162064849,0.9721444408329672,-37.91760279634146
26,27.0,0.21180730386532465,2.950732488959186,0.06335701607125767,0.8875716752382751,0.0175567142857617,0.05710485162066032,0.9721444408329556,-37.91760279633856
27,28.0,0.7348279413743117,3.3324195086481936,0.06335700752482411,0.8875716530162006,0.017556714285757218,0.05710485162065303,0.9721444408329686,-37.91760279634035
28,29.0,0.9329101052442612,9.960570277155325,0.063357038895032,0.8875716275185163,0.017556714285745224,0.057104851620633536,0.9721444408329819,-37.91760279634513
29,30.0,0.2489394122694618,0.3732638787111711,0.06335712794242651,0.8875714405796529,0.017556714285714967,0.05710485162058432,0.9721444408330305,-37.917602796357194
30,31.0,0.8521694832177282,2.6032634290261973,0.06335702644185029,0.8875716194630815,0.017556714285745706,0.057104851620634306,0.9721444408329858,-37.91760279634494
31,32.0,0.8853182381402878,1.6611615602082437,0.06335708351585649,0.8875715205250324,0.017556714285722117,0.05710485162059595,0.9721444408330203,-37.917602796354345
32,33.0,0.610941849946842,5.941329494036128,0.06335704701254104,0.8875716107993246,0.017556714285740283,0.057104851620625494,0.9721444408329898,-37.9176027963471
33,34.0,0.9433021440488784,9.855289974763046,0.06335704073680559,0.8875716240473323,0.017556714285744145,0.057104851620631766,0.9721444408329836,-37.91760279634556
34,35.0,0.9613303885481035,3.9297328084989047,0.06335700938565912,0.8875716500353372,0.017556714285756062,0.057104851620651154,0.9721444408329702,-37.91760279634081
35,36.0,0.9710468352313375,3.4289044416850785,0.06335701540170756,0.8875716391625004,0.017556714285752232,0.05710485162064493,0.972144440832976,-37.91760279634234
36,37.0,0.7673020738709565,3.304777738866995,0.06335700851881786,0.8875716512226648,0.01755671428575656,0.05710485162065196,0.9721444408329696,-37.91760279634061
37,38.0,0.41791396922098656,4.644781728064246,0.06335703519667796,0.8875716352944061,0.01755671428574766,0.05710485162063749,0.972144440832978,-37.91760279634416
38,39.0,0.31347962760413495,9.83766827935886,0.06335696347767768,0.8875717851332908,0.0175567142858132,0.05710485162074408,0.9721444408328738,-37.91760279631803
39,40.0,0.5668998321186905,1.6418909987547317,0.063357031145105,0.8875716116324749,0.017556714285743225,0.057104851620630274,0.9721444408329893,-37.917602796345925
40,41.0,0.8549016788489477,4.260413332898525,0.06335700735525966,0.8875716537528251,0.01755671428575742,0.05710485162065336,0.9721444408329681,-37.91760279634027
41,42.0,0.8394902614741985,4.372364850390842,0.06335700724262883,0.887571653942906,0.017556714285757495,0.057104851620653485,0.972144440832968,-37.91760279634023
42,43.0,0.260420663073727,2.4283217224032185,0.06335705072007125,0.887571603361413,0.01755671428573823,0.057104851620622156,0.972144440832993,-37.917602796347914
43,44.0,0.6177253159002994,4.154608180097493,0.06335701147641008,0.8875716462724585,0.017556714285754713,0.05710485162064896,0.9721444408329722,-37.91760279634135
44,45.0,0.863201644324001,9.951713295943607,0.06335703198840376,0.8875716422781753,0.017556714285749928,0.057104851620641175,0.9721444408329744,-37.91760279634325
45,46.0,0.6044110261776389,1.9521177761783168,0.06335702150597591,0.8875716282648621,0.01755671428574854,0.05710485162063892,0.9721444408329816,-37.91760279634381
46,47.0,0.23771484489364936,6.0405264185383585,0.06335697411597062,0.8875717629576685,0.017556714285801283,0.0571048516207247,0.9721444408328928,-37.91760279632278
47,48.0,0.09514144394153268,2.4558573788980738,0.06335697319434232,0.887571764607225,0.017556714285802147,0.057104851620726094,0.9721444408328914,-37.917602796322434
48,49.0,0.9417580573499318,2.857193111900341,0.06335702675287823,0.8875716189490049,0.017556714285745557,0.05710485162063407,0.972144440832986,-37.917602796345
49,50.0,0.8341655212012145,6.488797606796205,0.06335701327151855,0.8875716432465462,0.0175567142857536,0.05710485162064715,0.9721444408329739,-37.91760279634179
50,51.0,0.7274262764312174,5.55382692366874,0.0633570128813751,0.8875716440134374,0.017556714285753873,0.057104851620647594,0.9721444408329735,-37.91760279634168
51,52.0,0.5696312439143572,1.0088070245894845,0.06335512115728693,0.8875761556482443,0.017556714303911914,0.05710485165017796,0.9721444408054561,-37.91760278910193
52,53.0,0.944998317544635,6.615401753833883,0.06335701159954799,0.8875716459477053,0.017556714285754626,0.05710485162064882,0.9721444408329724,-37.917602796341384
53,54.0,0.26727326456855716,3.2040771296793107,0.06335702875547324,0.8875716489125804,0.017556714285752173,0.05710485162064483,0.9721444408329708,-37.91760279634236
54,55.0,0.016246408162313597,2.3530201539221713,0.06335692138111645,0.8875718742412508,0.01755671428586879,0.057104851620834486,0.9721444408327856,-37.91760279629587
55,56.0,0.8506384044866832,8.839781276870536,0.06335704138449953,0.8875716229820836,0.017556714285743822,0.057104851620631246,0.9721444408329841,-37.91760279634569
56,57.0,0.6696895234621145,6.521730296154015,0.06335704723163314,0.8875716103741043,0.017556714285740162,0.0571048516206253,0.9721444408329899,-37.917602796347154
57,58.0,0.7263437034700186,2.731106332438386,0.06335701266514032,0.8875716439253921,0.01755671428575392,0.05710485162064767,0.9721444408329735,-37.91760279634166
58,59.0,0.19297607457292953,4.848563874369244,0.06335697466174219,0.8875717618110874,0.017556714285800693,0.05710485162072374,0.9721444408328936,-37.91760279632302
59,60.0,0.6204847909173797,9.964716408229442,0.0633570049870245,0.8875716980424048,0.017556714285770842,0.05710485162067519,0.9721444408329412,-37.91760279633492
60,61.0,0.5130198661736639,4.5590282933007105,0.0633570550864897,0.8875715945051231,0.017556714285735867,0.05710485162061831,0.9721444408329968,-37.91760279634886
61,62.0,0.9400398439196385,7.710394125923074,0.06335706275246263,0.8875715785256428,0.01755671428573197,0.05710485162061197,0.972144440833003,-37.917602796350415
62,63.0,0.3754927478552714,3.9771500697212927,0.06335703926561757,0.887571627129372,0.01755671428574509,0.057104851620633314,0.9721444408329821,-37.917602796345186
63,64.0,0.016933428474649403,8.5645092679651,0.06335691209944325,0.8875718940452337,0.017556714285882843,0.057104851620857336,0.9721444408327633,-37.91760279629026
64,65.0,0.8423976616918741,5.757001913095447,0.0633570114296283,0.8875716466542268,0.017556714285754806,0.057104851620649114,0.972144440832972,-37.917602796341306
65,66.0,0.6566243147100249,5.88151561313212,0.06335705430495078,0.8875715959466781,0.01755671428573626,0.05710485162061894,0.9721444408329961,-37.9176027963487
66,67.0,0.8147900938019479,2.8890523108441104,0.06335701532063437,0.8875716389138295,0.017556714285752225,0.057104851620644916,0.9721444408329761,-37.91760279634234
67,68.0,0.4065531831934761,6.981127334372642,0.06335700002228863,0.8875717083815501,0.01755671428577525,0.05710485162068236,0.972144440832934,-37.917602796333156
68,69.0,0.8435230120200161,0.5258451297020434,0.06335713409318187,0.8875714352119379,0.017556714285714543,0.05710485162058363,0.9721444408330306,-37.917602796357365
69,70.0,0.020423585582190595,7.364663514969101,0.06335691379822127,0.887571890566426,0.017556714285880334,0.057104851620853256,0.9721444408327673,-37.917602796291256
70,71.0,0.009263107685537286,3.686112693131172,0.0633569131476784,0.887571892140125,0.01755671428588147,0.0571048516208551,0.9721444408327655,-37.91760279629081
71,72.0,0.2967209398113362,3.777264863564103,0.0633570233086973,0.887571660148075,0.01755671428575611,0.05710485162065123,0.9721444408329646,-37.91760279634079
72,73.0,0.645054407602669,7.149258018368958,0.06335703543603312,0.8875716352224585,0.017556714285747635,0.05710485162063745,0.972144440832978,-37.91760279634417
73,74.0,0.25545770589127137,4.996900690282508,0.06335699066343976,0.8875717279425267,0.017556714285784064,0.057104851620696694,0.9721444408329201,-37.917602796329646
74,75.0,0.7268460157065455,6.12493448345293,0.06335706015353632,0.887571583840485,0.01755671428573322,0.057104851620614,0.972144440833001,-37.91760279634992
75,76.0,0.1262399112858652,4.641869191141486,0.06335695593217071,0.8875718009632249,0.01755671428582217,0.057104851620758665,0.9721444408328596,-37.91760279631445
76,77.0,0.48626714794998604,5.417855571576223,0.06335703509828239,0.8875716357789407,0.017556714285747815,0.05710485162063774,0.9721444408329777,-37.9176027963441
77,78.0,0.7350913476133929,5.102680011001465,0.06335701147808416,0.8875716462027422,0.0175567142857547,0.05710485162064894,0.9721444408329722,-37.91760279634135
78,79.0,0.41250311253121186,8.397412012775874,0.06335698798829445,0.8875717338545882,0.017556714285786833,0.0571048516207012,0.9721444408329157,-37.917602796328545
79,80.0,0.8743465781474665,9.563131139010151,0.06335703652776521,0.8875716325271005,0.017556714285746792,0.05710485162063608,0.9721444408329794,-37.917602796344504
80,81.0,0.2149577362261429,6.768732944834661,0.06335696314643334,0.8875717858050062,0.017556714285813575,0.05710485162074469,0.9721444408328732,-37.91760279631788
81,82.0,0.5358087004960181,0.33976817941271614,0.06335713985918089,0.8875714266837983,0.017556714285714415,0.05710485162058342,0.9721444408330308,-37.917602796357414
82,83.0,0.2399991126474328,6.96399943296669,0.06335696703163633,0.8875717774594707,0.017556714285808992,0.05710485162073724,0.9721444408328805,-37.917602796319706
83,84.0,0.19593002906708312,8.627661858170269,0.0633569483800294,0.88757181719993,0.017556714285831766,0.05710485162077427,0.9721444408328443,-37.917602796310625
84,85.0,0.0007807558629822076,4.986268371385333,0.06335690881442754,0.8875719010189191,0.017556714285887943,0.057104851620865635,0.9721444408327553,-37.91760279628823
85,86.0,0.827822557266387,9.990815283192438,0.06335702839145031,0.887571649421113,0.017556714285752346,0.05710485162064511,0.9721444408329706,-37.91760279634229
86,87.0,0.6469042600319874,4.894879327249043,0.06335701313968779,0.8875716432245566,0.017556714285753654,0.05710485162064723,0.9721444408329738,-37.91760279634177
87,88.0,0.48084343425483167,4.509337128650542,0.06335705051562143,0.887571603491685,0.017556714285738267,0.05710485162062221,0.972144440832993,-37.9176027963479
88,89.0,0.956063347435549,8.723768821128521,0.06335705277107821,0.8875715992213425,0.017556714285737095,0.05710485162062031,0.9721444408329948,-37.91760279634837
89,90.0,0.14319953736233215,1.9601680234095706,0.06335701744199512,0.8875716721892938,0.01755671428576055,0.05710485162065845,0.9721444408329575,-37.91760279633902
90,91.0,0.36582934926116517,6.542720754976618,0.06335699678614233,0.8875717151661257,0.01755671428577825,0.05710485162068723,0.9721444408329294,-37.91760279633196
91,92.0,0.8438129698451016,4.355492374703813,0.06335700697097485,0.8875716544223464,0.01755671428575767,0.05710485162065376,0.9721444408329678,-37.91760279634017
92,93.0,0.9195341232514925,5.347048484255179,0.06335700923178782,0.8875716500934668,0.01755671428575612,0.05710485162065125,0.9721444408329701,-37.91760279634079
93,94.0,0.7590446070765704,8.896924326701402,0.06335703066708141,0.887571644724538,0.017556714285750768,0.05710485162064254,0.972144440832973,-37.91760279634292
94,95.0,0.5242976124925522,8.140678770307733,0.0633570073786496,0.8875716929777319,0.017556714285768736,0.05710485162067176,0.9721444408329445,-37.91760279633576
95,96.0,0.8500225706179738,4.503595894249954,0.06335700751314093,0.8875716530922586,0.01755671428575724,0.05710485162065307,0.9721444408329685,-37.91760279634034
96,97.0,0.37470596725728533,9.809810894801,0.0633569725767902,0.8875717657848345,0.017556714285802768,0.05710485162072711,0.9721444408328904,-37.917602796322186
97,98.0,0.4768820189088676,2.1063416857951998,0.06335700761495001,0.8875716531188231,0.017556714285757214,0.05710485162065303,0.9721444408329685,-37.91760279634035
98,99.0,0.5727836009285724,1.2318579248218342,0.06335706621760706,0.8875715499112036,0.01755671428572754,0.05710485162060477,0.9721444408330125,-37.91760279635218
99,100.0,0.23853660562033008,5.074058516422058,0.06335698519116101,0.8875717394630089,0.017556714285789508,0.05710485162070555,0.9721444408329114,-37.91760279632747
100,101.0,0.04085355856503203,1.7970807306042744,0.06335694855034554,0.8875718164989375,0.01755671428583135,0.05710485162077359,0.972144440832845,-37.91760279631079
101,102.0,0.9829677465973802,7.576508954601804,0.06335701299517994,0.8875716438421085,0.017556714285753793,0.05710485162064747,0.9721444408329736,-37.91760279634171
102,103.0,0.35219193896510426,6.903424418001409,0.06335699069100735,0.887571727865135,0.017556714285784012,0.05710485162069661,0.9721444408329202,-37.91760279632966
103,104.0,0.3734789822186807,9.849681825429135,0.0633569723642211,0.8875717666361489,0.017556714285803198,0.057104851620727815,0.9721444408328896,-37.917602796322015
104,105.0,0.6292177036884694,8.950799979588481,0.06335701424320804,0.8875716789514349,0.017556714285763147,0.05710485162066268,0.9721444408329534,-37.91760279633798
105,106.0,0.838547928600153,5.682459770194217,0.06335701100323733,0.8875716472806071,0.017556714285755042,0.0571048516206495,0.9721444408329717,-37.917602796341214
106,107.0,0.8747516789204975,6.017465261459726,0.0633570114922233,0.8875716464136596,0.01755671428575474,0.057104851620649,0.9721444408329721,-37.917602796341335
107,108.0,0.5520142430852213,7.952757856250069,0.06335701356036592,0.8875716804832682,0.017556714285763744,0.057104851620663644,0.9721444408329524,-37.917602796337746
108,109.0,0.6746727737568671,4.0461719761759305,0.06335700916098495,0.8875716505948964,0.017556714285756253,0.05710485162065147,0.9721444408329699,-37.91760279634073
109,110.0,0.7968024384359617,5.20649170896995,0.06335701069401235,0.8875716476078632,0.01755671428575521,0.057104851620649766,0.9721444408329715,-37.91760279634115
110,111.0,0.12228026872146791,0.29098935666651404,0.06335713051473318,0.8875714411996105,0.01755671428571469,0.05710485162058387,0.9721444408330305,-37.9176027963573
111,112.0,0.7330798572863702,3.1906736998617347,0.06335700785182408,0.8875716524641711,0.017556714285757,0.05710485162065267,0.9721444408329689,-37.91760279634043
112,113.0,0.26735912870062395,6.024411595663717,0.0633569818039594,0.8875717470269678,0.017556714285793203,0.05710485162071156,0.9721444408329055,-37.917602796326
113,114.0,0.9916479777983013,9.843398332724679,0.06335704521275984,0.8875716144573839,0.017556714285741338,0.057104851620627214,0.9721444408329881,-37.91760279634668
114,115.0,0.18267874143063234,3.782683165335225,0.06335698720251987,0.8875717353089233,0.017556714285787516,0.05710485162070231,0.9721444408329146,-37.91760279632827
115,116.0,0.06321413961372402,3.9518776053798215,0.06335693767154282,0.8875718401056405,0.01755671428584603,0.05710485162079746,0.9721444408328217,-37.917602796304934
116,117.0,0.13793578157065356,4.355792590094574,0.06335696304322651,0.8875717863816559,0.01755671428581388,0.05710485162074519,0.9721444408328728,-37.91760279631775
117,118.0,0.28167757486972667,4.018897119979118,0.06335701427945291,0.887571678963922,0.017556714285763154,0.057104851620662686,0.9721444408329534,-37.91760279633798
118,119.0,0.7416068620538422,0.8578621728989053,0.06335654353558211,0.8875727162567856,0.017556714287017827,0.05710485162270316,0.9721444408309845,-37.91760279583774
119,120.0,0.1824082138400892,7.3685579877244765,0.06335695233368828,0.8875718090796598,0.017556714285826915,0.05710485162076639,0.972144440832852,-37.91760279631256
120,121.0,0.8015157124426227,8.752490941810967,0.06335703695825842,0.887571631576446,0.017556714285746493,0.05710485162063559,0.9721444408329799,-37.917602796344624
121,122.0,0.4775512827613504,2.637222986659699,0.06335700789336587,0.8875716527267001,0.017556714285757054,0.05710485162065277,0.9721444408329687,-37.91760279634041
122,123.0,0.9998429536898255,4.107051451811742,0.06335700925248536,0.887571650146256,0.01755671428575614,0.05710485162065128,0.9721444408329701,-37.91760279634078
123,124.0,0.8651188011528996,9.998304243323448,0.06335703165746938,0.8875716424663467,0.01755671428575001,0.05710485162064132,0.9721444408329742,-37.91760279634322
124,125.0,0.18962807205993115,7.873973300768539,0.06335695119220155,0.8875718110826204,0.017556714285828088,0.05710485162076829,0.9721444408328502,-37.91760279631209
125,126.0,0.059208570311629405,5.013522077631644,0.06335693010920558,0.8875718556291026,0.017556714285856156,0.05710485162081393,0.9721444408328057,-37.9176027963009
126,127.0,0.5910164764889208,8.084335598128748,0.06335701763959008,0.8875716720092998,0.017556714285760486,0.05710485162065834,0.9721444408329576,-37.91760279633904
127,128.0,0.6566325302201671,2.5277594114088324,0.06335701141483317,0.8875716459513273,0.01755671428575469,0.05710485162064892,0.9721444408329724,-37.917602796341356
128,129.0,0.5538112499272708,4.015957055563544,0.06335701204345784,0.8875716451351362,0.01755671428575433,0.05710485162064834,0.9721444408329728,-37.9176027963415
129,130.0,0.4630730030326172,7.438144347616329,0.06335700501384649,0.8875716983751845,0.017556714285770977,0.05710485162067541,0.9721444408329409,-37.91760279633486
130,131.0,0.7464915449671311,0.4094889959613593,0.0633571351630848,0.8875714344823926,0.01755671428571448,0.05710485162058353,0.9721444408330306,-37.917602796357386
131,132.0,0.33838338337676077,1.692013035941456,0.06335700732234387,0.8875716534554635,0.017556714285757367,0.057104851620653284,0.9721444408329684,-37.91760279634029
132,133.0,0.3472984759010309,5.688262893982871,0.06335700315208076,0.8875717018968174,0.017556714285772473,0.05710485162067785,0.9721444408329385,-37.917602796334265
133,134.0,0.218068333430519,9.087424216142725,0.06335695073983559,0.8875718118899715,0.017556714285828594,0.057104851620769115,0.9721444408328493,-37.91760279631189
134,135.0,0.941278120454947,9.643170583328232,0.06335704254118674,0.8875716199448589,0.01755671428574294,0.057104851620629817,0.9721444408329856,-37.91760279634604
135,136.0,0.6387121425793026,0.48615030565226935,0.0633571359921885,0.8875714305673785,0.017556714285714543,0.05710485162058363,0.9721444408330308,-37.917602796357365
136,137.0,0.782652585184823,8.374209499864042,0.06335703878436925,0.8875716279368702,0.017556714285745345,0.05710485162063373,0.9721444408329817,-37.91760279634508
137,138.0,0.5684556991055106,2.7104380759755426,0.06335700717097585,0.8875716537640401,0.017556714285757478,0.05710485162065346,0.9721444408329681,-37.91760279634024
138,139.0,0.5424005104179334,8.976307742142591,0.0633570029672132,0.8875717023648324,0.017556714285772667,0.05710485162067816,0.9721444408329382,-37.91760279633419
139,140.0,0.9291667901937474,5.483059621083119,0.06335700936187838,0.8875716498651414,0.017556714285756045,0.05710485162065113,0.9721444408329702,-37.917602796340816
140,141.0,0.29519353397543635,1.748737649126409,0.06335700892230724,0.887571650621247,0.017556714285756322,0.05710485162065158,0.9721444408329699,-37.9176027963407
141,142.0,0.9299514225469939,4.7807587058975765,0.06335700755689783,0.8875716530225007,0.017556714285757204,0.05710485162065301,0.9721444408329686,-37.917602796340354
142,143.0,0.8603108145569173,4.964378456946803,0.06335700851457046,0.8875716514112233,0.017556714285756603,0.05710485162065203,0.9721444408329695,-37.91760279634059
143,144.0,0.26632312049697626,5.311836983641678,0.06335698933862013,0.8875717306604907,0.017556714285785324,0.05710485162069875,0.9721444408329181,-37.91760279632914
144,145.0,0.5857246000174242,2.1320584237022575,0.06335701390678322,0.8875716417037496,0.017556714285753144,0.057104851620646414,0.9721444408329747,-37.917602796341974
145,146.0,0.8917181176286432,7.869104807362771,0.06335705601450801,0.8875715926437365,0.017556714285735412,0.057104851620617576,0.9721444408329974,-37.917602796349044
146,147.0,0.7541124266664719,1.8032913006757114,0.0633570526877628,0.8875715736743753,0.01755671428573285,0.057104851620613406,0.9721444408330048,-37.91760279635006
147,148.0,0.4562864725937721,1.4431045215710943,0.06335702319506789,0.8875716255110251,0.017556714285747614,0.057104851620637415,0.9721444408329828,-37.91760279634418
148,149.0,0.5897575915919677,3.0348255807300264,0.06335700700249094,0.8875716543473545,0.017556714285757634,0.05710485162065371,0.9721444408329678,-37.917602796340184
149,150.0,0.718037633474289,0.6679855590369947,0.06335713351783726,0.8875714347504726,0.017556714285714606,0.057104851620583735,0.9721444408330306,-37.917602796357336
150,151.0,0.1815013359623232,4.77715032926147,0.06335697214645557,0.8875717667580021,0.017556714285803274,0.05710485162072794,0.9721444408328895,-37.91760279632199
151,152.0,0.5262349277735976,4.535524158167625,0.06335705814633187,0.8875715884022342,0.01755671428573433,0.05710485162061581,0.9721444408329992,-37.91760279634948
152,153.0,0.026439336078465936,3.850737710838475,0.06335692116110359,0.8875718750531866,0.017556714285869357,0.05710485162083541,0.9721444408327847,-37.91760279629563
153,154.0,0.8357823927140203,0.2560971250850549,0.06335713664317505,0.8875714312216633,0.017556714285714474,0.05710485162058352,0.9721444408330308,-37.91760279635739
154,155.0,0.8926705404993549,5.170255678391697,0.06335700890174606,0.8875716507255196,0.017556714285756343,0.05710485162065161,0.9721444408329698,-37.917602796340695
155,156.0,0.32459792553481615,1.898178539307524,0.06335700899602535,0.8875716506145596,0.0175567142857563,0.05710485162065155,0.9721444408329699,-37.91760279634071
156,157.0,0.7621460020261235,2.076353970018059,0.06335703698868905,0.8875716013516302,0.017556714285740165,0.0571048516206253,0.9721444408329939,-37.91760279634715
157,158.0,0.4296321913646326,7.9691068330543295,0.06335699443896946,0.8875717201821223,0.017556714285780484,0.05710485162069087,0.9721444408329258,-37.917602796331074
158,159.0,0.43411318325112336,1.6729460902931665,0.06335701167763702,0.8875716457291692,0.017556714285754556,0.05710485162064871,0.9721444408329725,-37.917602796341406
159,160.0,0.22384613320342983,7.2809566682827525,0.06335696139638723,0.8875717896173444,0.017556714285815702,0.057104851620748145,0.9721444408328699,-37.91760279631703
160,161.0,0.8984191815370512,9.491128254264973,0.06335703996948715,0.8875716257955885,0.017556714285744696,0.05710485162063267,0.9721444408329827,-37.91760279634534
161,162.0,0.7565123061521559,3.46761927393111,0.06335700754389824,0.8875716532345804,0.017556714285757266,0.05710485162065311,0.9721444408329684,-37.91760279634033
162,163.0,0.16904867225356557,0.7810302429173797,0.06335712552744746,0.8875714511836523,0.017556714285714956,0.057104851620584304,0.9721444408330301,-37.9176027963572
163,164.0,0.9716403495269187,3.625201033082685,0.06335701291650912,0.8875716433790057,0.01755671428575374,0.05710485162064738,0.9721444408329738,-37.91760279634173
164,165.0,0.06452289750310547,9.949074988258156,0.06335692027859115,0.8875718767275997,0.017556714285870526,0.05710485162083731,0.9721444408327828,-37.91760279629517
165,166.0,0.1663155164481941,5.820847625751374,0.06335695794352397,0.8875717970379191,0.0175567142858199,0.05710485162075497,0.9721444408328632,-37.91760279631536
166,167.0,0.08318753697914438,0.7544693337750898,0.06335713109345811,0.8875714433075299,0.017556714285714613,0.05710485162058374,0.9721444408330304,-37.917602796357336
167,168.0,0.6589864370234164,0.5167071506305343,0.06335713307527399,0.8875714361840343,0.017556714285714592,0.05710485162058371,0.9721444408330306,-37.91760279635734
168,169.0,0.44123325772830413,9.204416016806613,0.06335698679523653,0.8875717361637585,0.01755671428578793,0.05710485162070298,0.972144440832914,-37.9176027963281
169,170.0,0.47942889676622313,4.041918886475631,0.06335706026960237,0.8875715836552375,0.0175567142857332,0.05710485162061397,0.972144440833001,-37.917602796349925
170,171.0,0.908181809043173,2.0697541838478424,0.06335705890591951,0.8875715628989107,0.01755671428573031,0.057104851620609264,0.9721444408330084,-37.917602796351076
171,172.0,0.21324125302464214,1.7713777789148102,0.06335706140224169,0.8875715815186858,0.017556714285732668,0.057104851620613115,0.9721444408330019,-37.91760279635014
172,173.0,0.12077832256358623,4.277571837669486,0.06335695717649659,0.887571798656769,0.01755671428582083,0.057104851620756486,0.9721444408328617,-37.91760279631498
173,174.0,0.20083212270151196,6.541956425319034,0.0633569613119164,0.8875717895399579,0.01755671428581565,0.05710485162074806,0.9721444408328699,-37.917602796317055
174,175.0,0.22250146601656562,9.92278844319906,0.06335694852907617,0.8875718167928306,0.01755671428583153,0.05710485162077388,0.9721444408328447,-37.91760279631072
175,176.0,0.15852422843838743,3.6831113376277633,0.06335697964497765,0.8875717514388479,0.017556714285795402,0.05710485162071514,0.9721444408329021,-37.91760279632512
176,177.0,0.08888701660070719,9.023429406074778,0.06335692660804182,0.887571863557757,0.017556714285861478,0.05710485162082259,0.9721444408327973,-37.91760279629878
177,178.0,0.9280212274548855,5.792474439920548,0.06335701018712878,0.8875716483781819,0.017556714285755504,0.057104851620650245,0.9721444408329711,-37.91760279634103
178,179.0,0.0529356874455611,3.5959391842844215,0.0633569351331579,0.8875718450980897,0.017556714285849234,0.05710485162080268,0.9721444408328166,-37.91760279630366
179,180.0,0.6762326017361471,3.4683494092831557,0.06335700741970823,0.8875716536334938,0.01755671428575737,0.057104851620653284,0.9721444408329682,-37.91760279634029
180,181.0,0.7058116915841101,0.6845058242313928,0.06335713540226005,0.8875714308147085,0.01755671428571459,0.0571048516205837,0.9721444408330308,-37.91760279635734
181,182.0,0.1860459387850233,9.386800214059525,0.06335694356977498,0.8875718273433043,0.01755671428583798,0.05710485162078437,0.9721444408328345,-37.91760279630815
182,183.0,0.4531219784448113,3.397613983520798,0.0633570124125427,0.8875716448635566,0.017556714285754154,0.05710485162064805,0.972144440832973,-37.91760279634157
183,184.0,0.6611672512632912,2.6088778288707166,0.06335701035836697,0.8875716482675289,0.01755671428575544,0.05710485162065014,0.9721444408329711,-37.91760279634106
184,185.0,0.01441512217724883,3.2064604069318077,0.0633569167133607,0.8875718842668271,0.017556714285875845,0.057104851620845956,0.9721444408327744,-37.917602796293046
185,186.0,0.4473291134760421,8.182913352371171,0.0633569953495986,0.8875717185542965,0.017556714285779745,0.05710485162068967,0.972144440832927,-37.917602796331366
186,187.0,0.44364993467921054,3.6705378251032506,0.06335706170799861,0.8875715805223331,0.017556714285732435,0.05710485162061273,0.9721444408330022,-37.91760279635023
187,188.0,0.037003143478250955,9.21111031711966,0.06335691583556285,0.887571886284235,0.01755671428587728,0.05710485162084829,0.9721444408327722,-37.91760279629248
188,189.0,0.6207281344401828,1.96481136353838,0.0633570233136717,0.8875716250359302,0.0175567142857475,0.05710485162063723,0.9721444408329831,-37.91760279634422
189,190.0,0.6612895268852902,5.825306168356103,0.06335705636252598,0.8875715919344102,0.017556714285735228,0.05710485162061727,0.9721444408329978,-37.917602796349115
190,191.0,0.9143904977486106,0.6556956104615653,0.06335713509298278,0.8875714349633456,0.017556714285714488,0.05710485162058354,0.9721444408330306,-37.917602796357386
191,192.0,0.22495373817863817,6.2060534598210735,0.06335697011559906,0.8875717713095158,0.017556714285805672,0.05710485162073183,0.9721444408328858,-37.91760279632103
192,193.0,0.10694106667950343,4.408108745839777,0.06335695108626258,0.8875718115266139,0.017556714285828376,0.05710485162076876,0.9721444408328497,-37.91760279631198
193,194.0,0.5805584593456742,7.134310002168035,0.06335702689402553,0.8875716525989031,0.017556714285753453,0.057104851620646914,0.9721444408329688,-37.917602796341846
194,195.0,0.048957119012004724,4.02312395479559,0.06335693063510614,0.8875718547667911,0.01755671428585559,0.05710485162081302,0.9721444408328066,-37.917602796301125
195,196.0,0.519128412535867,6.398614832036157,0.063357026639103,0.8875716529009428,0.01755671428575355,0.057104851620647074,0.9721444408329686,-37.91760279634181
196,197.0,0.6883040946995429,7.7914710250218855,0.06335703346775266,0.8875716390131148,0.017556714285748863,0.05710485162063944,0.9721444408329761,-37.91760279634368
197,198.0,0.011166118389993818,0.8242361338913818,0.06335714045569732,0.8875714246307749,0.017556714285714446,0.05710485162058347,0.9721444408330308,-37.9176027963574
198,199.0,0.27893712267012083,3.842183632849686,0.06335701692060167,0.8875716731619512,0.017556714285760926,0.057104851620659064,0.9721444408329569,-37.91760279633887
199,200.0,0.4723368350357874,7.097517689160919,0.0633570098159419,0.8875716881186143,0.01755671428576678,0.057104851620668584,0.9721444408329476,-37.91760279633654
200,201.0,0.8092533824652045,6.499509446549282,0.06335706470961144,0.8875715748473382,0.01755671428573111,0.057104851620610575,0.9721444408330043,-37.91760279635076
201,202.0,0.4997557627293866,6.790913134780995,0.06335701777406326,0.8875716716407052,0.017556714285760347,0.05710485162065812,0.9721444408329578,-37.9176027963391
202,203.0,0.6835311360889692,0.6769748448374862,0.0633571330506049,0.8875714394675754,0.01755671428571452,0.05710485162058359,0.9721444408330306,-37.91760279635737
203,204.0,0.051571544810246506,6.620157783169748,0.06335692298246172,0.887571871239416,0.017556714285866724,0.05710485162083112,0.972144440832789,-37.917602796296684
204,205.0,0.4995007723128839,1.7779087643601506,0.06335701514757505,0.8875716398458966,0.01755671428575243,0.05710485162064524,0.9721444408329757,-37.91760279634226
205,206.0,0.4351946717178491,4.6266642525464095,0.06335703912149011,0.8875716268937388,0.01755671428574504,0.05710485162063323,0.9721444408329822,-37.91760279634521
206,207.0,0.3673620083083107,8.48426610472461,0.0633569797854966,0.8875717508613842,0.017556714285795104,0.057104851620714644,0.9721444408329025,-37.91760279632524
207,208.0,0.7195532670313415,2.9415411178680992,0.06335700956946096,0.8875716496775883,0.01755671428575594,0.05710485162065095,0.9721444408329704,-37.91760279634086
208,209.0,0.08800364383399573,5.1569579189461665,0.06335693961221833,0.8875718355235711,0.01755671428584311,0.05710485162079272,0.9721444408328264,-37.917602796306106
209,210.0,0.6709615356692752,1.4437992370537325,0.0633570662159643,0.8875715502190902,0.017556714285727564,0.0571048516206048,0.9721444408330124,-37.91760279635217
210,211.0,0.992426558596646,9.55519645958793,0.0633570481977831,0.8875716087020246,0.017556714285739697,0.057104851620624536,0.9721444408329907,-37.91760279634733
211,212.0,0.4610831456429183,1.1500343696097055,0.06335704737403929,0.8875715830919201,0.017556714285735187,0.0571048516206172,0.9721444408330012,-37.917602796349136
212,213.0,0.16282858030648795,8.095914587654034,0.06335694439599561,0.8875718253010195,0.017556714285836713,0.05710485162078232,0.9721444408328365,-37.91760279630866
213,214.0,0.5317919894258247,2.5083053044250687,0.06335700767922134,0.8875716528242249,0.01755671428575714,0.05710485162065291,0.9721444408329687,-37.91760279634038
214,215.0,0.6547390678162341,4.537532815161057,0.06335701147580618,0.8875716464929991,0.017556714285754758,0.05710485162064903,0.9721444408329721,-37.91760279634133
215,216.0,0.7121459329673502,7.550059472259234,0.06335703918095924,0.8875716269743712,0.017556714285745057,0.05710485162063326,0.9721444408329821,-37.9176027963452
216,217.0,0.3742574785838845,4.910450047209439,0.06335702150931613,0.8875716638659294,0.01755671428575746,0.05710485162065342,0.9721444408329624,-37.91760279634025
217,218.0,0.9581406331264063,4.747601597582818,0.06335700721971044,0.8875716540111338,0.017556714285757523,0.05710485162065353,0.972144440832968,-37.917602796340226
218,219.0,0.6213144365133472,7.86846406245406,0.06335702409799226,0.8875716586394539,0.017556714285755576,0.05710485162065036,0.9721444408329654,-37.917602796341
219,220.0,0.8142153894357109,3.0767797089501467,0.06335701218441381,0.8875716446452815,0.017556714285754203,0.05710485162064813,0.9721444408329731,-37.91760279634155
220,221.0,0.637440436786915,4.626696110497039,0.06335701262075402,0.8875716440391344,0.017556714285753956,0.057104851620647726,0.9721444408329735,-37.91760279634165
221,222.0,0.9329126232489219,3.173569281949341,0.06335701797412246,0.8875716343359643,0.017556714285750636,0.057104851620642334,0.9721444408329785,-37.917602796342976
222,223.0,0.756200849055557,1.791225012567185,0.06335705395814072,0.8875715717833684,0.017556714285732355,0.05710485162061261,0.9721444408330053,-37.91760279635026
223,224.0,0.47772247950216784,4.689252726821384,0.06335704657702457,0.8875716121826571,0.01755671428574066,0.05710485162062611,0.9721444408329891,-37.91760279634695
224,225.0,0.8436491140181271,8.839659270869127,0.06335704010526949,0.8875716252521496,0.017556714285744526,0.05710485162063239,0.972144440832983,-37.917602796345406
225,226.0,0.13803678285862664,0.12982278326943442,0.0633571305647542,0.8875714441622506,0.017556714285714634,0.057104851620583784,0.9721444408330304,-37.91760279635733
226,227.0,0.864606681664979,0.7959681112847976,0.06335697014173054,0.8875717758370557,0.017556714285808107,0.057104851620735794,0.9721444408328819,-37.917602796320054
227,228.0,0.11885195130548276,3.5438541191295454,0.06335696551611397,0.8875717811073005,0.017556714285810984,0.05710485162074047,0.9721444408328773,-37.91760279631891
228,229.0,0.9536788636397292,6.4877151862638165,0.06335701142883259,0.8875716465567614,0.017556714285754782,0.05710485162064907,0.972144440832972,-37.91760279634132
229,230.0,0.277686108728985,4.95656751520491,0.06335699700890542,0.887571714518013,0.01755671428577795,0.05710485162068675,0.9721444408329298,-37.917602796332076
230,231.0,0.9813785788492169,6.574607782319292,0.06335701081655322,0.88757164733032,0.017556714285755108,0.0571048516206496,0.9721444408329717,-37.917602796341185
231,232.0,0.8674160452416381,3.8034192627823775,0.06335700779632134,0.8875716527820301,0.017556714285757093,0.05710485162065283,0.9721444408329687,-37.9176027963404
232,233.0,0.8326093925977394,2.584984856070563,0.06335702465160592,0.8875716226327662,0.017556714285746726,0.05710485162063597,0.9721444408329842,-37.91760279634453
233,234.0,0.5393505155000724,2.149582017599359,0.06335700998284007,0.8875716487076535,0.01755671428575563,0.057104851620650446,0.9721444408329709,-37.91760279634099
234,235.0,0.4908700345907375,3.058280822324168,0.06335700997394242,0.887571648798915,0.017556714285755656,0.057104851620650494,0.9721444408329709,-37.91760279634097
235,236.0,0.7075437565733883,1.6239335820847463,0.06335705780156228,0.8875715650450858,0.017556714285730773,0.05710485162061003,0.9721444408330078,-37.91760279635089
236,237.0,0.7976265755621648,1.2242984235270384,0.06335565013702545,0.8875748282573132,0.01755671429500406,0.05710485163569114,0.972144440818768,-37.917602792653554
237,238.0,0.6295184556539064,9.931036632320907,0.06335700624679705,0.8875716953107922,0.01755671428576971,0.05710485162067335,0.9721444408329429,-37.917602796335366
238,239.0,0.0048717374595090845,9.876504049953983,0.06335690910982597,0.8875719003509324,0.017556714285887454,0.05710485162086484,0.9721444408327561,-37.91760279628842
239,240.0,0.8177055212181716,9.300376542457512,0.0633570334684006,0.8875716389068796,0.017556714285748825,0.057104851620639385,0.9721444408329761,-37.917602796343694
240,241.0,0.0864194666378878,4.990214147820771,0.06335693968706294,0.8875718355103613,0.0175567142858431,0.05710485162079271,0.9721444408328264,-37.917602796306106
241,242.0,0.6100261607263016,4.323853478765034,0.0633570116900167,0.8875716458208665,0.01755671428575457,0.057104851620648725,0.9721444408329725,-37.917602796341406
242,243.0,0.2597349340327463,9.138030157173816,0.06335695802264427,0.8875717968710282,0.017556714285819806,0.05710485162075483,0.9721444408328633,-37.91760279631539
243,244.0,0.5871603512773702,5.790348398864796,0.06335704551570337,0.8875716142864701,0.01755671428574127,0.0571048516206271,0.9721444408329881,-37.917602796346706
244,245.0,0.5351380158309902,1.3837737994510377,0.06335704320723114,0.8875715901296871,0.017556714285737088,0.057104851620620296,0.9721444408329986,-37.917602796348376
245,246.0,0.8003653872953677,9.169125114470457,0.06335703259828235,0.8875716410588602,0.01755671428574953,0.05710485162064053,0.972144440832975,-37.91760279634342
246,247.0,0.92000887303158,5.149910526474869,0.06335700802051729,0.8875716525562657,0.017556714285756964,0.057104851620652625,0.9721444408329688,-37.91760279634045
247,248.0,0.017376690960277608,6.1350417990752515,0.06335691331836574,0.8875718914562386,0.017556714285880976,0.057104851620854304,0.9721444408327663,-37.917602796291
248,249.0,0.9686393352240785,7.439249569042217,0.06335701294627237,0.8875716439641824,0.017556714285753845,0.05710485162064755,0.9721444408329735,-37.91760279634169
249,250.0,0.8429818983950713,0.05282447932477728,0.06335713379883923,0.8875714378466938,0.01755671428571449,0.05710485162058354,0.9721444408330306,-37.917602796357386
250,251.0,0.00037831704445068226,6.704771879701819,0.06335690813767957,0.8875719025892658,0.01755671428588911,0.05710485162086752,0.9721444408327534,-37.91760279628777
251,252.0,0.7331420262057792,9.509601474078105,0.06335702195188551,0.8875716626495186,0.017556714285757023,0.057104851620652715,0.9721444408329631,-37.917602796340425
252,253.0,0.9869937042034616,2.4713108559741417,0.0633570469735519,0.8875715835067347,0.01755671428573535,0.05710485162061747,0.9721444408330011,-37.917602796349065
253,254.0,0.4233523257590168,4.99955711571899,0.0633570299568753,0.8875716463883796,0.017556714285751313,0.05710485162064343,0.9721444408329721,-37.917602796342706
254,255.0,0.26798385886509324,7.321278360792355,0.06335697005463412,0.8875717712528428,0.01755671428580565,0.0571048516207318,0.9721444408328858,-37.917602796321034
255,256.0,0.4945114205787551,4.7334327814394515,0.06335704882846627,0.8875716075085627,0.01755671428573935,0.057104851620623974,0.9721444408329912,-37.917602796347474
256,257.0,0.5874091066219166,0.876902635451888,0.06335575032853316,0.8875745835356548,0.0175567142936956,0.05710485163356319,0.9721444408207475,-37.917602793175256
257,258.0,0.8187345193470432,7.397106497855936,0.06335705363860832,0.8875715971489485,0.017556714285736585,0.05710485162061948,0.9721444408329957,-37.917602796348575
258,259.0,0.2786136414245568,5.879555284840859,0.06335698550890047,0.8875717388719466,0.017556714285789227,0.05710485162070509,0.9721444408329118,-37.917602796327586
259,260.0,0.7001047824001668,5.227134501756269,0.06335701249558441,0.8875716445454424,0.0175567142857541,0.05710485162064796,0.9721444408329731,-37.91760279634159
260,261.0,0.21750585749145368,7.8564802807562755,0.06335695666561034,0.8875717993909071,0.017556714285821257,0.05710485162075717,0.972144440832861,-37.91760279631482
261,262.0,0.9718340838048354,6.45968204308087,0.06335701067909959,0.8875716476124409,0.017556714285755212,0.05710485162064978,0.9721444408329715,-37.91760279634114
262,263.0,0.8068275052016944,9.950028730485231,0.06335702645132217,0.8875716535033972,0.017556714285753755,0.0571048516206474,0.9721444408329682,-37.917602796341725
263,264.0,0.5181457882437486,0.6643440814543218,0.06335713419360277,0.8875714352353483,0.017556714285714533,0.05710485162058362,0.9721444408330306,-37.917602796357365
264,265.0,0.908084098083329,5.9530340709248994,0.06335701045484263,0.8875716483469799,0.017556714285755424,0.05710485162065012,0.9721444408329711,-37.917602796341065
265,266.0,0.9107084176806658,4.730363504723568,0.06335700728722525,0.8875716536402775,0.017556714285757422,0.05710485162065337,0.9721444408329682,-37.91760279634027
266,267.0,0.6541512435403678,5.693002354025914,0.06335705753360518,0.8875715894115768,0.017556714285734583,0.05710485162061622,0.9721444408329988,-37.91760279634937
267,268.0,0.6911451626827438,3.8943304725974266,0.0633570079634796,0.8875716526198408,0.017556714285757006,0.05710485162065269,0.9721444408329688,-37.91760279634043
268,269.0,0.9320304467031728,1.081747867221656,0.0633565348225172,0.8875727360184521,0.01755671428705847,0.05710485162276925,0.9721444408309212,-37.91760279582153
269,270.0,0.8998722160667704,9.696314192404383,0.06335703805302893,0.8875716293658973,0.017556714285745796,0.05710485162063446,0.972144440832981,-37.9176027963449
270,271.0,0.3846899748708835,9.279401882069154,0.06335697755153193,0.8875717554184909,0.017556714285797408,0.05710485162071839,0.9721444408328989,-37.917602796324324
271,272.0,0.6812826471759816,9.824052532796578,0.06335701348713538,0.8875716807242175,0.017556714285763827,0.05710485162066378,0.9721444408329523,-37.91760279633771
272,273.0,0.34861337350349864,9.84810012857316,0.06335696802925771,0.8875717756233028,0.017556714285807993,0.05710485162073561,0.9721444408328821,-37.917602796320104
273,274.0,0.7329329513893886,1.9437513676791294,0.0633570404648579,0.8875715951438989,0.017556714285738437,0.05710485162062249,0.9721444408329964,-37.917602796347836
274,275.0,0.66990763673115,8.6930533742146,0.06335702158262102,0.8875716635835518,0.01755671428575736,0.05710485162065326,0.9721444408329626,-37.91760279634029
275,276.0,0.49557422805125795,9.509159027728694,0.06335699183783912,0.8875717257004042,0.017556714285783016,0.057104851620694994,0.9721444408329217,-37.91760279633006
276,277.0,0.16629542041497525,7.756334268066482,0.06335694653229175,0.8875718208378098,0.01755671428583398,0.05710485162077787,0.9721444408328408,-37.917602796309744
277,278.0,0.03390875340498711,7.966381727067984,0.06335691642703344,0.8875718851374894,0.017556714285876455,0.05710485162084695,0.9721444408327735,-37.917602796292805
278,279.0,0.5822855183465511,8.889683029525521,0.06335700878533991,0.8875716903534829,0.017556714285767674,0.05710485162067004,0.9721444408329462,-37.917602796336176
279,280.0,0.0619406659418863,8.932705435763705,0.06335692112585439,0.8875718750260909,0.017556714285869336,0.05710485162083537,0.9721444408327847,-37.91760279629565
280,281.0,0.8980020080330146,8.512113044363497,0.06335704982281198,0.8875716053254294,0.017556714285738753,0.057104851620623,0.9721444408329922,-37.91760279634771
281,282.0,0.5883041713848838,9.917475885279162,0.06335700146669376,0.8875717054202686,0.017556714285773965,0.05710485162068027,0.9721444408329362,-37.91760279633367
282,283.0,0.5811327222852632,0.9796306077736016,0.06335530391995435,0.887575690465004,0.01755671430043855,0.05710485164452924,0.9721444408106162,-37.91760279048678
283,284.0,0.9089566025661526,1.9495113445101784,0.06335706653723015,0.887571549683777,0.01755671428572745,0.05710485162060462,0.9721444408330127,-37.91760279635222
284,285.0,0.6291699541606082,5.116871411217469,0.06335706353259347,0.8875715770575392,0.017556714285731627,0.05710485162061142,0.9721444408330036,-37.91760279635055
285,286.0,0.2768454273059314,4.226381722341613,0.06335700890519232,0.8875716899833206,0.017556714285767522,0.05710485162066979,0.9721444408329464,-37.91760279633624
286,287.0,0.36917719853728403,2.6077543285488702,0.06335701177136359,0.8875716458839079,0.017556714285754546,0.05710485162064868,0.9721444408329725,-37.91760279634141
287,288.0,0.12291038162419632,7.200955843691069,0.06335693884610602,0.8875718373229787,0.017556714285844256,0.05710485162079458,0.9721444408328246,-37.917602796305644
288,289.0,0.5162216264666222,0.9010837421744113,0.06335517409570955,0.8875760198299654,0.01755671430285748,0.057104851648463135,0.9721444408070179,-37.91760278952234
289,290.0,0.6099420785988254,2.6166413440387393,0.06335700825704109,0.8875716514782676,0.01755671428575669,0.057104851620652174,0.9721444408329695,-37.91760279634056
290,291.0,0.5793253085849421,5.03678380922295,0.063357057102643,0.8875715899802384,0.017556714285734746,0.05710485162061649,0.9721444408329986,-37.91760279634931
291,292.0,0.13842436443191275,4.069305809207958,0.06335696633499432,0.8875717791412566,0.01755671428580991,0.05710485162073873,0.972144440832879,-37.91760279631934
292,293.0,0.028695264501239937,8.4664507017462,0.06335691468518069,0.8875718889203549,0.017556714285879148,0.05710485162085133,0.9721444408327692,-37.91760279629174
293,294.0,0.16352359347605927,6.119998066741223,0.06335695537350332,0.8875718023269893,0.01755671428582295,0.057104851620759935,0.9721444408328583,-37.917602796314135
294,295.0,0.8686819410172486,1.131964517853155,0.0633562077438947,0.8875734904882338,0.017556714289085323,0.057104851626065524,0.9721444408277843,-37.91760279501341
295,296.0,0.8122693978368511,1.8316927274733004,0.0633570602115032,0.8875715603546658,0.017556714285729778,0.05710485162060841,0.9721444408330093,-37.91760279635128
296,297.0,0.8343146231232689,6.858637531701743,0.0633570626219323,0.8875715787983198,0.01755671428573204,0.057104851620612095,0.9721444408330029,-37.91760279635038
297,298.0,0.8535929376584114,6.315713003445476,0.06335701253377979,0.8875716441419211,0.01755671428575399,0.05710485162064779,0.9721444408329734,-37.91760279634163
298,299.0,0.027992381455296367,0.8413702274896225,0.06335713582401939,0.8875714288678342,0.017556714285714634,0.057104851620583784,0.9721444408330308,-37.91760279635733
299,300.0,0.36803885932125535,6.420695557051494,0.06335699857741887,0.8875717116698758,0.01755671428577669,0.0571048516206847,0.9721444408329318,-37.91760279633258
300,301.0,0.7702763230060924,1.6437048439453192,0.06335706699549533,0.8875715491099825,0.017556714285727304,0.057104851620604385,0.9721444408330128,-37.91760279635227
301,302.0,0.154649547715622,8.88704981023957,0.06335693999149378,0.887571834827473,0.017556714285842656,0.05710485162079198,0.972144440832827,-37.917602796306284
302,303.0,0.11953332030603325,4.990014278317163,0.06335695066305902,0.8875718123949864,0.017556714285828875,0.05710485162076957,0.9721444408328489,-37.917602796311776
303,304.0,0.9135105011680679,4.306355125059215,0.06335700731555305,0.887571653344084,0.01755671428575735,0.05710485162065325,0.9721444408329684,-37.91760279634029
304,305.0,0.4962657214811049,4.657246316672443,0.06335705019352804,0.8875716042458188,0.01755671428573847,0.057104851620622545,0.9721444408329927,-37.91760279634782
305,306.0,0.9304550206907892,3.4870141171056837,0.06335701265588173,0.8875716438947366,0.017556714285753918,0.05710485162064767,0.9721444408329735,-37.91760279634166
306,307.0,0.27909745750210124,8.660281543364562,0.06335696367841889,0.8875717848923342,0.017556714285813065,0.05710485162074386,0.972144440832874,-37.91760279631808
307,308.0,0.46558107142059635,3.444974453520073,0.06335701240224836,0.8875716445876763,0.017556714285754116,0.05710485162064799,0.9721444408329731,-37.91760279634158
308,309.0,0.2231769834471713,5.638870138460365,0.06335697493042768,0.8875717611338918,0.01755671428580034,0.05710485162072316,0.9721444408328942,-37.91760279632315
309,310.0,0.6944864913190265,5.295036957844286,0.06335701282086056,0.8875716436811806,0.017556714285753835,0.05710485162064753,0.9721444408329736,-37.9176027963417
310,311.0,0.5398264448706387,5.702612873515838,0.06335703944382302,0.8875716265800722,0.017556714285744932,0.05710485162063306,0.9721444408329823,-37.91760279634525
311,312.0,0.016641431137406015,2.231464607751347,0.06335692238782034,0.8875718720623762,0.017556714285867293,0.057104851620832044,0.972144440832788,-37.917602796296464
312,313.0,0.6992730679494041,1.6380738533959713,0.06335705489649077,0.8875715700318916,0.017556714285731936,0.057104851620611914,0.972144440833006,-37.91760279635043
313,314.0,0.3593850470008332,8.555727512390863,0.0633569779546305,0.8875717548113073,0.01755671428579711,0.057104851620717906,0.9721444408328994,-37.917602796324445
314,315.0,0.8931946585875227,5.570678489697813,0.06335700956986268,0.8875716495998308,0.017556714285755916,0.05710485162065092,0.9721444408329705,-37.917602796340866
315,316.0,0.6743469985374029,7.847097770402141,0.06335703113386869,0.8875716439024481,0.017556714285750476,0.05710485162064207,0.9721444408329735,-37.91760279634303
316,317.0,0.30579580734940115,9.600237568224427,0.06335696295673628,0.8875717865294099,0.01755671428581397,0.05710485162074533,0.9721444408328725,-37.917602796317716
317,318.0,0.12518045002487355,0.10690432407333811,0.06335713676761073,0.887571431149081,0.017556714285714453,0.057104851620583486,0.9721444408330308,-37.9176027963574
318,319.0,0.8317700369239845,0.4592667460903274,0.06335713385354076,0.887571436117672,0.017556714285714543,0.05710485162058363,0.9721444408330306,-37.917602796357365
319,320.0,0.6020948703484715,1.5262946088840912,0.06335704532057711,0.8875715867450776,0.017556714285736137,0.05710485162061874,0.9721444408329999,-37.91760279634875
320,321.0,0.7600139986228848,3.5605748552351333,0.06335700722532363,0.8875716540128719,0.017556714285757516,0.05710485162065352,0.972144440832968,-37.91760279634023
321,322.0,0.6537423305293323,5.292775567296804,0.06335706363047398,0.8875715770754622,0.017556714285731627,0.05710485162061142,0.9721444408330036,-37.91760279635055
322,323.0,0.26985119518084155,1.5808349181229626,0.06335700913045915,0.8875716502163106,0.017556714285756194,0.05710485162065137,0.97214444083297,-37.91760279634076
323,324.0,0.32034550812235485,3.5401542594971556,0.0633570356452432,0.8875716342066172,0.017556714285747333,0.05710485162063696,0.9721444408329786,-37.91760279634429
324,325.0,0.6937115453351262,9.303629632035303,0.06335701919671774,0.8875716683114361,0.0175567142857591,0.0571048516206561,0.9721444408329598,-37.917602796339594
325,326.0,0.604989512997934,5.426560757361849,0.06335705429207693,0.8875715963170522,0.017556714285736352,0.0571048516206191,0.972144440832996,-37.91760279634867
326,327.0,0.39551996844171167,7.432608274640633,0.06335699371507157,0.8875717217386745,0.01755671428578119,0.057104851620692024,0.9721444408329246,-37.91760279633078
327,328.0,0.7931362128519988,7.904956416627851,0.06335704506428173,0.8875716147802344,0.017556714285741418,0.05710485162062734,0.9721444408329879,-37.91760279634665
328,329.0,0.9805763143332326,4.932315438722392,0.06335700761604862,0.8875716528833929,0.01755671428575717,0.05710485162065295,0.9721444408329686,-37.91760279634037
329,330.0,0.6786402988182263,3.225974140751037,0.06335700742675651,0.8875716535909224,0.01755671428575736,0.05710485162065326,0.9721444408329682,-37.91760279634029
330,331.0,0.19532566474971758,3.2303040864799875,0.06335700298692433,0.8875717023224347,0.017556714285772657,0.05710485162067814,0.9721444408329383,-37.917602796334194
331,332.0,0.6522247795451203,9.423989410327385,0.06335701341964718,0.8875716807771225,0.017556714285763844,0.05710485162066381,0.9721444408329523,-37.917602796337704
332,333.0,0.5083915346334063,5.624492914524281,0.0633570351686732,0.887571635429411,0.017556714285747708,0.05710485162063757,0.9721444408329779,-37.91760279634414
333,334.0,0.9285953791427264,9.994102252322898,0.06335703842082112,0.8875716286700186,0.017556714285745578,0.057104851620634105,0.9721444408329813,-37.91760279634499
334,335.0,0.5723896432789043,8.153907112087106,0.06335701410007606,0.8875716792421329,0.017556714285763254,0.057104851620662846,0.9721444408329531,-37.917602796337945
335,336.0,0.42555444528616193,4.091413407545155,0.06335704839111068,0.8875716083394438,0.017556714285739586,0.057104851620624356,0.9721444408329908,-37.91760279634738
336,337.0,0.18389496928369498,0.29387052168569144,0.0633571342500701,0.8875714372963984,0.017556714285714477,0.05710485162058353,0.9721444408330306,-37.91760279635739
337,338.0,0.12325901761528979,4.080268904168043,0.06335696062153924,0.8875717910244567,0.017556714285816486,0.05710485162074942,0.9721444408328686,-37.917602796316714
338,339.0,0.8469704020640173,8.573506376504097,0.06335704344143539,0.8875716181726463,0.017556714285742406,0.05710485162062895,0.9721444408329863,-37.91760279634626
339,340.0,0.23096249565254268,7.339056365610051,0.06335696278469506,0.8875717866834247,0.01755671428581406,0.05710485162074548,0.9721444408328724,-37.91760279631768
340,341.0,0.2826330945868869,8.558688896895834,0.06335696471289315,0.8875717825711679,0.017556714285811778,0.05710485162074176,0.9721444408328761,-37.9176027963186
341,342.0,0.8400080921547348,3.114595654845924,0.0633570128530287,0.88757164361609,0.017556714285753804,0.05710485162064748,0.9721444408329737,-37.91760279634171
342,343.0,0.2467880684968662,5.910357151456339,0.06335697781810153,0.8875717551246997,0.017556714285797272,0.057104851620718176,0.9721444408328991,-37.917602796324374
343,344.0,0.10869656606825073,3.6809786901986454,0.0633569595144216,0.8875717933294581,0.017556714285817787,0.05710485162075153,0.9721444408328666,-37.9176027963162
344,345.0,0.6818585624971862,6.848963656865766,0.06335704387202273,0.8875716175628964,0.01755671428574222,0.057104851620628644,0.9721444408329867,-37.91760279634633
345,346.0,0.2883355460710748,9.78573595919536,0.06335695925852773,0.8875717939179922,0.017556714285818113,0.05710485162075207,0.972144440832866,-37.91760279631607
346,347.0,0.500767921071454,6.247181473484613,0.06335702509494108,0.8875716564630647,0.017556714285754796,0.05710485162064909,0.9721444408329666,-37.91760279634131
347,348.0,0.9596682088555475,5.932607650061028,0.0633570095679009,0.8875716499087055,0.017556714285755993,0.05710485162065104,0.9721444408329702,-37.91760279634083
348,349.0,0.12423175321478086,4.174969469319626,0.06335696009536963,0.8875717923086796,0.0175567142858172,0.05710485162075058,0.9721444408328674,-37.91760279631643
349,350.0,0.3235391904127075,2.695562564790351,0.06335706100659544,0.8875715823090881,0.017556714285732872,0.05710485162061344,0.9721444408330016,-37.91760279635005
350,351.0,0.42984987779859574,1.9838242604075815,0.06335700726304974,0.8875716539207359,0.017556714285757474,0.05710485162065345,0.972144440832968,-37.91760279634024
351,352.0,0.6675590091014827,1.6663022259019693,0.06335704763553568,0.8875715826912515,0.017556714285735086,0.057104851620617035,0.9721444408330014,-37.91760279634917
352,353.0,0.9186556034751236,3.6786762623864084,0.06335701003229358,0.887571648918202,0.017556714285755663,0.0571048516206505,0.9721444408329708,-37.91760279634097
353,354.0,0.7810888835341943,3.388528518193216,0.06335700765530038,0.8875716531233135,0.017556714285757197,0.057104851620653006,0.9721444408329685,-37.917602796340354
354,355.0,0.4589610899961176,7.988516503334385,0.06335699924586632,0.8875717100881931,0.017556714285776,0.057104851620683586,0.9721444408329329,-37.91760279633286
355,356.0,0.6700793796295693,1.6655968533386958,0.06335704801797533,0.8875715817047063,0.017556714285734878,0.0571048516206167,0.9721444408330018,-37.91760279634925
356,357.0,0.3947554542427959,6.051258649425619,0.06335700858934952,0.8875716903505344,0.01755671428576768,0.05710485162067005,0.9721444408329462,-37.917602796336176
357,358.0,0.8611132651624426,5.363656717150641,0.06335701010000712,0.8875716487090419,0.017556714285755594,0.05710485162065039,0.9721444408329709,-37.917602796340994
358,359.0,0.23765641390004988,1.618669924275779,0.06335701161105796,0.887571645893275,0.0175567142857546,0.05710485162064878,0.9721444408329725,-37.91760279634139
359,360.0,0.9693320947380201,9.217562908508086,0.06335704889190664,0.8875716071496669,0.01755671428573926,0.05710485162062382,0.9721444408329913,-37.9176027963475
360,361.0,0.7641445202052268,9.442837230424901,0.06335702637970732,0.8875716539747575,0.017556714285753908,0.05710485162064765,0.972144440832968,-37.91760279634167
361,362.0,0.5889736471755861,6.218310258589779,0.06335704001550323,0.8875716256635676,0.017556714285744644,0.057104851620632585,0.9721444408329828,-37.91760279634536
362,363.0,0.464021131834385,1.9797937321371373,0.06335700823210791,0.8875716520581883,0.017556714285756805,0.05710485162065236,0.9721444408329691,-37.91760279634051
363,364.0,0.5358088569591142,3.2138924660299697,0.06335700915371373,0.8875716503453386,0.017556714285756184,0.05710485162065135,0.97214444083297,-37.91760279634076
364,365.0,0.0737960475636601,8.904565224730016,0.06335692427206031,0.8875718683321863,0.01755671428586473,0.05710485162082788,0.9721444408327921,-37.91760279629748
365,366.0,0.08096407540624595,8.266346499700889,0.0633569265121391,0.8875718632086032,0.017556714285861242,0.05710485162082221,0.9721444408327976,-37.91760279629887
366,367.0,0.6014223281660895,7.364409394047839,0.0633570269314068,0.8875716523789092,0.01755671428575337,0.057104851620646775,0.9721444408329689,-37.91760279634188
367,368.0,0.08386337440963576,2.515322880258882,0.0633569655963847,0.8875717807024834,0.017556714285810755,0.0571048516207401,0.9721444408328777,-37.917602796319
368,369.0,0.44495841900024147,6.884689424785909,0.0633570074326794,0.8875716930529547,0.017556714285768778,0.05710485162067184,0.9721444408329444,-37.91760279633574
369,370.0,0.23071216151750573,5.740639746934845,0.06335697566058435,0.8875717594210574,0.017556714285799465,0.057104851620721736,0.9721444408328956,-37.91760279632351
370,371.0,0.9872968137056866,1.0846683017569858,0.06335666593350481,0.8875724407582526,0.01755671428651711,0.05710485162188885,0.9721444408317664,-37.91760279603737
371,372.0,0.026155345291106746,9.201152707686498,0.06335691377555745,0.8875718903448238,0.01755671428588017,0.05710485162085299,0.9721444408327675,-37.91760279629133
372,373.0,0.05521213165566674,9.897212108727729,0.06335691873299011,0.887571879855325,0.01755671428587271,0.057104851620840856,0.9721444408327794,-37.9176027962943
373,374.0,0.026224650189480725,9.89400756058032,0.06335691342813189,0.8875718911074908,0.017556714285880726,0.057104851620853894,0.9721444408327667,-37.9176027962911
374,375.0,0.8476338550010021,5.678701189891383,0.06335701129751298,0.8875716465551907,0.017556714285754817,0.05710485162064913,0.9721444408329721,-37.917602796341306
375,376.0,0.45147473745942657,9.16717776912175,0.06335698830726726,0.8875717332892371,0.017556714285786545,0.05710485162070073,0.9721444408329162,-37.91760279632865
376,377.0,0.11938492066698547,3.954448422330697,0.06335696052392534,0.8875717913799414,0.017556714285816687,0.05710485162074975,0.9721444408328683,-37.917602796316636
377,378.0,0.47255423068706537,4.968863132367066,0.06335704034763608,0.887571625002493,0.017556714285744436,0.057104851620632245,0.9721444408329831,-37.91760279634545
378,379.0,0.2931132751422728,0.38368778699251194,0.06335713497363923,0.8875714343972149,0.017556714285714516,0.05710485162058358,0.9721444408330306,-37.91760279635737
379,380.0,0.872302929330381,1.9669525228517342,0.06335705994550068,0.8875715613520265,0.017556714285729923,0.057104851620608646,0.972144440833009,-37.91760279635123
380,381.0,0.5844665385639032,6.674109496754031,0.06335703278119442,0.8875716399500339,0.017556714285749182,0.05710485162063997,0.9721444408329756,-37.91760279634355
381,382.0,0.8071125915890871,3.513438825317723,0.06335700818423722,0.8875716518074613,0.01755671428575677,0.057104851620652305,0.9721444408329692,-37.91760279634053
382,383.0,0.5285241580120948,3.497968081868913,0.06335701099475889,0.8875716473490004,0.01755671428575506,0.05710485162064952,0.9721444408329717,-37.91760279634121
383,384.0,0.6738496697686872,4.300447496749551,0.063357010458444,0.8875716479663514,0.01755671428575535,0.057104851620649995,0.9721444408329714,-37.917602796341086
384,385.0,0.5810876372924548,4.282743212878949,0.06335701262393985,0.8875716444360304,0.017556714285754022,0.05710485162064784,0.9721444408329732,-37.917602796341626
385,386.0,0.7703535324963376,1.070428212206997,0.06335599959999347,0.8875739823823308,0.017556714290911966,0.05710485162903618,0.9721444408249824,-37.91760279428511
386,387.0,0.8161495451843197,6.349636401086722,0.0633570134341833,0.8875716426970002,0.017556714285753464,0.05710485162064693,0.9721444408329741,-37.917602796341846
387,388.0,0.8767673008479349,4.7421681665529025,0.06335700762920493,0.8875716528510272,0.017556714285757148,0.05710485162065292,0.9721444408329687,-37.917602796340375
388,389.0,0.9884519983565693,9.579533575662468,0.0633570475324045,0.8875716098985493,0.017556714285740026,0.05710485162062508,0.9721444408329901,-37.9176027963472
389,390.0,0.7448858806207714,1.7990896740551652,0.06335705148468036,0.8875715758316335,0.017556714285733376,0.05710485162061426,0.972144440833004,-37.917602796349854
390,391.0,0.39994405581929726,8.260950763579205,0.06335698729789747,0.8875717353646604,0.01755671428578754,0.05710485162070234,0.9721444408329145,-37.917602796328254
391,392.0,0.8206657770592553,1.077894558247577,0.06335618289062016,0.8875735487075249,0.017556714289280538,0.057104851626383,0.9721444408274837,-37.917602794935576
392,393.0,0.3815100324551498,7.608825625866039,0.0633569896059596,0.8875717303263508,0.01755671428578516,0.05710485162069848,0.9721444408329184,-37.917602796329206
393,394.0,0.08311399855502777,5.508016154039496,0.06335693586011433,0.8875718434293208,0.017556714285848173,0.05710485162080095,0.9721444408328184,-37.91760279630408
394,395.0,0.7440510998344617,8.045730755324774,0.06335703778979919,0.8875716296703344,0.0175567142857459,0.057104851620634625,0.9721444408329808,-37.917602796344866
395,396.0,0.7414014390112426,5.197666851235436,0.06335701172960358,0.8875716454788304,0.017556714285754504,0.05710485162064862,0.9721444408329727,-37.91760279634143
396,397.0,0.7542658318475671,3.188627113173848,0.06335700857606778,0.8875716510321462,0.0175567142857565,0.05710485162065187,0.9721444408329697,-37.91760279634063
397,398.0,0.7492384193376205,0.7445426522294529,0.06335713444418747,0.887571437327671,0.017556714285714467,0.057104851620583506,0.9721444408330306,-37.91760279635739
398,399.0,0.4969955566906684,7.353504357757217,0.06335701148379969,0.8875716848865203,0.017556714285765475,0.05710485162066646,0.9721444408329496,-37.91760279633705
399,400.0,0.5480052634445185,6.919376767859375,0.06335702417753776,0.8875716582051397,0.01755671428575541,0.05710485162065009,0.9721444408329657,-37.91760279634107
400,401.0,0.35239612769635476,5.219175911551672,0.06335701101693773,0.8875716853326906,0.01755671428576565,0.057104851620666745,0.9721444408329494,-37.917602796336986
401,402.0,0.764074561164625,1.4959139993910437,0.06335707833225954,0.8875715296199458,0.017556714285723606,0.05710485162059837,0.9721444408330181,-37.91760279635375
402,403.0,0.4448660849300061,6.9424289257895175,0.06335700689892501,0.8875716941839397,0.01755671428576923,0.05710485162067256,0.9721444408329437,-37.91760279633556
403,404.0,0.28358597466007474,6.568829330306915,0.0633569795141351,0.8875717516273314,0.0175567142857955,0.0571048516207153,0.972144440832902,-37.917602796325085
404,405.0,0.6603192707419707,3.1458934136916166,0.06335700735338176,0.887571653677857,0.01755671428575741,0.057104851620653346,0.9721444408329681,-37.917602796340276
405,406.0,0.9624630152767238,1.4872887304814189,0.06335562570974054,0.8875748887006603,0.017556714295343577,0.0571048516362433,0.9721444408182564,-37.91760279251819
406,407.0,0.37860798017780906,7.870089147712806,0.06335698656609692,0.8875717367290588,0.017556714285788193,0.05710485162070341,0.9721444408329135,-37.917602796328
407,408.0,0.9048698751494313,3.3490614675197246,0.06335701287419913,0.8875716436655312,0.017556714285753804,0.05710485162064748,0.9721444408329737,-37.91760279634171
408,409.0,0.02189863796027125,6.4917729817813274,0.06335691465520407,0.8875718888346625,0.017556714285879103,0.05710485162085126,0.9721444408327693,-37.917602796291746
409,410.0,0.8016732299018512,3.6431680323830093,0.06335700726912427,0.8875716537056655,0.01755671428575743,0.057104851620653374,0.9721444408329681,-37.91760279634026
410,411.0,0.5772885193129657,5.876266447950072,0.06335704298775639,0.8875716193627674,0.01755671428574275,0.057104851620629504,0.9721444408329858,-37.91760279634612
411,412.0,0.9570759606489406,7.942587764755372,0.06335706126127501,0.8875715817829687,0.017556714285732737,0.057104851620613226,0.9721444408330018,-37.91760279635011
412,413.0,0.5548315458215551,1.6168929425570078,0.06335703026083948,0.8875716130170289,0.017556714285743673,0.05710485162063101,0.9721444408329887,-37.91760279634575
413,414.0,0.9447356202591138,4.791420313622522,0.06335700744918439,0.8875716536381082,0.017556714285757363,0.05710485162065326,0.9721444408329682,-37.91760279634029
414,415.0,0.8092043261390228,1.5273123068557624,0.06335708261249107,0.8875715222637052,0.01755671428572238,0.05710485162059638,0.9721444408330199,-37.91760279635424
415,416.0,0.04939665561085993,2.432198309038165,0.0633569448677007,0.8875718244161539,0.017556714285836172,0.05710485162078143,0.9721444408328374,-37.91760279630887
416,417.0,0.19072840274154956,4.247514905663202,0.06335698222964646,0.8875717458938666,0.017556714285792644,0.05710485162071064,0.9721444408329065,-37.91760279632622
417,418.0,0.19503158816392807,6.017502273719986,0.0633569640623959,0.8875717841097626,0.017556714285812625,0.057104851620743136,0.9721444408328748,-37.917602796318256
418,419.0,0.9961536456755353,5.083662161704408,0.06335700736915476,0.8875716538356997,0.017556714285757426,0.05710485162065337,0.9721444408329681,-37.91760279634026
419,420.0,0.2553329525717942,0.980307519770158,0.06335713398771614,0.8875714328128632,0.017556714285714634,0.057104851620583784,0.9721444408330306,-37.91760279635733
420,421.0,0.6210940648654034,2.4826579571801397,0.06335701017224196,0.887571648268188,0.01755671428575549,0.05710485162065022,0.9721444408329711,-37.917602796341036
421,422.0,0.6243481488025574,6.221371720625797,0.06335704482006128,0.8875716151803476,0.01755671428574155,0.057104851620627554,0.9721444408329878,-37.9176027963466
422,423.0,0.2786470325210708,7.020112326294199,0.06335697493013398,0.8875717611081362,0.017556714285800315,0.057104851620723124,0.9721444408328943,-37.917602796323166
423,424.0,0.5817693281296643,6.575766166040742,0.06335703366447756,0.8875716387251541,0.017556714285748756,0.05710485162063927,0.9721444408329762,-37.917602796343715
424,425.0,0.1822109799655134,6.061183540759969,0.06335696036791474,0.8875717918860234,0.017556714285816958,0.057104851620750186,0.9721444408328679,-37.91760279631653
425,426.0,0.9433256022205864,3.0526644203707454,0.06335702110995796,0.8875716292029431,0.017556714285748835,0.057104851620639406,0.972144440832981,-37.91760279634369
426,427.0,0.19891043920762697,1.3454260401958478,0.06335701107535796,0.887571646910804,0.017556714285754952,0.05710485162064935,0.9721444408329719,-37.91760279634125
427,428.0,0.3119912744260078,1.3814563455702782,0.06335700776168872,0.8875716525961045,0.01755671428575707,0.05710485162065279,0.9721444408329688,-37.917602796340404
428,429.0,0.22678954040005184,9.972882062803837,0.06335694864574805,0.8875718165589875,0.017556714285831374,0.05710485162077363,0.972144440832845,-37.91760279631078
429,430.0,0.021038239507041423,8.002145678494552,0.06335691335033344,0.8875718915021336,0.017556714285881007,0.05710485162085435,0.9721444408327663,-37.91760279629099
430,431.0,0.1770812127657777,6.016959434864588,0.06335695973461444,0.887571793091218,0.017556714285817638,0.057104851620751296,0.9721444408328668,-37.91760279631626
431,432.0,0.36906266915383945,4.211616185662635,0.06335703318230035,0.8875716395137122,0.01755671428574904,0.05710485162063974,0.9721444408329758,-37.91760279634361
432,433.0,0.8356794351165211,3.810894213246071,0.06335700776426054,0.8875716525870194,0.017556714285757065,0.057104851620652784,0.9721444408329688,-37.91760279634041
433,434.0,0.24954402240468654,0.220907267675444,0.06335713254180332,0.8875714376742714,0.017556714285714602,0.05710485162058373,0.9721444408330306,-37.91760279635734
434,435.0,0.06713111607426636,5.086256382574054,0.063356932331713,0.8875718511218191,0.017556714285853172,0.057104851620809076,0.9721444408328104,-37.91760279630209
435,436.0,0.5946584483598626,9.507690186683105,0.06335700516812703,0.8875716978598793,0.017556714285770766,0.057104851620675065,0.9721444408329413,-37.91760279633495
436,437.0,0.46100448791965054,2.700725761984325,0.06335700841912315,0.8875716519261273,0.017556714285756732,0.05710485162065224,0.9721444408329691,-37.91760279634054
437,438.0,0.11045116320018489,5.018244944878403,0.06335694764245395,0.8875718186236778,0.01755671428583263,0.05710485162077568,0.972144440832843,-37.917602796310284
438,439.0,0.6042391461921757,0.5647824962786498,0.06335713770265519,0.8875714307250642,0.017556714285714425,0.057104851620583444,0.9721444408330308,-37.91760279635741
439,440.0,0.40277139684180574,4.255567666546665,0.06335703973151462,0.8875716263766052,0.017556714285744863,0.05710485162063294,0.9721444408329825,-37.91760279634527
440,441.0,0.5683599234702911,6.574826894841401,0.06335703191193581,0.8875716419625177,0.017556714285749838,0.05710485162064104,0.9721444408329746,-37.91760279634329
441,442.0,0.3101984343022509,5.539715137824609,0.06335699697769763,0.8875717150297009,0.017556714285778173,0.05710485162068711,0.9721444408329295,-37.91760279633199
442,443.0,0.19626965560691967,4.969333931304906,0.06335697448518947,0.8875717620495118,0.017556714285800818,0.05710485162072394,0.9721444408328935,-37.91760279632297
443,444.0,0.5463588322357412,7.0724170987052775,0.0633570217593547,0.8875716632001839,0.01755671428575722,0.05710485162065304,0.9721444408329628,-37.91760279634035
444,445.0,0.43923912844745294,5.624812853154862,0.06335702321620633,0.8875716600548209,0.017556714285756087,0.057104851620651195,0.9721444408329646,-37.917602796340795
445,446.0,0.07406963996439164,0.5826254373338797,0.06335844234338722,0.8875687762407403,0.017556714291190854,0.057104851629489736,0.9721444408243495,-37.91760279417391
446,447.0,0.696635436600883,1.8923966902264142,0.06335703771022828,0.8875716001121573,0.017556714285739808,0.057104851620624716,0.9721444408329944,-37.91760279634729
447,448.0,0.8361483360749798,2.9291056452549395,0.06335701584973975,0.8875716384397152,0.017556714285751972,0.0571048516206445,0.9721444408329764,-37.917602796342436
448,449.0,0.22619450362754545,9.726071186678745,0.06335694971744953,0.8875718141196817,0.01755671428582992,0.057104851620771266,0.9721444408328472,-37.91760279631136
449,450.0,0.8189928508525154,7.395759480565042,0.06335705380544031,0.8875715966852195,0.017556714285736463,0.05710485162061928,0.9721444408329958,-37.917602796348625
450,451.0,0.8211627139514015,2.3526541809344717,0.06335703187374231,0.8875716101065345,0.01755671428574279,0.05710485162062957,0.97214444083299,-37.9176027963461
451,452.0,0.3403641998959923,8.671273682976018,0.0633569742869196,0.887571762239235,0.01755671428580092,0.0571048516207241,0.9721444408328933,-37.917602796322925
452,453.0,0.3396443662757659,9.881971945117922,0.06335696687961125,0.8875717782048925,0.01755671428580938,0.05710485162073786,0.9721444408328799,-37.91760279631955
453,454.0,0.26482869263876985,5.909368884820918,0.06335698191407117,0.8875717465877659,0.017556714285792984,0.057104851620711196,0.972144440832906,-37.917602796326086
454,455.0,0.766088698076974,6.810248346970354,0.06335705531402824,0.8875715939194598,0.017556714285735724,0.05710485162061808,0.972144440832997,-37.917602796348916
455,456.0,0.10396210458497435,5.833588623984626,0.06335694022517406,0.887571834466252,0.017556714285842445,0.05710485162079164,0.9721444408328274,-37.91760279630637
456,457.0,0.3182177587986754,8.798043050717851,0.06335696977787854,0.887571772217534,0.01755671428580616,0.05710485162073263,0.972144440832885,-37.917602796320836
457,458.0,0.9005532395054866,3.5376012979574103,0.06335701087044879,0.8875716470450244,0.017556714285755046,0.0571048516206495,0.9721444408329718,-37.917602796341214
458,459.0,0.723198762021236,5.581207046834535,0.06335701316650375,0.8875716430425727,0.01755671428575361,0.057104851620647164,0.9721444408329739,-37.91760279634178
459,460.0,0.5354448188424256,2.9075937297190086,0.06335700810763449,0.887571652517023,0.01755671428575694,0.05710485162065258,0.9721444408329688,-37.91760279634046
460,461.0,0.2625735787760398,5.013672313776545,0.06335699241235347,0.8875717243164409,0.017556714285782378,0.05710485162069395,0.9721444408329227,-37.917602796330314
461,462.0,0.7438607434047361,4.043189766965347,0.06335700788339158,0.8875716526909634,0.01755671428575704,0.05710485162065274,0.9721444408329687,-37.91760279634042
462,463.0,0.1369321954853182,2.9853327602546496,0.06335698332412595,0.8875717434975848,0.017556714285791482,0.05710485162070875,0.9721444408329083,-37.91760279632669
463,464.0,0.8071807465775175,4.971525683931266,0.06335700948614818,0.8875716499283671,0.01755671428575602,0.05710485162065109,0.9721444408329702,-37.91760279634083
464,465.0,0.3230825822749904,3.5992137326671685,0.06335703492625912,0.8875716360529866,0.01755671428574791,0.05710485162063789,0.9721444408329776,-37.91760279634406
465,466.0,0.6783518978309795,8.381264318601005,0.06335702626807338,0.8875716537880717,0.017556714285753873,0.057104851620647594,0.9721444408329681,-37.91760279634168
466,467.0,0.21811534255591514,9.326692698394721,0.06335694974865877,0.8875718144736341,0.017556714285830128,0.057104851620771606,0.9721444408328469,-37.91760279631128
467,468.0,0.9895342383392101,8.12068671530965,0.06335706301944752,0.8875715780786706,0.017556714285731866,0.0571048516206118,0.9721444408330031,-37.91760279635045
468,469.0,0.9909931758293925,2.453713769243444,0.06335704829883183,0.8875715814319731,0.017556714285734777,0.057104851620616535,0.9721444408330019,-37.91760279634929
469,470.0,0.14640051540740062,1.797491007393347,0.06335702666250961,0.8875716528403537,0.01755671428575353,0.05710485162064704,0.9721444408329687,-37.91760279634182
470,471.0,0.09946636191109048,4.0457341117021235,0.06335695161206067,0.8875718103939878,0.017556714285827696,0.05710485162076765,0.9721444408328508,-37.917602796312245
471,472.0,0.9331011551844479,4.670827803897293,0.06335700729865804,0.8875716534264354,0.017556714285757363,0.05710485162065326,0.9721444408329684,-37.91760279634029
472,473.0,0.6014770282310848,6.779024129845988,0.06335703410775712,0.8875716375672271,0.017556714285748412,0.05710485162063871,0.9721444408329768,-37.91760279634386
473,474.0,0.9158419121771827,6.165750350618121,0.06335701093528577,0.8875716471073909,0.017556714285755042,0.0571048516206495,0.9721444408329718,-37.917602796341214
474,475.0,0.12538990239831294,1.216264700566712,0.0633570475247506,0.8875716098444861,0.01755671428574002,0.057104851620625056,0.9721444408329901,-37.917602796347204
475,476.0,0.7341674971913981,3.799953580898384,0.0633570076121312,0.8875716530946227,0.0175567142857572,0.057104851620653006,0.9721444408329685,-37.917602796340354
476,477.0,0.03533203755054337,6.384109362928628,0.06335691874839634,0.8875718800797514,0.017556714285872882,0.05710485162084114,0.9721444408327792,-37.91760279629423
477,478.0,0.002542178144456453,5.67956530991912,0.06335690942065694,0.8875718998264771,0.01755671428588707,0.05710485162086421,0.9721444408327566,-37.91760279628858
478,479.0,0.4500412544856046,4.319149381340254,0.06335704845624995,0.8875716081110269,0.017556714285739513,0.05710485162062424,0.9721444408329909,-37.9176027963474
479,480.0,0.2917439078792259,0.7176403810109737,0.0633571292278587,0.8875714447864677,0.01755671428571473,0.05710485162058394,0.9721444408330304,-37.917602796357286
480,481.0,0.267251741033398,9.954618435287829,0.06335695503831382,0.8875718030686365,0.017556714285823387,0.05710485162076064,0.9721444408328577,-37.917602796313965
481,482.0,0.5769639123659068,6.947935619830425,0.06335702819136933,0.8875716499813099,0.01755671428575255,0.05710485162064544,0.9721444408329702,-37.91760279634221
482,483.0,0.4014250354655433,9.82295250139005,0.06335697678982632,0.8875717574486529,0.01755671428579843,0.05710485162072006,0.9721444408328973,-37.91760279632392
483,484.0,0.5651136151763946,2.337246196604271,0.06335700905058694,0.8875716501068753,0.01755671428575619,0.05710485162065136,0.9721444408329701,-37.91760279634076
484,485.0,0.9281274553243175,2.6476997001111147,0.06335703275758645,0.8875716084176946,0.017556714285742302,0.057104851620628776,0.9721444408329908,-37.917602796346294
485,486.0,0.9075281989004375,8.549342672797192,0.06335704997914038,0.8875716046420756,0.017556714285738576,0.05710485162062272,0.9721444408329925,-37.91760279634778
486,487.0,0.9922593714830756,8.14963333382901,0.06335706255899556,0.887571578775512,0.017556714285732036,0.05710485162061208,0.9721444408330029,-37.91760279635039
487,488.0,0.44372911990662633,7.096334864691339,0.06335700526208557,0.8875716972074047,0.0175567142857705,0.05710485162067463,0.9721444408329417,-37.91760279633505
488,489.0,0.3543264301883734,9.639251091806326,0.0633569705520882,0.8875717702121602,0.017556714285805092,0.05710485162073089,0.9721444408328868,-37.91760279632126
489,490.0,0.14688224374665748,4.129321910546368,0.0633569685571425,0.8875717746693063,0.01755671428580747,0.05710485162073476,0.9721444408328829,-37.91760279632031
490,491.0,0.11240098384987773,0.83911877543388,0.06335713262358203,0.887571438278142,0.017556714285714575,0.05710485162058369,0.9721444408330306,-37.91760279635734
491,492.0,0.31145420493091724,5.694257985369893,0.06335699545543594,0.8875717183218429,0.01755671428577963,0.05710485162068948,0.9721444408329272,-37.917602796331416
492,493.0,0.02160521305261731,7.5250583464438385,0.06335691343257267,0.8875718913157684,0.017556714285880876,0.05710485162085414,0.9721444408327665,-37.91760279629105
493,494.0,0.6634061121269045,1.4261435157323126,0.06335706652684532,0.8875715495716932,0.01755671428572745,0.05710485162060462,0.9721444408330127,-37.91760279635222
494,495.0,0.14712265314365125,5.415991953357912,0.06335695596448002,0.8875718014031206,0.01755671428582242,0.05710485162075907,0.9721444408328592,-37.917602796314355
495,496.0,0.0797449124518147,1.6887453904784262,0.06335698492767955,0.887571740109487,0.017556714285789816,0.05710485162070605,0.972144440832911,-37.91760279632735
496,497.0,0.896391287660022,2.765162779447994,0.06335702522454435,0.8875716218987666,0.017556714285746452,0.05710485162063553,0.9721444408329846,-37.91760279634464
497,498.0,0.03414706505458187,8.24020543461781,0.06335691663131193,0.8875718843583007,0.017556714285875897,0.057104851620846046,0.9721444408327744,-37.91760279629303
498,499.0,0.2492509322587717,0.8486449706958487,0.06335713586312494,0.8875714319742138,0.0175567142857145,0.05710485162058357,0.9721444408330308,-37.91760279635738
499,500.0,0.2613676543731863,5.432890000059307,0.06335698660363634,0.8875717367997483,0.01755671428578822,0.05710485162070345,0.9721444408329135,-37.91760279632799
500,501.0,0.5927573621614783,7.972446069418391,0.06335701873246964,0.8875716695415425,0.017556714285759556,0.05710485162065684,0.972144440832959,-37.917602796339416
501,502.0,0.8047957466770186,2.7016884706810496,0.06335701876703852,0.887571633026841,0.017556714285750147,0.05710485162064153,0.9721444408329791,-37.91760279634317
502,503.0,0.10258777814016196,2.6247457226789948,0.06335697403126538,0.8875717629025985,0.01755671428580126,0.05710485162072466,0.9721444408328928,-37.91760279632278
503,504.0,0.5233442124574267,0.5602316454445392,0.06335713379163532,0.8875714382266472,0.01755671428571451,0.057104851620583576,0.9721444408330306,-37.91760279635738
504,505.0,0.5807977196652829,5.119969317464377,0.06335705608302826,0.8875715922770642,0.01755671428573532,0.057104851620617424,0.9721444408329977,-37.91760279634908
505,506.0,0.6399293700245626,1.3293857951730106,0.06335707027247113,0.8875715433300054,0.01755671428572617,0.05710485162060254,0.9721444408330144,-37.917602796352725
506,507.0,0.29613642655420536,3.0997938353409467,0.06335704051729259,0.8875716241809288,0.017556714285744204,0.05710485162063187,0.9721444408329835,-37.917602796345534
507,508.0,0.6535630348777779,0.05631402036833287,0.06335713350187036,0.8875714371394181,0.017556714285714547,0.05710485162058364,0.9721444408330306,-37.91760279635736
508,509.0,0.9143729423225878,3.9486420187905003,0.06335700834546153,0.8875716516096295,0.017556714285756694,0.05710485162065218,0.9721444408329694,-37.91760279634055
509,510.0,0.6427196377119926,6.306430396889002,0.06335704640120997,0.8875716121817188,0.017556714285740672,0.057104851620626125,0.9721444408329891,-37.91760279634695
510,511.0,0.08390664205689746,4.237787463735707,0.06335694414350443,0.887571826099579,0.017556714285837216,0.05710485162078313,0.9721444408328357,-37.91760279630846
511,512.0,0.9893932505003002,6.3390909943407445,0.06335701076152588,0.8875716474683748,0.01755671428575516,0.05710485162064969,0.9721444408329716,-37.91760279634117
512,513.0,0.7792647916805323,4.9211646164391185,0.06335701009564469,0.8875716490456029,0.017556714285755656,0.057104851620650494,0.9721444408329707,-37.91760279634097
513,514.0,0.15504336700776422,7.335758539459658,0.06335694612472004,0.8875718221054061,0.017556714285834763,0.05710485162077915,0.9721444408328396,-37.91760279630943
514,515.0,0.7365614377332113,5.8184909606655735,0.0633570135548669,0.8875716424735242,0.017556714285753373,0.057104851620646775,0.9721444408329742,-37.91760279634188
515,516.0,0.8648721005921394,0.8983370875913063,0.06335678114061152,0.8875721853645673,0.017556714286161713,0.05710485162131086,0.972144440832324,-37.917602796179075
516,517.0,0.6106336591250295,4.74709161051538,0.06335701311636342,0.8875716431905181,0.017556714285753647,0.057104851620647226,0.9721444408329739,-37.917602796341775
517,518.0,0.03603934315620527,0.22956461680908852,0.06335713543061844,0.8875714370539405,0.017556714285714432,0.05710485162058345,0.9721444408330306,-37.91760279635741
518,519.0,0.2898138146393,8.46743953353432,0.06335696640672732,0.8875717791866119,0.01755671428580991,0.05710485162073873,0.972144440832879,-37.91760279631934
519,520.0,0.5972087773772271,4.65552951387634,0.06335701350665204,0.8875716426379416,0.01755671428575343,0.05710485162064687,0.9721444408329741,-37.91760279634186
520,521.0,0.385429168561902,7.038756698426012,0.06335699531424845,0.8875717183277196,0.017556714285779658,0.057104851620689526,0.9721444408329271,-37.9176027963314
521,522.0,0.9949598894354171,6.289249844098862,0.06335701025921121,0.8875716486995605,0.017556714285755552,0.05710485162065032,0.9721444408329709,-37.917602796341015
522,523.0,0.4610566041738524,7.542950309073541,0.06335700386295488,0.8875717002745009,0.01755671428577179,0.05710485162067673,0.9721444408329396,-37.917602796334535
523,524.0,0.06585615692597802,7.010280396976769,0.0633569257523995,0.8875718649960147,0.01755671428586245,0.05710485162082417,0.9721444408327957,-37.91760279629839
524,525.0,0.9760238903267808,2.8738338947660944,0.0633570296921804,0.8875716137308074,0.017556714285743933,0.057104851620631426,0.9721444408329885,-37.91760279634565
525,526.0,0.8041425942598505,0.8512473675955057,0.06335674400249844,0.8875722669285729,0.017556714286263854,0.05710485162147698,0.9721444408321633,-37.91760279613835
526,527.0,0.5211325718851035,5.777916388783646,0.06335703538508218,0.8875716347635636,0.0175567142857475,0.05710485162063723,0.9721444408329782,-37.91760279634422
527,528.0,0.4947220821505185,4.533896514150045,0.06335705236406221,0.8875716000057664,0.01755671428573731,0.05710485162062066,0.9721444408329944,-37.917602796348284
528,529.0,0.02948241462138712,1.4028111183049472,0.06335694601337385,0.8875718223825761,0.017556714285834933,0.057104851620779426,0.9721444408328394,-37.91760279630936
529,530.0,0.24020097800313722,4.860702128894487,0.06335698849451682,0.8875717326505921,0.017556714285786257,0.05710485162070025,0.9721444408329166,-37.91760279632877
530,531.0,0.09943845633883652,9.784496181316115,0.06335692671096721,0.8875718629596606,0.01755671428586107,0.05710485162082193,0.9721444408327978,-37.917602796298944
531,532.0,0.4799857244423209,0.26385051070428456,0.0633571369871544,0.8875714296869268,0.0175567142857145,0.05710485162058357,0.9721444408330308,-37.91760279635738
532,533.0,0.6867621757282036,4.373685377814245,0.06335701022874875,0.88757164839871,0.0175567142857555,0.057104851620650245,0.9721444408329711,-37.91760279634103
533,534.0,0.8325461562742208,3.1629683982124885,0.06335701188094726,0.8875716453921687,0.017556714285754428,0.0571048516206485,0.9721444408329727,-37.91760279634146
534,535.0,0.4400255909439551,8.29974083715032,0.06335699338883546,0.8875717222738354,0.01755671428578145,0.05710485162069245,0.9721444408329243,-37.917602796330684
535,536.0,0.6901357234005315,6.084231947514557,0.06335705638272332,0.8875715916831224,0.017556714285735166,0.057104851620617174,0.9721444408329979,-37.91760279634914
536,537.0,0.6484661379620745,7.166512542971943,0.06335703560712276,0.8875716347131937,0.01755671428574748,0.0571048516206372,0.9721444408329782,-37.91760279634423
537,538.0,0.758495285536839,5.0828921888020515,0.0633570110834023,0.8875716469203123,0.017556714285754955,0.05710485162064935,0.9721444408329719,-37.91760279634125
538,539.0,0.8082146380001384,4.417419852392031,0.06335700789927912,0.8875716525359669,0.01755671428575701,0.057104851620652694,0.9721444408329688,-37.91760279634043
539,540.0,0.6616275142837833,3.7540040366900254,0.06335700828938669,0.8875716521340763,0.017556714285756815,0.05710485162065238,0.972144440832969,-37.91760279634051
540,541.0,0.07581189097913255,3.8530877442163645,0.06335694392169186,0.8875718265688497,0.017556714285837507,0.05710485162078361,0.9721444408328352,-37.91760279630834
541,542.0,0.24799329532229164,7.453942877732528,0.06335696541258493,0.8875717814383858,0.017556714285811164,0.05710485162074076,0.9721444408328771,-37.91760279631884
542,543.0,0.2638458032669858,5.069671772507794,0.06335699195526981,0.8875717252183273,0.017556714285782798,0.05710485162069464,0.9721444408329221,-37.917602796330144
543,544.0,0.6401228073259272,9.93116734047849,0.06335700786638614,0.8875716921616701,0.017556714285768417,0.05710485162067125,0.9721444408329449,-37.917602796335885
544,545.0,0.9441368982072144,8.828653654328313,0.06335705095990822,0.8875716027340982,0.017556714285738052,0.057104851620621865,0.9721444408329933,-37.91760279634799
545,546.0,0.8314019064735648,6.622035307433975,0.06335706519864052,0.8875715734341749,0.017556714285730815,0.057104851620610096,0.9721444408330048,-37.91760279635088
546,547.0,0.326853512999171,2.8169410935943846,0.06335705854053936,0.8875715872487825,0.01755671428573406,0.05710485162061538,0.9721444408329997,-37.917602796349584
547,548.0,0.7433925817816556,3.7521235883796322,0.06335700716019921,0.8875716539856073,0.017556714285757516,0.05710485162065352,0.972144440832968,-37.91760279634023
548,549.0,0.8116585269348399,5.17454812626339,0.06335701027309995,0.887571648171628,0.017556714285755445,0.05710485162065015,0.9721444408329712,-37.91760279634106
549,550.0,0.055751499965810414,9.415217680642272,0.06335691964719252,0.8875718780275175,0.017556714285871435,0.05710485162083878,0.9721444408327814,-37.91760279629481
550,551.0,0.01651820005359783,1.3554562025092802,0.06335693095048398,0.887571853920081,0.017556714285855028,0.0571048516208121,0.9721444408328075,-37.917602796301345
551,552.0,0.901914544264704,1.9513587805370425,0.06335706535047729,0.8875715515492335,0.017556714285727863,0.057104851620605294,0.9721444408330121,-37.91760279635205
552,553.0,0.31818792045857514,1.7838667515279876,0.06335700831345059,0.8875716519575433,0.017556714285756777,0.05710485162065232,0.9721444408329691,-37.917602796340525
553,554.0,0.3013671522595339,7.201937028822488,0.06335697793358355,0.8875717549315506,0.017556714285797154,0.05710485162071799,0.9721444408328993,-37.917602796324424
554,555.0,0.23111891106762827,1.4989399481956491,0.06335701059405412,0.8875716477860075,0.017556714285755257,0.05710485162064985,0.9721444408329715,-37.91760279634113
555,556.0,0.02851389334882981,6.032517723547243,0.06335691753669159,0.8875718823415285,0.01755671428587447,0.057104851620843715,0.9721444408327766,-37.9176027962936
556,557.0,0.2518177287199016,1.728559170161593,0.06335701139764074,0.8875716462220931,0.01755671428575474,0.057104851620649,0.9721444408329722,-37.917602796341335
557,558.0,0.4352838439291671,3.9413792164887638,0.06335705375840871,0.8875715970594362,0.01755671428573654,0.0571048516206194,0.9721444408329957,-37.91760279634859
558,559.0,0.9376126443218201,3.628451940008732,0.06335701118016747,0.8875716467932588,0.017556714285754907,0.05710485162064928,0.9721444408329719,-37.91760279634127
559,560.0,0.8206832289701843,7.154116197969908,0.06335705718658333,0.8875715902057052,0.01755671428573479,0.05710485162061656,0.9721444408329984,-37.917602796349286
560,561.0,0.3049514626129597,1.3297805801804712,0.0633570079077534,0.8875716522646919,0.017556714285756947,0.05710485162065259,0.972144440832969,-37.917602796340454
561,562.0,0.32626835867185267,0.203928721801999,0.06335713444214643,0.887571434047796,0.017556714285714557,0.05710485162058365,0.9721444408330306,-37.91760279635736
562,563.0,0.7674194379743301,6.115280539122536,0.06335706527871626,0.8875715738405797,0.01755671428573088,0.0571048516206102,0.9721444408330047,-37.91760279635085
563,564.0,0.14480674118047798,6.94495963135749,0.06335694563207381,0.8875718227169405,0.01755671428583512,0.057104851620779724,0.972144440832839,-37.91760279630929
564,565.0,0.9653084901708299,2.9415274572758716,0.06335702626239378,0.8875716200321563,0.01755671428574587,0.05710485162063458,0.9721444408329855,-37.91760279634487
565,566.0,0.9830327849766977,7.728129519299205,0.06335701351179515,0.8875716424787732,0.017556714285753398,0.05710485162064682,0.9721444408329742,-37.917602796341875
566,567.0,0.518983389471668,3.7422048548329068,0.06335701204533349,0.8875716455531996,0.017556714285754414,0.05710485162064847,0.9721444408329726,-37.91760279634147
567,568.0,0.38321829964120013,0.03746240943741944,0.06335713916769001,0.8875714266963575,0.01755671428571445,0.05710485162058348,0.9721444408330308,-37.9176027963574
568,569.0,0.535147510591975,9.167657729133943,0.06335699993594612,0.8875717086379703,0.017556714285775373,0.05710485162068256,0.9721444408329339,-37.917602796333114
569,570.0,0.30446464453006905,3.506176109507436,0.06335703209449806,0.8875716414715162,0.017556714285749685,0.05710485162064078,0.9721444408329748,-37.91760279634335
570,571.0,0.9816737815023584,4.423121384319633,0.06335700744250479,0.8875716536151068,0.017556714285757356,0.057104851620653256,0.9721444408329682,-37.91760279634029
571,572.0,0.4413881111252119,1.910739586503969,0.063357007996234,0.8875716524374486,0.01755671428575696,0.05710485162065262,0.9721444408329689,-37.91760279634045
572,573.0,0.05775176985739261,9.343073271250569,0.06335691996802965,0.8875718776780596,0.017556714285871182,0.05710485162083838,0.9721444408327818,-37.91760279629491
573,574.0,0.3538399450360473,1.743897933592566,0.06335700736403656,0.8875716534473086,0.017556714285757356,0.057104851620653256,0.9721444408329684,-37.91760279634029
574,575.0,0.685858693638321,0.14555452033967542,0.06335713520570879,0.8875714338634215,0.01755671428571451,0.057104851620583576,0.9721444408330306,-37.91760279635738
575,576.0,0.9953635558868423,2.6101648676838147,0.06335704116572982,0.8875715940076961,0.017556714285738097,0.057104851620621934,0.972144440832997,-37.91760279634797
576,577.0,0.5605730068510341,5.918067360121423,0.06335704018906244,0.8875716250419712,0.017556714285744457,0.05710485162063228,0.9721444408329831,-37.917602796345435
577,578.0,0.47884264329713766,7.71980662358797,0.06335700453095185,0.8875716992361201,0.017556714285771338,0.057104851620675995,0.9721444408329403,-37.91760279633472
578,579.0,0.5087092907662749,1.8533367360237378,0.0633570140415517,0.8875716414938802,0.01755671428575305,0.057104851620646255,0.9721444408329748,-37.91760279634201
579,580.0,0.2146709295222341,6.785532302721793,0.06335696274560146,0.8875717868452422,0.017556714285814148,0.05710485162074563,0.9721444408328723,-37.91760279631765
580,581.0,0.5987433180153791,2.7038035516212036,0.06335700743989651,0.8875716538133428,0.017556714285757384,0.057104851620653305,0.9721444408329681,-37.91760279634028
581,582.0,0.06648022652898455,0.41128265178058043,0.06335713411659499,0.8875714366364249,0.017556714285714523,0.0571048516205836,0.9721444408330306,-37.91760279635737
582,583.0,0.659309701722696,8.119002179671334,0.063357026494522,0.8875716535724371,0.017556714285753793,0.05710485162064747,0.9721444408329682,-37.91760279634171
583,584.0,0.11610857755195836,7.536516980444892,0.06335693623065104,0.8875718427413889,0.017556714285847725,0.05710485162080022,0.972144440832819,-37.917602796304266
584,585.0,0.951180250487053,7.601684433289332,0.06335706492168829,0.8875715742630057,0.017556714285730992,0.05710485162061038,0.9721444408330046,-37.917602796350806
585,586.0,0.8640955121632323,1.0651945392970792,0.06335637303299063,0.8875731058887595,0.01755671428793568,0.05710485162419586,0.9721444408295589,-37.91760279547178
586,587.0,0.15873871036962428,7.45775003007181,0.06335694614699855,0.8875718216743482,0.017556714285834482,0.05710485162077869,0.97214444083284,-37.917602796309545
587,588.0,0.16656852804774225,1.8549105188020905,0.06335703537427058,0.8875716349772174,0.017556714285747562,0.05710485162063733,0.9721444408329781,-37.9176027963442
588,589.0,0.5673655531796192,5.483009361502922,0.06335704777622245,0.8875716096534146,0.017556714285739947,0.05710485162062494,0.9721444408329902,-37.91760279634723
589,590.0,0.42228670139185587,0.4838242607115355,0.06335713679614907,0.8875714313689611,0.017556714285714464,0.057104851620583506,0.9721444408330308,-37.9176027963574
590,591.0,0.9102437092826223,9.038764432608616,0.06335704527754477,0.8875716147669547,0.017556714285741414,0.05710485162062734,0.9721444408329879,-37.91760279634665
591,592.0,0.25325729352143433,3.8234801667202873,0.0633570099203462,0.8875716879594613,0.017556714285766706,0.057104851620668466,0.9721444408329477,-37.91760279633656
592,593.0,0.34713718766466084,8.798004710556254,0.06335697423398706,0.8875717627473456,0.017556714285801182,0.05710485162072454,0.9721444408328929,-37.91760279632282
593,594.0,0.8776817222683179,6.384046296933987,0.06335701239675127,0.8875716445567069,0.017556714285754126,0.057104851620648,0.9721444408329731,-37.91760279634158
594,595.0,0.1844750905045972,8.074466370799222,0.06335694893751613,0.8875718158454107,0.017556714285830957,0.05710485162077296,0.9721444408328457,-37.917602796310945
595,596.0,0.9416148049354861,3.3720787854332865,0.0633570151320819,0.8875716395420715,0.017556714285752388,0.05710485162064518,0.9721444408329758,-37.91760279634227
596,597.0,0.8976684760828993,2.493310878692971,0.0633570354189566,0.8875716038082764,0.01755671428574092,0.05710485162062653,0.9721444408329929,-37.91760279634685
597,598.0,0.3240306201799704,5.68490517294915,0.06335699845075396,0.8875717116702806,0.0175567142857767,0.05710485162068472,0.9721444408329318,-37.917602796332574
598,599.0,0.28994486476788284,2.594470383226277,0.06335705487252491,0.8875715950077576,0.01755671428573601,0.05710485162061854,0.9721444408329966,-37.9176027963488
599,600.0,0.75328790219732,4.516313273001587,0.0633570088959877,0.8875716510312108,0.017556714285756406,0.057104851620651716,0.9721444408329697,-37.917602796340674
600,601.0,0.681037550197569,2.6555505978597154,0.06335701108565131,0.8875716467576593,0.01755671428575493,0.057104851620649315,0.972144440832972,-37.91760279634126
601,602.0,0.49696810264842217,1.8755129085886013,0.06335701198758897,0.8875716450487401,0.017556714285754327,0.05710485162064833,0.9721444408329729,-37.9176027963415
602,603.0,0.6068906102257827,5.525263633399537,0.06335705322815545,0.887571598266023,0.017556714285736862,0.05710485162061993,0.9721444408329952,-37.91760279634846
603,604.0,0.8570316190135802,4.462671081821016,0.06335700712255155,0.8875716541206607,0.017556714285757568,0.0571048516206536,0.9721444408329679,-37.917602796340205
604,605.0,0.2911758724006134,2.612129468022831,0.0633570541916622,0.8875715961009183,0.017556714285736293,0.057104851620619006,0.9721444408329961,-37.91760279634869
605,606.0,0.018307369683259522,5.2117951739317965,0.06335691505166365,0.8875718875208567,0.01755671428587815,0.05710485162084971,0.9721444408327707,-37.91760279629214
606,607.0,0.9363059965301249,1.0007192402496885,0.06335672490209812,0.8875723094183617,0.017556714286321294,0.0571048516215704,0.9721444408320733,-37.917602796115446
607,608.0,0.3106345925798214,0.4434733455674119,0.06335713119862574,0.8875714465132534,0.017556714285714602,0.05710485162058373,0.9721444408330303,-37.91760279635734
608,609.0,0.40480776438563637,5.398700385809739,0.06335701971492402,0.8875716672571172,0.017556714285758713,0.05710485162065546,0.9721444408329604,-37.91760279633975
609,610.0,0.3003896974767829,7.823515716168472,0.0633569729857809,0.8875717650221746,0.01755671428580236,0.05710485162072645,0.9721444408328911,-37.91760279632235
610,611.0,0.9135044162207103,2.2836554665801674,0.06335704726872057,0.887571582888281,0.01755671428573521,0.05710485162061724,0.9721444408330013,-37.91760279634912
611,612.0,0.24209305197242081,4.11220634310146,0.0633570003328584,0.8875717079007024,0.01755671428577504,0.05710485162068202,0.9721444408329345,-37.91760279633324
612,613.0,0.4488435438612708,8.436686534712864,0.06335699365663487,0.8875717218211409,0.017556714285781226,0.05710485162069208,0.9721444408329246,-37.917602796330776
613,614.0,0.7781244728326799,3.357096957883784,0.06335700812086331,0.8875716522144159,0.01755671428575688,0.05710485162065249,0.972144440832969,-37.91760279634048
614,615.0,0.8168121526549986,9.280592023368492,0.06335703325402828,0.8875716393834482,0.017556714285749002,0.05710485162063967,0.9721444408329758,-37.91760279634362
615,616.0,0.6035401600305574,6.581383830327336,0.06335703707486291,0.887571631477527,0.017556714285746455,0.05710485162063553,0.9721444408329799,-37.91760279634464
616,617.0,0.9595168562788879,9.455261071851012,0.06335704603170818,0.8875716131178835,0.017556714285740932,0.05710485162062655,0.9721444408329887,-37.91760279634684
617,618.0,0.3399230516738134,4.875841297936621,0.06335701402338066,0.887571679258331,0.01755671428576326,0.05710485162066286,0.9721444408329531,-37.91760279633794
618,619.0,0.6813786060735082,4.95461823329844,0.06335701183162383,0.8875716458354945,0.01755671428575453,0.05710485162064866,0.9721444408329725,-37.91760279634142
619,620.0,0.6525071056514966,0.20240572826603884,0.0633607185033187,0.887572228731422,0.01755671439685707,0.05710485180133435,0.9721444408322406,-37.91760275204396
620,621.0,0.26723038045201386,5.072500776988148,0.06335699255314722,0.88757172406965,0.01755671428578226,0.05710485162069376,0.972144440832923,-37.917602796330364
621,622.0,0.10755535520476234,5.398464969266139,0.06335694412060495,0.8875718261294663,0.017556714285837226,0.05710485162078315,0.9721444408328357,-37.91760279630845
622,623.0,0.7152995587528211,2.4833728487110105,0.06335701685885078,0.8875716367768274,0.017556714285751375,0.057104851620643535,0.9721444408329772,-37.91760279634268
623,624.0,0.013226837926062052,9.587324264394594,0.06335691126667967,0.8875718958932497,0.017556714285884196,0.05710485162085954,0.9721444408327612,-37.91760279628972
624,625.0,0.44566826857841024,7.58596949364044,0.06335700046370989,0.8875717076301101,0.01755671428577492,0.057104851620681824,0.9721444408329346,-37.91760279633329
625,626.0,0.007040572022487868,7.603962333848635,0.06335691062998204,0.8875718973095182,0.01755671428588523,0.05710485162086122,0.9721444408327595,-37.91760279628931
626,627.0,0.43096816849497355,7.780526449439692,0.06335699641259511,0.8875717159719928,0.017556714285778593,0.057104851620687805,0.9721444408329288,-37.91760279633183
627,628.0,0.5563637613548452,4.196160524426443,0.06335701247764419,0.8875716445677845,0.017556714285754102,0.05710485162064796,0.9721444408329731,-37.91760279634159
628,629.0,0.7957320861130428,9.567301744123471,0.06335702846329365,0.8875716491774999,0.01755671428575227,0.05710485162064499,0.9721444408329707,-37.91760279634232
629,630.0,0.37582444518579217,8.390608327185356,0.0633569825698429,0.8875717450490584,0.017556714285792217,0.057104851620709954,0.9721444408329072,-37.91760279632639
630,631.0,0.09205243335052526,7.052541456611387,0.06335693220364153,0.8875718513191804,0.017556714285853304,0.0571048516208093,0.9721444408328102,-37.917602796302035
631,632.0,0.13541484410849747,6.916232666755152,0.06335694369952866,0.8875718272998998,0.017556714285837972,0.057104851620784366,0.9721444408328345,-37.91760279630815
632,633.0,0.8376894122515581,3.030344252250901,0.06335701414541917,0.8875716412367529,0.017556714285752985,0.05710485162064615,0.9721444408329749,-37.91760279634203
633,634.0,0.07725125352056161,3.3891239010067564,0.06335694903391974,0.8875718155607605,0.017556714285830787,0.05710485162077268,0.9721444408328459,-37.917602796311016
634,635.0,0.8854964311178974,9.949898779901003,0.06335703427745484,0.8875716375004348,0.01755671428574837,0.05710485162063864,0.9721444408329768,-37.91760279634387
635,636.0,0.34419418878705044,0.4696264518296298,0.06335713549300001,0.8875714337721508,0.017556714285714477,0.05710485162058353,0.9721444408330306,-37.91760279635739
636,637.0,0.5614318907451197,9.348134017501822,0.06335700220077824,0.8875717040028989,0.017556714285773357,0.057104851620679284,0.9721444408329372,-37.91760279633392
637,638.0,0.7053970501644956,5.592287860537685,0.06335706564542902,0.887571572819159,0.017556714285730655,0.05710485162060984,0.9721444408330051,-37.917602796350934
638,639.0,0.0876566612813785,7.293178585078617,0.06335693013139189,0.8875718557337804,0.017556714285856225,0.057104851620814044,0.9721444408328056,-37.917602796300876
639,640.0,0.97506331620657,6.17415970268152,0.06335700997281485,0.8875716491086985,0.01755671428575572,0.0571048516206506,0.9721444408329707,-37.917602796340944
640,641.0,0.5376610663036908,2.5158720560913563,0.06335700740481583,0.8875716534195098,0.017556714285757346,0.05710485162065324,0.9721444408329684,-37.9176027963403
641,642.0,0.4233990186002834,4.801321354112861,0.0633570336517358,0.8875716385560085,0.017556714285748728,0.05710485162063923,0.9721444408329762,-37.91760279634373
642,643.0,0.16195412132741427,8.401720209411652,0.06335694288547096,0.887571828514162,0.01755671428583871,0.05710485162078557,0.9721444408328334,-37.91760279630786
643,644.0,0.3765727530708456,0.34585988079880575,0.06335713443205677,0.8875714352822861,0.017556714285714516,0.05710485162058358,0.9721444408330306,-37.91760279635737
644,645.0,0.2746174812035441,5.715062903887325,0.0633569863201323,0.887571737224065,0.017556714285788425,0.057104851620703785,0.9721444408329132,-37.917602796327905
645,646.0,0.2094006814272671,6.429617350413758,0.06335696447508576,0.887571783117811,0.01755671428581209,0.057104851620742275,0.9721444408328755,-37.91760279631847
646,647.0,0.8671021818894813,3.023492249347084,0.0633570164205929,0.8875716375407632,0.017556714285751642,0.05710485162064397,0.9721444408329768,-37.91760279634257
647,648.0,0.752949082028041,4.495597886038504,0.06335700948275026,0.8875716496989733,0.017556714285755965,0.057104851620650994,0.9721444408329704,-37.917602796340844
648,649.0,0.3653890051771935,9.833695059119812,0.0633569710432311,0.8875717695375387,0.017556714285804735,0.05710485162073031,0.9721444408328872,-37.917602796321404
649,650.0,0.3267924113728723,6.233859779571183,0.06335699256856914,0.8875717244214549,0.017556714285782402,0.05710485162069399,0.9721444408329227,-37.91760279633031
650,651.0,0.6661531152939798,0.27804346365592875,0.06335713445714791,0.8875714372230483,0.017556714285714474,0.05710485162058352,0.9721444408330306,-37.91760279635739
651,652.0,0.05742708998664747,6.370053556038034,0.06335692528745425,0.8875718661503353,0.017556714285863233,0.05710485162082545,0.9721444408327944,-37.91760279629808
652,653.0,0.40181235598432363,1.2213182195628243,0.06335702648324443,0.8875716196753426,0.017556714285745744,0.05710485162063437,0.9721444408329857,-37.91760279634492
653,654.0,0.3110442469599859,9.003822936480267,0.06335696739094308,0.8875717767816277,0.017556714285808624,0.057104851620736634,0.9721444408328811,-37.91760279631985
654,655.0,0.5910255332600239,9.725249604205525,0.06335700339472139,0.8875717014161211,0.017556714285772268,0.05710485162067751,0.9721444408329388,-37.91760279633435
655,656.0,0.38382867468705284,0.062267829669535264,0.06335713368094652,0.8875714345580472,0.01755671428571459,0.0571048516205837,0.9721444408330306,-37.91760279635734
656,657.0,0.9677513532207839,5.499632878597013,0.06335700795724296,0.8875716527713109,0.017556714285757037,0.05710485162065274,0.9721444408329687,-37.91760279634042
657,658.0,0.6056985021000522,9.578159417683942,0.06335700608975232,0.8875716957600654,0.017556714285769895,0.05710485162067365,0.9721444408329426,-37.917602796335295
658,659.0,0.6310416304699787,8.199234531095252,0.06335702186330734,0.8875716634214371,0.017556714285757297,0.057104851620653166,0.9721444408329627,-37.91760279634032
659,660.0,0.614460589430673,6.610355230365256,0.06335703830382781,0.8875716290757746,0.017556714285745692,0.05710485162063429,0.9721444408329811,-37.917602796344944
660,661.0,0.2571071153859611,1.811763769077026,0.06335701197960755,0.8875716456840503,0.017556714285754456,0.057104851620648545,0.9721444408329726,-37.91760279634145
661,662.0,0.17424199769869442,7.7413997566672235,0.06335694826853219,0.887571817487207,0.017556714285831946,0.057104851620774555,0.972144440832844,-37.917602796310554
662,663.0,0.07087102758570407,6.979935733477032,0.06335692710101198,0.8875718620704363,0.017556714285860472,0.057104851620820955,0.9721444408327988,-37.91760279629918
663,664.0,0.7758017866787522,1.5500805998168927,0.06335707596473614,0.8875715332123977,0.017556714285724296,0.057104851620599494,0.9721444408330172,-37.91760279635347
664,665.0,0.00037814846435835214,2.7545033541551054,0.06335690864585004,0.8875719016610104,0.017556714285888418,0.05710485162086641,0.9721444408327545,-37.91760279628804
665,666.0,0.7006065610484333,4.018971352258695,0.06335700883526024,0.8875716506867661,0.01755671428575637,0.05710485162065166,0.9721444408329698,-37.91760279634069
666,667.0,0.21727225703972508,1.4749936025258326,0.06335701113064326,0.887571647044985,0.017556714285754962,0.05710485162064936,0.9721444408329718,-37.91760279634124
667,668.0,0.9267874818343063,9.970399915757394,0.06335703798213403,0.8875716296352043,0.017556714285745872,0.057104851620634584,0.9721444408329808,-37.917602796344866
668,669.0,0.0024174343517811003,3.3361114503125204,0.06335690957926036,0.8875718993327472,0.017556714285886694,0.0571048516208636,0.9721444408327572,-37.917602796288726
669,670.0,0.531940674905687,9.640445965410827,0.06335699602215855,0.8875717167947595,0.017556714285778968,0.0571048516206884,0.9721444408329282,-37.91760279633168
670,671.0,0.6981262997249401,3.418930168625763,0.0633570074951749,0.8875716532235077,0.017556714285757277,0.05710485162065313,0.9721444408329685,-37.917602796340326
671,672.0,0.10010977400269494,9.635859650939691,0.06335692744284038,0.8875718615342414,0.01755671428586011,0.057104851620820365,0.9721444408327994,-37.91760279629932
672,673.0,0.20466962388812338,8.658300023416084,0.06335695036102706,0.8875718129261524,0.017556714285829212,0.05710485162077012,0.9721444408328485,-37.91760279631164
673,674.0,0.2184357787302973,6.327890021436113,0.06335696731362614,0.8875717770191158,0.017556714285808746,0.057104851620736835,0.9721444408328809,-37.9176027963198
674,675.0,0.6617001651016868,8.40846659509031,0.06335702404081071,0.8875716584947242,0.017556714285755524,0.05710485162065028,0.9721444408329655,-37.91760279634102
675,676.0,0.6501606865088169,4.44763304060144,0.06335701114192464,0.8875716470641843,0.01755671428575497,0.057104851620649384,0.9721444408329718,-37.91760279634124
676,677.0,0.9247436134512493,2.5712332693535176,0.06335703520834995,0.887571604167567,0.01755671428574105,0.05710485162062674,0.9721444408329927,-37.9176027963468
677,678.0,0.2875821308598986,8.706106853528853,0.06335696466770314,0.8875717827503715,0.017556714285811875,0.05710485162074192,0.9721444408328759,-37.917602796318555
678,679.0,0.6219219700992648,7.806807583771469,0.06335702495078464,0.8875716566073548,0.017556714285754844,0.057104851620649176,0.9721444408329666,-37.91760279634129
679,680.0,0.32886375912373966,1.6236599481671805,0.06335700719225243,0.8875716539830051,0.017556714285757523,0.05710485162065353,0.972144440832968,-37.917602796340226
680,681.0,0.15818202908967027,7.0176784372183745,0.06335694835773101,0.8875718172106438,0.017556714285831766,0.05710485162077427,0.9721444408328443,-37.917602796310625
681,682.0,0.7466319513085937,5.483976657600066,0.06335701267345427,0.8875716441115068,0.017556714285753956,0.057104851620647726,0.9721444408329734,-37.91760279634165
682,683.0,0.3135879776563226,6.320808013834365,0.0633569886966457,0.8875717325046608,0.01755671428578618,0.057104851620700135,0.9721444408329167,-37.917602796328794
683,684.0,0.9803655859821463,7.204566267474122,0.06335701255299811,0.8875716440576189,0.01755671428575398,0.05710485162064777,0.9721444408329735,-37.91760279634163
684,685.0,0.9886318043070479,5.135637964749313,0.06335700731189511,0.8875716538584228,0.01755671428575745,0.05710485162065341,0.972144440832968,-37.917602796340255
685,686.0,0.34016278763146646,7.975767579198523,0.06335697910707037,0.8875717522483583,0.01755671428579581,0.0571048516207158,0.9721444408329014,-37.917602796324964
686,687.0,0.11888421919213432,4.6896708578089,0.0633569530567892,0.887571807041564,0.01755671428582572,0.05710485162076444,0.9721444408328539,-37.917602796313034
687,688.0,0.1181370701651312,4.591051752778784,0.06335695342730871,0.8875718062234561,0.017556714285825226,0.05710485162076364,0.9721444408328548,-37.91760279631323
688,689.0,0.42855477023296995,1.041896610011402,0.06335705075459985,0.887571577172963,0.017556714285733705,0.057104851620614794,0.9721444408330034,-37.917602796349726
689,690.0,0.4841391882225371,0.15131505447423704,0.06335713744191224,0.8875714303660014,0.01755671428571445,0.05710485162058348,0.9721444408330308,-37.9176027963574
690,691.0,0.22405616762364222,8.084859775319341,0.06335695692377995,0.8875717991277802,0.01755671428582111,0.05710485162075694,0.9721444408328612,-37.91760279631487
691,692.0,0.3206368232652871,2.547697601779928,0.06335706580917512,0.8875715724383637,0.017556714285730586,0.05710485162060973,0.9721444408330052,-37.91760279635097
692,693.0,0.5854149140295652,0.027528096310142344,0.06335713427185403,0.8875714342028836,0.017556714285714568,0.05710485162058367,0.9721444408330306,-37.91760279635735
693,694.0,0.7924338532722236,2.0535034559785186,0.06335704273566004,0.8875715910812593,0.01755671428573732,0.05710485162062068,0.9721444408329981,-37.917602796348284
694,695.0,0.055786644554930764,6.646265322705173,0.06335692419890467,0.8875718681924771,0.017556714285864628,0.057104851620827714,0.9721444408327923,-37.91760279629752
695,696.0,0.6849545165161234,9.671294144702221,0.06335701502234589,0.8875716771866833,0.017556714285762456,0.05710485162066155,0.9721444408329545,-37.91760279633826
696,697.0,0.7630134829269619,7.017975097424817,0.06335705231181164,0.8875716002853804,0.017556714285737383,0.057104851620620775,0.9721444408329943,-37.917602796348255
697,698.0,0.522630517270253,7.903939264845217,0.06335700940194444,0.8875716888592737,0.017556714285767074,0.057104851620669056,0.9721444408329472,-37.91760279633642
698,699.0,0.6717644753742977,8.580869906304276,0.06335702355282803,0.8875716598177091,0.017556714285755986,0.057104851620651036,0.9721444408329647,-37.91760279634084
699,700.0,0.39458313652417665,3.0551084739378216,0.06335701306341841,0.8875716436185095,0.017556714285753745,0.057104851620647386,0.9721444408329737,-37.91760279634173
700,701.0,0.7454667440317716,2.062468512746848,0.06335703580973075,0.8875716029457466,0.017556714285740713,0.05710485162062619,0.9721444408329932,-37.91760279634693
701,702.0,0.04886077341550865,5.551419362111606,0.06335692460095534,0.8875718676082943,0.017556714285864222,0.057104851620827055,0.9721444408327928,-37.917602796297686
702,703.0,0.9315126333155489,4.882857913365488,0.0633570074229437,0.887571653568147,0.017556714285757356,0.057104851620653256,0.9721444408329682,-37.91760279634029
703,704.0,0.19026362703029787,3.08435371906503,0.06335700447769932,0.8875716993330492,0.017556714285771376,0.05710485162067606,0.9721444408329403,-37.917602796334705
704,705.0,0.9217137995162222,0.6817848134675856,0.06335713412476779,0.887571435087807,0.01755671428571454,0.057104851620583624,0.9721444408330306,-37.917602796357365
705,706.0,0.3403837348689458,9.82994563633973,0.06335696722777169,0.8875717770014767,0.017556714285808746,0.057104851620736835,0.9721444408328809,-37.9176027963198
706,707.0,0.17383475596601883,2.639897846225539,0.06335700918220179,0.8875716895470259,0.017556714285767338,0.05710485162066949,0.9721444408329467,-37.91760279633631
707,708.0,0.988089318838229,7.465670530566928,0.06335701229207584,0.8875716449199175,0.017556714285754203,0.05710485162064813,0.972144440832973,-37.91760279634155
708,709.0,0.14175760993276398,9.116589454359069,0.06335693650576343,0.887571842031778,0.017556714285847267,0.05710485162079948,0.9721444408328198,-37.91760279630444
709,710.0,0.31018416546824834,7.241399011718423,0.0633569795236834,0.8875717515864298,0.017556714285795465,0.057104851620715234,0.972144440832902,-37.9176027963251
710,711.0,0.8764068380703443,5.057505845626557,0.06335700859960025,0.8875716511735272,0.01755671428575653,0.05710485162065191,0.9721444408329696,-37.917602796340624
711,712.0,0.9509997838034392,4.975512248480096,0.0633570073327346,0.8875716537709005,0.017556714285757433,0.05710485162065338,0.9721444408329681,-37.91760279634026
712,713.0,0.2362886688467829,9.49484610376199,0.0633569524939589,0.8875718087629784,0.017556714285826718,0.05710485162076606,0.9721444408328523,-37.917602796312636
713,714.0,0.22634280144121832,7.282222067586245,0.06335696183419752,0.8875717888445542,0.01755671428581526,0.057104851620747424,0.9721444408328705,-37.91760279631721
714,715.0,0.19402395550753304,4.173152359719247,0.06335698453493978,0.8875717405460875,0.017556714285790042,0.05710485162070642,0.9721444408329106,-37.91760279632726
715,716.0,0.5588361654631765,3.0536086142425263,0.06335700825147383,0.8875716522775066,0.017556714285756843,0.05710485162065243,0.9721444408329689,-37.917602796340496
716,717.0,0.839985515762407,8.5426119015045,0.06335704278422603,0.8875716196974776,0.01755671428574286,0.057104851620629685,0.9721444408329856,-37.917602796346074
717,718.0,0.037041489173616715,0.8696970881700425,0.06335714083310343,0.8875714250032678,0.01755671428571442,0.05710485162058342,0.9721444408330306,-37.917602796357414
718,719.0,0.6729958070372367,4.181110510115325,0.0633570099038137,0.8875716490236998,0.017556714285755715,0.05710485162065059,0.9721444408329707,-37.917602796340944
719,720.0,0.7854015017839077,5.894419420534035,0.06335701251791186,0.8875716442409266,0.017556714285754012,0.057104851620647816,0.9721444408329734,-37.917602796341626
720,721.0,0.013126271161014613,1.0942909337791797,0.06335693037948338,0.8875718552712601,0.017556714285855916,0.05710485162081355,0.972144440832806,-37.917602796301
721,722.0,0.9531521406166628,6.997489556153612,0.06335701240073537,0.8875716450535341,0.017556714285754203,0.05710485162064813,0.9721444408329729,-37.91760279634155
722,723.0,0.027983620871346204,5.554527534307051,0.06335691820658015,0.8875718810365052,0.017556714285873545,0.057104851620842216,0.9721444408327781,-37.91760279629397
723,724.0,0.5842942700997563,2.2889800517245877,0.06335701105365064,0.8875716467916103,0.017556714285754952,0.05710485162064935,0.9721444408329719,-37.91760279634125
724,725.0,0.19316578281073882,7.776193419646606,0.06335695233730458,0.887571808808076,0.017556714285826756,0.057104851620766124,0.9721444408328523,-37.91760279631262
725,726.0,0.5269215266453098,8.680371393146944,0.06335700316871061,0.8875717017344108,0.017556714285772414,0.05710485162067774,0.9721444408329386,-37.917602796334286
726,727.0,0.7190244862912155,3.9493883308066766,0.06335700800429603,0.8875716523010709,0.01755671428575693,0.05710485162065257,0.9721444408329689,-37.91760279634046
727,728.0,0.7372095750941158,6.854757372982179,0.06335705133249876,0.8875716020059683,0.017556714285737855,0.057104851620621545,0.9721444408329936,-37.91760279634807
728,729.0,0.38703580112980296,9.17358790877918,0.06335697847449405,0.8875717539145255,0.017556714285796648,0.057104851620717156,0.9721444408329001,-37.91760279632462
729,730.0,0.3356234108973323,1.8471556650907492,0.0633570080923401,0.8875716520726593,0.017556714285756857,0.05710485162065245,0.9721444408329691,-37.91760279634049
730,731.0,0.1286312601440306,7.201293298989517,0.06335694061416193,0.8875718333120435,0.017556714285841712,0.057104851620790445,0.9721444408328286,-37.91760279630666
731,732.0,0.04575093519035922,2.33542739518213,0.0633569436754413,0.8875718268856175,0.017556714285837702,0.05710485162078392,0.9721444408328349,-37.91760279630826
732,733.0,0.12358052992932367,3.547706723070079,0.06335696755910913,0.8875717768019616,0.017556714285808635,0.05710485162073666,0.9721444408328811,-37.91760279631984
733,734.0,0.3394253430399412,8.40830370303694,0.06335697538012391,0.8875717602367325,0.017556714285799874,0.05710485162072241,0.972144440832895,-37.91760279632334
734,735.0,0.028965942990830884,6.297679444040946,0.06335691653815777,0.8875718848134531,0.01755671428587622,0.05710485162084657,0.9721444408327738,-37.9176027962929
735,736.0,0.5648289166937689,8.474917240357927,0.06335700978552748,0.8875716880939781,0.01755671428576676,0.05710485162066855,0.9721444408329476,-37.917602796336546
736,737.0,0.08559834552920775,4.155582754762327,0.06335694519682109,0.8875718238681803,0.017556714285835846,0.057104851620780904,0.9721444408328379,-37.917602796309
737,738.0,0.27150048438085606,7.96260279182659,0.06335696626460183,0.8875717793789947,0.01755671428581004,0.05710485162073894,0.9721444408328789,-37.91760279631929
738,739.0,0.4270877188957639,9.189410755685756,0.06335698441932784,0.8875717413660666,0.01755671428579043,0.057104851620707046,0.97214444083291,-37.9176027963271
739,740.0,0.5657363808500346,4.514461180344275,0.0633570652397295,0.8875715734866898,0.017556714285730822,0.0571048516206101,0.9721444408330048,-37.91760279635087
740,741.0,0.029547791658038114,7.832733290186771,0.0633569156682338,0.8875718867819283,0.01755671428587762,0.05710485162084884,0.9721444408327716,-37.91760279629234
741,742.0,0.282752312104982,8.876434758698423,0.06335696320189085,0.8875717856945766,0.0175567142858135,0.057104851620744565,0.9721444408328733,-37.91760279631791
742,743.0,0.7647726635808082,6.908112218470078,0.0633570539630118,0.887571596503399,0.017556714285736404,0.05710485162061918,0.9721444408329959,-37.917602796348646
743,744.0,0.5813289224924479,5.57797616103763,0.06335704819309032,0.8875716088039473,0.017556714285739697,0.057104851620624536,0.9721444408329907,-37.91760279634733
744,745.0,0.6656179628326997,6.660455428364166,0.06335704445620642,0.8875716164674583,0.017556714285741903,0.05710485162062813,0.9721444408329871,-37.91760279634646
745,746.0,0.15041220935963184,8.227352053492096,0.06335694134257779,0.8875718317335349,0.017556714285840713,0.05710485162078882,0.9721444408328301,-37.91760279630706
746,747.0,0.9212332736817351,7.9825363055404095,0.06335705777419472,0.8875715887422775,0.017556714285734427,0.057104851620615966,0.9721444408329991,-37.917602796349435
747,748.0,0.30078727294731755,2.714844460849496,0.0633570536810854,0.8875715972629393,0.0175567142857366,0.0571048516206195,0.9721444408329956,-37.91760279634857
748,749.0,0.8932578677368647,2.23132295924726,0.06335704719750938,0.8875715833671252,0.017556714285735277,0.057104851620617354,0.9721444408330011,-37.917602796349094
749,750.0,0.4042588391926678,3.6611276730183886,0.06335705345000534,0.887571597758223,0.017556714285736734,0.05710485162061972,0.9721444408329954,-37.91760279634851
750,751.0,0.8546067183575258,5.226660785009003,0.06335700955074668,0.8875716495533236,0.01755671428575592,0.057104851620650925,0.9721444408329705,-37.917602796340866
751,752.0,0.14361710125506433,9.680486224952764,0.06335693508034523,0.8875718454040226,0.017556714285849453,0.05710485162080303,0.9721444408328163,-37.917602796303576
752,753.0,0.15924814321728742,9.934531168120555,0.06335693745556313,0.887571840200921,0.017556714285846087,0.057104851620797564,0.9721444408328216,-37.91760279630492
753,754.0,0.18413494464817382,7.274352536948967,0.063356953006192,0.8875718073033286,0.017556714285825874,0.057104851620764695,0.9721444408328537,-37.91760279631298
754,755.0,0.9200297909150426,3.6536166833381762,0.06335701029465088,0.8875716480001963,0.0175567142857554,0.05710485162065008,0.9721444408329714,-37.91760279634107
755,756.0,0.06938140577808982,0.9263591934151548,0.06335713756028416,0.8875714302612521,0.017556714285714443,0.057104851620583465,0.9721444408330308,-37.9176027963574
756,757.0,0.9938687016942437,7.9970723226098,0.06335706464458192,0.8875715745508675,0.01755671428573106,0.05710485162061049,0.9721444408330044,-37.91760279635078
757,758.0,0.21019071535201217,8.279665167573407,0.063356952999254,0.8875718076131995,0.017556714285826048,0.05710485162076498,0.9721444408328535,-37.917602796312906
758,759.0,0.02770256739309862,2.746711801561456,0.06335692698370095,0.8875718625663446,0.017556714285860812,0.05710485162082151,0.9721444408327983,-37.91760279629904
759,760.0,0.2267633078945437,2.704484091545624,0.06335702924334576,0.887571647850519,0.017556714285751802,0.05710485162064422,0.9721444408329714,-37.91760279634251
760,761.0,0.44937422855311493,6.595785930826219,0.06335701180364932,0.8875716840132792,0.017556714285765135,0.057104851620665906,0.9721444408329502,-37.91760279633719
761,762.0,0.0424119535958245,9.514995998000192,0.06335691654613035,0.8875718845859781,0.017556714285876067,0.05710485162084632,0.9721444408327741,-37.91760279629296
762,763.0,0.048512111638942645,9.057707335154252,0.0633569183264183,0.8875718808541404,0.017556714285873413,0.057104851620842,0.9721444408327783,-37.91760279629402
763,764.0,0.14280573125764273,5.174711321420138,0.06335695661877028,0.8875717994473187,0.017556714285821288,0.05710485162075723,0.972144440832861,-37.9176027963148
764,765.0,0.8175911476814544,3.7382261955293288,0.06335700746371734,0.8875716535114488,0.01755671428575734,0.05710485162065323,0.9721444408329682,-37.9176027963403
765,766.0,0.4042648714795971,2.7717929513081883,0.06335701120859065,0.887571646495352,0.017556714285754844,0.057104851620649176,0.9721444408329721,-37.91760279634129
766,767.0,0.9669001364064836,1.2183291021750096,0.06335630993852931,0.8875732521950404,0.017556714288344436,0.05710485162486062,0.9721444408289268,-37.9176027953088
767,768.0,0.6893551101960699,3.442320689664116,0.06335700732900465,0.887571653617416,0.01755671428575739,0.05710485162065332,0.9721444408329682,-37.91760279634028
768,769.0,0.880818258446389,2.778271304637582,0.06335702324041924,0.887571625111394,0.017556714285747538,0.05710485162063729,0.972144440832983,-37.91760279634421
769,770.0,0.9874953851539774,0.6412484263616127,0.06335713285514998,0.8875714393231884,0.01755671428571454,0.057104851620583624,0.9721444408330305,-37.917602796357365
770,771.0,0.5834803045890022,8.817031019350942,0.06335700983329125,0.8875716879172644,0.01755671428576669,0.05710485162066843,0.9721444408329477,-37.91760279633657
771,772.0,0.7912485594380324,5.1078754914241316,0.06335701048480682,0.8875716482910079,0.017556714285755396,0.05710485162065007,0.9721444408329711,-37.91760279634108
772,773.0,0.8389354206679573,0.9242885650994307,0.06335665905723072,0.8875724558103347,0.017556714286541257,0.05710485162192812,0.9721444408317286,-37.917602796027744
773,774.0,0.7033790015831698,7.2735926179861625,0.06335704152314883,0.8875716221217839,0.01755671428574358,0.05710485162063085,0.9721444408329845,-37.91760279634578
774,775.0,0.9694361346954777,3.337331781678114,0.06335701701634719,0.8875716363798006,0.01755671428575126,0.05710485162064334,0.9721444408329775,-37.91760279634272
775,776.0,0.9169995139150597,9.639100768360345,0.06335704009359934,0.88757162546404,0.01755671428574459,0.057104851620632495,0.9721444408329829,-37.917602796345385
776,777.0,0.6417289935747632,2.0025378544990087,0.0633570240919171,0.8875716239803241,0.017556714285747115,0.0571048516206366,0.9721444408329836,-37.917602796344376
777,778.0,0.9401544482664598,3.122910499858983,0.0633570191793702,0.8875716326936786,0.01755671428574997,0.057104851620641245,0.9721444408329794,-37.91760279634324
778,779.0,0.5848443867992643,6.853425931995956,0.0633570309167423,0.8875716442143179,0.017556714285750577,0.05710485162064224,0.9721444408329734,-37.917602796343
779,780.0,0.6343285897187403,1.6403408581958208,0.06335704323619612,0.8875715901746497,0.017556714285737077,0.05710485162062028,0.9721444408329986,-37.917602796348376
780,781.0,0.7901464898226304,7.511095122675928,0.06335704909097731,0.8875716067889122,0.017556714285739152,0.05710485162062366,0.9721444408329916,-37.91760279634755
781,782.0,0.9443096909046518,9.147682587568358,0.06335704763423589,0.887571609961627,0.017556714285740026,0.05710485162062508,0.9721444408329901,-37.9176027963472
782,783.0,0.9587410475895923,3.9022377159482877,0.06335700903518351,0.8875716506587589,0.017556714285756284,0.057104851620651514,0.9721444408329699,-37.917602796340724
783,784.0,0.18077065872867404,6.826842872697338,0.06335695482711846,0.8875718036604768,0.017556714285823723,0.0571048516207612,0.9721444408328571,-37.91760279631383
784,785.0,0.6110661621200878,8.249394233256213,0.06335701825286928,0.8875716706052489,0.01755671428575996,0.05710485162065749,0.9721444408329584,-37.91760279633925
785,786.0,0.1825147128708603,3.80221007513422,0.06335698634013492,0.887571736901254,0.017556714285788286,0.05710485162070356,0.9721444408329134,-37.917602796327955
786,787.0,0.13375855057912323,3.594876532525403,0.06335697099632202,0.8875717695672043,0.017556714285804756,0.05710485162073035,0.9721444408328872,-37.91760279632139
787,788.0,0.36890272257771606,8.144134520547308,0.06335698271975775,0.8875717450039147,0.017556714285792203,0.05710485162070993,0.9721444408329072,-37.9176027963264
788,789.0,0.5730731702136291,6.808929742496725,0.0633570295143299,0.8875716470764325,0.017556714285751555,0.057104851620643826,0.9721444408329718,-37.91760279634261
789,790.0,0.16909240730837805,2.733263156337725,0.06335700433059258,0.8875716995908347,0.017556714285771498,0.05710485162067626,0.97214444083294,-37.917602796334656
790,791.0,0.9075056982634878,4.9496241658412385,0.06335700765959225,0.8875716532211426,0.017556714285757214,0.05710485162065303,0.9721444408329685,-37.91760279634035
791,792.0,0.36536803714372845,5.971138728546072,0.06335700378639832,0.8875717010235056,0.017556714285772095,0.05710485162067723,0.9721444408329392,-37.91760279633442
792,793.0,0.5885841360070372,7.660270471949826,0.06335702140848976,0.8875716638363599,0.017556714285757447,0.05710485162065341,0.9721444408329625,-37.917602796340255
793,794.0,0.8134468547071397,3.2498418938725986,0.06335700994851629,0.8875716489494787,0.0175567142857557,0.05710485162065057,0.9721444408329708,-37.91760279634095
794,795.0,0.8027604768300443,2.3201602619499724,0.06335703128636345,0.8875716107839204,0.01755671428574306,0.057104851620630004,0.9721444408329898,-37.917602796345996
795,796.0,0.4763291650018243,4.539577923490538,0.06335704905081267,0.8875716066369361,0.017556714285739128,0.05710485162062362,0.9721444408329916,-37.91760279634756
796,797.0,0.09744989740624765,7.853925884556058,0.06335693136272562,0.8875718532413215,0.017556714285854577,0.057104851620811366,0.9721444408328082,-37.91760279630153
797,798.0,0.3915016641231882,8.398153614252552,0.06335698454787099,0.8875717405457784,0.017556714285790042,0.05710485162070642,0.9721444408329106,-37.91760279632726
798,799.0,0.3173351812137757,0.8663319671288445,0.06335712772434543,0.8875714441451508,0.01755671428571487,0.05710485162058416,0.9721444408330304,-37.91760279635724
799,800.0,0.3630519179320981,2.2277666839555996,0.06335700968913448,0.8875716497068309,0.01755671428575591,0.05710485162065091,0.9721444408329704,-37.91760279634087
800,801.0,0.7986665273218403,2.5761314037467153,0.06335702151239472,0.8875716283128969,0.017556714285748558,0.057104851620638955,0.9721444408329815,-37.9176027963438
801,802.0,0.9249391366741225,2.470301321252882,0.06335703963284299,0.8875715965286235,0.01755671428573883,0.05710485162062313,0.9721444408329959,-37.91760279634768
802,803.0,0.674454784120989,3.6362790179301507,0.06335700747057445,0.8875716535223445,0.017556714285757342,0.05710485162065324,0.9721444408329682,-37.9176027963403
803,804.0,0.8677077880728885,7.20484520294954,0.06335706160895603,0.8875715809727464,0.017556714285732553,0.05710485162061292,0.972144440833002,-37.91760279635018
804,805.0,0.00408918476010911,4.536827187578161,0.06335690993814279,0.887571898743444,0.017556714285886267,0.0571048516208629,0.972144440832758,-37.9176027962889
805,806.0,0.4960814369512999,8.577615556038321,0.06335699942279688,0.8875717094945728,0.017556714285775734,0.05710485162068315,0.9721444408329334,-37.917602796332964
806,807.0,0.17550196816335994,9.364503103104148,0.06335694194877854,0.887571830740293,0.017556714285840092,0.05710485162078781,0.9721444408328311,-37.91760279630731
807,808.0,0.6914194539314202,4.716005837682091,0.06335701137883334,0.8875716467640078,0.01755671428575484,0.05710485162064917,0.9721444408329719,-37.91760279634129
808,809.0,0.09977778333951315,5.302791636828055,0.06335694220025616,0.8875718299576603,0.017556714285839606,0.05710485162078702,0.9721444408328319,-37.9176027963075
809,810.0,0.04593823136228792,2.9583385484754023,0.06335693673324494,0.8875718417379456,0.017556714285847083,0.05710485162079918,0.97214444083282,-37.91760279630452
810,811.0,0.3076015108443122,5.516820494882202,0.06335699695598204,0.8875717149465687,0.017556714285778135,0.05710485162068705,0.9721444408329295,-37.917602796332005
811,812.0,0.32081628697894327,7.051828422486838,0.06335698293820777,0.8875717445798174,0.017556714285792,0.0571048516207096,0.9721444408329075,-37.91760279632648
812,813.0,0.921946469652828,5.636032617835876,0.06335700960441486,0.8875716493818623,0.017556714285755864,0.057104851620650834,0.9721444408329706,-37.91760279634089
813,814.0,0.40397055966786044,2.9761444723542523,0.0633570125675454,0.8875716440311732,0.017556714285753967,0.057104851620647754,0.9721444408329735,-37.91760279634164
814,815.0,0.5949890174712607,5.004550631985375,0.06335706060401099,0.8875715833554676,0.017556714285733105,0.05710485162061382,0.9721444408330011,-37.91760279634996
815,816.0,0.04334249029930748,1.5187868094823325,0.06335695825096464,0.8875717965411754,0.017556714285819616,0.05710485162075451,0.9721444408328637,-37.917602796315464
816,817.0,0.033616405303647845,4.9601289993038,0.06335692099980766,0.8875718754939369,0.017556714285869673,0.057104851620835916,0.9721444408327843,-37.91760279629551
817,818.0,0.9007982305330333,5.569594588840366,0.06335700928512905,0.8875716504448766,0.01755671428575618,0.05710485162065135,0.9721444408329699,-37.91760279634076
818,819.0,0.7660784348656332,1.2825522942605851,0.06335532988901592,0.8875756251312872,0.01755671429998165,0.057104851643786175,0.9721444408112981,-37.91760279066896
819,820.0,0.46043235279527917,0.30285649127336967,0.06335713486840693,0.8875714343727598,0.017556714285714495,0.057104851620583555,0.9721444408330306,-37.917602796357386
820,821.0,0.9110521688206195,5.621210809080946,0.06335700983974904,0.8875716491988503,0.017556714285755767,0.05710485162065068,0.9721444408329707,-37.91760279634093
821,822.0,0.3561339616374969,5.384451185468762,0.06335700981284498,0.8875716883623788,0.01755671428576686,0.05710485162066871,0.9721444408329475,-37.91760279633651
822,823.0,0.23237284285361093,4.020757627943373,0.06335699895256403,0.8875717107829557,0.01755671428577629,0.05710485162068405,0.9721444408329325,-37.917602796332744
823,824.0,0.37507403119203797,2.054521237707791,0.06335700806453055,0.8875716521850529,0.0175567142857569,0.057104851620652514,0.972144440832969,-37.917602796340475
824,825.0,0.8852859063096328,6.247985280241543,0.06335701172226535,0.8875716459775722,0.01755671428575458,0.057104851620648746,0.9721444408329724,-37.9176027963414
825,826.0,0.654763995791233,0.5180802070839854,0.0633571350907111,0.887571432710818,0.017556714285714543,0.05710485162058363,0.9721444408330306,-37.917602796357365
826,827.0,0.42003879691123447,7.849747372015483,0.06335699385168986,0.8875717215349657,0.017556714285781087,0.05710485162069185,0.9721444408329248,-37.91760279633083
827,828.0,0.1046466148198989,7.672332361911882,0.06335693329419735,0.8875718489494772,0.01755671428585174,0.05710485162080675,0.9721444408328127,-37.91760279630266
828,829.0,0.2336251113501332,7.192843725129279,0.06335696427279063,0.8875717835503025,0.017556714285812316,0.05710485162074264,0.9721444408328752,-37.91760279631838
829,830.0,0.4521410215617394,1.155635882070868,0.06335704485819661,0.8875715872982647,0.01755671428573632,0.05710485162061905,0.9721444408329997,-37.91760279634868
830,831.0,0.335120157340957,5.623188244559647,0.06335700128303433,0.8875717058081081,0.017556714285774138,0.05710485162068055,0.9721444408329358,-37.917602796333604
831,832.0,0.6452747910595651,4.2958679490053955,0.06335701128957731,0.8875716464342531,0.0175567142857548,0.05710485162064911,0.9721444408329721,-37.91760279634131
832,833.0,0.9208080808122007,6.479328120063221,0.06335701202119745,0.8875716454855201,0.017556714285754407,0.05710485162064846,0.9721444408329727,-37.91760279634147
833,834.0,0.20547425075293146,6.61016907234889,0.06335696187381047,0.8875717884054396,0.01755671428581501,0.05710485162074702,0.972144440832871,-37.91760279631731
834,835.0,0.005348161379495675,1.629113841340518,0.06335691473667009,0.8875718885341612,0.017556714285878877,0.05710485162085088,0.9721444408327696,-37.917602796291845
835,836.0,0.4536049943739622,6.907140798372546,0.06335700872351166,0.8875716904708367,0.017556714285767726,0.057104851620670125,0.972144440832946,-37.917602796336155
836,837.0,0.5515828478046229,0.40779349848400986,0.06335713725125985,0.8875714285158974,0.01755671428571453,0.05710485162058361,0.9721444408330308,-37.917602796357365
837,838.0,0.8743398965419087,2.4777127137893893,0.06335703337029842,0.8875716077041282,0.017556714285742035,0.057104851620628345,0.9721444408329911,-37.9176027963464
838,839.0,0.029128291109618787,8.722522765518944,0.06335691441858415,0.8875718893590214,0.01755671428587947,0.057104851620851854,0.9721444408327687,-37.917602796291604
839,840.0,0.10745645216318045,1.150071309535643,0.06335703840083835,0.8875716286436798,0.01755671428574558,0.05710485162063411,0.9721444408329813,-37.91760279634499
840,841.0,0.30315738691544714,8.772958513512659,0.06335696704275377,0.8875717776600306,0.01755671428580909,0.05710485162073739,0.9721444408328803,-37.91760279631966
841,842.0,0.6821609773816338,3.754126996487885,0.06335700792357953,0.8875716525874026,0.01755671428575702,0.057104851620652715,0.9721444408329688,-37.91760279634043
842,843.0,0.936748896936185,2.4780218887179224,0.06335704084187219,0.8875715944414962,0.01755671428573825,0.057104851620622184,0.9721444408329968,-37.91760279634791
843,844.0,0.9820052222216801,0.5571985309692495,0.06335713553436993,0.887571433033881,0.01755671428571451,0.057104851620583576,0.9721444408330306,-37.91760279635738
844,845.0,0.6271999138529439,0.3362828963298005,0.06335713386346772,0.8875714369717526,0.017556714285714523,0.0571048516205836,0.9721444408330306,-37.91760279635737
845,846.0,0.3436050158158178,8.99043280945017,0.0633569730683494,0.8875717649652711,0.017556714285802338,0.05710485162072641,0.9721444408328911,-37.917602796322356
846,847.0,0.7846053572414232,8.762262707731288,0.06335703507762684,0.8875716355969044,0.01755671428574775,0.05710485162063764,0.9721444408329778,-37.91760279634412
847,848.0,0.1515485746276325,0.14475110872276217,0.0633571306512064,0.8875714419393974,0.017556714285714654,0.05710485162058381,0.9721444408330305,-37.917602796357315
848,849.0,0.807985456179463,6.75495372516588,0.06335706085901811,0.8875715827480302,0.017556714285732963,0.057104851620613586,0.9721444408330013,-37.91760279635002
849,850.0,0.12100634662730991,2.2742538185777774,0.06335699334801274,0.8875717224685982,0.01755671428578153,0.05710485162069258,0.9721444408329242,-37.91760279633065
850,851.0,0.9601472763684088,1.4139754419715382,0.06335579889760226,0.8875744652861499,0.017556714293099594,0.05710485163259391,0.972144440821651,-37.91760279341288
851,852.0,0.5351781756849157,6.959447679227714,0.06335702183820606,0.8875716633234128,0.017556714285757256,0.05710485162065309,0.9721444408329627,-37.91760279634033
852,853.0,0.3911031309610836,7.231062757052671,0.0633569946648929,0.8875717194739571,0.01755671428578016,0.057104851620690344,0.9721444408329263,-37.917602796331195
853,854.0,0.4591735874655348,2.059318803712028,0.06335700777138645,0.8875716527330353,0.017556714285757082,0.05710485162065281,0.9721444408329687,-37.9176027963404
854,855.0,0.9957683427614283,3.5881136237080464,0.06335701433585146,0.8875716408638328,0.017556714285752856,0.057104851620645936,0.9721444408329751,-37.91760279634208
855,856.0,0.5058631569006934,5.616961748456386,0.0633570355458427,0.8875716348520887,0.01755671428574753,0.05710485162063728,0.9721444408329782,-37.91760279634421
856,857.0,0.3065973516061099,0.3979507416155142,0.06335713469239085,0.8875714350725977,0.017556714285714505,0.05710485162058357,0.9721444408330306,-37.91760279635738
857,858.0,0.09033716719511464,8.324000282156545,0.06335692837911035,0.8875718593657049,0.017556714285858654,0.05710485162081799,0.9721444408328017,-37.9176027962999
858,859.0,0.6912361933482767,0.6914751106497562,0.0633571377620587,0.887571429173992,0.017556714285714474,0.05710485162058352,0.9721444408330308,-37.91760279635739
859,860.0,0.9921347290116261,9.119929976988491,0.06335705217939604,0.887571600485077,0.017556714285737438,0.057104851620620865,0.9721444408329942,-37.917602796348234
860,861.0,0.11654235447365391,2.767526514962138,0.06335697810014082,0.8875717544745103,0.017556714285796925,0.05710485162071761,0.9721444408328996,-37.917602796324516
861,862.0,0.40750710321097994,9.648547206992768,0.06335697846335638,0.8875717534234636,0.017556714285796415,0.057104851620716775,0.9721444408329005,-37.917602796324715
862,863.0,0.32844717284716807,8.714658187363042,0.06335697181077683,0.8875717678974789,0.017556714285803864,0.0571048516207289,0.9721444408328886,-37.917602796321745
863,864.0,0.7785832447460493,3.974189004831768,0.06335700724593196,0.8875716538853653,0.017556714285757474,0.05710485162065345,0.972144440832968,-37.91760279634024
864,865.0,0.29886733907205154,2.697335534212127,0.06335705365930591,0.8875715975373559,0.017556714285736658,0.0571048516206196,0.9721444408329954,-37.91760279634855
865,866.0,0.15716804466979106,8.441888546915427,0.06335694178727444,0.8875718308077589,0.017556714285840144,0.0571048516207879,0.972144440832831,-37.917602796307285
866,867.0,0.14451444815591563,2.1387280135668054,0.0633570110599764,0.8875716853129286,0.01755671428576565,0.057104851620666745,0.9721444408329494,-37.917602796336986
867,868.0,0.956159348141148,1.832086308940088,0.06335708087777935,0.8875715249955278,0.01755671428572286,0.05710485162059716,0.9721444408330192,-37.917602796354046
868,869.0,0.9585790969657144,9.981339318470988,0.06335704081524243,0.8875716240516398,0.017556714285744155,0.057104851620631794,0.9721444408329836,-37.917602796345555
869,870.0,0.3847972467874844,5.211373822981308,0.06335701844367238,0.8875716703714999,0.017556714285759854,0.05710485162065732,0.9721444408329586,-37.917602796339295
870,871.0,0.25981561530540187,5.5017445731767,0.0633569852073341,0.88757173951706,0.017556714285789546,0.05710485162070561,0.9721444408329114,-37.91760279632746
871,872.0,0.25247399853015495,3.5010488027065296,0.06335701663455862,0.8875716739303142,0.0175567142857612,0.05710485162065951,0.9721444408329565,-37.917602796338755
872,873.0,0.7239661532925588,0.21278748927014665,0.06335713510277256,0.8875714350075904,0.01755671428571447,0.05710485162058351,0.9721444408330306,-37.91760279635739
873,874.0,0.9501096147719958,8.326195476615762,0.0633570564478381,0.8875715914140776,0.017556714285735103,0.05710485162061707,0.972144440832998,-37.917602796349165
874,875.0,0.3312246948911107,5.87298940688862,0.06335699777155043,0.8875717134463288,0.017556714285777465,0.05710485162068596,0.9721444408329306,-37.917602796332275
875,876.0,0.1460353425030012,3.9525202061485913,0.06335697086209773,0.8875717695667008,0.017556714285804745,0.057104851620730326,0.9721444408328872,-37.9176027963214
876,877.0,0.1984701320029787,9.264664087172845,0.06335694680780737,0.887571820424129,0.017556714285833722,0.057104851620777455,0.9721444408328412,-37.91760279630985
877,878.0,0.2983841363997791,2.3424207382149027,0.06335701320081144,0.8875716431645477,0.017556714285753616,0.05710485162064717,0.9721444408329739,-37.91760279634178
878,879.0,0.31746389610081127,3.7044432854020815,0.06335703067206143,0.8875716446370534,0.017556714285750726,0.05710485162064247,0.9721444408329731,-37.91760279634293
879,880.0,0.7170507094868994,1.058126882905584,0.06335579160886431,0.8875744831701851,0.017556714293188377,0.057104851632738304,0.9721444408215165,-37.91760279337749
880,881.0,0.4590660932552232,5.258233890540938,0.0633570324745037,0.8875716408594019,0.017556714285749488,0.05710485162064046,0.9721444408329751,-37.91760279634343
881,882.0,0.3470239958027246,2.6962268927673834,0.063357013138654,0.8875716434125924,0.01755671428575368,0.057104851620647275,0.9721444408329738,-37.91760279634176
882,883.0,0.33419321908671107,6.775669772969264,0.06335698826422578,0.8875717333639824,0.017556714285786583,0.057104851620700794,0.9721444408329161,-37.917602796328644
883,884.0,0.4826620629546269,1.4774602583020777,0.06335702606827588,0.8875716204958769,0.017556714285745977,0.05710485162063475,0.9721444408329852,-37.91760279634483
884,885.0,0.6079069846133687,4.525183778026029,0.06335701298261207,0.8875716434429957,0.017556714285753727,0.05710485162064736,0.9721444408329738,-37.91760279634174
885,886.0,0.619306822098095,6.376601154177647,0.06335704205059711,0.8875716212293839,0.017556714285743322,0.057104851620630434,0.9721444408329849,-37.91760279634589
886,887.0,0.7516015722931173,3.8395692338495944,0.06335700758956551,0.8875716531523306,0.017556714285757218,0.05710485162065303,0.9721444408329685,-37.91760279634035
887,888.0,0.752095004806591,5.106264037187997,0.06335701151037147,0.8875716459906865,0.017556714285754647,0.05710485162064885,0.9721444408329724,-37.91760279634138
888,889.0,0.9561115025265233,4.320548901450598,0.06335700724450771,0.887571653848896,0.01755671428575748,0.057104851620653464,0.972144440832968,-37.91760279634024
889,890.0,0.36548061729972414,7.22150369586788,0.06335699031969777,0.8875717291070574,0.0175567142857846,0.05710485162069757,0.9721444408329193,-37.91760279632943
890,891.0,0.333835882085482,5.1549274772492435,0.06335700778203153,0.8875716923350854,0.01755671428576848,0.057104851620671346,0.9721444408329448,-37.917602796335856
891,892.0,0.2630012509621953,1.0063622488890425,0.06335701186329899,0.8875716453258427,0.017556714285754425,0.05710485162064849,0.9721444408329727,-37.91760279634146
892,893.0,0.6373084664814356,2.2251183034563984,0.06335701629927172,0.8875716374462325,0.017556714285751656,0.057104851620643986,0.9721444408329769,-37.91760279634257
893,894.0,0.17128980897407553,0.14711973386840224,0.06335713338728866,0.8875714365593375,0.017556714285714557,0.05710485162058365,0.9721444408330306,-37.91760279635736
894,895.0,0.8598590883337909,4.003774101273227,0.06335700733795115,0.8875716537128115,0.017556714285757415,0.05710485162065336,0.9721444408329681,-37.91760279634027
895,896.0,0.874156585683785,5.375449712451797,0.06335700929586824,0.8875716501468728,0.01755671428575612,0.05710485162065125,0.9721444408329701,-37.91760279634079
896,897.0,0.8327465595695062,2.4238921372210394,0.06335703037267652,0.8875716126017902,0.01755671428574357,0.057104851620630837,0.9721444408329889,-37.91760279634579
897,898.0,0.3200776955597595,0.0054373376724367655,0.06335713633501705,0.8875714336192053,0.017556714285714436,0.05710485162058346,0.9721444408330306,-37.9176027963574
898,899.0,0.0578008399043336,9.761609053704717,0.06335691925486747,0.8875718790467415,0.01755671428587215,0.057104851620839954,0.9721444408327803,-37.917602796294524
899,900.0,0.38149520411091453,0.4408811084912501,0.06335713229004755,0.887571440038758,0.017556714285714564,0.057104851620583666,0.9721444408330305,-37.91760279635735
900,901.0,0.9598176948108477,5.522954018251418,0.06335700850937147,0.8875716513651464,0.0175567142857566,0.05710485162065203,0.9721444408329695,-37.91760279634059
901,902.0,0.601189848752318,5.7538283891963395,0.06335704858989724,0.8875716081403253,0.017556714285739523,0.05710485162062426,0.9721444408329909,-37.917602796347396
902,903.0,0.10985173268232762,1.2582322804142567,0.06335703232898977,0.887571641359464,0.017556714285749647,0.057104851620640724,0.9721444408329748,-37.91760279634337
903,904.0,0.023966611456088138,0.4826261050748158,0.06335714714625468,0.8875714115108415,0.01755671428571464,0.05710485162058379,0.9721444408330304,-37.91760279635732
904,905.0,0.8178687193947799,9.049592835974845,0.06335703564977051,0.8875716341538457,0.0175567142857473,0.0571048516206369,0.9721444408329786,-37.917602796344305
905,906.0,0.9471623782325155,2.1614005518681267,0.0633570582966532,0.8875715642269011,0.01755671428573058,0.05710485162060971,0.972144440833008,-37.91760279635097
906,907.0,0.9078750875525452,0.6937739644679324,0.06335713390043227,0.8875714356863427,0.017556714285714547,0.05710485162058364,0.9721444408330306,-37.91760279635736
907,908.0,0.14820952016361932,9.424111578323997,0.06335693728197084,0.8875718406965717,0.017556714285846396,0.057104851620798064,0.9721444408328211,-37.91760279630479
908,909.0,0.8950681539823617,3.4232665119349472,0.06335701195910394,0.887571645489583,0.01755671428575442,0.05710485162064849,0.9721444408329727,-37.91760279634146
909,910.0,0.009062930275252401,4.640498557485879,0.063356911884449,0.8875718945727501,0.017556714285883235,0.057104851620857974,0.9721444408327627,-37.9176027962901
910,911.0,0.39481161308691104,4.504701244669032,0.06335703312696453,0.8875716398556288,0.017556714285749137,0.05710485162063989,0.9721444408329757,-37.91760279634357
911,912.0,0.879614831030474,0.5115507286312868,0.06335713321410354,0.8875714387062541,0.01755671428571453,0.05710485162058361,0.9721444408330306,-37.917602796357365
912,913.0,0.8064900678031537,1.6178828356331616,0.06335707538615268,0.887571534313708,0.017556714285724494,0.05710485162059981,0.9721444408330169,-37.91760279635339
913,914.0,0.854303463334224,8.539135269888922,0.06335704452194119,0.8875716162358737,0.01755671428574184,0.057104851620628026,0.9721444408329872,-37.91760279634648
914,915.0,0.42395663849553455,3.2693655087785602,0.06335701319756416,0.8875716429608744,0.01755671428575358,0.057104851620647115,0.972144440832974,-37.9176027963418
915,916.0,0.2728015988735317,6.193614265717412,0.06335698099425566,0.8875717481407097,0.017556714285793765,0.05710485162071247,0.9721444408329047,-37.917602796325774
916,917.0,0.757330770260741,1.1436290582573796,0.06335570925931411,0.8875746837228119,0.017556714294219046,0.05710485163441448,0.972144440819955,-37.917602792966555
917,918.0,0.3762157338991007,0.9483643144314772,0.06335704660443121,0.8875715840275084,0.017556714285735492,0.0571048516206177,0.9721444408330009,-37.91760279634901
918,919.0,0.5074687623414045,4.493132266710577,0.06335705556213522,0.8875715931473509,0.01755671428573554,0.05710485162061778,0.9721444408329973,-37.91760279634899
919,920.0,0.8317385329290189,9.286293791449767,0.06335703504340634,0.8875716357820741,0.01755671428574782,0.05710485162063774,0.9721444408329777,-37.9176027963441
920,921.0,0.09704873584756735,8.859012224599354,0.06335692863661631,0.8875718587343908,0.017556714285858224,0.0571048516208173,0.9721444408328024,-37.91760279630007
921,922.0,0.21049801435134896,5.825680013710934,0.06335696942220002,0.8875717728115163,0.01755671428580649,0.057104851620733164,0.9721444408328844,-37.9176027963207
922,923.0,0.9504926238635852,4.163411691759748,0.06335700778979506,0.8875716528296959,0.017556714285757096,0.05710485162065283,0.9721444408329687,-37.9176027963404
923,924.0,0.9592733947722453,7.8667734059986065,0.06335706271803095,0.8875715786038988,0.017556714285732005,0.057104851620612025,0.9721444408330029,-37.9176027963504
924,925.0,0.24595079810775156,0.2702551291840355,0.0633571343820771,0.8875714347972371,0.017556714285714533,0.05710485162058362,0.9721444408330306,-37.917602796357365
925,926.0,0.21258144897162845,6.573421045420743,0.0633569638324122,0.887571784211101,0.017556714285812677,0.057104851620743226,0.9721444408328747,-37.917602796318235
926,927.0,0.5598005350202463,4.309162329729519,0.06335701281177566,0.8875716439537991,0.017556714285753883,0.05710485162064761,0.9721444408329735,-37.91760279634168
927,928.0,0.5110978051025508,5.925879576085705,0.06335703161963717,0.887571642729118,0.017556714285750095,0.057104851620641446,0.9721444408329741,-37.91760279634319
928,929.0,0.15757742762148186,6.0144231366383645,0.06335695436889861,0.8875718046534864,0.017556714285824306,0.05710485162076214,0.9721444408328562,-37.917602796313595
929,930.0,0.09961830240760194,8.664003675069182,0.06335692944130374,0.8875718575537411,0.01755671428585745,0.05710485162081604,0.9721444408328036,-37.917602796300386
930,931.0,0.08922300137750094,9.580592801584746,0.06335692576620998,0.8875718652590364,0.01755671428586264,0.05710485162082448,0.9721444408327954,-37.91760279629831
931,932.0,0.5619037699470254,2.0945926905824517,0.063357012770058,0.8875716435812646,0.01755671428575382,0.05710485162064751,0.9721444408329737,-37.917602796341704
932,933.0,0.143466211740638,1.64160420678991,0.06335703284266511,0.8875716404881314,0.017556714285749352,0.057104851620640246,0.9721444408329752,-37.91760279634348
933,934.0,0.5448344058102172,7.551345788834917,0.06335701623461,0.8875716745388936,0.017556714285761436,0.0571048516206599,0.972144440832956,-37.91760279633866
934,935.0,0.3680832641203968,5.892964199097869,0.06335700497160363,0.8875716982302555,0.01755671428577094,0.05710485162067535,0.9721444408329409,-37.917602796334876
935,936.0,0.5716932990560147,2.3120258893410996,0.06335700991541816,0.8875716487281029,0.017556714285755663,0.0571048516206505,0.9721444408329709,-37.91760279634097
936,937.0,0.8863788844824153,4.270816373368763,0.06335700691114483,0.8875716543245425,0.017556714285757676,0.057104851620653777,0.9721444408329678,-37.91760279634016
937,938.0,0.6468737865640326,9.922863578033528,0.0633570082234633,0.8875716914451327,0.01755671428576812,0.057104851620670756,0.9721444408329455,-37.917602796336006
938,939.0,0.662908061665145,0.4804468162297604,0.06335713262421197,0.8875714396892371,0.017556714285714554,0.057104851620583645,0.9721444408330305,-37.91760279635736
939,940.0,0.9999568700684749,9.248061694783978,0.06335705189967732,0.887571600881998,0.01755671428573755,0.057104851620621046,0.9721444408329941,-37.91760279634819
940,941.0,0.8944801273059763,8.465425626983428,0.06335704934819655,0.8875716062418555,0.01755671428573901,0.05710485162062342,0.9721444408329918,-37.9176027963476
941,942.0,0.987703008203251,0.9587835987107143,0.06335689718100818,0.8875719319750871,0.017556714285911663,0.05710485162090421,0.972144440832718,-37.917602796278764
942,943.0,0.9094852441749735,2.8216340363855243,0.06335702467814654,0.8875716225223496,0.017556714285746705,0.05710485162063594,0.9721444408329843,-37.91760279634454
943,944.0,0.869759683795267,6.014130931617527,0.06335701179047443,0.8875716456778291,0.017556714285754522,0.05710485162064864,0.9721444408329725,-37.91760279634143
944,945.0,0.6662874199449894,7.148218051222883,0.06335703808192023,0.8875716294403981,0.017556714285745803,0.057104851620634466,0.9721444408329809,-37.9176027963449
945,946.0,0.3451413759848371,5.344202287172884,0.06335700787529285,0.8875716920122214,0.01755671428576835,0.05710485162067114,0.972144440832945,-37.91760279633591
946,947.0,0.44344148110268067,7.6640234493666135,0.06335699925617329,0.8875717098044277,0.017556714285775887,0.05710485162068339,0.972144440832933,-37.91760279633291
947,948.0,0.28302418832438503,8.39785264714736,0.06335696642841275,0.8875717790049718,0.017556714285809828,0.0571048516207386,0.9721444408328792,-37.91760279631937
948,949.0,0.011035849549388632,4.901980978366762,0.06335691290706097,0.8875718923363788,0.0175567142858816,0.05710485162085532,0.9721444408327653,-37.91760279629075
949,950.0,0.19130112180200454,5.975636934397583,0.06335696327451047,0.8875717858349019,0.017556714285813582,0.0571048516207447,0.9721444408328732,-37.91760279631787
950,951.0,0.8839847560852597,5.198759849676821,0.06335700888353822,0.8875716506613587,0.017556714285756347,0.05710485162065162,0.9721444408329698,-37.917602796340695
951,952.0,0.38306165476897647,1.612537773745399,0.06335700838818939,0.8875716519295116,0.017556714285756746,0.05710485162065227,0.9721444408329691,-37.91760279634053
952,953.0,0.27721871174730994,0.06906800458694046,0.06335713546800587,0.8875714345229531,0.017556714285714467,0.057104851620583506,0.9721444408330306,-37.91760279635739
953,954.0,0.8019908842832218,0.8877854117391915,0.06335664856035879,0.887572479290816,0.017556714286579733,0.057104851621990686,0.9721444408316684,-37.9176027960124
954,955.0,0.11586414495343622,2.5412281294178087,0.06335698342005702,0.8875717431373595,0.017556714285791294,0.057104851620708455,0.9721444408329086,-37.91760279632676
955,956.0,0.5174787626243039,4.689941031232826,0.06335705317383024,0.8875715984383569,0.017556714285736897,0.057104851620619984,0.9721444408329951,-37.91760279634845
956,957.0,0.975104370921226,6.81536529473102,0.06335701190120402,0.8875716454203859,0.017556714285754428,0.0571048516206485,0.9721444408329727,-37.91760279634146
957,958.0,0.3306382692695392,9.59472043213793,0.06335696730795622,0.8875717771550405,0.01755671428580883,0.05710485162073697,0.9721444408328808,-37.91760279631977
958,959.0,0.2135272744344653,0.3919361901202922,0.06335714354893052,0.887571422969323,0.017556714285714356,0.05710485162058333,0.9721444408330306,-37.917602796357436
959,960.0,0.18570946370547492,5.073896488854704,0.06335697053058942,0.8875717703929744,0.017556714285805193,0.057104851620731055,0.9721444408328865,-37.91760279632122
960,961.0,0.10105888200867374,0.3449139237897965,0.06335713320841617,0.8875714395981089,0.017556714285714512,0.05710485162058358,0.9721444408330305,-37.91760279635737
961,962.0,0.24327890055030155,3.3230568922526693,0.06335701738046269,0.8875716723394675,0.017556714285760607,0.057104851620658544,0.9721444408329574,-37.917602796339
962,963.0,0.3855342061258098,1.7039817129473975,0.06335700775258607,0.8875716528268576,0.017556714285757103,0.05710485162065285,0.9721444408329687,-37.91760279634039
963,964.0,0.9427348482435267,0.14574711614241906,0.06335713498132334,0.8875714361282313,0.017556714285714474,0.05710485162058352,0.9721444408330306,-37.91760279635739
964,965.0,0.24318037914245938,7.9166644994214606,0.06335696152591705,0.8875717893280998,0.017556714285815535,0.057104851620747875,0.9721444408328701,-37.9176027963171
965,966.0,0.2660267783902662,6.298817652960838,0.06335697871124904,0.8875717532219282,0.01755671428579629,0.05710485162071658,0.9721444408329006,-37.91760279632477
966,967.0,0.4567976943078369,6.826379959452762,0.06335701003665874,0.8875716877799403,0.017556714285766627,0.05710485162066834,0.9721444408329478,-37.917602796336595
967,968.0,0.17775565874760246,3.232945404979402,0.06335699587724263,0.8875717172435298,0.017556714285779162,0.05710485162068872,0.9721444408329278,-37.9176027963316
968,969.0,0.3704093930320135,8.441547651860125,0.06335698046431343,0.8875717494308801,0.017556714285794413,0.05710485162071353,0.9721444408329036,-37.91760279632551
969,970.0,0.9048587673895644,7.683692338273128,0.06335705913599478,0.8875715862413881,0.0175567142857338,0.057104851620614946,0.972144440833,-37.917602796349684
970,971.0,0.314253795257594,3.420373329541607,0.06335703737278267,0.8875716308456582,0.01755671428574625,0.0571048516206352,0.9721444408329802,-37.91760279634472
971,972.0,0.8104791074021234,0.9130655932779592,0.06335660775593006,0.8875725709834742,0.017556714286738516,0.05710485162224892,0.9721444408314202,-37.917602795949094
972,973.0,0.07241892094508484,9.496733535122965,0.06335692253472124,0.8875718716373598,0.017556714285867,0.05710485162083157,0.9721444408327885,-37.91760279629657
973,974.0,0.9653652438785546,0.47206486657056485,0.06335713799168528,0.887571428594413,0.01755671428571446,0.0571048516205835,0.9721444408330308,-37.9176027963574
974,975.0,0.2763921664333673,0.9656676333902338,0.0633571369668276,0.88757142832102,0.017556714285714557,0.05710485162058365,0.9721444408330308,-37.91760279635736
975,976.0,0.41606602126677783,9.026500095525584,0.06335698358689318,0.8875717430998246,0.01755671428579127,0.05710485162070841,0.9721444408329086,-37.91760279632677
976,977.0,0.3888874054844237,1.4086906250111262,0.0633570140459364,0.8875716413689899,0.01755671428575304,0.05710485162064624,0.9721444408329748,-37.91760279634202
977,978.0,0.930105507985448,0.7543038049950488,0.06335708955381245,0.8875715259571397,0.01755671428572182,0.05710485162059547,0.972144440833019,-37.91760279635446
978,979.0,0.2988355157369659,4.8750596271658315,0.06335700389330295,0.8875717003421886,0.01755671428577182,0.05710485162067678,0.9721444408329396,-37.91760279633452
979,980.0,0.41966428874376493,4.383255979000409,0.06335704069406224,0.8875716237629588,0.017556714285744072,0.05710485162063165,0.9721444408329837,-37.91760279634559
980,981.0,0.005342066213937957,5.453440378408762,0.06335691050314836,0.887571897497589,0.017556714285885358,0.05710485162086143,0.9721444408327594,-37.91760279628926
981,982.0,0.7760000556047812,2.4519025707642124,0.06335702358897362,0.8875716248407794,0.01755671428574739,0.057104851620637054,0.9721444408329831,-37.91760279634427
982,983.0,0.522736948979448,9.60129554549379,0.06335699528725779,0.8875717186691974,0.0175567142857798,0.057104851620689755,0.9721444408329268,-37.917602796331344
983,984.0,0.4757344381960039,4.477025244111381,0.0633570502402501,0.8875716044031416,0.01755671428573851,0.05710485162062261,0.9721444408329926,-37.91760279634781
984,985.0,0.43908600742053594,2.96988517468515,0.06335701157971707,0.8875716460384172,0.017556714285754633,0.05710485162064883,0.9721444408329724,-37.917602796341384
985,986.0,0.9597043151293061,6.9823902509266915,0.06335701240373101,0.8875716445278411,0.017556714285754123,0.057104851620648,0.9721444408329731,-37.91760279634158
986,987.0,0.8541021946911146,2.6390678969680663,0.06335702496997123,0.8875716223019833,0.017556714285746573,0.05710485162063572,0.9721444408329845,-37.91760279634459
987,988.0,0.16576207668815335,7.177362063756869,0.0633569491351946,0.8875718153788481,0.017556714285830676,0.0571048516207725,0.9721444408328461,-37.91760279631106
988,989.0,0.8133192291261642,4.489788511869745,0.06335700816677184,0.8875716521500416,0.017556714285756846,0.05710485162065243,0.972144440832969,-37.917602796340496
989,990.0,0.6894595369661903,1.2715232287000495,0.06335708571752022,0.8875715165574651,0.01755671428572153,0.05710485162059499,0.9721444408330212,-37.91760279635457
990,991.0,0.845312949454955,5.42035532388702,0.06335701023616101,0.8875716483411095,0.01755671428575549,0.05710485162065022,0.9721444408329711,-37.917602796341036
991,992.0,0.20878350282040503,0.23286607621232613,0.06335713154356383,0.8875714366448711,0.017556714285714713,0.05710485162058391,0.9721444408330306,-37.9176027963573
992,993.0,0.29743445122040835,6.166825670288829,0.06335698701876395,0.8875717355929147,0.017556714285787655,0.057104851620702536,0.9721444408329144,-37.91760279632821
993,994.0,0.39067058997776616,7.259204591897081,0.06335699450459041,0.8875717203020205,0.01755671428578055,0.057104851620690976,0.9721444408329257,-37.917602796331046
994,995.0,0.5975035816846213,3.9395412137375256,0.06335701073926284,0.8875716479835709,0.017556714285755268,0.05710485162064986,0.9721444408329714,-37.91760279634113
995,996.0,0.7054906646276514,9.70366650659092,0.06335701662038455,0.8875716739233622,0.0175567142857612,0.05710485162065951,0.9721444408329565,-37.917602796338755
996,997.0,0.4409718393887332,5.750421298472855,0.06335702120641705,0.8875716641780014,0.01755671428575758,0.057104851620653624,0.9721444408329623,-37.917602796340205
997,998.0,0.956465002025995,1.955376019962746,0.06335707229632175,0.8875715400014672,0.017556714285725493,0.05710485162060144,0.9721444408330154,-37.917602796352995
998,999.0,0.08700677102617171,0.4701193931413592,0.06335712969056115,0.8875714436720874,0.0175567142857147,0.05710485162058389,0.9721444408330304,-37.9176027963573
999,1000.0,0.5761951665651893,6.715967377258118,0.06335703115816653,0.8875716439225273,0.017556714285750473,0.057104851620642064,0.9721444408329735,-37.91760279634303
