,iteration,init_slope,init_intercept,est_intercept,est_slope,ss_res,nrmse,r_squared,aic
0,1.0,0.0010731004615753825,3.8134697492566505,0.2505001027654199,0.39814259495675675,0.016118142857201957,0.10980624574552732,0.8843829288383528,-38.51603933475817
1,2.0,0.7636338094881623,7.895270683255216,0.25050001365598284,0.39814281290431686,0.01611814285714488,0.1098062457453329,0.8843829288387255,-38.51603933478295
2,3.0,0.34462173066356594,5.27258449489842,0.25050002970269875,0.3981427746142292,0.0161181428571491,0.1098062457453473,0.8843829288386983,-38.51603933478112
3,4.0,0.8345755251275074,1.6416833444174925,0.2505000316822175,0.39814289966501976,0.016118142857163897,0.10980624574539768,0.8843829288387263,-38.516039334774696
4,5.0,0.39888125867699054,8.854282004571695,0.25050004587642805,0.39814273570200803,0.016118142857155883,0.10980624574537037,0.884382928838654,-38.51603933477817
5,6.0,0.1602869057018924,6.971153626461207,0.2505000695050641,0.39814267742669385,0.016118142857170902,0.10980624574542154,0.8843829288385561,-38.516039334771655
6,7.0,0.1887186534188252,9.44124918272126,0.2505000727061584,0.3981426693482963,0.016118142857173442,0.10980624574543019,0.8843829288385396,-38.516039334770554
7,8.0,0.20351619564277856,4.986855680103192,0.2505000489105658,0.3981427277141584,0.016118142857157656,0.10980624574537642,0.8843829288386428,-38.51603933477741
8,9.0,0.3751140774066477,1.9723782407138422,0.25049999532051753,0.39814285565543994,0.016118142857143067,0.10980624574532673,0.8843829288387364,-38.51603933478374
9,10.0,0.689298861967699,8.530664420043191,0.2505000211540915,0.39814279536998287,0.016118142857146488,0.10980624574533839,0.884382928838715,-38.516039334782256
10,11.0,0.04732157970745521,9.96803593935196,0.2505000954292751,0.39814261348740076,0.01611814285719393,0.10980624574549998,0.8843829288384051,-38.51603933476166
11,12.0,0.3062595414308421,7.211041036972754,0.2505000487075237,0.3981427289498757,0.016118142857157312,0.10980624574537524,0.8843829288386446,-38.51603933477756
12,13.0,0.2655909249605636,0.8025848142336918,0.2504999909106184,0.3981428644668449,0.01611814285714311,0.10980624574532687,0.8843829288387361,-38.51603933478373
13,14.0,0.8748340539148471,7.074588970865819,0.2505000055685676,0.3981428323153404,0.016118142857143674,0.1098062457453288,0.8843829288387329,-38.51603933478348
14,15.0,0.7383518407556804,8.908250038311794,0.25050001911355857,0.39814279965815363,0.01611814285714609,0.10980624574533702,0.8843829288387179,-38.516039334782434
15,16.0,0.18357658010137845,6.922440470855062,0.25050006504914357,0.39814268842535666,0.016118142857167613,0.10980624574541034,0.8843829288385775,-38.51603933477308
16,17.0,0.4420990768765064,1.3412982560847255,0.25049998570019383,0.39814285834159135,0.016118142857144187,0.10980624574533053,0.8843829288387363,-38.51603933478326
17,18.0,0.8219157400767345,0.2689281084035817,0.2504999877303916,0.3981428695631867,0.016118142857143244,0.10980624574532732,0.8843829288387355,-38.51603933478366
18,19.0,0.983765211094891,1.5799946136028027,0.2505000030869355,0.39814287511671037,0.016118142857144142,0.10980624574533039,0.8843829288387345,-38.51603933478328
19,20.0,0.6474947400278789,8.186328145911041,0.25050002187242376,0.3981427935908566,0.0161181428571467,0.10980624574533909,0.8843829288387137,-38.516039334782164
20,21.0,0.8928545512142354,8.096897041370283,0.2505000088353234,0.3981428244233459,0.0161181428571441,0.10980624574533025,0.8843829288387304,-38.516039334783294
21,22.0,0.7509561532654268,7.635106851498789,0.2505000128751656,0.39814281476695795,0.016118142857144753,0.10980624574533247,0.8843829288387263,-38.51603933478301
22,23.0,0.20060248860473173,7.054155597894553,0.2505000634112773,0.3981426929367445,0.016118142857166284,0.10980624574540582,0.8843829288385859,-38.51603933477366
23,24.0,0.1821688229218248,3.6132288216522346,0.2505000416316453,0.39814274609586864,0.016118142857153815,0.10980624574536334,0.8843829288386675,-38.51603933477907
24,25.0,0.343476779789041,2.5899388909621965,0.2505000027939388,0.3981428383028691,0.01611814285714345,0.10980624574532803,0.8843829288387344,-38.51603933478358
25,26.0,0.6292386897169294,3.4701853492954613,0.25049999576076926,0.39814285463655913,0.01611814285714307,0.10980624574532674,0.8843829288387364,-38.51603933478374
26,27.0,0.4497914088540578,8.961734994465127,0.25050004083085725,0.39814274758498563,0.016118142857153572,0.10980624574536252,0.8843829288386693,-38.51603933477918
27,28.0,0.978215459253385,1.3434166108457979,0.25049999409422485,0.3981428646441415,0.016118142857142942,0.1098062457453263,0.884382928838736,-38.5160393347838
28,29.0,0.6378351918779037,5.714040406879298,0.25050000825347507,0.3981428257548116,0.016118142857144014,0.10980624574532995,0.8843829288387308,-38.516039334783336
29,30.0,0.5398873738676395,0.9461247399260595,0.25050001309737474,0.3981428852284409,0.016118142857148642,0.10980624574534571,0.8843829288387319,-38.51603933478132
30,31.0,0.9154527198687977,6.075191217972093,0.25049999969182707,0.3981428459417657,0.016118142857143216,0.10980624574532723,0.8843829288387356,-38.51603933478368
31,32.0,0.8715200514944881,6.0828888903456635,0.2505000010371615,0.39814284233318736,0.01611814285714331,0.10980624574532755,0.8843829288387351,-38.51603933478364
32,33.0,0.7519053860728863,8.520803079538652,0.2505000173885806,0.3981428042209413,0.01611814285714562,0.10980624574533543,0.8843829288387207,-38.51603933478263
33,34.0,0.3494939537920546,5.045263565297388,0.2505000275905871,0.39814277953851523,0.016118142857148438,0.10980624574534502,0.8843829288387027,-38.51603933478141
34,35.0,0.9825651035716254,8.148111988784281,0.25050000568359704,0.3981428316462689,0.01611814285714373,0.10980624574532899,0.8843829288387326,-38.51603933478345
35,36.0,0.7661783158778793,7.572377384317168,0.2505000117356049,0.3981428173766837,0.01611814285714456,0.1098062457453318,0.8843829288387275,-38.516039334783095
36,37.0,0.14503602277430117,1.862772761804712,0.2505000228789673,0.39814279106233824,0.016118142857146987,0.10980624574534008,0.884382928838712,-38.51603933478204
37,38.0,0.843085276508623,0.17064398166439285,0.25049998720491595,0.3981428728234189,0.016118142857143244,0.10980624574532732,0.8843829288387348,-38.51603933478366
38,39.0,0.8247394417471844,3.386282369229978,0.2504995381475191,0.398142513988935,0.016118142860043084,0.10980624575520505,0.8843829288380793,-38.51603933352428
39,40.0,0.35706667766183,8.006842123922901,0.2505000462740067,0.3981427348377254,0.016118142857156067,0.10980624574537101,0.8843829288386528,-38.5160393347781
40,41.0,0.14092566325911748,5.853101117671444,0.2505000681137728,0.39814268129633246,0.016118142857169667,0.10980624574541735,0.8843829288385638,-38.516039334772195
41,42.0,0.8290604606517682,0.24406242276636622,0.2504999866390694,0.39814287640296386,0.016118142857143258,0.10980624574532738,0.8843829288387343,-38.516039334783656
42,43.0,0.02387117580861642,8.870898954513057,0.2505000984564152,0.39814260569601917,0.01611814285719725,0.10980624574551127,0.8843829288383835,-38.516039334760215
43,44.0,0.940361979153787,6.66725845066507,0.25050000142492473,0.3981428419274672,0.016118142857143317,0.10980624574532759,0.884382928838735,-38.516039334783635
44,45.0,0.1264159330200686,6.416252003272005,0.25050007335200913,0.39814266796888476,0.01611814285717386,0.10980624574543162,0.8843829288385366,-38.51603933477037
45,46.0,0.00623604269471667,1.1525549833197808,0.2505000940071343,0.39814261667913303,0.01611814285719266,0.10980624574549566,0.8843829288384137,-38.51603933476221
46,47.0,0.631705862913617,2.335002922882307,0.2504997526039576,0.3981426753845412,0.01611814285796958,0.10980624574814207,0.884382928838552,-38.51603933442479
47,48.0,0.01630942036320493,4.840412865433166,0.25050009734236034,0.3981426086892681,0.016118142857195938,0.10980624574550682,0.884382928838392,-38.516039334760784
48,49.0,0.8646899930452503,6.403388493509694,0.2505000028490756,0.39814283881260437,0.01611814285714341,0.10980624574532788,0.8843829288387344,-38.5160393347836
49,50.0,0.5738816054851514,5.181052513935021,0.250500008888712,0.3981428244045543,0.016118142857144097,0.10980624574533024,0.8843829288387304,-38.5160393347833
50,51.0,0.39423271981813546,1.3009088220780995,0.2504999105306351,0.39814279982747963,0.016118142857243094,0.10980624574566744,0.884382928838718,-38.516039334740306
51,52.0,0.30319340184564947,7.5214307685163755,0.2505000496724497,0.3981427259889012,0.016118142857158003,0.1098062457453776,0.8843829288386404,-38.516039334777254
52,53.0,0.416450471301141,6.4864124569761685,0.2505000306785836,0.39814277208920473,0.016118142857149482,0.10980624574534857,0.884382928838696,-38.516039334780956
53,54.0,0.7290875303278082,3.1725140203720614,0.2504999932017543,0.3981428603659804,0.016118142857143067,0.10980624574532673,0.8843829288387363,-38.51603933478374
54,55.0,0.3404108754124422,8.320502421129754,0.2505000497250344,0.3981427259208133,0.016118142857158034,0.10980624574537771,0.8843829288386402,-38.51603933477724
55,56.0,0.8448815081503254,7.10229984631162,0.2505000067627153,0.39814282958595754,0.016118142857143792,0.1098062457453292,0.8843829288387322,-38.51603933478343
56,57.0,0.2593196894417066,1.7673856115148778,0.2505000000848549,0.3981428447197884,0.016118142857143237,0.1098062457453273,0.8843829288387355,-38.51603933478367
57,58.0,0.4393358259495409,5.997421920331094,0.25050002535172855,0.39814278524229,0.01611814285714766,0.10980624574534237,0.8843829288387076,-38.51603933478175
58,59.0,0.28929755187791784,5.892095688728249,0.25050004215591287,0.3981427444025606,0.01611814285715416,0.10980624574536452,0.8843829288386655,-38.516039334778924
59,60.0,0.6753601551587064,6.799955212687691,0.2505000127141704,0.3981428152062612,0.016118142857144715,0.10980624574533235,0.8843829288387265,-38.51603933478303
60,61.0,0.3413094090076353,0.9065115607836011,0.2505000441169265,0.3981429077669453,0.016118142857178604,0.10980624574544778,0.884382928838722,-38.51603933476831
61,62.0,0.8654708746023934,7.4592726594918295,0.25050000752877355,0.3981428277348347,0.01611814285714391,0.1098062457453296,0.8843829288387315,-38.51603933478338
62,63.0,0.9211649552122807,1.694820798163976,0.25050002122959797,0.3981428897025539,0.016118142857153527,0.10980624574536235,0.8843829288387305,-38.5160393347792
63,64.0,0.9363285713808503,6.497225938049897,0.2505000003447868,0.3981428441090187,0.016118142857143265,0.1098062457453274,0.8843829288387354,-38.516039334783656
64,65.0,0.5775728930156047,6.099633442192016,0.250500014400929,0.3981428108894976,0.01611814285714506,0.1098062457453335,0.8843829288387245,-38.51603933478288
65,66.0,0.04023335085491364,4.455388534671209,0.25050008821470043,0.3981426312669848,0.016118142857186827,0.10980624574547579,0.8843829288384517,-38.51603933476474
66,67.0,0.9180182135799094,3.2811018904780163,0.25049980673528593,0.3981427180057207,0.016118142857641495,0.10980624574702451,0.8843829288386283,-38.51603933456728
67,68.0,0.34337453678378616,7.311888082484165,0.25050004382816954,0.39814274019279833,0.01611814285715501,0.1098062457453674,0.88438292883866,-38.51603933477856
68,69.0,0.9903456534974482,4.037258991976721,0.2504995543381299,0.39814252736277383,0.016118142859836888,0.10980624575450268,0.8843829288381294,-38.51603933361383
69,70.0,0.17555970297618884,1.9509392942343324,0.25050001686698015,0.3981428056304931,0.016118142857145475,0.10980624574533492,0.8843829288387216,-38.516039334782704
70,71.0,0.4028848242413451,0.3917141257654742,0.2504999924779526,0.39814286255171855,0.016118142857143056,0.1098062457453267,0.8843829288387361,-38.51603933478374
71,72.0,0.762717550399856,6.26581100569305,0.2505000053671637,0.39814283224392877,0.01611814285714369,0.10980624574532885,0.8843829288387329,-38.51603933478347
72,73.0,0.9068423844689749,7.7294625155954835,0.25050000686074814,0.3981428289203106,0.01611814285714386,0.10980624574532943,0.8843829288387318,-38.5160393347834
73,74.0,0.5715859516401657,4.126691648333212,0.25050000166073527,0.39814284108769593,0.016118142857143365,0.10980624574532774,0.8843829288387348,-38.51603933478361
74,75.0,0.26161836452984,9.254281012976218,0.25050006306974604,0.39814269335892205,0.01611814285716621,0.10980624574540557,0.8843829288385867,-38.516039334773694
75,76.0,0.6444082881804284,5.268324337087509,0.2505000055027377,0.3981428323955046,0.016118142857143667,0.10980624574532877,0.8843829288387329,-38.516039334783486
76,77.0,0.08165636088248318,9.744125960119078,0.2505000896317054,0.3981426280173892,0.016118142857188048,0.10980624574547994,0.8843829288384435,-38.51603933476421
77,78.0,0.9913793985960222,5.409566252202864,0.2504999955936041,0.398142855055632,0.016118142857143095,0.10980624574532682,0.8843829288387361,-38.516039334783734
78,79.0,0.6170266911995038,7.92219734462556,0.25050002234989655,0.3981427923283085,0.01611814285714685,0.1098062457453396,0.8843829288387128,-38.51603933478211
79,80.0,0.5483184338803694,0.16072225725644465,0.25049999061453104,0.39814286582218017,0.01611814285714311,0.10980624574532687,0.8843829288387359,-38.51603933478373
80,81.0,0.47479758552908236,7.5633175084737525,0.2505000316519778,0.3981427698901199,0.016118142857149808,0.10980624574534968,0.8843829288386937,-38.516039334780814
81,82.0,0.5321940323835267,2.608478346257733,0.25049999382531996,0.3981428589445523,0.016118142857143063,0.10980624574532671,0.8843829288387364,-38.51603933478374
82,83.0,0.23440499370521062,4.009584417534903,0.2505000346567499,0.39814276274322574,0.0161181428571509,0.10980624574535341,0.8843829288386866,-38.51603933478034
83,84.0,0.6539991924129048,5.992494205914968,0.25050000892551993,0.39814282406419815,0.016118142857144115,0.1098062457453303,0.8843829288387304,-38.516039334783294
84,85.0,0.36549122421376357,9.117316700829152,0.25050005074492526,0.398142723707761,0.016118142857158502,0.1098062457453793,0.884382928838637,-38.516039334777034
85,86.0,0.7265021397749997,5.881473226120672,0.25050000518082394,0.39814283273418255,0.01611814285714367,0.1098062457453288,0.884382928838733,-38.516039334783486
86,87.0,0.19256086162602493,5.617429723796737,0.2505000561784606,0.39814271037209426,0.016118142857161698,0.10980624574539019,0.8843829288386161,-38.51603933477565
87,88.0,0.5101313905036132,7.544074314814976,0.250500028618078,0.3981427772463768,0.016118142857148746,0.10980624574534606,0.8843829288387006,-38.516039334781276
88,89.0,0.6910299162529272,0.6062588374830543,0.25049999027954023,0.39814286647956115,0.01611814285714312,0.1098062457453269,0.8843829288387358,-38.51603933478372
89,90.0,0.633028346810387,9.287149156398385,0.25050002805867216,0.3981427785524952,0.01611814285714855,0.1098062457453454,0.884382928838702,-38.51603933478136
90,91.0,0.6373984428256557,8.886945872278494,0.25050002593720966,0.39814278382297486,0.016118142857147844,0.109806245745343,0.8843829288387064,-38.51603933478167
91,92.0,0.6846017989462952,7.760046474179293,0.25050001746469136,0.3981428039649173,0.01611814285714565,0.10980624574533554,0.8843829288387205,-38.51603933478262
92,93.0,0.6559980811342332,0.9713644288506319,0.2504999972964744,0.3981428680671936,0.01611814285714301,0.10980624574532653,0.8843829288387357,-38.51603933478377
93,94.0,0.6260502892505816,7.980747937838399,0.2505000220337953,0.3981427926655387,0.016118142857146817,0.10980624574533951,0.8843829288387133,-38.516039334782114
94,95.0,0.9693295983934112,7.183711965903601,0.250500002455408,0.3981428392210216,0.0161181428571434,0.10980624574532787,0.8843829288387346,-38.5160393347836
95,96.0,0.024369960036310978,8.09785989633327,0.2505000985931685,0.39814260575027327,0.01611814285719717,0.10980624574551101,0.8843829288383837,-38.51603933476025
96,97.0,0.9939346550269011,3.4615029817157206,0.2504998439762692,0.39814274807167155,0.016118142857462457,0.10980624574641465,0.8843829288386701,-38.51603933464503
97,98.0,0.8111652826628296,8.843469998657937,0.25050001584884235,0.39814280779164496,0.016118142857145298,0.10980624574533433,0.8843829288387228,-38.516039334782775
98,99.0,0.9533369036780835,8.374012509478927,0.2505000074736398,0.39814282723804406,0.016118142857143945,0.10980624574532971,0.8843829288387314,-38.516039334783365
99,100.0,0.7482822930205629,9.430537864394093,0.2505000215746119,0.39814279402285324,0.01611814285714666,0.10980624574533897,0.8843829288387142,-38.516039334782185
100,101.0,0.011265498666560791,3.0960639580783105,0.2505000970766869,0.39814260948650687,0.01611814285719557,0.10980624574550557,0.8843829288383942,-38.51603933476094
101,102.0,0.510153717912442,7.8944261879827895,0.2505000305611118,0.3981427723118806,0.01611814285714944,0.10980624574534845,0.8843829288386962,-38.51603933478097
102,103.0,0.1905029042666968,2.3593336362802133,0.25050002109468733,0.3981427953175506,0.016118142857146526,0.10980624574533851,0.8843829288387149,-38.51603933478224
103,104.0,0.7928986001001461,1.951635185926157,0.2505000537748764,0.3981429161139801,0.016118142857194095,0.10980624574550055,0.8843829288387169,-38.51603933476158
104,105.0,0.5185088335279692,6.0751510104773905,0.25050001900891755,0.39814280035116534,0.01611814285714598,0.10980624574533665,0.8843829288387184,-38.51603933478248
105,106.0,0.11574103104735811,2.1674403929747172,0.25050003839450424,0.3981427535123017,0.01611814285715248,0.10980624574535879,0.8843829288386764,-38.516039334779656
106,107.0,0.4405617380762886,0.49825639185270343,0.2504999920522255,0.3981428632268563,0.016118142857143067,0.10980624574532673,0.8843829288387361,-38.51603933478374
107,108.0,0.8250859965140499,3.383006477865929,0.25049954058270574,0.3981425179504252,0.016118142860001954,0.10980624575506492,0.8843829288380944,-38.516039333542146
108,109.0,0.9207078808057885,4.075571312790224,0.2504999932073649,0.3981428606140307,0.016118142857143046,0.10980624574532664,0.8843829288387363,-38.51603933478375
109,110.0,0.550027610864754,5.942118210497782,0.2505000154482337,0.3981428084584169,0.016118142857145253,0.10980624574533417,0.8843829288387232,-38.516039334782796
110,111.0,0.3560482464280684,2.921519933423959,0.2505000054119355,0.3981428323140554,0.016118142857143688,0.10980624574532884,0.8843829288387329,-38.51603933478347
111,112.0,0.5999320318529111,1.7088928670588441,0.2505000211054046,0.39814288800408354,0.01611814285715294,0.10980624574536035,0.884382928838731,-38.51603933477946
112,113.0,0.41226829878369864,0.04629954762176445,0.2504999941919872,0.3981428587449713,0.01611814285714305,0.10980624574532667,0.8843829288387363,-38.51603933478375
113,114.0,0.8223627162257902,4.416578970910341,0.2504999956607303,0.39814285498134,0.016118142857143067,0.10980624574532673,0.8843829288387364,-38.51603933478374
114,115.0,0.55510217472751,5.617717196953668,0.25050001341125844,0.39814281386363815,0.016118142857144788,0.10980624574533258,0.8843829288387259,-38.516039334783
115,116.0,0.3995186248640894,9.911613604846815,0.25050004998133846,0.39814272536039,0.016118142857158152,0.1098062457453781,0.8843829288386393,-38.51603933477719
116,117.0,0.7206426182390067,7.195238598956675,0.2505000124768114,0.39814281575379956,0.016118142857144663,0.10980624574533215,0.8843829288387268,-38.516039334783045
117,118.0,0.2989188228986782,5.5663001863847,0.2505000379949807,0.3981427544880369,0.016118142857152306,0.1098062457453582,0.8843829288386775,-38.51603933477973
118,119.0,0.4592774515314113,9.843786252600573,0.2505000449265503,0.39814273807451467,0.016118142857155394,0.10980624574536872,0.8843829288386572,-38.51603933477839
119,120.0,0.6723803909242855,1.4026197579047686,0.25050004080146976,0.3981429077276955,0.016118142857175433,0.10980624574543697,0.884382928838722,-38.51603933476969
120,121.0,0.157778882266974,4.916092787117834,0.250500058421964,0.3981427043988843,0.016118142857163266,0.10980624574539552,0.8843829288386063,-38.51603933477497
121,122.0,0.9215957217240724,4.264335233000494,0.2504999930144653,0.39814286058350756,0.016118142857143074,0.10980624574532676,0.8843829288387363,-38.51603933478374
122,123.0,0.3068170681410771,4.848831382014446,0.25050003139984306,0.3981427706497974,0.01611814285714966,0.10980624574534918,0.8843829288386946,-38.51603933478088
123,124.0,0.8569430547674793,5.1120455171810555,0.2504999970226466,0.39814285161472196,0.016118142857143133,0.10980624574532695,0.8843829288387361,-38.51603933478371
124,125.0,0.7976939014674875,9.845913838055967,0.2505000208829777,0.39814279573717243,0.016118142857146474,0.10980624574533833,0.8843829288387153,-38.51603933478226
125,126.0,0.4386935640256304,2.536543263464128,0.25049999669580525,0.39814285267096494,0.016118142857143112,0.10980624574532688,0.8843829288387361,-38.51603933478373
126,127.0,0.0928045692898044,4.991786751884716,0.25050007478425684,0.3981426642433836,0.01611814285717509,0.10980624574543581,0.8843829288385288,-38.516039334769836
127,128.0,0.42181660066385207,0.04165558274716478,0.25049999113514315,0.39814286465802506,0.016118142857143098,0.10980624574532684,0.884382928838736,-38.51603933478373
128,129.0,0.8242552090828695,7.242946341834082,0.25050000778808784,0.39814282675918555,0.016118142857143972,0.10980624574532982,0.8843829288387312,-38.51603933478334
129,130.0,0.038488803424460816,0.2695600497901648,0.25049999146185514,0.3981428641692799,0.01611814285714308,0.10980624574532677,0.884382928838736,-38.51603933478374
130,131.0,0.6166626622218832,0.8556902571094845,0.2504999940474334,0.39814286530248694,0.01611814285714293,0.10980624574532627,0.884382928838736,-38.5160393347838
131,132.0,0.05161738772425051,5.658132054884294,0.2505000886557669,0.398142630292646,0.01611814285718718,0.109806245745477,0.8843829288384493,-38.516039334764585
132,133.0,0.15202212405462434,6.741322456237316,0.2505000698806344,0.39814267695623984,0.01611814285717098,0.1098062457454218,0.8843829288385552,-38.51603933477162
133,134.0,0.04666673428887813,0.5106173212085813,0.25049999063171274,0.3981428656094461,0.016118142857143112,0.10980624574532688,0.8843829288387359,-38.51603933478373
134,135.0,0.2117237615307379,2.369156309479343,0.25050001668740546,0.39814280568153565,0.0161181428571455,0.10980624574533501,0.8843829288387216,-38.51603933478269
135,136.0,0.9898697126779383,5.373232553713131,0.25049999588574046,0.3981428544605112,0.01611814285714308,0.10980624574532677,0.8843829288387363,-38.51603933478374
136,137.0,0.8894070003776063,6.849588901878012,0.25050000413866924,0.398142835780002,0.01611814285714352,0.10980624574532828,0.8843829288387338,-38.51603933478354
137,138.0,0.516436744214999,9.760588336592651,0.2505000389034,0.3981427521949054,0.016118142857152722,0.10980624574535963,0.8843829288386749,-38.51603933477955
138,139.0,0.9520980429999889,4.409824194072305,0.250499992937527,0.3981428608255739,0.016118142857143063,0.10980624574532671,0.8843829288387363,-38.51603933478374
139,140.0,0.46505733368463287,9.672943639931812,0.2505000430020659,0.3981427422262843,0.016118142857154606,0.10980624574536603,0.8843829288386627,-38.51603933477873
140,141.0,0.43003220213016435,5.8872665819166885,0.2505000250393039,0.3981427854818175,0.016118142857147674,0.10980624574534241,0.8843829288387077,-38.516039334781745
141,142.0,0.16419719260441357,6.693523017960929,0.2505000676298488,0.3981426820701933,0.016118142857169483,0.10980624574541671,0.8843829288385653,-38.516039334772266
142,143.0,0.18768524311086965,3.7746483496710383,0.2505000418534506,0.39814274538051153,0.016118142857153964,0.10980624574536385,0.8843829288386666,-38.516039334779016
143,144.0,0.244554788846702,8.823760849773263,0.25050006310881623,0.39814269302847327,0.016118142857166326,0.10980624574540596,0.884382928838586,-38.516039334773644
144,145.0,0.365186684789808,4.483863079043162,0.2505000206537488,0.39814279648764483,0.01611814285714637,0.10980624574533797,0.8843829288387159,-38.516039334782306
145,146.0,0.19180478401214396,9.433292872703824,0.250500072916272,0.39814266934462406,0.01611814285717337,0.10980624574542995,0.8843829288385396,-38.51603933477058
146,147.0,0.1933323085308949,5.4436305928911,0.2505000554325679,0.39814271223206693,0.016118142857161236,0.10980624574538862,0.8843829288386191,-38.516039334775854
147,148.0,0.26375876533118725,4.113938150169188,0.2505000311949943,0.3981427711372787,0.016118142857149593,0.10980624574534896,0.8843829288386951,-38.51603933478091
148,149.0,0.9885422631917047,1.4670760112499153,0.2504999970487181,0.3981428687013706,0.01611814285714303,0.1098062457453266,0.8843829288387356,-38.516039334783756
149,150.0,0.5455145551739498,9.231362697050358,0.2505000341257513,0.3981427637653997,0.01611814285715076,0.10980624574535293,0.8843829288386876,-38.5160393347804
150,151.0,0.353230278909499,2.461872480897941,0.2505000007130047,0.3981428434030869,0.016118142857143285,0.10980624574532748,0.8843829288387353,-38.51603933478365
151,152.0,0.7630902136589361,4.6618931250948545,0.25049999784648425,0.3981428502613479,0.01611814285714312,0.1098062457453269,0.8843829288387361,-38.51603933478372
152,153.0,0.5750212347033049,2.9961463202567264,0.2504999949252537,0.39814285670044564,0.01611814285714306,0.10980624574532671,0.8843829288387364,-38.51603933478374
153,154.0,0.32576324288631986,8.569031678040005,0.2505000525035817,0.39814271917281374,0.01611814285715957,0.10980624574538295,0.8843829288386301,-38.51603933477658
154,155.0,0.6294142213019341,2.5679920514900387,0.2504995528980623,0.39814252544001993,0.016118142859858423,0.10980624575457602,0.8843829288381225,-38.51603933360448
155,156.0,0.3633110917890231,0.28058942387166913,0.25049999299821735,0.39814286097352464,0.016118142857143046,0.10980624574532664,0.8843829288387364,-38.51603933478375
156,157.0,0.5047072959178188,9.143305534117191,0.2505000372605654,0.398142756476103,0.016118142857151952,0.109806245745357,0.8843829288386797,-38.51603933477988
157,158.0,0.11786410404773529,7.9303883959320105,0.2505000801836611,0.3981426514144352,0.016118142857179385,0.10980624574545043,0.8843829288385002,-38.516039334767974
158,159.0,0.5206064438874449,3.6304089026698714,0.25050000089583485,0.3981428427746527,0.016118142857143306,0.10980624574532753,0.8843829288387351,-38.51603933478364
159,160.0,0.5944787957574748,7.225809638380619,0.2505000196643636,0.3981427984402874,0.016118142857146214,0.10980624574533744,0.884382928838717,-38.51603933478238
160,161.0,0.357306261829737,9.636851187206034,0.2505000532096066,0.3981427174524036,0.016118142857159987,0.10980624574538436,0.8843829288386275,-38.516039334776394
161,162.0,0.7873417778655745,9.726915262208507,0.25050002068298355,0.39814279624295384,0.016118142857146422,0.10980624574533816,0.8843829288387156,-38.516039334782285
162,163.0,0.7330300065281297,5.163549706636138,0.25050000079966056,0.39814284289752266,0.016118142857143296,0.1098062457453275,0.8843829288387353,-38.51603933478364
163,164.0,0.008303289448350348,3.0903381246237505,0.25050009774271725,0.39814260701168,0.016118142857196753,0.1098062457455096,0.8843829288383873,-38.51603933476043
164,165.0,0.40247182448395125,8.135563353802159,0.25050004151928323,0.3981427459288221,0.016118142857153867,0.10980624574536352,0.8843829288386674,-38.51603933477905
165,166.0,0.939563891102328,8.630282293506216,0.25050000967885583,0.39814282232304865,0.01611814285714422,0.10980624574533064,0.8843829288387296,-38.516039334783244
166,167.0,0.9462108017830781,7.623179505574509,0.2505000051905868,0.3981428329195498,0.01611814285714366,0.10980624574532875,0.884382928838733,-38.516039334783486
167,168.0,0.2349181134088575,6.6089897755044165,0.25050005521981705,0.39814271289109837,0.01611814285716107,0.10980624574538805,0.8843829288386201,-38.516039334775925
168,169.0,0.8879407142104163,6.1836504100278145,0.25050000053677307,0.39814284343604195,0.01611814285714329,0.10980624574532748,0.8843829288387353,-38.51603933478364
169,170.0,0.547684359171408,2.768657777769108,0.2504999949841842,0.39814285649207826,0.01611814285714307,0.10980624574532674,0.8843829288387364,-38.51603933478374
170,171.0,0.5139350801509428,4.09407733169358,0.2505000048415897,0.3981428336484882,0.016118142857143636,0.10980624574532866,0.8843829288387333,-38.5160393347835
171,172.0,0.6966204731479926,4.326551258750177,0.25049999856287297,0.39814284861316845,0.016118142857143154,0.10980624574532703,0.8843829288387359,-38.516039334783706
172,173.0,0.6534116305607633,9.397279789376668,0.2505000275307724,0.3981427800800904,0.016118142857148344,0.1098062457453447,0.8843829288387032,-38.51603933478145
173,174.0,0.18950138180849574,5.890883625730722,0.250500058875117,0.3981427038005714,0.016118142857163363,0.10980624574539587,0.8843829288386053,-38.51603933477493
174,175.0,0.12832079428997656,3.349689048398802,0.2505000522908771,0.3981427197826613,0.016118142857159415,0.1098062457453824,0.8843829288386311,-38.51603933477664
175,176.0,0.3910102311674918,8.177039786701217,0.25050004306678836,0.3981427423851798,0.016118142857154544,0.10980624574536582,0.8843829288386629,-38.51603933477876
176,177.0,0.17776901418559177,0.3695329729928404,0.250499991840267,0.39814286356493345,0.01611814285714308,0.10980624574532677,0.884382928838736,-38.51603933478374
177,178.0,0.5823581959880049,8.263508433333854,0.2505000269126718,0.3981427816364769,0.016118142857148122,0.10980624574534394,0.8843829288387046,-38.51603933478155
178,179.0,0.3869318534488403,7.822605193631086,0.25050004238222856,0.39814274435006614,0.016118142857154134,0.10980624574536442,0.8843829288386653,-38.51603933477894
179,180.0,0.8644987695075809,2.885674387956297,0.25049989788678373,0.39814278889108123,0.016118142857276415,0.10980624574578095,0.8843829288387104,-38.51603933472583
180,181.0,0.7416359727282538,5.611981720205659,0.25050000319751686,0.3981428377839694,0.016118142857143452,0.10980624574532805,0.8843829288387343,-38.51603933478358
181,182.0,0.38446263221712207,5.6849557196859175,0.2505000283434351,0.39814277787040836,0.016118142857148642,0.10980624574534571,0.8843829288387013,-38.51603933478132
182,183.0,0.5828137389918786,9.213930478194689,0.2505000318763423,0.3981427696633127,0.016118142857149815,0.10980624574534972,0.8843829288386935,-38.516039334780814
183,184.0,0.8719088219544658,8.811484210685018,0.2505000131539083,0.3981428143160702,0.01611814285714476,0.10980624574533249,0.8843829288387262,-38.516039334783
184,185.0,0.5123722555672955,6.610120242105129,0.25050002282784756,0.39814279093174887,0.016118142857147025,0.1098062457453402,0.8843829288387118,-38.51603933478202
185,186.0,0.3795618382674908,6.013437622935911,0.25050003126521725,0.3981427707761319,0.016118142857149666,0.10980624574534921,0.8843829288386947,-38.51603933478088
186,187.0,0.9277511933526623,9.214714283074608,0.25050001193725574,0.3981428167464445,0.0161181428571446,0.10980624574533195,0.8843829288387273,-38.51603933478308
187,188.0,0.23460625319274042,7.141585940425237,0.25050005829582134,0.3981427054082399,0.016118142857162933,0.1098062457453944,0.8843829288386079,-38.516039334775115
188,189.0,0.6895309415184484,9.584625401241107,0.25050002592361237,0.3981427835230403,0.016118142857147896,0.10980624574534317,0.8843829288387062,-38.516039334781645
189,190.0,0.46797554616902914,1.6507817066485417,0.25049982602493326,0.3981427337519244,0.0161181428575435,0.10980624574669072,0.8843829288386513,-38.516039334609836
190,191.0,0.8457460362069876,5.377314724125907,0.25049999890802394,0.39814284758571633,0.01611814285714318,0.10980624574532712,0.8843829288387358,-38.5160393347837
191,192.0,0.4879751835633076,2.4170232895864827,0.2504999945314723,0.39814285769480895,0.016118142857143067,0.10980624574532673,0.8843829288387363,-38.51603933478374
192,193.0,0.10316388115050656,2.2215548317242972,0.2505000446399193,0.39814273880184675,0.016118142857155255,0.10980624574536825,0.8843829288386581,-38.51603933477845
193,194.0,0.41299728424930326,6.331162374060609,0.25050003020795,0.39814277375282286,0.016118142857149194,0.1098062457453476,0.8843829288386975,-38.516039334781084
194,195.0,0.14173805168794507,6.294348099741894,0.25050006975272,0.3981426768024469,0.016118142857171072,0.10980624574542212,0.884382928838555,-38.516039334771584
195,196.0,0.773794826106885,2.0777864432904867,0.2505000418898223,0.39814290507865613,0.016118142857175027,0.10980624574543559,0.8843829288387234,-38.516039334769864
196,197.0,0.3762919875751368,8.187804820106887,0.25050004472977155,0.3981427383088629,0.016118142857155366,0.10980624574536862,0.8843829288386574,-38.516039334778405
197,198.0,0.8971530061944679,9.495515484416126,0.25050001416077966,0.3981428116506146,0.016118142857144996,0.10980624574533329,0.8843829288387247,-38.5160393347829
198,199.0,0.6578998248981192,0.3682393028378959,0.2504999928778012,0.398142861260885,0.016118142857143056,0.1098062457453267,0.8843829288387363,-38.51603933478374
199,200.0,0.5719812640381505,2.0619804718073897,0.2504997930221661,0.39814270849899924,0.016118142857713964,0.10980624574727137,0.884382928838613,-38.516039334535805
200,201.0,0.18497738858624502,1.2813897357189499,0.25050000076734075,0.39814284340737816,0.01611814285714328,0.10980624574532744,0.8843829288387353,-38.51603933478365
201,202.0,0.3398497943064367,0.7330988531494756,0.2504999914538077,0.39814286384642583,0.016118142857143095,0.10980624574532682,0.884382928838736,-38.516039334783734
202,203.0,0.3413153184124219,2.1226030496249426,0.25049999792170835,0.3981428493766833,0.016118142857143154,0.10980624574532703,0.884382928838736,-38.516039334783706
203,204.0,0.5544100666672013,5.52685454108183,0.2505000123626026,0.3981428159633415,0.01611814285714466,0.10980624574533215,0.8843829288387268,-38.516039334783045
204,205.0,0.3486370846705017,5.5941048783103895,0.250500031764172,0.39814276939719556,0.01611814285714989,0.10980624574534997,0.8843829288386933,-38.51603933478078
205,206.0,0.15922155343816746,3.8771109344343944,0.25050004954811705,0.39814272669687595,0.016118142857157826,0.10980624574537699,0.8843829288386413,-38.51603933477733
206,207.0,0.8376600241560671,3.659147622339068,0.2504999930314147,0.3981428605849162,0.016118142857143074,0.10980624574532676,0.8843829288387363,-38.51603933478374
207,208.0,0.542595944745793,1.4126892229206616,0.25050004827327427,0.39814291062934143,0.01611814285718448,0.10980624574546781,0.8843829288387204,-38.51603933476576
208,209.0,0.04441498816442013,2.7011578685216366,0.25050007729725127,0.3981426580958996,0.016118142857177126,0.10980624574544275,0.8843829288385154,-38.516039334768955
209,210.0,0.9036231091287582,9.680420053542889,0.25050001494071145,0.39814280995681306,0.016118142857145128,0.10980624574533375,0.8843829288387239,-38.516039334782846
210,211.0,0.1571063461265293,5.033586231100296,0.25050005913008666,0.39814270281116587,0.016118142857163672,0.10980624574539692,0.8843829288386035,-38.51603933477479
211,212.0,0.9296287719786774,2.3200393971682662,0.2505000533496159,0.3981429148771842,0.01611814285719278,0.10980624574549606,0.8843829288387177,-38.516039334762155
212,213.0,0.2578436440604426,1.6846625186006237,0.2504999991099496,0.3981428471395779,0.016118142857143185,0.10980624574532712,0.8843829288387358,-38.5160393347837
213,214.0,0.7449989999376193,0.5466000604908228,0.2504999907946038,0.39814286546102545,0.0161181428571431,0.10980624574532685,0.8843829288387359,-38.51603933478373
214,215.0,0.08978309264813356,2.1737464416529835,0.2505000491509529,0.39814272724945104,0.016118142857157732,0.10980624574537667,0.8843829288386422,-38.516039334777375
215,216.0,0.6523888309660908,5.529925902141935,0.2505000068095014,0.3981428293653856,0.016118142857143823,0.1098062457453293,0.8843829288387319,-38.516039334783414
216,217.0,0.33691269569297033,4.694989497500707,0.2505000263811954,0.39814278274275816,0.016118142857147997,0.10980624574534352,0.8843829288387054,-38.5160393347816
217,218.0,0.06269702215001949,2.807928530897154,0.25050006968201255,0.39814267670597636,0.01611814285717114,0.10980624574542236,0.8843829288385546,-38.516039334771556
218,219.0,0.14750056969828818,4.267720765437208,0.25050005607734854,0.3981427104041284,0.016118142857161708,0.10980624574539022,0.8843829288386162,-38.51603933477565
219,220.0,0.4522687413957137,6.625516835936406,0.2505000282359791,0.39814277802692216,0.016118142857148635,0.1098062457453457,0.8843829288387014,-38.516039334781325
220,221.0,0.11888316588813508,3.9551251914785888,0.2505000607483471,0.3981426991200284,0.016118142857164623,0.10980624574540014,0.884382928838597,-38.51603933477438
221,222.0,0.2471061388521083,9.291354399945858,0.25050006544660386,0.3981426878963805,0.016118142857167717,0.10980624574541069,0.8843829288385765,-38.51603933477304
222,223.0,0.5652502410061959,5.914429783751106,0.25050001396110017,0.3981428121757647,0.01611814285714494,0.10980624574533311,0.884382928838725,-38.51603933478293
223,224.0,0.05266595183670586,1.71498601648152,0.2505000601053928,0.39814270062068463,0.016118142857164237,0.10980624574539885,0.8843829288385996,-38.51603933477455
224,225.0,0.8691936736751039,2.450229345241075,0.2505000257013183,0.3981428913098525,0.016118142857156594,0.1098062457453728,0.8843829288387297,-38.51603933477787
225,226.0,0.9244885618193132,0.03338518635615915,0.25049999655232863,0.39814285497940827,0.016118142857143004,0.10980624574532652,0.8843829288387364,-38.51603933478377
226,227.0,0.39105838226331124,3.825008302972578,0.2505000118677085,0.3981428175002382,0.016118142857144524,0.1098062457453317,0.8843829288387276,-38.51603933478311
227,228.0,0.7088396459098958,3.4117985674529483,0.25049999469047285,0.398142857313452,0.01611814285714306,0.10980624574532671,0.8843829288387363,-38.51603933478374
228,229.0,0.5274261891615138,5.234937624579251,0.2505000125299661,0.39814281566470505,0.016118142857144673,0.10980624574533218,0.8843829288387267,-38.516039334783045
229,230.0,0.3599241542137509,0.6268561086868158,0.25049999054835015,0.39814286558646494,0.01611814285714312,0.1098062457453269,0.8843829288387359,-38.51603933478372
230,231.0,0.5042482047630228,2.4715249248673885,0.2504999944381239,0.3981428575234325,0.016118142857143074,0.10980624574532676,0.8843829288387363,-38.51603933478374
231,232.0,0.25631864712435803,4.310662118168408,0.25050003402038934,0.398142764253195,0.016118142857150655,0.10980624574535258,0.8843829288386882,-38.51603933478045
232,233.0,0.07107286744946373,1.1234549109313208,0.2505000316772486,0.3981427698742654,0.016118142857149794,0.10980624574534964,0.8843829288386938,-38.51603933478082
233,234.0,0.969304956132027,8.572004576472835,0.2505000078773575,0.3981428266642867,0.01611814285714397,0.1098062457453298,0.8843829288387312,-38.51603933478335
234,235.0,0.1752015875110856,9.245799236106755,0.2505000746403428,0.39814266518715763,0.0161181428571747,0.10980624574543447,0.8843829288385309,-38.51603933477001
235,236.0,0.09591990612498946,3.4164333794762025,0.2505000637104593,0.39814269214981945,0.01611814285716651,0.10980624574540658,0.8843829288385845,-38.51603933477356
236,237.0,0.4961772974772334,0.9411867311404982,0.25050002498577206,0.39814289603551817,0.016118142857157864,0.10980624574537715,0.8843829288387279,-38.51603933477732
237,238.0,0.6318206599217261,4.7834966915285815,0.25050000304500664,0.3981428379523022,0.016118142857143452,0.10980624574532805,0.8843829288387343,-38.51603933478358
238,239.0,0.6780097652361052,5.046086561894518,0.2505000021887798,0.39814283965309377,0.016118142857143407,0.10980624574532788,0.8843829288387346,-38.5160393347836
239,240.0,0.3725475608930424,8.492867786325963,0.25050004685011773,0.39814273280797036,0.01611814285715653,0.10980624574537258,0.8843829288386501,-38.51603933477789
240,241.0,0.49971633973999985,6.51574101538054,0.2505000223816518,0.39814279178630896,0.016118142857146946,0.10980624574533994,0.8843829288387124,-38.51603933478206
241,242.0,0.3819149515420007,4.031620294047655,0.2505000145355338,0.3981428108099316,0.016118142857145055,0.10980624574533349,0.8843829288387244,-38.51603933478288
242,243.0,0.6103951218569414,7.700957362445831,0.250500021090866,0.3981427948792337,0.016118142857146592,0.10980624574533873,0.8843829288387147,-38.516039334782214
243,244.0,0.08479033488464238,9.75139411574336,0.2505000892713065,0.39814262883068785,0.016118142857187736,0.10980624574547888,0.8843829288384456,-38.51603933476434
244,245.0,0.9021333360049703,5.8687214257250915,0.2504999992363261,0.3981428465899111,0.016118142857143195,0.10980624574532717,0.8843829288387358,-38.51603933478369
245,246.0,0.24140977557139942,7.794519131675627,0.2505000597243823,0.39814270151561043,0.016118142857163988,0.10980624574539799,0.8843829288386013,-38.51603933477465
246,247.0,0.5694711571909908,8.795188856447874,0.2505000309498304,0.39814277196787523,0.01611814285714945,0.10980624574534846,0.884382928838696,-38.51603933478097
247,248.0,0.05878365168710342,1.2109811055501456,0.25050004290332295,0.39814274280284545,0.016118142857154464,0.10980624574536554,0.8843829288386633,-38.516039334778796
248,249.0,0.9953014461371249,2.505694310900523,0.25050005245606005,0.3981429145515719,0.01611814285719153,0.10980624574549182,0.8843829288387179,-38.516039334762695
249,250.0,0.35374135103910265,2.916481422185238,0.2505000053404098,0.39814283247774784,0.016118142857143688,0.10980624574532884,0.8843829288387329,-38.51603933478347
250,251.0,0.7669434261376603,8.694429203874204,0.2505000173837976,0.3981428040520381,0.016118142857145645,0.10980624574533551,0.8843829288387206,-38.516039334782626
251,252.0,0.7408616260027177,2.152210563894837,0.2505000118104798,0.39814288015234084,0.01611814285714709,0.10980624574534043,0.8843829288387333,-38.516039334782
252,253.0,0.2399627821771334,4.36879542719494,0.25050003797539083,0.3981427551060738,0.016118142857152167,0.10980624574535772,0.8843829288386782,-38.51603933477979
253,254.0,0.5326176241595613,2.5193096387924387,0.25049999397608436,0.3981428586520069,0.01611814285714306,0.10980624574532671,0.8843829288387364,-38.51603933478374
254,255.0,0.5058802782215988,9.14356536163019,0.25050003735205395,0.3981427562307848,0.016118142857151976,0.10980624574535706,0.8843829288386796,-38.51603933477987
255,256.0,0.06493792334652715,0.5390434616855497,0.25049999214994334,0.3981428621111606,0.016118142857143084,0.10980624574532678,0.8843829288387363,-38.51603933478374
256,257.0,0.0022524514234825155,8.338628649232358,0.25050010312102083,0.39814259445743827,0.01611814285720212,0.10980624574552787,0.8843829288383513,-38.5160393347581
257,258.0,0.5908098626345837,6.007863159008158,0.2505000130646939,0.398142814316493,0.016118142857144774,0.10980624574533256,0.8843829288387262,-38.516039334783
258,259.0,0.9060126517637731,8.213105244523307,0.2505000085752597,0.39814282489975666,0.016118142857144083,0.10980624574533018,0.8843829288387305,-38.5160393347833
259,260.0,0.9921854927601561,5.7975786263000675,0.2504999964542074,0.398142853053951,0.016118142857143095,0.10980624574532682,0.8843829288387363,-38.516039334783734
260,261.0,0.8931764195789028,6.249564764972139,0.25050000137302586,0.3981428418819745,0.016118142857143324,0.1098062457453276,0.884382928838735,-38.516039334783635
261,262.0,0.3396338017748004,2.6624162308102552,0.2505000042970594,0.3981428347799291,0.01611814285714359,0.10980624574532852,0.8843829288387335,-38.516039334783514
262,263.0,0.30717845261878174,8.606875648824746,0.2505000552151051,0.3981427131853407,0.016118142857160938,0.10980624574538761,0.8843829288386208,-38.51603933477598
263,264.0,0.3703984812338379,1.3236497401269138,0.2504998072676327,0.3981427180831405,0.016118142857639385,0.10980624574701733,0.8843829288386285,-38.51603933456819
264,265.0,0.7219226694131637,6.575450705972169,0.2505000092751275,0.3981428232745835,0.01611814285714416,0.10980624574533045,0.88438292883873,-38.516039334783265
265,266.0,0.4983068602126115,0.6654027566636275,0.25049999216012114,0.3981428633130327,0.016118142857143043,0.10980624574532664,0.8843829288387363,-38.516039334783756
266,267.0,0.10451780144065703,2.347276091149188,0.25050004597170156,0.39814273489170443,0.016118142857156098,0.10980624574537112,0.884382928838653,-38.51603933477808
267,268.0,0.557341206464779,4.890212030416792,0.2505000076396722,0.3981428269855363,0.016118142857143955,0.10980624574532975,0.8843829288387313,-38.51603933478336
268,269.0,0.055376997076378554,9.737816800536496,0.2505000936232895,0.39814261768006837,0.016118142857192236,0.1098062457454942,0.8843829288384164,-38.51603933476239
269,270.0,0.25102578383596463,7.510365719232929,0.25050005702521105,0.3981427082359363,0.016118142857162236,0.10980624574539202,0.8843829288386127,-38.51603933477542
270,271.0,0.7202770128031392,0.9768770031564649,0.2504999930818685,0.39814286517497016,0.01611814285714297,0.1098062457453264,0.884382928838736,-38.51603933478379
271,272.0,0.4863604327753964,9.112913075410194,0.25050003894387374,0.39814275250394465,0.01611814285715262,0.10980624574535927,0.8843829288386753,-38.51603933477959
272,273.0,0.8080383828099779,4.350013998082935,0.25049999562807035,0.39814285519308384,0.01611814285714307,0.10980624574532674,0.8843829288387364,-38.51603933478374
273,274.0,0.9333943061167143,6.04920572324212,0.2504999988449764,0.39814284757205476,0.01611814285714319,0.10980624574532716,0.8843829288387358,-38.51603933478369
274,275.0,0.5680365831910776,2.5287340977651875,0.25049999335448264,0.39814286008726696,0.016118142857143077,0.10980624574532677,0.8843829288387361,-38.51603933478374
275,276.0,0.8820893794462558,0.8567237031683351,0.25049958117845983,0.39814259140286395,0.016118142859328336,0.1098062457527704,0.8843829288383424,-38.5160393338347
276,277.0,0.7536663247572328,9.797441854831362,0.2505000228961002,0.3981427908268112,0.01611814285714703,0.10980624574534022,0.8843829288387117,-38.51603933478202
277,278.0,0.7485204026806915,9.907717646297417,0.2505000239095642,0.3981427884747083,0.016118142857147286,0.10980624574534109,0.8843829288387101,-38.51603933478191
278,279.0,0.039919277443210666,8.553080213153715,0.25050009487426667,0.39814261439545895,0.016118142857193613,0.10980624574549891,0.8843829288384076,-38.51603933476179
279,280.0,0.5505943867061854,0.8655046745812978,0.2505000007599355,0.3981428739490591,0.01611814285714367,0.1098062457453288,0.8843829288387348,-38.516039334783486
280,281.0,0.20906505740296766,8.585602305586749,0.25050006770641403,0.39814268193395896,0.016118142857169518,0.10980624574541682,0.8843829288385651,-38.51603933477226
281,282.0,0.6843781177703865,7.90403809801204,0.2505000182569512,0.39814280216815284,0.016118142857145804,0.10980624574533604,0.8843829288387196,-38.516039334782555
282,283.0,0.5306579654552804,5.441130235691563,0.2505000128569486,0.3981428145868323,0.016118142857144777,0.10980624574533256,0.8843829288387262,-38.516039334783
283,284.0,0.5187726519067791,2.8842844217318495,0.25049999609825013,0.3981428538867201,0.016118142857143098,0.10980624574532684,0.8843829288387363,-38.51603933478373
284,285.0,0.3140744567765573,4.20617638390556,0.2505000240415752,0.3981427878350785,0.016118142857147383,0.10980624574534142,0.8843829288387096,-38.516039334781865
285,286.0,0.9251563021960547,5.633808455304034,0.2504999975388852,0.3981428505893076,0.01611814285714313,0.10980624574532695,0.884382928838736,-38.51603933478371
286,287.0,0.3520899294913201,8.673497591635105,0.2505000493977247,0.3981427265988547,0.016118142857157885,0.1098062457453772,0.8843829288386412,-38.51603933477731
287,288.0,0.5274650495920217,5.9725513661104115,0.2505000172198585,0.39814280453101575,0.0161181428571456,0.10980624574533536,0.8843829288387208,-38.51603933478265
288,289.0,0.6559348398749523,7.199107363491281,0.25050001612535944,0.3981428074220788,0.016118142857145315,0.10980624574533437,0.8843829288387226,-38.51603933478277
289,290.0,0.5261982080146023,3.5727087919543488,0.2505000005067883,0.3981428437884862,0.016118142857143275,0.10980624574532744,0.8843829288387353,-38.51603933478365
290,291.0,0.14675394221150218,4.600010433322668,0.25050005936208225,0.3981427028240249,0.01611814285716361,0.1098062457453967,0.8843829288386035,-38.516039334774824
291,292.0,0.8762691221262408,4.962863287194938,0.2504999965912048,0.39814285299965085,0.016118142857143077,0.10980624574532677,0.8843829288387364,-38.51603933478374
292,293.0,0.9209353533558071,3.5685184023712506,0.2504996641602756,0.39814260972385507,0.016118142858668767,0.10980624575052371,0.8843829288383949,-38.51603933412114
293,294.0,0.9017140040740881,6.238076898317616,0.25050000094468156,0.39814284299281233,0.01611814285714329,0.10980624574532748,0.8843829288387351,-38.51603933478364
294,295.0,0.5326315104481769,2.4725025291945566,0.2504999934660003,0.39814285999314,0.016118142857143056,0.1098062457453267,0.8843829288387363,-38.51603933478374
295,296.0,0.48140716248764437,5.005217094563115,0.2505000138529063,0.3981428123872893,0.016118142857144947,0.10980624574533314,0.884382928838725,-38.516039334782924
296,297.0,0.0014714636769888045,9.35398968867197,0.2505001026550017,0.3981425950889332,0.01611814285720191,0.10980624574552716,0.8843829288383532,-38.51603933475819
297,298.0,0.005737584295004261,3.1673262281250425,0.2505000993869691,0.398142603175386,0.016118142857198384,0.10980624574551516,0.8843829288383763,-38.516039334759725
298,299.0,0.2653313108853924,3.7137518749253373,0.25050002572082203,0.39814278396725233,0.01611814285714787,0.10980624574534308,0.8843829288387064,-38.51603933478165
299,300.0,0.8957146872573636,8.020275256458895,0.2505000085851569,0.3981428251682496,0.016118142857144056,0.10980624574533009,0.8843829288387306,-38.516039334783315
300,301.0,0.09601882892214153,9.25121096907205,0.2505000867828654,0.39814263499877767,0.016118142857185377,0.10980624574547083,0.884382928838461,-38.51603933476537
301,302.0,0.39199466682548534,3.985066291688753,0.25050001281979056,0.3981428146767673,0.01611814285714477,0.10980624574533251,0.8843829288387263,-38.516039334783
302,303.0,0.7738124390995688,5.4681142146296615,0.2505000017744991,0.3981428411261535,0.01611814285714334,0.10980624574532766,0.8843829288387348,-38.51603933478363
303,304.0,0.7115709894847442,9.61417938353192,0.2505000244405655,0.3981427872255657,0.01611814285714744,0.10980624574534162,0.8843829288387091,-38.516039334781844
304,305.0,0.16396722479947412,5.896938610659085,0.2505000630583392,0.39814269323951645,0.016118142857166253,0.1098062457454057,0.8843829288385865,-38.51603933477367
305,306.0,0.17365529770488997,1.630585370047991,0.25050000972236786,0.3981428222658326,0.016118142857144236,0.10980624574533071,0.8843829288387295,-38.51603933478324
306,307.0,0.07593950722961174,9.840370387636417,0.2505000900456362,0.3981426265431799,0.0161181428571887,0.10980624574548216,0.8843829288384396,-38.516039334763924
307,308.0,0.03216530954304264,8.440326499405257,0.2505000964426535,0.3981426107986317,0.016118142857195084,0.10980624574550392,0.8843829288383976,-38.51603933476115
308,309.0,0.259620506713934,7.978332727915166,0.2505000579363363,0.39814270573304894,0.016118142857162895,0.10980624574539427,0.8843829288386085,-38.51603933477514
309,310.0,0.8315628147469708,3.9553026738312416,0.25049999378226523,0.39814285927213633,0.016118142857143046,0.10980624574532664,0.8843829288387364,-38.51603933478375
310,311.0,0.2037813362982397,6.901243039284546,0.2505000617623272,0.39814269642286965,0.016118142857165375,0.10980624574540272,0.8843829288385923,-38.51603933477405
311,312.0,0.17557065645415848,0.9536874533852442,0.2504999958316491,0.3981428543565489,0.01611814285714308,0.10980624574532677,0.8843829288387364,-38.51603933478374
312,313.0,0.753519611228957,4.831726648227854,0.25049999893667674,0.3981428474321819,0.01611814285714319,0.10980624574532716,0.8843829288387358,-38.51603933478369
313,314.0,0.7283048026455861,1.8735510350765876,0.25050005024494043,0.3981429117404775,0.01611814285718728,0.10980624574547733,0.8843829288387197,-38.51603933476454
314,315.0,0.47840108546304805,1.9396310703508155,0.2504995672056532,0.3981425365815331,0.01611814285968496,0.10980624575398516,0.884382928838163,-38.516039333679814
315,316.0,0.869852567012683,5.07268370287742,0.25049999695009756,0.39814285197743793,0.016118142857143112,0.10980624574532688,0.8843829288387361,-38.51603933478373
316,317.0,0.6093485632842077,6.983388891376612,0.2505000174282829,0.3981428037856959,0.016118142857145693,0.10980624574533566,0.8843829288387204,-38.516039334782604
317,318.0,0.9456660144027706,8.066097490924767,0.2505000071831676,0.39814282860420114,0.016118142857143858,0.10980624574532942,0.8843829288387317,-38.5160393347834
318,319.0,0.3535323879391312,4.231936455014212,0.25050001976133496,0.3981427984453659,0.016118142857146186,0.10980624574533734,0.8843829288387172,-38.51603933478239
319,320.0,0.4575006159038786,9.507136626025991,0.25050004351042565,0.39814274131222793,0.016118142857154745,0.1098062457453665,0.8843829288386615,-38.51603933477867
320,321.0,0.664523719206501,6.039455823968973,0.2505000091719968,0.3981428235661719,0.01611814285714415,0.1098062457453304,0.88438292883873,-38.51603933478327
321,322.0,0.014276593360411982,6.265821402054824,0.2505000992488679,0.3981426037107433,0.016118142857198113,0.10980624574551423,0.884382928838378,-38.51603933475984
322,323.0,0.897812185661573,7.3355536550989715,0.25050000547320483,0.39814283228335196,0.01611814285714368,0.10980624574532882,0.8843829288387329,-38.51603933478348
323,324.0,0.7579354217745529,1.234521371648206,0.25050000473645506,0.3981428760210228,0.016118142857144545,0.10980624574533177,0.8843829288387344,-38.5160393347831
324,325.0,0.013521786885982934,7.269155178539897,0.25050009988933986,0.3981426021499805,0.016118142857198772,0.10980624574551648,0.8843829288383735,-38.516039334759554
325,326.0,0.07046481429752449,9.682282154651354,0.2505000910586633,0.3981426242062977,0.016118142857189606,0.10980624574548525,0.8843829288384335,-38.51603933476353
326,327.0,0.8369710685798852,7.709868607469122,0.2505000089917597,0.3981428237100335,0.016118142857144153,0.10980624574533042,0.8843829288387302,-38.51603933478327
327,328.0,0.40935736626356767,9.620322408050088,0.25050004777447576,0.39814273064302874,0.016118142857156986,0.10980624574537413,0.8843829288386471,-38.5160393347777
328,329.0,0.43717072075286767,8.315893717518955,0.25050003907890495,0.39814275174661334,0.016118142857152806,0.1098062457453599,0.8843829288386743,-38.51603933477952
329,330.0,0.4455485977223299,5.408763860645759,0.25050001973412994,0.39814279850801904,0.01611814285714618,0.10980624574533732,0.8843829288387172,-38.51603933478239
330,331.0,0.6302536088237958,0.07283737855188417,0.25049999203822154,0.39814286246260433,0.016118142857143074,0.10980624574532676,0.8843829288387363,-38.51603933478374
331,332.0,0.2312848805028166,8.894074524006237,0.25050006585624185,0.39814268677292214,0.016118142857168068,0.1098062457454119,0.8843829288385743,-38.516039334772884
332,333.0,0.41907050095860165,4.463257643990291,0.2505000147540254,0.39814281034891424,0.016118142857145103,0.10980624574533367,0.884382928838724,-38.51603933478286
333,334.0,0.7548836295767549,1.698126190281229,0.2505000508750774,0.3981429141291837,0.016118142857189478,0.10980624574548481,0.8843829288387183,-38.51603933476359
334,335.0,0.4053231746321039,4.449278271507018,0.25050001601253363,0.39814280726042817,0.01611814285714535,0.1098062457453345,0.8843829288387225,-38.51603933478275
335,336.0,0.40665320511165925,8.692508438422385,0.25050004441735185,0.3981427389837308,0.01611814285715523,0.10980624574536815,0.8843829288386584,-38.51603933477846
336,337.0,0.6983929039941529,9.050574194500973,0.25050002294779516,0.3981427908211626,0.016118142857147025,0.1098062457453402,0.8843829288387117,-38.51603933478202
337,338.0,0.6516971126051042,1.5138162797834946,0.2505000526174092,0.3981429170824109,0.01611814285719341,0.1098062457454982,0.8843829288387163,-38.51603933476188
338,339.0,0.8642662506078086,4.673242849487331,0.25049999580599114,0.39814285462923177,0.016118142857143074,0.10980624574532676,0.8843829288387364,-38.51603933478374
339,340.0,0.016647916082125902,1.0294412290813262,0.2505000782307347,0.3981426558555309,0.0161181428571779,0.10980624574544538,0.8843829288385102,-38.516039334768614
340,341.0,0.4212300786632607,9.461613303572506,0.2505000464566325,0.3981427341665337,0.01611814285715622,0.10980624574537154,0.8843829288386519,-38.51603933477803
341,342.0,0.5987800191167291,2.723124244702291,0.2504999934038877,0.39814286006703703,0.016118142857143056,0.1098062457453267,0.8843829288387363,-38.51603933478374
342,343.0,0.5065276112452025,3.9542634626865953,0.2505000036264571,0.3981428362270664,0.01611814285714354,0.10980624574532835,0.8843829288387338,-38.51603933478354
343,344.0,0.6363998496499592,2.693128294601878,0.2504999927196654,0.39814286136640104,0.016118142857143074,0.10980624574532676,0.8843829288387361,-38.51603933478374
344,345.0,0.8447875660624263,4.942567438381173,0.2504999968735342,0.39814285214474254,0.016118142857143112,0.10980624574532688,0.8843829288387361,-38.51603933478373
345,346.0,0.11016025707122412,0.2702270543625213,0.25049999302318166,0.3981428618945703,0.016118142857143036,0.10980624574532662,0.8843829288387361,-38.516039334783756
346,347.0,0.266007421889644,7.994412081023973,0.25050005765415273,0.3981427067035761,0.01611814285716264,0.1098062457453934,0.88438292883861,-38.51603933477524
347,348.0,0.9566909911568727,2.242943217252166,0.25050005330671465,0.39814291725907397,0.016118142857194314,0.1098062457455013,0.8843829288387163,-38.51603933476149
348,349.0,0.4662943464675122,8.235649951790268,0.25050003649981667,0.39814275852328507,0.016118142857151588,0.10980624574535575,0.8843829288386821,-38.51603933478005
349,350.0,0.014094727779128902,8.798726600807807,0.2505001006343233,0.39814260041535815,0.016118142857199515,0.10980624574551902,0.8843829288383687,-38.51603933475923
350,351.0,0.08301101547918022,9.32844665359578,0.2505000882071593,0.3981426310603872,0.016118142857186924,0.10980624574547611,0.8843829288384513,-38.5160393347647
351,352.0,0.9955677043350359,3.880497386825267,0.25049965148482195,0.3981426022404051,0.016118142858779216,0.10980624575089992,0.8843829288383738,-38.51603933407318
352,353.0,0.07737192425001582,6.102019786089508,0.2505000831309528,0.39814264363818314,0.016118142857182244,0.10980624574546016,0.8843829288384819,-38.51603933476673
353,354.0,0.3448653571355681,1.5624240695347342,0.2504999935167238,0.39814285983035597,0.01611814285714306,0.10980624574532671,0.8843829288387363,-38.51603933478374
354,355.0,0.21563572128242892,3.6973550080598683,0.2505000347819125,0.3981427620619792,0.016118142857151043,0.10980624574535389,0.8843829288386859,-38.51603933478028
355,356.0,0.6761174451237725,5.019715510445272,0.2505000020303863,0.3981428400001343,0.016118142857143393,0.10980624574532784,0.8843829288387347,-38.5160393347836
356,357.0,0.1802887423727766,7.811843954232319,0.25050006900148003,0.39814267887223864,0.01611814285717043,0.10980624574541993,0.884382928838559,-38.51603933477186
357,358.0,0.6577807699928093,1.0252623408122241,0.2505000007708667,0.3981428719502327,0.01611814285714351,0.10980624574532825,0.884382928838735,-38.51603933478355
358,359.0,0.7977369740603578,5.415891127308887,0.25050000005707196,0.39814284466394356,0.016118142857143254,0.10980624574532737,0.8843829288387355,-38.51603933478366
359,360.0,0.5839574524347126,6.9209304546532495,0.250500019408359,0.3981427994590132,0.016118142857146085,0.10980624574533701,0.8843829288387177,-38.516039334782434
360,361.0,0.44035332938987304,2.0007056726341297,0.2504999933459793,0.3981428602307253,0.016118142857143053,0.10980624574532667,0.8843829288387363,-38.51603933478375
361,362.0,0.09088003179426885,2.435705072445026,0.25050005296751693,0.3981427181227605,0.016118142857159824,0.10980624574538381,0.8843829288386285,-38.516039334776465
362,363.0,0.5732105732188348,3.8071400791557353,0.25050000014749596,0.3981428448762423,0.016118142857143233,0.1098062457453273,0.8843829288387355,-38.51603933478367
363,364.0,0.6423614928733191,9.029279266834934,0.25050002647407255,0.39814278263587316,0.01611814285714799,0.10980624574534349,0.8843829288387054,-38.51603933478161
364,365.0,0.8722256407770322,1.392817795730565,0.2505000031681313,0.3981428735569017,0.016118142857143972,0.10980624574532982,0.8843829288387349,-38.51603933478334
365,366.0,0.7630561710349391,6.3996226442292,0.2505000064553971,0.39814283023161073,0.016118142857143775,0.10980624574532914,0.8843829288387323,-38.516039334783436
366,367.0,0.5656257659817686,6.882354664133994,0.25050002040612995,0.3981427971649413,0.01611814285714632,0.1098062457453378,0.8843829288387162,-38.51603933478233
367,368.0,0.7012365793018925,3.586838511370465,0.25049999503042697,0.39814285673052074,0.01611814285714306,0.10980624574532671,0.8843829288387363,-38.51603933478374
368,369.0,0.39193468514169105,6.504701186016253,0.25050003352155903,0.3981427653293383,0.0161181428571505,0.10980624574535204,0.8843829288386893,-38.516039334780515
369,370.0,0.543657459310992,9.002409953674388,0.25050003317951247,0.39814276618586253,0.01611814285715036,0.10980624574535157,0.8843829288386902,-38.51603933478057
370,371.0,0.8493101365334933,6.412250344320678,0.25050000242021897,0.39814283916197346,0.016118142857143424,0.10980624574532795,0.8843829288387345,-38.51603933478359
371,372.0,0.9035360496216616,7.523057569905644,0.2505000061108983,0.3981428304865901,0.016118142857143775,0.10980624574532914,0.8843829288387325,-38.516039334783436
372,373.0,0.9008921234904337,5.879490688275874,0.25049999906524906,0.39814284695068064,0.01611814285714322,0.10980624574532726,0.8843829288387356,-38.51603933478368
373,374.0,0.7176180020410112,3.5031512367817093,0.25049999423709823,0.39814285807394256,0.016118142857143063,0.10980624574532671,0.8843829288387364,-38.51603933478374
374,375.0,0.1273037073305543,6.648646151018181,0.25050007413592956,0.3981426661387877,0.016118142857174445,0.1098062457454336,0.8843829288385328,-38.51603933477011
375,376.0,0.6568059108173749,6.153139144062754,0.2505000099760235,0.3981428216598646,0.01611814285714428,0.10980624574533085,0.8843829288387292,-38.516039334783216
376,377.0,0.6072044072477548,1.9339414462602247,0.2504999463627104,0.3981428272415411,0.016118142857176502,0.10980624574544062,0.8843829288387313,-38.51603933476922
377,378.0,0.9874600577244914,4.242046881160823,0.2504999932374379,0.39814286012773886,0.01611814285714307,0.10980624574532674,0.8843829288387363,-38.51603933478374
378,379.0,0.3222943472747335,7.225971031789879,0.2505000463962073,0.39814273432790537,0.016118142857156167,0.10980624574537136,0.8843829288386522,-38.51603933477806
379,380.0,0.5297358740058884,3.4036096672742735,0.25049999919627675,0.3981428471510687,0.01611814285714318,0.10980624574532712,0.8843829288387357,-38.5160393347837
380,381.0,0.37029375594032976,9.817535501991742,0.25050005300413547,0.39814271811486324,0.01611814285715981,0.10980624574538377,0.8843829288386285,-38.51603933477647
381,382.0,0.21191285640130708,0.38536229800310157,0.25049999104304566,0.3981428648913349,0.016118142857143084,0.10980624574532678,0.884382928838736,-38.51603933478374
382,383.0,0.11242974546453266,7.539132351396756,0.2505000795727112,0.3981426523754728,0.016118142857179128,0.10980624574544956,0.8843829288385023,-38.51603933476808
383,384.0,0.09676646244560572,2.435388747297405,0.2505000509056837,0.39814272343178586,0.016118142857158558,0.10980624574537949,0.8843829288386366,-38.51603933477702
384,385.0,0.8225243195706876,6.593273156243604,0.2505000042099699,0.3981428350266028,0.01611814285714357,0.10980624574532843,0.8843829288387337,-38.51603933478353
385,386.0,0.7150434537166034,0.6306554254043858,0.2504998375703228,0.3981427352396979,0.01611814285750372,0.10980624574655522,0.8843829288386534,-38.516039334627116
386,387.0,0.2537622389734825,3.2467897647080233,0.2505000222119964,0.3981427925478342,0.016118142857146828,0.10980624574533954,0.8843829288387131,-38.51603933478211
387,388.0,0.0952139876957917,9.695743489541996,0.25050008796621126,0.3981426322626532,0.016118142857186404,0.10980624574547435,0.8843829288384542,-38.51603933476492
388,389.0,0.942896771569526,9.645744931154544,0.2505000129333247,0.3981428143618583,0.016118142857144795,0.1098062457453326,0.884382928838726,-38.516039334782995
389,390.0,0.3188731395959198,8.275622872458868,0.25050005243265044,0.39814271999012973,0.016118142857159325,0.10980624574538211,0.8843829288386313,-38.51603933477668
390,391.0,0.2540784127971224,5.019831950013209,0.25050004141328,0.39814274650833953,0.01611814285715374,0.10980624574536309,0.8843829288386681,-38.51603933477911
391,392.0,0.11783198090890268,2.5923773274627036,0.2505000455179222,0.39814273658574817,0.0161181428571557,0.10980624574536976,0.8843829288386552,-38.516039334778256
392,393.0,0.9674628285841083,7.371419798663979,0.2505000036989666,0.3981428365523415,0.016118142857143504,0.10980624574532821,0.8843829288387339,-38.51603933478355
393,394.0,0.9240742004491717,0.6426672121730569,0.250499991568449,0.39814286216274186,0.016118142857143136,0.10980624574532696,0.8843829288387361,-38.51603933478371
394,395.0,0.38973643624833243,8.284185991629167,0.2505000439781738,0.39814274008416267,0.01611814285715501,0.1098062457453674,0.8843829288386599,-38.51603933477856
395,396.0,0.7628751627630067,6.563567103108721,0.25050000709706893,0.39814282819738234,0.016118142857143903,0.10980624574532959,0.8843829288387316,-38.51603933478338
396,397.0,0.09455617769390157,7.315448547280044,0.25050008313603017,0.39814264436189517,0.016118142857181855,0.10980624574545884,0.8843829288384838,-38.516039334766894
397,398.0,0.204105509446859,9.402233275401153,0.2505000707684943,0.398142674412183,0.016118142857171815,0.10980624574542465,0.8843829288385501,-38.516039334771264
398,399.0,0.16964190510592736,9.562524428423526,0.250500076710235,0.3981426601809584,0.01611814285717636,0.10980624574544012,0.8843829288385199,-38.51603933476928
399,400.0,0.26949280216038174,5.429310887371467,0.25050004200690723,0.3981427450766125,0.016118142857154016,0.10980624574536402,0.8843829288386662,-38.51603933477899
400,401.0,0.9021372405950698,1.6166850119514675,0.25050001721942405,0.3981428863569571,0.016118142857150616,0.10980624574535244,0.8843829288387316,-38.51603933478046
401,402.0,0.028500479898662667,7.189493324040297,0.25050009609173074,0.39814261132195233,0.016118142857194886,0.10980624574550324,0.8843829288383993,-38.51603933476124
402,403.0,0.4890841204947288,0.25988581889992907,0.25049999152415914,0.39814286397108156,0.016118142857143088,0.10980624574532678,0.884382928838736,-38.516039334783734
403,404.0,0.78043892906647,0.6506007842973598,0.2504999220106803,0.3981428000840372,0.016118142857224814,0.10980624574560519,0.8843829288387182,-38.51603933474824
404,405.0,0.45962251149841715,0.9515030276579762,0.2505000398332403,0.3981429059385125,0.01611814285717361,0.10980624574543076,0.8843829288387229,-38.516039334770475
405,406.0,0.5213735242367731,4.959715266870979,0.25050001050299836,0.3981428203849799,0.016118142857144357,0.10980624574533113,0.8843829288387288,-38.51603933478319
406,407.0,0.8034324272311189,2.810946593732845,0.25049983811363163,0.39814274216198847,0.01611814285749002,0.10980624574650855,0.8843829288386627,-38.516039334633064
407,408.0,0.5443116535819277,5.638010553946359,0.2505000139537273,0.39814281232038856,0.01611814285714492,0.10980624574533304,0.8843829288387252,-38.51603933478294
408,409.0,0.720907117401604,5.2160642252832865,0.2505000020542567,0.3981428403428497,0.01611814285714337,0.10980624574532775,0.8843829288387347,-38.51603933478361
409,410.0,0.9137619641371733,1.623554465336624,0.25050001521350723,0.3981428867024218,0.016118142857149832,0.10980624574534978,0.8843829288387315,-38.51603933478081
410,411.0,0.6357672656285586,6.092215876979972,0.25050001109721226,0.39814281894277975,0.016118142857144448,0.10980624574533142,0.8843829288387282,-38.516039334783144
411,412.0,0.6781841658024534,2.0418963368476857,0.2504999907796534,0.39814286244681935,0.016118142857143185,0.10980624574532712,0.8843829288387363,-38.5160393347837
412,413.0,0.6810077469611924,5.423456331220416,0.2505000050592323,0.39814283350183133,0.016118142857143625,0.10980624574532863,0.8843829288387333,-38.5160393347835
413,414.0,0.3803828426322303,8.6475429603288,0.2505000472159729,0.39814273231301917,0.016118142857156605,0.10980624574537283,0.8843829288386493,-38.516039334777865
414,415.0,0.5149631449220136,4.1407749452262586,0.25050000487489604,0.3981428333953174,0.01611814285714365,0.10980624574532871,0.8843829288387332,-38.51603933478349
415,416.0,0.5849258473236456,2.214357557059306,0.25049970976761726,0.3981426429112474,0.01611814285828377,0.1098062457492123,0.8843829288384802,-38.516039334288344
416,417.0,0.4945109869718284,6.935498421611638,0.2505000263257636,0.39814278264174935,0.01611814285714802,0.1098062457453436,0.8843829288387054,-38.516039334781595
417,418.0,0.7182914657465789,0.4936239750583126,0.2504999925105183,0.3981428626958019,0.016118142857143043,0.10980624574532664,0.8843829288387361,-38.516039334783756
418,419.0,0.28284717943141635,4.792661488453123,0.250500034836448,0.39814276270920584,0.01611814285715088,0.10980624574535333,0.8843829288386865,-38.51603933478035
419,420.0,0.08935835909131173,9.599861102298329,0.25050008856127143,0.39814263083665113,0.016118142857186924,0.10980624574547611,0.8843829288384507,-38.5160393347647
420,421.0,0.898958082409345,7.855769576410204,0.25050000749072426,0.3981428273852621,0.016118142857143938,0.1098062457453297,0.8843829288387314,-38.516039334783365
421,422.0,0.9158075158507151,0.9082354662326346,0.2504995135275618,0.3981425615152804,0.016118142860027076,0.10980624575515052,0.8843829288382488,-38.51603933353124
422,423.0,0.05804632008882371,3.16434919280305,0.2505000751425071,0.39814266346910687,0.016118142857175343,0.10980624574543667,0.884382928838527,-38.51603933476972
423,424.0,0.31061899271566396,6.071692311242118,0.25050004027916,0.39814274894721,0.01611814285715331,0.10980624574536162,0.884382928838671,-38.51603933477929
424,425.0,0.8433260087049138,9.260963782636713,0.2505000162152277,0.3981428073101806,0.016118142857145336,0.10980624574533446,0.8843829288387224,-38.516039334782754
425,426.0,0.2609862747708048,6.566074153174436,0.2505000506741446,0.3981427235998529,0.016118142857158558,0.10980624574537949,0.8843829288386368,-38.51603933477702
426,427.0,0.9592181590257641,9.748095802301515,0.2505000124039511,0.3981428157184891,0.016118142857144677,0.10980624574533222,0.8843829288387268,-38.516039334783045
427,428.0,0.4594155544349243,3.4024179671793537,0.25050000266565353,0.39814283880561496,0.01611814285714342,0.10980624574532794,0.8843829288387345,-38.51603933478359
428,429.0,0.9093559789617107,7.567710903137539,0.25050000569488984,0.39814283161368375,0.016118142857143726,0.10980624574532896,0.8843829288387327,-38.51603933478346
429,430.0,0.5744824010109487,1.8088871582728026,0.25049995690924176,0.3981428349116923,0.016118142857163828,0.10980624574539745,0.8843829288387335,-38.51603933477473
430,431.0,0.8473240166869316,7.7395455079194235,0.25050000921268784,0.3981428232674538,0.016118142857144167,0.10980624574533047,0.88438292883873,-38.516039334783265
431,432.0,0.95005269974651,3.878853780210489,0.25049955159530785,0.39814252324078137,0.01611814285988022,0.10980624575465028,0.8843829288381143,-38.51603933359501
432,433.0,0.2892744027246199,9.184162578404825,0.2505000592309652,0.3981427027802875,0.01611814285716366,0.10980624574539688,0.8843829288386034,-38.516039334774796
433,434.0,0.7858532505930362,0.0024134799859652197,0.2504999789559882,0.39814288043804913,0.016118142857143906,0.10980624574532959,0.8843829288387334,-38.51603933478338
434,435.0,0.9284179637575711,1.9875853376094013,0.25050004442509105,0.39814291062969637,0.016118142857180537,0.10980624574545436,0.8843829288387204,-38.51603933476747
435,436.0,0.7816205495692294,2.74735982470384,0.25049983151841687,0.39814273679453593,0.01611814285752012,0.10980624574661109,0.8843829288386554,-38.51603933461999
436,437.0,0.15853487083780127,9.990622506686616,0.25050007886304326,0.3981426544979648,0.016118142857178327,0.10980624574544683,0.8843829288385073,-38.51603933476843
437,438.0,0.7168094015796489,5.091689235157963,0.2505000014530535,0.39814284186607085,0.016118142857143313,0.10980624574532756,0.884382928838735,-38.51603933478364
438,439.0,0.2044027140851692,1.2531337448659576,0.250499997703427,0.3981428500084168,0.016118142857143147,0.10980624574532699,0.884382928838736,-38.516039334783706
439,440.0,0.3910352830779876,3.025367993591414,0.2505000038316915,0.3981428358428116,0.016118142857143535,0.10980624574532832,0.8843829288387339,-38.51603933478354
440,441.0,0.9275550236083215,3.635113932158804,0.25049964100891614,0.3981425921465078,0.016118142858888417,0.1098062457512719,0.8843829288383446,-38.51603933402575
441,442.0,0.1589506181601531,2.4577378100296343,0.2505000300920098,0.398142773455181,0.016118142857149277,0.10980624574534788,0.8843829288386973,-38.51603933478105
442,443.0,0.8061055446297115,7.179309524811586,0.2505000084473394,0.3981428253306837,0.016118142857144052,0.10980624574533009,0.8843829288387306,-38.516039334783315
443,444.0,0.36522832130240523,0.1368241957398689,0.250499992529914,0.39814286207919025,0.016118142857143067,0.10980624574532673,0.8843829288387361,-38.51603933478374
444,445.0,0.630077257869083,2.8210220296341473,0.2504999940530306,0.39814285868286087,0.016118142857143053,0.10980624574532667,0.8843829288387364,-38.51603933478375
445,446.0,0.9342585859848842,8.665651615958312,0.25050001017195145,0.3981428214984398,0.016118142857144274,0.10980624574533084,0.8843829288387292,-38.516039334783216
446,447.0,0.28921612876406,3.726101846577491,0.2505000225773318,0.39814279171454586,0.016118142857146918,0.10980624574533984,0.8843829288387124,-38.51603933478207
447,448.0,0.8572849585029941,4.341149025207103,0.2504999949605184,0.39814285638287683,0.01611814285714309,0.10980624574532681,0.8843829288387361,-38.516039334783734
448,449.0,0.16223881410952,0.49152708855809507,0.25049999168713144,0.3981428637026256,0.016118142857143063,0.10980624574532671,0.8843829288387361,-38.51603933478374
449,450.0,0.7870422441624423,6.777813597458988,0.25050000754059315,0.39814282770805404,0.016118142857143906,0.10980624574532959,0.8843829288387315,-38.51603933478338
450,451.0,0.06942175415634155,4.901863665345489,0.2505000811119973,0.3981426486644337,0.016118142857180422,0.10980624574545396,0.8843829288384938,-38.51603933476752
451,452.0,0.19479900727100308,4.880822295385641,0.2505000501579017,0.3981427246971489,0.01611814285715832,0.10980624574537869,0.8843829288386384,-38.51603933477712
452,453.0,0.8879001427894747,9.152743074745585,0.2505000131922292,0.39814281374459815,0.016118142857144843,0.10980624574533278,0.8843829288387258,-38.516039334782974
453,454.0,0.8736043227935281,3.783552013623512,0.25049999337381984,0.3981428603448119,0.01611814285714306,0.10980624574532671,0.8843829288387363,-38.51603933478374
454,455.0,0.44835478859883815,6.658849056934307,0.25050002875116995,0.3981427768929065,0.016118142857148788,0.10980624574534621,0.8843829288387004,-38.516039334781254
455,456.0,0.36958083970627886,1.2904154567469568,0.25049984097653294,0.3981427441198548,0.016118142857477993,0.10980624574646758,0.8843829288386651,-38.516039334638286
456,457.0,0.6121733278140976,5.741165245139745,0.2505000100364342,0.39814282126205147,0.016118142857144312,0.10980624574533097,0.8843829288387292,-38.5160393347832
457,458.0,0.37948004515646916,7.749726351072586,0.2505000423831578,0.39814274391515875,0.016118142857154252,0.10980624574536484,0.8843829288386649,-38.51603933477888
458,459.0,0.6015878966129022,0.10977965372077514,0.2504999923796041,0.3981428634159297,0.016118142857143032,0.10980624574532662,0.8843829288387361,-38.516039334783756
459,460.0,0.012622376129254986,3.6270934481513057,0.25050009722672145,0.39814260913300364,0.016118142857195712,0.10980624574550606,0.8843829288383933,-38.516039334760876
460,461.0,0.1384275826511261,1.140245643844769,0.25050000582333504,0.39814283122430344,0.01611814285714374,0.10980624574532902,0.8843829288387326,-38.51603933478345
461,462.0,0.9358794238828116,0.3720292736460798,0.25049999468124046,0.39814285910252983,0.016118142857142997,0.10980624574532649,0.8843829288387364,-38.51603933478378
462,463.0,0.70526861012514,0.40648505100430343,0.2504999914271609,0.39814286444942565,0.016118142857143063,0.10980624574532671,0.8843829288387361,-38.51603933478374
463,464.0,0.8170195257072184,8.543625464160035,0.2505000137151126,0.39814281265840523,0.01611814285714492,0.10980624574533304,0.8843829288387253,-38.51603933478294
464,465.0,0.14011668760095253,0.7978045759956658,0.2504999909783214,0.3981428654953331,0.01611814285714308,0.10980624574532677,0.884382928838736,-38.51603933478374
465,466.0,0.35667677882670423,0.18479530936136693,0.2504999920641179,0.39814286374759544,0.016118142857143046,0.10980624574532664,0.8843829288387361,-38.51603933478375
466,467.0,0.9595436488755795,2.7524123590552536,0.25050001857937404,0.3981428844030324,0.016118142857150693,0.1098062457453527,0.8843829288387323,-38.51603933478043
467,468.0,0.8468865747074624,6.075868859694683,0.2505000017675471,0.39814284109347686,0.01611814285714333,0.10980624574532763,0.8843829288387349,-38.51603933478363
468,469.0,0.5365275784583604,8.302299272361987,0.25050003093633194,0.3981427720203496,0.01611814285714945,0.10980624574534846,0.884382928838696,-38.51603933478097
469,470.0,0.16727841106496621,1.0425540599895116,0.2504999978318189,0.39814284967992236,0.016118142857143157,0.10980624574532703,0.884382928838736,-38.5160393347837
470,471.0,0.14208648712139504,9.397923945577329,0.25050007936674024,0.39814265309853636,0.01611814285717884,0.10980624574544857,0.884382928838504,-38.51603933476821
471,472.0,0.8581015824516365,6.549287785146368,0.2505000034142259,0.39814283678300666,0.016118142857143518,0.10980624574532827,0.8843829288387339,-38.51603933478354
472,473.0,0.15861789033202556,3.604510693737219,0.2505000468882228,0.3981427330497008,0.016118142857156466,0.10980624574537236,0.8843829288386503,-38.51603933477793
473,474.0,0.8778043639254648,6.190829413471637,0.2505000017490822,0.398142841279334,0.016118142857143327,0.10980624574532762,0.8843829288387349,-38.516039334783635
474,475.0,0.28958335139293356,1.2388298893951908,0.2504999925958649,0.3981428616808883,0.016118142857143074,0.10980624574532676,0.8843829288387361,-38.51603933478374
475,476.0,0.5079357631359749,1.077217660833774,0.25050004308074725,0.3981429096134417,0.016118142857178646,0.10980624574544791,0.8843829288387209,-38.51603933476829
476,477.0,0.40925993315713083,4.5071112447034745,0.25050001609284206,0.39814280717750733,0.016118142857145357,0.10980624574533454,0.8843829288387225,-38.51603933478275
477,478.0,0.9024614242357089,4.512758016292039,0.2504999948178962,0.39814285716607994,0.01611814285714306,0.10980624574532671,0.8843829288387363,-38.51603933478374
478,479.0,0.5626678470692613,7.954091435390377,0.2505000261307734,0.39814278287655724,0.016118142857148007,0.10980624574534356,0.8843829288387055,-38.5160393347816
479,480.0,0.2929326666571519,2.548168795540127,0.2505000071656808,0.39814282797015343,0.016118142857143903,0.10980624574532959,0.8843829288387317,-38.51603933478338
480,481.0,0.8291717942865107,6.905912947989993,0.25050000602538425,0.3981428308479025,0.016118142857143757,0.10980624574532907,0.8843829288387325,-38.51603933478344
481,482.0,0.19877786538191156,7.3946903016101535,0.2505000650350205,0.39814268902064975,0.016118142857167388,0.10980624574540958,0.8843829288385786,-38.51603933477318
482,483.0,0.5243875562846207,5.635344762864371,0.2505000151099823,0.39814280951828346,0.016118142857145162,0.10980624574533387,0.8843829288387237,-38.51603933478283
483,484.0,0.047177838852400344,0.6567919824138043,0.2504999927078284,0.39814286254129927,0.016118142857143043,0.10980624574532664,0.8843829288387361,-38.516039334783756
484,485.0,0.7939719078306824,0.9886452166677655,0.25049993602656284,0.39814284195364025,0.0161181428571789,0.10980624574544878,0.884382928838735,-38.51603933476818
485,486.0,0.9908101488901773,5.991891664314925,0.25049999811813445,0.39814284945280726,0.01611814285714313,0.10980624574532695,0.8843829288387361,-38.51603933478371
486,487.0,0.18064090204464767,0.7093955210348953,0.25049999199280804,0.39814286335938703,0.01611814285714306,0.10980624574532671,0.8843829288387361,-38.51603933478374
487,488.0,0.16556757959202506,3.9558202064610115,0.250500048869542,0.3981427283911475,0.01611814285715744,0.10980624574537569,0.8843829288386439,-38.5160393347775
488,489.0,0.10380014780050417,0.8388089986082928,0.2504999897461978,0.39814286780629565,0.016118142857143126,0.10980624574532694,0.8843829288387357,-38.51603933478372
489,490.0,0.18837302425313385,9.20648935833918,0.2505000729754588,0.3981426694286651,0.01611814285717333,0.10980624574542981,0.8843829288385398,-38.5160393347706
490,491.0,0.9993192955357189,0.7946533237797458,0.25049996036328376,0.3981428362840135,0.016118142857160758,0.10980624574538699,0.8843829288387339,-38.51603933477606
491,492.0,0.3045825806557455,9.318153716551482,0.2505000580339066,0.3981427058419116,0.01611814285716284,0.10980624574539406,0.8843829288386086,-38.51603933477516
492,493.0,0.3838055202763183,5.762036611982104,0.25050002914310304,0.39814277605676335,0.016118142857148878,0.10980624574534653,0.8843829288386997,-38.51603933478122
493,494.0,0.14162613765672183,7.905442641956711,0.2505000757095656,0.3981426622863493,0.016118142857175707,0.1098062457454379,0.8843829288385244,-38.51603933476957
494,495.0,0.2226716099827749,3.4369009618091897,0.2505000306050025,0.39814277231669615,0.016118142857149447,0.10980624574534846,0.8843829288386962,-38.51603933478097
495,496.0,0.26054102670533064,8.782618956230555,0.25050006118719365,0.39814269806586317,0.0161181428571649,0.1098062457454011,0.8843829288385952,-38.51603933477426
496,497.0,0.41474979673850854,8.445753225184495,0.250500042663156,0.39814274337471695,0.016118142857154356,0.10980624574536518,0.884382928838664,-38.51603933477884
497,498.0,0.9463336340179671,5.477250046129488,0.2504999965936937,0.3981428525829563,0.016118142857143126,0.10980624574532694,0.8843829288387361,-38.51603933478372
498,499.0,0.8263893718857704,8.190940186443378,0.2505000118638638,0.39814281692660797,0.0161181428571446,0.10980624574533195,0.8843829288387273,-38.51603933478308
499,500.0,0.02240817662882677,3.765713489417146,0.25050009334888884,0.3981426186997005,0.016118142857191778,0.10980624574549265,0.8843829288384191,-38.51603933476259
500,501.0,0.2511826825262523,6.961550448735156,0.25050005428470923,0.39814271492622705,0.01611814285716058,0.10980624574538637,0.8843829288386235,-38.51603933477614
501,502.0,0.5388036122461807,4.965629253196153,0.2505000092640562,0.398142823304365,0.016118142857144174,0.1098062457453305,0.8843829288387299,-38.51603933478326
502,503.0,0.7736779055297459,7.2172298970045325,0.25050001016342377,0.3981428214344319,0.016118142857144278,0.10980624574533085,0.8843829288387292,-38.516039334783216
503,504.0,0.41452182613242883,1.305954239419406,0.2504999564091977,0.39814283463626254,0.016118142857164314,0.1098062457453991,0.8843829288387335,-38.51603933477452
504,505.0,0.37823758250107353,4.9604483476817505,0.25050002363483254,0.39814278911814144,0.016118142857147223,0.10980624574534087,0.8843829288387105,-38.51603933478194
505,506.0,0.19012970030400111,0.682115826910054,0.2504999928194146,0.3981428617727355,0.01611814285714304,0.10980624574532663,0.8843829288387363,-38.516039334783756
506,507.0,0.9670485256036057,9.537510267128408,0.2505000116689387,0.39814281742855784,0.01611814285714457,0.10980624574533183,0.8843829288387275,-38.516039334783095
507,508.0,0.955224702969563,7.3685512583939765,0.2505000035010409,0.39814283691008645,0.0161181428571435,0.1098062457453282,0.8843829288387339,-38.51603933478355
508,509.0,0.10750601544320937,3.014958237876773,0.2505000546456152,0.398142713899064,0.01611814285716083,0.10980624574538723,0.8843829288386219,-38.51603933477603
509,510.0,0.9691411622955257,8.116501891960976,0.2505000064523186,0.3981428300753876,0.01611814285714379,0.10980624574532918,0.8843829288387323,-38.51603933478343
510,511.0,0.6671672550839258,8.760870199579498,0.2505000233099499,0.3981427900130325,0.016118142857147116,0.10980624574534052,0.8843829288387112,-38.516039334781986
511,512.0,0.598129272879555,1.4709340217254028,0.2505000542752635,0.3981429154203421,0.016118142857194224,0.10980624574550099,0.8843829288387173,-38.51603933476152
512,513.0,0.9098355587804131,0.305612865711505,0.2504999940870866,0.39814285911306757,0.016118142857143056,0.1098062457453267,0.8843829288387361,-38.51603933478374
513,514.0,0.18347402448509154,5.857775190020758,0.2505000592978936,0.39814270229616855,0.016118142857163807,0.10980624574539737,0.8843829288386027,-38.51603933477474
514,515.0,0.358173468323699,4.266521609386448,0.2505000193296273,0.3981427993749725,0.01611814285714611,0.1098062457453371,0.8843829288387176,-38.51603933478242
515,516.0,0.8139615145862832,6.480626026508432,0.25050000478415585,0.3981428336606758,0.016118142857143625,0.10980624574532863,0.8843829288387334,-38.5160393347835
516,517.0,0.15665909140326562,8.909793903020667,0.250500076933087,0.3981426595843667,0.016118142857176564,0.10980624574544083,0.8843829288385185,-38.5160393347692
517,518.0,0.6541861933797742,5.757391087766421,0.25050000819766116,0.39814282628392406,0.01611814285714398,0.10980624574532984,0.8843829288387309,-38.51603933478334
518,519.0,0.39015040365312825,7.978548820882409,0.250500042745858,0.3981427430265953,0.016118142857154426,0.10980624574536542,0.8843829288386637,-38.51603933477881
519,520.0,0.22274058251012108,4.831241325882648,0.2505000450290233,0.39814273777063647,0.016118142857155463,0.10980624574536896,0.8843829288386568,-38.51603933477836
520,521.0,0.5542915293210836,7.074494314152862,0.25050002236765406,0.39814279228529964,0.016118142857146835,0.10980624574533955,0.884382928838713,-38.51603933478211
521,522.0,0.1210852338217625,9.803983735511991,0.25050008386879746,0.39814264228623125,0.016118142857182674,0.10980624574546165,0.8843829288384787,-38.51603933476654
522,523.0,0.12910751495479977,1.6595429887564606,0.25050002245005065,0.39814279181558004,0.01611814285714691,0.10980624574533983,0.8843829288387126,-38.51603933478207
523,524.0,0.7013116436737122,5.771782516639272,0.25050000519619503,0.3981428326917858,0.01611814285714368,0.10980624574532882,0.884382928838733,-38.51603933478348
524,525.0,0.7883055363377941,0.11562642850490566,0.2504999935753959,0.3981428587788206,0.0161181428571431,0.10980624574532685,0.8843829288387363,-38.51603933478373
525,526.0,0.5512401099830747,5.35062942952581,0.25050001122530896,0.3981428186059359,0.016118142857144482,0.10980624574533156,0.884382928838728,-38.51603933478313
526,527.0,0.06977287075438843,7.674891333005809,0.25050008826275794,0.3981426311799313,0.016118142857186848,0.10980624574547586,0.8843829288384515,-38.516039334764734
527,528.0,0.34492416431779704,0.9219954266837999,0.25050004278549015,0.3981429063267607,0.016118142857176523,0.10980624574544068,0.8843829288387228,-38.51603933476922
528,529.0,0.8849155252602275,9.141892742532104,0.2505000136801373,0.3981428128635943,0.016118142857144902,0.10980624574533299,0.8843829288387253,-38.516039334782946
529,530.0,0.14343481313408746,7.242705225297605,0.25050007333445906,0.3981426679352045,0.01611814285717388,0.10980624574543169,0.8843829288385365,-38.51603933477036
530,531.0,0.4646609565132156,8.147618098377617,0.25050003578496377,0.3981427600320461,0.016118142857151345,0.10980624574535493,0.8843829288386836,-38.51603933478015
531,532.0,0.6238778191226105,9.098994049885466,0.25050002805451077,0.39814277882555776,0.016118142857148497,0.10980624574534523,0.8843829288387022,-38.51603933478138
532,533.0,0.8649381052961023,5.266665673871502,0.25049999741709994,0.3981428510491728,0.016118142857143122,0.10980624574532692,0.8843829288387361,-38.51603933478372
533,534.0,0.2931977441822148,7.706098006488167,0.25050005240130097,0.39814271965837966,0.01611814285715943,0.10980624574538246,0.8843829288386309,-38.516039334776636
534,535.0,0.9634112198338883,7.353083579104618,0.2505000033956817,0.39814283706343323,0.016118142857143487,0.10980624574532816,0.8843829288387342,-38.51603933478356
535,536.0,0.15155361510832788,6.864685069874354,0.25050007025329535,0.3981426756155964,0.016118142857171436,0.10980624574542336,0.8843829288385525,-38.51603933477142
536,537.0,0.3105917275372395,0.6102133871947227,0.2504999908229571,0.3981428659180541,0.016118142857143084,0.10980624574532678,0.8843829288387359,-38.51603933478374
537,538.0,0.2800906830313252,7.9461689620494,0.25050005545474274,0.39814271193085526,0.01611814285716133,0.10980624574538894,0.8843829288386187,-38.51603933477581
538,539.0,0.24172802801103555,7.587072031677726,0.25050005898312544,0.39814270350575415,0.016118142857163453,0.10980624574539617,0.8843829288386047,-38.51603933477489
539,540.0,0.3044864425107292,4.921526852561272,0.25050003200105136,0.3981427687592698,0.016118142857149974,0.10980624574535025,0.8843829288386928,-38.51603933478074
540,541.0,0.6129396747308542,8.386410840468983,0.25050002481167855,0.39814278617623067,0.01611814285714758,0.10980624574534209,0.8843829288387083,-38.51603933478178
541,542.0,0.9186197700121264,1.1975800744361953,0.2504999925613105,0.3981428637894335,0.016118142857143025,0.10980624574532659,0.884382928838736,-38.51603933478376
542,543.0,0.9173721198086308,7.561183850342896,0.2505000058089647,0.39814283174165455,0.016118142857143705,0.1098062457453289,0.8843829288387327,-38.516039334783464
543,544.0,0.97485637473924,7.054968893431745,0.2505000017719266,0.39814284084793544,0.016118142857143358,0.10980624574532771,0.8843829288387348,-38.51603933478361
544,545.0,0.17127744812389145,1.44659198955617,0.2505000065993678,0.3981428296183722,0.01611814285714382,0.10980624574532928,0.884382928838732,-38.516039334783414
545,546.0,0.38835919975556343,2.585061209423793,0.25049999966981384,0.39814284550266466,0.016118142857143244,0.10980624574532732,0.8843829288387355,-38.51603933478366
546,547.0,0.5488712510961689,9.12163436320527,0.2505000338798909,0.3981427649109459,0.01611814285715054,0.10980624574535218,0.8843829288386889,-38.5160393347805
547,548.0,0.3288162980362449,5.733501617014784,0.2505000352279636,0.39814276103727403,0.016118142857151196,0.10980624574535441,0.8843829288386849,-38.51603933478022
548,549.0,0.34186883148011704,3.6783095648910202,0.25050001552820483,0.39814280851263134,0.016118142857145242,0.10980624574533414,0.8843829288387232,-38.5160393347828
549,550.0,0.4428773973151897,7.518462301610922,0.25050003443820673,0.3981427631979278,0.01611814285715082,0.10980624574535315,0.8843829288386872,-38.51603933478037
550,551.0,0.12785852399988973,2.469786431171303,0.2505000402167175,0.3981427491828297,0.01611814285715326,0.10980624574536145,0.8843829288386713,-38.51603933477932
551,552.0,0.5931395122021529,7.618396614690942,0.25050002204907895,0.3981427929259469,0.01611814285714678,0.10980624574533937,0.8843829288387134,-38.51603933478213
552,553.0,0.25216546422156016,4.885793552945019,0.2505000402909154,0.39814274922306764,0.016118142857153225,0.10980624574536134,0.8843829288386714,-38.51603933477933
553,554.0,0.5547901034108536,5.827535523728182,0.2505000143691241,0.39814281145319874,0.016118142857144992,0.10980624574533328,0.8843829288387247,-38.5160393347829
554,555.0,0.6921913168843756,0.13697179507727347,0.25049999133004214,0.39814286559565715,0.016118142857143063,0.10980624574532671,0.8843829288387359,-38.51603933478374
555,556.0,8.621604203606914e-05,0.7551104878515423,0.25049999072198853,0.39814286603920745,0.01611814285714309,0.10980624574532681,0.8843829288387359,-38.516039334783734
556,557.0,0.9124679845931717,3.8520755807323126,0.25049999354752234,0.39814285987457415,0.016118142857143056,0.1098062457453267,0.8843829288387363,-38.51603933478374
557,558.0,0.004002622302108794,9.798409673705336,0.2505001025275519,0.3981425958757137,0.01611814285720148,0.10980624574552568,0.8843829288383556,-38.516039334758375
558,559.0,0.6657528497509724,3.0539507351970143,0.25049999342225787,0.39814285959512785,0.01611814285714307,0.10980624574532674,0.8843829288387363,-38.51603933478374
559,560.0,0.5554211902788442,2.3413960823809163,0.2504999927209363,0.39814286169697255,0.01611814285714305,0.10980624574532667,0.8843829288387363,-38.51603933478375
560,561.0,0.3643701233232739,3.170931730161839,0.2505000077258803,0.3981428271431398,0.016118142857143938,0.1098062457453297,0.8843829288387313,-38.516039334783365
561,562.0,0.018412322147041693,6.036914157450576,0.2505000973962384,0.39814260808765983,0.016118142857196267,0.10980624574550794,0.8843829288383903,-38.51603933476064
562,563.0,0.36425066497590375,6.17337755038782,0.2505000344911616,0.39814276327607695,0.016118142857150807,0.1098062457453531,0.8843829288386872,-38.51603933478038
563,564.0,0.14371097166057067,1.601957414099422,0.25050001691399537,0.398142805265733,0.016118142857145537,0.10980624574533514,0.8843829288387213,-38.51603933478267
564,565.0,0.0493275949506482,7.509413153563595,0.25050009273145707,0.398142620333534,0.016118142857191087,0.1098062457454903,0.8843829288384235,-38.51603933476289
565,566.0,0.6801331634482977,8.970041367655547,0.2505000234764437,0.3981427894048892,0.0161181428571472,0.1098062457453408,0.8843829288387107,-38.51603933478195
566,567.0,0.5704627884775862,6.26321999862503,0.2505000166237791,0.39814280620326714,0.01611814285714544,0.1098062457453348,0.8843829288387218,-38.51603933478271
567,568.0,0.6856275900701242,9.227856363479763,0.2505000243323945,0.39814278741657705,0.016118142857147424,0.10980624574534158,0.8843829288387092,-38.51603933478185
568,569.0,0.787845666327422,3.0061434877741533,0.25049969439314507,0.3981426324406026,0.01611814285840496,0.10980624574962511,0.8843829288384546,-38.516039334235714
569,570.0,0.4033545021168581,9.79575160809193,0.25050004913770874,0.3981427273212155,0.016118142857157722,0.10980624574537665,0.8843829288386422,-38.516039334777375
570,571.0,0.5116466402819444,4.962925679666315,0.25050001125840216,0.3981428186803163,0.01611814285714447,0.1098062457453315,0.884382928838728,-38.51603933478314
571,572.0,0.9344406308006535,9.93040866132123,0.25050001485103807,0.39814281013205033,0.016118142857145117,0.10980624574533371,0.8843829288387239,-38.516039334782846
572,573.0,0.11800582770908608,5.766415115446869,0.25050007276744074,0.3981426697238621,0.016118142857173275,0.10980624574542962,0.8843829288385402,-38.516039334770625
573,574.0,0.7183658266764734,0.3413193136571381,0.25049998958810804,0.3981428681090078,0.01611814285714312,0.1098062457453269,0.8843829288387357,-38.51603933478372
574,575.0,0.5244163301145904,8.19849737620146,0.25050003143889704,0.39814277073639975,0.01611814285714965,0.10980624574534914,0.8843829288386946,-38.516039334780885
575,576.0,0.26227589182225997,3.7316303536650843,0.25050002653478787,0.39814278209821047,0.016118142857148084,0.10980624574534381,0.884382928838705,-38.51603933478156
576,577.0,0.10722986010304836,6.347080662218887,0.250500077061669,0.39814265867642323,0.016118142857176946,0.10980624574544214,0.8843829288385165,-38.516039334769026
577,578.0,0.7794326621434601,7.363341121796696,0.2505000100479559,0.3981428214132939,0.0161181428571443,0.10980624574533092,0.8843829288387292,-38.51603933478321
578,579.0,0.6598154681324784,8.45313780439309,0.25050002248548564,0.39814279200449787,0.01611814285714689,0.10980624574533975,0.8843829288387126,-38.516039334782086
579,580.0,0.4836869350592974,7.022924830651229,0.2505000278124621,0.3981427793236124,0.01611814285714845,0.10980624574534506,0.8843829288387025,-38.51603933478141
580,581.0,0.43151108609932554,2.3894731748556786,0.25049999624446273,0.3981428538607363,0.01611814285714307,0.10980624574532674,0.8843829288387364,-38.51603933478374
581,582.0,0.9003175687190039,9.766442336380413,0.25050001569377744,0.39814280818221653,0.016118142857145277,0.10980624574533425,0.8843829288387229,-38.51603933478278
582,583.0,0.6726953134885774,4.5536346672494785,0.2504999996388625,0.3981428458496768,0.016118142857143226,0.10980624574532727,0.8843829288387356,-38.51603933478368
583,584.0,0.29923170775053576,2.732152604378842,0.2505000085222668,0.39814282509182325,0.016118142857144052,0.10980624574533009,0.8843829288387306,-38.516039334783315
584,585.0,0.9585160048489627,9.421122572750225,0.250500011520074,0.3981428181749944,0.016118142857144486,0.10980624574533157,0.8843829288387279,-38.51603933478313
585,586.0,0.9163224464046504,6.7183243733402485,0.25050000263029626,0.3981428391578597,0.01611814285714341,0.10980624574532788,0.8843829288387345,-38.5160393347836
586,587.0,0.6888812762497132,8.414126696425953,0.250500020481034,0.3981427969647244,0.016118142857146328,0.10980624574533784,0.8843829288387162,-38.51603933478233
587,588.0,0.5380120283445962,5.480476725236403,0.250500013095722,0.3981428142352992,0.016118142857144784,0.10980624574533258,0.884382928838726,-38.516039334783
588,589.0,0.7790828225050416,6.346523826544891,0.2505000049873267,0.39814283342556633,0.016118142857143646,0.1098062457453287,0.8843829288387332,-38.51603933478349
589,590.0,0.37305148234174823,7.546713400116822,0.2505000421099625,0.3981427444263305,0.016118142857154173,0.10980624574536456,0.8843829288386654,-38.516039334778924
590,591.0,0.02444778364620115,0.5169302882343796,0.250499992130261,0.39814286283725364,0.016118142857143067,0.10980624574532673,0.8843829288387361,-38.51603933478374
591,592.0,0.5500524537083877,9.96582499218997,0.2505000373063299,0.3981427561575753,0.01611814285715201,0.10980624574535719,0.8843829288386795,-38.51603933477986
592,593.0,0.18350694196218298,2.645019662897255,0.2505000269349229,0.398142781234913,0.016118142857148205,0.10980624574534423,0.8843829288387042,-38.51603933478151
593,594.0,0.6221227465009813,6.171417977037272,0.2505000123330423,0.3981428160962619,0.016118142857144645,0.10980624574533211,0.8843829288387269,-38.51603933478306
594,595.0,0.5768935893334155,2.1831913711374353,0.2504997103815575,0.3981426435176207,0.016118142858278454,0.1098062457491942,0.8843829288384818,-38.51603933429065
595,596.0,0.21279506116599778,9.306732410756894,0.2505000692525287,0.3981426781931072,0.016118142857170656,0.1098062457454207,0.8843829288385575,-38.51603933477176
596,597.0,0.5440114141977949,5.897217793131894,0.2505000151183832,0.39814280927568746,0.0161181428571452,0.109806245745334,0.8843829288387235,-38.51603933478282
597,598.0,0.3947255388803055,8.232109537876722,0.2505000429848699,0.3981427423902042,0.016118142857154547,0.10980624574536584,0.8843829288386629,-38.51603933477876
598,599.0,0.2747036089392618,7.73281198666018,0.25050005463098235,0.3981427139738614,0.01611814285716082,0.1098062457453872,0.884382928838622,-38.51603933477604
599,600.0,0.06294311421985133,5.25770109416955,0.2505000836747393,0.3981426423178094,0.016118142857182705,0.10980624574546174,0.8843829288384788,-38.51603933476653
600,601.0,0.2818145782239897,2.601205052945788,0.2505000096089397,0.39814282246543276,0.016118142857144212,0.10980624574533061,0.8843829288387297,-38.516039334783244
601,602.0,0.05263915934015184,2.843510008704242,0.25050007552679027,0.3981426630439544,0.016118142857175412,0.1098062457454369,0.8843829288385261,-38.516039334769694
602,603.0,0.8676638523117024,3.4742468301776293,0.25049959532350574,0.3981425572412494,0.01611814285936611,0.10980624575289907,0.8843829288382344,-38.516039333818284
603,604.0,0.32096755985217473,2.5386047615654093,0.25050000482279255,0.3981428339144173,0.01611814285714361,0.10980624574532859,0.8843829288387333,-38.51603933478351
604,605.0,0.3211618717448185,7.078595305915241,0.25050004568745826,0.39814273609467005,0.016118142857155803,0.10980624574537012,0.8843829288386547,-38.51603933477821
605,606.0,0.4751462714796221,0.08928614493332375,0.25049999215451335,0.3981428633695722,0.01611814285714305,0.10980624574532667,0.8843829288387361,-38.51603933478375
606,607.0,0.3934056677358626,9.28867365330355,0.2505000482178984,0.39814272969026326,0.016118142857157177,0.10980624574537479,0.8843829288386458,-38.516039334777616
607,608.0,0.9372032707468381,8.701364343459836,0.25050000963709573,0.39814282247466126,0.016118142857144226,0.10980624574533068,0.8843829288387296,-38.516039334783244
608,609.0,0.4001344854231891,7.703452940933885,0.2505000402292507,0.3981427492834162,0.016118142857153236,0.10980624574536137,0.8843829288386714,-38.51603933477932
609,610.0,0.055357663566900195,5.770093422035438,0.2505000874771743,0.3981426330955349,0.016118142857186147,0.10980624574547347,0.8843829288384562,-38.51603933476504
610,611.0,0.31706630900220645,1.9367473232249395,0.2504999979760928,0.39814284975808384,0.016118142857143126,0.10980624574532694,0.8843829288387361,-38.51603933478372
611,612.0,0.15947228326680185,2.6728217633357665,0.2505000341276555,0.39814276423498896,0.016118142857150634,0.1098062457453525,0.8843829288386883,-38.51603933478046
612,613.0,0.28349337147869724,6.529698634884212,0.25050004729846914,0.39814273174943066,0.016118142857156743,0.10980624574537332,0.8843829288386487,-38.5160393347778
613,614.0,0.21723729552927917,5.220966382938648,0.2505000488129681,0.3981427283234862,0.016118142857157482,0.10980624574537584,0.8843829288386437,-38.51603933477748
614,615.0,0.27434990048775476,2.8590444296745487,0.25050001415026757,0.39814281156122777,0.01611814285714501,0.10980624574533335,0.8843829288387247,-38.5160393347829
615,616.0,0.2528452413538971,2.728857958515856,0.2505000153104378,0.39814280878557357,0.016118142857145253,0.10980624574533417,0.8843829288387232,-38.516039334782796
616,617.0,0.3112664413757189,9.579395876823419,0.250500058363368,0.3981427051357744,0.016118142857163016,0.10980624574539469,0.8843829288386074,-38.51603933477508
617,618.0,0.3129628255638517,5.653723257036175,0.2505000375012273,0.39814275585433656,0.016118142857152053,0.10980624574535734,0.8843829288386791,-38.51603933477984
618,619.0,0.4151476599635916,3.8103716387608615,0.2505000090155892,0.39814282361669967,0.01611814285714416,0.10980624574533045,0.88438292883873,-38.516039334783265
619,620.0,0.8619276870776934,6.6707940623347035,0.2505000033393339,0.3981428371032692,0.016118142857143494,0.10980624574532818,0.8843829288387342,-38.51603933478356
620,621.0,0.31415474991718817,3.7203432295623537,0.2505000193342374,0.3981427996545666,0.016118142857146075,0.10980624574533697,0.8843829288387177,-38.51603933478244
621,622.0,0.5909500330790477,3.2434048288715993,0.2504999959112141,0.39814285430071045,0.016118142857143095,0.10980624574532682,0.8843829288387363,-38.516039334783734
622,623.0,0.32575163677023533,5.64945160741456,0.2505000354994738,0.39814276081306055,0.016118142857151203,0.10980624574535443,0.8843829288386846,-38.51603933478021
623,624.0,0.3957521028331502,7.748133580735634,0.25050004121929903,0.3981427471773753,0.016118142857153597,0.10980624574536259,0.8843829288386689,-38.516039334779165
624,625.0,0.9986544142754924,8.997856113788693,0.25050000851505644,0.3981428248807066,0.016118142857144073,0.10980624574533016,0.8843829288387306,-38.5160393347833
625,626.0,0.5406303486072145,1.6447704136507624,0.2504999832669946,0.3981428576842005,0.016118142857144763,0.1098062457453325,0.8843829288387364,-38.516039334783
626,627.0,0.3989887572303391,9.828412754175154,0.25050005006315296,0.3981427254732411,0.016118142857158093,0.10980624574537792,0.8843829288386396,-38.51603933477722
627,628.0,0.31116247631415794,9.31911630426609,0.2505000572660616,0.3981427077077724,0.016118142857162364,0.10980624574539247,0.8843829288386118,-38.516039334775364
628,629.0,0.07401616776364395,0.6956186648817365,0.25049998923808786,0.398142867924428,0.01611814285714315,0.109806245745327,0.8843829288387358,-38.516039334783706
629,630.0,0.8429681334073623,5.900420154423897,0.2505000008137634,0.39814284308137493,0.016118142857143292,0.1098062457453275,0.8843829288387351,-38.51603933478364
630,631.0,0.12709098769704597,6.8350191175471435,0.25050007458347856,0.39814266478840055,0.016118142857174916,0.10980624574543522,0.8843829288385299,-38.516039334769914
631,632.0,0.25632952568090417,8.933505949300445,0.2505000626575827,0.39814269479191244,0.016118142857165767,0.10980624574540405,0.8843829288385893,-38.516039334773886
632,633.0,0.935629000979247,3.6776793923040207,0.2504996347175325,0.39814258816460185,0.016118142858947547,0.10980624575147331,0.8843829288383326,-38.51603933400007
633,634.0,0.9420823199822388,4.675102269736267,0.2504999946415938,0.39814285706730596,0.016118142857143063,0.10980624574532671,0.8843829288387364,-38.51603933478374
634,635.0,0.4595812561935706,4.901622319697561,0.2505000147673884,0.3981428101596825,0.016118142857145103,0.10980624574533367,0.8843829288387242,-38.51603933478286
635,636.0,0.7619084966669496,9.929284704379969,0.2505000232337743,0.39814279038519784,0.016118142857147064,0.10980624574534036,0.8843829288387114,-38.51603933478201
636,637.0,0.17540815268020338,7.4587590544964355,0.25050006859549284,0.3981426796704146,0.016118142857170198,0.10980624574541914,0.8843829288385606,-38.51603933477196
637,638.0,0.44311777050744117,8.876508507490295,0.2505000414149236,0.39814274614727685,0.016118142857153843,0.10980624574536343,0.8843829288386675,-38.516039334779066
638,639.0,0.36965355723422466,4.675667797485192,0.2505000219085451,0.3981427933319717,0.016118142857146724,0.10980624574533919,0.8843829288387137,-38.51603933478215
639,640.0,0.33436742386641194,5.918852345506576,0.2505000361961106,0.39814275901899854,0.01611814285715152,0.10980624574535551,0.8843829288386825,-38.51603933478007
640,641.0,0.7020300379734195,2.608292417332196,0.25049974341728054,0.39814266933501163,0.01611814285803019,0.10980624574834853,0.8843829288385395,-38.51603933439847
641,642.0,0.04500779488092643,7.17132107502708,0.25050009295745435,0.3981426195270999,0.01611814285719145,0.10980624574549154,0.8843829288384213,-38.51603933476273
642,643.0,0.1286945053798475,7.657151046693869,0.25050007764947185,0.3981426574670769,0.016118142857177314,0.10980624574544338,0.884382928838514,-38.51603933476888
643,644.0,0.10819503262595387,2.1345615105185876,0.25050004118679214,0.39814274707039055,0.016118142857153635,0.10980624574536273,0.8843829288386686,-38.51603933477916
644,645.0,0.6037880018152922,6.240254374941205,0.2505000140263335,0.39814281219379993,0.016118142857144933,0.10980624574533307,0.884382928838725,-38.51603933478293
645,646.0,0.26390018063163967,6.480942554718577,0.25050004977523854,0.39814272607770906,0.01611814285715798,0.10980624574537752,0.8843829288386404,-38.51603933477727
646,647.0,0.17653985765306923,2.5312084363141163,0.25050002710941943,0.3981427808511561,0.016118142857148243,0.10980624574534435,0.8843829288387038,-38.516039334781496
647,648.0,0.6647957905529369,6.723922974673305,0.25050001280862133,0.3981428148618986,0.016118142857144743,0.10980624574533243,0.8843829288387264,-38.51603933478302
648,649.0,0.10990896043037657,0.7747440738476999,0.25049999241971826,0.39814286127321563,0.016118142857143084,0.10980624574532678,0.8843829288387364,-38.51603933478374
649,650.0,0.37120565476576173,2.029049534965206,0.25049999590130506,0.3981428543627098,0.016118142857143088,0.10980624574532678,0.8843829288387363,-38.516039334783734
650,651.0,0.9355899546849642,6.144775600189344,0.2504999995892894,0.3981428458749466,0.016118142857143206,0.1098062457453272,0.8843829288387357,-38.516039334783684
651,652.0,0.5814707469371656,3.8040958573949104,0.250499998966505,0.39814284719559817,0.016118142857143202,0.10980624574532719,0.8843829288387357,-38.516039334783684
652,653.0,0.22393351047807608,3.124793777583038,0.25050002564253815,0.398142784045584,0.01611814285714786,0.10980624574534306,0.8843829288387065,-38.51603933478166
653,654.0,0.8946631681903383,1.7551974911993729,0.25050003062534265,0.39814290043762335,0.01611814285716346,0.1098062457453962,0.8843829288387258,-38.51603933477489
654,655.0,0.7463886616040001,5.453344753630787,0.25050000214313983,0.39814283975204345,0.01611814285714341,0.10980624574532788,0.8843829288387346,-38.5160393347836
655,656.0,0.9098061018282543,6.885829033830714,0.2505000031060468,0.39814283758953173,0.016118142857143473,0.1098062457453281,0.8843829288387343,-38.516039334783564
656,657.0,0.5118839754021443,9.497342093040357,0.25050003829926265,0.3981427537813866,0.01611814285715243,0.10980624574535862,0.8843829288386768,-38.51603933477968
657,658.0,0.8870175516724752,2.051365613632966,0.2505000526172309,0.3981429164931408,0.016118142857193016,0.10980624574549687,0.8843829288387166,-38.516039334762056
658,659.0,0.5874353589652812,7.176441511881336,0.2505000200352817,0.3981427975427717,0.016118142857146293,0.10980624574533772,0.8843829288387165,-38.51603933478234
659,660.0,0.1909109046446107,4.16837063851011,0.2505000450044433,0.3981427376217273,0.016118142857155505,0.10980624574536908,0.8843829288386567,-38.51603933477834
660,661.0,0.9313951723263717,7.5295571491763775,0.25050000532165617,0.39814283282052054,0.01611814285714365,0.10980624574532871,0.884382928838733,-38.51603933478349
661,662.0,0.8171634457306899,1.723668296222675,0.2505000421794907,0.39814290933648366,0.016118142857177636,0.10980624574544448,0.8843829288387209,-38.51603933476873
662,663.0,0.8815087532760687,3.4668705449318047,0.2504996335874991,0.39814258683167114,0.0161181428589607,0.10980624575151812,0.8843829288383286,-38.51603933399436
663,664.0,0.30075887103996046,9.328544574691954,0.2505000589988267,0.3981427037624602,0.01611814285716336,0.10980624574539584,0.884382928838605,-38.51603933477493
664,665.0,0.7942612848228131,7.4615306594087425,0.25050001007197514,0.3981428214334166,0.01611814285714427,0.10980624574533082,0.8843829288387293,-38.51603933478322
665,666.0,0.08868188666683074,4.282826634146983,0.25050007239085,0.39814267048992513,0.016118142857173022,0.10980624574542876,0.8843829288385421,-38.51603933477073
666,667.0,0.9788887035541383,9.64518699555958,0.2505000120824248,0.3981428169811293,0.01611814285714458,0.10980624574533189,0.8843829288387273,-38.51603933478309
667,668.0,0.15801699298661942,6.7271582673869945,0.25050006832666466,0.39814268026598887,0.01611814285717003,0.1098062457454186,0.8843829288385617,-38.51603933477203
668,669.0,0.5744022966331715,0.09157128915386208,0.25049999299632814,0.39814286059915327,0.016118142857143063,0.10980624574532671,0.8843829288387364,-38.51603933478374
669,670.0,0.6813358415123445,0.5947892370535071,0.25049999185537186,0.39814286405282284,0.016118142857143063,0.10980624574532671,0.884382928838736,-38.51603933478374
670,671.0,0.955870192601572,8.701166041711042,0.2505000091464205,0.39814282367936343,0.016118142857144142,0.10980624574533039,0.88438292883873,-38.51603933478328
671,672.0,0.44213943927113986,2.6240574241937304,0.2504999976610062,0.39814285077478206,0.01611814285714312,0.1098062457453269,0.884382928838736,-38.51603933478372
672,673.0,0.7697312404498129,5.54111820087037,0.2505000015065394,0.39814284143417444,0.016118142857143337,0.10980624574532764,0.884382928838735,-38.51603933478363
673,674.0,0.5973012908140268,5.411651757202461,0.25050000899387087,0.39814282389310013,0.016118142857144142,0.10980624574533039,0.8843829288387302,-38.51603933478328
674,675.0,0.1955572723564033,1.2899212128529374,0.25049999931476424,0.39814284625848545,0.01611814285714323,0.10980624574532728,0.8843829288387356,-38.51603933478367
675,676.0,0.3390719455884017,7.740106101590444,0.25050004697806655,0.3981427328213566,0.016118142857156507,0.10980624574537252,0.8843829288386501,-38.51603933477791
676,677.0,0.9207156897753904,9.856740512437339,0.2505000149168177,0.39814280983425077,0.016118142857145155,0.10980624574533383,0.8843829288387237,-38.51603933478284
677,678.0,0.49830023966989145,3.4832763290217374,0.25050000100007946,0.3981428428514505,0.0161181428571433,0.10980624574532752,0.8843829288387351,-38.51603933478364
678,679.0,0.8109917008938026,6.386054613429408,0.25050000396238886,0.3981428357184728,0.01611814285714355,0.10980624574532837,0.8843829288387337,-38.516039334783535
679,680.0,0.5909138620699738,3.3832903470859934,0.2504999971631395,0.3981428519240559,0.016118142857143098,0.10980624574532684,0.8843829288387361,-38.51603933478373
680,681.0,0.2672144369212365,8.40094830526331,0.250500059204848,0.3981427029356472,0.016118142857163613,0.10980624574539671,0.8843829288386036,-38.516039334774824
681,682.0,0.3290752279127235,8.065518842127078,0.2505000501146005,0.3981427256709325,0.016118142857158024,0.10980624574537767,0.8843829288386399,-38.51603933477725
682,683.0,0.22522021432318384,2.2720278700302927,0.2505000128970077,0.39814281477730823,0.016118142857144746,0.10980624574533245,0.8843829288387263,-38.51603933478302
683,684.0,0.2571740836738744,7.529736979045287,0.2505000567366881,0.39814270890752906,0.01611814285716207,0.10980624574539147,0.8843829288386138,-38.516039334775485
684,685.0,0.9243689068201438,2.771579081082378,0.2504999940924958,0.39814286368661306,0.01611814285714294,0.1098062457453263,0.8843829288387361,-38.5160393347838
685,686.0,0.1559010963516263,3.3825222604149263,0.2505000445951003,0.3981427383789591,0.016118142857155366,0.10980624574536862,0.8843829288386577,-38.516039334778405
686,687.0,0.8995262604948092,3.2902007884008584,0.2504997698208781,0.3981426899833754,0.0161181428578537,0.10980624574774735,0.8843829288385805,-38.516039334475124
687,688.0,0.029023351459839364,2.6286588546625667,0.2505000855001084,0.3981426379860236,0.016118142857184287,0.10980624574546714,0.8843829288384684,-38.516039334765836
688,689.0,0.11279389480296165,8.87950150854868,0.25050008264721846,0.3981426447650656,0.016118142857181834,0.10980624574545879,0.8843829288384847,-38.51603933476691
689,690.0,0.2889016799237789,7.68647984196147,0.2505000526505352,0.39814271868030926,0.016118142857159703,0.10980624574538339,0.8843829288386293,-38.51603933477652
690,691.0,0.299219384364684,4.077158268157705,0.250500024645519,0.3981427865413891,0.016118142857147542,0.10980624574534197,0.8843829288387085,-38.5160393347818
691,692.0,0.7762060693704859,5.449913954088164,0.2505000008793958,0.3981428426214503,0.016118142857143303,0.10980624574532753,0.8843829288387353,-38.51603933478364
692,693.0,0.002110332583581398,1.0744267100807108,0.25050010013059437,0.39814260194224527,0.01611814285719881,0.10980624574551662,0.8843829288383729,-38.51603933475953
693,694.0,0.6692124297160669,2.710265744782088,0.25049956927967487,0.3981425391537539,0.01611814285965587,0.10980624575388606,0.8843829288381722,-38.51603933369245
694,695.0,0.06391052717822365,4.200559551196005,0.2505000791467055,0.39814265361253254,0.01611814285717867,0.109806245745448,0.8843829288385052,-38.51603933476828
695,696.0,0.07438919306741254,4.6162361585686424,0.2505000777844372,0.39814265687165074,0.01611814285717755,0.10980624574544418,0.8843829288385127,-38.51603933476877
696,697.0,0.8568220513437608,7.203108003550031,0.25050000677044565,0.39814282950605157,0.016118142857143816,0.10980624574532928,0.884382928838732,-38.516039334783414
697,698.0,0.7034964109269282,1.6395711930770607,0.2505000528670133,0.3981429174246301,0.016118142857193932,0.10980624574549999,0.884382928838716,-38.51603933476166
698,699.0,0.020747685159047013,1.6975927913093365,0.2505000837333591,0.3981426425516995,0.016118142857182573,0.1098062457454613,0.8843829288384794,-38.51603933476659
699,700.0,0.10129262379689341,0.24154439654895404,0.25049999119221816,0.3981428648955463,0.016118142857143084,0.10980624574532678,0.884382928838736,-38.51603933478374
700,701.0,0.09732118605600903,4.939580845917542,0.2505000735441366,0.39814266760795475,0.016118142857173966,0.10980624574543198,0.8843829288385359,-38.51603933477032
701,702.0,0.18568283612143188,6.97664458256297,0.2505000652452921,0.3981426882980343,0.01611814285716761,0.10980624574541033,0.8843829288385773,-38.51603933477308
702,703.0,0.43663587431931006,5.712268665717119,0.25050002330978793,0.3981427897757815,0.016118142857147154,0.10980624574534065,0.8843829288387111,-38.516039334781965
703,704.0,0.7886626483414121,7.084753783146643,0.25050000891806057,0.3981428242653443,0.016118142857144108,0.10980624574533027,0.8843829288387303,-38.516039334783294
704,705.0,0.35860262089778094,1.685282487251871,0.2504999940228605,0.398142858833045,0.016118142857143046,0.10980624574532664,0.8843829288387364,-38.51603933478375
705,706.0,0.6621400054684177,6.612939704435208,0.25050001256645743,0.398142815381217,0.016118142857144708,0.10980624574533232,0.8843829288387266,-38.51603933478303
706,707.0,0.08787430995160728,5.629548263362447,0.25050007876291625,0.39814265469961674,0.016118142857178278,0.10980624574544667,0.8843829288385077,-38.51603933476845
707,708.0,0.6671245532627573,6.618911861503303,0.25050001233497227,0.3981428162565337,0.016118142857144618,0.10980624574533202,0.884382928838727,-38.516039334783066
708,709.0,0.7839236765603987,8.6659378707676,0.2505000166243597,0.39814280606841823,0.016118142857145457,0.10980624574533487,0.8843829288387217,-38.516039334782704
709,710.0,0.5122803643223719,3.498649901162882,0.25050000079234463,0.39814284336273353,0.01611814285714328,0.10980624574532744,0.8843829288387353,-38.51603933478365
710,711.0,0.42320967148573807,7.155270378242457,0.2505000344898845,0.39814276331605786,0.016118142857150793,0.10980624574535304,0.8843829288386873,-38.51603933478039
711,712.0,0.33736331600830327,5.89887107706916,0.2505000354048914,0.3981427607143444,0.016118142857151255,0.10980624574535461,0.8843829288386844,-38.51603933478019
712,713.0,0.232782172170925,7.223848466686011,0.2505000584431606,0.39814270475028074,0.016118142857163124,0.10980624574539505,0.8843829288386068,-38.51603933477504
713,714.0,0.8277435221826983,3.2293528338692234,0.25049965020545056,0.3981425996687586,0.01611814285879738,0.1098062457509618,0.8843829288383664,-38.51603933406528
714,715.0,0.33764984208345794,5.875520974458352,0.25050003605288723,0.3981427597383735,0.01611814285715137,0.10980624574535501,0.8843829288386834,-38.51603933478014
715,716.0,0.1536753779199146,1.6235362768651849,0.250500015076866,0.39814280989670403,0.01611814285714512,0.10980624574533372,0.8843829288387238,-38.516039334782846
716,717.0,0.7535253573383699,7.382633741829078,0.25050001196073585,0.3981428171418139,0.016118142857144552,0.10980624574533178,0.8843829288387275,-38.5160393347831
717,718.0,0.8554119586875929,7.2911177764866695,0.25050000653842636,0.3981428294610936,0.01611814285714384,0.10980624574532936,0.884382928838732,-38.51603933478341
718,719.0,0.9529470556861757,0.09099789238766022,0.25049999769409914,0.39814285523013776,0.016118142857142945,0.10980624574532631,0.8843829288387363,-38.5160393347838
719,720.0,0.08568332374610399,3.5295660449276034,0.25050006778386275,0.39814268182085005,0.016118142857169542,0.1098062457454169,0.8843829288385648,-38.516039334772245
720,721.0,0.28425208199318375,2.0726413428144093,0.25050000211472523,0.39814283992039945,0.0161181428571434,0.10980624574532787,0.8843829288387346,-38.5160393347836
721,722.0,0.5506572691380026,6.4886810666660555,0.2505000185630627,0.3981428010685704,0.01611814285714595,0.10980624574533655,0.8843829288387187,-38.51603933478249
722,723.0,0.9613240501848416,2.775711219015937,0.25050001503352826,0.398142882144943,0.01611814285714867,0.10980624574534581,0.8843829288387328,-38.51603933478131
723,724.0,0.9748895892817087,1.352302518690982,0.25049999379854837,0.3981428656887457,0.016118142857142952,0.10980624574532634,0.8843829288387359,-38.5160393347838
724,725.0,0.021805783153347025,6.394831936658939,0.2505000977073205,0.3981426077582316,0.016118142857196337,0.10980624574550818,0.8843829288383893,-38.51603933476061
725,726.0,0.6545290558127822,5.3834311605696525,0.25050000495804237,0.39814283313913085,0.016118142857143664,0.10980624574532875,0.8843829288387332,-38.516039334783486
726,727.0,0.30968485490744135,0.6377491623123309,0.25049999235075937,0.39814286229045437,0.016118142857143067,0.10980624574532673,0.8843829288387363,-38.51603933478374
727,728.0,0.1541179402224635,6.678536867596922,0.2505000690868787,0.3981426783978803,0.0161181428571706,0.10980624574542051,0.8843829288385581,-38.51603933477178
728,729.0,0.5838913330270378,3.040552073433049,0.25049999484325436,0.39814285686838535,0.016118142857143067,0.10980624574532673,0.8843829288387364,-38.51603933478374
729,730.0,0.8454427638337351,1.2628707598820528,0.2504999978154137,0.3981428684519594,0.016118142857143056,0.1098062457453267,0.8843829288387356,-38.51603933478374
730,731.0,0.49587420972182505,8.127990968763504,0.25050003357050593,0.3981427656626927,0.01611814285715041,0.10980624574535175,0.8843829288386896,-38.51603933478056
731,732.0,0.4453836787376316,9.626187981595061,0.2505000444249315,0.39814273899852776,0.01611814285715523,0.10980624574536815,0.8843829288386584,-38.51603933477846
732,733.0,0.17017309849666085,6.963076814153166,0.25050006777896255,0.3981426817512373,0.016118142857169577,0.10980624574541703,0.8843829288385646,-38.51603933477223
733,734.0,0.14880311317715422,5.708209926373827,0.2505000660345718,0.39814268625741767,0.016118142857168224,0.10980624574541242,0.8843829288385734,-38.51603933477281
734,735.0,0.4202256384653801,3.801225226447427,0.25050000889080226,0.39814282421821956,0.01611814285714411,0.10980624574533028,0.8843829288387303,-38.516039334783294
735,736.0,0.8774603314892666,0.7960202126861116,0.25049977514103494,0.39814269671408614,0.016118142857814374,0.1098062457476134,0.8843829288385927,-38.5160393344922
736,737.0,0.7497559932327466,2.437472130062314,0.2504999268387525,0.39814281115269756,0.016118142857209236,0.10980624574555212,0.8843829288387245,-38.51603933475501
737,738.0,0.9696364833941541,3.849766016482308,0.2504996141997882,0.398142570458195,0.01611814285916674,0.10980624575221995,0.8843829288382777,-38.51603933390487
738,739.0,0.48435069980965206,0.8813097608141967,0.2505000187828596,0.39814288975840595,0.016118142857152302,0.1098062457453582,0.8843829288387305,-38.516039334779734
739,740.0,0.6220632919380396,4.269245773197297,0.25050000099192354,0.39814284281543844,0.016118142857143282,0.10980624574532745,0.8843829288387353,-38.51603933478365
740,741.0,0.4750620082807251,6.856599466022931,0.2505000279944556,0.39814277906379336,0.016118142857148472,0.10980624574534514,0.8843829288387023,-38.5160393347814
741,742.0,0.5475271405053085,1.1643315306288977,0.25050004337798876,0.39814291025481285,0.016118142857179288,0.10980624574545012,0.8843829288387206,-38.51603933476802
742,743.0,0.13041727452842533,4.830542561318358,0.2505000645111559,0.39814268980279893,0.016118142857167214,0.109806245745409,0.8843829288385802,-38.516039334773254
743,744.0,0.06926822932175625,4.935755709524333,0.2505000813702141,0.3981426484315827,0.016118142857180443,0.10980624574545404,0.8843829288384933,-38.51603933476751
744,745.0,0.12403049822516155,2.678447979234912,0.25050004470539045,0.3981427381054057,0.01611814285715543,0.10980624574536883,0.8843829288386572,-38.51603933477837
745,746.0,0.167673328833835,4.221553131492564,0.250500050514928,0.3981427239346786,0.016118142857158485,0.10980624574537926,0.8843829288386373,-38.51603933477705
746,747.0,0.26192728142857713,2.8890171151673236,0.25050001628336643,0.39814280662637913,0.016118142857145426,0.10980624574533476,0.884382928838722,-38.51603933478272
747,748.0,0.9344018285403748,8.707034745141074,0.2505000098763278,0.39814282180685534,0.01611814285714426,0.1098062457453308,0.8843829288387294,-38.51603933478322
748,749.0,0.9047351810693277,0.7509383276095187,0.25049992623521605,0.39814280426672877,0.01611814285721533,0.10980624574557288,0.8843829288387207,-38.516039334752364
749,750.0,0.25642105800474646,6.829538658407591,0.2505000523525412,0.3981427194627355,0.016118142857159512,0.10980624574538274,0.8843829288386306,-38.5160393347766
750,751.0,0.7851743577465977,6.2794371010267565,0.2505000047628988,0.39814283384277355,0.016118142857143636,0.10980624574532866,0.8843829288387333,-38.5160393347835
751,752.0,0.8769023826671714,3.4149484518805844,0.2504996542769229,0.3981426016035017,0.01611814285876302,0.10980624575084477,0.884382928838372,-38.516039334080205
752,753.0,0.9790359882534689,0.655599922296799,0.25049999203310885,0.398142863038373,0.01611814285714306,0.10980624574532671,0.8843829288387361,-38.51603933478374
753,754.0,0.6561393148555068,0.41719260518797713,0.2504999924233676,0.3981428620981114,0.016118142857143077,0.10980624574532677,0.8843829288387361,-38.51603933478374
754,755.0,0.4946779669045853,2.8878143536386967,0.2504999967310119,0.3981428525301472,0.016118142857143095,0.10980624574532682,0.8843829288387363,-38.516039334783734
755,756.0,0.7310801039254103,9.591233440872733,0.25050002318784803,0.3981427900054774,0.01611814285714713,0.10980624574534058,0.8843829288387112,-38.51603933478198
756,757.0,0.22782465737914792,4.617905898058226,0.25050004223051975,0.3981427444947697,0.01611814285715413,0.10980624574536442,0.8843829288386655,-38.51603933477894
757,758.0,0.11608179192125756,8.322094363184044,0.25050008157252385,0.3981426476030122,0.01611814285718079,0.10980624574545524,0.8843829288384913,-38.51603933476736
758,759.0,0.3365577609345536,3.7400278266493787,0.25050001668016386,0.39814280560389304,0.016118142857145516,0.10980624574533507,0.8843829288387215,-38.51603933478268
759,760.0,0.3706444075103341,2.935472183932074,0.2505000047370642,0.3981428338486636,0.016118142857143632,0.10980624574532866,0.8843829288387333,-38.5160393347835
760,761.0,0.2072599505866417,8.72067485962579,0.2505000684155238,0.398142680618597,0.01611814285716987,0.10980624574541803,0.8843829288385624,-38.5160393347721
761,762.0,0.9105462017460587,6.972151636817054,0.2505000034688281,0.3981428367584911,0.01611814285714351,0.10980624574532825,0.8843829288387339,-38.51603933478355
762,763.0,0.049170913660289806,1.1518655567038967,0.25050004816402666,0.39814273005404377,0.016118142857157094,0.10980624574537451,0.8843829288386461,-38.51603933477765
763,764.0,0.5985418894221038,5.719586825676623,0.25050001102644165,0.3981428192234894,0.016118142857144416,0.10980624574533134,0.8843829288387284,-38.51603933478315
764,765.0,0.5654594508825214,8.983543214561363,0.25050003197031917,0.398142769342734,0.016118142857149867,0.10980624574534989,0.8843829288386933,-38.51603933478079
765,766.0,0.7040466336288619,6.1726457173708384,0.2505000078098989,0.3981428266107065,0.01611814285714398,0.10980624574532984,0.8843829288387312,-38.51603933478334
766,767.0,0.8353847560392856,9.373901415043148,0.2505000172459479,0.39814280463346274,0.0161181428571456,0.10980624574533536,0.8843829288387208,-38.51603933478265
767,768.0,0.7769540392313724,2.459774615779871,0.25049995184025586,0.39814283166109954,0.016118142857169344,0.10980624574541623,0.8843829288387326,-38.51603933477233
768,769.0,0.9138364725528637,3.210145097259247,0.25049983164929396,0.39814273884946605,0.016118142857516032,0.10980624574659714,0.8843829288386582,-38.516039334621766
769,770.0,0.9645278972675214,3.829713747795475,0.25049961397803483,0.3981425704764746,0.01611814285916831,0.1098062457522253,0.8843829288382778,-38.51603933390419
770,771.0,0.3355704089254782,4.269447638431612,0.25050002162732443,0.3981427937871183,0.016118142857146703,0.1098062457453391,0.8843829288387139,-38.516039334782164
771,772.0,0.3011943798321589,5.022573623062677,0.2505000332678898,0.3981427657685501,0.01611814285715043,0.10980624574535179,0.8843829288386899,-38.51603933478055
772,773.0,0.3468886221137303,9.81419396030491,0.2505000554309964,0.3981427123190909,0.016118142857161198,0.1098062457453885,0.8843829288386194,-38.51603933477587
773,774.0,0.7159411259046407,8.592835345059152,0.2505000199528799,0.3981427979777826,0.01611814285714623,0.10980624574533751,0.8843829288387168,-38.51603933478237
774,775.0,0.9838040868787957,9.609197170816294,0.2505000119824269,0.3981428170931949,0.01611814285714456,0.1098062457453318,0.8843829288387275,-38.516039334783095
775,776.0,0.4654311692751889,1.5931183145565275,0.2504998674326227,0.3981427648727728,0.016118142857373036,0.10980624574611006,0.8843829288386889,-38.51603933468387
776,777.0,0.821591879388619,9.426107905520007,0.25050001756832657,0.39814280356328313,0.0161181428571457,0.10980624574533569,0.8843829288387203,-38.516039334782604
777,778.0,0.3014704405940678,4.244317824404586,0.2505000263835856,0.3981427824947408,0.016118142857148042,0.10980624574534367,0.8843829288387052,-38.51603933478158
778,779.0,0.7019557618124606,1.1781253275562473,0.2505000079776519,0.3981428793002557,0.016118142857145787,0.10980624574533598,0.8843829288387336,-38.51603933478256
779,780.0,0.0406593577155836,3.410426710229667,0.250500084422589,0.39814264096852875,0.01611814285718314,0.10980624574546322,0.8843829288384756,-38.51603933476634
780,781.0,0.03894270013388201,6.474343973898226,0.2505000927049304,0.39814261987775545,0.01611814285719136,0.10980624574549122,0.8843829288384222,-38.516039334762766
781,782.0,0.6988070901735143,6.768659927077425,0.2505000118322496,0.3981428176186007,0.016118142857144527,0.1098062457453317,0.8843829288387276,-38.51603933478311
782,783.0,0.7042096865020193,7.833641695029403,0.2505000158362115,0.39814280733743806,0.016118142857145377,0.1098062457453346,0.8843829288387225,-38.51603933478274
783,784.0,0.03715773279055601,2.463815381833268,0.25050007939213176,0.3981426527666103,0.016118142857178983,0.10980624574544907,0.8843829288385033,-38.516039334768145
784,785.0,0.3355269525129848,1.2256612226608568,0.2504997715574138,0.3981426927229874,0.016118142857839426,0.10980624574769873,0.8843829288385855,-38.51603933448132
785,786.0,0.721543753276881,8.815903540067225,0.250500020521607,0.3981427965864595,0.01611814285714638,0.10980624574533801,0.8843829288387159,-38.516039334782306
786,787.0,0.8434246235909397,7.084819302779896,0.25050000643433934,0.39814282974230464,0.016118142857143813,0.10980624574532927,0.8843829288387322,-38.51603933478342
787,788.0,0.3139266356568483,3.3071220967741968,0.25050001438372965,0.3981428110995122,0.016118142857145027,0.10980624574533342,0.8843829288387246,-38.516039334782896
788,789.0,0.7523908420250323,1.5223864785346983,0.25050003569072044,0.3981429046857285,0.016118142857169376,0.10980624574541634,0.8843829288387237,-38.516039334772316
789,790.0,0.3721321968869652,5.637102025516495,0.25050002966602813,0.3981427747514341,0.01611814285714907,0.10980624574534716,0.8843829288386985,-38.51603933478114
790,791.0,0.9619488960646687,3.6465958931294664,0.2504997069299817,0.3981426416130513,0.016118142858303663,0.10980624574928005,0.8843829288384772,-38.516039334279704
791,792.0,0.4712655831191941,1.958156929989373,0.2504995088940439,0.39814249386702083,0.01611814286041359,0.1098062457564671,0.8843829288380001,-38.51603933336338
792,793.0,0.7250242721250255,6.07080959658307,0.25050000628700597,0.3981428306803057,0.01611814285714375,0.10980624574532905,0.8843829288387324,-38.51603933478344
793,794.0,0.034118231482298644,1.9208922262273882,0.25050007652317136,0.3981426605351144,0.01611814285717625,0.10980624574543976,0.8843829288385207,-38.51603933476933
794,795.0,0.7104094053744895,2.6318289087421083,0.25049974760444627,0.3981426745989952,0.01611814285799553,0.10980624574823047,0.8843829288385504,-38.51603933441353
795,796.0,0.6726449696622968,9.807070945010823,0.2505000276895657,0.39814277925096153,0.016118142857148486,0.10980624574534517,0.8843829288387024,-38.51603933478139
796,797.0,0.7532075284655025,2.0120028702088684,0.250500042601476,0.39814290692711224,0.01611814285717669,0.10980624574544126,0.8843829288387225,-38.51603933476914
797,798.0,0.11451136472150514,2.1550477067983405,0.2505000387911145,0.3981427527538619,0.016118142857152597,0.1098062457453592,0.8843829288386755,-38.516039334779606
798,799.0,0.0401313364557625,5.3865866207742705,0.25050009118551403,0.3981426240548288,0.01611814285718963,0.10980624574548534,0.8843829288384332,-38.51603933476352
799,800.0,0.8175800168634983,4.4747855495044835,0.2504999958829626,0.39814285441956443,0.016118142857143074,0.10980624574532676,0.8843829288387364,-38.51603933478374
800,801.0,0.8530449190475144,3.5451184703095757,0.2504995089478483,0.39814249215857767,0.016118142860422117,0.10980624575649614,0.8843829288379931,-38.51603933335967
801,802.0,0.5292152801917783,3.9905102756367072,0.2505000032257399,0.3981428376231559,0.016118142857143466,0.10980624574532809,0.8843829288387342,-38.51603933478357
802,803.0,0.20505922395679455,5.713742089143276,0.25050005446820617,0.39814271435204185,0.016118142857160733,0.1098062457453869,0.8843829288386226,-38.516039334776075
803,804.0,0.9235762825307102,8.105684046489776,0.25050000801867367,0.3981428265628242,0.016118142857143962,0.10980624574532977,0.8843829288387312,-38.51603933478335
804,805.0,0.8955302215698453,2.2291811323238044,0.2505000531673007,0.39814291561378357,0.016118142857193048,0.10980624574549698,0.8843829288387173,-38.516039334762034
805,806.0,0.9947912251406036,7.148042953261261,0.2505000019743208,0.39814284035933983,0.01611814285714337,0.10980624574532775,0.8843829288387348,-38.51603933478361
806,807.0,0.1932508919309548,1.2344905100393135,0.25049999884451757,0.3981428475473131,0.01611814285714319,0.10980624574532716,0.8843829288387358,-38.51603933478369
807,808.0,0.11397914611849091,1.9458356292555818,0.2505000346589544,0.39814276239237617,0.01611814285715097,0.10980624574535365,0.8843829288386863,-38.51603933478032
808,809.0,0.4884617124422036,4.898437464720442,0.2505000127136277,0.39814281547265284,0.016118142857144677,0.10980624574533222,0.8843829288387266,-38.516039334783045
809,810.0,0.18750477829388024,2.5246587187051435,0.2505000246779164,0.3981427868528113,0.016118142857147494,0.10980624574534181,0.8843829288387086,-38.516039334781816
810,811.0,0.21272160055204514,9.196248807056397,0.2505000692495607,0.3981426780501756,0.01611814285717069,0.10980624574542082,0.8843829288385574,-38.51603933477175
811,812.0,0.16170740391257732,8.399200875668651,0.2505000739712785,0.3981426665088014,0.01611814285717431,0.10980624574543314,0.8843829288385336,-38.51603933477017
812,813.0,0.7300480074910072,0.5520217366015474,0.2504999923319014,0.3981428621382471,0.01611814285714308,0.10980624574532677,0.8843829288387361,-38.51603933478374
813,814.0,0.08377918983534471,4.579476807668145,0.2505000755235711,0.39814266280772975,0.01611814285717552,0.10980624574543726,0.8843829288385257,-38.51603933476965
814,815.0,0.8531825311034621,8.96116710249918,0.2505000148496027,0.3981428104588134,0.016118142857145062,0.10980624574533353,0.8843829288387242,-38.516039334782874
815,816.0,0.32825946486705404,9.409213672672637,0.25050005562902067,0.39814271150495206,0.016118142857161434,0.1098062457453893,0.884382928838618,-38.51603933477577
816,817.0,0.4885259611231575,2.500097543614762,0.2504999948750768,0.39814285674267386,0.016118142857143067,0.10980624574532673,0.8843829288387364,-38.51603933478374
817,818.0,0.6907701701027232,0.6177947138640033,0.25049980670195987,0.39814271937491585,0.016118142857638823,0.10980624574701542,0.8843829288386303,-38.51603933456844
818,819.0,0.2405684548565512,1.6497899378836078,0.2505000001292235,0.39814284484179085,0.016118142857143244,0.10980624574532732,0.8843829288387355,-38.51603933478366
819,820.0,0.5860727069845719,6.279331355702593,0.2505000147594082,0.39814280999962876,0.016118142857145155,0.10980624574533383,0.8843829288387238,-38.51603933478284
820,821.0,0.22426518875099943,2.908540754129958,0.25050002306879654,0.3981427905738244,0.016118142857147032,0.10980624574534023,0.8843829288387117,-38.51603933478202
821,822.0,0.6736360760152241,2.3670986526695756,0.2504998317067323,0.3981427376135107,0.016118142857518045,0.10980624574660401,0.8843829288386567,-38.51603933462089
822,823.0,0.6966792070457872,2.221527685895786,0.2504999447375109,0.39814282736791956,0.016118142857178,0.10980624574544572,0.8843829288387314,-38.51603933476857
823,824.0,0.5963740315240212,1.1186110049382023,0.25050002355945405,0.3981428936831176,0.01611814285715616,0.10980624574537133,0.8843829288387288,-38.51603933477806
824,825.0,0.975544484224231,0.8307649525345513,0.2504998968467737,0.398142775672046,0.01611814285729295,0.10980624574583728,0.8843829288386994,-38.51603933471865
825,826.0,0.2746304024667888,4.364735858778454,0.2505000317870136,0.3981427698545314,0.01611814285714978,0.10980624574534958,0.8843829288386938,-38.51603933478083
826,827.0,0.05512244158437407,1.3697019274906883,0.2505000500055919,0.398142725304793,0.016118142857158155,0.10980624574537812,0.8843829288386393,-38.51603933477719
827,828.0,0.3988437720992444,3.6896495424062263,0.2505000093136369,0.39814282313436583,0.01611814285714418,0.10980624574533052,0.8843829288387299,-38.51603933478326
828,829.0,0.42841212789517535,2.347817285799488,0.2504999952057716,0.3981428557493917,0.01611814285714307,0.10980624574532674,0.8843829288387364,-38.51603933478374
829,830.0,0.4234690768997429,7.476564443487546,0.2505000361793922,0.39814275886052586,0.016118142857151553,0.10980624574535564,0.8843829288386824,-38.51603933478006
830,831.0,0.4434299046219333,7.97016366722987,0.2505000374861714,0.398142756193308,0.016118142857151966,0.10980624574535704,0.8843829288386795,-38.516039334779876
831,832.0,0.02752216065839097,5.691309011679646,0.2505000950945312,0.39814261434863313,0.016118142857193565,0.10980624574549874,0.8843829288384074,-38.516039334761814
832,833.0,0.6886614923839848,9.817009745023862,0.2505000273479777,0.39814278077518583,0.016118142857148222,0.10980624574534428,0.8843829288387038,-38.51603933478151
833,834.0,0.43431321336059014,8.365648841373478,0.2505000396733703,0.39814275045321773,0.016118142857153024,0.10980624574536064,0.8843829288386729,-38.51603933477942
834,835.0,0.2846701071465426,8.07227822797946,0.25050005531542224,0.3981427127346645,0.016118142857161087,0.10980624574538811,0.8843829288386199,-38.51603933477592
835,836.0,0.2999596621740618,1.550894653347512,0.25049999489469754,0.39814285659481763,0.01611814285714308,0.10980624574532677,0.8843829288387363,-38.51603933478374
836,837.0,0.5021362635243528,4.684179939417843,0.2505000099728483,0.39814282170206483,0.016118142857144264,0.10980624574533081,0.8843829288387294,-38.51603933478322
837,838.0,0.5295699203714632,8.620062532939546,0.25050003270787335,0.39814276733403586,0.016118142857150186,0.10980624574535097,0.8843829288386913,-38.51603933478066
838,839.0,0.8147987439101995,8.44500356149699,0.2505000133473267,0.3981428135872585,0.016118142857144826,0.10980624574533272,0.8843829288387258,-38.51603933478298
839,840.0,0.09896162617756821,5.72366129950976,0.25050007674609687,0.3981426596279199,0.016118142857176613,0.109806245745441,0.8843829288385187,-38.516039334769175
840,841.0,0.933903813630348,6.261208801414454,0.2504999998084957,0.39814284550090256,0.016118142857143216,0.10980624574532723,0.8843829288387357,-38.51603933478368
841,842.0,0.18704984434694905,0.07567532836559177,0.25049999259806777,0.39814286210379424,0.016118142857143053,0.10980624574532667,0.8843829288387363,-38.51603933478375
842,843.0,0.2879350340126037,7.232828588723886,0.2505000506786902,0.3981427235197305,0.016118142857158572,0.10980624574537953,0.8843829288386368,-38.51603933477701
843,844.0,0.8965712464388915,8.174651741186613,0.250500008981703,0.39814282394901035,0.01611814285714413,0.10980624574533035,0.8843829288387302,-38.51603933478329
844,845.0,0.6129835693617904,9.423956160151851,0.2505000303639134,0.3981427731967101,0.01611814285714929,0.10980624574534793,0.8843829288386971,-38.51603933478104
845,846.0,0.845971794120842,0.2334397683281824,0.25049998232820586,0.39814288112462093,0.016118142857143528,0.1098062457453283,0.8843829288387333,-38.51603933478354
846,847.0,0.6584392236939327,5.486881402884193,0.25050000618409646,0.3981428303948277,0.016118142857143778,0.10980624574532916,0.8843829288387324,-38.516039334783436
847,848.0,0.18222006317649841,7.026458976656327,0.2505000657498217,0.39814268682718285,0.01611814285716807,0.1098062457454119,0.8843829288385745,-38.516039334772884
848,849.0,0.8713824195361253,1.538523822455884,0.25050001509804487,0.39814288435316875,0.01611814285714921,0.10980624574534766,0.8843829288387322,-38.51603933478108
849,850.0,0.1087420386733543,8.857086525408208,0.2505000839481366,0.39814264209755895,0.016118142857182726,0.10980624574546181,0.8843829288384784,-38.51603933476652
850,851.0,0.7704367471046875,8.603322029599134,0.25050001690221446,0.3981428052196912,0.01611814285714553,0.10980624574533512,0.8843829288387213,-38.516039334782675
851,852.0,0.3698729375651518,9.19811437146119,0.25050005039411477,0.3981427244118001,0.016118142857158374,0.10980624574537887,0.8843829288386379,-38.51603933477709
852,853.0,0.5661405167707866,6.390062049580987,0.25050001708138997,0.3981428047825018,0.016118142857145575,0.10980624574533526,0.884382928838721,-38.51603933478265
853,854.0,0.9482013599449118,3.92437073320232,0.2504995188509318,0.39814250018816305,0.016118142860287725,0.10980624575603837,0.8843829288380254,-38.516039333418036
854,855.0,0.4200964486066454,2.7900449871652935,0.2504999996957346,0.3981428460194844,0.01611814285714321,0.10980624574532721,0.8843829288387356,-38.516039334783684
855,856.0,0.8419538644873867,6.25755909282176,0.25050000199263506,0.3981428401629576,0.016118142857143393,0.10980624574532784,0.8843829288387347,-38.5160393347836
856,857.0,0.4699817806419857,2.5998599599309715,0.25049999615806956,0.3981428535989994,0.0161181428571431,0.10980624574532685,0.8843829288387363,-38.51603933478373
857,858.0,0.3800550499838794,5.605571089377532,0.25050002806031263,0.39814277861314046,0.016118142857148535,0.10980624574534535,0.884382928838702,-38.51603933478137
858,859.0,0.5423982819794432,8.290058607257931,0.2505000293181377,0.3981427752864771,0.01611814285714902,0.109806245745347,0.884382928838699,-38.516039334781155
859,860.0,0.9178415548762668,6.461396298322035,0.2505000007592903,0.3981428429957159,0.016118142857143303,0.10980624574532753,0.8843829288387353,-38.51603933478364
860,861.0,0.7385388562962396,4.042811357780237,0.2504999960058487,0.3981428541814042,0.01611814285714308,0.10980624574532677,0.8843829288387363,-38.51603933478374
861,862.0,0.7763136592634851,6.372175489334902,0.25050000605352446,0.3981428312045468,0.016118142857143726,0.10980624574532896,0.8843829288387326,-38.51603933478346
862,863.0,0.017592662227844502,8.103785922357815,0.2505000998023434,0.3981426028667072,0.016118142857198387,0.10980624574551516,0.8843829288383755,-38.51603933475972
863,864.0,0.6682851887174501,9.757213793117643,0.25050002814631184,0.39814277855617647,0.016118142857148528,0.10980624574534532,0.884382928838702,-38.51603933478137
864,865.0,0.17058286031163516,6.042266555207746,0.2505000626142643,0.3981426942199416,0.016118142857166014,0.1098062457454049,0.8843829288385882,-38.51603933477378
865,866.0,0.22487438738580112,8.937857950209292,0.25050006644231454,0.39814268498124006,0.016118142857168623,0.10980624574541378,0.884382928838571,-38.51603933477264
866,867.0,0.2759731704654429,9.520741874743734,0.2505000621289473,0.39814269557969634,0.0161181428571656,0.10980624574540349,0.8843829288385907,-38.51603933477396
867,868.0,0.8387009332876192,8.877901353393188,0.2505000145238951,0.3981428107495535,0.016118142857145055,0.10980624574533349,0.8843829288387244,-38.51603933478288
868,869.0,0.3283414845835655,7.11212919286254,0.2505000445790569,0.39814273867577965,0.016118142857155286,0.10980624574536835,0.884382928838658,-38.516039334778434
869,870.0,0.5766558704650377,1.9419217252038399,0.25049988787529026,0.3981427803837929,0.016118142857306016,0.10980624574588178,0.8843829288387034,-38.51603933471297
870,871.0,0.8521430509005512,1.8552248560035585,0.2505000462533445,0.3981429131843001,0.01611814285718393,0.10980624574546592,0.8843829288387188,-38.51603933476599
871,872.0,0.9278870619945317,6.000005509113957,0.2504999990881926,0.398142847094182,0.0161181428571432,0.10980624574532719,0.8843829288387357,-38.516039334783684
872,873.0,0.8675980184169729,9.592945579119815,0.25050001644556136,0.39814280610335767,0.016118142857145457,0.10980624574533487,0.8843829288387219,-38.516039334782704
873,874.0,0.6531146628939942,1.1800291015581805,0.2505000181010902,0.3981428881890832,0.016118142857151532,0.10980624574535557,0.8843829288387309,-38.51603933478006
874,875.0,0.1534102196685807,8.009287157942726,0.25050007423796483,0.398142665866052,0.01611814285717453,0.1098062457454339,0.8843829288385322,-38.51603933477008
875,876.0,0.2273074260733391,1.0040468655968564,0.2504999933433963,0.3981428603552668,0.01611814285714305,0.10980624574532667,0.8843829288387363,-38.51603933478375
876,877.0,0.28751210197797605,8.531361589726416,0.25050005678557713,0.3981427085989133,0.016118142857162166,0.1098062457453918,0.8843829288386132,-38.51603933477545
877,878.0,0.08778485896982935,3.484584624828626,0.25050006609218894,0.39814268568624556,0.016118142857168435,0.10980624574541313,0.8843829288385723,-38.51603933477273
878,879.0,0.042725663121296886,0.47805689581882543,0.2504999947128018,0.3981428554674411,0.016118142857143136,0.10980624574532696,0.8843829288387363,-38.51603933478371
879,880.0,0.3146714430731242,3.8915451723564205,0.2505000210108568,0.39814279545362763,0.0161181428571465,0.10980624574533843,0.8843829288387152,-38.51603933478225
880,881.0,0.43339159984721687,6.99067414867805,0.2505000317730855,0.3981427693951259,0.01611814285714988,0.10980624574534995,0.8843829288386934,-38.516039334780785
881,882.0,0.2236736385474587,2.4258944656288643,0.2505000157497891,0.3981428081063859,0.016118142857145273,0.10980624574533424,0.8843829288387229,-38.51603933478279
882,883.0,0.30879111109878565,0.12972599983771924,0.25049999156520486,0.39814286364873297,0.0161181428571431,0.10980624574532685,0.884382928838736,-38.51603933478373
883,884.0,0.04122096710974443,8.22479839781517,0.25050009476889173,0.3981426150129108,0.01611814285719331,0.10980624574549788,0.8843829288384092,-38.51603933476192
884,885.0,0.6336628001253033,6.552364655383266,0.25050001372491165,0.3981428131049856,0.016118142857144857,0.10980624574533282,0.8843829288387255,-38.51603933478297
885,886.0,0.4914164305485067,9.07957910832907,0.25050003745874083,0.3981427554907638,0.016118142857152157,0.10980624574535769,0.8843829288386786,-38.5160393347798
886,887.0,0.882003285683433,8.185763626495739,0.2505000093871448,0.39814282294956826,0.016118142857144194,0.10980624574533057,0.8843829288387298,-38.51603933478325
887,888.0,0.844188329240967,3.006463960924996,0.2504998115244069,0.3981427233185086,0.016118142857613357,0.10980624574692867,0.8843829288386365,-38.5160393345795
888,889.0,0.7284075966087475,9.794758211794615,0.250500024201423,0.3981427877541321,0.01611814285714739,0.10980624574534144,0.8843829288387094,-38.516039334781865
889,890.0,0.3654837089847496,0.9814261870445172,0.25050004172302937,0.39814290494868293,0.01611814285717479,0.1098062457454348,0.8843829288387236,-38.51603933476997
890,891.0,0.08995548529251673,2.9002091202752607,0.25050005973842554,0.3981427016187816,0.016118142857163956,0.10980624574539788,0.8843829288386014,-38.516039334774675
891,892.0,0.6127061469707663,2.2544949426252288,0.250499759963944,0.3981426820429954,0.016118142857917895,0.10980624574796602,0.8843829288385653,-38.51603933444724
892,893.0,0.8345757893327849,8.961630610625647,0.2505000149890172,0.3981428096431492,0.01611814285714516,0.10980624574533386,0.8843829288387237,-38.51603933478284
893,894.0,0.20351634532809615,9.465937060665729,0.25050007159941856,0.398142672786148,0.016118142857172276,0.10980624574542622,0.8843829288385466,-38.51603933477106
894,895.0,0.47000450619101797,9.218039858334368,0.25050004055217107,0.39814274824904655,0.016118142857153437,0.10980624574536206,0.8843829288386702,-38.51603933477924
895,896.0,0.2679967535227328,3.3153354807893076,0.2505000213391567,0.3981427949383368,0.016118142857146547,0.1098062457453386,0.8843829288387147,-38.516039334782235
896,897.0,0.7336727998114653,6.865193066977222,0.2505000098620428,0.3981428218827741,0.016118142857144264,0.10980624574533081,0.8843829288387294,-38.51603933478322
897,898.0,0.13176697709320817,1.0853526017923039,0.25050000486894536,0.39814283338807693,0.016118142857143657,0.10980624574532874,0.8843829288387332,-38.516039334783486
898,899.0,0.25170236256824474,3.3761848869855213,0.25050002439912267,0.3981427872846511,0.016118142857147435,0.1098062457453416,0.8843829288387092,-38.51603933478185
899,900.0,0.5565259162039596,3.2581098605909187,0.25049999740707685,0.39814285101904945,0.016118142857143126,0.10980624574532694,0.8843829288387361,-38.51603933478372
900,901.0,0.40714688478747996,5.063307613485495,0.25050002040728725,0.39814279658439133,0.016118142857146408,0.10980624574533811,0.8843829288387158,-38.51603933478229
901,902.0,0.7563823182016312,9.284322901048487,0.25050002116524456,0.3981427953901794,0.016118142857146484,0.10980624574533836,0.8843829288387152,-38.516039334782256
902,903.0,0.20145956617352612,7.277468648827069,0.2505000635055712,0.3981426922662221,0.01611814285716653,0.10980624574540664,0.8843829288385846,-38.51603933477355
903,904.0,0.11086112773945478,3.628435478975627,0.250500060536149,0.3981426995788802,0.016118142857164508,0.10980624574539977,0.8843829288385978,-38.51603933477443
904,905.0,0.09203526645215698,9.521253423648249,0.25050008790985223,0.39814263231828134,0.016118142857186376,0.10980624574547425,0.8843829288384544,-38.51603933476493
905,906.0,0.27068730719650835,8.577918441727741,0.25050005961186234,0.3981427020301086,0.01611814285716384,0.10980624574539748,0.884382928838602,-38.516039334774725
906,907.0,0.7854265514699761,8.073543571303668,0.2505000131130734,0.3981428140634455,0.016118142857144815,0.10980624574533268,0.8843829288387259,-38.51603933478299
907,908.0,0.41610725583552133,3.6206436157289796,0.2505000075649048,0.3981428274949798,0.01611814285714392,0.10980624574532963,0.8843829288387315,-38.51603933478337
908,909.0,0.7198825365098594,7.11296373646019,0.2505000122086526,0.39814281658009376,0.01611814285714461,0.10980624574533199,0.8843829288387272,-38.51603933478307
909,910.0,0.2442362391496954,6.715433908186193,0.2505000541450435,0.39814271526784273,0.01611814285716051,0.10980624574538615,0.8843829288386239,-38.51603933477617
910,911.0,0.2677861433051849,0.07506529649990136,0.25049999204286433,0.3981428633326178,0.01611814285714306,0.10980624574532671,0.8843829288387361,-38.51603933478374
911,912.0,0.7631963662814482,4.037170595460208,0.2504999951086163,0.3981428561605223,0.016118142857143077,0.10980624574532677,0.8843829288387363,-38.51603933478374
912,913.0,0.580337991404895,5.550028159225418,0.2505000107267513,0.39814281984464306,0.016118142857144396,0.10980624574533125,0.8843829288387285,-38.516039334783166
913,914.0,0.9517682501503657,0.6966188889937387,0.2504999885184672,0.39814285836394137,0.01611814285714369,0.10980624574532885,0.8843829288387364,-38.51603933478347
914,915.0,0.7800329912171288,4.157259466503932,0.25049999551975444,0.3981428551227564,0.01611814285714308,0.10980624574532677,0.8843829288387363,-38.51603933478374
915,916.0,0.41600002645226,6.226823707712614,0.2505000290092423,0.3981427761614619,0.0161181428571489,0.10980624574534659,0.8843829288386997,-38.51603933478121
916,917.0,0.36142650482780736,7.498039400981294,0.2505000433198589,0.398142741603763,0.016118142857154714,0.1098062457453664,0.8843829288386619,-38.51603933477868
917,918.0,0.12325253726320828,2.359789373497089,0.2505000398983203,0.39814275011883193,0.01611814285715308,0.10980624574536083,0.8843829288386724,-38.51603933477939
918,919.0,0.1894099091811472,0.5413162103770127,0.25049999144306934,0.39814286388189546,0.016118142857143088,0.10980624574532678,0.8843829288387361,-38.516039334783734
919,920.0,0.7093146285017168,5.432446513610011,0.2505000040486798,0.3981428357536835,0.016118142857143542,0.10980624574532835,0.8843829288387337,-38.51603933478354
920,921.0,0.4177603885540415,1.538062930658107,0.250499758891564,0.3981426817431526,0.0161181428579236,0.10980624574798545,0.8843829288385647,-38.51603933444476
921,922.0,0.19206339401880868,9.579699198696748,0.25050007288695403,0.3981426688844095,0.016118142857173594,0.10980624574543071,0.8843829288385385,-38.51603933477048
922,923.0,0.8738014052701091,9.293174761748539,0.25050001529035315,0.3981428094175869,0.016118142857145138,0.10980624574533379,0.8843829288387237,-38.516039334782846
923,924.0,0.4581114750201992,4.196056611969374,0.2505000083747856,0.3981428250737792,0.016118142857144087,0.1098062457453302,0.8843829288387305,-38.5160393347833
924,925.0,0.31595429691192223,4.38009569409992,0.25050002554915624,0.3981427845260442,0.01611814285714777,0.10980624574534274,0.884382928838707,-38.5160393347817
925,926.0,0.3927559753882044,0.2776739873530937,0.25049999161911796,0.3981428634202286,0.016118142857143088,0.10980624574532678,0.8843829288387361,-38.516039334783734
926,927.0,0.2189825040378247,2.4090639163093504,0.2505000162523282,0.3981428065835087,0.016118142857145426,0.10980624574533476,0.884382928838722,-38.51603933478272
927,928.0,0.538224614834586,3.6927771208179516,0.25049999971760734,0.3981428452980735,0.016118142857143247,0.10980624574532734,0.8843829288387355,-38.51603933478366
928,929.0,0.367902252116699,2.0572761218513738,0.2504999957418384,0.398142854610311,0.016118142857143074,0.10980624574532676,0.8843829288387364,-38.51603933478374
929,930.0,0.11757996127121417,9.92193995570297,0.25050008442348876,0.3981426404652233,0.01611814285718339,0.10980624574546408,0.8843829288384744,-38.51603933476623
930,931.0,0.895756187845164,6.836245734743107,0.25050000383363774,0.3981428364911552,0.01611814285714351,0.10980624574532825,0.8843829288387338,-38.51603933478355
931,932.0,0.5227969359650596,7.463600164324815,0.2505000267472969,0.3981427813496256,0.016118142857148205,0.10980624574534423,0.8843829288387043,-38.51603933478151
932,933.0,0.8310775350731333,5.728224400597667,0.25050000041889875,0.3981428439595132,0.01611814285714328,0.10980624574532744,0.8843829288387353,-38.51603933478365
933,934.0,0.6037106281419934,9.554805748709994,0.25050003178020464,0.3981427696509593,0.01611814285714981,0.1098062457453497,0.8843829288386937,-38.516039334780814
934,935.0,0.046142685819211215,8.997049666850653,0.25050009420915886,0.39814261624620895,0.01611814285719283,0.10980624574549623,0.8843829288384125,-38.516039334762134
935,936.0,0.21062514740798643,7.357883146184357,0.25050006219335147,0.3981426953576329,0.016118142857165663,0.10980624574540371,0.8843829288385904,-38.51603933477393
936,937.0,0.48200148246426255,2.0556533681618374,0.2504999927812577,0.3981428611992273,0.016118142857143077,0.10980624574532677,0.8843829288387361,-38.51603933478374
937,938.0,0.5161759826022678,2.044102565758174,0.2504996192874985,0.39814257573943757,0.016118142859107575,0.1098062457520184,0.8843829288382945,-38.51603933393057
938,939.0,0.1420613006118162,6.515433514824313,0.2505000714169798,0.3981426731861999,0.01611814285717215,0.10980624574542579,0.8843829288385475,-38.51603933477111
939,940.0,0.8698436882998011,4.895710497741766,0.25049999609318196,0.39814285357355095,0.016118142857143115,0.10980624574532688,0.8843829288387361,-38.51603933478372
940,941.0,0.4940024226581331,9.0379410235257,0.2505000376908331,0.3981427551759855,0.016118142857152188,0.1098062457453578,0.8843829288386783,-38.516039334779784
941,942.0,0.8166443535858198,3.8403028137480373,0.25049999406624607,0.39814285830711044,0.016118142857143074,0.10980624574532676,0.8843829288387363,-38.51603933478374
942,943.0,0.7572018240015919,7.213419929094233,0.2505000108501088,0.398142819626713,0.0161181428571444,0.10980624574533127,0.8843829288387285,-38.516039334783166
943,944.0,0.5806861772618401,6.312547062831225,0.25050001549509177,0.398142808609571,0.016118142857145246,0.10980624574533414,0.8843829288387232,-38.5160393347828
944,945.0,0.32762023836726095,1.6214751690905846,0.2504999940577374,0.3981428582934752,0.016118142857143074,0.10980624574532676,0.8843829288387363,-38.51603933478374
945,946.0,0.7860801850962904,0.8643445555875489,0.25049999137606477,0.39814286335061055,0.016118142857143115,0.10980624574532688,0.884382928838736,-38.51603933478372
946,947.0,0.9421892899128846,8.83588578238745,0.2505000101914822,0.3981428209787975,0.016118142857144326,0.10980624574533102,0.8843829288387289,-38.5160393347832
947,948.0,0.2761737074410827,2.4542022782047126,0.25050000834702074,0.39814282572430737,0.016118142857144017,0.10980624574532996,0.8843829288387308,-38.51603933478333
948,949.0,0.8720158887997409,4.118884226074529,0.25049999396733225,0.3981428587677641,0.01611814285714306,0.10980624574532671,0.8843829288387364,-38.51603933478374
949,950.0,0.7685861205131059,3.045779867013052,0.25049961786569214,0.3981425744033621,0.016118142859123448,0.10980624575207248,0.8843829288382903,-38.51603933392367
950,951.0,0.736493523485207,4.31234814214125,0.2504999967304676,0.3981428524529213,0.01611814285714311,0.10980624574532687,0.8843829288387361,-38.51603933478373
951,952.0,0.5991382913072104,1.2614233779090143,0.2505000424490623,0.39814290795637514,0.016118142857177102,0.10980624574544268,0.8843829288387219,-38.51603933476896
952,953.0,0.3136426278391261,7.808299509042078,0.25050005060899655,0.39814272397835654,0.016118142857158447,0.10980624574537913,0.8843829288386373,-38.51603933477706
953,954.0,0.9121809689233368,8.571500430140743,0.25050001003540934,0.39814282140981927,0.016118142857144302,0.10980624574533093,0.8843829288387292,-38.5160393347832
954,955.0,0.04140419750800273,5.387643279617836,0.2505000906948622,0.3981426254290901,0.016118142857189058,0.10980624574548338,0.8843829288384367,-38.51603933476377
955,956.0,0.1772534161306385,3.4986232663234946,0.2505000410881797,0.3981427468843511,0.01611814285715371,0.10980624574536299,0.8843829288386684,-38.51603933477912
956,957.0,0.3698372516363445,8.898787772504285,0.2505000491744668,0.39814272765708625,0.016118142857157597,0.10980624574537622,0.8843829288386429,-38.51603933477743
957,958.0,0.16422937706546503,0.000132566511297694,0.25049999099615333,0.39814286483432054,0.01611814285714309,0.10980624574532681,0.884382928838736,-38.516039334783734
958,959.0,0.9779987329552587,2.9609818410295348,0.2504999871214022,0.3981428592429215,0.016118142857143847,0.10980624574532938,0.8843829288387364,-38.5160393347834
959,960.0,0.5335605790137486,1.8091234648958405,0.2504998789408002,0.3981427749534342,0.016118142857332176,0.10980624574597088,0.8843829288386986,-38.51603933470162
960,961.0,0.807521787675266,7.079205510887909,0.2505000074189844,0.39814282772018633,0.016118142857143913,0.10980624574532961,0.8843829288387315,-38.51603933478338
961,962.0,0.6051553316499942,5.859392629002951,0.2505000111344187,0.3981428190188424,0.01611814285714444,0.1098062457453314,0.8843829288387282,-38.516039334783144
962,963.0,0.4009788145226052,3.2977286798080123,0.2505000056492807,0.3981428316064217,0.01611814285714372,0.10980624574532895,0.8843829288387328,-38.51603933478346
963,964.0,0.9411536617456061,2.239461205256046,0.25050005383872903,0.3981429172458098,0.01611814285719494,0.10980624574550342,0.8843829288387162,-38.51603933476122
964,965.0,0.2333339513201811,9.493019078199788,0.25050006735672214,0.3981426827623271,0.016118142857169285,0.10980624574541605,0.8843829288385666,-38.51603933477236
965,966.0,0.5910713340520319,5.287462630913128,0.2505000079673222,0.3981428263264237,0.016118142857143986,0.10980624574532985,0.8843829288387312,-38.51603933478334
966,967.0,0.2072851395733426,2.475124016974307,0.2505000193505717,0.3981427995072632,0.016118142857146085,0.10980624574533701,0.8843829288387177,-38.516039334782434
967,968.0,0.4517085050932528,3.0185349566890487,0.25049999946256657,0.3981428459215206,0.016118142857143226,0.10980624574532727,0.8843829288387357,-38.51603933478368
968,969.0,0.6070181775049419,1.477497924499878,0.25050005426497784,0.3981429160767658,0.01611814285719465,0.10980624574550243,0.8843829288387169,-38.516039334761345
969,970.0,0.01471708109479375,2.9193405754284596,0.25050009494448294,0.3981426147190315,0.016118142857193405,0.1098062457454982,0.8843829288384084,-38.51603933476188
970,971.0,0.9869708402211894,9.519284637837028,0.2505000109510915,0.3981428192384091,0.016118142857144434,0.10980624574533139,0.8843829288387283,-38.516039334783144
971,972.0,0.201829285360968,5.342866135506764,0.2505000529133594,0.39814271834364157,0.016118142857159755,0.10980624574538357,0.8843829288386288,-38.516039334776494
972,973.0,0.2238203396120011,0.4622788458290249,0.25049999048591404,0.39814286681897426,0.016118142857143098,0.10980624574532684,0.8843829288387358,-38.51603933478373
973,974.0,0.8977056044954348,5.348215198025468,0.250499997561687,0.3981428507708379,0.016118142857143112,0.10980624574532688,0.8843829288387361,-38.51603933478373
974,975.0,0.06921443545076811,2.4140403658825034,0.2505000621838365,0.3981426954373515,0.016118142857165646,0.10980624574540364,0.8843829288385905,-38.51603933477394
975,976.0,0.6012393076079614,4.571142665095522,0.2505000034717751,0.39814283708374304,0.016118142857143483,0.10980624574532814,0.884382928838734,-38.516039334783564
976,977.0,0.6282691482131898,8.743260655777432,0.2505000257232273,0.3981427841509688,0.016118142857147827,0.10980624574534294,0.8843829288387066,-38.516039334781674
977,978.0,0.3936550475020164,3.5387330794182037,0.2505000082525968,0.3981428255474999,0.01611814285714405,0.10980624574533007,0.8843829288387307,-38.516039334783315
978,979.0,0.8755642293060192,3.453537963639317,0.25049962751094085,0.39814258237699685,0.016118142859021373,0.10980624575172478,0.8843829288383152,-38.516039333968
979,980.0,0.9607427247349283,2.483095552847282,0.2505000486222624,0.398142913193398,0.016118142857186435,0.10980624574547446,0.8843829288387188,-38.516039334764905
980,981.0,0.9716914627607077,2.464979991973805,0.2505000522379129,0.39814291305310023,0.016118142857190314,0.10980624574548767,0.8843829288387189,-38.51603933476322
981,982.0,0.5870953534333445,0.3678369162430421,0.25049999126974115,0.3981428648873792,0.016118142857143088,0.10980624574532678,0.8843829288387359,-38.516039334783734
982,983.0,0.3763095504588918,9.925642883108381,0.25050005270826003,0.39814271903443565,0.016118142857159564,0.10980624574538292,0.88438292883863,-38.51603933477658
983,984.0,0.13604546964077102,5.567032650228371,0.2505000676657294,0.3981426819806412,0.016118142857169518,0.10980624574541682,0.8843829288385651,-38.51603933477226
984,985.0,0.23369493153127197,4.165596296711815,0.2505000369354659,0.3981427571533447,0.016118142857151827,0.10980624574535656,0.8843829288386806,-38.51603933477994
985,986.0,0.7817032938882981,9.403533140828223,0.2505000192051206,0.39814279968142263,0.01611814285714606,0.10980624574533694,0.8843829288387179,-38.51603933478245
986,987.0,0.8335612784396875,0.9679506885162525,0.25049999205329254,0.3981428620490687,0.01611814285714311,0.10980624574532687,0.8843829288387361,-38.51603933478373
987,988.0,0.13386955440846926,2.776663739125652,0.25050004304409335,0.39814274246882353,0.016118142857154526,0.10980624574536575,0.884382928838663,-38.51603933477877
988,989.0,0.44981667253616464,4.531134760897116,0.25050001279937356,0.39814281531508366,0.016118142857144677,0.10980624574533222,0.8843829288387266,-38.516039334783045
989,990.0,0.2976218943403175,3.5974363969928027,0.2505000202121853,0.39814279775091027,0.01611814285714625,0.10980624574533755,0.8843829288387166,-38.51603933478236
990,991.0,0.13056786474414084,5.003404360360431,0.2505000655644379,0.39814268740152636,0.016118142857167877,0.10980624574541123,0.8843829288385756,-38.51603933477297
991,992.0,0.7653326605959027,5.142549502326212,0.25050000014090723,0.39814284490436486,0.016118142857143237,0.1098062457453273,0.8843829288387355,-38.51603933478367
992,993.0,0.8553382277915663,5.3348075191732205,0.25049999817591106,0.3981428490913513,0.016118142857143167,0.10980624574532706,0.8843829288387359,-38.5160393347837
993,994.0,0.8106539520706213,3.1021468603890994,0.25049968931649347,0.3981426274820353,0.01611814285845133,0.10980624574978305,0.884382928838442,-38.51603933421558
994,995.0,0.40541256733307574,2.2368581113368555,0.25049999580183213,0.3981428546003709,0.016118142857143095,0.10980624574532682,0.8843829288387361,-38.516039334783734
995,996.0,0.6859705956486236,7.612412005980547,0.25050001668393684,0.3981428059205916,0.016118142857145464,0.10980624574533489,0.8843829288387217,-38.516039334782704
996,997.0,0.15470614974976837,1.0040314312160075,0.2504999988899134,0.3981428474499891,0.016118142857143188,0.10980624574532714,0.8843829288387358,-38.51603933478369
997,998.0,0.06256932466409237,9.203295873979966,0.25050009199917667,0.39814262160949465,0.01611814285719067,0.10980624574548888,0.8843829288384267,-38.51603933476307
998,999.0,0.6472212026772978,9.718871211600444,0.25050002960952444,0.39814277497958733,0.016118142857149027,0.10980624574534703,0.8843829288386987,-38.516039334781155
999,1000.0,0.946697006366848,0.32514905559318574,0.2504999945750705,0.39814285802923566,0.016118142857143043,0.10980624574532664,0.8843829288387364,-38.516039334783756
