,iteration,init_slope,init_intercept,est_intercept,est_slope,ss_res,nrmse,r_squared,aic
0,1.0,0.6553864356197746,2.7961505946728846,0.47838465097325744,0.016595126846258985,0.009715784392284692,0.34854379190318024,0.021571178596555107,-42.05939525697692
1,2.0,0.020871536918555367,6.381706427037282,0.4783849128859226,0.01659524375782642,0.009715784391534584,0.34854379188972556,0.021571178597522,-42.05939525751736
2,3.0,0.9998482905494314,9.71000068114469,0.47838490924276406,0.01659524301581136,0.009715784391534966,0.3485437918897324,0.021571178597522667,-42.05939525751708
3,4.0,0.4233494386072313,5.5193248161383766,0.47838491179455145,0.016595244913087802,0.009715784391534636,0.3485437918897265,0.021571178597520446,-42.05939525751732
4,5.0,0.6887482045379063,5.810407806786864,0.4783849034311436,0.016595242015903212,0.009715784391536027,0.3485437918897515,0.021571178597523444,-42.059395257516314
5,6.0,0.3167690366953365,1.1186562186034557,0.4783845173692443,0.016595018558834385,0.009715784393414306,0.3485437919234421,0.02157117859374913,-42.05939525616306
6,7.0,0.5796823808383437,8.876210218409797,0.47838491263792665,0.016595243953988682,0.009715784391534595,0.3485437918897258,0.021571178597522,-42.059395257517345
7,8.0,0.11230088170059438,0.3739068311995199,0.4783849122417824,0.016595245272321077,0.009715784391534588,0.3485437918897256,0.02157117859752078,-42.05939525751735
8,9.0,0.7847883215435567,3.9823619065183684,0.4783847753777631,0.016595195273810554,0.009715784391730264,0.3485437918932355,0.02157117859738089,-42.05939525737637
9,10.0,0.05345147690504737,5.432690782337762,0.47838491244835446,0.016595244478368045,0.009715784391534595,0.3485437918897258,0.021571178597521334,-42.059395257517345
10,11.0,0.7397910579963973,7.714599669843581,0.47838491089590296,0.01659524230995835,0.009715784391534815,0.3485437918897297,0.021571178597522667,-42.05939525751719
11,12.0,0.736804869489405,6.486252261706498,0.4783849052531648,0.016595243481813585,0.009715784391535538,0.34854379188974266,0.021571178597522334,-42.05939525751667
12,13.0,0.0988432676351888,6.959017933494781,0.4783849123018692,0.016595244760310345,0.009715784391534601,0.3485437918897259,0.02157117859752078,-42.059395257517345
13,14.0,0.22029625988434565,7.069193121141945,0.4783849127857923,0.016595244069122952,0.009715784391534582,0.34854379188972556,0.02157117859752178,-42.05939525751736
14,15.0,0.5004152331705205,2.2724375379630968,0.478384701383082,0.016595155047964803,0.009715784392015779,0.34854379189835677,0.02157117859698443,-42.059395257170664
15,16.0,0.40897953252693453,0.26860456942735955,0.47838491251628057,0.016595244329537386,0.009715784391534595,0.3485437918897258,0.021571178597521334,-42.059395257517345
16,17.0,0.6332137970348234,9.65855491066961,0.47838491177504705,0.016595245815536157,0.00971578439153461,0.348543791889726,0.02157117859751989,-42.05939525751734
17,18.0,0.5177916344863237,8.960241232455754,0.4783849123288845,0.016595244673223274,0.009715784391534603,0.3485437918897259,0.02157117859752078,-42.059395257517345
18,19.0,0.6402758634722013,4.066558092363102,0.47838486550840253,0.01659523053693398,0.009715784391558725,0.34854379189015855,0.02157117859751989,-42.05939525749996
19,20.0,0.9898424500507937,2.8170726892940112,0.47838482467969184,0.01659517994994284,0.009715784391646443,0.34854379189173196,0.021571178597259655,-42.05939525743676
20,21.0,0.4838581078873835,5.410974227698346,0.4783849116375195,0.016595243118325977,0.009715784391534702,0.3485437918897277,0.021571178597522667,-42.05939525751727
21,22.0,0.7619287757050217,0.41595565410232505,0.4783849125386548,0.01659524389814851,0.009715784391534605,0.34854379188972595,0.021571178597522,-42.05939525751734
22,23.0,0.0649784546120139,5.941285708331512,0.47838491230611807,0.016595244904012887,0.009715784391534596,0.3485437918897258,0.021571178597521,-42.059395257517345
23,24.0,0.8185754750297851,0.08138836104157947,0.47838490918095655,0.016595249400553957,0.009715784391534725,0.3485437918897281,0.02157117859751434,-42.05939525751725
24,25.0,0.1689036243994244,1.9232774491300872,0.47838491172580905,0.01659524326799361,0.009715784391534688,0.34854379188972745,0.021571178597522667,-42.05939525751728
25,26.0,0.5846948543543389,8.151657938138527,0.4783849120019992,0.016595245042353747,0.009715784391534612,0.3485437918897261,0.021571178597521,-42.05939525751733
26,27.0,0.5919148582638443,3.8801010605933985,0.4783848723400884,0.01659523331968208,0.009715784391552386,0.3485437918900449,0.02157117859752289,-42.059395257504534
27,28.0,0.8632444674488513,3.6176670304559804,0.47838463674898757,0.016595115731744443,0.00971578439237954,0.34854379190488155,0.02157117859635138,-42.05939525690858
28,29.0,0.4491434713890572,9.012691427115204,0.4783849124796737,0.016595244519661868,0.00971578439153459,0.3485437918897256,0.021571178597521445,-42.05939525751735
29,30.0,0.4852573136431706,1.120564573082307,0.4783849148382144,0.016595244649432406,0.009715784391534464,0.34854379188972345,0.021571178597521445,-42.059395257517444
30,31.0,0.06640640611724746,1.3680290169158287,0.4783849122726217,0.01659524481283449,0.009715784391534598,0.34854379188972584,0.021571178597521,-42.059395257517345
31,32.0,0.6854855763349615,0.5664022609471611,0.47838491309203346,0.01659524387363423,0.009715784391534569,0.3485437918897253,0.02157117859752178,-42.059395257517366
32,33.0,0.7751993731965037,8.119347385182529,0.47838491015382906,0.016595244376467602,0.009715784391534796,0.34854379188972934,0.021571178597521445,-42.0593952575172
33,34.0,0.4193761752485571,4.4105554072677675,0.47838490968037745,0.016595245340885585,0.00971578439153481,0.3485437918897296,0.02157117859751989,-42.059395257517195
34,35.0,0.8841680018832269,7.1795077690167295,0.4783849012389597,0.016595240855066293,0.009715784391536668,0.348543791889763,0.021571178597523777,-42.05939525751585
35,36.0,0.9117010189627415,2.463941827249465,0.47838511636297837,0.016595408073143088,0.009715784392108474,0.34854379190001944,0.021571178595261475,-42.05939525710388
36,37.0,0.13097026729129035,1.842511294733752,0.47838491282509854,0.016595243380875653,0.009715784391534598,0.34854379188972584,0.021571178597522334,-42.059395257517345
37,38.0,0.24930629497035672,3.5257070652013422,0.4783849122773757,0.01659524437185481,0.00971578439153461,0.348543791889726,0.021571178597521334,-42.05939525751734
38,39.0,0.25235584556016377,8.250653170918824,0.4783849127949314,0.016595243767945786,0.009715784391534586,0.3485437918897256,0.021571178597522334,-42.05939525751735
39,40.0,0.09767934172160309,3.2800425510209883,0.478384912714326,0.01659524403105856,0.009715784391534588,0.3485437918897256,0.02157117859752178,-42.05939525751735
40,41.0,0.49326971255340546,4.337964091673446,0.4783849052621207,0.01659524330778974,0.00971578439153555,0.3485437918897429,0.021571178597522334,-42.05939525751666
41,42.0,0.28864364895669925,5.420030927750352,0.47838491206115724,0.016595245124226256,0.009715784391534605,0.34854379188972595,0.02157117859752078,-42.05939525751734
42,43.0,0.9654367239573981,6.6405167611491285,0.4783848819519783,0.016595235803052326,0.009715784391545502,0.3485437918899214,0.021571178597523555,-42.059395257509486
43,44.0,0.2833167669926958,7.668660939002602,0.4783849123405683,0.01659524460600199,0.0097157843915346,0.34854379188972584,0.021571178597521334,-42.059395257517345
44,45.0,0.7403261745327535,6.551868423993638,0.478384905311327,0.016595243455732378,0.009715784391535531,0.3485437918897426,0.021571178597522223,-42.05939525751667
45,46.0,0.19713119035875737,5.591884945913143,0.4783849123113146,0.0165952447846445,0.009715784391534595,0.3485437918897258,0.021571178597521334,-42.059395257517345
46,47.0,0.8909734319276459,2.1046841891915684,0.47838491414423373,0.0165952449436931,0.009715784391534497,0.348543791889724,0.021571178597520224,-42.05939525751742
47,48.0,0.43619545607415355,3.468321699990287,0.47838489910285964,0.016595241373990613,0.009715784391537167,0.3485437918897719,0.021571178597523555,-42.05939525751549
48,49.0,0.760721950749463,6.165133173279337,0.47838489990603783,0.016595243341909323,0.0097157843915367,0.34854379188976353,0.021571178597522667,-42.05939525751583
49,50.0,0.7341885235647646,2.6623264082160425,0.4783845301639819,0.016595029710768976,0.009715784393281005,0.34854379192105106,0.021571178594123275,-42.059395256259094
50,51.0,0.42484847569807316,3.104036531612334,0.4783848908374985,0.016595238613939054,0.009715784391540496,0.34854379188983164,0.021571178597524443,-42.059395257513096
51,52.0,0.9641261278893639,5.007096615904252,0.4783847891917678,0.016595199342555957,0.009715784391694782,0.34854379189259904,0.02157117859740687,-42.05939525740193
52,53.0,0.5065028758129416,1.8574806291988053,0.47838453475634546,0.01659503852087975,0.009715784393216468,0.3485437919198935,0.021571178594404605,-42.0593952563056
53,54.0,0.13594118079378625,8.624268782571264,0.4783849124422881,0.016595244464157683,0.009715784391534598,0.34854379188972584,0.021571178597521112,-42.059395257517345
54,55.0,0.2128686614504508,3.3581775186862433,0.4783849123811458,0.016595244410990716,0.009715784391534603,0.3485437918897259,0.021571178597521112,-42.059395257517345
55,56.0,0.6517524232913038,4.362395384022602,0.47838487690301956,0.01659523456401543,0.009715784391548889,0.3485437918899822,0.021571178597523555,-42.05939525750705
56,57.0,0.3133047693092814,3.018880585283277,0.478384907979387,0.016595245186406857,0.009715784391535004,0.3485437918897331,0.021571178597521,-42.05939525751705
57,58.0,0.42349148784336743,7.85022728915766,0.478384912538704,0.016595244277027143,0.009715784391534593,0.3485437918897258,0.021571178597521667,-42.05939525751735
58,59.0,0.44739050641066747,1.5707483189927456,0.47838451612224947,0.01659501555579769,0.009715784393435128,0.3485437919238156,0.021571178593645546,-42.05939525614806
59,60.0,0.26081419703034303,9.70398959033208,0.47838491277309253,0.016595243747600918,0.009715784391534591,0.34854379188972573,0.021571178597522,-42.05939525751735
60,61.0,0.5715504839606549,6.327325092306426,0.4783849117645921,0.016595243039126954,0.009715784391534695,0.34854379188972756,0.021571178597522556,-42.059395257517274
61,62.0,0.858570889254442,1.5005474862930184,0.47838493169465485,0.016595249814669907,0.009715784391536496,0.34854379188975987,0.021571178597514118,-42.05939525751597
62,63.0,0.9735700135643082,9.879354520291878,0.47838491047896176,0.016595242636828954,0.009715784391534844,0.3485437918897302,0.021571178597522667,-42.05939525751717
63,64.0,0.7284764743629045,6.9220924678425995,0.4783849082038326,0.01659524390369416,0.009715784391535054,0.348543791889734,0.021571178597521667,-42.05939525751702
64,65.0,0.1131298053096983,1.8162963387035147,0.4783849126722794,0.016595243803532334,0.009715784391534598,0.34854379188972584,0.021571178597521667,-42.059395257517345
65,66.0,0.504300863822491,8.946952050830848,0.47838491244449854,0.016595244534678668,0.009715784391534595,0.3485437918897258,0.021571178597521334,-42.059395257517345
66,67.0,0.468894778711218,4.161288727824479,0.4783849067987321,0.01659524091725437,0.009715784391535478,0.3485437918897416,0.021571178597523777,-42.05939525751671
67,68.0,0.9461244622976016,9.583778173175327,0.47838490993649935,0.016595243878852188,0.009715784391534843,0.34854379188973017,0.021571178597522,-42.05939525751717
68,69.0,0.2000892088008206,4.532522828371676,0.47838491236398833,0.01659524452743874,0.009715784391534605,0.34854379188972595,0.02157117859752078,-42.05939525751734
69,70.0,0.10570129809534368,3.4019923679140365,0.4783849128348768,0.016595243631061376,0.009715784391534591,0.34854379188972573,0.021571178597522,-42.05939525751735
70,71.0,0.9863340802567577,0.6076378140074237,0.47838476485390613,0.016595455654403478,0.009715784391586667,0.3485437918906598,0.021571178593817075,-42.05939525747983
71,72.0,0.7403957088126649,0.9358864229460063,0.47838490563434466,0.01659524164128711,0.009715784391535625,0.34854379188974427,0.021571178597523555,-42.059395257516606
72,73.0,0.8687091520157784,4.015037568126439,0.47838471443088815,0.016595162781086355,0.009715784391955081,0.34854379189726803,0.021571178597080243,-42.0593952572144
73,74.0,0.08477344136237208,7.791695122653419,0.47838491311427284,0.016595243291572734,0.009715784391534577,0.34854379188972545,0.02157117859752289,-42.059395257517366
74,75.0,0.413061032111121,6.02562534788064,0.47838491249350423,0.01659524397862724,0.009715784391534607,0.34854379188972595,0.021571178597521667,-42.05939525751734
75,76.0,0.39884050554684136,3.809836734886511,0.4783849081400456,0.01659524436179254,0.009715784391535033,0.3485437918897336,0.021571178597521334,-42.05939525751703
76,77.0,0.33495051609696647,9.344163661952527,0.4783849125444992,0.016595244192513896,0.009715784391534593,0.3485437918897258,0.02157117859752178,-42.05939525751735
77,78.0,0.7307483385529502,3.8552974440804983,0.47838479736157713,0.016595203488601783,0.009715784391673653,0.34854379189222007,0.02157117859743085,-42.05939525741716
78,79.0,0.9549996534902605,7.003377905514944,0.47838489068195467,0.016595239048067638,0.009715784391540468,0.34854379188983114,0.021571178597524776,-42.05939525751312
79,80.0,0.12056678335097437,8.419324888897195,0.47838491291173224,0.01659524362149545,0.009715784391534584,0.34854379188972556,0.021571178597522,-42.05939525751736
80,81.0,0.7766300006722239,4.158041560068385,0.4783848036413645,0.016595208822125923,0.009715784391656341,0.3485437918919095,0.021571178597457497,-42.05939525742963
81,82.0,0.4283777014710979,8.079001911258999,0.4783849127754798,0.01659524375702857,0.00971578439153459,0.3485437918897256,0.021571178597522,-42.05939525751735
82,83.0,0.5466380497348954,9.36546156373011,0.4783849130062001,0.01659524327901855,0.009715784391534584,0.34854379188972556,0.021571178597522667,-42.05939525751736
83,84.0,0.5825362688632402,8.342464648741972,0.47838491198900684,0.016595245110951208,0.009715784391534612,0.3485437918897261,0.02157117859752078,-42.05939525751733
84,85.0,0.2426312022121,9.181612602305186,0.478384912446281,0.016595244400375308,0.009715784391534595,0.3485437918897258,0.021571178597521667,-42.059395257517345
85,86.0,0.5336773783808093,0.9410590949587024,0.4783849308738028,0.016595249351035197,0.00971578439153625,0.3485437918897554,0.021571178597514673,-42.05939525751616
86,87.0,0.2384391407655272,1.6131117113829865,0.47838487894347614,0.016595235070455946,0.009715784391547461,0.34854379188995654,0.021571178597523888,-42.05939525750808
87,88.0,0.604760458163266,4.697471955268463,0.4783848965562765,0.01659524198276542,0.009715784391537832,0.3485437918897838,0.021571178597523444,-42.059395257515014
88,89.0,0.43062315127560247,0.0064883337178115365,0.47838491089943774,0.016595247492799586,0.00971578439153464,0.34854379188972656,0.021571178597517116,-42.059395257517316
89,90.0,0.7358994826311324,3.4088491040647386,0.4783847163328748,0.01659516309406036,0.009715784391948049,0.34854379189714185,0.02157117859708335,-42.059395257219464
90,91.0,0.6359842143481533,1.73898868568522,0.4783850380676014,0.016595345501417245,0.009715784391748378,0.3485437918935604,0.02157117859662039,-42.05939525736332
91,92.0,0.5189001025889849,0.1503438115034733,0.47838491850322507,0.016595224858669655,0.009715784391535061,0.34854379188973417,0.021571178597510787,-42.05939525751701
92,93.0,0.0657307079676136,9.417907746385819,0.47838491289018065,0.016595243773807132,0.009715784391534586,0.3485437918897256,0.021571178597521667,-42.05939525751735
93,94.0,0.20906532154548674,3.8850635601859005,0.47838491219632956,0.01659524462340404,0.009715784391534608,0.348543791889726,0.021571178597521334,-42.05939525751734
94,95.0,0.20268209728541042,3.0979702236597357,0.4783849119965112,0.016595245364555904,0.009715784391534605,0.34854379188972595,0.021571178597520224,-42.05939525751734
95,96.0,0.3168867415127996,2.5187988064236313,0.4783848995514475,0.01659524075336554,0.009715784391537124,0.34854379188977114,0.02157117859752422,-42.059395257515526
96,97.0,0.5810711901818642,7.634767023448083,0.47838491180257015,0.01659524517216432,0.009715784391534626,0.3485437918897263,0.021571178597520446,-42.05939525751732
97,98.0,0.2481877788450948,1.9961318223145248,0.4783848999543383,0.016595241849191256,0.00971578439153688,0.34854379188976675,0.021571178597523,-42.0593952575157
98,99.0,0.3200229876152293,4.369475332543381,0.47838491218088336,0.016595244567432922,0.009715784391534608,0.348543791889726,0.021571178597521667,-42.05939525751734
99,100.0,0.8507344577552368,8.07652109062447,0.47838490828438013,0.01659524349925048,0.009715784391535063,0.34854379188973417,0.021571178597522223,-42.05939525751701
100,101.0,0.2923647904041955,7.58918841743731,0.4783849118298366,0.016595245782046766,0.009715784391534608,0.348543791889726,0.02157117859751989,-42.05939525751734
101,102.0,0.9650897430396759,7.1510582884877625,0.47838489272242096,0.01659523863105394,0.009715784391539736,0.348543791889818,0.021571178597524776,-42.05939525751364
102,103.0,0.5759212589649764,9.845193792411239,0.47838491271086875,0.016595243956440575,0.009715784391534591,0.34854379188972573,0.02157117859752178,-42.05939525751735
103,104.0,0.34172168890909627,5.0159246018028805,0.4783849122554113,0.016595244461404833,0.00971578439153461,0.348543791889726,0.021571178597521334,-42.05939525751734
104,105.0,0.42949685335856846,9.024807702896464,0.4783849123185679,0.01659524487025331,0.009715784391534596,0.3485437918897258,0.021571178597521,-42.059395257517345
105,106.0,0.026097239222340862,9.720032298365085,0.47838491278868395,0.01659524394336695,0.009715784391534591,0.34854379188972573,0.021571178597521334,-42.05939525751735
106,107.0,0.8433710342619474,2.6406814119310376,0.478384564943767,0.016595010396706605,0.009715784393117993,0.3485437919181272,0.02157117859346347,-42.05939525637655
107,108.0,0.6097673964716397,3.2029297868105995,0.47838479492297825,0.016595203010967174,0.009715784391678998,0.34854379189231594,0.021571178597427965,-42.05939525741331
108,109.0,0.08343120070726018,3.915129819024104,0.478384912837444,0.01659524389105666,0.009715784391534588,0.3485437918897256,0.021571178597521445,-42.05939525751735
109,110.0,0.04230582508797465,6.848093411849312,0.47838491257380844,0.016595244292287543,0.009715784391534593,0.3485437918897258,0.021571178597521445,-42.05939525751735
110,111.0,0.5894249701003073,1.3992551466142795,0.4783849142294397,0.01659524460656919,0.009715784391534487,0.34854379188972384,0.021571178597521445,-42.05939525751742
111,112.0,0.5124411434209561,8.261576633020683,0.4783849123320114,0.01659524467739234,0.009715784391534603,0.3485437918897259,0.02157117859752078,-42.059395257517345
112,113.0,0.34039605137259044,3.9168479600305353,0.4783849116445841,0.016595244109216825,0.009715784391534671,0.3485437918897271,0.021571178597521334,-42.059395257517295
113,114.0,0.022439669461620237,6.18730767126296,0.47838491277126555,0.016595244230673236,0.009715784391534579,0.34854379188972545,0.021571178597521667,-42.05939525751736
114,115.0,0.4392716481774156,5.158980770651353,0.4783849119776464,0.016595243360272068,0.009715784391534664,0.348543791889727,0.021571178597522223,-42.0593952575173
115,116.0,0.2671081020016639,8.454286030260567,0.4783849124528718,0.01659524462680029,0.009715784391534591,0.34854379188972573,0.021571178597521112,-42.05939525751735
116,117.0,0.4279108614634578,3.4922492357528188,0.47838490166198544,0.016595240782779144,0.009715784391536572,0.34854379188976126,0.021571178597523888,-42.059395257515924
117,118.0,0.3712106177750436,9.481078721174677,0.4783849129684721,0.016595243517462503,0.009715784391534588,0.3485437918897256,0.02157117859752178,-42.05939525751735
118,119.0,0.6616734831082989,8.954599513569859,0.4783849122203032,0.016595244411916468,0.009715784391534615,0.3485437918897262,0.021571178597521334,-42.05939525751733
119,120.0,0.45069599358696677,4.362579254241205,0.47838490870263495,0.016595243645172092,0.009715784391535006,0.34854379188973317,0.021571178597521445,-42.05939525751705
120,121.0,0.03647394578206742,8.882864350159709,0.4783849128560605,0.01659524375348572,0.00971578439153459,0.3485437918897256,0.021571178597521667,-42.05939525751735
121,122.0,0.14527602319637278,8.035809480834605,0.4783849126131906,0.016595244072265508,0.009715784391534595,0.3485437918897258,0.021571178597521667,-42.059395257517345
122,123.0,0.3027996551748381,9.245244381181356,0.47838491278856293,0.016595243937937692,0.009715784391534584,0.34854379188972556,0.021571178597522,-42.05939525751736
123,124.0,0.4473991096712855,6.523631540716913,0.4783849123301812,0.016595244323683506,0.009715784391534601,0.3485437918897259,0.021571178597522,-42.059395257517345
124,125.0,0.9996624446561997,7.533889060886263,0.47838489370158854,0.016595240397180713,0.009715784391539046,0.3485437918898056,0.02157117859752411,-42.05939525751414
125,126.0,0.19722021829969294,5.437208185514349,0.47838491246331866,0.016595244473269197,0.009715784391534595,0.3485437918897258,0.021571178597521334,-42.059395257517345
126,127.0,0.46114958976727194,5.608273066884696,0.4783849116739492,0.01659524460343174,0.00971578439153465,0.34854379188972673,0.021571178597521112,-42.05939525751731
127,128.0,0.012116715992160354,4.003149291550978,0.4783849127573611,0.016595244163338525,0.009715784391534586,0.3485437918897256,0.021571178597521334,-42.05939525751735
128,129.0,0.3248918317583088,3.841267791818764,0.478384911077061,0.016595245567452684,0.009715784391534674,0.3485437918897272,0.02157117859751978,-42.05939525751729
129,130.0,0.5548300693291889,6.452823264382901,0.478384910952787,0.016595245331962626,0.009715784391534686,0.3485437918897274,0.021571178597520557,-42.05939525751728
130,131.0,0.7455659684213842,1.0566201454949913,0.4783849441044714,0.01659525511605897,0.00971578439154177,0.3485437918898545,0.021571178597502128,-42.05939525751218
131,132.0,0.27317647290245817,0.16609242738339833,0.4783849137722985,0.016595242383465422,0.00971578439153456,0.3485437918897251,0.02157117859752289,-42.059395257517366
132,133.0,0.9187062974396772,6.713089362956763,0.4783848910351392,0.016595238631681844,0.009715784391540415,0.34854379188983015,0.02157117859752411,-42.05939525751315
133,134.0,0.34555055612941277,7.614958164180865,0.4783849127147588,0.016595243897521938,0.009715784391534596,0.3485437918897258,0.021571178597521445,-42.059395257517345
134,135.0,0.14688232291478098,8.05649067948606,0.4783849123743376,0.016595244532841176,0.009715784391534598,0.34854379188972584,0.021571178597521334,-42.059395257517345
135,136.0,0.6567787039547622,3.3424229351610237,0.47838477813586394,0.016595193995018565,0.009715784391725433,0.3485437918931488,0.021571178597372453,-42.05939525737985
136,137.0,0.9345286116608145,8.260772400178174,0.4783849058269919,0.016595242580135387,0.00971578439153551,0.3485437918897422,0.02157117859752289,-42.059395257516684
137,138.0,0.8245070884706057,8.024080071964203,0.4783849085823356,0.016595244514355283,0.009715784391534966,0.3485437918897324,0.021571178597521667,-42.05939525751708
138,139.0,0.4120778818638605,6.162351663821066,0.4783849120067442,0.016595245140439356,0.009715784391534612,0.3485437918897261,0.021571178597520557,-42.05939525751733
139,140.0,0.25897062844744156,9.161348153801192,0.4783849127874461,0.01659524372335267,0.009715784391534586,0.3485437918897256,0.021571178597522556,-42.05939525751735
140,141.0,0.08922137753629833,4.199559136192049,0.4783849126109917,0.01659524426933198,0.009715784391534588,0.3485437918897256,0.021571178597521667,-42.05939525751735
141,142.0,0.023329374999935593,2.6759666358707506,0.47838491294201685,0.016595243646814892,0.009715784391534577,0.34854379188972545,0.021571178597522667,-42.059395257517366
142,143.0,0.701216707804838,6.1647711464892065,0.47838490519928023,0.016595243323660067,0.00971578439153556,0.3485437918897431,0.021571178597522334,-42.059395257516655
143,144.0,0.04532667562241699,0.6304864152474189,0.47838491240593795,0.016595244701842697,0.009715784391534596,0.3485437918897258,0.021571178597520557,-42.059395257517345
144,145.0,0.8091864973117672,7.211236799516662,0.47838490614252055,0.016595242626439764,0.009715784391535452,0.34854379188974116,0.02157117859752289,-42.05939525751673
145,146.0,0.11678232216430584,2.8784910191961672,0.4783849126409457,0.016595244092022298,0.009715784391534588,0.3485437918897256,0.021571178597522,-42.05939525751735
146,147.0,0.8265325671444521,5.603286302271492,0.47838487874389757,0.016595236108176425,0.00971578439154727,0.3485437918899531,0.021571178597523777,-42.059395257508214
147,148.0,0.2629679957032711,8.635501461198258,0.4783849128157194,0.016595243762300687,0.009715784391534588,0.3485437918897256,0.021571178597522,-42.05939525751735
148,149.0,0.2861579891343582,0.2159114527671592,0.4783849139370302,0.016595241947442094,0.009715784391534558,0.3485437918897251,0.021571178597523444,-42.05939525751737
149,150.0,0.19822207882368892,6.105629189961267,0.47838491206990297,0.01659524519754063,0.009715784391534601,0.3485437918897259,0.02157117859752078,-42.059395257517345
150,151.0,0.5504401310854272,0.030164859774200834,0.4783849135683401,0.01659524365483009,0.009715784391534543,0.3485437918897248,0.021571178597522,-42.05939525751739
151,152.0,0.9715326340014535,7.514744662972742,0.4783848968023723,0.016595240369076378,0.009715784391538,0.34854379188978685,0.02157117859752411,-42.05939525751489
152,153.0,0.9625940759715749,3.3852861386346222,0.4783845173867984,0.01659501457843411,0.009715784393429872,0.3485437919237213,0.021571178593610907,-42.059395256151845
153,154.0,0.4310303262574743,8.111397187112066,0.47838491225427093,0.016595244723669904,0.009715784391534608,0.348543791889726,0.021571178597520557,-42.05939525751734
154,155.0,0.12412837813904476,4.538146499654636,0.47838491251424253,0.01659524434007946,0.009715784391534591,0.34854379188972573,0.02157117859752178,-42.05939525751735
155,156.0,0.7663123385663231,3.4757833656729065,0.4783847009128449,0.016595153804400048,0.009715784392019937,0.3485437918984313,0.021571178596968,-42.059395257167665
156,157.0,0.7638798050885615,9.852333197903498,0.47838491206063344,0.01659524419823278,0.009715784391534633,0.3485437918897265,0.021571178597521667,-42.05939525751732
157,158.0,0.2329233210955357,6.9796815264505625,0.4783849121234833,0.016595245084190528,0.009715784391534607,0.34854379188972595,0.021571178597520446,-42.05939525751734
158,159.0,0.7985981422491553,9.596625035222361,0.47838491183354365,0.016595244144765382,0.009715784391534655,0.3485437918897269,0.021571178597521334,-42.0593952575173
159,160.0,0.7001744224528326,3.1728547735717343,0.47838470011141176,0.016595153623303723,0.00971578439202324,0.3485437918984906,0.021571178596965113,-42.05939525716529
160,161.0,0.9854260328213554,1.6026997394824345,0.47838493915054264,0.016595252112857437,0.0097157843915391,0.3485437918898066,0.021571178597509566,-42.0593952575141
161,162.0,0.14765402244883719,3.9201544534932453,0.4783849128358025,0.016595243851645364,0.009715784391534584,0.34854379188972556,0.021571178597522,-42.05939525751736
162,163.0,0.5330163408289766,9.980720392922446,0.47838491282846823,0.016595243682538917,0.009715784391534591,0.34854379188972573,0.021571178597522,-42.05939525751735
163,164.0,0.06572612115876797,0.2178569773312283,0.4783849126436154,0.016595244166811875,0.009715784391534595,0.3485437918897258,0.021571178597521112,-42.059395257517345
164,165.0,0.5960164576587884,9.33805477566868,0.47838491278598455,0.01659524364257367,0.009715784391534598,0.34854379188972584,0.021571178597521667,-42.059395257517345
165,166.0,0.17763391196815437,5.569167819509733,0.47838491253801907,0.016595244511781865,0.009715784391534588,0.3485437918897256,0.021571178597521334,-42.05939525751735
166,167.0,0.8259623374245826,9.2893743347797,0.47838491122588533,0.01659524411172566,0.009715784391534704,0.3485437918897277,0.021571178597521667,-42.05939525751727
167,168.0,0.5183131742614028,1.9325786047103193,0.47838454641630224,0.016595044845786104,0.009715784393115285,0.3485437919180786,0.02157117859459967,-42.059395256378494
168,169.0,0.09151759566821405,5.089866033167523,0.4783849123424489,0.016595244728598947,0.009715784391534596,0.3485437918897258,0.021571178597521,-42.059395257517345
169,170.0,0.06775866616439197,9.389145387687755,0.4783849124554421,0.016595244331679013,0.009715784391534598,0.34854379188972584,0.021571178597521445,-42.059395257517345
170,171.0,0.2376446360325828,6.160367447876133,0.4783849127594158,0.01659524417271572,0.00971578439153458,0.3485437918897255,0.021571178597521667,-42.05939525751736
171,172.0,0.47782566130424675,7.2723060952539065,0.4783849124358036,0.01659524436498879,0.009715784391534598,0.34854379188972584,0.021571178597521445,-42.059395257517345
172,173.0,0.9815546656503146,1.5138040020315,0.4783849437515123,0.01659525397103401,0.009715784391541336,0.3485437918898467,0.02157117859750468,-42.05939525751249
173,174.0,0.04796935923595125,4.555347937407554,0.47838491259999766,0.01659524435539885,0.00971578439153459,0.3485437918897256,0.021571178597521334,-42.05939525751735
174,175.0,0.7073629895254655,7.9995869365668835,0.47838491130208805,0.016595244299225632,0.009715784391534692,0.3485437918897275,0.021571178597521334,-42.059395257517274
175,176.0,0.48046201453565685,2.827128466610493,0.47838484350525196,0.0165952222448682,0.00971578439158522,0.34854379189063384,0.021571178597505014,-42.05939525748087
176,177.0,0.42108274158329373,4.816569041944342,0.47838491130484273,0.01659524444914874,0.009715784391534685,0.3485437918897274,0.021571178597521334,-42.05939525751728
177,178.0,0.9871852469269746,7.168047992489435,0.4783848897849787,0.01659523873364562,0.009715784391540916,0.34854379188983914,0.021571178597524443,-42.05939525751279
178,179.0,0.1478065858683838,4.964714398892649,0.47838491263019983,0.016595244098071945,0.00971578439153459,0.3485437918897256,0.021571178597522223,-42.05939525751735
179,180.0,0.9870364489490824,9.357116261055536,0.47838490797104793,0.016595243868378108,0.00971578439153508,0.34854379188973444,0.021571178597522334,-42.059395257517
180,181.0,0.018237605939495416,1.1435215564445977,0.47838491244398135,0.016595244600425982,0.009715784391534593,0.3485437918897258,0.021571178597521,-42.05939525751735
181,182.0,0.026438480717382085,1.26835382578621,0.4783849128879251,0.016595243725542462,0.009715784391534584,0.34854379188972556,0.021571178597522,-42.05939525751736
182,183.0,0.2120763449501024,2.2899453387202753,0.4783849109208387,0.016595243850623775,0.009715784391534745,0.3485437918897285,0.021571178597521667,-42.05939525751724
183,184.0,0.7291660778290621,2.241772873773021,0.47838459344590273,0.016595026573658668,0.009715784392881307,0.34854379191388174,0.021571178594020024,-42.05939525654708
184,185.0,0.06636345940434563,3.0672913232143455,0.478384912116701,0.01659524515868048,0.009715784391534601,0.3485437918897259,0.021571178597520557,-42.059395257517345
185,186.0,0.7626963149757864,7.982029373540094,0.4783849101278892,0.016595244135659742,0.009715784391534817,0.3485437918897297,0.021571178597521,-42.05939525751719
186,187.0,0.0410952053490361,9.18409285263411,0.4783849127363421,0.01659524422291627,0.009715784391534582,0.34854379188972556,0.021571178597521667,-42.05939525751736
187,188.0,0.24082073053496766,8.725242381479303,0.47838491235299635,0.016595244647728883,0.009715784391534598,0.34854379188972584,0.021571178597521112,-42.059395257517345
188,189.0,0.6650109014148997,3.7951854624968506,0.47838483111812197,0.016595220580559546,0.009715784391602233,0.348543791890939,0.02157117859750035,-42.059395257468616
189,190.0,0.8270198517576425,8.312758893847803,0.47838490894288516,0.01659524525210551,0.009715784391534895,0.34854379188973117,0.02157117859751989,-42.05939525751713
190,191.0,0.6585146606913284,1.2773286039110336,0.47838492269771676,0.01659524690632085,0.009715784391534744,0.34854379188972845,0.021571178597518337,-42.05939525751724
191,192.0,0.009268917999790793,8.448953989269,0.4783849129974696,0.01659524385017442,0.00971578439153457,0.3485437918897253,0.021571178597522334,-42.059395257517366
192,193.0,0.7390171007874013,8.6066811100923,0.4783849114030486,0.016595244715374297,0.009715784391534667,0.34854379188972706,0.021571178597521334,-42.059395257517295
193,194.0,0.42087482848769175,4.818556995591689,0.47838491208463396,0.016595242746901898,0.009715784391534681,0.34854379188972734,0.021571178597522556,-42.05939525751728
194,195.0,0.37375718417644266,1.5393731793111955,0.47838462209437393,0.0165951067008108,0.009715784392476497,0.34854379190662066,0.021571178596172635,-42.05939525683873
195,196.0,0.31788796661204144,7.7021705537908165,0.47838491228995217,0.016595244647251026,0.009715784391534601,0.3485437918897259,0.021571178597521112,-42.059395257517345
196,197.0,0.01792921400527847,0.16824130411823876,0.4783849132429832,0.016595243238063138,0.009715784391534572,0.3485437918897254,0.021571178597522334,-42.059395257517366
197,198.0,0.8969118166090629,4.600850399934728,0.4783847824186596,0.01659519585546487,0.00971578439171349,0.3485437918929346,0.02157117859738522,-42.05939525738845
198,199.0,0.8228459972450357,4.679406358692328,0.47838483039342283,0.01659521856173582,0.009715784391604698,0.3485437918909832,0.021571178597494578,-42.05939525746684
199,200.0,0.675944631288087,1.4088042118247228,0.47838491855621174,0.016595245615364317,0.009715784391534454,0.34854379188972323,0.02157117859751989,-42.05939525751745
200,201.0,0.03368944782013472,9.194221429259958,0.47838491253915616,0.016595244740460306,0.009715784391534584,0.34854379188972556,0.021571178597521,-42.05939525751736
201,202.0,0.5866530074200034,2.6892892186972217,0.4783847091811428,0.016595157735864143,0.009715784391982653,0.34854379189776263,0.02157117859701818,-42.05939525719453
202,203.0,0.11894074336537519,8.727334365684348,0.4783849124529788,0.016595244438805293,0.0097157843915346,0.34854379188972584,0.021571178597521,-42.059395257517345
203,204.0,0.47555483421475675,5.165589012430867,0.4783849109895477,0.016595243805501994,0.009715784391534737,0.3485437918897283,0.021571178597522,-42.059395257517245
204,205.0,0.7295027470586233,0.023761416974815503,0.47838489349188557,0.01659527897657609,0.009715784391536008,0.34854379188975115,0.021571178597393215,-42.05939525751633
205,206.0,0.5538820566441625,4.241052699138801,0.4783848959887557,0.016595240084624093,0.00971578439153831,0.34854379188979245,0.021571178597523777,-42.05939525751467
206,207.0,0.2533391066780589,6.96536060494477,0.47838491256966387,0.016595244263916217,0.009715784391534593,0.3485437918897258,0.021571178597521334,-42.05939525751735
207,208.0,0.20355116247868266,8.807903605564062,0.47838491289933366,0.016595243723362206,0.009715784391534584,0.34854379188972556,0.021571178597522,-42.05939525751736
208,209.0,0.24732344240631776,6.7251426177806355,0.478384912351596,0.016595244558055815,0.0097157843915346,0.34854379188972584,0.021571178597521334,-42.059395257517345
209,210.0,0.058462979085356026,2.32667928707822,0.47838491218662255,0.016595245036756738,0.009715784391534596,0.3485437918897258,0.021571178597521112,-42.059395257517345
210,211.0,0.8793720408731918,8.093881629086809,0.47838490695276703,0.016595243744570463,0.00971578439153524,0.34854379188973733,0.021571178597522,-42.05939525751688
211,212.0,0.498517075787136,1.9292113114644858,0.47838457198696704,0.016595068813237593,0.009715784392870852,0.34854379191369417,0.021571178595280016,-42.0593952565546
212,213.0,0.8457490412413511,2.643633148082226,0.4783845654166625,0.016595015666766584,0.00971578439309578,0.3485437919177287,0.021571178593649876,-42.05939525639255
213,214.0,0.9180708061513627,9.761003391379349,0.47838491013048073,0.01659524525889879,0.009715784391534766,0.34854379188972884,0.021571178597520446,-42.059395257517224
214,215.0,0.5933170933620776,9.620642570180129,0.47838491230040603,0.016595244558305824,0.009715784391534603,0.3485437918897259,0.021571178597521334,-42.059395257517345
215,216.0,0.4504967735531621,8.536560360132016,0.4783849122150591,0.016595244660608965,0.009715784391534607,0.34854379188972595,0.021571178597521112,-42.05939525751734
216,217.0,0.033821971051836375,1.7077897026646713,0.4783849132223968,0.016595243088539987,0.009715784391534574,0.3485437918897254,0.021571178597523,-42.059395257517366
217,218.0,0.7177470312189024,0.8775005021212074,0.47838487660031237,0.01659523144329625,0.00971578439155013,0.34854379189000445,0.021571178597520446,-42.059395257506154
218,219.0,0.41964734354345323,4.598454918279091,0.4783849106414221,0.01659524502231219,0.009715784391534726,0.34854379188972817,0.021571178597520557,-42.05939525751725
219,220.0,0.04549384523186217,7.530256040133279,0.47838491258157984,0.01659524425625329,0.009715784391534593,0.3485437918897258,0.021571178597521445,-42.05939525751735
220,221.0,0.3523251733854341,7.292354349920652,0.47838491272280864,0.01659524390511654,0.009715784391534596,0.3485437918897258,0.021571178597521445,-42.059395257517345
221,222.0,0.7378886560807678,5.616931950897924,0.4783848959086714,0.01659523916595325,0.009715784391538486,0.34854379188979556,0.021571178597524443,-42.059395257514545
222,223.0,0.46430879694397353,5.356723349531075,0.47838491195405203,0.016595243098669478,0.009715784391534671,0.3485437918897271,0.02157117859752289,-42.059395257517295
223,224.0,0.21425988875382607,6.85284423835657,0.4783849121097937,0.016595245158079086,0.009715784391534605,0.34854379188972595,0.021571178597520224,-42.05939525751734
224,225.0,0.04287608332126469,1.3556799857893438,0.4783849129308873,0.01659524360712838,0.009715784391534588,0.3485437918897256,0.02157117859752178,-42.05939525751735
225,226.0,0.9818924633367644,4.14670323821946,0.47838464355797156,0.01659511934823582,0.009715784392337746,0.34854379190413187,0.021571178596420326,-42.0593952569387
226,227.0,0.868004515829691,2.513350696797085,0.4783847553594862,0.016595128832352167,0.009715784391882188,0.3485437918959606,0.021571178596589524,-42.059395257266914
227,228.0,0.45307415308098087,5.569102971026347,0.47838491178743786,0.01659524442399611,0.009715784391534647,0.3485437918897267,0.021571178597521334,-42.05939525751731
228,229.0,0.5625915103214982,7.512541581603342,0.47838491252894483,0.01659524386090824,0.009715784391534612,0.3485437918897261,0.021571178597521334,-42.05939525751733
229,230.0,0.9510107382784767,8.475811197063118,0.47838490639785364,0.016595242413755346,0.00971578439153542,0.34854379188974055,0.021571178597523444,-42.059395257516755
230,231.0,0.7935837750428948,4.73668561734063,0.4783848480145027,0.016595224442035265,0.00971578439157872,0.3485437918905172,0.021571178597509566,-42.059395257485555
231,232.0,0.4311834681731891,7.849675856783214,0.4783849125929787,0.016595244078616025,0.009715784391534595,0.3485437918897258,0.021571178597521667,-42.059395257517345
232,233.0,0.18463734639444007,8.737518138728696,0.4783849127716133,0.016595243689977522,0.009715784391534596,0.3485437918897258,0.021571178597521667,-42.059395257517345
233,234.0,0.8389604465761823,4.412356465259299,0.4783847953832098,0.016595203499811202,0.00971578439167756,0.3485437918922901,0.02157117859743085,-42.059395257414344
234,235.0,0.7803680775776858,8.978536587831552,0.4783849103884319,0.016595246218786983,0.009715784391534704,0.3485437918897277,0.02157117859751978,-42.05939525751727
235,236.0,0.27950669907256054,3.942559170418432,0.478384912042018,0.016595244613507643,0.00971578439153462,0.34854379188972623,0.021571178597521334,-42.05939525751732
236,237.0,0.4556414667280191,1.8169807536323452,0.47838459642747644,0.016595085514636523,0.009715784392675286,0.34854379191018636,0.021571178595701013,-42.0593952566955
237,238.0,0.6459221836916602,7.99693434613301,0.478384911517665,0.016595244831717447,0.009715784391534655,0.3485437918897269,0.021571178597521,-42.0593952575173
238,239.0,0.2764683609137404,4.054523687802971,0.4783849123450128,0.016595244506024284,0.0097157843915346,0.34854379188972584,0.021571178597521667,-42.059395257517345
239,240.0,0.03296335329259936,0.8508888314929035,0.47838491252049026,0.016595244522829625,0.009715784391534593,0.3485437918897258,0.021571178597521,-42.05939525751735
240,241.0,0.31772210533316314,4.591425674781673,0.47838491195542987,0.016595245096536756,0.009715784391534612,0.3485437918897261,0.021571178597521,-42.05939525751733
241,242.0,0.14366568934888224,4.87538904462069,0.47838491247237835,0.016595244417258577,0.009715784391534595,0.3485437918897258,0.021571178597521334,-42.059395257517345
242,243.0,0.6384317390144365,9.135035346006955,0.4783849123845,0.016595244276937884,0.009715784391534605,0.34854379188972595,0.021571178597521667,-42.05939525751734
243,244.0,0.9480371352311528,8.587952173266087,0.4783849072197377,0.016595242537496686,0.009715784391535283,0.3485437918897381,0.021571178597522667,-42.059395257516854
244,245.0,0.07198638138798552,5.239878028349677,0.4783849125200953,0.01659524434494655,0.009715784391534596,0.3485437918897258,0.021571178597521334,-42.059395257517345
245,246.0,0.8615865440395672,2.6302757199394917,0.4783846077165107,0.016595032570581897,0.009715784392776775,0.34854379191200674,0.02157117859421609,-42.05939525662238
246,247.0,0.8771643930745352,8.848405878633502,0.47838490938580236,0.01659524433583564,0.009715784391534883,0.3485437918897309,0.021571178597521445,-42.05939525751714
247,248.0,0.9539012807328398,1.1730831180910588,0.4783848825880029,0.016595233551952738,0.00971578439154578,0.3485437918899264,0.021571178597523222,-42.05939525750929
248,249.0,0.28766580104376926,5.8353367878750495,0.47838491223009677,0.016595245015691165,0.009715784391534601,0.3485437918897259,0.021571178597520224,-42.059395257517345
249,250.0,0.6103312206759263,3.8246421441179232,0.47838486180833467,0.016595229502158068,0.009715784391562338,0.34854379189022333,0.02157117859751867,-42.059395257497364
250,251.0,0.5526390814906411,3.411124619868462,0.47838485758093685,0.016595228382064918,0.00971578439156675,0.34854379189030255,0.02157117859751656,-42.05939525749418
251,252.0,0.4269940243481275,0.8142825710037348,0.47838492391763837,0.016595247358372405,0.00971578439153489,0.348543791889731,0.021571178597518115,-42.05939525751713
252,253.0,0.8291163027704219,6.762567269625558,0.47838490064420486,0.01659524247208352,0.009715784391536626,0.3485437918897622,0.021571178597522556,-42.05939525751588
253,254.0,0.4556570223696522,3.8921443060175647,0.4783849043191903,0.016595242150773463,0.009715784391535828,0.3485437918897479,0.021571178597523555,-42.059395257516464
254,255.0,0.2989500713922515,9.52049003900797,0.4783849125198117,0.01659524425329704,0.009715784391534596,0.3485437918897258,0.021571178597521667,-42.059395257517345
255,256.0,0.7614566273886577,5.347436517779032,0.4783848847434232,0.016595238480067283,0.009715784391543313,0.34854379188988216,0.02157117859752411,-42.05939525751106
256,257.0,0.6405359748362056,4.963497265878952,0.47838489652009136,0.01659524190685733,0.009715784391537852,0.3485437918897842,0.021571178597523444,-42.059395257515
257,258.0,0.9853567015309547,3.334785106528539,0.4783845128358102,0.01659500041909589,0.009715784393519753,0.3485437919253335,0.021571178593099982,-42.059395256087086
258,259.0,0.7665333168906281,2.9943588196291833,0.47838457948981156,0.016595074335263145,0.009715784392807899,0.348543791912565,0.021571178595424123,-42.059395256599956
259,260.0,0.518581939164643,5.20803764612334,0.4783849094597337,0.016595244061362514,0.009715784391534886,0.348543791889731,0.021571178597521667,-42.05939525751714
260,261.0,0.7003795497988855,6.843647443972587,0.47838490899926744,0.01659524327048928,0.00971578439153498,0.34854379188973267,0.02157117859752289,-42.05939525751707
261,262.0,0.41381798503935663,3.0797617418421193,0.47838489343571744,0.01659523792808648,0.009715784391539604,0.3485437918898156,0.02157117859752411,-42.05939525751374
262,263.0,0.18361968860990996,0.06144217597371208,0.47838491164558544,0.016595246326061977,0.009715784391534612,0.3485437918897261,0.021571178597518892,-42.05939525751733
263,264.0,0.8958614740607801,5.98635074215083,0.47838487606047647,0.016595235535583636,0.009715784391549114,0.3485437918899862,0.021571178597523888,-42.059395257506885
264,265.0,0.9353348713837804,7.65300843950195,0.4783849010060642,0.016595242604689343,0.009715784391536517,0.34854379188976026,0.021571178597523,-42.059395257515966
265,266.0,0.21047906333672195,8.465416621973842,0.478384912612065,0.016595244113254443,0.009715784391534588,0.3485437918897256,0.021571178597522223,-42.05939525751735
266,267.0,0.18722213108236485,2.835242002908416,0.47838491257409804,0.016595244167337042,0.009715784391534591,0.34854379188972573,0.021571178597522,-42.05939525751735
267,268.0,0.5392620932544443,3.3646852508832166,0.4783848608234238,0.01659522898730288,0.009715784391563459,0.3485437918902435,0.02157117859751767,-42.059395257496554
268,269.0,0.8342981802440177,3.033481286850975,0.4783845310077433,0.016595031714696826,0.009715784393267595,0.3485437919208106,0.021571178594188778,-42.05939525626876
269,270.0,0.3301897717821429,7.858172342027762,0.4783849125788661,0.01659524411872122,0.0097157843915346,0.34854379188972584,0.021571178597521334,-42.059395257517345
270,271.0,0.8237793250314018,1.7571762480382886,0.47838491723025417,0.01659524573209227,0.00971578439153444,0.34854379188972295,0.021571178597519558,-42.05939525751746
271,272.0,0.9357168903808396,1.5255355757292468,0.47838493870933957,0.016595252355907173,0.009715784391538994,0.34854379188980467,0.021571178597508678,-42.05939525751418
272,273.0,0.807856951383756,4.340156013295536,0.47838480596106736,0.016595207981337807,0.00971578439165291,0.348543791891848,0.021571178597452945,-42.05939525743211
273,274.0,0.48204422931071533,1.7983822793474031,0.4783845463165232,0.016595046465707794,0.009715784393110122,0.34854379191798596,0.021571178594648632,-42.05939525638222
274,275.0,0.6300358901445882,4.665709764791288,0.47838489184198063,0.016595239657858772,0.009715784391539882,0.3485437918898206,0.021571178597524443,-42.05939525751354
275,276.0,0.9596865462781996,0.4421948395052419,0.4783848661905591,0.01659530717330671,0.009715784391540878,0.3485437918898385,0.021571178597150298,-42.05939525751282
276,277.0,0.5608354355064628,5.36254165694961,0.47838490845485204,0.016595243830860473,0.009715784391535021,0.34854379188973345,0.021571178597522,-42.05939525751704
277,278.0,0.6985432723215775,7.974403155280009,0.4783849110693097,0.01659524499830692,0.009715784391534688,0.34854379188972745,0.021571178597520557,-42.05939525751728
278,279.0,0.5782008719776205,2.192015972667077,0.47838455806477276,0.016595054922268107,0.009715784393004294,0.34854379191608775,0.021571178594896545,-42.05939525645846
279,280.0,0.965477237937787,6.615364465964716,0.4783848810110411,0.01659523596068769,0.00971578439154598,0.34854379188993,0.021571178597524665,-42.059395257509145
280,281.0,0.08123796748191148,6.4468730975564705,0.4783849129172103,0.01659524368939584,0.00971578439153458,0.3485437918897255,0.021571178597522223,-42.05939525751736
281,282.0,0.5763641935313001,3.6686434733653472,0.47838486569927924,0.01659523177524252,0.009715784391558041,0.34854379189014634,0.021571178597521667,-42.059395257500455
282,283.0,0.15699972382019756,3.3732643576225585,0.47838491214340245,0.01659524507990809,0.009715784391534598,0.34854379188972584,0.021571178597521112,-42.059395257517345
283,284.0,0.4139258305479553,4.306244246773011,0.4783849099561292,0.016595244767833434,0.009715784391534803,0.34854379188972956,0.02157117859752078,-42.059395257517195
284,285.0,0.14802115116622216,8.339966426273584,0.47838491278133055,0.016595244026205488,0.009715784391534588,0.3485437918897256,0.021571178597521445,-42.05939525751735
285,286.0,0.2719711047815726,1.6407504057851707,0.4783848515959537,0.016595224835529165,0.009715784391574606,0.34854379189044343,0.021571178597510787,-42.05939525748852
286,287.0,0.5153707768366832,4.427021565744092,0.4783849044718783,0.016595242185671072,0.009715784391535792,0.34854379188974727,0.021571178597523777,-42.059395257516485
287,288.0,0.3810413439811243,1.9852862417394788,0.4783847904167174,0.016595201000631835,0.009715784391690374,0.34854379189252,0.021571178597416973,-42.059395257405114
288,289.0,0.08878956865855592,3.9960157470461124,0.47838491286710444,0.016595243751575783,0.009715784391534584,0.34854379188972556,0.021571178597522223,-42.05939525751736
289,290.0,0.9394087885108211,1.3786555669314324,0.47838494553803046,0.01659525508854121,0.009715784391542425,0.34854379188986623,0.02157117859750135,-42.0593952575117
290,291.0,0.8850362149479295,7.219431198521805,0.47838490122070676,0.01659524129845872,0.009715784391536617,0.34854379188976203,0.021571178597523888,-42.05939525751589
291,292.0,0.1938279462125948,7.758324331181281,0.4783849125901199,0.01659524434084513,0.009715784391534593,0.3485437918897258,0.021571178597521,-42.05939525751735
292,293.0,0.3445083191288383,0.2498050801185694,0.47838491279503564,0.016595244002997278,0.009715784391534584,0.34854379188972556,0.02157117859752178,-42.05939525751736
293,294.0,0.2729905474008173,2.2941924348167375,0.47838490325186095,0.01659524175096404,0.009715784391536093,0.34854379188975265,0.021571178597523444,-42.05939525751627
294,295.0,0.7780614914039139,1.9950056972997028,0.478384913228702,0.016595244277024045,0.009715784391534555,0.34854379188972506,0.021571178597521,-42.05939525751737
295,296.0,0.5456002814870357,8.25014425225195,0.47838491254676746,0.016595244272416876,0.009715784391534598,0.34854379188972584,0.021571178597521112,-42.059395257517345
296,297.0,0.7242718593539116,4.3811750491985855,0.4783848521791154,0.016595225491518362,0.009715784391573638,0.3485437918904261,0.021571178597511675,-42.059395257489214
297,298.0,0.130241941784219,1.1139268777995384,0.47838490348153484,0.01659524390004448,0.00971578439153584,0.3485437918897481,0.021571178597521667,-42.05939525751645
298,299.0,0.782532869771954,7.630551018791582,0.4783849087960422,0.01659524389816638,0.009715784391534973,0.3485437918897325,0.021571178597522,-42.059395257517075
299,300.0,0.2582432524099699,0.6264876569759412,0.4783849131983335,0.01659524239967045,0.0097157843915346,0.34854379188972584,0.021571178597523,-42.059395257517345
300,301.0,0.46334468242849147,0.1705391919398578,0.47838491129716143,0.016595246100223726,0.009715784391534634,0.3485437918897265,0.02157117859751989,-42.05939525751732
301,302.0,0.22252749614489076,5.529471076983129,0.4783849124408495,0.016595244488144555,0.009715784391534595,0.3485437918897258,0.021571178597521334,-42.059395257517345
302,303.0,0.8106515382750733,3.8205558558037933,0.4783847288466983,0.01659516946257516,0.009715784391895913,0.34854379189620677,0.02157117859715607,-42.05939525725703
303,304.0,0.32645105120153073,4.413640935217092,0.47838491240193015,0.016595243897796434,0.009715784391534615,0.3485437918897262,0.02157117859752178,-42.05939525751733
304,305.0,0.4637559799817279,6.146180600590073,0.4783849118611482,0.01659524498133097,0.009715784391534626,0.3485437918897263,0.021571178597520557,-42.05939525751732
305,306.0,0.16321678428536668,1.863421882251846,0.4783849119557921,0.01659524284452025,0.00971578439153469,0.34854379188972745,0.021571178597522334,-42.059395257517274
306,307.0,0.14135603743173697,1.4997078059532978,0.4783849103410178,0.016595244593056235,0.009715784391534773,0.34854379188972895,0.021571178597521,-42.059395257517224
307,308.0,0.558565538523315,7.261050396511972,0.47838491211353695,0.01659524397297615,0.009715784391534638,0.34854379188972656,0.021571178597521445,-42.059395257517316
308,309.0,0.06487762755911775,6.821407096611145,0.4783849131484979,0.016595243209732186,0.009715784391534574,0.3485437918897254,0.021571178597523,-42.059395257517366
309,310.0,0.09996347591927746,8.1465363803928,0.4783849127963199,0.01659524378957901,0.009715784391534588,0.3485437918897256,0.02157117859752178,-42.05939525751735
310,311.0,0.5487723439863612,8.846194711080223,0.4783849126705894,0.01659524389579186,0.009715784391534591,0.34854379188972573,0.021571178597522334,-42.05939525751735
311,312.0,0.5559453608671032,4.698691721936508,0.47838490301288966,0.016595243436493573,0.009715784391535972,0.34854379188975043,0.021571178597522556,-42.05939525751636
312,313.0,0.9001421881361482,6.162164195754494,0.47838488121515765,0.01659523547886469,0.009715784391546004,0.3485437918899304,0.021571178597524443,-42.059395257509124
313,314.0,0.8680226772085902,7.790881541485187,0.47838490673608713,0.01659524243625493,0.009715784391535365,0.3485437918897396,0.021571178597523,-42.05939525751679
314,315.0,0.5387523389170868,3.3678655114779223,0.47838486073721914,0.01659523037335409,0.009715784391562888,0.34854379189023327,0.021571178597520224,-42.059395257496966
315,316.0,0.4558534926299025,8.593797258900068,0.47838491253290394,0.016595244238082556,0.009715784391534596,0.3485437918897258,0.021571178597521445,-42.059395257517345
316,317.0,0.16377472591476505,7.822268551327959,0.4783849126758462,0.016595244301900507,0.009715784391534584,0.34854379188972556,0.021571178597521334,-42.05939525751736
317,318.0,0.7729429631151494,4.441866924569811,0.4783848341806208,0.016595220546701005,0.00971578439159811,0.348543791890865,0.02157117859750035,-42.059395257471586
318,319.0,0.266316968602606,4.752054371151761,0.4783849126231474,0.016595244068647576,0.00971578439153459,0.3485437918897256,0.021571178597522,-42.05939525751735
319,320.0,0.968476498217371,2.0642025681227048,0.47838491750746953,0.01659524526188373,0.009715784391534435,0.3485437918897229,0.021571178597520113,-42.059395257517465
320,321.0,0.01493465099920499,3.097534308305316,0.4783849123356786,0.016595244897049593,0.009715784391534591,0.34854379188972573,0.021571178597521334,-42.05939525751735
321,322.0,0.4666766651143953,8.511993984816462,0.4783849126154596,0.016595244077730914,0.009715784391534598,0.34854379188972584,0.021571178597521112,-42.059395257517345
322,323.0,0.9752452109012237,1.5477263296615775,0.4783849414513694,0.016595253023398263,0.009715784391540158,0.34854379188982554,0.021571178597507346,-42.059395257513344
323,324.0,0.46919708446450603,0.3439159779362618,0.47838491306887493,0.01659524375378993,0.009715784391534575,0.34854379188972545,0.021571178597521445,-42.059395257517366
324,325.0,0.08678515914374374,9.825471743224401,0.4783849125888955,0.016595244319966992,0.00971578439153459,0.3485437918897256,0.021571178597521334,-42.05939525751735
325,326.0,0.7678778496511975,4.992719746372588,0.47838487106526695,0.01659523219447871,0.009715784391553725,0.3485437918900689,0.021571178597521667,-42.05939525750357
326,327.0,0.9898743691993609,0.5615353405104747,0.4783848985743482,0.016595263921505725,0.009715784391535495,0.34854379188974194,0.021571178597472263,-42.0593952575167
327,328.0,0.578530400835917,3.669313034964299,0.47838486563755633,0.016595229633207764,0.009715784391559006,0.34854379189016366,0.02157117859751856,-42.05939525749976
328,329.0,0.14388985441653102,5.983599429061455,0.47838491254663035,0.016595244294418297,0.009715784391534595,0.3485437918897258,0.021571178597521334,-42.059395257517345
329,330.0,0.6548292005287751,9.410671040985267,0.4783849127524877,0.01659524366043352,0.009715784391534591,0.34854379188972573,0.021571178597522556,-42.05939525751735
330,331.0,0.2508148264688336,7.255395361828665,0.47840065534734044,0.016563930810616148,0.009715785153916228,0.3485438055645548,0.02157110182643529,-42.05939470823888
331,332.0,0.7157669842519828,6.230009549416644,0.4783849048322758,0.01659524298533287,0.009715784391535653,0.3485437918897447,0.021571178597523,-42.059395257516584
332,333.0,0.3964246724816959,5.1904668002716265,0.47838491207444406,0.016595244489846374,0.009715784391534622,0.3485437918897263,0.021571178597521445,-42.05939525751732
333,334.0,0.9125687100215977,1.7815759675537428,0.4783849224067186,0.016595246467112672,0.009715784391534688,0.34854379188972745,0.021571178597519336,-42.05939525751728
334,335.0,0.39299335007189795,2.704425902542607,0.4783848808729326,0.016595238225839373,0.009715784391545423,0.34854379188992,0.02157117859752411,-42.05939525750955
335,336.0,0.2767503672616195,7.72144257296743,0.4783849124288948,0.01659524461271481,0.009715784391534595,0.3485437918897258,0.021571178597521112,-42.059395257517345
336,337.0,0.8681525355592943,2.48142928710181,0.4783848080200844,0.016595162705206383,0.009715784391696961,0.3485437918926381,0.021571178597079355,-42.05939525740037
337,338.0,0.7655471278068278,5.093649102398318,0.4783848752703,0.016595235292887003,0.009715784391549704,0.3485437918899968,0.021571178597523888,-42.059395257506466
338,339.0,0.41979265504442,3.5724612287959014,0.47838490337949563,0.01659524284926741,0.009715784391535955,0.34854379188975015,0.021571178597522667,-42.05939525751637
339,340.0,0.30911558722016963,8.74646963384473,0.47838491280037,0.016595243778880383,0.009715784391534584,0.34854379188972556,0.021571178597522334,-42.05939525751736
340,341.0,0.6930507923968883,7.1997969946309786,0.478384910708906,0.016595242508575192,0.009715784391534824,0.34854379188972984,0.02157117859752289,-42.05939525751718
341,342.0,0.3393904040649428,2.2162716084124643,0.4783848717340907,0.01659523288632483,0.009715784391552981,0.3485437918900555,0.021571178597522223,-42.0593952575041
342,343.0,0.6042897405868262,9.690947756736081,0.4783849122435675,0.01659524494512065,0.0097157843915346,0.34854379188972584,0.02157117859752078,-42.059395257517345
343,344.0,0.7190583810934288,4.918670035683923,0.47838488038869614,0.016595236759828224,0.00971578439154611,0.34854379188993234,0.021571178597524443,-42.05939525750905
344,345.0,0.8284137757952703,1.0677111043910479,0.47838491784034043,0.016595245826814688,0.009715784391534445,0.3485437918897231,0.02157117859751989,-42.05939525751746
345,346.0,0.03065429096048855,3.4455771277237175,0.4783849126450887,0.016595244310839162,0.009715784391534588,0.3485437918897256,0.021571178597521334,-42.05939525751735
346,347.0,0.04583329598615604,9.284533165330231,0.47838491264733946,0.016595244400203688,0.00971578439153458,0.3485437918897255,0.021571178597521667,-42.05939525751736
347,348.0,0.7784272470523037,3.8208799747309565,0.4783847571963358,0.01659518149165978,0.009715784391794232,0.3485437918943829,0.021571178597273533,-42.05939525733029
348,349.0,0.012385476046753774,6.395316365269245,0.4783849129103196,0.0165952439092822,0.00971578439153458,0.3485437918897255,0.021571178597521667,-42.05939525751736
349,350.0,0.8611641251363752,7.690581401758629,0.4783849069301615,0.01659524136245468,0.009715784391535422,0.3485437918897406,0.021571178597523222,-42.059395257516755
350,351.0,0.6788637147109616,2.359876373625499,0.4783845141027776,0.016595009927240452,0.009715784393472173,0.34854379192448004,0.021571178593446372,-42.05939525612137
351,352.0,0.05740498146489703,3.357701145026168,0.4783849127853277,0.016595244103083995,0.009715784391534586,0.3485437918897256,0.021571178597521334,-42.05939525751735
352,353.0,0.019839289618290512,8.90851249927268,0.4783849126373056,0.01659524453121229,0.009715784391534577,0.34854379188972545,0.021571178597521667,-42.059395257517366
353,354.0,0.5123938708222839,7.690701521036675,0.47838491242348535,0.0165952445654153,0.009715784391534595,0.3485437918897258,0.021571178597521112,-42.059395257517345
354,355.0,0.6463833883553947,8.292210031419335,0.47838491219696727,0.016595244046122896,0.00971578439153463,0.3485437918897264,0.021571178597521334,-42.05939525751732
355,356.0,0.2467582458809504,1.7962951129940494,0.47838489048829674,0.01659523802225977,0.009715784391540765,0.3485437918898365,0.021571178597524665,-42.0593952575129
356,357.0,0.7431878884539603,3.190367881931919,0.4783846561897946,0.016595129961036324,0.009715784392253634,0.3485437919026232,0.02157117859660851,-42.059395256999295
357,358.0,0.06593693549327762,7.906996966533877,0.47838491245200165,0.016595244404549923,0.0097157843915346,0.34854379188972584,0.021571178597521,-42.059395257517345
358,359.0,0.7900999533689548,3.3379643067126716,0.47838464389998686,0.0165951196152128,0.009715784392335463,0.3485437919040909,0.021571178596424878,-42.05939525694034
359,360.0,0.8294265751796464,7.450077892203666,0.4783849061312765,0.01659524382778453,0.009715784391535363,0.34854379188973955,0.02157117859752178,-42.05939525751679
360,361.0,0.7160333450837942,0.9038045422935596,0.47838490440440434,0.016595241650672592,0.009715784391535861,0.3485437918897485,0.021571178597523555,-42.059395257516435
361,362.0,0.5683317670742891,9.711711854539043,0.4783849122541954,0.016595244786329563,0.009715784391534598,0.34854379188972584,0.021571178597521334,-42.059395257517345
362,363.0,0.6038313062840734,7.180819668854616,0.4783849117728769,0.01659524430490856,0.009715784391534655,0.3485437918897269,0.021571178597521112,-42.0593952575173
363,364.0,0.6208524153341226,1.4908921893587772,0.47838491393074817,0.0165952446602128,0.009715784391534504,0.3485437918897241,0.021571178597521112,-42.059395257517416
364,365.0,0.09237683890655612,3.4802458560890033,0.47838491237098757,0.01659524484327216,0.009715784391534588,0.3485437918897256,0.021571178597521445,-42.05939525751735
365,366.0,0.04694549736927234,0.27135601340963905,0.4783849123307002,0.016595244975803787,0.009715784391534591,0.34854379188972573,0.021571178597520557,-42.05939525751735
366,367.0,0.6308678433352541,6.681797218862554,0.4783849108261534,0.0165952431174903,0.009715784391534782,0.3485437918897291,0.021571178597522556,-42.05939525751722
367,368.0,0.7964293922118202,8.028503264759884,0.47838490936207584,0.016595244375538054,0.009715784391534888,0.348543791889731,0.021571178597521,-42.05939525751713
368,369.0,0.6162288055219092,9.422940680378042,0.4783849124704082,0.016595244353892407,0.009715784391534595,0.3485437918897258,0.02157117859752178,-42.059395257517345
369,370.0,0.6124673483522921,9.238080896674333,0.47838491254456783,0.016595244014748874,0.009715784391534601,0.3485437918897259,0.021571178597521667,-42.059395257517345
370,371.0,0.05979665502695608,9.670748006570069,0.47838491213160417,0.016595245031647898,0.009715784391534608,0.348543791889726,0.021571178597520224,-42.05939525751734
371,372.0,0.37282411757153555,2.296429490162434,0.4783848569602704,0.016595228730619343,0.009715784391567166,0.34854379189031004,0.02157117859751767,-42.05939525749388
372,373.0,0.4319303871500402,3.2490642848071407,0.47838489383237964,0.016595240143688326,0.009715784391539046,0.3485437918898056,0.02157117859752411,-42.05939525751414
373,374.0,0.7637488124076216,4.767096104775886,0.4783848606603819,0.016595229420969047,0.0097157843915634,0.3485437918902424,0.02157117859751867,-42.05939525749659
374,375.0,0.973190704734107,4.5657400503810335,0.4783847255589076,0.016595168122884484,0.009715784391908696,0.34854379189643603,0.021571178597141194,-42.059395257247814
375,376.0,0.147251345236454,5.48047969114939,0.478384912540328,0.016595244251453846,0.009715784391534595,0.3485437918897258,0.021571178597521445,-42.059395257517345
376,377.0,0.7874146547170809,7.712471774398332,0.4783849090360234,0.016595244140644692,0.009715784391534936,0.3485437918897319,0.021571178597521334,-42.0593952575171
377,378.0,0.5842303323088757,0.9738135018106568,0.47838493649223884,0.016595251525643454,0.009715784391538097,0.3485437918897886,0.021571178597510343,-42.05939525751483
378,379.0,0.8928840891009994,4.732361456657558,0.4783847992082258,0.016595205259608517,0.009715784391668234,0.3485437918921228,0.021571178597440066,-42.059395257421066
379,380.0,0.8372475679289104,6.899892841079063,0.47838490186090704,0.016595242153135008,0.009715784391536366,0.34854379188975754,0.021571178597523222,-42.05939525751607
380,381.0,0.20063361071646568,8.608426153562112,0.47838491242033243,0.01659524457713274,0.009715784391534591,0.34854379188972573,0.021571178597521445,-42.05939525751735
381,382.0,0.09404984996181276,0.36554337401347925,0.4783849120443283,0.01659524594876543,0.00971578439153459,0.3485437918897256,0.021571178597519558,-42.05939525751735
382,383.0,0.8096863025994263,2.626971602728572,0.4783845293560669,0.016594996153470223,0.00971578439341672,0.3485437919234854,0.021571178592939444,-42.05939525616132
383,384.0,0.036743088178055716,1.9248868501015954,0.47838491226451185,0.016595244825728127,0.009715784391534601,0.3485437918897259,0.02157117859752078,-42.059395257517345
384,385.0,0.03518289747291026,3.4589257670646165,0.4783849123314669,0.016595244780394112,0.009715784391534596,0.3485437918897258,0.021571178597521,-42.059395257517345
385,386.0,0.6890430538921007,3.985287173673678,0.4783848375022101,0.0165952193989713,0.009715784391594533,0.34854379189080087,0.021571178597496687,-42.059395257474165
386,387.0,0.8839442126747064,5.880994736316763,0.4783848747872275,0.01659523564265994,0.009715784391549912,0.3485437918900005,0.021571178597523555,-42.05939525750631
387,388.0,0.5424661396609156,1.3794781499293693,0.4783849130565296,0.016595244673651446,0.009715784391534556,0.3485437918897251,0.021571178597520557,-42.05939525751737
388,389.0,0.5293239480876742,2.601730931772827,0.47838475730678,0.01659518348440319,0.009715784391791094,0.3485437918943266,0.021571178597291407,-42.05939525733254
389,390.0,0.5615510385388407,9.101844555367276,0.47838491214971524,0.01659524515497616,0.009715784391534598,0.34854379188972584,0.02157117859752078,-42.059395257517345
390,391.0,0.3582461388849604,1.2377360398783255,0.4783845133119102,0.016595007295996472,0.009715784393488497,0.3485437919247729,0.02157117859335167,-42.0593952561096
391,392.0,0.5754746359144469,1.7670645140708803,0.47838459531470484,0.016595028010813334,0.009715784392865204,0.34854379191359286,0.02157117859406721,-42.05939525655867
392,393.0,0.1897616627152231,8.619414418943736,0.478384913178509,0.016595243216934164,0.009715784391534582,0.34854379188972556,0.021571178597522,-42.05939525751736
393,394.0,0.6072801832732945,4.684861378590129,0.4783848967245709,0.016595240034906904,0.009715784391538071,0.34854379188978807,0.021571178597524665,-42.05939525751484
394,395.0,0.4614105786663023,1.6927362393819687,0.47838453583195234,0.016595036712122008,0.009715784393215871,0.3485437919198828,0.02157117859434765,-42.059395256306026
395,396.0,0.378332375713645,2.7724663052236256,0.478384891276064,0.016595239023599523,0.009715784391540236,0.348543791889827,0.02157117859752422,-42.05939525751329
396,397.0,0.06955230520484168,9.440714110298867,0.4783849127511804,0.01659524411031629,0.009715784391534588,0.3485437918897256,0.021571178597521334,-42.05939525751735
397,398.0,0.9153676647495341,6.563958405773717,0.47838488792125455,0.016595239014391718,0.009715784391541677,0.3485437918898528,0.021571178597523888,-42.05939525751225
398,399.0,0.03909774331931781,4.65109549107949,0.47838491270403605,0.0165952440624392,0.00971578439153459,0.3485437918897256,0.021571178597521667,-42.05939525751735
399,400.0,0.2860566911077853,7.523562575098743,0.4783849128542479,0.016595243545421433,0.009715784391534593,0.3485437918897258,0.021571178597522223,-42.05939525751735
400,401.0,0.7744067347814372,1.921777260217296,0.4783849134415587,0.016595244508470993,0.009715784391534529,0.3485437918897246,0.021571178597521667,-42.059395257517394
401,402.0,0.03809043058976225,4.610280656956658,0.4783849122043346,0.016595245080344413,0.009715784391534598,0.34854379188972584,0.021571178597520557,-42.059395257517345
402,403.0,0.7025948656368013,6.206317870449341,0.47838490605990697,0.016595242074851684,0.009715784391535507,0.3485437918897421,0.021571178597523777,-42.05939525751669
403,404.0,0.09747575670155084,8.430925324516071,0.4783849132005263,0.01659524309249929,0.009715784391534577,0.34854379188972545,0.021571178597522334,-42.059395257517366
404,405.0,0.0926075188490676,6.519707691335962,0.4783849122143084,0.016595244950887312,0.009715784391534601,0.3485437918897259,0.021571178597520557,-42.059395257517345
405,406.0,0.17267392584346775,9.819977008456902,0.47838491281131723,0.016595243840973786,0.009715784391534588,0.3485437918897256,0.021571178597522,-42.05939525751735
406,407.0,0.845009544172415,5.9844307863653095,0.4783848864834885,0.01659523686988589,0.009715784391542847,0.3485437918898738,0.021571178597524776,-42.0593952575114
407,408.0,0.09250422534067138,1.1111186348384006,0.4783849119993596,0.01659524375477863,0.00971578439153465,0.34854379188972673,0.02157117859752178,-42.05939525751731
408,409.0,0.2232573491037937,8.186008316716663,0.47838491269900596,0.016595244185423668,0.009715784391534584,0.34854379188972556,0.021571178597521667,-42.05939525751736
409,410.0,0.23372885589088532,8.483748017889333,0.4783849126599235,0.016595243955394866,0.009715784391534598,0.34854379188972584,0.021571178597521334,-42.059395257517345
410,411.0,0.3963791037674128,2.2365023145351866,0.4783848278614091,0.016595216196563938,0.009715784391610069,0.34854379189107954,0.02157117859748725,-42.05939525746297
411,412.0,0.46412854429678774,2.6228122474074325,0.47838482793656695,0.016595217392212144,0.009715784391609063,0.3485437918910615,0.02157117859749058,-42.0593952574637
412,413.0,0.47726071394172365,4.39140445335587,0.4783849070410567,0.016595243630891557,0.009715784391535236,0.3485437918897373,0.021571178597521667,-42.05939525751688
413,414.0,0.2738456764010475,9.496817444737664,0.47838491248532145,0.01659524432425021,0.009715784391534596,0.3485437918897258,0.021571178597521445,-42.059395257517345
414,415.0,0.32686659696125875,8.262449144085343,0.4783849130547021,0.01659524335065622,0.009715784391534586,0.3485437918897256,0.021571178597522,-42.05939525751735
415,416.0,0.03969353432784306,9.788429593267303,0.47838491280694945,0.016595243911286174,0.009715784391534584,0.34854379188972556,0.021571178597522,-42.05939525751736
416,417.0,0.43081330293411013,0.40697988935988677,0.4783849134033544,0.016595242783808153,0.009715784391534577,0.34854379188972545,0.021571178597522334,-42.059395257517366
417,418.0,0.8558754213400269,3.8408458854114067,0.4783846932358871,0.016595147528248613,0.009715784392061264,0.3485437918991726,0.021571178596881624,-42.05939525713789
418,419.0,0.12566576873629676,5.957721775453969,0.4783849124940047,0.01659524426305245,0.009715784391534596,0.3485437918897258,0.021571178597521667,-42.059395257517345
419,420.0,0.3729411739941665,7.31298767458039,0.4783849125992923,0.01659524414926919,0.009715784391534598,0.34854379188972584,0.021571178597521,-42.059395257517345
420,421.0,0.6292605849177371,3.4047124865574627,0.47838480935717026,0.016595209136645545,0.009715784391645745,0.34854379189171947,0.02157117859745894,-42.05939525743727
421,422.0,0.5355431342181686,1.0813588421932527,0.47838492011973266,0.016595246321556633,0.009715784391534532,0.3485437918897247,0.021571178597519225,-42.059395257517394
422,423.0,0.9965314525747918,3.4188641339005907,0.47838451279124616,0.016595004682789224,0.009715784393502833,0.34854379192503004,0.02157117859325719,-42.05939525609928
423,424.0,0.17621409619647188,1.2157367297682422,0.47838488275588625,0.016595235877416202,0.009715784391545034,0.34854379188991297,0.021571178597523888,-42.05939525750983
424,425.0,0.5965626550145156,4.089635974505755,0.47838488098849985,0.016595236534997705,0.00971578439154583,0.3485437918899273,0.02157117859752422,-42.05939525750925
425,426.0,0.9693088544910219,4.781601460128297,0.47838475923583723,0.016595185171836817,0.009715784391783607,0.3485437918941923,0.021571178597305507,-42.05939525733794
426,427.0,0.10313510776932766,4.238115859048742,0.4783849121532011,0.016595245160128638,0.009715784391534603,0.3485437918897259,0.021571178597520113,-42.059395257517345
427,428.0,0.04791512773288009,5.413987250201361,0.478384912707278,0.01659524376745691,0.009715784391534591,0.34854379188972573,0.021571178597522334,-42.05939525751735
428,429.0,0.9787492432377138,4.860039565410083,0.4783847625838558,0.016595188543387592,0.009715784391770274,0.3485437918939532,0.021571178597332596,-42.059395257347546
429,430.0,0.7387182806644587,6.56002183951653,0.47838490617138124,0.01659524259215337,0.009715784391535448,0.3485437918897411,0.021571178597523,-42.059395257516734
430,431.0,0.028082788574887108,7.1539908321589,0.4783849125202289,0.016595244468220707,0.009715784391534591,0.34854379188972573,0.021571178597521334,-42.05939525751735
431,432.0,0.8119492398668111,2.3535210182728252,0.4783847509522951,0.016595127579217037,0.009715784391898073,0.3485437918962455,0.02157117859656832,-42.05939525725547
432,433.0,0.6334188121581402,3.2601628558014153,0.47838478411262153,0.016595197491530104,0.009715784391707831,0.3485437918928331,0.02157117859739499,-42.05939525739253
433,434.0,0.1041216693646051,3.9100623642575747,0.4783849130862441,0.016595243120009148,0.009715784391534582,0.34854379188972556,0.02157117859752289,-42.05939525751736
434,435.0,0.6132628857992052,7.430983688013966,0.47838491131122357,0.016595245081166676,0.00971578439153467,0.3485437918897271,0.021571178597520224,-42.059395257517295
435,436.0,0.09987072598846758,0.2216445263523954,0.4783849114748869,0.01659524662661828,0.009715784391534614,0.3485437918897261,0.02157117859751867,-42.05939525751733
436,437.0,0.6764176117792939,2.127247373158707,0.4783845584201786,0.01659500938445376,0.009715784393164907,0.3485437919189686,0.021571178593427498,-42.05939525634275
437,438.0,0.2496211645497438,1.1611899020774097,0.47838471947738603,0.016595164804631725,0.009715784391934419,0.3485437918968974,0.02157117859710378,-42.05939525722928
438,439.0,0.13658580124714437,9.68780528207244,0.4783849124737729,0.016595244375567485,0.009715784391534596,0.3485437918897258,0.021571178597521445,-42.059395257517345
439,440.0,0.6669904658445184,5.161056444804355,0.47838489732636036,0.016595239569935617,0.009715784391537958,0.34854379188978607,0.02157117859752422,-42.05939525751493
440,441.0,0.21132085511762033,9.278933772069824,0.4783849124227061,0.016595244755470678,0.009715784391534591,0.34854379188972573,0.021571178597521,-42.05939525751735
441,442.0,0.1499501108813882,3.82954181653823,0.4783849126079956,0.016595243985335514,0.0097157843915346,0.34854379188972584,0.021571178597521334,-42.059395257517345
442,443.0,0.1995113102463948,2.6185180120665077,0.47838491238573566,0.01659524378958771,0.009715784391534619,0.34854379188972623,0.021571178597522,-42.05939525751733
443,444.0,0.18495157100097748,8.040807790650568,0.4783849124747432,0.016595244463560373,0.009715784391534598,0.34854379188972584,0.021571178597521,-42.059395257517345
444,445.0,0.44614426752227565,3.347297144522338,0.478384893686144,0.016595239705868316,0.009715784391539174,0.3485437918898079,0.02157117859752411,-42.05939525751405
445,446.0,0.8566966547914358,5.6054612768301935,0.47838487236038585,0.01659523268374638,0.009715784391552604,0.3485437918900488,0.021571178597522223,-42.05939525750437
446,447.0,0.8808418023882929,2.133150495472182,0.4783849138150262,0.016595244605938076,0.009715784391534515,0.34854379188972434,0.02157117859752078,-42.05939525751741
447,448.0,0.4197459648718006,9.964463486735761,0.4783849127718648,0.016595243977197006,0.009715784391534584,0.34854379188972556,0.021571178597521667,-42.05939525751736
448,449.0,0.28440221536052257,4.328087349779979,0.4783849121143668,0.016595245022400774,0.009715784391534608,0.348543791889726,0.021571178597520557,-42.05939525751734
449,450.0,0.7342886513957506,3.8601083192547603,0.47838479562938657,0.016595202469787327,0.009715784391678157,0.34854379189230084,0.021571178597424856,-42.05939525741391
450,451.0,0.6828494644290716,1.0994658885187243,0.47838494003088716,0.016595252605776042,0.009715784391539525,0.34854379188981416,0.0215711785975079,-42.05939525751379
451,452.0,0.20143402305286418,0.5070710924037807,0.4783849119162287,0.01659524584053497,0.009715784391534601,0.3485437918897259,0.02157117859751989,-42.059395257517345
452,453.0,0.19317228191508218,9.24328178697764,0.4783849125503796,0.0165952442329827,0.009715784391534595,0.3485437918897258,0.021571178597521667,-42.059395257517345
453,454.0,0.9816093085253214,4.3712104618952,0.47838468684250823,0.016595145691536712,0.009715784392089807,0.3485437918996846,0.021571178596855756,-42.05939525711733
454,455.0,0.2507023585784556,2.1059663487519953,0.4783849030943201,0.016595242455702208,0.009715784391536052,0.34854379188975193,0.021571178597523444,-42.0593952575163
455,456.0,0.5476296424308805,8.419133414872135,0.47838491259038884,0.01659524390524694,0.009715784391534601,0.3485437918897259,0.021571178597521667,-42.059395257517345
456,457.0,0.17680691564354845,4.2382697110886,0.478384912368822,0.01659524466461906,0.009715784391534598,0.34854379188972584,0.021571178597521112,-42.059395257517345
457,458.0,0.30277968495186924,5.0625841795855315,0.47838491238804703,0.016595244375373193,0.009715784391534605,0.34854379188972595,0.021571178597521,-42.05939525751734
458,459.0,0.4867112332584771,7.031126164754102,0.4783849126565703,0.016595243957049706,0.009715784391534595,0.3485437918897258,0.02157117859752178,-42.059395257517345
459,460.0,0.327796545075155,3.7796349818240866,0.4783849114734617,0.01659524408637943,0.009715784391534688,0.34854379188972745,0.021571178597521334,-42.05939525751728
460,461.0,0.26067168890374937,5.925664464433119,0.47838491252465776,0.016595244326553814,0.009715784391534595,0.3485437918897258,0.021571178597521445,-42.059395257517345
461,462.0,0.48445325235820247,3.055345655847585,0.47838486331265245,0.01659523062897203,0.009715784391560532,0.348543791890191,0.021571178597519558,-42.059395257498664
462,463.0,0.571278964306311,8.648697290295967,0.47838491255180887,0.016595243950514083,0.009715784391534598,0.34854379188972584,0.021571178597522223,-42.059395257517345
463,464.0,0.9934900914148574,6.106376100571627,0.4783848566767793,0.016595228247735808,0.00971578439156768,0.3485437918903192,0.021571178597516782,-42.05939525749351
464,465.0,0.15647436597137576,0.6768602812081671,0.47838491261389143,0.01659524395830408,0.009715784391534595,0.3485437918897258,0.021571178597522334,-42.059395257517345
465,466.0,0.09322264353614584,1.0615793532097926,0.47838491186601345,0.01659524308602744,0.009715784391534685,0.3485437918897274,0.021571178597522667,-42.05939525751728
466,467.0,0.7099250563512871,9.95482398739723,0.47838491208846695,0.0165952447629331,0.00971578439153461,0.348543791889726,0.021571178597521334,-42.05939525751734
467,468.0,0.760435875457992,8.876316691139035,0.478384911434189,0.01659524444557142,0.009715784391534671,0.3485437918897271,0.021571178597521667,-42.059395257517295
468,469.0,0.6318122151982885,4.43413301833941,0.47838488489734887,0.0165952372766024,0.009715784391543532,0.34854379188988605,0.021571178597524776,-42.05939525751091
469,470.0,0.4389573920771108,3.82715870352778,0.47838490552393026,0.016595241560123722,0.009715784391535651,0.3485437918897447,0.021571178597523555,-42.059395257516584
470,471.0,0.1613142467443981,3.5210436246213455,0.47838491273509454,0.016595243960788826,0.009715784391534591,0.34854379188972573,0.021571178597521334,-42.05939525751735
471,472.0,0.2389831697636733,7.860597908879154,0.4783849126985927,0.016595244029187523,0.009715784391534595,0.3485437918897258,0.021571178597521445,-42.059395257517345
472,473.0,0.8960136138616221,4.586816984223657,0.4783847811558253,0.016595196222461358,0.009715784391715885,0.3485437918929776,0.02157117859738711,-42.05939525738673
473,474.0,0.1847787552874599,5.594679167905318,0.47838491244850484,0.01659524432051127,0.0097157843915346,0.34854379188972584,0.021571178597521445,-42.059395257517345
474,475.0,0.4461780458555671,8.542286844271237,0.4783849127188291,0.01659524438178791,0.00971578439153458,0.3485437918897255,0.021571178597521334,-42.05939525751736
475,476.0,0.5817483540156972,0.4868380427821021,0.47838491240600217,0.016595245202755043,0.009715784391534577,0.34854379188972545,0.021571178597521,-42.059395257517366
476,477.0,0.8074641415321673,1.5017943967911371,0.4783849257210441,0.01659524830424701,0.009715784391535197,0.34854379188973655,0.02157117859751645,-42.05939525751692
477,478.0,0.34187700077381356,3.278204872107531,0.47838490860550276,0.01659524353872127,0.009715784391535021,0.34854379188973345,0.02157117859752178,-42.05939525751704
478,479.0,0.10906611566304958,2.078496808067802,0.4783849125443295,0.016595244348695602,0.009715784391534596,0.3485437918897258,0.021571178597521,-42.059395257517345
479,480.0,0.1586382594869502,3.5232908522097786,0.4783849123179333,0.01659524476141081,0.009715784391534596,0.3485437918897258,0.021571178597521112,-42.059395257517345
480,481.0,0.10125428157763272,5.756860485519552,0.4783849121159266,0.016595245027752052,0.009715784391534601,0.3485437918897259,0.021571178597521112,-42.059395257517345
481,482.0,0.4684250197946478,4.6638379539352925,0.4783849093261708,0.01659524375993578,0.009715784391534917,0.34854379188973156,0.021571178597522,-42.05939525751712
482,483.0,0.47968377331685785,8.310801175042808,0.47838491254866855,0.01659524425798789,0.009715784391534598,0.34854379188972584,0.021571178597521,-42.059395257517345
483,484.0,0.5606087120713983,0.24646768521353357,0.47838492544666567,0.016595222805798504,0.009715784391534622,0.3485437918897263,0.02157117859750668,-42.05939525751732
484,485.0,0.6644925065348877,5.836409552951693,0.4783849055809623,0.016595242317397535,0.00971578439153557,0.3485437918897432,0.021571178597523555,-42.05939525751664
485,486.0,0.9423853078603055,7.1875603245566735,0.4783848953325186,0.016595240611994674,0.009715784391538439,0.34854379188979473,0.02157117859752411,-42.05939525751458
486,487.0,0.22406064883583565,6.75318843202407,0.4783849125697881,0.016595244183963114,0.009715784391534595,0.3485437918897258,0.021571178597521445,-42.059395257517345
487,488.0,0.8508181038952373,2.1844020328727094,0.4783849131002329,0.016595244347839124,0.009715784391534555,0.34854379188972506,0.021571178597521445,-42.05939525751737
488,489.0,0.3211610274968787,4.011101959090047,0.4783849120385812,0.0165952438861251,0.009715784391534643,0.3485437918897266,0.02157117859752178,-42.059395257517316
489,490.0,0.9014868919420796,7.0357772999441694,0.47838489770259013,0.016595240559179422,0.009715784391537686,0.3485437918897812,0.021571178597524443,-42.05939525751512
490,491.0,0.12445367533133689,7.178959555028631,0.4783849123399061,0.016595244691813466,0.009715784391534601,0.3485437918897259,0.02157117859752078,-42.059395257517345
491,492.0,0.943568538039504,7.339046883394433,0.47838489721090177,0.01659524135990733,0.009715784391537724,0.34854379188978185,0.021571178597523555,-42.05939525751509
492,493.0,0.7171386807093436,7.227962681332928,0.4783849093921608,0.016595244452897465,0.009715784391534876,0.34854379188973084,0.021571178597521445,-42.059395257517146
493,494.0,0.6508258096606854,9.51834241913533,0.47838491222188495,0.016595244554121192,0.009715784391534614,0.3485437918897261,0.02157117859752078,-42.05939525751733
494,495.0,0.5390050210708264,2.833951051630356,0.47838479466714356,0.01659520443867802,0.009715784391678,0.34854379189229806,0.02157117859743618,-42.059395257414025
495,496.0,0.3884647144108657,6.926993952612599,0.4783849122803877,0.016595244794677663,0.0097157843915346,0.34854379188972584,0.021571178597521,-42.059395257517345
496,497.0,0.6818751422341145,5.823182707653356,0.4783849037884243,0.016595242777064124,0.009715784391535878,0.34854379188974877,0.02157117859752289,-42.05939525751643
497,498.0,0.654395079542002,7.345503592868989,0.47838491149904866,0.016595243873847337,0.009715784391534693,0.3485437918897275,0.021571178597521334,-42.059395257517274
498,499.0,0.7834507528304121,9.29721414261856,0.47838491133731736,0.016595245055527074,0.009715784391534664,0.348543791889727,0.021571178597521,-42.0593952575173
499,500.0,0.09098717006796708,8.69279230926537,0.47838491278829953,0.016595243770084964,0.00971578439153459,0.3485437918897256,0.021571178597522223,-42.05939525751735
500,501.0,0.9500670870546967,1.5342576467288773,0.4783849395122391,0.016595252847329864,0.009715784391539384,0.34854379188981166,0.021571178597507457,-42.05939525751389
501,502.0,0.07677415866072912,7.856934553052174,0.47838491262473004,0.01659524421756281,0.009715784391534591,0.34854379188972573,0.021571178597521334,-42.05939525751735
502,503.0,0.4710553578428358,7.4277810283952155,0.47838491241491543,0.016595244358969256,0.009715784391534601,0.3485437918897259,0.021571178597521445,-42.059395257517345
503,504.0,0.1916709169275973,7.315569392235002,0.47838491271363504,0.016595244027957,0.009715784391534588,0.3485437918897256,0.021571178597521667,-42.05939525751735
504,505.0,0.9472629521782695,6.950457259632033,0.47838489151256536,0.016595237909411354,0.00971578439154036,0.3485437918898292,0.021571178597524776,-42.05939525751319
505,506.0,0.2503965802886199,6.879066129233598,0.47838491268230626,0.01659524411868234,0.00971578439153459,0.3485437918897256,0.021571178597521667,-42.05939525751735
506,507.0,0.658538732029867,4.130363087403499,0.47838486230382543,0.016595229665858094,0.009715784391561831,0.34854379189021434,0.02157117859751856,-42.05939525749773
507,508.0,0.08811025497551472,9.392498673801473,0.4783849124250766,0.016595244621085352,0.00971578439153459,0.3485437918897256,0.021571178597521667,-42.05939525751735
508,509.0,0.8379537626823137,9.450401405839512,0.4783849116139665,0.016595243807320796,0.009715784391534681,0.34854379188972734,0.021571178597522,-42.05939525751728
509,510.0,0.7463413128249824,4.518061520257263,0.4783848520344525,0.016595226315122003,0.009715784391573336,0.3485437918904206,0.021571178597514007,-42.059395257489435
510,511.0,0.12168819038093104,9.326441361181406,0.4783849123144537,0.016595244717168202,0.009715784391534598,0.34854379188972584,0.021571178597521334,-42.059395257517345
511,512.0,0.26228709329381583,7.266576147610789,0.4783849131738989,0.016595243128835632,0.00971578439153458,0.3485437918897255,0.021571178597522556,-42.05939525751736
512,513.0,0.06554447338722691,1.0433209257341898,0.4783849126023415,0.016595244006600555,0.009715784391534595,0.3485437918897258,0.021571178597522,-42.059395257517345
513,514.0,0.4879645221195833,0.4165973122498987,0.4783849147656098,0.01659524057894471,0.009715784391534539,0.3485437918897248,0.02157117859752422,-42.05939525751739
514,515.0,0.4466415793108932,9.43048554184436,0.4783849123913582,0.016595244668587222,0.009715784391534591,0.34854379188972573,0.021571178597521667,-42.05939525751735
515,516.0,0.2697282593744057,7.018068203700236,0.4783849127073558,0.016595243984878848,0.00971578439153459,0.3485437918897256,0.02157117859752178,-42.05939525751735
516,517.0,0.04345835796214126,3.7618353948623717,0.4783849127566962,0.016595243939964484,0.009715784391534591,0.34854379188972573,0.021571178597521445,-42.05939525751735
517,518.0,0.5640777809869404,3.6838903019297042,0.47838487184819434,0.016595232807176688,0.009715784391552927,0.3485437918900546,0.021571178597522334,-42.059395257504136
518,519.0,0.3133588774147419,7.335770051375013,0.4783849125647326,0.01659524422064738,0.009715784391534593,0.3485437918897258,0.021571178597521667,-42.05939525751735
519,520.0,0.3243041811881521,8.657495427903594,0.4783849128874001,0.016595243526945785,0.009715784391534588,0.3485437918897256,0.021571178597522334,-42.05939525751735
520,521.0,0.03330259603425334,4.6745849530452785,0.4783849123973809,0.016595244745772696,0.009715784391534593,0.3485437918897258,0.021571178597521,-42.05939525751735
521,522.0,0.18714224667347312,1.1895492502732148,0.47838486575284483,0.01659523069918666,0.009715784391558457,0.3485437918901538,0.02157117859751989,-42.05939525750016
522,523.0,0.03547956892169046,8.207976858322063,0.4783849125077929,0.016595244357679395,0.009715784391534595,0.3485437918897258,0.021571178597521334,-42.059395257517345
523,524.0,0.0881187698720296,4.858719763431045,0.4783849128374215,0.016595243571286084,0.009715784391534588,0.3485437918897256,0.021571178597522556,-42.05939525751735
524,525.0,0.43375112863468834,0.43826277467298763,0.47838491220691237,0.016595244466728373,0.009715784391534612,0.3485437918897261,0.021571178597521445,-42.05939525751733
525,526.0,0.31722685265612904,7.316699439733302,0.4783849123115441,0.016595244774839105,0.009715784391534598,0.34854379188972584,0.021571178597521,-42.059395257517345
526,527.0,0.2189568283733324,1.935682300633196,0.47838490519509547,0.016595243883737704,0.009715784391535517,0.3485437918897423,0.021571178597522,-42.05939525751668
527,528.0,0.4520254311634808,6.097997310093399,0.47838491186658555,0.016595245040974246,0.009715784391534624,0.3485437918897263,0.021571178597520557,-42.05939525751732
528,529.0,0.23400332060357343,6.093474777586966,0.47838491208916045,0.01659524522174241,0.009715784391534603,0.3485437918897259,0.021571178597520446,-42.059395257517345
529,530.0,0.6576949469853496,6.643770856527572,0.47838491009286893,0.016595242779969106,0.009715784391534879,0.34854379188973084,0.021571178597522334,-42.059395257517146
530,531.0,0.34614193447829944,2.341392829369353,0.47838487939326785,0.01659523424148795,0.009715784391547445,0.34854379188995627,0.021571178597523222,-42.059395257508086
531,532.0,0.7876830923407847,4.363173288477091,0.4783848198372957,0.01659521374025567,0.009715784391624193,0.34854379189133283,0.021571178597478036,-42.0593952574528
532,533.0,0.8267540563777521,2.8337508646825915,0.47838451326645093,0.016595003099662296,0.009715784393505733,0.34854379192508206,0.021571178593199014,-42.05939525609719
533,534.0,0.394590882988359,9.890839984656813,0.47838491311146725,0.01659524324587102,0.009715784391534586,0.3485437918897256,0.021571178597522,-42.05939525751735
534,535.0,0.5335605370258624,6.568473143816197,0.4783849118080404,0.016595244188455996,0.009715784391534652,0.3485437918897268,0.021571178597521667,-42.05939525751731
535,536.0,0.7825960691804025,5.656438908121025,0.4783848887238452,0.01659523935155129,0.00971578439154124,0.34854379188984497,0.021571178597524443,-42.059395257512556
536,537.0,0.838237890285875,1.6266479833506167,0.4783849227419222,0.016595246753980365,0.009715784391534737,0.3485437918897283,0.02157117859751856,-42.059395257517245
537,538.0,0.09574853735913136,1.6835490449990163,0.4783849125787575,0.016595244277340968,0.009715784391534588,0.3485437918897256,0.02157117859752178,-42.05939525751735
538,539.0,0.8669478917943189,3.346877630899534,0.4783845702805856,0.016595067990557003,0.009715784392883947,0.34854379191392915,0.021571178595258145,-42.05939525654517
539,540.0,0.08960415104303765,3.6771119622963013,0.47838491282737455,0.016595243628699748,0.009715784391534591,0.34854379188972573,0.021571178597522334,-42.05939525751735
540,541.0,0.942450829586363,3.8046058219845595,0.4783846048308671,0.016595096218798948,0.00971578439259703,0.34854379190878265,0.02157117859594837,-42.05939525675189
541,542.0,0.793895190638425,3.963404694992471,0.47838476686113685,0.016595188401327093,0.00971578439175964,0.34854379189376244,0.021571178597331597,-42.059395257355206
542,543.0,0.43257277228282465,9.627262245424774,0.4783849127039332,0.016595243856232185,0.009715784391534598,0.34854379188972584,0.021571178597521445,-42.059395257517345
543,544.0,0.7798807369581543,7.953827408200586,0.47838491022041507,0.016595243006477207,0.009715784391534851,0.3485437918897304,0.021571178597522556,-42.05939525751717
544,545.0,0.9339484483449695,4.085838945491815,0.4783846735507894,0.016595135809337826,0.009715784392165102,0.3485437919010352,0.0215711785967051,-42.05939525706308
545,546.0,0.7485795542991405,0.42776946449640596,0.4783849141634978,0.016595241651127357,0.009715784391534556,0.3485437918897251,0.021571178597523,-42.05939525751737
546,547.0,0.6580433243430902,1.6375446018959563,0.47838491318335336,0.016595244979168065,0.009715784391534537,0.34854379188972473,0.02157117859752078,-42.05939525751739
547,548.0,0.6811459414488433,7.718433443756827,0.4783849112635583,0.01659524399740049,0.009715784391534704,0.3485437918897277,0.02157117859752178,-42.05939525751727
548,549.0,0.3106900925642654,1.7580669031553413,0.47838482886663936,0.01659521654151311,0.009715784391608358,0.34854379189104884,0.02157117859748814,-42.0593952574642
549,550.0,0.723429687538082,8.879994938475363,0.47838491189229887,0.01659524428896091,0.00971578439153464,0.34854379188972656,0.02157117859752178,-42.059395257517316
550,551.0,0.6839432908435389,6.502874470220915,0.47838490791866506,0.01659524470662718,0.009715784391535042,0.34854379188973383,0.021571178597521334,-42.059395257517025
551,552.0,0.5462644143354252,9.697371768749285,0.47838491189603705,0.01659524561094788,0.009715784391534603,0.3485437918897259,0.021571178597520224,-42.059395257517345
552,553.0,0.5408053150639553,0.8145351397299986,0.47838494505813756,0.016595254492197946,0.009715784391542043,0.34854379188985934,0.021571178597503793,-42.05939525751198
553,554.0,0.8307601809968401,2.82044675752849,0.4783845123498199,0.016595001946885644,0.009715784393517146,0.3485437919252868,0.02157117859315638,-42.05939525608896
554,555.0,0.06855608104822031,8.221590386741774,0.47838491228041075,0.016595244660137155,0.009715784391534601,0.3485437918897259,0.021571178597521334,-42.059395257517345
555,556.0,0.735213545586513,2.1667646469586948,0.4783846954663673,0.01659508813365068,0.009715784392182507,0.3485437919013473,0.021571178595763185,-42.05939525705054
556,557.0,0.26139244805923245,0.7731977108650602,0.4783849129056837,0.016595243065409923,0.009715784391534601,0.3485437918897259,0.021571178597522667,-42.059395257517345
557,558.0,0.6750695870388546,0.6643739630062571,0.47838491091152185,0.016595246817933285,0.009715784391534647,0.3485437918897267,0.021571178597518892,-42.05939525751731
558,559.0,0.36899374463980894,1.5376610027815645,0.47838463325287695,0.01659511108844022,0.009715784392408784,0.34854379190540613,0.021571178596260565,-42.05939525688751
559,560.0,0.5241038129496238,5.5249179811207805,0.4783849103693164,0.016595244193923137,0.009715784391534789,0.3485437918897293,0.021571178597521,-42.05939525751721
560,561.0,0.013519625623312104,8.49994262067686,0.4783849126942619,0.01659524429711635,0.009715784391534582,0.34854379188972556,0.021571178597521445,-42.05939525751736
561,562.0,0.4996846100584017,7.063633363144808,0.4783849119965642,0.016595244956992376,0.009715784391534612,0.3485437918897261,0.021571178597521334,-42.05939525751733
562,563.0,0.06674580092802784,8.320265454525734,0.47838491254796905,0.016595244346598523,0.009715784391534591,0.34854379188972573,0.021571178597521445,-42.05939525751735
563,564.0,0.17692755752474087,4.751210284394357,0.478384912484442,0.016595244432759726,0.009715784391534591,0.34854379188972573,0.021571178597521667,-42.05939525751735
564,565.0,0.3490681333697069,9.842782063080842,0.4783849124828419,0.016595244473672728,0.009715784391534598,0.34854379188972584,0.021571178597521,-42.059395257517345
565,566.0,0.9637052433885364,0.633311171415597,0.47838482243225894,0.01659537476474938,0.009715784391555161,0.3485437918900947,0.021571178596061502,-42.05939525750253
566,567.0,0.21252085469429283,1.856033664182656,0.47838490491299457,0.016595242954959316,0.009715784391535646,0.3485437918897446,0.021571178597522667,-42.05939525751659
567,568.0,0.9712074683137085,7.45245174997135,0.4783848954554059,0.016595241944925905,0.009715784391538187,0.34854379188979023,0.021571178597523444,-42.05939525751476
568,569.0,0.9346332113331388,6.656678293548114,0.4783848870613742,0.01659523789392458,0.009715784391542324,0.34854379188986445,0.021571178597524998,-42.05939525751178
569,570.0,0.03899694459863823,0.6575718302206832,0.47838491287408497,0.016595243567667332,0.009715784391534586,0.3485437918897256,0.021571178597522556,-42.05939525751735
570,571.0,0.5383980647222988,5.184971380320396,0.4783849084921806,0.01659524429549322,0.009715784391534992,0.3485437918897329,0.021571178597521667,-42.05939525751707
571,572.0,0.21620084128630246,2.2414591598311016,0.47838490997871685,0.016595244119315886,0.009715784391534827,0.34854379188972995,0.021571178597521667,-42.05939525751718
572,573.0,0.3651707261185546,9.703783160239938,0.4783849125720434,0.01659524434378632,0.009715784391534591,0.34854379188972573,0.021571178597521445,-42.05939525751735
573,574.0,0.8514081120981359,1.6791005280304707,0.478384921573133,0.016595246566321747,0.009715784391534628,0.34854379188972634,0.021571178597519336,-42.05939525751732
574,575.0,0.23251847269392178,1.7998053202504831,0.4783848968858045,0.016595240802755463,0.009715784391537906,0.3485437918897852,0.021571178597523888,-42.059395257514964
575,576.0,0.2124095040624444,0.5650097154909783,0.4783849113524097,0.016595246272012004,0.009715784391534626,0.3485437918897263,0.02157117859751989,-42.05939525751732
576,577.0,0.6573023374947119,4.052644222485407,0.4783848575435502,0.01659522825157598,0.009715784391566843,0.34854379189030416,0.021571178597517116,-42.05939525749411
577,578.0,0.9823118110974375,3.0258926041448237,0.4783845901220532,0.016595024665696977,0.009715784392907996,0.3485437919143604,0.02157117859395652,-42.05939525652784
578,579.0,0.843559640808826,7.8912594495119714,0.4783849075296783,0.016595243808399475,0.00971578439153515,0.3485437918897357,0.021571178597522223,-42.05939525751695
579,580.0,0.4584438524478036,6.418650010271945,0.4783849124152436,0.016595244082847592,0.009715784391534612,0.3485437918897261,0.021571178597521334,-42.05939525751733
580,581.0,0.8597990161059692,0.3041029503815916,0.4783849146533564,0.01659524565032089,0.00971578439153447,0.3485437918897235,0.02157117859751989,-42.05939525751744
581,582.0,0.5484714119449252,6.3413063973896975,0.4783849121447503,0.01659524269025462,0.009715784391534674,0.3485437918897272,0.021571178597522667,-42.05939525751729
582,583.0,0.6823401825647408,8.632669073496597,0.4783849117985609,0.016595244437046755,0.009715784391534647,0.3485437918897267,0.021571178597521334,-42.05939525751731
583,584.0,0.3220107595348861,4.879814128672124,0.478384912612072,0.016595244051469355,0.009715784391534598,0.34854379188972584,0.021571178597521334,-42.059395257517345
584,585.0,0.6629663643806945,9.754667018719383,0.47838491184989734,0.01659524545578313,0.009715784391534615,0.3485437918897262,0.021571178597520113,-42.05939525751733
585,586.0,0.20354736773736448,7.462178111289798,0.4783849125807477,0.016595244223677603,0.009715784391534596,0.3485437918897258,0.021571178597521112,-42.059395257517345
586,587.0,0.5263611854671122,4.4601481432887455,0.4783849029129548,0.01659524323826217,0.009715784391536017,0.34854379188975126,0.021571178597522556,-42.05939525751633
587,588.0,0.48169234490085566,3.6777520629260625,0.4783848956673256,0.016595240622637585,0.009715784391538333,0.34854379188979284,0.021571178597523444,-42.05939525751465
588,589.0,0.6273401451708754,5.682053126108197,0.4783849064613134,0.016595244045483203,0.009715784391535294,0.3485437918897383,0.02157117859752178,-42.05939525751685
589,590.0,0.8553267744459004,3.8334883678987253,0.47838469197210864,0.016595148671242066,0.00971578439206375,0.3485437918992172,0.021571178596897833,-42.0593952571361
590,591.0,0.8414861525197064,6.1534574597322225,0.478384890191924,0.01659523977277047,0.009715784391540527,0.34854379188983214,0.021571178597524443,-42.059395257513074
591,592.0,0.4880310586360287,1.458368541031626,0.4783846561140086,0.016595062946543088,0.009715784392426046,0.3485437919057157,0.0215711785951217,-42.05939525687508
592,593.0,0.6834845819338328,9.290397347237414,0.47838491265711613,0.016595243644090305,0.009715784391534605,0.34854379188972595,0.021571178597522,-42.05939525751734
593,594.0,0.495022846136446,4.595698540539971,0.47838490749849544,0.016595243543106607,0.009715784391535174,0.34854379188973617,0.02157117859752178,-42.059395257516925
594,595.0,0.7960968715784849,6.390952671590136,0.47838489960762626,0.016595242111746483,0.00971578439153693,0.34854379188976764,0.021571178597523777,-42.05939525751567
595,596.0,0.2384008681789771,9.852495871367502,0.47838491245895637,0.01659524454623316,0.009715784391534595,0.3485437918897258,0.021571178597521334,-42.059395257517345
596,597.0,0.8374133551658288,5.805395311483573,0.4783848831074901,0.01659523642904157,0.009715784391544692,0.34854379188990686,0.02157117859752422,-42.05939525751007
597,598.0,0.14253043793425435,6.751993068438254,0.4783849124364266,0.01659524442593118,0.009715784391534595,0.3485437918897258,0.02157117859752178,-42.059395257517345
598,599.0,0.6606712798906013,3.692981171859462,0.47838482396732496,0.01659521484890647,0.009715784391616899,0.34854379189120205,0.021571178597482144,-42.05939525745805
599,600.0,0.17904721485267017,6.431807178214616,0.47838491297965247,0.016595243366473698,0.009715784391534588,0.3485437918897256,0.021571178597522334,-42.05939525751735
600,601.0,0.48335635329658155,3.0708625200662554,0.47838486619852966,0.016595229448015295,0.009715784391558615,0.3485437918901566,0.02157117859751867,-42.05939525750004
601,602.0,0.20096686067714764,7.238837016851764,0.4783849122301809,0.01659524486779058,0.0097157843915346,0.34854379188972584,0.021571178597521,-42.059395257517345
602,603.0,0.38658654023013794,0.9788716916247789,0.4783849131349899,0.016595244611448862,0.00971578439153455,0.3485437918897249,0.021571178597521,-42.05939525751738
603,604.0,0.550495594966582,6.247974749610252,0.47838491154602686,0.016595243598438274,0.00971578439153469,0.34854379188972745,0.021571178597522556,-42.059395257517274
604,605.0,0.2539928735717255,3.4346878623057493,0.4783849124721666,0.016595243943389883,0.00971578439153461,0.348543791889726,0.021571178597521667,-42.05939525751734
605,606.0,0.07777572472783811,4.726627465435992,0.47838491207900674,0.0165952450500316,0.00971578439153461,0.348543791889726,0.021571178597520446,-42.05939525751734
606,607.0,0.44795470587234354,9.92821483043554,0.47838491238749536,0.01659524427633681,0.009715784391534608,0.348543791889726,0.021571178597521112,-42.05939525751734
607,608.0,0.7904808777989245,0.8294033252657356,0.47838451389738557,0.016595089756062248,0.009715784393170404,0.3485437919190672,0.021571178595801266,-42.05939525633878
608,609.0,0.9616684352328745,6.049270158454792,0.47838486311393813,0.016595229799006846,0.009715784391561061,0.3485437918902005,0.021571178597519558,-42.059395257498274
609,610.0,0.2363555700291179,2.5176424013743723,0.47838491096861,0.016595243468576736,0.009715784391534758,0.34854379188972867,0.02157117859752178,-42.05939525751723
610,611.0,0.20454743510886664,0.8172877136189604,0.47838491291677676,0.0165952441031888,0.009715784391534574,0.3485437918897254,0.021571178597521667,-42.059395257517366
611,612.0,0.3062048470221511,1.7307934350130603,0.4783848284835672,0.016595216624374298,0.009715784391608848,0.34854379189105766,0.021571178597488472,-42.05939525746385
612,613.0,0.8308444708631662,3.2943349043369787,0.47838459107312886,0.016595083484349054,0.009715784392711764,0.3485437919108406,0.021571178595652385,-42.05939525666923
613,614.0,0.7170988247326973,6.0845092621914425,0.4783849030479433,0.01659524331352439,0.009715784391535982,0.34854379188975065,0.021571178597522334,-42.05939525751635
614,615.0,0.8618285645055807,7.720910317566551,0.4783849066252483,0.016595242197084987,0.009715784391535405,0.34854379188974033,0.021571178597523,-42.05939525751677
615,616.0,0.0670243739440961,2.7091783495409816,0.4783849128458781,0.01659524366013857,0.00971578439153459,0.3485437918897256,0.021571178597522223,-42.05939525751735
616,617.0,0.7015584103762309,7.809028719708509,0.47838491108715614,0.016595244038515762,0.009715784391534716,0.34854379188972795,0.021571178597522223,-42.05939525751726
617,618.0,0.09460409038193696,5.777926992205002,0.47838491240610337,0.01659524438160178,0.009715784391534601,0.3485437918897259,0.021571178597521445,-42.059395257517345
618,619.0,0.6202654086405088,4.496117693286986,0.47838488963288406,0.016595238115080894,0.009715784391541115,0.34854379188984275,0.02157117859752411,-42.05939525751265
619,620.0,0.489588975808979,4.659233381278632,0.47838490795034483,0.01659524446430754,0.009715784391535053,0.34854379188973394,0.021571178597521334,-42.05939525751702
620,621.0,0.5337047006289951,0.6312576964732363,0.47838491378843095,0.016595242267591986,0.009715784391534562,0.3485437918897252,0.021571178597523222,-42.059395257517366
621,622.0,0.596286093621404,4.203250614705152,0.4783848861635967,0.016595236387043907,0.009715784391543122,0.3485437918898787,0.021571178597524665,-42.0593952575112
622,623.0,0.09866254712978118,9.997845683070215,0.4783849127815209,0.016595244082017277,0.009715784391534579,0.34854379188972545,0.021571178597522223,-42.05939525751736
623,624.0,0.7814655876888534,7.426745309410158,0.47838490849056636,0.016595242948174587,0.009715784391535068,0.3485437918897343,0.021571178597522667,-42.05939525751701
624,625.0,0.2615439004514645,4.7403647235849995,0.4783849120320763,0.016595245294312687,0.009715784391534605,0.34854379188972595,0.021571178597520557,-42.05939525751734
625,626.0,0.4122885482733206,3.549595468787953,0.47838490503507747,0.016595241374870208,0.009715784391535762,0.3485437918897467,0.021571178597523555,-42.059395257516506
626,627.0,0.1440500368594817,6.224582624774123,0.4783849127426436,0.016595243890156323,0.009715784391534595,0.3485437918897258,0.021571178597521445,-42.059395257517345
627,628.0,0.1711092217053396,2.773787969422698,0.47838491229466157,0.016595244733285802,0.009715784391534595,0.3485437918897258,0.021571178597521445,-42.059395257517345
628,629.0,0.5851437500962297,8.823277352145748,0.4783849123874121,0.016595244185590146,0.009715784391534608,0.348543791889726,0.021571178597521445,-42.05939525751734
629,630.0,0.519292163104446,7.432682694672605,0.4783849121926127,0.016595244798838026,0.009715784391534605,0.34854379188972595,0.021571178597521,-42.05939525751734
630,631.0,0.3817420826241976,7.392703750163559,0.47838491271162065,0.01659524402646303,0.009715784391534593,0.3485437918897258,0.021571178597521334,-42.05939525751735
631,632.0,0.9053026389402364,4.1528044518251885,0.47838470898972735,0.016595159751491687,0.00971578439197953,0.34854379189770657,0.021571178597043383,-42.05939525719678
632,633.0,0.6608695718845865,4.496633396438348,0.47838487963631227,0.016595236343807183,0.00971578439154667,0.34854379188994233,0.021571178597523888,-42.05939525750865
633,634.0,0.8483536072615204,0.39821703407715314,0.47838491810732076,0.01659523567645388,0.009715784391534489,0.3485437918897239,0.021571178597524443,-42.05939525751742
634,635.0,0.8736928683982805,5.034418379386612,0.4783848362169269,0.016595219138513546,0.009715784391596384,0.3485437918908341,0.021571178597496465,-42.05939525747283
635,636.0,0.16676437811485412,3.390814860506874,0.47838491303238945,0.016595243247117916,0.009715784391534588,0.3485437918897256,0.021571178597522334,-42.05939525751735
636,637.0,0.8559222465881605,9.916147760793343,0.47838491190902144,0.016595243463616155,0.009715784391534662,0.348543791889727,0.02157117859752289,-42.0593952575173
637,638.0,0.6644716928342986,5.914184033628006,0.4783849058788189,0.016595243282679247,0.00971578439153545,0.3485437918897411,0.021571178597522,-42.05939525751673
638,639.0,0.3888677991446424,8.62317837709836,0.47838491186857485,0.016595245699730213,0.00971578439153461,0.348543791889726,0.021571178597519558,-42.05939525751734
639,640.0,0.17188266797163654,7.322877361561623,0.4783849122556098,0.016595244715384642,0.009715784391534598,0.34854379188972584,0.021571178597521334,-42.059395257517345
640,641.0,0.43811516200959477,2.1014226670106106,0.4783847400936296,0.016595177980915855,0.009715784391847658,0.3485437918953412,0.021571178597242002,-42.0593952572918
641,642.0,0.589702266105845,7.437325243006451,0.47838491183069365,0.01659524472228635,0.009715784391534638,0.34854379188972656,0.02157117859752078,-42.059395257517316
642,643.0,0.11432885740513188,2.3250190705615568,0.4783849122688422,0.016595244946139006,0.009715784391534593,0.3485437918897258,0.021571178597521334,-42.05939525751735
643,644.0,0.9364101130822529,1.2591715302045976,0.4783849350479853,0.01659525200923974,0.009715784391537738,0.3485437918897822,0.021571178597509122,-42.05939525751508
644,645.0,0.11225831851553525,8.518960284445953,0.47838491255224974,0.016595244532557268,0.009715784391534588,0.3485437918897256,0.021571178597521112,-42.05939525751735
645,646.0,0.44478993483948226,2.989464376574804,0.47838487752789133,0.01659523508857043,0.009715784391548327,0.3485437918899721,0.021571178597523777,-42.059395257507454
646,647.0,0.5017148296839259,4.838646614923127,0.47838490869258843,0.016595243764069043,0.009715784391534995,0.34854379188973295,0.021571178597522,-42.05939525751706
647,648.0,0.7326749927009927,5.883967920266574,0.478384899746468,0.016595241756742436,0.009715784391536942,0.3485437918897678,0.021571178597523444,-42.059395257515654
648,649.0,0.041433832121437364,2.370826347954039,0.4783849128326943,0.016595243818866075,0.00971578439153459,0.3485437918897256,0.021571178597521445,-42.05939525751735
649,650.0,0.5259210228254142,3.9365269238191942,0.4783848930100664,0.016595240628545293,0.009715784391539257,0.3485437918898094,0.02157117859752411,-42.059395257513984
650,651.0,0.896853311158116,4.962848475934618,0.4783848194904329,0.01659521331723822,0.009715784391625095,0.3485437918913491,0.021571178597476592,-42.059395257452145
651,652.0,0.3098359522533337,7.311525829882533,0.47838491230253594,0.01659524480900566,0.009715784391534601,0.3485437918897259,0.021571178597520557,-42.059395257517345
652,653.0,0.8042300196686898,3.46203617196178,0.47838465957738574,0.01659512890218225,0.009715784392241128,0.3485437919023988,0.02157117859659019,-42.059395257008305
653,654.0,0.6509369870975249,5.0685699156437325,0.4783848977554329,0.016595240044436223,0.009715784391537752,0.34854379188978235,0.02157117859752411,-42.05939525751508
654,655.0,0.36006990489041435,3.822358653309198,0.4783849108492505,0.016595243465608832,0.009715784391534765,0.34854379188972884,0.021571178597522223,-42.059395257517224
655,656.0,0.24941756933716341,4.369022369351484,0.47838491257282517,0.016595244325278806,0.009715784391534591,0.34854379188972573,0.021571178597521334,-42.05939525751735
656,657.0,0.8647669968243761,4.469792314935349,0.4783847871357437,0.016595197109056697,0.009715784391701688,0.3485437918927229,0.021571178597393437,-42.05939525739696
657,658.0,0.48382196789073595,6.993685858935434,0.4783849121145761,0.01659524453811549,0.009715784391534619,0.34854379188972623,0.021571178597521112,-42.05939525751733
658,659.0,0.4604192195230228,3.6886634702184598,0.47838489978199544,0.016595241495994346,0.009715784391536966,0.3485437918897683,0.021571178597523444,-42.05939525751564
659,660.0,0.2212944386312291,4.454716245136705,0.47838491217902324,0.016595244989625783,0.009715784391534601,0.3485437918897259,0.02157117859752078,-42.059395257517345
660,661.0,0.262437212508547,2.047218025400838,0.47838489735479417,0.01659524122410283,0.009715784391537698,0.3485437918897814,0.021571178597523777,-42.05939525751511
661,662.0,0.3063076880402331,6.106494822061084,0.47838491239423153,0.01659524458433779,0.009715784391534595,0.3485437918897258,0.021571178597521334,-42.059395257517345
662,663.0,0.41675521840511953,9.120718618619918,0.47838491262427946,0.016595244015683432,0.0097157843915346,0.34854379188972584,0.021571178597521334,-42.059395257517345
663,664.0,0.7846745189630988,8.849305619056803,0.47838491104292086,0.01659524424400459,0.009715784391534716,0.34854379188972795,0.021571178597521445,-42.05939525751726
664,665.0,0.5133279084140725,3.159364902768937,0.47838485717371354,0.016595227556067016,0.00971578439156754,0.3485437918903167,0.021571178597516227,-42.05939525749361
665,666.0,0.4923247686744091,6.2415628055901955,0.4783849124700832,0.01659524389857005,0.009715784391534608,0.348543791889726,0.02157117859752178,-42.05939525751734
666,667.0,0.6008083357414453,9.524771414316787,0.478384912523708,0.016595244128328534,0.009715784391534603,0.3485437918897259,0.021571178597521334,-42.059395257517345
667,668.0,0.908784416093915,7.756962004143839,0.47838490436388126,0.016595241573036483,0.00971578439153588,0.3485437918897488,0.021571178597523222,-42.05939525751642
668,669.0,0.060729133443881755,3.750303380423415,0.4783849125770091,0.016595244185846625,0.009715784391534595,0.3485437918897258,0.021571178597521667,-42.059395257517345
669,670.0,0.5190267621912906,7.646851546705827,0.47838491230001556,0.016595244334900307,0.009715784391534614,0.3485437918897261,0.021571178597521112,-42.05939525751733
670,671.0,0.6791592519502226,8.088834315662831,0.47838491151868423,0.01659524475876633,0.009715784391534659,0.34854379188972695,0.021571178597521,-42.0593952575173
671,672.0,0.8669431973287374,5.908145322989157,0.47838487992757484,0.016595236187777994,0.009715784391546545,0.3485437918899401,0.021571178597523888,-42.05939525750874
672,673.0,0.8368516017458633,7.687348426683255,0.47838490708829556,0.01659524354330461,0.009715784391535236,0.3485437918897373,0.02157117859752178,-42.05939525751688
673,674.0,0.5490753589230645,3.0864180516136495,0.47838482615121525,0.016595216353275013,0.009715784391612452,0.3485437918911223,0.021571178597487584,-42.059395257461254
674,675.0,0.1316734427907379,7.064191331151718,0.4783849124886474,0.016595244368904718,0.009715784391534598,0.34854379188972584,0.021571178597521334,-42.059395257517345
675,676.0,0.9187827601945293,4.870010554058659,0.4783847995012937,0.016595204549269688,0.009715784391668387,0.3485437918921256,0.021571178597436735,-42.05939525742095
676,677.0,0.33491179091716916,3.594029489417428,0.4783849108505199,0.016595243972746053,0.009715784391534745,0.3485437918897285,0.021571178597521667,-42.05939525751724
677,678.0,0.47578865852431307,6.845829376610644,0.47838491239175407,0.016595244335673987,0.0097157843915346,0.34854379188972584,0.02157117859752178,-42.059395257517345
678,679.0,0.07998948299202258,8.900094604626316,0.4783849122588259,0.01659524488933123,0.009715784391534603,0.3485437918897259,0.021571178597520557,-42.059395257517345
679,680.0,0.26449611220896563,3.7601385729189953,0.4783849121375124,0.016595244739222706,0.009715784391534612,0.3485437918897261,0.021571178597521112,-42.05939525751733
680,681.0,0.019561719582568693,1.6863481873893131,0.4783849123855659,0.016595244645815334,0.009715784391534598,0.34854379188972584,0.021571178597521112,-42.059395257517345
681,682.0,0.6208809172981287,7.738816640948554,0.4783849122137321,0.01659524348645967,0.00971578439153464,0.34854379188972656,0.021571178597522223,-42.059395257517316
682,683.0,0.8263162293804308,9.987794643200335,0.47838491219642526,0.01659524325205579,0.009715784391534647,0.3485437918897267,0.021571178597522667,-42.05939525751731
683,684.0,0.16531065698510117,7.7968151260767975,0.47838491241094183,0.01659524465324138,0.009715784391534593,0.3485437918897258,0.021571178597521112,-42.05939525751735
684,685.0,0.5333766582291318,6.754273396942585,0.47838491167787117,0.016595244875815197,0.009715784391534647,0.3485437918897267,0.021571178597520557,-42.05939525751731
685,686.0,0.8174880481719468,0.5573530572686579,0.4783848460357162,0.016595341042795135,0.009715784391546377,0.34854379188993706,0.02157117859669433,-42.05939525750886
686,687.0,6.820976518340238e-05,3.0762546479827244,0.4783849126242599,0.01659524431364724,0.009715784391534591,0.34854379188972573,0.021571178597521112,-42.05939525751735
687,688.0,0.8094117370912516,6.149138147347089,0.47838489573942683,0.016595238936220565,0.009715784391538588,0.3485437918897974,0.02157117859752411,-42.059395257514474
688,689.0,0.14116227462421738,6.949926259800939,0.47838491273392175,0.016595244332721477,0.009715784391534584,0.34854379188972556,0.021571178597521112,-42.05939525751736
689,690.0,0.2248643184337753,9.872280539230477,0.4783849125284466,0.016595244270913884,0.009715784391534601,0.3485437918897259,0.021571178597521,-42.059395257517345
690,691.0,0.522072324680484,5.141747468157353,0.4783849095572192,0.016595242924273605,0.009715784391534935,0.3485437918897319,0.021571178597522334,-42.0593952575171
691,692.0,0.9452375612750212,1.130919479396131,0.4783848512768406,0.01659522202732987,0.009715784391576512,0.34854379189047763,0.02157117859750468,-42.05939525748715
692,693.0,0.9379273456883949,2.1762476413677034,0.4783849146729183,0.01659524473570878,0.009715784391534473,0.34854379188972356,0.021571178597521,-42.05939525751743
693,694.0,0.1002052462316314,9.46940700355026,0.47838491217855605,0.016595244998710516,0.009715784391534601,0.3485437918897259,0.02157117859752078,-42.059395257517345
694,695.0,0.970575189458711,2.4729614624672926,0.47838491293895063,0.016595244851836357,0.009715784391534555,0.34854379188972506,0.021571178597521,-42.05939525751737
695,696.0,0.208058356345719,9.500694480424935,0.47838491236492425,0.01659524432745589,0.009715784391534601,0.3485437918897259,0.021571178597521667,-42.059395257517345
696,697.0,0.2220949128486659,9.641140257934488,0.47838491208923867,0.016595245234830046,0.009715784391534603,0.3485437918897259,0.021571178597520446,-42.059395257517345
697,698.0,0.8652048818439926,6.394991290617901,0.478384891343763,0.016595240280060236,0.009715784391539955,0.34854379188982193,0.021571178597524665,-42.059395257513486
698,699.0,0.5984875832977397,2.398206992953113,0.47838459961229973,0.016595090939653126,0.009715784392641202,0.348543791909575,0.021571178595828022,-42.059395256720066
699,700.0,0.8776370492196522,6.321523021609739,0.47838488859546824,0.016595238862751504,0.009715784391541409,0.348543791889848,0.02157117859752411,-42.05939525751244
700,701.0,0.2754246391640782,0.9667409757451605,0.4783845162562414,0.016595014537416984,0.009715784393438192,0.3485437919238706,0.021571178593609908,-42.05939525614585
701,702.0,0.05991578765587935,2.309709921004365,0.4783849127922072,0.01659524384393685,0.009715784391534588,0.3485437918897256,0.021571178597522,-42.05939525751735
702,703.0,0.3122125745223574,9.858281173132609,0.4783849121149423,0.016595245141295,0.009715784391534603,0.3485437918897259,0.021571178597520557,-42.059395257517345
703,704.0,0.8807272530841513,9.107098986849598,0.478384909994026,0.016595244336721618,0.00971578439153482,0.3485437918897298,0.021571178597521112,-42.05939525751718
704,705.0,0.8875316340235307,8.772825101279699,0.47838490967266706,0.01659524271933314,0.009715784391534928,0.3485437918897317,0.02157117859752289,-42.05939525751711
705,706.0,0.4822855240772892,1.178508683984962,0.4783849135701124,0.016595244708531055,0.009715784391534518,0.3485437918897244,0.021571178597521445,-42.0593952575174
706,707.0,0.9001875934951586,6.069662423577279,0.47838487794308665,0.016595235505770484,0.009715784391547938,0.3485437918899651,0.021571178597523888,-42.05939525750773
707,708.0,0.5879541638590742,2.131950392368445,0.47838452987637553,0.016595029358619014,0.00971578439328433,0.34854379192111073,0.021571178594111617,-42.05939525625671
708,709.0,0.4609724478845484,1.2044478318380125,0.4783853861453584,0.016595642204553854,0.00971578439478091,0.3485437919479549,0.02157117858473312,-42.05939525517845
709,710.0,0.26208718848343393,2.0069707232285987,0.4783848956958956,0.016595240737596793,0.0097157843915383,0.34854379188979223,0.021571178597523888,-42.05939525751468
710,711.0,0.9414807206082044,9.694630091865463,0.4783849098090642,0.01659524406425227,0.009715784391534848,0.34854379188973034,0.021571178597521667,-42.05939525751717
711,712.0,0.29831070537232596,8.497963455562449,0.4783849124762615,0.016595244429887936,0.009715784391534596,0.3485437918897258,0.021571178597521112,-42.059395257517345
712,713.0,0.16096809412172952,4.748870691474036,0.4783849116728556,0.016595245991974854,0.009715784391534615,0.3485437918897262,0.021571178597519558,-42.05939525751733
713,714.0,0.978263614176484,8.45446553682103,0.4783849045341722,0.016595242477730844,0.009715784391535755,0.34854379188974655,0.021571178597523222,-42.05939525751651
714,715.0,0.1924901186430129,8.004391785867377,0.47838491225971075,0.01659524483522677,0.009715784391534598,0.34854379188972584,0.021571178597521,-42.059395257517345
715,716.0,0.1900755364017347,1.7831239536693118,0.4783849078917874,0.016595243424807338,0.009715784391535118,0.34854379188973517,0.021571178597522667,-42.05939525751697
716,717.0,0.45996221851377894,4.241533855288426,0.4783849077598924,0.01659524307166184,0.009715784391535164,0.34854379188973594,0.021571178597522556,-42.05939525751693
717,718.0,0.7187066018558562,0.4091497756637248,0.478384913152011,0.016595243420933464,0.009715784391534569,0.3485437918897253,0.021571178597522667,-42.059395257517366
718,719.0,0.9008841173561173,8.297970588178702,0.4783849071011976,0.01659524354396369,0.009715784391535228,0.3485437918897371,0.021571178597522556,-42.05939525751689
719,720.0,0.03633908994378554,8.201770534737145,0.47838491243867814,0.016595244655636804,0.009715784391534588,0.3485437918897256,0.021571178597521667,-42.05939525751735
720,721.0,0.02915328950609064,1.1780155522023685,0.4783849124931915,0.01659524452199756,0.009715784391534595,0.3485437918897258,0.02157117859752078,-42.059395257517345
721,722.0,0.5607480602696776,1.7829244600071323,0.47838454625753074,0.01659500268071619,0.009715784393272524,0.34854379192089896,0.021571178593183804,-42.05939525626521
722,723.0,0.8143694708244505,3.1496825390978542,0.4783845733176759,0.01659506556037929,0.009715784392873513,0.34854379191374196,0.021571178595192753,-42.05939525655269
723,724.0,0.9450809948069808,5.346104593025399,0.4783848284314862,0.016595216996040527,0.009715784391608645,0.34854379189105406,0.02157117859748947,-42.059395257464
724,725.0,0.49482406038447,9.372203342844376,0.4783849123283098,0.01659524469815597,0.0097157843915346,0.34854379188972584,0.021571178597521,-42.059395257517345
725,726.0,0.16968899105240376,9.433494112094428,0.4783849125904726,0.016595244180405148,0.009715784391534598,0.34854379188972584,0.021571178597521334,-42.059395257517345
726,727.0,0.9230156336595476,8.147580560375847,0.47838490532858513,0.016595243521873464,0.009715784391535523,0.3485437918897424,0.021571178597522223,-42.05939525751668
727,728.0,0.3573506287782112,4.925524870594925,0.4783849123523405,0.016595244324592334,0.009715784391534605,0.34854379188972595,0.021571178597521445,-42.05939525751734
728,729.0,0.32568534683393746,8.321750037598298,0.47838491224298507,0.016595244934812063,0.009715784391534595,0.3485437918897258,0.021571178597521334,-42.059395257517345
729,730.0,0.5289034496965805,2.149335419469759,0.4783846114941676,0.016595097868409295,0.009715784392556524,0.34854379190805607,0.02157117859598401,-42.05939525678107
730,731.0,0.11561518883928779,5.812077006502699,0.4783849129061292,0.016595243593197275,0.00971578439153459,0.3485437918897256,0.02157117859752178,-42.05939525751735
731,732.0,0.6967222779241173,5.108839396654641,0.478384891527209,0.016595238238020137,0.009715784391540291,0.3485437918898279,0.021571178597524443,-42.059395257513245
732,733.0,0.8679046587179956,3.2926826985281474,0.4783845582604815,0.016595055443242593,0.00971578439300125,0.34854379191603313,0.021571178594910978,-42.059395256460654
733,734.0,0.8863983671384402,3.2134557407987625,0.478384529029815,0.01659503135873755,0.009715784393282623,0.34854379192108015,0.021571178594176788,-42.059395256257936
734,735.0,0.20560747156318493,4.710709770888174,0.47838491185076004,0.01659524567434822,0.009715784391534605,0.34854379188972595,0.021571178597520224,-42.05939525751734
735,736.0,0.22301351296843575,5.013756422768187,0.47838491261836424,0.01659524406887446,0.009715784391534591,0.34854379188972573,0.021571178597522,-42.05939525751735
736,737.0,0.8467467075980708,7.589215188736342,0.47838490668354866,0.016595242733265084,0.009715784391535358,0.34854379188973944,0.021571178597522334,-42.0593952575168
737,738.0,0.9225561121101394,5.972902108475366,0.47838486937369734,0.016595233190265287,0.009715784391554601,0.3485437918900846,0.021571178597523,-42.059395257502935
738,739.0,0.9355780093421524,9.23876124215414,0.4783849091469103,0.016595244057234823,0.009715784391534924,0.34854379188973167,0.021571178597521667,-42.05939525751711
739,740.0,0.45127293295593207,3.0335539183851865,0.47838487707357413,0.01659523615329535,0.009715784391548276,0.34854379188997114,0.02157117859752411,-42.05939525750749
740,741.0,0.4074295487377514,4.020656497121549,0.4783849087842856,0.016595244307682902,0.009715784391534955,0.34854379188973217,0.021571178597521445,-42.05939525751709
741,742.0,0.9471716284479023,7.331866460894406,0.4783848966977488,0.01659524109534618,0.00971578439153792,0.3485437918897854,0.021571178597523777,-42.05939525751495
742,743.0,0.7704187841586327,7.58648785621063,0.4783849090733384,0.01659524407787021,0.009715784391534928,0.3485437918897317,0.021571178597522,-42.05939525751711
743,744.0,0.375575120135234,4.368940121223918,0.4783849113107841,0.01659524420498939,0.009715784391534693,0.3485437918897275,0.021571178597521667,-42.059395257517274
744,745.0,0.139046394232907,9.144682704725392,0.4783849124631968,0.016595244384751934,0.009715784391534596,0.3485437918897258,0.021571178597521334,-42.059395257517345
745,746.0,0.03408521056855962,7.142337627477011,0.4783849124413052,0.01659524462286973,0.009715784391534595,0.3485437918897258,0.021571178597521112,-42.059395257517345
746,747.0,0.6319855551483424,7.697951512007,0.47838491196394234,0.016595243758160166,0.009715784391534652,0.3485437918897268,0.021571178597522,-42.05939525751731
747,748.0,0.5985438541556429,4.143442000085159,0.47838488225702247,0.01659523757078201,0.009715784391544836,0.34854379188990947,0.021571178597524776,-42.05939525750997
748,749.0,0.6389742246229005,7.335179326829648,0.47838491106250774,0.016595244664419515,0.009715784391534699,0.34854379188972767,0.021571178597521112,-42.05939525751727
749,750.0,0.7648526269620112,3.0769676776076635,0.47838460354922585,0.016595090837592245,0.00971578439261986,0.34854379190919216,0.021571178595826024,-42.05939525673544
750,751.0,0.7665575655300566,6.016842416089776,0.4783848983157684,0.016595240466479165,0.009715784391537525,0.3485437918897783,0.021571178597523555,-42.059395257515234
751,752.0,0.45268632795099006,7.885950500503065,0.4783849127250307,0.016595243944540913,0.009715784391534588,0.3485437918897256,0.021571178597522,-42.05939525751735
752,753.0,0.7469714554504182,3.786280008594329,0.47838477565016546,0.016595192982725177,0.009715784391732462,0.3485437918932749,0.021571178597365126,-42.05939525737479
753,754.0,0.2926379007217784,5.318522923732727,0.4783849125936061,0.01659524424219875,0.009715784391534588,0.3485437918897256,0.021571178597522,-42.05939525751735
754,755.0,0.03604128351416025,7.440567740765005,0.478384912493999,0.01659524465145756,0.009715784391534588,0.3485437918897256,0.021571178597521,-42.05939525751735
755,756.0,0.012519042469302577,0.3250054650765792,0.47838491302527286,0.01659524406569945,0.009715784391534567,0.34854379188972523,0.021571178597521667,-42.059395257517366
756,757.0,0.9709021925967135,5.7097460494477845,0.4783848426794034,0.016595223314279053,0.00971578439158555,0.3485437918906397,0.021571178597507012,-42.05939525748064
757,758.0,0.6487863594416244,4.417858078472024,0.47838487994010537,0.016595235744241363,0.009715784391546666,0.34854379188994233,0.02157117859752411,-42.059395257508655
758,759.0,0.5853171749035807,1.4609741058183134,0.4783849130725612,0.01659524510850713,0.009715784391534544,0.34854379188972484,0.021571178597520557,-42.05939525751738
759,760.0,0.22458453153011793,9.383748755061134,0.47838491276145206,0.016595243799097176,0.009715784391534591,0.34854379188972573,0.021571178597522,-42.05939525751735
760,761.0,0.5185335378850657,0.7175424345581676,0.4783849123188236,0.016595244759702928,0.009715784391534601,0.3485437918897259,0.021571178597520557,-42.059395257517345
761,762.0,0.6395639239167081,9.672492107669504,0.4783849127424647,0.0165952437483209,0.009715784391534595,0.3485437918897258,0.021571178597522,-42.059395257517345
762,763.0,0.5011093117846951,4.3941245985974575,0.47838490559400715,0.01659524218161608,0.009715784391535589,0.3485437918897436,0.02157117859752289,-42.05939525751663
763,764.0,0.3297949740690177,1.1228972334501635,0.47838451350440553,0.016595000251513996,0.009715784393515503,0.3485437919252573,0.021571178593093876,-42.05939525609015
764,765.0,0.7415410847526883,6.797630685655246,0.47838490733752054,0.016595242890634968,0.009715784391535235,0.3485437918897373,0.021571178597523,-42.05939525751688
765,766.0,0.03696642883188672,1.282011637981077,0.4783849127360472,0.016595244148956335,0.00971578439153458,0.3485437918897255,0.021571178597522,-42.05939525751736
766,767.0,0.06052470524237208,8.538775450075201,0.4783849127087534,0.016595244054111336,0.00971578439153459,0.3485437918897256,0.021571178597521445,-42.05939525751735
767,768.0,0.02490321444052479,6.796481150534507,0.4783849128957713,0.01659524400110244,0.009715784391534577,0.34854379188972545,0.021571178597521667,-42.059395257517366
768,769.0,0.21199723072335308,2.588558817669864,0.47838491155577834,0.01659524462929168,0.009715784391534655,0.3485437918897269,0.021571178597521445,-42.0593952575173
769,770.0,0.4162716113486892,2.100984922439323,0.4783847736355374,0.016595191493683062,0.009715784391739092,0.34854379189339385,0.021571178597354246,-42.059395257370014
770,771.0,0.36332525210094635,3.190240340303668,0.47838490547721074,0.016595242632749002,0.009715784391535573,0.34854379188974327,0.021571178597522334,-42.05939525751664
771,772.0,0.18510556687838886,0.6684666253327899,0.4783849127330448,0.016595243527948056,0.009715784391534605,0.34854379188972595,0.021571178597521667,-42.05939525751734
772,773.0,0.5301283431904233,7.531266427640651,0.47838491253896764,0.016595244091330445,0.009715784391534595,0.3485437918897258,0.021571178597522,-42.059395257517345
773,774.0,0.9270804709572233,3.5205108023944547,0.47838455807335745,0.016595057331358118,0.009715784392995908,0.3485437919159373,0.021571178594965157,-42.059395256464505
774,775.0,0.3666302978697572,5.19598103092107,0.47838491244324566,0.01659524422926788,0.009715784391534603,0.3485437918897259,0.021571178597521667,-42.059395257517345
775,776.0,0.1403189303270228,6.848047326805766,0.478384912854138,0.016595243786075208,0.009715784391534584,0.34854379188972556,0.021571178597522,-42.05939525751736
776,777.0,0.20857720775522737,8.333625610405411,0.4783849123072937,0.016595244758322865,0.009715784391534603,0.3485437918897259,0.021571178597520557,-42.059395257517345
777,778.0,0.5782014601939989,1.1182772703186272,0.4783849229340575,0.016595246931159296,0.009715784391534771,0.34854379188972895,0.021571178597518004,-42.059395257517224
778,779.0,0.9003194394660081,2.9662832602321463,0.4783845185679774,0.016594998777883098,0.009715784393484318,0.3485437919246979,0.021571178593038476,-42.05939525611262
779,780.0,0.3398693596621556,0.11758907831483278,0.4783849121839903,0.01659524330541813,0.009715784391534654,0.3485437918897268,0.021571178597522,-42.05939525751731
780,781.0,0.6859971148054385,0.9411898871622686,0.4783849397822107,0.016595253692358772,0.009715784391539665,0.3485437918898167,0.021571178597505014,-42.05939525751369
781,782.0,0.18629239736306236,1.0865309341206102,0.47838484088760796,0.01659521992957327,0.009715784391589882,0.34854379189071744,0.021571178597498575,-42.05939525747752
782,783.0,0.6275854276525429,6.290848454580264,0.47838490938355827,0.016595243888608065,0.009715784391534909,0.3485437918897314,0.021571178597521667,-42.059395257517124
783,784.0,0.7780314200538678,6.694550535520567,0.4783849039155297,0.01659524330136334,0.009715784391535802,0.3485437918897474,0.021571178597522667,-42.05939525751648
784,785.0,0.4336564856540427,0.9508566144443442,0.4783849163794421,0.01659524504237575,0.009715784391534428,0.3485437918897228,0.021571178597521112,-42.059395257517465
785,786.0,0.6695002667968084,5.060754769485243,0.4783848938632789,0.016595241574146373,0.009715784391538782,0.3485437918898009,0.021571178597523888,-42.05939525751433
786,787.0,0.9488495723126964,4.006337862902807,0.47838464301022116,0.01659512026591771,0.009715784392338,0.3485437919041364,0.02157117859643698,-42.059395256938515
787,788.0,0.21128175825004802,1.7534608019978162,0.478384902166773,0.016595242527341108,0.009715784391536253,0.3485437918897555,0.021571178597523,-42.05939525751615
788,789.0,0.6019189627817663,0.8597642808853544,0.4783849448111478,0.016595254935091924,0.009715784391542042,0.34854379188985934,0.021571178597502794,-42.05939525751198
789,790.0,0.6621866128985125,0.5583577284520712,0.4783849101999758,0.016595248965697307,0.00971578439153466,0.34854379188972695,0.021571178597514895,-42.0593952575173
790,791.0,0.014341506217591227,4.387025938241288,0.4783849127940927,0.016595244021100415,0.009715784391534586,0.3485437918897256,0.021571178597521334,-42.05939525751735
791,792.0,0.8081467766670201,4.132760836836207,0.4783847802627584,0.01659519602014843,0.009715784391718142,0.34854379189301804,0.021571178597385443,-42.059395257385106
792,793.0,0.9524187271686032,8.423258420303954,0.47838490528155486,0.016595244089422936,0.009715784391535486,0.3485437918897417,0.021571178597521667,-42.059395257516705
793,794.0,0.3634870534167729,8.673981049732225,0.4783849123786787,0.016595244420784295,0.009715784391534598,0.34854379188972584,0.021571178597521667,-42.059395257517345
794,795.0,0.9737257554167074,0.18772609201275683,0.4783849101881895,0.016595250766848646,0.00971578439153463,0.3485437918897264,0.02157117859751223,-42.05939525751732
795,796.0,0.6833235369821662,9.622310416942355,0.4783849120831058,0.016595244611080077,0.009715784391534615,0.3485437918897262,0.021571178597521445,-42.05939525751733
796,797.0,0.7944041635618617,0.30111566038808063,0.4783849154719367,0.016595242108467467,0.00971578439153447,0.3485437918897235,0.021571178597523444,-42.05939525751744
797,798.0,0.07770434272114479,0.5794242748451377,0.4783849130388602,0.01659524349877991,0.009715784391534584,0.34854379188972556,0.02157117859752178,-42.05939525751736
798,799.0,0.19600149456753446,1.6889040613071744,0.47838490428455066,0.01659524300996129,0.009715784391535759,0.34854379188974666,0.021571178597522667,-42.05939525751651
799,800.0,0.5885959620973722,9.497913183445208,0.4783849127404347,0.016595243707018682,0.009715784391534595,0.3485437918897258,0.021571178597522,-42.059395257517345
800,801.0,0.4497212996326563,2.2181778050228336,0.47838475862924223,0.016595186825237807,0.009715784391782896,0.3485437918941795,0.021571178597318608,-42.05939525733845
801,802.0,0.7323871856164191,7.55541436873915,0.478384909968539,0.016595244066402816,0.00971578439153483,0.34854379188973,0.021571178597521667,-42.059395257517174
802,803.0,0.21233933715390474,7.945156825243426,0.47838491228511937,0.01659524487405264,0.009715784391534598,0.34854379188972584,0.02157117859752078,-42.059395257517345
803,804.0,0.3334554653736984,2.073592170661789,0.47838485957401605,0.01659523011310329,0.00971578439156406,0.34854379189025425,0.021571178597519558,-42.05939525749612
804,805.0,0.32841828386186056,4.6654709524139015,0.4783849121012629,0.016595244919401696,0.00971578439153461,0.348543791889726,0.02157117859752078,-42.05939525751734
805,806.0,0.5395950028543127,4.1957187998846734,0.4783848978339115,0.016595239817325944,0.009715784391537759,0.3485437918897825,0.021571178597524665,-42.05939525751507
806,807.0,0.8831500991822404,2.3959852457005737,0.47838508892627296,0.01659538739643513,0.009715784391964872,0.34854379189744367,0.02157117859577873,-42.05939525720734
807,808.0,0.48927521094249515,7.817673041896681,0.478384911628022,0.016595245696989207,0.009715784391534624,0.3485437918897263,0.021571178597520113,-42.05939525751732
808,809.0,0.8212520771541593,5.343813237396277,0.4783848706385485,0.016595233538966327,0.009715784391553534,0.34854379189006546,0.02157117859752289,-42.0593952575037
809,810.0,0.3130889722893949,4.377153424475223,0.47838491229204977,0.01659524437469016,0.009715784391534608,0.348543791889726,0.021571178597521445,-42.05939525751734
810,811.0,0.3724801890751863,2.997973705564817,0.4783848999650364,0.016595241951474417,0.00971578439153686,0.3485437918897664,0.021571178597523444,-42.05939525751572
811,812.0,0.4017627642252827,4.457250036733032,0.478384911022041,0.016595244373975,0.00971578439153471,0.34854379188972784,0.02157117859752178,-42.05939525751727
812,813.0,0.4369075117481125,6.688691024294661,0.47838491238366543,0.016595244369216684,0.009715784391534603,0.3485437918897259,0.021571178597521334,-42.059395257517345
813,814.0,0.9786145392915104,6.473208633210199,0.4783848743597985,0.016595233917703473,0.009715784391550778,0.348543791890016,0.021571178597523,-42.059395257505685
814,815.0,0.7248158403653954,4.946526902582444,0.47838487979519395,0.016595236855977354,0.009715784391546418,0.34854379188993784,0.021571178597524776,-42.059395257508825
815,816.0,0.9611067555943243,2.0955003394020406,0.4783849163940488,0.01659524540450556,0.009715784391534431,0.34854379188972284,0.021571178597520446,-42.059395257517465
816,817.0,0.013985580903972616,7.3409129382630995,0.47838491268157735,0.016595244466297267,0.009715784391534582,0.34854379188972556,0.021571178597521334,-42.05939525751736
817,818.0,0.8418331375973895,8.8530390046083,0.4783849099705299,0.016595244670707554,0.0097157843915348,0.34854379188972945,0.021571178597521445,-42.0593952575172
818,819.0,0.620973338905432,3.739764753397625,0.47838485101988587,0.016595224748624682,0.009715784391575269,0.3485437918904553,0.021571178597510454,-42.05939525748804
819,820.0,0.8693871372696665,6.903668642026639,0.4783848990372827,0.016595241184956727,0.009715784391537207,0.34854379188977264,0.02157117859752422,-42.05939525751547
820,821.0,0.056492738849491686,8.003860143122884,0.47838491231785035,0.01659524477839307,0.009715784391534595,0.3485437918897258,0.021571178597521334,-42.059395257517345
821,822.0,0.36556154622400383,3.2438445736504273,0.4783849058236427,0.01659524304264056,0.009715784391535472,0.3485437918897415,0.021571178597522667,-42.05939525751672
822,823.0,0.4742868914211341,4.331186479257863,0.4783849067775155,0.016595243672295965,0.009715784391535268,0.34854379188973783,0.021571178597522334,-42.05939525751687
823,824.0,0.5722495335516288,2.4946952237839533,0.47838466955745773,0.01659513614619652,0.009715784392181119,0.34854379190132245,0.02157117859671054,-42.05939525705154
824,825.0,0.05150890461084556,0.16551975541741465,0.4783849125538212,0.016595243832240925,0.009715784391534605,0.34854379188972595,0.021571178597522,-42.05939525751734
825,826.0,0.3097342280715233,2.006564393452595,0.4783848700547868,0.016595232193172098,0.009715784391554476,0.34854379189008233,0.021571178597521667,-42.05939525750303
826,827.0,0.14826958216665087,7.702906635053047,0.4783849129692343,0.0165952433267667,0.009715784391534586,0.3485437918897256,0.021571178597522667,-42.05939525751735
827,828.0,0.4783359657544701,2.5153906062854987,0.47838479666012373,0.01659520076735428,0.009715784391677893,0.34854379189229606,0.02157117859741542,-42.0593952574141
828,829.0,0.9778288271170906,0.5952032803709232,0.47838475113599815,0.016595474789529694,0.009715784391596278,0.3485437918908321,0.021571178593136398,-42.0593952574729
829,830.0,0.5435212334414846,3.7802035318366567,0.4783848831786491,0.016595237052370423,0.009715784391544482,0.34854379188990314,0.021571178597524776,-42.059395257510225
830,831.0,0.6967728373816416,9.411666357791814,0.47838491192772187,0.016595244861225135,0.009715784391534622,0.3485437918897263,0.021571178597521,-42.05939525751732
831,832.0,0.10923246066838488,7.012314863642958,0.47838491250746984,0.016595244272431663,0.009715784391534596,0.3485437918897258,0.021571178597521445,-42.059395257517345
832,833.0,0.6987037609002947,5.791142755025077,0.47838490221667346,0.016595242340476372,0.009715784391536258,0.34854379188975565,0.021571178597523444,-42.05939525751615
833,834.0,0.04896540009325179,9.703970383450066,0.4783849128985707,0.016595243682798952,0.00971578439153458,0.3485437918897255,0.021571178597522556,-42.05939525751736
834,835.0,0.3051807898060491,5.593010684622445,0.4783849128880431,0.01659524365840511,0.00971578439153459,0.3485437918897256,0.02157117859752178,-42.05939525751735
835,836.0,0.08941561133745601,7.10948791300644,0.4783849122975438,0.016595245045010424,0.009715784391534593,0.3485437918897258,0.021571178597520557,-42.05939525751735
836,837.0,0.4969815619686837,5.0810167438524925,0.47838490997282607,0.0165952439362953,0.009715784391534836,0.3485437918897301,0.021571178597522,-42.05939525751717
837,838.0,0.18823993503360148,5.15669277012766,0.47838491277967415,0.016595243805386403,0.009715784391534586,0.3485437918897256,0.021571178597522334,-42.05939525751735
838,839.0,0.7288307511875418,8.846391648032162,0.4783849118435017,0.016595244000335376,0.00971578439153466,0.34854379188972695,0.021571178597521334,-42.0593952575173
839,840.0,0.18480846820269936,8.470275951497907,0.47838491264062755,0.016595243920941152,0.009715784391534596,0.3485437918897258,0.02157117859752178,-42.059395257517345
840,841.0,0.9060579614762937,5.691278917046756,0.4783848622755082,0.0165952302392539,0.009715784391561599,0.3485437918902102,0.021571178597519336,-42.05939525749789
841,842.0,0.8506414806901841,3.44050112356804,0.4783846080783115,0.016595093634744602,0.009715784392587051,0.3485437919086037,0.02157117859588964,-42.059395256759075
842,843.0,0.1316520063394836,3.80116231197355,0.4783925616538712,0.016580064057843874,0.009715784570639228,0.3485437951023232,0.021571160562813274,-42.05939512847657
843,844.0,0.573089051928236,7.731745838506283,0.4783849122731305,0.016595244376139677,0.009715784391534607,0.34854379188972595,0.02157117859752178,-42.05939525751734
844,845.0,0.7086053114510015,9.207327424646502,0.47838491241191017,0.016595244007665266,0.009715784391534608,0.348543791889726,0.02157117859752178,-42.05939525751734
845,846.0,0.8973253360130794,9.558941796841486,0.4783849101789806,0.016595245056621695,0.009715784391534765,0.34854379188972884,0.021571178597521,-42.059395257517224
846,847.0,0.42302796796349496,0.6237784016375819,0.47838491220556406,0.016595244925952227,0.009715784391534601,0.3485437918897259,0.02157117859752078,-42.059395257517345
847,848.0,0.6571087898742047,2.6924139460897805,0.47838461752702555,0.016595104155801507,0.00971578439250704,0.3485437919071685,0.021571178596119678,-42.05939525681672
848,849.0,0.4191727754171911,6.372741592996548,0.47838491236173747,0.0165952443470557,0.00971578439153461,0.348543791889726,0.021571178597521,-42.05939525751734
849,850.0,0.49457285319434374,7.66893727134693,0.47838491229550334,0.01659524472704698,0.009715784391534596,0.3485437918897258,0.021571178597521445,-42.059395257517345
850,851.0,0.6600913288461688,5.554040368530455,0.4783849030383662,0.016595242578458014,0.009715784391536052,0.34854379188975193,0.021571178597523444,-42.0593952575163
851,852.0,0.10063436516443713,6.901291349040917,0.4783849131468598,0.016595243202609966,0.009715784391534584,0.34854379188972556,0.021571178597522,-42.05939525751736
852,853.0,0.19977156658066175,9.556970670594195,0.4783849122603576,0.01659524486738756,0.009715784391534598,0.34854379188972584,0.021571178597521,-42.059395257517345
853,854.0,0.562718468226096,0.4583182636719333,0.47838491068137806,0.01659524693332265,0.009715784391534664,0.348543791889727,0.02157117859751856,-42.0593952575173
854,855.0,0.08000404158360175,1.7355716918358035,0.4783849127652846,0.01659524406343191,0.009715784391534584,0.34854379188972556,0.021571178597521667,-42.05939525751736
855,856.0,0.7081980149995483,9.12441888147179,0.4783849121181776,0.016595244484509726,0.009715784391534624,0.3485437918897263,0.021571178597521,-42.05939525751732
856,857.0,0.2913626438829726,6.046165589918039,0.4783849128846287,0.016595243610150624,0.009715784391534591,0.34854379188972573,0.021571178597521667,-42.05939525751735
857,858.0,0.733763538334292,6.408011528569137,0.47838490528138494,0.016595242790075647,0.009715784391535592,0.34854379188974366,0.021571178597522667,-42.05939525751663
858,859.0,0.017541918334603168,9.250192366574415,0.478384912665858,0.01659524437801986,0.009715784391534582,0.34854379188972556,0.021571178597521334,-42.05939525751736
859,860.0,0.3707417360875239,1.5963039791661473,0.4783846609828495,0.016595126748050523,0.009715784392240044,0.34854379190237944,0.02157117859655333,-42.059395257009086
860,861.0,0.9670392086846226,7.438353721486998,0.47838489651505856,0.016595239720282304,0.009715784391538192,0.3485437918897903,0.021571178597524443,-42.05939525751476
861,862.0,0.5720482822188273,1.1166525240704013,0.47838492221179496,0.016595246852428233,0.009715784391534699,0.34854379188972767,0.02157117859751856,-42.05939525751727
862,863.0,0.8799242077652671,8.626726714338641,0.4783849095927375,0.01659524237821181,0.00971578439153496,0.34854379188973234,0.021571178597522667,-42.05939525751708
863,864.0,0.15343015777448066,5.287274285979873,0.4783849121866982,0.016595244966122726,0.009715784391534601,0.3485437918897259,0.021571178597521,-42.059395257517345
864,865.0,0.5459865058052215,4.715694948462005,0.4783849046191548,0.01659524256246158,0.009715784391535736,0.3485437918897462,0.02157117859752289,-42.05939525751653
865,866.0,0.8284534100924057,8.67622217480503,0.47838491062634764,0.016595243783253208,0.009715784391534771,0.34854379188972895,0.021571178597522334,-42.059395257517224
866,867.0,0.8685188492214172,9.858341063680314,0.47838491118328025,0.016595244685859697,0.009715784391534688,0.34854379188972745,0.021571178597521112,-42.05939525751728
867,868.0,0.7380802732110779,3.932781264803356,0.4783848017442957,0.016595206313727028,0.00971578439166234,0.3485437918920171,0.021571178597445173,-42.05939525742531
868,869.0,0.3602999054128875,6.378594715487376,0.47838491255846294,0.016595244173274765,0.009715784391534595,0.3485437918897258,0.021571178597521667,-42.059395257517345
869,870.0,0.8179420071026969,4.8005002683052584,0.4783848424613575,0.016595222474227327,0.009715784391586327,0.3485437918906537,0.02157117859750579,-42.05939525748007
870,871.0,0.0936089374705461,6.37981123309203,0.4783849127581677,0.0165952440814445,0.00971578439153459,0.3485437918897256,0.021571178597521334,-42.05939525751735
871,872.0,0.9327053122135011,6.888515611568554,0.47838489155945146,0.01659523941086602,0.009715784391540049,0.3485437918898236,0.021571178597523888,-42.059395257513415
872,873.0,0.7328144457289573,1.8566244684066275,0.4783849133469386,0.01659524418659798,0.009715784391534539,0.3485437918897248,0.021571178597522,-42.05939525751739
873,874.0,0.2744854148174325,1.8412296246848505,0.47838487689133385,0.01659523539746834,0.009715784391548628,0.3485437918899775,0.021571178597523888,-42.059395257507234
874,875.0,0.06063098964651603,3.2233886940135306,0.4783849123431735,0.016595244506709274,0.009715784391534603,0.3485437918897259,0.021571178597521112,-42.059395257517345
875,876.0,0.512777132631608,0.15369783911462198,0.47838489879650514,0.016595260495552877,0.009715784391535573,0.34854379188974327,0.021571178597485363,-42.05939525751664
876,877.0,0.36214467901279745,8.402247994063073,0.47838491251028337,0.016595244260019553,0.009715784391534595,0.3485437918897258,0.021571178597521667,-42.059395257517345
877,878.0,0.5103489117969068,5.828747309504545,0.47838491152909557,0.01659524392260435,0.009715784391534685,0.3485437918897274,0.02157117859752178,-42.05939525751728
878,879.0,0.14029078931624095,3.3972638802819883,0.47838491284728213,0.016595243692693662,0.009715784391534588,0.3485437918897256,0.021571178597522223,-42.05939525751735
879,880.0,0.4743942185879403,1.9043080046194392,0.47838460124990506,0.01659509134241792,0.009715784392630968,0.34854379190939144,0.021571178595837903,-42.059395256727434
880,881.0,0.16376190218984066,0.43378598837712085,0.47838491263463806,0.016595243599842276,0.009715784391534608,0.348543791889726,0.021571178597521667,-42.05939525751734
881,882.0,0.2673177147820345,0.9898339812178272,0.47838454271832054,0.016595039945643493,0.00971578439315757,0.34854379191883705,0.02157117859444946,-42.059395256348026
882,883.0,0.7012328923918101,6.245775792622158,0.4783849048124959,0.016595245115797908,0.009715784391535491,0.3485437918897419,0.021571178597520224,-42.0593952575167
883,884.0,0.4074613173048711,1.2468909135872714,0.47838460139617095,0.016595033102251022,0.009715784392812099,0.34854379191264034,0.021571178594232965,-42.059395256596936
884,885.0,0.9336405707520904,4.316645791799632,0.47838471601162885,0.016595161073087006,0.009715784391952803,0.3485437918972272,0.021571178597059926,-42.05939525721604
885,886.0,0.6039243539465562,3.8933592825706276,0.4783848693290473,0.01659523142273376,0.009715784391555325,0.3485437918900976,0.021571178597521,-42.05939525750241
886,887.0,0.8416141931631015,0.5670044614254723,0.4783848389402717,0.016595351275463643,0.009715784391548767,0.34854379188997997,0.0215711785965208,-42.059395257507134
887,888.0,0.8598399784037787,7.669226651215037,0.47838490585542087,0.016595243606775813,0.009715784391535425,0.3485437918897406,0.021571178597522,-42.05939525751675
888,889.0,0.021268913718598625,5.16876483395724,0.4783849128265617,0.01659524420889348,0.009715784391534577,0.34854379188972545,0.021571178597521445,-42.059395257517366
889,890.0,0.4855246296438065,2.85544174035375,0.4783848430631444,0.016595222396856533,0.00971578439158566,0.3485437918906417,0.021571178597505014,-42.05939525748056
890,891.0,0.7496407539490751,2.4676994754022585,0.4783845199073267,0.01659499712307884,0.009715784393481197,0.34854379192464197,0.021571178592976414,-42.05939525611486
891,892.0,0.4285537435062543,4.422702705036786,0.4783849104201425,0.016595243590207788,0.009715784391534803,0.34854379188972956,0.021571178597522,-42.059395257517195
892,893.0,0.8797597576006281,5.3308838581243405,0.4783848523036679,0.016595226933193596,0.009715784391572724,0.3485437918904097,0.021571178597515006,-42.059395257489875
893,894.0,0.3600871857345461,7.084704232307757,0.4783849128018629,0.016595243705410264,0.009715784391534593,0.3485437918897258,0.021571178597522,-42.05939525751735
894,895.0,0.19440353687644274,9.925382730565067,0.4783849121496766,0.01659524507584732,0.009715784391534601,0.3485437918897259,0.021571178597520557,-42.059395257517345
895,896.0,0.6883233924229668,8.920676450264565,0.4783849119478866,0.01659524476304889,0.009715784391534626,0.3485437918897263,0.021571178597521,-42.05939525751732
896,897.0,0.4758036421105667,0.5249263993908974,0.4783849117741359,0.016595246129240668,0.009715784391534601,0.3485437918897259,0.021571178597519558,-42.059395257517345
897,898.0,0.5050138664312832,3.6886005663095887,0.4783848898286898,0.016595240029196382,0.009715784391540624,0.3485437918898339,0.02157117859752422,-42.059395257513
898,899.0,0.47857007073056246,9.950410863785853,0.4783849125891715,0.016595244459102425,0.009715784391534588,0.3485437918897256,0.021571178597521334,-42.05939525751735
899,900.0,0.08072506033994065,3.497910964435885,0.4783849127395083,0.016595243845477805,0.009715784391534595,0.3485437918897258,0.021571178597521667,-42.059395257517345
900,901.0,0.2918049617043632,7.360690590454908,0.4783849120870527,0.01659524517161712,0.009715784391534605,0.34854379188972595,0.021571178597520557,-42.05939525751734
901,902.0,0.6286007840914835,1.5394377908696846,0.47838491361632296,0.016595244510602448,0.00971578439153452,0.3485437918897244,0.021571178597521667,-42.0593952575174
902,903.0,0.41207497672638804,0.5711346056347559,0.47838491230729663,0.01659524489515781,0.009715784391534598,0.34854379188972584,0.021571178597520446,-42.059395257517345
903,904.0,0.5734182490392898,6.177974447913592,0.47838491060222543,0.0165952442251111,0.009715784391534754,0.3485437918897286,0.021571178597522,-42.05939525751723
904,905.0,0.06157015028540147,6.1853083141688066,0.47838491224618146,0.016595244810565825,0.009715784391534601,0.3485437918897259,0.021571178597521112,-42.059395257517345
905,906.0,0.6815667537778255,3.9485428802517104,0.47838483719521174,0.016595221616451432,0.00971578439159344,0.3485437918907813,0.021571178597502794,-42.05939525747495
906,907.0,0.2795497204204691,3.9271113177312076,0.47838491221439366,0.01659524459243349,0.009715784391534605,0.34854379188972595,0.021571178597521445,-42.05939525751734
907,908.0,0.9963972032513565,1.0707769424002642,0.47838460649561215,0.01659512747631343,0.009715784392499358,0.34854379190703066,0.021571178596565765,-42.059395256822256
908,909.0,0.6299315862839995,5.432552928194445,0.478384904237196,0.016595243405711696,0.009715784391535738,0.34854379188974627,0.021571178597522,-42.05939525751653
909,910.0,0.48967669764202326,7.777373410053894,0.478384912520275,0.016595243997716686,0.009715784391534607,0.34854379188972595,0.021571178597521445,-42.05939525751734
910,911.0,0.20246721139785906,0.7990632713842337,0.4783849126788021,0.016595244170205393,0.009715784391534588,0.3485437918897256,0.021571178597521667,-42.05939525751735
911,912.0,0.3740346963173984,0.8433208998392988,0.4783849155448963,0.016595244713566375,0.009715784391534442,0.34854379188972306,0.021571178597521334,-42.05939525751746
912,913.0,0.09644264126781366,0.7369318506826877,0.47838491180212467,0.01659524525749865,0.00971578439153462,0.34854379188972623,0.021571178597520557,-42.05939525751732
913,914.0,0.8972391104028268,7.52909931590662,0.47838490352719665,0.01659524172231159,0.009715784391536041,0.3485437918897517,0.021571178597523,-42.05939525751631
914,915.0,0.7792556462039989,9.649775944557462,0.4783849116920212,0.016595244506108275,0.009715784391534655,0.3485437918897269,0.021571178597521,-42.0593952575173
915,916.0,0.3286310619053926,5.106977545933321,0.4783849125366045,0.01659524390089094,0.009715784391534605,0.34854379188972595,0.02157117859752178,-42.05939525751734
916,917.0,0.48797671364058337,2.689714897493374,0.47838481754376955,0.01659521286662937,0.0097157843916286,0.34854379189141194,0.021571178597474705,-42.05939525744962
917,918.0,0.7220506657217929,3.4694122825629643,0.47838474223382765,0.01659517655030794,0.009715784391843611,0.34854379189526863,0.02157117859722779,-42.0593952572947
918,919.0,0.570210010707993,3.0737457775772494,0.4783848083175677,0.016595207051473618,0.009715784391649543,0.3485437918917876,0.021571178597448837,-42.05939525743453
919,920.0,0.08823176912319175,1.3683430015587603,0.47838491211451983,0.016595244791167616,0.009715784391534608,0.348543791889726,0.021571178597521334,-42.05939525751734
920,921.0,0.26676694206556706,9.030156138786873,0.4783849125805691,0.016595244449999328,0.009715784391534591,0.34854379188972573,0.021571178597521,-42.05939525751735
921,922.0,0.06737030852832249,5.472239402329193,0.4783849126538861,0.016595243882941365,0.009715784391534593,0.3485437918897258,0.021571178597522334,-42.05939525751735
922,923.0,0.23252427182184465,7.4597756401648985,0.47838491265221017,0.016595244002204267,0.009715784391534593,0.3485437918897258,0.021571178597521667,-42.05939525751735
923,924.0,0.4597807453580849,2.6093389652312924,0.47838482935294613,0.016595218571037573,0.009715784391606154,0.3485437918910093,0.0215711785974948,-42.059395257465795
924,925.0,0.2258919754206552,4.13889946051562,0.47838491261670574,0.016595244117975312,0.009715784391534593,0.3485437918897258,0.021571178597521667,-42.05939525751735
925,926.0,0.9661617095517174,8.297019014101513,0.47838490425220404,0.016595242601653168,0.009715784391535804,0.34854379188974743,0.021571178597522667,-42.05939525751647
926,927.0,0.048248721389396176,6.862302549623612,0.47838491242838244,0.016595244768584403,0.009715784391534588,0.3485437918897256,0.021571178597521334,-42.05939525751735
927,928.0,0.258627569173015,5.949752269642953,0.4783849121782195,0.016595244939662742,0.0097157843915346,0.34854379188972584,0.021571178597521334,-42.059395257517345
928,929.0,0.5233437560013847,8.398969732438921,0.4783849120992172,0.016595245010479008,0.009715784391534608,0.348543791889726,0.021571178597520557,-42.05939525751734
929,930.0,0.0661269660219026,0.2581847508950364,0.47838491188239696,0.016595245225276892,0.009715784391534617,0.3485437918897262,0.021571178597520446,-42.05939525751733
930,931.0,0.4891102476008382,2.3411100757128387,0.4783847391472195,0.016595175469216062,0.009715784391854432,0.34854379189546264,0.021571178597217022,-42.05939525728691
931,932.0,0.26498437052529245,9.513163951569746,0.4783849128318866,0.016595243902003377,0.009715784391534582,0.34854379188972556,0.021571178597522,-42.05939525751736
932,933.0,0.041481734092017386,2.2979504327435167,0.4783849124328653,0.016595244265422256,0.009715784391534598,0.34854379188972584,0.021571178597522,-42.059395257517345
933,934.0,0.518129725583704,4.750293056175517,0.4783849072218241,0.016595242809480465,0.009715784391535257,0.34854379188973766,0.021571178597523,-42.05939525751687
934,935.0,0.40348288066114535,9.887320299467177,0.478384912570595,0.016595244102955035,0.009715784391534593,0.3485437918897258,0.021571178597522,-42.05939525751735
935,936.0,0.5602528366398073,0.29306363194593454,0.47838491203561956,0.016595244633086814,0.009715784391534617,0.3485437918897262,0.021571178597521667,-42.05939525751733
936,937.0,0.372950663127128,5.860078912099846,0.47838491247106446,0.016595244154328365,0.009715784391534598,0.34854379188972584,0.021571178597522,-42.059395257517345
937,938.0,0.28504157382017337,0.05956466597905293,0.4783849138514107,0.016595242692479972,0.009715784391534546,0.3485437918897249,0.021571178597523,-42.05939525751738
938,939.0,0.7689082448957997,9.824206817568145,0.478384912342092,0.016595243552165625,0.009715784391534626,0.3485437918897263,0.021571178597522667,-42.05939525751732
939,940.0,0.23551297506722368,3.0289063002155796,0.4783849119381092,0.016595244774910783,0.00971578439153463,0.3485437918897264,0.021571178597520557,-42.05939525751732
940,941.0,0.555494135283134,5.133533694860753,0.4783849073522699,0.016595243362148834,0.009715784391535205,0.3485437918897367,0.021571178597522334,-42.05939525751691
941,942.0,0.005140480224905208,3.1343238982238604,0.4783849125581728,0.016595244646810173,0.00971578439153458,0.3485437918897255,0.021571178597521445,-42.05939525751736
942,943.0,0.6133960932821496,9.826780429777019,0.47838491209655737,0.016595244687901904,0.009715784391534612,0.3485437918897261,0.021571178597521334,-42.05939525751733
943,944.0,0.21973179550509137,2.904831031426461,0.4783849124066269,0.016595244034536993,0.009715784391534614,0.3485437918897261,0.021571178597521334,-42.05939525751733
944,945.0,0.5206664976773435,8.814703935487193,0.47838491236807745,0.016595244510620423,0.009715784391534598,0.34854379188972584,0.021571178597521445,-42.059395257517345
945,946.0,0.7446120335263974,1.9417654822685617,0.4783854040247555,0.016595657508901733,0.00971578439503389,0.3485437919524925,0.021571178583746242,-42.05939525499619
946,947.0,0.2195302804723036,2.302457262472064,0.478384910392966,0.016595243898456943,0.009715784391534789,0.3485437918897293,0.021571178597522334,-42.05939525751721
947,948.0,0.6139531202973908,7.417745705222178,0.47838491166539254,0.01659524474115726,0.00971578439153465,0.34854379188972673,0.021571178597520557,-42.05939525751731
948,949.0,0.01486410893737733,5.387527975612558,0.4783849124497493,0.016595244592452846,0.009715784391534598,0.34854379188972584,0.02157117859752078,-42.059395257517345
949,950.0,0.3064514494826833,6.089882508382417,0.4783849120502267,0.016595245183597666,0.00971578439153461,0.348543791889726,0.021571178597520113,-42.05939525751734
950,951.0,0.043158673856609986,1.6110443448837646,0.4783849124731198,0.016595244262401294,0.009715784391534603,0.3485437918897259,0.021571178597521112,-42.059395257517345
951,952.0,0.1478528720410338,4.417828400117327,0.47838491208577594,0.01659524504027644,0.009715784391534605,0.34854379188972595,0.02157117859752078,-42.05939525751734
952,953.0,0.7568503992359623,3.6685784907751664,0.47838474763216987,0.016595180162327007,0.009715784391822538,0.3485437918948906,0.021571178597262097,-42.059395257309895
953,954.0,0.09963750884961442,4.357499045862824,0.4783849126546794,0.016595244020427648,0.009715784391534593,0.3485437918897258,0.021571178597521667,-42.05939525751735
954,955.0,0.810446631706251,3.069446925333657,0.47838455654492595,0.016595055278330377,0.009715784393012735,0.34854379191623913,0.021571178594906648,-42.059395256452376
955,956.0,0.7912349999518493,3.087434323093065,0.47838457804069767,0.01659507443520443,0.009715784392816174,0.3485437919127134,0.021571178595426344,-42.059395256593994
956,957.0,0.7479627028978015,3.4050122703504955,0.4783847037129957,0.016595155146498976,0.009715784392007126,0.34854379189820156,0.021571178596984986,-42.0593952571769
957,958.0,0.8466279407699141,1.3105220427260413,0.4783849436078797,0.016595253496012267,0.009715784391541162,0.3485437918898436,0.02157117859750557,-42.05939525751261
958,959.0,0.2128206462245974,8.242841194434318,0.4783849121338116,0.0165952449663364,0.009715784391534601,0.3485437918897259,0.021571178597521334,-42.059395257517345
959,960.0,0.7204215410428969,0.6174808488752374,0.47838490490898306,0.016595255791207266,0.009715784391534964,0.3485437918897324,0.021571178597500018,-42.05939525751708
960,961.0,0.14193488178828606,7.365776543024808,0.4783849123676055,0.016595244512810525,0.0097157843915346,0.34854379188972584,0.021571178597521334,-42.059395257517345
961,962.0,0.4874699413739695,0.9252534060929877,0.4783849243908019,0.016595247225297337,0.009715784391534943,0.348543791889732,0.02157117859751745,-42.059395257517096
962,963.0,0.9688709323500533,6.999222206095077,0.4783848899863774,0.016595236587733774,0.009715784391541292,0.34854379188984586,0.021571178597524443,-42.05939525751252
963,964.0,0.5679912553934607,1.0537647170397733,0.47838492603797006,0.016595248186709613,0.009715784391535236,0.3485437918897373,0.021571178597516116,-42.05939525751688
964,965.0,0.13513369317896506,0.724596684819279,0.47838491261487187,0.016595243861532192,0.0097157843915346,0.34854379188972584,0.021571178597522,-42.059395257517345
965,966.0,0.5889829447574623,8.394096403946378,0.478384912993273,0.016595243079772344,0.009715784391534591,0.34854379188972573,0.02157117859752289,-42.05939525751735
966,967.0,0.3463212438572263,0.33785208521781335,0.4783849125985195,0.01659524465434918,0.00971578439153458,0.3485437918897255,0.021571178597521,-42.05939525751736
967,968.0,0.7723005579353873,5.494667121555896,0.47838488667393303,0.016595238323022177,0.009715784391542408,0.34854379188986595,0.021571178597524443,-42.05939525751172
968,969.0,0.7667790074262799,0.43079638534669257,0.47838491437054736,0.01659524074053975,0.00971578439153457,0.3485437918897253,0.021571178597523555,-42.059395257517366
969,970.0,0.7886166533737485,4.563952787562938,0.47838483662180686,0.016595221973875175,0.009715784391593934,0.34854379189079016,0.021571178597504237,-42.05939525747459
970,971.0,0.5356957744239381,0.12136588588124132,0.4783849123528773,0.016595244928153785,0.009715784391534588,0.3485437918897256,0.021571178597521112,-42.05939525751735
971,972.0,0.3988329149609583,5.0533183128201085,0.4783849125897282,0.01659524316811376,0.009715784391534622,0.3485437918897263,0.021571178597522556,-42.05939525751732
972,973.0,0.11159792256066303,2.359982906544195,0.4783849120410531,0.016595245202470906,0.00971578439153461,0.348543791889726,0.021571178597520224,-42.05939525751734
973,974.0,0.7751322681973394,1.7189855735286181,0.4783849158675785,0.01659524521165698,0.009715784391534438,0.34854379188972295,0.021571178597520557,-42.059395257517465
974,975.0,0.6747027772231844,7.529209474674026,0.47838491168742475,0.016595243224140514,0.009715784391534692,0.3485437918897275,0.02157117859752289,-42.059395257517274
975,976.0,0.5445524262201579,2.0519028620027138,0.4783845528679952,0.0165950526766313,0.009715784393045402,0.34854379191682505,0.021571178594831375,-42.05939525642885
976,977.0,0.09598554975607099,8.905029386479638,0.4783849124156035,0.016595244629238396,0.009715784391534593,0.3485437918897258,0.021571178597521334,-42.05939525751735
977,978.0,0.7743195644196754,0.8201115726197414,0.4783845525609565,0.0165951049616802,0.009715784392870559,0.34854379191368895,0.021571178596136442,-42.059395256554815
978,979.0,0.539198184313714,6.2335232950687995,0.47838491176107,0.01659524374467774,0.009715784391534667,0.34854379188972706,0.021571178597522334,-42.059395257517295
979,980.0,0.5001110823801302,0.0947448723107726,0.4783849182552963,0.016595235235562417,0.009715784391534503,0.34854379188972406,0.021571178597523444,-42.059395257517416
980,981.0,0.040257362483310466,4.048115301182227,0.478384912895823,0.01659524360277926,0.009715784391534591,0.34854379188972573,0.021571178597521667,-42.05939525751735
981,982.0,0.07429777475264898,5.901063289914513,0.47838491257041316,0.01659524405517438,0.009715784391534601,0.3485437918897259,0.021571178597521445,-42.059395257517345
982,983.0,0.7264665579789898,4.594957789561147,0.47838486450228046,0.01659523030631236,0.009715784391559658,0.3485437918901753,0.02157117859751989,-42.05939525749929
983,984.0,0.13026279763766357,7.118832109991622,0.4783849124190758,0.01659524461543218,0.009715784391534595,0.3485437918897258,0.021571178597521112,-42.059395257517345
984,985.0,0.8043145413935272,9.250389365033953,0.47838491165094454,0.01659524362121343,0.009715784391534685,0.3485437918897274,0.021571178597522223,-42.05939525751728
985,986.0,0.8154140127135943,7.384893281424992,0.4783849063528429,0.01659524403904568,0.009715784391535313,0.3485437918897386,0.021571178597521667,-42.059395257516826
986,987.0,0.7144054488654047,1.4490814939040246,0.4783849197671778,0.01659524622858972,0.009715784391534511,0.3485437918897243,0.021571178597519336,-42.05939525751741
987,988.0,0.2593859376310583,2.363416447048802,0.4783849065843773,0.01659524426955434,0.009715784391535264,0.3485437918897378,0.021571178597521112,-42.05939525751687
988,989.0,0.020207434285294812,0.4648006990234483,0.47838491268969474,0.01659524397405007,0.009715784391534596,0.3485437918897258,0.021571178597521334,-42.059395257517345
989,990.0,0.02242796659765056,0.6706128223622693,0.47838491248649617,0.01659524446806411,0.009715784391534598,0.34854379188972584,0.021571178597521,-42.059395257517345
990,991.0,0.9798341101718966,4.091378356511763,0.4783846349817077,0.01659511201929728,0.00971578439239785,0.34854379190520995,0.02157117859627955,-42.05939525689539
991,992.0,0.8150948658279114,7.875356176596385,0.4783849081680225,0.016595244662702797,0.009715784391535011,0.3485437918897332,0.021571178597521445,-42.059395257517046
992,993.0,0.7530265528244012,6.737017657809123,0.4783849065243024,0.016595242544564112,0.009715784391535389,0.34854379188974,0.021571178597523444,-42.05939525751677
993,994.0,0.6626172554257488,4.726620382364931,0.4783848868711753,0.01659523940336819,0.009715784391542064,0.34854379188985973,0.02157117859752422,-42.059395257511966
994,995.0,0.046937964167835466,8.334058435037413,0.47838491273212597,0.016595244036864073,0.009715784391534584,0.34854379188972556,0.021571178597522223,-42.05939525751736
995,996.0,0.3671291818805882,2.071551540132139,0.47838482815352423,0.01659521539043588,0.009715784391610261,0.348543791891083,0.021571178597484142,-42.05939525746283
996,997.0,0.17165544197241367,8.615337784842886,0.4783849128599726,0.016595243685858952,0.009715784391534588,0.3485437918897256,0.021571178597522,-42.05939525751735
997,998.0,0.8730836156778012,5.587369055865023,0.47838486691164417,0.01659523234368899,0.009715784391556835,0.3485437918901247,0.021571178597522334,-42.05939525750132
998,999.0,0.18323406496084504,0.05896563239139453,0.4783849125790011,0.016595244166061937,0.009715784391534595,0.3485437918897258,0.021571178597521667,-42.059395257517345
999,1000.0,0.7226266137261103,2.1249280982817296,0.47838470225965674,0.016595093604535885,0.009715784392141855,0.3485437919006182,0.021571178595888973,-42.05939525707983
