,iteration,init_sigma,init_center,est_sigma,est_center,ss_res,nrmse,r_squared,aic
0,1.0,0.004011501034093423,1.230523010353429,0.004011501034093423,1.230523010353429,3.457526756897279,0.7028032397780111,0.0,-0.9374963801069036
1,2.0,0.5422088528604231,8.83430387381725,0.5422847032970843,8.834298722382842,3.457523973022024,0.7028029568421035,6.535125499640415e-07,-0.9375020162555145
2,3.0,0.6679723105900003,9.513301840123196,0.09802276911744104,0.39925991216341533,0.012081328677306317,0.04154400193479253,0.9895123145817087,-40.53402976215188
3,4.0,0.20134201022049658,3.1760694389998965,0.09802265486149257,0.39925968285763097,0.012081328677952348,0.041544001935903276,0.9895123330302757,-40.53402976177757
4,5.0,0.849635612462661,7.472039768197402,0.09802283213983634,0.39926009451107713,0.012081328677718719,0.04154400193550158,0.9895122999818504,-40.53402976191293
5,6.0,0.6256322621511132,3.0357896108262574,0.09802302002159424,0.3992599110823281,0.012081328677731108,0.041544001935522906,0.9895123140249683,-40.53402976190575
6,7.0,0.3639274426334761,3.445168707502377,0.09802267525953991,0.39926001641191006,0.01208132867784801,0.04154400193572389,0.9895123065669541,-40.53402976183801
7,8.0,0.622980993473101,7.164277298830276,0.0980228046602988,0.399259803337188,0.01208132867728287,0.04154400193475222,0.9895123231077679,-40.53402976216547
8,9.0,0.014297497800469627,7.892129398597051,0.014297497800469627,7.892129398597051,3.457526756897279,0.7028032397780111,0.0,-0.9374963801069036
9,10.0,0.8008147424739154,0.7974278790343714,0.09802275778639147,0.399259874346462,0.012081328677307187,0.04154400193479403,0.9895123176050746,-40.53402976215138
10,11.0,0.0309223241151515,7.961025185585515,0.0309223241151515,7.961025185585515,3.457526756897279,0.7028032397780111,0.0,-0.9374963801069036
11,12.0,0.6367970304294588,2.341366217587758,0.0,0.38136352012697544,0.23727359234031695,0.1841092813444997,0.7875569322150142,-19.691160882528983
12,13.0,0.5266388665325318,0.6259371528415523,0.09802283375817113,0.3992598685895756,0.012081328677228076,0.041544001934658015,0.9895123178666005,-40.53402976219721
13,14.0,0.2280447237406089,0.7569249970555065,0.0,0.4634391667200172,0.23727359234031695,0.1841092813444997,0.7875569322150142,-19.691160882528983
14,15.0,0.4258393862318971,6.304178047856667,0.0,0.6335040034688477,0.6709083120509863,0.3095868934220445,0.5394301716889189,-12.415230608991134
15,16.0,0.6950827285730068,8.219091309442192,0.09802302499141892,0.39925987330513024,0.012081328677763707,0.04154400193557894,0.9895123170034479,-40.53402976188686
16,17.0,0.9476136345905216,8.049210151860827,0.09802282627449671,0.39925986770632504,0.012081328677228486,0.04154400193465872,0.9895123179556845,-40.53402976219697
17,18.0,0.9776757177402156,0.45635010896997413,0.09802259171569666,0.39925916960921354,0.01208132868257887,0.04154400194385789,0.9895123738293007,-40.53402975909693
18,19.0,0.3421165906282596,8.87653643352253,0.3421165906282596,8.87653643352253,3.4575267564628085,0.7028032397338542,1.2870493559802298e-10,-0.9374963809865191
19,20.0,0.8766885103588151,4.149648337961282,0.09802277398027828,0.399259585640717,0.01208132867806427,0.04154400193609571,0.9895123404233305,-40.534029761712716
20,21.0,0.08993765412824495,9.259857372299944,0.08993765412824495,9.259857372299944,3.457526756897279,0.7028032397780111,0.0,-0.9374963801069036
21,22.0,0.6928296456732391,7.450037298108633,0.09802282477582044,0.39925985789175655,0.012081328677230678,0.04154400193466248,0.9895123187366446,-40.53402976219571
22,23.0,0.6153026431965325,0.06287410506730183,0.09802282375071256,0.399260235892973,0.012081328678557497,0.04154400193694375,0.9895122888081874,-40.534029761426936
23,24.0,0.5136596836795038,5.306253961297611,0.09802276494414722,0.3992597429406673,0.012081328677440068,0.041544001935022494,0.9895123279915538,-40.53402976207438
24,25.0,0.24205525796821048,9.489288571940104,0.24205525796821048,9.489288571940104,3.457526756897277,0.7028032397780108,6.661338147750939e-16,-0.9374963801069081
25,26.0,0.006485867963717307,0.38814793553839655,0.09802278860123236,0.39925986780349587,0.012081328677254526,0.04154400193470349,0.9895123180443577,-40.53402976218189
26,27.0,0.7229250388875532,8.554123758528682,0.0,0.44153674827472966,0.23727359234031695,0.1841092813444997,0.7875569322150142,-19.691160882528983
27,28.0,0.6031013370663748,0.2634271358520967,0.0,0.4378673759744632,0.23727359234031695,0.1841092813444997,0.7875569322150142,-19.691160882528983
28,29.0,0.49488266915103296,9.319691372299898,0.49488266915103296,9.319691372299898,3.457526503981752,0.7028032140732418,6.258534046565956e-08,-0.9374968921517484
29,30.0,0.8219524390182247,2.6752898146856836,0.0,0.36023826538717896,0.23727359234031695,0.1841092813444997,0.7875569322150142,-19.691160882528983
30,31.0,0.7418174321631418,4.946813501711416,0.0,0.25354952881425175,0.4676533391757599,0.2584717003508342,0.6964782893482662,-14.941566943960161
31,32.0,0.4176809978992413,9.857805753054985,0.4176809978992413,9.857805753054985,3.4575267539830916,0.7028032394818311,7.886077346697107e-10,-0.9374963860068748
32,33.0,0.35325086149625917,7.614642836339128,0.35325086149625917,7.614642836339128,3.4575267244763523,0.7028032364829487,9.47634004599962e-09,-0.9374964457452926
33,34.0,0.4347315194341187,3.528558782802315,0.09802267044441132,0.39926001527402616,0.01208132867786818,0.04154400193575855,0.989512306669353,-40.53402976182633
34,35.0,0.5032964371402568,1.11953096321786,0.0980228744192413,0.3992599848084098,0.012081328677365154,0.04154400193489369,0.9895123085601857,-40.53402976211778
35,36.0,0.7814026125638014,6.638085992998215,0.09802275879154299,0.3992600090005663,0.012081328677516625,0.041544001935154125,0.9895123069403593,-40.53402976203002
36,37.0,0.30582235614958664,2.1673366182968237,0.09802293218958562,0.39925983627049666,0.01208132867739641,0.04154400193494744,0.9895123201736623,-40.53402976209968
37,38.0,0.9749889566962474,9.209298494729985,0.0,0.46835154772638465,0.23727359234031695,0.1841092813444997,0.7875569322150142,-19.691160882528983
38,39.0,0.2959863127156571,7.570771821394034,0.2959863127156571,7.570771821394034,3.4575267559723795,0.7028032396840099,2.8952262809411877e-10,-0.9374963819794262
39,40.0,0.050592066855854045,3.0162600486611058,0.050592066855854045,3.0162600486611058,3.457526756897279,0.7028032397780111,0.0,-0.9374963801069036
40,41.0,0.09920622578368654,1.3864702544933094,0.09802283116580841,0.39925996768124483,0.01208132867731709,0.041544001934811045,0.989512310027024,-40.534029762145636
41,42.0,0.7766766139855757,7.663231443958811,0.09802275725137663,0.3992598614694452,0.012081328677307157,0.041544001934793975,0.9895123186260585,-40.53402976215139
42,43.0,0.03171398033511563,0.8617009294486165,0.09802285780302913,0.39925984051131397,0.01208132867725067,0.04154400193469685,0.9895123200283263,-40.534029762184126
43,44.0,0.6623316692050442,1.2950462521020456,0.0,0.4268777211868809,0.23727359234031695,0.1841092813444997,0.7875569322150142,-19.691160882528983
44,45.0,0.6792117694963542,5.3675363597885175,0.09802280047098534,0.39925989485881397,0.01208132867724848,0.041544001934693084,0.9895123158717298,-40.53402976218539
45,46.0,0.9956647418515223,9.358533822850168,0.0,0.18591690419869714,0.4676533391757599,0.2584717003508342,0.6964782893482662,-14.941566943960161
46,47.0,0.7437578799972904,1.1013884107514567,0.09802306923633189,0.399259529547597,0.012081328679452056,0.04154400193848179,0.9895123441082769,-40.53402976090862
47,48.0,0.9793950008809762,7.073849124738248,0.09802283755064517,0.3992599011995027,0.012081328677235466,0.04154400193467071,0.9895123152748099,-40.53402976219293
48,49.0,0.8520902587378704,8.123554680570448,0.0,0.3994109216326502,0.23727359234031695,0.1841092813444997,0.7875569322150142,-19.691160882528983
49,50.0,0.09294543626007312,5.696350891872919,0.09294543626007312,5.696350891872919,3.457526756897279,0.7028032397780111,0.0,-0.9374963801069036
50,51.0,0.5637921324710811,3.4257541996632312,0.09802210137538062,0.3992603930720819,0.01208132868866528,0.04154400195432254,0.989512278202285,-40.534029755570415
51,52.0,0.646316394668827,3.5774220594078803,0.09802292392986903,0.39925977581728256,0.01208132867747012,0.04154400193507417,0.9895123249815061,-40.53402976205697
52,53.0,0.31709072185120935,3.484064366611473,0.09802282325280452,0.3992598366266032,0.012081328677241699,0.04154400193468143,0.989512320424331,-40.53402976218932
53,54.0,0.15568462361721092,0.3660560712244362,0.09802283787383767,0.3992598682575988,0.012081328677228626,0.04154400193465896,0.9895123178823559,-40.534029762196894
54,55.0,0.21326209450006006,9.436229624711125,0.21326209450006006,9.436229624711125,3.457526756897279,0.7028032397780111,0.0,-0.9374963801069036
55,56.0,0.7932734986379858,1.7866254699704978,0.0,0.4892811287201256,0.23727359234031695,0.1841092813444997,0.7875569322150142,-19.691160882528983
56,57.0,0.2323650633715295,4.953149594002467,0.23237616560178162,4.95314901668649,3.4575266098673265,0.7028032248347965,4.9475838093115954e-08,-0.93749667777913
57,58.0,0.9985006178000775,1.8459270685022195,0.09802281502379494,0.3992599440336785,0.012081328677285137,0.04154400193475612,0.9895123119407716,-40.53402976216415
58,59.0,0.6424168234325361,9.744471433650032,0.0,0.48264550180831056,0.23727359234031695,0.1841092813444997,0.7875569322150142,-19.691160882528983
59,60.0,0.8077566822925955,9.539934029099815,0.09802279568196526,0.39925989146863344,0.012081328677251767,0.04154400193469873,0.9895123161524171,-40.53402976218348
60,61.0,0.6748962534683759,5.421109140610913,0.0,0.49320189291294153,0.23727359234031695,0.1841092813444997,0.7875569322150142,-19.691160882528983
61,62.0,0.8771766243247936,6.368452676081449,0.0,0.49292699276240914,0.23727359234031695,0.1841092813444997,0.7875569322150142,-19.691160882528983
62,63.0,0.7451487931464377,2.185947946436485,0.0,0.36023826538717896,0.23727359234031695,0.1841092813444997,0.7875569322150142,-19.691160882528983
63,64.0,0.9868279934665107,8.861947944209591,0.0,0.20266139180253237,0.4676533391757599,0.2584717003508342,0.6964782893482662,-14.941566943960161
64,65.0,0.06964855071773002,6.272463758153576,0.06964855071773002,6.272463758153576,3.457526756897279,0.7028032397780111,0.0,-0.9374963801069036
65,66.0,0.1676206608675781,5.704408235769863,0.1676206608675781,5.704408235769863,3.4575267568953025,0.7028032397778101,7.073230889886872e-13,-0.9374963801109049
66,67.0,0.2840765545160808,3.1975810162004095,0.0,0.4541754106905323,0.23727359234031695,0.1841092813444997,0.7875569322150142,-19.691160882528983
67,68.0,0.15554042804638168,6.813532623108387,0.15554042804638168,6.813532623108387,3.4575267568972787,0.7028032397780111,0.0,-0.9374963801069036
68,69.0,0.859120562652779,0.38661940601659356,0.09802284586252753,0.3992598781608667,0.012081328677230566,0.04154400193466228,0.9895123170777644,-40.53402976219577
69,70.0,0.8110052660882479,9.899126236966854,0.0,0.4859728234567219,0.23727359234031695,0.1841092813444997,0.7875569322150142,-19.691160882528983
70,71.0,0.7646412022629215,9.344138275699132,0.0,0.5246937190881631,0.6709083120509863,0.3095868934220445,0.5394301716889189,-12.415230608991134
71,72.0,0.2925991806533612,7.459955199341388,0.2925991806533612,7.459955199341388,3.457526755858385,0.7028032396724242,3.2650915304799355e-10,-0.9374963822102158
72,73.0,0.38722391753487984,5.9305539182282105,0.0,0.39625940609579446,0.23727359234031695,0.1841092813444997,0.7875569322150142,-19.691160882528983
73,74.0,0.31759159830436723,2.0864440503661665,0.09802283356824594,0.39925986547985487,0.012081328677228484,0.041544001934658695,0.9895123181133169,-40.53402976219697
74,75.0,0.8409269354335998,3.0057467466937133,0.09802277963600625,0.3992599594249617,0.012081328677353717,0.04154400193487402,0.9895123108125669,-40.53402976212441
75,76.0,0.30372435316088486,4.309429210468739,0.0,0.42541737477298885,0.23727359234031695,0.1841092813444997,0.7875569322150142,-19.691160882528983
76,77.0,0.06280442978445122,7.825973253665598,0.06280442978445122,7.825973253665598,3.457526756897279,0.7028032397780111,0.0,-0.9374963801069036
77,78.0,0.0613706025581614,8.593442139897604,0.0613706025581614,8.593442139897604,3.457526756897279,0.7028032397780111,0.0,-0.9374963801069036
78,79.0,0.8569520780660922,3.4773818119878044,0.0,0.39002997468732964,0.23727359234031695,0.1841092813444997,0.7875569322150142,-19.691160882528983
79,80.0,0.4641241207281307,3.8487059321255135,0.09802282703042658,0.3992598679419551,0.01208132867722836,0.041544001934658494,0.9895123179350931,-40.53402976219705
80,81.0,0.3350993957245635,7.23659199832044,0.3350993957245635,7.23659199832044,3.4575267214281147,0.7028032361731447,1.0596240329618922e-08,-0.9374964519166591
81,82.0,0.00592394417922204,7.467974574899306,0.00592394417922204,7.467974574899306,3.457526756897279,0.7028032397780111,0.0,-0.9374963801069036
82,83.0,0.41951719598485737,3.264441305493888,0.09802282280269155,0.3992598969455841,0.012081328677235069,0.04154400193467002,0.9895123156493724,-40.53402976219316
83,84.0,0.8440482718764507,7.708864481170776,0.0,0.3788118511944426,0.23727359234031695,0.1841092813444997,0.7875569322150142,-19.691160882528983
84,85.0,0.8768755841529603,9.684552000688234,0.0,0.48141181610169237,0.23727359234031695,0.1841092813444997,0.7875569322150142,-19.691160882528983
85,86.0,0.4295686841140973,3.7873191075415633,0.09802266737423453,0.3992603087100899,0.012081328679719136,0.04154400193894101,0.9895122834417638,-40.534029760753874
86,87.0,0.8567685811022144,6.856919631499161,0.09802283616605784,0.39925986540997055,0.012081328677228779,0.041544001934659215,0.9895123181122033,-40.53402976219681
87,88.0,0.5088968233280537,6.4779455677099,0.09802283224300078,0.39925985500497224,0.012081328677231253,0.041544001934663476,0.9895123189461172,-40.534029762195374
88,89.0,0.25724937229730627,9.508392961326514,0.25724937229730627,9.508392961326514,3.4575267568972627,0.7028032397780093,5.440092820663267e-15,-0.9374963801069356
89,90.0,0.8417186238660342,2.91321929017072,0.0980228133945651,0.3992599217021126,0.012081328677258507,0.04154400193471032,0.989512313713186,-40.53402976217958
90,91.0,0.4300368452274398,9.934894630523761,0.4300368452274398,9.934894630523761,3.4575267523626283,0.7028032393171372,1.209361610854387e-09,-0.9374963892876149
91,92.0,0.9958191962828655,4.975072318437455,0.0,0.2628414954342584,0.4676533391757599,0.2584717003508342,0.6964782893482662,-14.941566943960161
92,93.0,0.3505893933991263,9.5351688743368,0.3505893933991263,9.5351688743368,3.457526756780182,0.70280323976611,3.433608952718714e-11,-0.9374963803439735
93,94.0,0.7593009267937139,7.095860696013883,0.0,0.26756280135151544,0.4676533391757599,0.2584717003508342,0.6964782893482662,-14.941566943960161
94,95.0,0.5184021903018526,0.3618428135696199,0.0,0.32898682895264997,0.4676533391757599,0.2584717003508342,0.6964782893482662,-14.941566943960161
95,96.0,0.32988088666967863,1.3270680158948331,0.09802281888989466,0.399259822065497,0.012081328677255077,0.04154400193470442,0.9895123215884497,-40.53402976218157
96,97.0,0.7490369523011348,4.771237197835097,0.0,0.44504979000243844,0.23727359234031695,0.1841092813444997,0.7875569322150142,-19.691160882528983
97,98.0,0.7670076171120719,6.57926921706077,0.09802278318040526,0.3992599971157742,0.012081328677432166,0.04154400193500889,0.98951230781907,-40.53402976207896
98,99.0,0.16218480578114447,9.872825291995916,0.16218480578114447,9.872825291995916,3.457526756897279,0.7028032397780111,0.0,-0.9374963801069036
99,100.0,0.9520534448523836,6.222662512785411,0.09802280501214698,0.39925956209321567,0.012081328678191065,0.04154400193631372,0.9895123422083932,-40.534029761639246
100,101.0,0.42091693035142086,3.2233936424046368,0.09802282209625898,0.3992598741532663,0.012081328677229204,0.041544001934659944,0.9895123174558993,-40.53402976219656
101,102.0,0.6794467509678391,3.6715289022811004,0.09802267600437324,0.39925920609814114,0.012081328681773487,0.04154400194247315,0.989512370724889,-40.53402975956357
102,103.0,0.2706610841917564,3.034050171623646,0.0980228485367966,0.3992598567760497,0.012081328677235287,0.04154400193467039,0.9895123187641884,-40.53402976219303
103,104.0,0.5793870079191925,3.9974435784776676,0.09802254554883019,0.3992599250885068,0.012081328678475623,0.041544001936802986,0.9895123141292586,-40.53402976147437
104,105.0,0.23093788829412953,6.186426372385418,0.23093788829412953,6.186426372385418,3.4575267562651884,0.7028032397137692,2.1302681840751347e-10,-0.9374963813866151
105,106.0,0.6716077175166983,7.167262228261471,0.0980228122628568,0.3992598320019762,0.01208132867724851,0.041544001934693126,0.9895123208186277,-40.53402976218537
106,107.0,0.17488980032306156,7.467894731021403,0.17488980032306156,7.467894731021403,3.4575267568972787,0.7028032397780111,0.0,-0.9374963801069036
107,108.0,0.7319677129655022,3.6906269169751384,0.09802273427046902,0.3992594291210428,0.012081328679232945,0.04154400193810507,0.9895123529177844,-40.53402976103558
108,109.0,0.8723718647003896,8.297333669371628,0.09802286675136113,0.3992598237131583,0.012081328677274886,0.04154400193473848,0.9895123213355089,-40.53402976217009
109,110.0,0.7416435753341062,2.3559436027184435,0.0,0.36023826538717896,0.23727359234031695,0.1841092813444997,0.7875569322150142,-19.691160882528983
110,111.0,0.6804759170861188,4.865978937881884,0.0,0.3837814427239211,0.23727359234031695,0.1841092813444997,0.7875569322150142,-19.691160882528983
111,112.0,0.6865124877176353,7.726588686159209,0.0,0.3792060759501762,0.23727359234031695,0.1841092813444997,0.7875569322150142,-19.691160882528983
112,113.0,0.6996103206096983,0.26562231777549933,0.09802283955650497,0.39925988268183193,0.012081328677229226,0.04154400193465999,0.9895123167359263,-40.534029762196546
113,114.0,0.6838640075044631,8.584846313354577,0.0,0.4429448265773894,0.23727359234031695,0.1841092813444997,0.7875569322150142,-19.691160882528983
114,115.0,0.7118100270951687,6.391572475816324,0.0,0.4965897795330242,0.23727359234031695,0.1841092813444997,0.7875569322150142,-19.691160882528983
115,116.0,0.5720532741924644,6.491044718581646,0.09802279272880486,0.3992595962592874,0.012081328677993605,0.0415440019359742,0.9895123395346068,-40.53402976175366
116,117.0,0.15194813727501466,9.684179820997691,0.15194813727501466,9.684179820997691,3.457526756897279,0.7028032397780111,0.0,-0.9374963801069036
117,118.0,0.8690849956654892,0.24980398210774502,0.09802282209614457,0.39925984705624035,0.012081328677235525,0.04154400193467081,0.9895123196014647,-40.534029762192894
118,119.0,0.22224665403962895,6.340048196738079,0.22224665403962895,6.340048196738079,3.4575267567682157,0.7028032397648938,4.389766328216638e-11,-0.9374963803682013
119,120.0,0.2554947300693473,4.243937393350197,0.098023084228141,0.39925972140280164,0.012081328678481296,0.041544001936812736,0.9895123288790992,-40.53402976147109
120,121.0,0.9273914786631938,5.932780843130425,0.09802283491124117,0.3992598946846644,0.012081328677232198,0.041544001934665106,0.9895123157974154,-40.53402976219482
121,122.0,0.6309361561510131,3.2687860388050227,0.0,0.3818452312802936,0.23727359234031695,0.1841092813444997,0.7875569322150142,-19.691160882528983
122,123.0,0.6993936929774578,1.0699609477695189,0.0,0.3606149217691336,0.23727359234031695,0.1841092813444997,0.7875569322150142,-19.691160882528983
123,124.0,0.16889527043887864,9.915390307050036,0.16889527043887864,9.915390307050036,3.457526756897279,0.7028032397780111,0.0,-0.9374963801069036
124,125.0,0.047851692043036964,6.9869793514394045,0.047851692043036964,6.9869793514394045,3.457526756897279,0.7028032397780111,0.0,-0.9374963801069036
125,126.0,0.7260278294945389,0.31915863876582024,0.09802282765581509,0.399259877899848,0.012081328677228274,0.041544001934658355,0.9895123171450179,-40.5340297621971
126,127.0,0.517871642424774,1.9382278521557863,0.09802282506079849,0.39925986745179737,0.012081328677228704,0.041544001934659104,0.9895123179789433,-40.53402976219685
127,128.0,0.32168874570374484,7.920219781152555,0.32168874570374484,7.920219781152555,3.4575267549841406,0.7028032395835715,5.808160619125147e-10,-0.9374963839801831
128,129.0,0.08582166533895663,4.203860734543704,0.08582166533895663,4.203860734543704,3.4575267568972787,0.7028032397780111,0.0,-0.9374963801069036
129,130.0,0.3339573484182128,0.12953527874591977,0.09802267487852834,0.39925971536885685,0.012081328677766484,0.04154400193558372,0.9895123304049042,-40.53402976188525
130,131.0,0.9270915081116444,4.9104827615507975,0.09802282644001176,0.3992598670928936,0.012081328677228527,0.04154400193465878,0.989512318003833,-40.53402976219695
131,132.0,0.6126136001798326,8.333840686415659,0.09802286740808715,0.3992598268270038,0.012081328677272312,0.04154400193473406,0.9895123210872724,-40.534029762171585
132,133.0,0.00912655313231514,8.314180876212307,0.00912655313231514,8.314180876212307,3.457526756897279,0.7028032397780111,0.0,-0.9374963801069036
133,134.0,0.29103289008435307,9.591167404479574,0.29103289008435307,9.591167404479574,3.457526756896671,0.7028032397779492,1.9106938253798944e-13,-0.9374963801081346
134,135.0,0.718209937021588,2.5600680932374713,0.09802281927073501,0.39925994010045157,0.01208132867727696,0.041544001934742066,0.989512312241347,-40.534029762168885
135,136.0,0.15606679201733353,1.5006453846310928,0.09802280535493041,0.3992597853854861,0.012081328677309747,0.041544001934798416,0.9895123245274119,-40.53402976214989
136,137.0,0.3670077560017999,1.5387188882814438,0.09802276048972854,0.39925983719689007,0.012081328677307516,0.04154400193479459,0.9895123205397017,-40.534029762151185
137,138.0,0.9386937296807973,2.626661115904372,0.09802274598240047,0.39926050814751296,0.012081328681534845,0.04154400194206285,0.9895122674483456,-40.534029759701845
138,139.0,0.24554944498410225,0.7680334793822976,0.0,0.4777070936464446,0.23727359234031695,0.1841092813444997,0.7875569322150142,-19.691160882528983
139,140.0,0.6741265774206228,9.109620242824123,0.09802610017625868,0.3992570543075511,0.01208132893614593,0.04154400237982774,0.9895125321470222,-40.53402961217853
140,141.0,0.007102837763600656,8.06339472188552,0.007102837763600656,8.06339472188552,3.457526756897279,0.7028032397780111,0.0,-0.9374963801069036
141,142.0,0.7959949308270942,8.900977631300917,0.0,0.18361702381282496,0.4676533391757599,0.2584717003508342,0.6964782893482662,-14.941566943960161
142,143.0,0.2868954495714967,1.5537867157178902,0.09802281652649177,0.39925988092272696,0.012081328677232073,0.04154400193466488,0.9895123169341357,-40.5340297621949
143,144.0,0.26812375783277453,6.545399616737424,0.26812375783277453,6.545399616737424,3.457526752877189,0.7028032393694339,1.2999898935106557e-09,-0.9374963882458509
144,145.0,0.266592683314806,2.5278746040983386,0.09802279865032608,0.3992599331559146,0.01208132867728494,0.04154400193475578,0.9895123128439695,-40.534029762164266
145,146.0,0.5963248225134249,3.4398719664219226,0.09802292476491559,0.399260542083321,0.012081328681676771,0.04154400194230685,0.9895122643039561,-40.53402975961961
146,147.0,0.3946304958901189,8.81273673451384,0.3946304958901189,8.81273673451384,3.4575267452503615,0.7028032385942904,3.2393464577396003e-09,-0.9374964036868869
147,148.0,0.05427045978486322,5.888724598196739,0.05427045978486322,5.888724598196739,3.457526756897279,0.7028032397780111,0.0,-0.9374963801069036
148,149.0,0.2802186865143197,0.037319667499172225,0.09802318161097706,0.3992598825662822,0.012081328678978348,0.04154400193766735,0.9895123158683234,-40.53402976118309
149,150.0,0.8580460213596519,8.546927970614133,0.0,0.4416767753107473,0.23727359234031695,0.1841092813444997,0.7875569322150142,-19.691160882528983
150,151.0,0.3604906102538443,7.273180338291329,0.3604906102538443,7.273180338291329,3.4575266340202115,0.7028032272895464,3.5604270087752354e-08,-0.9374966288799564
151,152.0,0.9122011192505497,9.00397152762864,0.09802282611569266,0.3992598691225243,0.012081328677228387,0.04154400193465853,0.9895123178439549,-40.53402976219703
152,153.0,0.6993457619220744,1.3690359367240672,0.09802300882991083,0.3992601449372276,0.012081328678286568,0.04154400193647793,0.9895122955366005,-40.534029761583916
153,154.0,0.504944551452004,7.7332209624795585,0.0,0.37932636829403754,0.23727359234031695,0.1841092813444997,0.7875569322150142,-19.691160882528983
154,155.0,0.11453639161435336,2.916070103599476,0.1145572638072273,2.916068860149681,3.457526616915942,0.7028032255511742,5.1825280178441346e-08,-0.9374966635087247
155,156.0,0.3539724644718478,6.556792911669202,0.35400297340058057,6.556791046494509,3.4575260865457635,0.7028031716476287,1.9576030463319682e-07,-0.9374977372796431
156,157.0,0.27474010789211156,3.9191030490355394,0.09802292101949184,0.39925986309719164,0.012081328677345415,0.04154400193485976,0.9895123180781206,-40.53402976212922
157,158.0,0.8137129562025245,7.911643439680258,0.0,0.1684449853299156,0.4676533391757599,0.2584717003508342,0.6964782893482662,-14.941566943960161
158,159.0,0.27890481541428225,2.646334691232078,0.09802350301504946,0.399259851606384,0.012081328683750869,0.04154400194587295,0.9895123174931143,-40.534029758417866
159,160.0,0.7711672239944268,2.2206282385714777,0.0,0.36023826538717896,0.23727359234031695,0.1841092813444997,0.7875569322150142,-19.691160882528983
160,161.0,0.445810017245854,5.772511248964628,0.0,0.42823612014247453,0.23727359234031695,0.1841092813444997,0.7875569322150142,-19.691160882528983
161,162.0,0.46330216834257165,5.204865479294503,0.0,0.4215873960482095,0.23727359234031695,0.1841092813444997,0.7875569322150142,-19.691160882528983
162,163.0,0.02793028364154615,6.155883489049856,0.02793028364154615,6.155883489049856,3.457526756897279,0.7028032397780111,0.0,-0.9374963801069036
163,164.0,0.9170574985631241,5.859640286568174,0.09802060434616876,0.39925641898346687,0.01208132884753913,0.04154400222748187,0.9895125966174493,-40.534029663517885
164,165.0,0.5358342862752565,0.7195497881987505,0.09802218117670453,0.3992594882626772,0.012081328684126723,0.041544001946519166,0.9895123496454739,-40.53402975820009
165,166.0,0.5804069973945509,3.8491295509496033,0.09802295361211318,0.39925965751659775,0.012081328677982197,0.041544001935954616,0.9895123342724218,-40.534029761760266
166,167.0,0.6811888544452446,7.3208154580853835,0.09802279985314405,0.39925988414186203,0.012081328677244697,0.041544001934686575,0.9895123167218907,-40.53402976218758
167,168.0,0.46315187553383286,9.225011054069483,0.46315187553383286,9.225011054069483,3.457526661316336,0.7028032300637554,2.4525523389939963e-08,-0.9374965736170786
168,169.0,0.031198181863325458,5.676812013052026,0.031198181863325458,5.676812013052026,3.457526756897279,0.7028032397780111,0.0,-0.9374963801069036
169,170.0,0.8045170369439254,9.950085125965193,0.0,0.4867152274312074,0.23727359234031695,0.1841092813444997,0.7875569322150142,-19.691160882528983
170,171.0,0.9349184444843684,0.695858752016487,0.0,0.32502823081980015,0.4676533391757599,0.2584717003508342,0.6964782893482662,-14.941566943960161
171,172.0,0.9733640227849093,5.086150187732595,0.0,0.4405200750983128,0.23727359234031695,0.1841092813444997,0.7875569322150142,-19.691160882528983
172,173.0,0.09817226167992865,0.05808474859876255,0.09802312674261823,0.3992598253591209,0.012081328678539938,0.04154400193691355,0.9895123205388244,-40.53402976143711
173,174.0,0.15280645804170256,5.403642176531173,0.15280645804170256,5.403642176531173,3.4575267568963888,0.7028032397779204,3.22519788653608e-13,-0.9374963801087057
174,175.0,0.8568434943748823,6.491507362847548,0.09802281624940709,0.39925987576052546,0.01208132867723149,0.041544001934663864,0.9895123173435928,-40.53402976219523
175,176.0,0.4646226737627641,9.563862137803762,0.4646226737627641,9.563862137803762,3.4575267080772676,0.7028032348162472,1.2505690927255841e-08,-0.9374964789463647
176,177.0,0.9565804722218954,1.9971453600430924,0.0,0.36023826538717896,0.23727359234031695,0.1841092813444997,0.7875569322150142,-19.691160882528983
177,178.0,0.6555583637450684,4.8723954333963295,0.0,0.49715692941026035,0.23727359234031695,0.1841092813444997,0.7875569322150142,-19.691160882528983
178,179.0,0.3144615280572701,7.122370678590494,0.3144615280572701,7.122370678590494,3.457526742299361,0.7028032382943691,4.4703242219057415e-09,-0.9374964096613887
179,180.0,0.5535805565754475,8.971192864560994,0.5536589383205922,8.971187535490916,3.4575238097613954,0.7028029402492967,6.833281073204134e-07,-0.9375023467881256
180,181.0,0.22643846409817436,5.032038253109914,0.22643846409817436,5.032038253109914,3.4575266913233733,0.7028032331134851,2.22054329368504e-08,-0.9374965128657733
181,182.0,0.2569264640725166,5.383445151761965,0.2569365004886645,5.383444618854909,3.457526609648739,0.7028032248125806,4.822665278236826e-08,-0.9374966782216756
182,183.0,0.8643160955181558,3.714649592694274,0.09802249598782786,0.3992605970729783,0.012081328684785403,0.04154400194765168,0.989512261044348,-40.534029757818445
183,184.0,0.2158142817387807,3.3374490232732508,0.09802281766688303,0.39925992299018104,0.012081328677257246,0.04154400193470814,0.9895123136002661,-40.53402976218031
184,185.0,0.3939229764357324,4.223205892337948,0.09802273901298106,0.3992599271274497,0.01208132867739472,0.041544001934944515,0.9895123134737938,-40.53402976210066
185,186.0,0.011188814295503446,9.673206583934471,0.011188814295503446,9.673206583934471,3.457526756897279,0.7028032397780111,0.0,-0.9374963801069036
186,187.0,0.7222987481115918,1.3799431825868227,0.09802280970677227,0.39925991712081865,0.01208132867725667,0.04154400193470719,0.9895123140853723,-40.534029762180644
187,188.0,0.9617295147910271,1.7807859149209906,0.09802272243801628,0.39925965465504054,0.012081328677816696,0.04154400193567004,0.9895123350906537,-40.53402976185616
188,189.0,0.30420221293433847,9.785299954741298,0.30420221293433847,9.785299954741298,3.457526756896103,0.7028032397778915,3.647082635893639e-13,-0.9374963801092839
189,190.0,0.7305609453900874,4.102609835163035,0.09802279846428533,0.399259682174981,0.012081328677594814,0.04154400193528856,0.9895123327172217,-40.534029761984726
190,191.0,0.4992366652371888,8.244720561156326,0.49931220481182403,8.244715498539753,3.4575242205113708,0.7028029819953985,6.245111252578539e-07,-0.9375015151959767
191,192.0,0.31245815906981844,7.284615689165589,0.31245815906981844,7.284615689165589,3.4575267492543142,0.7028032390012273,2.3461138587421715e-09,-0.9374963955806095
192,193.0,0.06754171282912536,3.7804231232522696,0.06754171282912536,3.7804231232522696,3.457526756897279,0.7028032397780111,0.0,-0.9374963801069036
193,194.0,0.760224549937798,3.985458873374349,0.09802292608135481,0.3992598650390121,0.012081328677358021,0.04154400193488141,0.9895123179114028,-40.53402976212192
194,195.0,0.6002807976189715,6.983382435366875,0.0,0.17615059166523916,0.4676533391757599,0.2584717003508342,0.6964782893482662,-14.941566943960161
195,196.0,0.560845620254729,9.78805089316923,0.5608693346184158,9.788049472083875,3.4575259265482132,0.7028031553864662,1.9103220127991705e-07,-0.9374980612057255
196,197.0,0.36928078006550435,4.76196138131174,0.0,0.37545361702811997,0.23727359234031695,0.1841092813444997,0.7875569322150142,-19.691160882528983
197,198.0,0.19112701192751247,2.6059486573596486,0.09802277142793653,0.3992599776506296,0.012081328677406845,0.04154400193496536,0.9895123093904103,-40.53402976209363
198,199.0,0.7222692964056309,7.020448248925092,0.09802282959685442,0.3992598684815251,0.012081328677228068,0.041544001934658,0.9895123178858032,-40.534029762197214
199,200.0,0.03714731275757677,6.381807440308646,0.03714731275757677,6.381807440308646,3.457526756897279,0.7028032397780111,0.0,-0.9374963801069036
200,201.0,0.8596830708870515,1.708786231787371,0.0980227483818566,0.39925990208427015,0.0120813286773431,0.04154400193485578,0.9895123154328025,-40.534029762130565
201,202.0,0.2372836857745343,9.8293123960541,0.2372836857745343,9.8293123960541,3.4575267568972787,0.7028032397780111,0.0,-0.9374963801069036
202,203.0,0.38452055249118855,6.763210261959966,0.3845772182743952,6.763206576019502,3.4575253407917663,0.7028030958537966,3.9862463396822534e-07,-0.9374992471102033
203,204.0,0.21036936749910196,6.413205573914725,0.21036936749910196,6.413205573914725,3.4575267568744423,0.7028032397756899,7.861933326580584e-12,-0.9374963801531377
204,205.0,0.7388539183579199,1.7342147754706998,0.09802282460656604,0.39925990514642423,0.012081328677239225,0.04154400193467717,0.9895123149954052,-40.53402976219075
205,206.0,0.3056239325586979,6.2463987814306146,0.3056239325586979,6.2463987814306146,3.457526612784177,0.702803225131247,4.459926750133292e-08,-0.9374966718737667
206,207.0,0.4410925972039681,4.344054758973269,0.0,0.43173254562714497,0.23727359234031695,0.1841092813444997,0.7875569322150142,-19.691160882528983
207,208.0,0.012985612326339213,4.10336144524752,0.012985612326339213,4.10336144524752,3.457526756897279,0.7028032397780111,0.0,-0.9374963801069036
208,209.0,0.5595422004705861,8.354607229609003,0.09802286690583611,0.3992598318067644,0.012081328677266827,0.04154400193472462,0.9895123206942584,-40.53402976217476
209,210.0,0.2415836508174125,3.8419540611119647,0.09802276802354849,0.3992599417936573,0.01208132867734548,0.041544001934859846,0.9895123122383364,-40.53402976212919
210,211.0,0.13853825864124092,0.9879242205805214,0.0,0.4799356445045136,0.23727359234031695,0.1841092813444997,0.7875569322150142,-19.691160882528983
211,212.0,0.2556363610465132,0.5806028654389116,0.09802269307261227,0.39925972743113086,0.012081328677664553,0.04154400193540847,0.9895123294033245,-40.53402976194431
212,213.0,0.6657850287507404,4.555275512577914,0.0,0.4514122339017484,0.23727359234031695,0.1841092813444997,0.7875569322150142,-19.691160882528983
213,214.0,0.20443982369261438,1.1682498671855674,0.09802282901023282,0.39925988774829935,0.012081328677230021,0.041544001934661345,0.9895123163617422,-40.534029762196084
214,215.0,0.04686100266819526,7.483115800659637,0.04686100266819526,7.483115800659637,3.457526756897279,0.7028032397780111,0.0,-0.9374963801069036
215,216.0,0.6001811566431812,5.585644797282267,0.0,0.618904698642301,0.6709083120509863,0.3095868934220445,0.5394301716889189,-12.415230608991134
216,217.0,0.9680700334869953,8.808177070122722,0.0,0.4529897409636236,0.23727359234031695,0.1841092813444997,0.7875569322150142,-19.691160882528983
217,218.0,0.6571454265365372,0.44508341788535855,0.0,0.49094526278074707,0.23727359234031695,0.1841092813444997,0.7875569322150142,-19.691160882528983
218,219.0,0.8989783898384137,6.434472055239753,0.09802256596261563,0.3992598739278051,0.01208132867824638,0.041544001936408816,0.9895123181281782,-40.5340297616072
219,220.0,0.8416589343030607,7.829615793217221,0.0,0.384553704277696,0.23727359234031695,0.1841092813444997,0.7875569322150142,-19.691160882528983
220,221.0,0.26517376489168576,1.0223501092722553,0.0,0.424435908311036,0.23727359234031695,0.1841092813444997,0.7875569322150142,-19.691160882528983
221,222.0,0.30980863924705404,2.493820602517009,0.09802282712582526,0.39925986813820485,0.012081328677228335,0.04154400193465844,0.9895123179193097,-40.534029762197065
222,223.0,0.2139719944681382,4.074428076641102,0.0980230825721277,0.3992598323683311,0.012081328678176437,0.04154400193628858,0.9895123200971686,-40.53402976164772
223,224.0,0.9954668465739762,8.630380630715585,0.0,0.4462028272781421,0.23727359234031695,0.1841092813444997,0.7875569322150142,-19.691160882528983
224,225.0,0.7659803835590032,5.164186621587722,0.0,0.43106640482479097,0.23727359234031695,0.1841092813444997,0.7875569322150142,-19.691160882528983
225,226.0,0.9339926542033308,4.004838585327586,0.09802281496871883,0.3992598726671961,0.01208132867723191,0.0415440019346646,0.9895123175918018,-40.53402976219499
226,227.0,0.9396596793176306,9.431265978203122,0.0,0.4020257353551281,0.23727359234031695,0.1841092813444997,0.7875569322150142,-19.691160882528983
227,228.0,0.06634860250092678,3.283046470077577,0.06634860250092678,3.283046470077577,3.4575267568972765,0.7028032397780108,1.2212453270876722e-15,-0.9374963801069089
228,229.0,0.9780769319236026,1.9715092383863033,0.0,0.36023826538717896,0.23727359234031695,0.1841092813444997,0.7875569322150142,-19.691160882528983
229,230.0,0.3875684642771705,3.547273575740881,0.09802246010882158,0.3992607180206778,0.01208132868725327,0.0415440019518948,0.9895122515580216,-40.53402975638855
230,231.0,0.9351513813989558,4.357459214221919,0.09802284508970183,0.3992599091115174,0.012081328677241642,0.041544001934681336,0.9895123146290367,-40.53402976218935
231,232.0,0.028282320504196323,5.286805018352921,0.028282320504196323,5.286805018352921,3.457526756897279,0.7028032397780111,0.0,-0.9374963801069036
232,233.0,0.39431643845476716,0.4836903404922894,0.09802284182635493,0.3992598262259516,0.012081328677252978,0.04154400193470083,0.9895123212003356,-40.53402976218278
233,234.0,0.5011773651726302,0.665257600813282,0.09802282730223764,0.39925986795297824,0.012081328677228323,0.04154400193465844,0.9895123179335248,-40.534029762197065
234,235.0,0.9086412255277981,2.2644440793900458,0.0,0.36023826538717896,0.23727359234031695,0.1841092813444997,0.7875569322150142,-19.691160882528983
235,236.0,0.5088142103127621,5.156873337225871,0.0,0.42439938086872764,0.23727359234031695,0.1841092813444997,0.7875569322150142,-19.691160882528983
236,237.0,0.15531694221848424,9.258663435695205,0.15531694221848424,9.258663435695205,3.457526756897279,0.7028032397780111,0.0,-0.9374963801069036
237,238.0,0.446096509961568,0.29130749664504657,0.0980228011413251,0.3992598302757987,0.01208132867725665,0.04154400193470712,0.9895123209837571,-40.53402976218065
238,239.0,0.9057096804840497,3.81845577948961,0.0980230720962774,0.3992603513711589,0.012081328680038465,0.04154400193949005,0.9895122790282503,-40.53402976056885
239,240.0,0.41459439714866386,6.408421241814175,0.0,0.49822703644162175,0.23727359234031695,0.1841092813444997,0.7875569322150142,-19.691160882528983
240,241.0,0.9812887320265321,4.985379839219957,0.09802278498042792,0.3992599150028407,0.012081328677282214,0.04154400193475108,0.9895123143163164,-40.534029762165844
241,242.0,0.9123034802709049,7.088527518475856,0.0,0.2670147095360167,0.4676533391757599,0.2584717003508342,0.6964782893482662,-14.941566943960161
242,243.0,0.8964498459786321,2.00168454853265,0.09802276104431983,0.39925965744673997,0.012081328677727961,0.041544001935517494,0.9895123347708982,-40.534029761907576
243,244.0,0.5504477772214571,7.663222914398853,0.09802285791858684,0.3992599573888217,0.012081328677302133,0.041544001934785336,0.9895123107735438,-40.5340297621543
244,245.0,0.0019090835301109887,5.280080267002031,0.0019090835301109887,5.280080267002031,3.457526756897279,0.7028032397780111,0.0,-0.9374963801069036
245,246.0,0.4081077330512103,8.40996583071254,0.4081077330512103,8.40996583071254,3.4575266959465596,0.702803233583357,1.6682170866921808e-08,-0.937496503505816
246,247.0,0.007691167988063574,3.3050633223430728,0.007691167988063574,3.3050633223430728,3.457526756897279,0.7028032397780111,0.0,-0.9374963801069036
247,248.0,0.598197645106387,0.7196776980212778,0.09802277711021781,0.39925983193817455,0.012081328677282285,0.04154400193475122,0.9895123209135911,-40.5340297621658
248,249.0,0.41768722222819665,1.092730131822256,0.0,0.43446042751686953,0.23727359234031695,0.1841092813444997,0.7875569322150142,-19.691160882528983
249,250.0,0.7104251482769688,4.2127442462525,0.09802280956170482,0.39925987474077923,0.012081328677235098,0.04154400193467009,0.9895123174414451,-40.53402976219314
250,251.0,0.010928811212500666,5.7666846617189815,0.010928811212500666,5.7666846617189815,3.457526756897279,0.7028032397780111,0.0,-0.9374963801069036
251,252.0,0.34366316278089104,4.993563811831949,0.0,0.45120685386753034,0.23727359234031695,0.1841092813444997,0.7875569322150142,-19.691160882528983
252,253.0,0.5572409905318555,1.57630285791745,0.09802286122541465,0.3992597881147791,0.012081328677320346,0.041544001934816666,0.9895123241683408,-40.534029762143746
253,254.0,0.8928540623689397,5.110447521685953,0.0,0.431817836675576,0.23727359234031695,0.1841092813444997,0.7875569322150142,-19.691160882528983
254,255.0,0.4771430534897242,5.616787505347359,0.09802282725388335,0.3992598441581212,0.012081328677236408,0.04154400193467233,0.9895123198177438,-40.53402976219239
255,256.0,0.6058911129849262,7.947338481285511,0.09802282433197079,0.39925987170033694,0.012081328677228617,0.041544001934658945,0.9895123176444048,-40.5340297621969
256,257.0,0.9840570011694957,6.862937369753877,0.09802281720618068,0.3992597410831141,0.012081328677402093,0.0415440019349572,0.9895123280049534,-40.53402976209639
257,258.0,0.31593084181173636,8.42629018622432,0.31593084181173636,8.42629018622432,3.4575267566389742,0.7028032397517585,7.89618370689027e-11,-0.9374963806298595
258,259.0,0.9892922004459866,8.726882945124808,0.0,0.4501960553470416,0.23727359234031695,0.1841092813444997,0.7875569322150142,-19.691160882528983
259,260.0,0.6971792952641723,4.788767102538701,0.0,0.4736130097897727,0.23727359234031695,0.1841092813444997,0.7875569322150142,-19.691160882528983
260,261.0,0.18085320584645714,1.33053225347257,0.09802297999506634,0.39925975865903657,0.012081328677722367,0.041544001935507856,0.9895123261964508,-40.534029761910816
261,262.0,0.1896687431052123,3.5339116147702576,0.09802289702191999,0.39925981920584924,0.012081328677328005,0.041544001934829815,0.9895123216149054,-40.53402976213931
262,263.0,0.9282941824461235,0.030896561624676532,0.09802283985033988,0.39925995449568896,0.01208132867729278,0.04154400193476926,0.9895123110488598,-40.53402976215972
263,264.0,0.6323252382382463,9.675931895315998,0.0,0.48078357951913897,0.23727359234031695,0.1841092813444997,0.7875569322150142,-19.691160882528983
264,265.0,0.7320424785476431,3.5097990281622016,0.09802282703345701,0.39925989315106397,0.012081328677232245,0.041544001934665176,0.9895123159390029,-40.5340297621948
265,266.0,0.9926087744175786,9.892426560989845,0.0,0.48612296333689964,0.23727359234031695,0.1841092813444997,0.7875569322150142,-19.691160882528983
266,267.0,0.7516971907312765,7.6301517118662705,0.09802282185932532,0.3992598612236492,0.01208132867723043,0.04154400193466206,0.9895123184802842,-40.53402976219585
267,268.0,0.2855776755871944,9.616128921932761,0.2855776755871944,9.616128921932761,3.4575267568969656,0.702803239777979,9.969802761133906e-14,-0.9374963801075378
268,269.0,0.154189797268934,1.2457027451507203,0.09802260496254013,0.39925952989314034,0.01208132867894327,0.04154400193760703,0.9895123452693119,-40.53402976120341
269,270.0,0.9283790153556499,2.719402294089674,0.0,0.36023826538717896,0.23727359234031695,0.1841092813444997,0.7875569322150142,-19.691160882528983
270,271.0,0.2754669491426116,6.6908936010082005,0.2754669491426116,6.6908936010082005,3.457526752728242,0.7028032393542959,1.3367831286359433e-09,-0.9374963885474052
271,272.0,0.5366355652730929,2.577832263456849,0.0,0.36023826538717896,0.23727359234031695,0.1841092813444997,0.7875569322150142,-19.691160882528983
272,273.0,0.8253781093441869,8.097612375913839,0.0,0.5405551417037465,0.6709083120509863,0.3095868934220445,0.5394301716889189,-12.415230608991134
273,274.0,0.029755324994297783,9.366044676159712,0.029755324994297783,9.366044676159712,3.457526756897279,0.7028032397780111,0.0,-0.9374963801069036
274,275.0,0.3706514407632151,9.2128852364583,0.3706514407632151,9.2128852364583,3.457526755827609,0.7028032396692965,3.0617852697645276e-10,-0.9374963822725242
275,276.0,0.3342534911050381,5.1595298003972685,0.0,0.4231214733803998,0.23727359234031695,0.1841092813444997,0.7875569322150142,-19.691160882528983
276,277.0,0.6081377679681578,0.13257446245925897,0.09802285834500682,0.39925982647059033,0.012081328677263465,0.04154400193471884,0.9895123211386906,-40.53402976217671
277,278.0,0.30096602836855424,7.340358774933004,0.30096602836855424,7.340358774933004,3.4575267540028394,0.702803239483838,9.007233847668772e-10,-0.9374963859668952
278,279.0,0.3738520787760784,2.3398746633455896,0.0,0.36023826538717896,0.23727359234031695,0.1841092813444997,0.7875569322150142,-19.691160882528983
279,280.0,0.874713812805841,5.332756972563966,0.0980228325457106,0.3992598676651825,0.012081328677228132,0.0415440019346581,0.989512317942897,-40.53402976219718
280,281.0,0.5573224856406875,1.62797658444044,0.09802288755685702,0.3992599337667581,0.012081328677299415,0.04154400193478065,0.9895123125681154,-40.53402976215588
281,282.0,0.3755143592790048,4.958861627087046,0.0,0.6598672959587246,0.6709083120509863,0.3095868934220445,0.5394301716889189,-12.415230608991134
282,283.0,0.4684827554484776,8.91140391758113,0.4684827554484776,8.91140391758113,3.4575265273803417,0.7028032164513297,5.85319652746108e-08,-0.9374968447796963
283,284.0,0.5278053457505353,7.956293812856091,0.0980228268827522,0.39925986480388737,0.012081328677228782,0.04154400193465922,0.9895123181839458,-40.5340297621968
284,285.0,0.8587530026863304,3.365516004155772,0.09802272414989703,0.39926003703988305,0.012081328677712375,0.04154400193549067,0.989512304808674,-40.53402976191661
285,286.0,0.868630692547993,0.02441245458322329,0.0,0.36456861336124746,0.23727359234031695,0.1841092813444997,0.7875569322150142,-19.691160882528983
286,287.0,0.5283701290292954,9.678907289839053,0.5283822082557426,9.678906534887458,3.4575263756083614,0.7028032010261642,9.088473473806147e-08,-0.9374971520525053
287,288.0,0.0849036008056201,6.978188794501614,0.0849036008056201,6.978188794501614,3.457526756897279,0.7028032397780111,0.0,-0.9374963801069036
288,289.0,0.4355673533834621,4.497933523361209,0.09802214867085918,0.39925933661352375,0.01208132868583858,0.04154400194946246,0.9895123617354978,-40.53402975720823
289,290.0,0.7381455178908475,7.521764282887056,0.09802279302382721,0.39926008594373213,0.012081328677726063,0.04154400193551423,0.9895123007602765,-40.53402976190868
290,291.0,0.8655067485367958,6.480165288002502,0.09802279182144935,0.39925958940354084,0.01208132867803192,0.041544001936040104,0.989512340079756,-40.53402976173146
291,292.0,0.16346712483988368,2.00114093144497,0.0,0.18192700316773028,0.4676533391757599,0.2584717003508342,0.6964782893482662,-14.941566943960161
292,293.0,0.531456858126164,9.54449177073161,0.5314735558803704,9.544490749326513,3.457526215505416,0.7028031847542908,1.286079268636442e-07,-0.9374974761919388
293,294.0,0.4521362289464971,1.039350967919052,0.09802272822789575,0.3992600504621811,0.012081328677747898,0.04154400193555175,0.9895123037354389,-40.53402976189602
294,295.0,0.4727999758964134,2.2455612244523717,0.0,0.36023826538717896,0.23727359234031695,0.1841092813444997,0.7875569322150142,-19.691160882528983
295,296.0,0.8829844004028228,2.3830858999403395,0.0,0.40981123473878667,0.23727359234031695,0.1841092813444997,0.7875569322150142,-19.691160882528983
296,297.0,0.3286042027556112,6.995971024525754,0.3286042027556112,6.995971024525754,3.4575267062943422,0.7028032346350416,1.5235814165848183e-08,-0.9374964825560195
297,298.0,0.19581606698042786,9.61937066294706,0.19581606698042786,9.61937066294706,3.457526756897279,0.7028032397780111,0.0,-0.9374963801069036
298,299.0,0.4701230125796244,2.917758694963265,0.09802280798541788,0.39925921349831883,0.01208132868157524,0.04154400194213229,0.9895123698013559,-40.53402975967843
299,300.0,0.2554274511621638,5.2175916683866435,0.255444370961068,5.217590691390376,3.457526502509374,0.7028032139235985,8.345703850221042e-08,-0.9374968951326785
300,301.0,0.45405734053105984,6.623349913956598,0.09802276878722686,0.39926000056924604,0.012081328677469562,0.041544001935073196,0.9895123075824169,-40.534029762057294
301,302.0,0.2539522965074573,9.482150985017695,0.2539522965074573,9.482150985017695,3.457526756897267,0.7028032397780098,3.774758283725532e-15,-0.9374963801069276
302,303.0,0.5218266415232553,1.7121558613580625,0.0,0.3159228436966319,0.4676533391757599,0.2584717003508342,0.6964782893482662,-14.941566943960161
303,304.0,0.8917493921912537,8.008815885653254,0.09802282444862663,0.3992598545421438,0.012081328677231835,0.04154400193466446,0.9895123190027066,-40.53402976219503
304,305.0,0.9494779166344661,4.193527826861061,0.09802278889479028,0.3992596428532571,0.012081328677762647,0.041544001935577106,0.9895123358551624,-40.53402976188748
305,306.0,0.2007987988750255,7.159315949390213,0.2007987988750255,7.159315949390213,3.4575267568971197,0.7028032397779947,5.5289106626332796e-14,-0.937496380107226
306,307.0,0.9283119457513533,3.0652557023032676,0.09802276268343443,0.3992599978023442,0.012081328677475812,0.041544001935083966,0.9895123078171109,-40.53402976205367
307,308.0,0.7293515609985519,7.634040426357885,0.09802282260901708,0.3992598621706624,0.012081328677230049,0.0415440019346614,0.9895123184033808,-40.53402976219607
308,309.0,0.6590733712539246,8.818500932986609,0.0,0.4524387766107012,0.23727359234031695,0.1841092813444997,0.7875569322150142,-19.691160882528983
309,310.0,0.379702193169582,2.869965078475318,0.09802282635675218,0.39925987193226586,0.012081328677228227,0.04154400193465827,0.9895123176208602,-40.53402976219712
310,311.0,0.5243837442395142,1.0558928388425404,0.0,0.39427338526973205,0.23727359234031695,0.1841092813444997,0.7875569322150142,-19.691160882528983
311,312.0,0.6313709804824104,3.3529015790908385,0.09802286823823587,0.3992598585226572,0.012081328677250418,0.04154400193469642,0.9895123185754685,-40.53402976218427
312,313.0,0.9426415813886336,5.449889862875112,0.09802284213771718,0.39925984306506485,0.012081328677239453,0.04154400193467756,0.9895123198662087,-40.53402976219062
313,314.0,0.8538377055702597,5.967242756886795,0.0,0.24024015115104835,0.4676533391757599,0.2584717003508342,0.6964782893482662,-14.941566943960161
314,315.0,0.5736736075628583,5.911515338177461,0.0,0.4394339713150484,0.23727359234031695,0.1841092813444997,0.7875569322150142,-19.691160882528983
315,316.0,0.12982837661471647,7.062940466251306,0.12982837661471647,7.062940466251306,3.457526756897279,0.7028032397780111,0.0,-0.9374963801069036
316,317.0,0.723481163876046,1.0184287532385854,0.09802289692260094,0.3992598545662523,0.01208132867729541,0.04154400193477377,0.9895123188153085,-40.5340297621582
317,318.0,0.5344422687543803,6.932137432855755,0.09802284329156283,0.39925987628797693,0.012081328677229577,0.041544001934660575,0.9895123172326405,-40.53402976219634
318,319.0,0.46077983218268614,3.495498622158271,0.0,0.26366390447475935,0.4676533391757599,0.2584717003508342,0.6964782893482662,-14.941566943960161
319,320.0,0.7784366449219883,0.7777172892331731,0.09802318706153382,0.3992601679525844,0.012081328679626128,0.04154400193878109,0.9895122932570724,-40.53402976080777
320,321.0,0.5929848762030264,6.555854295109047,0.09802275145520996,0.3992593366469046,0.012081328680102262,0.041544001939599735,0.9895123601956356,-40.53402976053189
321,322.0,0.032724672858760906,3.2340768227493526,0.032724672858760906,3.2340768227493526,3.457526756897279,0.7028032397780111,0.0,-0.9374963801069036
322,323.0,0.18956427121172492,1.7449929988651212,0.0,0.36023826538717896,0.23727359234031695,0.1841092813444997,0.7875569322150142,-19.691160882528983
323,324.0,0.5859934228281316,8.328208241570596,0.0980228673253636,0.39925982562551143,0.012081328677273481,0.04154400193473608,0.9895123211826188,-40.5340297621709
324,325.0,0.4870527929271975,2.8499538098055623,0.09802244475356107,0.39925876400893645,0.012081328690589447,0.04154400195763083,0.9895124063173563,-40.534029754455545
325,326.0,0.1402745509997142,0.06718320018133701,0.09802280346284015,0.3992598799641335,0.012081328677240403,0.041544001934679206,0.989512317043455,-40.534029762190066
326,327.0,0.2759779907536142,5.099260293041384,0.2760549958226427,5.099255230424361,3.457525365047042,0.7028030983189532,4.459864058059537e-07,-0.9374991980037146
327,328.0,0.8362064982073257,7.9109488346919425,0.0,0.16749576954347511,0.4676533391757599,0.2584717003508342,0.6964782893482662,-14.941566943960161
328,329.0,0.4826788286539879,8.559014346654921,0.4827051631441459,8.559012703524981,3.4575259643582106,0.7028031592292407,1.9884903201816684e-07,-0.9374979846567753
329,330.0,0.2956916486167481,6.29827281197563,0.2956916486167481,6.29827281197563,3.4575266900241735,0.7028032329814424,2.0940666090041304e-08,-0.9374965154960924
330,331.0,0.4664697057314602,7.685389336093713,0.09802294259724396,0.3992595462963619,0.012081328678580517,0.041544001936983335,0.9895123431068598,-40.5340297614136
331,332.0,0.5802475867743511,5.783299751101357,0.0,0.3988826742967443,0.23727359234031695,0.1841092813444997,0.7875569322150142,-19.691160882528983
332,333.0,0.42088434039586675,2.7952330066084774,0.09802241060967858,0.39925867364676404,0.012081328692877322,0.0415440019615645,0.9895124135585956,-40.534029753129936
333,334.0,0.4589558942742229,3.3067074678317474,0.09802282003688742,0.39925987670543817,0.01208132867723003,0.04154400193466137,0.9895123172590844,-40.53402976219608
334,335.0,0.7537547354271147,1.5575233243073558,0.0,0.3482510899167617,0.23727359234031695,0.1841092813444997,0.7875569322150142,-19.691160882528983
335,336.0,0.33649717483744734,4.909122566075195,0.0,0.2643430524101727,0.4676533391757599,0.2584717003508342,0.6964782893482662,-14.941566943960161
336,337.0,0.6635670782268582,2.396134085008831,0.09802281205035597,0.39925985818795034,0.012081328677235032,0.04154400193466996,0.9895123187457471,-40.534029762193185
337,338.0,0.8313407121056828,2.4648740843538905,0.09802281242742693,0.39925986290126964,0.012081328677233853,0.04154400193466794,0.9895123183715778,-40.53402976219387
338,339.0,0.22338670306468755,0.5400997150197044,0.09802266400607688,0.39925950324873977,0.01208132867884249,0.041544001937433725,0.9895123472281444,-40.534029761261806
339,340.0,0.5964925143492573,5.199424605741347,0.0,0.42025840579466445,0.23727359234031695,0.1841092813444997,0.7875569322150142,-19.691160882528983
340,341.0,0.7439610684135722,6.335650050008613,0.0,0.6492031126089629,0.6709083120509863,0.3095868934220445,0.5394301716889189,-12.415230608991134
341,342.0,0.6756961044595166,7.2293861378624005,0.09802277735313907,0.3992599568018286,0.01208132867735292,0.04154400193487265,0.9895123110261086,-40.534029762124874
342,343.0,0.3307370161403831,6.955002311183839,0.3307370161403831,6.955002311183839,3.4575266922760988,0.7028032332103142,1.940673421962913e-08,-0.9374965109369153
343,344.0,0.06693520461946745,9.457737487699406,0.06693520461946745,9.457737487699406,3.457526756897279,0.7028032397780111,0.0,-0.9374963801069036
344,345.0,0.7596794954939851,0.6235952681408262,0.0980228297251644,0.3992598723858507,0.01208132867722784,0.041544001934657605,0.9895123175763268,-40.53402976219735
345,346.0,0.8708204297643478,6.680225839460809,0.09802274536529566,0.3992600260511366,0.01208132867760593,0.04154400193530767,0.9895123056245728,-40.53402976197828
346,347.0,0.30680237659287823,5.890868718967887,0.30682857785627315,5.890867031428879,3.457526264841785,0.7028031897685342,1.5206028924907855e-07,-0.9374973763070615
347,348.0,0.3746056897654555,2.8151821861609316,0.0,0.36023826538717896,0.23727359234031695,0.1841092813444997,0.7875569322150142,-19.691160882528983
348,349.0,0.025856173879790556,3.686913993458219,0.025856173879790556,3.686913993458219,3.457526756897279,0.7028032397780111,0.0,-0.9374963801069036
349,350.0,0.7983906756533836,6.844667991831072,0.09802283762803464,0.39925917576575926,0.012081328682137077,0.0415440019430983,0.9895123727129337,-40.534029759352904
350,351.0,0.48587972161850157,9.346720873358349,0.48587972161850157,9.346720873358349,3.457526582926563,0.702803222096704,4.349192206376529e-08,-0.9374967323225549
351,352.0,0.7212981160431872,2.3845458027361515,0.09802291839504063,0.39925989004379137,0.01208132867733395,0.041544001934840064,0.9895123159511907,-40.534029762135866
352,353.0,0.7025551732360534,3.2748491647419904,0.09802272085961553,0.39926003800679716,0.012081328677727703,0.041544001935517036,0.9895123047405189,-40.534029761907725
353,354.0,0.054140503562337905,6.1849053227513995,0.054140503562337905,6.1849053227513995,3.457526756897279,0.7028032397780111,0.0,-0.9374963801069036
354,355.0,0.9836583636426298,7.002823419125892,0.09802293384623074,0.39926022324605387,0.012081328678509124,0.04154400193686057,0.9895122895279067,-40.53402976145497
355,356.0,0.9909982312635957,8.941598901812364,0.09802281931713996,0.39925986920495543,0.012081328677230118,0.04154400193466152,0.9895123178548211,-40.53402976219603
356,357.0,0.005217272415101615,1.5111069472870766,0.005217272415101615,1.5111069472870766,3.457526756897279,0.7028032397780111,0.0,-0.9374963801069036
357,358.0,0.8027384892558284,0.26959973627604056,0.09802282662862494,0.39925986997067964,0.012081328677228258,0.041544001934658306,0.9895123177754849,-40.53402976219711
358,359.0,0.6804879734348497,5.721351020406723,0.09802284357276728,0.39925987756283066,0.012081328677229712,0.04154400193466082,0.9895123171309769,-40.53402976219627
359,360.0,0.34642243993782296,6.675341992181716,0.346438693602912,6.67534105959437,3.4575264222422426,0.7028032057657436,9.862197247745286e-08,-0.9374970576390051
360,361.0,0.1552698305310265,2.271552322457976,0.09802282628798288,0.39925987194588053,0.012081328677228243,0.0415440019346583,0.9895123176199582,-40.534029762197115
361,362.0,0.1315086694190467,9.377800674040286,0.1315086694190467,9.377800674040286,3.457526756897279,0.7028032397780111,0.0,-0.9374963801069036
362,363.0,0.5880344520393939,9.183709222429737,0.0,0.466679906785514,0.23727359234031695,0.1841092813444997,0.7875569322150142,-19.691160882528983
363,364.0,0.979810562434403,2.6868531940118725,0.0,0.36023826538717896,0.23727359234031695,0.1841092813444997,0.7875569322150142,-19.691160882528983
364,365.0,0.2692230550870618,2.46496371177602,0.0,0.32997378190553556,0.4676533391757599,0.2584717003508342,0.6964782893482662,-14.941566943960161
365,366.0,0.753007072175543,0.7098914438046364,0.09802277220004128,0.3992597841954308,0.0120813286773449,0.04154400193485887,0.9895123247064418,-40.53402976212952
366,367.0,0.8102575605025751,2.3344988519383736,0.0,0.36023826538717896,0.23727359234031695,0.1841092813444997,0.7875569322150142,-19.691160882528983
367,368.0,0.5584112825728954,6.215208191007751,0.09802284542108482,0.399259874508649,0.012081328677230338,0.041544001934661894,0.98951231736808,-40.5340297621959
368,369.0,0.1828946700546693,3.0084866984924594,0.0980228275870849,0.3992598684102275,0.012081328677228251,0.041544001934658306,0.9895123178965907,-40.53402976219711
369,370.0,0.7888055410792024,1.6494066711849342,0.0,0.4043891452248001,0.23727359234031695,0.1841092813444997,0.7875569322150142,-19.691160882528983
370,371.0,0.23593663508025797,6.126017167422709,0.23593663508025797,6.126017167422709,3.4575267555690368,0.7028032396430167,4.4524628428632695e-10,-0.937496382796021
371,372.0,0.06409701300639103,9.778795023682406,0.06409701300639103,9.778795023682406,3.457526756897279,0.7028032397780111,0.0,-0.9374963801069036
372,373.0,0.7626833579506858,7.1344190763250115,0.0980231713296341,0.3992599083414638,0.012081328678864033,0.04154400193747079,0.9895123138538373,-40.53402976124933
373,374.0,0.2621125224654307,1.418263654252407,0.0,0.42389022688948996,0.23727359234031695,0.1841092813444997,0.7875569322150142,-19.691160882528983
374,375.0,0.5062534354702547,5.212831680737586,0.0,0.42310919837917754,0.23727359234031695,0.1841092813444997,0.7875569322150142,-19.691160882528983
375,376.0,0.7712767197978159,2.7286972799512847,0.0,0.36023826538717896,0.23727359234031695,0.1841092813444997,0.7875569322150142,-19.691160882528983
376,377.0,0.3556588410027124,6.312342276110574,0.3557209690832031,6.312338234898739,3.457525316038012,0.7028030933379777,4.1989967636268943e-07,-0.9374992972258962
377,378.0,0.34128728162442823,5.306619322132543,0.09802281707722542,0.399259844334936,0.012081328677238367,0.0415440019346757,0.9895123198297796,-40.534029762191246
378,379.0,0.24490629470945458,2.5781898724149133,0.09802283088748391,0.3992599537042013,0.012081328677292625,0.041544001934768995,0.9895123111344621,-40.53402976215981
379,380.0,0.027106672588000147,4.066810392374752,0.027106672588000147,4.066810392374752,3.457526756897279,0.7028032397780111,0.0,-0.9374963801069036
380,381.0,0.2263059576946561,2.6234578478212627,0.09802277673857539,0.399259965613287,0.012081328677370901,0.041544001934903554,0.9895123103299723,-40.53402976211446
381,382.0,0.1479375860878055,5.3977533192192215,0.1479375860878055,5.3977533192192215,3.4575267568969252,0.7028032397779751,1.283417816466681e-13,-0.9374963801076195
382,383.0,0.17214924488150485,9.850695300943611,0.17214924488150485,9.850695300943611,3.457526756897279,0.7028032397780111,0.0,-0.9374963801069036
383,384.0,0.758466433278468,1.3461028661082337,0.09802296066937752,0.39925986242630507,0.012081328677471108,0.041544001935075854,0.9895123180296808,-40.5340297620564
384,385.0,0.4665873260247402,4.612512678115961,0.09802282693434143,0.3992598679522462,0.012081328677228373,0.04154400193465851,0.989512317934524,-40.53402976219704
385,386.0,0.3543718219045162,1.9206135433141238,0.09802253235411781,0.3992590127693776,0.01208132868526488,0.04154400194847608,0.9895123863986381,-40.53402975754064
386,387.0,0.3944359903929614,2.349887575649648,0.0,0.36023826538717896,0.23727359234031695,0.1841092813444997,0.7875569322150142,-19.691160882528983
387,388.0,0.14212828462049287,6.5280584966356,0.14212828462049287,6.5280584966356,3.457526756897279,0.7028032397780111,0.0,-0.9374963801069036
388,389.0,0.6854032293598357,1.6855004690549056,0.09802284507026035,0.3992598817389606,0.012081328677230599,0.04154400193466233,0.989512316796475,-40.53402976219575
389,390.0,0.6574256287741491,1.7532967681353047,1.1102230246251565e-16,0.5325304486758269,0.6709083120509863,0.3095868934220445,0.5394301716889189,-12.415230608991134
390,391.0,0.3093541946520205,0.5749166218500646,0.09802282862884203,0.399259866973555,0.012081328677228305,0.0415440019346584,0.9895123180076822,-40.53402976219708
391,392.0,0.8490040696141808,2.061242819689628,0.0,0.36023826538717896,0.23727359234031695,0.1841092813444997,0.7875569322150142,-19.691160882528983
392,393.0,0.9469498355714477,3.984327062576484,0.09802282677073931,0.3992598682825578,0.012081328677228373,0.04154400193465851,0.9895123179087882,-40.53402976219704
393,394.0,0.961591350212653,0.9506857202445224,0.0,0.229442549283967,0.4676533391757599,0.2584717003508342,0.6964782893482662,-14.941566943960161
394,395.0,0.4200913784054019,1.260470057244304,0.0,0.4848746027987928,0.23727359234031695,0.1841092813444997,0.7875569322150142,-19.691160882528983
395,396.0,0.10184813006010252,3.579784508561092,0.10184813006010252,3.579784508561092,3.457526756872748,0.7028032397755177,9.131584377541913e-12,-0.937496380156567
396,397.0,0.9781380391158944,4.76868398346248,0.0,0.38719798259540866,0.23727359234031695,0.1841092813444997,0.7875569322150142,-19.691160882528983
397,398.0,0.36956048100487715,4.523457090563974,0.09802155715164107,0.39925842436460596,0.012081328716663505,0.041544002002461215,0.9895124354626702,-40.53402973934807
398,399.0,0.022851657642146472,2.5949269992090382,0.022851657642146472,2.5949269992090382,3.457526756897279,0.7028032397780111,0.0,-0.9374963801069036
399,400.0,0.80468083223034,1.640700667938433,0.09802283362239597,0.39925991330160165,0.012081328677243512,0.04154400193468454,0.9895123143266018,-40.53402976218827
400,401.0,0.08053599302573422,6.606668741590851,0.08053599302573422,6.606668741590851,3.457526756897279,0.7028032397780111,0.0,-0.9374963801069036
401,402.0,0.03941506672176265,5.447096344072822,0.03941506672176265,5.447096344072822,3.457526756897279,0.7028032397780111,0.0,-0.9374963801069036
402,403.0,0.6231908976936279,5.193008458355603,0.0,0.4204496188949496,0.23727359234031695,0.1841092813444997,0.7875569322150142,-19.691160882528983
403,404.0,0.9206301055276482,8.31668611207605,0.09802286746460058,0.3992598278589449,0.012081328677271323,0.04154400193473236,0.9895123210054182,-40.53402976217215
404,405.0,0.298414703125114,4.571131345611798,0.0,0.4282860958801719,0.23727359234031695,0.1841092813444997,0.7875569322150142,-19.691160882528983
405,406.0,0.254999707143269,0.7167193947570616,0.09802200631785572,0.3992599960239032,0.012081328687465101,0.041544001952259,0.9895123098841403,-40.53402975626581
406,407.0,0.9642405504660195,0.41145439517762267,0.09802283224968887,0.3992598666874419,0.012081328677228234,0.04154400193465827,0.9895123180210728,-40.534029762197115
407,408.0,0.42746748110721666,3.0611856038163983,0.09802280293147836,0.39925991327404725,0.012081328677258956,0.041544001934711104,0.9895123144072949,-40.534029762179316
408,409.0,0.05081203465690076,8.46951772882195,0.05081203465690076,8.46951772882195,3.457526756897279,0.7028032397780111,0.0,-0.9374963801069036
409,410.0,0.8446734163846132,9.7006101006863,0.0,0.4817771771274107,0.23727359234031695,0.1841092813444997,0.7875569322150142,-19.691160882528983
410,411.0,0.00013807898332451884,6.283951986038221,0.00013807898332451884,6.283951986038221,3.457526756897279,0.7028032397780111,0.0,-0.9374963801069036
411,412.0,0.21451044670792419,2.1627641152435197,0.0,0.36023826538717896,0.23727359234031695,0.1841092813444997,0.7875569322150142,-19.691160882528983
412,413.0,0.32476820446312615,6.593104012543456,0.32476820446312615,6.593104012543456,3.4575266166353913,0.7028032255226607,4.242567441803402e-08,-0.9374966640767193
413,414.0,0.5324040543118971,1.611766093843115,0.0,0.3631347463233977,0.23727359234031695,0.1841092813444997,0.7875569322150142,-19.691160882528983
414,415.0,0.593620687599873,8.641915594417922,0.0,0.4454760913163927,0.23727359234031695,0.1841092813444997,0.7875569322150142,-19.691160882528983
415,416.0,0.7893509399570183,2.4005062425436146,0.0,0.5182040456520538,0.6709083120509863,0.3095868934220445,0.5394301716889189,-12.415230608991134
416,417.0,0.19500175713116608,4.865482060729981,0.19500175713116608,4.865482060729981,3.4575267487991503,0.7028032389549673,2.829864120812431e-09,-0.9374963965021204
417,418.0,0.35086989120934453,8.632679059902657,0.35086989120934453,8.632679059902657,3.457526755333319,0.7028032396190599,4.5844306129083634e-10,-0.9374963832732481
418,419.0,0.7723300390853598,1.1148722917100569,0.0,0.3335353295336153,0.23727359234031695,0.1841092813444997,0.7875569322150142,-19.691160882528983
419,420.0,0.7269265409199829,7.029523842046862,0.09802300794102048,0.39925959265332805,0.0120813286786026,0.041544001937021284,0.9895123392689312,-40.5340297614008
420,421.0,0.9065724036639095,7.335162806653411,0.0980227607438064,0.39926165284377013,0.012081328709494342,0.04154400199013493,0.989512176759925,-40.53402974350193
421,422.0,0.25382109004062015,6.149900894579272,0.25382109004062015,6.149900894579272,3.457526751102198,0.7028032391890346,1.904664648222365e-09,-0.9374963918394421
422,423.0,0.2314821721219994,1.2850636529132389,0.0,0.3719707821869295,0.23727359234031695,0.1841092813444997,0.7875569322150142,-19.691160882528983
423,424.0,0.17772681333274876,6.2808899794040896,0.17772681333274876,6.2808899794040896,3.4575267568968875,0.7028032397779712,1.3911094498553211e-13,-0.9374963801076959
424,425.0,0.05141939479359192,7.562186612264597,0.05141939479359192,7.562186612264597,3.457526756897279,0.7028032397780111,0.0,-0.9374963801069036
425,426.0,0.031078442224658498,6.905578085634405,0.031078442224658498,6.905578085634405,3.457526756897279,0.7028032397780111,0.0,-0.9374963801069036
426,427.0,0.6310689835274864,9.086009878342677,0.0,0.38908434272618486,0.23727359234031695,0.1841092813444997,0.7875569322150142,-19.691160882528983
427,428.0,0.2240989965301694,4.07204947531221,0.09802312368597758,0.39925981874845834,0.0120813286785259,0.04154400193688942,0.9895123210700987,-40.53402976144525
428,429.0,0.8322290645263045,6.730622408501822,0.09802273540800249,0.3992600388025303,0.012081328677680485,0.041544001935435844,0.989512304640333,-40.53402976193509
429,430.0,0.13645622575381622,3.196241206543761,0.1364905982586767,3.1962391193244617,3.457526472088237,0.7028032108317822,1.0420669804833693e-07,-0.9374969567223621
430,431.0,0.48495807880435693,6.876781696920787,0.09802283570910938,0.3992598655483489,0.012081328677228683,0.04154400193465905,0.9895123181024156,-40.534029762196866
431,432.0,0.5379821494029581,6.767532652918387,0.0980227327941708,0.3992600418526543,0.012081328677700107,0.04154400193546959,0.9895123044054959,-40.53402976192371
432,433.0,0.42917253687061896,0.05757477516995337,0.09802282708596027,0.3992598604949703,0.012081328677229651,0.041544001934660714,0.9895123185246095,-40.5340297621963
433,434.0,0.9211867788500204,7.193027116998406,0.09802294757293965,0.39925969365164576,0.012081328677802618,0.04154400193564585,0.9895123314267651,-40.53402976186432
434,435.0,0.7393268800934203,6.529302075435939,0.09802281550381363,0.39925987961233733,0.012081328677232326,0.04154400193466531,0.9895123170405098,-40.53402976219475
435,436.0,0.6748828254532718,4.177855267033235,0.09802275137883654,0.3992597485325345,0.01208132867745088,0.04154400193504108,0.9895123275834768,-40.534029762068116
436,437.0,0.8971241010488015,6.8567313329193675,0.09802283140655159,0.3992598669298996,0.012081328677228201,0.04154400193465823,0.9895123180040319,-40.53402976219714
437,438.0,0.5173908244270282,8.913862979542449,0.5174263071547169,8.913860714687665,3.4575255847451905,0.7028031206477174,2.8281060571178074e-07,-0.9374987532095833
438,439.0,0.07076813676915228,4.256043708137957,0.07076813676915228,4.256043708137957,3.457526756897279,0.7028032397780111,0.0,-0.9374963801069036
439,440.0,0.020466433550811125,2.2795809934929805,0.020466433550811125,2.2795809934929805,3.457526756897279,0.7028032397780111,0.0,-0.9374963801069036
440,441.0,0.0682300525385654,0.7900922531121635,0.0980228242760704,0.3992598643509123,0.012081328677229284,0.04154400193466009,0.9895123182264818,-40.53402976219651
441,442.0,0.12071076132783465,1.9321793717434312,0.0,0.36389270289161313,0.23727359234031695,0.1841092813444997,0.7875569322150142,-19.691160882528983
442,443.0,0.6454480092177307,5.8121233843211995,0.0,0.47444867801397833,0.23727359234031695,0.1841092813444997,0.7875569322150142,-19.691160882528983
443,444.0,0.20066970353572589,2.0333148028622707,0.0,0.40833915901578177,0.23727359234031695,0.1841092813444997,0.7875569322150142,-19.691160882528983
444,445.0,0.8870997591536485,9.719584582213725,0.0,0.4823758743802815,0.23727359234031695,0.1841092813444997,0.7875569322150142,-19.691160882528983
445,446.0,0.8958480116717362,4.781083311737322,0.0,0.2612934890016989,0.4676533391757599,0.2584717003508342,0.6964782893482662,-14.941566943960161
446,447.0,0.9537725840071616,6.859226309306706,0.09802281951942957,0.39925977636707183,0.012081328677321715,0.04154400193481899,0.9895123252052536,-40.53402976214296
447,448.0,0.6420535363605998,8.46320601460161,0.0,0.4367768289320839,0.23727359234031695,0.1841092813444997,0.7875569322150142,-19.691160882528983
448,449.0,0.33945358595791086,7.113917216580728,0.33945358595791086,7.113917216580728,3.4575266918766543,0.7028032331697172,1.9323147859573453e-08,-0.9374965117456169
449,450.0,0.1636302900564397,7.571249401461062,0.1636302900564397,7.571249401461062,3.457526756897279,0.7028032397780111,0.0,-0.9374963801069036
450,451.0,0.7331859313457094,6.374208747113698,0.0,0.4943439250417007,0.23727359234031695,0.1841092813444997,0.7875569322150142,-19.691160882528983
451,452.0,0.32858622746995747,7.290864577667453,0.32858622746995747,7.290864577667453,3.457526736292472,0.702803237683866,6.203943914151466e-09,-0.9374964218227486
452,453.0,0.7326670064986999,5.5462187361400055,0.0,0.6185293829831503,0.6709083120509863,0.3095868934220445,0.5394301716889189,-12.415230608991134
453,454.0,0.4494036941103007,8.824184300317214,0.4494036941103007,8.824184300317214,3.457526623066253,0.7028032261762537,3.489200750550481e-08,-0.937496651056998
454,455.0,0.534574032363443,4.463861085368532,0.09802281957120797,0.3992598758576712,0.012081328677230116,0.04154400193466152,0.9895123173274027,-40.53402976219603
455,456.0,0.9660935805165118,8.65054411415992,0.0,0.44699050895770376,0.23727359234031695,0.1841092813444997,0.7875569322150142,-19.691160882528983
456,457.0,0.7055713074051198,2.022216159029934,0.09802282325522675,0.3992598457044592,0.012081328677235999,0.04154400193467162,0.9895123197055342,-40.534029762192624
457,458.0,0.5615765815946219,4.310137960926409,0.09802265869948035,0.3992603197614127,0.012081328679874905,0.04154400193920883,0.9895122825888076,-40.53402976066362
458,459.0,0.2847550260925913,0.4027933249991021,0.0980227762656207,0.39925990521897464,0.012081328677287402,0.04154400193476001,0.9895123151133016,-40.53402976216284
459,460.0,0.39140155055842685,2.272194964818834,0.0,0.46946867105880785,0.23727359234031695,0.1841092813444997,0.7875569322150142,-19.691160882528983
460,461.0,0.9309511606005748,0.44505953662769315,0.09802277390427998,0.3992599260810855,0.012081328677312448,0.041544001934803065,0.9895123134674473,-40.53402976214832
461,462.0,0.01815526854245675,2.7231237046268686,0.01815526854245675,2.7231237046268686,3.457526756897279,0.7028032397780111,0.0,-0.9374963801069036
462,463.0,0.3790342772729872,1.9881310617199601,0.09802299117981217,0.39925945422565445,0.012081328679544454,0.04154400193864066,0.9895123502722372,-40.534029760855084
463,464.0,0.7841996747492825,5.8556368196557775,0.0,0.3588452367523326,0.23727359234031695,0.1841092813444997,0.7875569322150142,-19.691160882528983
464,465.0,0.13144531427538886,4.672075756653456,0.13144531427538886,4.672075756653456,3.4575267568952706,0.7028032397778069,7.368550214437164e-13,-0.9374963801109697
465,466.0,0.6232061556536721,5.9024054575842095,0.09802282653663597,0.39925986954627474,0.012081328677228293,0.04154400193465838,0.9895123178093249,-40.534029762197086
466,467.0,0.5449324192057243,5.618469831941885,0.0,0.6209524493426213,0.6709083120509863,0.3095868934220445,0.5394301716889189,-12.415230608991134
467,468.0,0.4965947624384489,5.138914481717632,0.0,0.4266829335953121,0.23727359234031695,0.1841092813444997,0.7875569322150142,-19.691160882528983
468,469.0,0.9055963444631334,6.233949870228943,0.09802288519037432,0.3992598278368667,0.012081328677296168,0.041544001934775074,0.9895123209617908,-40.53402976215776
469,470.0,0.9817028194894256,9.947676705512428,0.0,0.21761311057438046,0.4676533391757599,0.2584717003508342,0.6964782893482662,-14.941566943960161
470,471.0,0.1789796494794399,0.4074865598942892,0.0980228251078563,0.3992598629034733,0.012081328677229388,0.041544001934660256,0.9895123183389632,-40.534029762196454
471,472.0,0.7858194917279941,6.149797632509849,0.09802269061298352,0.3992610333418801,0.012081328691495967,0.041544001959189475,0.9895122259999509,-40.534029753930305
472,473.0,0.25079145149183546,1.9838544692279416,0.09802267639832912,0.39926014217894107,0.012081328678416716,0.04154400193670167,0.98951229660541,-40.534029761508506
473,474.0,0.2951008861529716,0.0577925865353384,0.09802274484027626,0.3992601184750375,0.012081328677999041,0.04154400193598357,0.9895122983075182,-40.53402976175051
474,475.0,0.45993264711226345,6.593356134837119,0.09802278180559387,0.39925999694558784,0.012081328677434146,0.041544001935012315,0.989512307836061,-40.534029762077814
475,476.0,0.9559063845111705,2.971690904365207,0.09802280868763434,0.39925990320500426,0.012081328677246319,0.04154400193468937,0.9895123151898516,-40.53402976218664
476,477.0,0.7190678707131537,5.603246972018206,0.0980228548931709,0.3992598823920756,0.01208132867723552,0.041544001934670796,0.9895123167196236,-40.534029762192894
477,478.0,0.45157386866899807,1.745617686986646,0.0,0.3231336851382266,0.4676533391757599,0.2584717003508342,0.6964782893482662,-14.941566943960161
478,479.0,0.457383943288711,8.836911476360198,0.457383943288711,8.836911476360198,3.4575265792916112,0.7028032217272699,4.587763535734979e-08,-0.9374967396817651
479,480.0,0.8615554086482718,8.163725140145816,0.0,0.1669564967838859,0.4676533391757599,0.2584717003508342,0.6964782893482662,-14.941566943960161
480,481.0,0.4092416843414888,4.9069354077792475,0.0,0.2653008105645699,0.4676533391757599,0.2584717003508342,0.6964782893482662,-14.941566943960161
481,482.0,0.02769430351866775,4.9867755092583135,0.02769430351866775,4.9867755092583135,3.457526756897279,0.7028032397780111,0.0,-0.9374963801069036
482,483.0,0.43024987905710577,9.133801934121157,0.43024987905710577,9.133801934121157,3.457526727403959,0.7028032367804925,7.863705131505583e-09,-0.937496439818152
483,484.0,0.22411916397098808,4.777718789184648,0.22413222019376455,4.777718034232987,3.457526587963658,0.702803222608643,5.734514163524551e-08,-0.937496722124612
484,485.0,0.4020161767625188,4.432111247633989,0.09802287118126862,0.39925947405641904,0.01208132867889836,0.0415440019375298,0.98951234900957,-40.53402976122944
485,486.0,0.2731930279438095,9.278644855255704,0.2731930279438095,9.278644855255704,3.45752675689701,0.7028032397779836,8.64863736182997e-14,-0.9374963801074481
486,487.0,0.27373872575361413,7.5121280478840635,0.27373872575361413,7.5121280478840635,3.4575267567156676,0.7028032397595532,5.83495474160145e-11,-0.9374963804745882
487,488.0,0.6836044408433335,8.791480151764441,0.0,0.4517104059598424,0.23727359234031695,0.1841092813444997,0.7875569322150142,-19.691160882528983
488,489.0,0.19292028513771786,7.530280935722958,0.19292028513771786,7.530280935722958,3.4575267568972725,0.7028032397780103,2.220446049250313e-15,-0.937496380106916
489,490.0,0.34292389137316914,3.9042678280659344,0.09802297408010555,0.39925987528741214,0.012081328677517513,0.04154400193515565,0.9895123169769721,-40.53402976202951
490,491.0,0.6362747696324244,3.7631181583712947,0.09802276697036229,0.39926031663866574,0.012081328679342456,0.041544001938293364,0.98951228255953,-40.534029760972125
491,492.0,0.5136919672964925,1.7973936376190909,0.09802305351769643,0.39925962638448687,0.012081328678698669,0.04154400193718646,0.9895123364812852,-40.534029761345145
492,493.0,0.552435821532606,5.937339969343584,0.0,0.38949309359336115,0.23727359234031695,0.1841092813444997,0.7875569322150142,-19.691160882528983
493,494.0,0.7826812516851582,6.312239103566268,0.09802284889514827,0.3992598736294734,0.012081328677231851,0.041544001934664496,0.9895123174288039,-40.53402976219502
494,495.0,0.6250585932983568,5.624725061979858,0.09802281458307988,0.39925988174708615,0.01208132867723319,0.041544001934666785,0.9895123168738336,-40.53402976219425
495,496.0,0.36728990230391045,0.9171636066711523,0.09802261574259946,0.39925954028889876,0.012081328678820074,0.041544001937395214,0.9895123444186612,-40.534029761274795
496,497.0,0.21584446093673804,8.810360831086818,0.21584446093673804,8.810360831086818,3.4575267568972783,0.702803239778011,2.220446049250313e-16,-0.9374963801069045
497,498.0,0.033505994757053625,9.543352887870297,0.033505994757053625,9.543352887870297,3.457526756897279,0.7028032397780111,0.0,-0.9374963801069036
498,499.0,0.38152934133435945,3.284585584412168,0.0,0.3569149369759685,0.23727359234031695,0.1841092813444997,0.7875569322150142,-19.691160882528983
499,500.0,0.5328991072521714,2.708592233709982,0.09802280952308183,0.399259918186576,0.012081328677257822,0.04154400193470916,0.989512314001454,-40.534029762179976
500,501.0,0.35333374212495106,1.9267353991372456,0.09802274273732556,0.3992595995579724,0.012081328678030521,0.041544001936037696,0.9895123394012846,-40.53402976173227
501,502.0,0.1545164024975536,5.607825368035677,0.1545164024975536,5.607825368035677,3.4575267568969505,0.7028032397779777,1.1879386363489175e-13,-0.937496380107568
502,503.0,0.9303241460675545,8.640038211892646,0.0,0.4463920271393028,0.23727359234031695,0.1841092813444997,0.7875569322150142,-19.691160882528983
503,504.0,0.5959803975363798,5.177303370428549,0.0,0.422081435986301,0.23727359234031695,0.1841092813444997,0.7875569322150142,-19.691160882528983
504,505.0,0.5857915285640397,1.4863869325712395,0.0,0.4866027844957026,0.23727359234031695,0.1841092813444997,0.7875569322150142,-19.691160882528983
505,506.0,0.9914141959230317,7.023194621777853,0.09802282691225835,0.3992598699057856,0.012081328677228222,0.04154400193465825,0.9895123177798976,-40.53402976219713
506,507.0,0.309918963854226,5.832175903890031,0.30995529035161085,5.832173639035047,3.4575260551678046,0.7028031684585669,2.1604973332589594e-07,-0.9374978008064856
507,508.0,0.2703431118889976,7.315466763788193,0.2703431118889976,7.315466763788193,3.4575267566201706,0.7028032397498475,8.938116913270733e-11,-0.9374963806679286
508,509.0,0.9302419678655516,1.662034431554744,0.0,0.45203620252392607,0.23727359234031695,0.1841092813444997,0.7875569322150142,-19.691160882528983
509,510.0,0.00535501708953845,1.2997253850731256,0.00535501708953845,1.2997253850731256,3.457526756897279,0.7028032397780111,0.0,-0.9374963801069036
510,511.0,0.20831243511003394,3.252796836387844,0.0,0.21719312609043773,0.4676533391757599,0.2584717003508342,0.6964782893482662,-14.941566943960161
511,512.0,0.26356117060470696,9.23430346853106,0.26356117060470696,9.23430346853106,3.4575267568971757,0.7028032397780004,3.375077994860476e-14,-0.9374963801071123
512,513.0,0.2995018047585922,2.0013494861666845,0.0,0.36023826538717896,0.23727359234031695,0.1841092813444997,0.7875569322150142,-19.691160882528983
513,514.0,0.8593917070694307,6.519048494341095,0.09802281508909601,0.39925987896181936,0.012081328677232417,0.04154400193466548,0.9895123170930794,-40.5340297621947
514,515.0,0.04633085677197901,8.63383503296433,0.04633085677197901,8.63383503296433,3.457526756897279,0.7028032397780111,0.0,-0.9374963801069036
515,516.0,0.22143499036578496,0.7429618512753661,0.0,0.34003128360417256,0.23727359234031695,0.1841092813444997,0.7875569322150142,-19.691160882528983
516,517.0,0.33406857992489136,1.8575830582247386,0.098022698142973,0.3992590549712189,0.012081328683925315,0.04154400194617288,0.9895123826337061,-40.53402975831679
517,518.0,0.7390828400794806,7.052643923644723,0.0,0.3943434467155571,0.23727359234031695,0.1841092813444997,0.7875569322150142,-19.691160882528983
518,519.0,0.7790614719322522,7.7660323251446535,0.0,0.3822403750931531,0.23727359234031695,0.1841092813444997,0.7875569322150142,-19.691160882528983
519,520.0,0.38889596043708996,7.069647308507293,0.3889274019531639,7.0696453101058365,3.4575259916084957,0.7028031619987913,2.1430497498808876e-07,-0.9374979294866925
520,521.0,0.5912586794272913,4.049030927380005,0.09802264409153565,0.3992586832089289,0.012081328691374913,0.04154400195898133,0.9895124122052287,-40.53402975400044
521,522.0,0.32409380817611055,8.479353076588742,0.32409380817611055,8.479353076588742,3.4575267564961063,0.7028032397372383,1.214427447493449e-10,-0.9374963809191055
522,523.0,0.4159107524486919,6.103366499185509,0.09802250562874111,0.39925963692504657,0.01208132867911157,0.04154400193789638,0.9895123370481462,-40.534029761105906
523,524.0,0.6301070820011284,8.426356231858733,1.1102230246251565e-16,0.5276592101150052,0.6709083120509863,0.3095868934220445,0.5394301716889189,-12.415230608991134
524,525.0,0.19981235702574196,8.08600627760096,0.19981235702574196,8.08600627760096,3.4575267568972774,0.702803239778011,3.3306690738754696e-16,-0.9374963801069072
525,526.0,0.930864876229815,5.8940803908833095,0.09802283710947267,0.39925987348376657,0.01208132867722814,0.0415440019346581,0.9895123174704992,-40.53402976219717
526,527.0,0.35787437886357,9.235830157768646,0.35787437886357,9.235830157768646,3.45752675644951,0.7028032397325025,1.3015244437752926e-10,-0.9374963810134425
527,528.0,0.18312060715909229,0.3348291381198098,0.09802255372831124,0.3992594250183249,0.012081328680023018,0.041544001939463476,0.9895123537039068,-40.5340297605778
528,529.0,0.7645614612152626,8.581533658537854,0.0,0.44300599107110217,0.23727359234031695,0.1841092813444997,0.7875569322150142,-19.691160882528983
529,530.0,0.5294501115740863,6.114733922961269,0.09802273401099854,0.3992603538066698,0.012081328679815092,0.041544001939105964,0.9895122797005887,-40.534029760698274
530,531.0,0.8113140711640388,5.360964698173577,0.09802283285468459,0.39925986596861596,0.012081328677228371,0.041544001934658514,0.989512318076442,-40.534029762197044
531,532.0,0.8179072128595352,4.757630461330429,0.0,0.24189983006429316,0.4676533391757599,0.2584717003508342,0.6964782893482662,-14.941566943960161
532,533.0,0.40871135771422584,3.413809298949223,0.09802282718720609,0.39925986783936807,0.012081328677228342,0.04154400193465847,0.9895123179428149,-40.53402976219706
533,534.0,0.3243450728379619,9.35772603701323,0.3243450728379619,9.35772603701323,3.4575267568700445,0.7028032397752431,8.241962667909775e-12,-0.9374963801620417
534,535.0,0.4373222423510479,7.129915550540324,0.0,0.26123600199504804,0.4676533391757599,0.2584717003508342,0.6964782893482662,-14.941566943960161
535,536.0,0.11183132397214257,6.104182399906138,0.11183132397214257,6.104182399906138,3.457526756897279,0.7028032397780111,0.0,-0.9374963801069036
536,537.0,0.029900899766419298,2.546732458138431,0.029900899766419298,2.546732458138431,3.457526756897279,0.7028032397780111,0.0,-0.9374963801069036
537,538.0,0.13711818318940472,6.408512319310052,0.13711818318940472,6.408512319310052,3.457526756897279,0.7028032397780111,0.0,-0.9374963801069036
538,539.0,0.7135715173755841,4.322354022248919,0.0,0.42545513956282593,0.23727359234031695,0.1841092813444997,0.7875569322150142,-19.691160882528983
539,540.0,0.4930270539536381,2.384309479623029,0.09802281016493129,0.3992598441692819,0.01208132867724156,0.041544001934681184,0.9895123198605793,-40.5340297621894
540,541.0,0.9996640383283333,5.2808994119018795,0.0,0.4353038991038099,0.23727359234031695,0.1841092813444997,0.7875569322150142,-19.691160882528983
541,542.0,0.19101007404667203,5.518141230946703,0.19101007404667203,5.518141230946703,3.457526756723479,0.7028032397603471,6.095968174690825e-11,-0.9374963804587733
542,543.0,0.5284300839224277,8.5735853905938,0.5285161040019435,8.573579528616715,3.4575236567991148,0.7028029247031503,7.38835817637451e-07,-0.9375026564710236
543,544.0,0.1311908266044457,2.731554430604528,0.09802278842005002,0.39925981666313454,0.012081328677280862,0.04154400193474877,0.9895123220941537,-40.534029762166625
544,545.0,0.05610317338351967,4.6704035323864375,0.05610317338351967,4.6704035323864375,3.457526756897279,0.7028032397780111,0.0,-0.9374963801069036
545,546.0,0.1960312148433654,4.382632565462855,0.1960312148433654,4.382632565462855,3.4575266511031066,0.702803229025746,3.6933630265245654e-08,-0.9374965942944629
546,547.0,0.5326901480257353,9.87088316582001,0.5326901480257353,9.87088316582001,3.457526452305923,0.7028032088212302,7.225897169504947e-08,-0.9374969967730165
547,548.0,0.9371824355594212,9.881308417672257,0.0,0.48585388310261884,0.23727359234031695,0.1841092813444997,0.7875569322150142,-19.691160882528983
548,549.0,0.2876278545618346,1.367407591861784,0.0,0.48616160633108085,0.23727359234031695,0.1841092813444997,0.7875569322150142,-19.691160882528983
549,550.0,0.8818698144008887,9.903994314394655,0.0,0.4861370200992148,0.23727359234031695,0.1841092813444997,0.7875569322150142,-19.691160882528983
550,551.0,0.06983393416603134,2.474576404125041,0.06983393416603134,2.474576404125041,3.457526755415419,0.702803239627404,5.5696502965219e-10,-0.93749638310703
551,552.0,0.1953486201910858,7.758859427510208,0.1953486201910858,7.758859427510208,3.4575267568972756,0.7028032397780107,8.881784197001252e-16,-0.9374963801069098
552,553.0,0.40367832612287236,3.2717411704813624,0.09802279136866074,0.3992600140730271,0.01208132867746578,0.04154400193506671,0.989512306455419,-40.53402976205949
553,554.0,0.9973078543417091,1.6835391443211156,0.09802287487868831,0.3992601444011856,0.01208132867796015,0.041544001935916695,0.9895122959220528,-40.53402976177304
554,555.0,0.5748379527806629,8.590156784327254,0.0,0.4430267417556802,0.23727359234031695,0.1841092813444997,0.7875569322150142,-19.691160882528983
555,556.0,0.459408713975864,2.4222839019698816,0.0,0.36023826538717896,0.23727359234031695,0.1841092813444997,0.7875569322150142,-19.691160882528983
556,557.0,0.08214480912721045,8.17439198248774,0.08214480912721045,8.17439198248774,3.457526756897279,0.7028032397780111,0.0,-0.9374963801069036
557,558.0,0.6550174988098407,2.3550555410903122,0.0,0.38982771109659026,0.23727359234031695,0.1841092813444997,0.7875569322150142,-19.691160882528983
558,559.0,0.6489972840177691,7.025257506079376,0.09802282346105487,0.39925987404227525,0.012081328677228827,0.04154400193465929,0.9895123174611961,-40.534029762196774
559,560.0,0.22951937257963761,2.3745218966256987,0.0980232491727455,0.39925970937125377,0.012081328680190791,0.04154400193975193,0.9895123294082111,-40.5340297604806
560,561.0,0.5502717345078401,6.166089668464502,0.09802245224941379,0.3992598917560216,0.01208132867932497,0.04154400193826329,0.9895123170064982,-40.53402976098226
561,562.0,0.9891334415861176,4.226471760163973,0.09802321949439219,0.3992597781811981,0.012081328679580951,0.04154400193870342,0.9895123240361884,-40.534029760833945
562,563.0,0.5691768869674764,0.40600541876373625,0.0,0.21330252057926458,0.4676533391757599,0.2584717003508342,0.6964782893482662,-14.941566943960161
563,564.0,0.25003046810645624,5.841604787491977,0.25003046810645624,5.841604787491977,3.45752674238529,0.7028032383031022,4.789909135993753e-09,-0.9374964094874212
564,565.0,0.07204114943451445,6.412939778607299,0.07204114943451445,6.412939778607299,3.457526756897279,0.7028032397780111,0.0,-0.9374963801069036
565,566.0,0.4753170604559408,1.7845077503117246,0.0,0.49457749952729957,0.23727359234031695,0.1841092813444997,0.7875569322150142,-19.691160882528983
566,567.0,0.7465719845163314,6.71257629896053,0.09802273996022051,0.3992600333126246,0.012081328677646743,0.041544001935377835,0.989512305063404,-40.534029761954635
567,568.0,0.9503959449641568,5.809381266596041,0.0,0.4683389994664397,0.23727359234031695,0.1841092813444997,0.7875569322150142,-19.691160882528983
568,569.0,0.2523056215854558,5.746694021307605,0.2523056215854558,5.746694021307605,3.4575267316110336,0.7028032372080736,8.324938294279605e-09,-0.9374964313006409
569,570.0,0.9414604542332345,4.802167985201048,0.09802274132071027,0.39925971653290215,0.01208132867755504,0.041544001935220176,0.9895123301429206,-40.53402976200776
570,571.0,0.22002849266448699,0.24496816308921235,0.0980228076860318,0.3992598315155205,0.012081328677251256,0.04154400193469786,0.9895123208688538,-40.53402976218378
571,572.0,0.6502984738489009,5.989014059195351,0.0,0.2643379620438626,0.4676533391757599,0.2584717003508342,0.6964782893482662,-14.941566943960161
572,573.0,0.12249894402564876,7.991637917912158,0.12249894402564876,7.991637917912158,3.457526756897279,0.7028032397780111,0.0,-0.9374963801069036
573,574.0,0.25721376124364703,6.273175165413016,0.25721376124364703,6.273175165413016,3.457526752176678,0.7028032392982384,1.5456013136017077e-09,-0.9374963896640836
574,575.0,0.5638848395290939,1.193720891239571,0.0,0.392561822262146,0.23727359234031695,0.1841092813444997,0.7875569322150142,-19.691160882528983
575,576.0,0.6248737015153387,9.712575453596163,0.0,0.48178368703451846,0.23727359234031695,0.1841092813444997,0.7875569322150142,-19.691160882528983
576,577.0,0.8419281348403419,0.06396995435965963,0.0,0.38839347035992994,0.23727359234031695,0.1841092813444997,0.7875569322150142,-19.691160882528983
577,578.0,0.043513903645346685,4.851341071856307,0.043513903645346685,4.851341071856307,3.457526756897279,0.7028032397780111,0.0,-0.9374963801069036
578,579.0,0.6124243292826624,7.703623202360012,0.09802282648710078,0.39926020673254153,0.012081328678349783,0.04154400193658662,0.9895122911102305,-40.53402976154729
579,580.0,0.01862843942408221,9.71951861393564,0.01862843942408221,9.71951861393564,3.457526756897279,0.7028032397780111,0.0,-0.9374963801069036
580,581.0,0.06194763035469897,5.7880391257784165,0.06194763035469897,5.7880391257784165,3.457526756897279,0.7028032397780111,0.0,-0.9374963801069036
581,582.0,0.5522203385196652,5.906824880327031,0.09802282867452479,0.3992598709740293,0.012081328677227969,0.04154400193465782,0.9895123176908043,-40.53402976219727
582,583.0,0.26639133423664996,2.0070183844831586,0.0,0.36023826538717896,0.23727359234031695,0.1841092813444997,0.7875569322150142,-19.691160882528983
583,584.0,0.2448626396515836,6.295019830254331,0.2448626396515836,6.295019830254331,3.4575267553991846,0.702803239625754,4.973108591599384e-10,-0.9374963831398988
584,585.0,0.4863692740395501,7.684537114949995,0.09802292056563001,0.39925962962563816,0.01208132867799852,0.04154400193598266,0.9895123365654517,-40.534029761750816
585,586.0,0.16882938947412873,7.248167260987957,0.16882938947412873,7.248167260987957,3.4575267568972787,0.7028032397780111,0.0,-0.9374963801069036
586,587.0,0.01782526108420912,1.1476792195691303,0.09802280563904205,0.3992597839361306,0.0120813286773121,0.041544001934802476,0.9895123246414453,-40.53402976214853
587,588.0,0.260216461740556,8.274781597065546,0.260216461740556,8.274781597065546,3.4575267568945334,0.7028032397777321,8.957279362675763e-13,-0.9374963801124618
588,589.0,0.02383927176454037,4.121490534532634,0.02383927176454037,4.121490534532634,3.457526756897279,0.7028032397780111,0.0,-0.9374963801069036
589,590.0,0.4978019128632465,4.823396647530309,0.0,0.4068974024037274,0.23727359234031695,0.1841092813444997,0.7875569322150142,-19.691160882528983
590,591.0,0.09120617884168769,2.1579938875546647,0.0,0.36023826538717896,0.23727359234031695,0.1841092813444997,0.7875569322150142,-19.691160882528983
591,592.0,0.4185417110900964,8.235728580239172,0.4185417110900964,8.235728580239172,3.45752661001858,0.702803224850169,3.970637285632961e-08,-0.9374966774729065
592,593.0,0.11521322798555222,3.408686197483891,0.11521322798555222,3.408686197483891,3.45752675475182,0.7028032395599598,7.940690327501443e-10,-0.9374963844505331
593,594.0,0.12156430039723509,5.5517496837581914,0.12156430039723509,5.5517496837581914,3.457526756897279,0.7028032397780111,0.0,-0.9374963801069036
594,595.0,0.9485258431793717,2.2374669146279476,0.0,0.36023826538717896,0.23727359234031695,0.1841092813444997,0.7875569322150142,-19.691160882528983
595,596.0,0.34169941562799755,5.1253817518584,0.0,0.4275141886241628,0.23727359234031695,0.1841092813444997,0.7875569322150142,-19.691160882528983
596,597.0,0.8389100845983789,9.994550598255433,0.0,0.17920429739610505,0.4676533391757599,0.2584717003508342,0.6964782893482662,-14.941566943960161
597,598.0,0.3342350779534161,7.899896915545875,0.3342350779534161,7.899896915545875,3.457526752256876,0.7028032393063892,1.3877388127525592e-09,-0.9374963895017174
598,599.0,0.6005391651500475,3.9845714975014634,0.09802283050432707,0.3992599930013837,0.012081328677371772,0.04154400193490507,0.9895123080238201,-40.53402976211395
599,600.0,0.8015654016282842,3.0397613067696976,0.0980225562369996,0.3992595727017225,0.012081328679004636,0.04154400193771252,0.989512342004178,-40.53402976116786
600,601.0,0.7824635187593093,8.446589545905745,0.0,0.5035491682535961,0.6709083120509863,0.3095868934220445,0.5394301716889189,-12.415230608991134
601,602.0,0.4664554685776592,0.7641791020087156,0.09802281921208936,0.39925972805278437,0.01208132867743801,0.041544001935018955,0.9895123290315588,-40.534029762075576
602,603.0,0.6283236973115898,5.116215234061785,0.0,0.4298570059177703,0.23727359234031695,0.1841092813444997,0.7875569322150142,-19.691160882528983
603,604.0,0.5840250424885621,8.510538237812385,0.0,0.43907405060284765,0.23727359234031695,0.1841092813444997,0.7875569322150142,-19.691160882528983
604,605.0,0.6993311466557706,1.8235302397747388,0.0980228256145557,0.3992598707322529,0.012081328677228383,0.041544001934658535,0.9895123177177773,-40.53402976219704
605,606.0,0.9082985631591677,4.750344759703224,0.0980228830962367,0.3992599062792132,0.012081328677271486,0.04154400193473265,0.9895123147560304,-40.53402976217206
606,607.0,0.4280452600416711,3.833024959458075,0.09802282682461295,0.39925986825262655,0.012081328677228356,0.04154400193465849,0.9895123179110203,-40.53402976219705
607,608.0,0.8278150558551464,1.0579792497971605,0.0980228223661282,0.39925985190741536,0.01208132867723326,0.041544001934666924,0.9895123192166544,-40.53402976219421
608,609.0,0.6611488883662272,1.4521479921630325,0.0,0.35368759744914646,0.23727359234031695,0.1841092813444997,0.7875569322150142,-19.691160882528983
609,610.0,0.5293707425673789,1.3907962352936833,0.09802279372548738,0.399259649913194,0.012081328677728516,0.041544001935518445,0.9895123352838059,-40.53402976190725
610,611.0,0.9582260987215274,7.634041890546059,0.0980228600788588,0.3992599745784561,0.012081328677333948,0.041544001934840036,0.9895123094069116,-40.53402976213587
611,612.0,0.5141974465838277,4.432120322263334,0.0,0.6294135098539309,0.6709083120509863,0.3095868934220445,0.5394301716889189,-12.415230608991134
612,613.0,0.9241356587806063,9.214370961853962,0.0,0.46834030961594747,0.23727359234031695,0.1841092813444997,0.7875569322150142,-19.691160882528983
613,614.0,0.7963669339366853,5.273597805317186,0.0,0.4234330916995641,0.23727359234031695,0.1841092813444997,0.7875569322150142,-19.691160882528983
614,615.0,0.8186027930441809,4.623898470854942,0.09802299157749539,0.3992595157509612,0.012081328679038798,0.04154400193777127,0.9895123453998287,-40.53402976114807
615,616.0,0.7946419205514936,1.736642903328453,0.0,0.42737634618486814,0.23727359234031695,0.1841092813444997,0.7875569322150142,-19.691160882528983
616,617.0,0.32681501284146186,4.511758906444194,0.0,0.4286670112220508,0.23727359234031695,0.1841092813444997,0.7875569322150142,-19.691160882528983
617,618.0,0.8425581989104376,5.173139978548663,0.0,0.42146653403185197,0.23727359234031695,0.1841092813444997,0.7875569322150142,-19.691160882528983
618,619.0,0.908940801886926,2.071116829718703,0.0,0.36023826538717896,0.23727359234031695,0.1841092813444997,0.7875569322150142,-19.691160882528983
619,620.0,0.07836737597811971,5.3720490235301765,0.07836737597811971,5.3720490235301765,3.457526756897279,0.7028032397780111,0.0,-0.9374963801069036
620,621.0,0.6336328781434292,4.7244369687657555,0.0,0.41223987568401443,0.23727359234031695,0.1841092813444997,0.7875569322150142,-19.691160882528983
621,622.0,0.4607088910334146,7.467772018747827,0.09802278177048147,0.39925984551154015,0.012081328677268126,0.04154400193472686,0.9895123198269239,-40.53402976217401
622,623.0,0.36965363485016045,9.900078998815905,0.36965363485016045,9.900078998815905,3.457526756740462,0.7028032397620732,4.4940495769196787e-11,-0.937496380424391
623,624.0,0.9700985435840103,6.372240941626093,0.0,0.4957037943672192,0.23727359234031695,0.1841092813444997,0.7875569322150142,-19.691160882528983
624,625.0,0.43399828638856697,3.2756631342484828,0.09802287768138597,0.399259923682872,0.012081328677276746,0.041544001934741684,0.9895123133918492,-40.53402976216901
625,626.0,0.34734176054177046,6.457756946790635,0.3473721806526612,6.457755081615942,3.4575261018404286,0.702803173202084,1.9282677610199528e-07,-0.9374977063145398
626,627.0,0.6291722144193164,6.039097231048768,0.09802282506440252,0.3992598729622679,0.012081328677228454,0.04154400193465867,0.98951231754261,-40.534029762196994
627,628.0,0.6695106796419533,2.2666608624292786,0.0,0.36023826538717896,0.23727359234031695,0.1841092813444997,0.7875569322150142,-19.691160882528983
628,629.0,0.31163975749057904,2.0835446982769636,0.0,0.323242996996238,0.4676533391757599,0.2584717003508342,0.6964782893482662,-14.941566943960161
629,630.0,0.5179073646542566,3.7474171746998093,0.0980224907400211,0.39926065590195975,0.0120813286857932,0.041544001949384436,0.9895122563991328,-40.53402975723452
630,631.0,0.34533635837434074,5.449169482030455,0.09802283121308485,0.399259858150731,0.012081328677230118,0.041544001934661526,0.9895123186996688,-40.53402976219603
631,632.0,0.12954201952238598,4.904538201867753,0.12954201952238598,4.904538201867753,3.4575267568970594,0.7028032397779886,8.071321389024888e-14,-0.9374963801073486
632,633.0,0.24565352706139298,1.8112632562141264,0.09802279809421639,0.39925994721680086,0.012081328677305726,0.04154400193479151,0.9895123117320281,-40.53402976215222
633,634.0,0.22728501604751783,6.5436748901325545,0.22728501604751783,6.5436748901325545,3.457526756806513,0.7028032397687861,3.070876886113183e-11,-0.9374963802906651
634,635.0,0.05877094048221432,8.575619837805935,0.05877094048221432,8.575619837805935,3.457526756897279,0.7028032397780111,0.0,-0.9374963801069036
635,636.0,0.47505825297867244,0.37723745796802066,0.09802279150328527,0.3992598501015079,0.012081328677254302,0.041544001934703104,0.989512319438595,-40.534029762182016
636,637.0,0.04142895721300588,0.10203489894785035,0.09802275774553436,0.39925987172972927,0.012081328677306774,0.04154400193479331,0.9895123178123749,-40.53402976215161
637,638.0,0.9447882309585555,5.845380267177405,0.0,0.36137891808310624,0.23727359234031695,0.1841092813444997,0.7875569322150142,-19.691160882528983
638,639.0,0.27044490200317395,7.329937202421513,0.27044490200317395,7.329937202421513,3.457526756632239,0.702803239751074,8.547829111194005e-11,-0.9374963806434948
639,640.0,0.6694013390965484,8.8893447986523,0.0,0.20065640746228225,0.4676533391757599,0.2584717003508342,0.6964782893482662,-14.941566943960161
640,641.0,0.01944519727708771,8.201591285767961,0.01944519727708771,8.201591285767961,3.457526756897279,0.7028032397780111,0.0,-0.9374963801069036
641,642.0,0.2802194642437513,9.400250875983637,0.2802194642437513,9.400250875983637,3.4575267568969017,0.7028032397779727,1.2023715356690445e-13,-0.9374963801076674
642,643.0,0.18135887311741905,8.262242952472647,0.18135887311741905,8.262242952472647,3.457526756897279,0.7028032397780111,0.0,-0.9374963801069036
643,644.0,0.9529928455059915,0.22336908123932828,0.0,0.4785081023951001,0.23727359234031695,0.1841092813444997,0.7875569322150142,-19.691160882528983
644,645.0,0.676037391292981,0.3669436740905228,0.09802285753383816,0.39925990884215534,0.012081328677247179,0.04154400193469085,0.9895123146185206,-40.534029762186144
645,646.0,0.9670473621421729,7.7773405571675225,0.0,0.39082191809575484,0.23727359234031695,0.1841092813444997,0.7875569322150142,-19.691160882528983
646,647.0,0.726677871339783,3.371596567268326,0.0,0.4438297211922873,0.23727359234031695,0.1841092813444997,0.7875569322150142,-19.691160882528983
647,648.0,0.6791463600539865,5.440500607592406,0.0980225441233835,0.39926030200093876,0.012081328680605264,0.04154400194046457,0.9895122842875093,-40.53402976024045
648,649.0,0.7877973829646127,8.693815324744651,0.0,0.44813220148689137,0.23727359234031695,0.1841092813444997,0.7875569322150142,-19.691160882528983
649,650.0,0.15651530172018235,5.827848739688737,0.15651530172018235,5.827848739688737,3.45752675689716,0.7028032397779989,4.241051954068098e-14,-0.9374963801071443
650,651.0,0.3875527147022657,3.753050626709902,0.09802279768901781,0.39926022910271014,0.01208132867854972,0.04154400193693038,0.9895122894125099,-40.53402976143144
651,652.0,0.47012418650143195,8.422082216628782,0.47014798968309246,8.422080795543428,3.45752606601467,0.7028031695609751,1.7585342637627122e-07,-0.9374977788462591
652,653.0,0.48957888309590847,8.202867714730447,0.4896422102172664,8.202863495883303,3.457524697922305,0.702803030516507,5.125386115523156e-07,-0.9375005486441612
653,654.0,0.36220658866204936,5.809503233192972,0.0,0.47604048292554907,0.23727359234031695,0.1841092813444997,0.7875569322150142,-19.691160882528983
654,655.0,0.7894680394046926,3.9069874674194973,0.09802264138001342,0.399259827086818,0.012081328677747992,0.04154400193555192,0.9895123216445894,-40.534029761895965
655,656.0,0.814659002515255,2.750863732515083,0.0,0.36023826538717896,0.23727359234031695,0.1841092813444997,0.7875569322150142,-19.691160882528983
656,657.0,0.008463168147542777,9.612243056912932,0.008463168147542777,9.612243056912932,3.457526756897279,0.7028032397780111,0.0,-0.9374963801069036
657,658.0,0.6612151927272993,6.495130070127171,0.09802281777120683,0.39925987547566466,0.01208132867723079,0.04154400193466268,0.9895123173622552,-40.53402976219564
658,659.0,0.2505547034719202,0.49226832025173306,0.09802282248743456,0.3992598660559498,0.012081328677229433,0.04154400193466033,0.9895123180960516,-40.534029762196425
659,660.0,0.6841128467913139,7.687327216277536,0.09802312754151327,0.3992590191352835,0.012081328686521512,0.04154400195063666,0.9895123843703957,-40.53402975681253
660,661.0,0.041330593496295975,6.607201319215555,0.041330593496295975,6.607201319215555,3.457526756897279,0.7028032397780111,0.0,-0.9374963801069036
661,662.0,0.07164173092688719,7.061134659126335,0.07164173092688719,7.061134659126335,3.457526756897279,0.7028032397780111,0.0,-0.9374963801069036
662,663.0,0.1652417438461069,1.948011483155605,0.09802293520036015,0.3992599366298318,0.012081328677403098,0.04154400193495892,0.9895123122194235,-40.5340297620958
663,664.0,0.5339805099115303,6.5271273897145425,0.09802281481243497,0.399259878181525,0.012081328677232456,0.04154400193466553,0.9895123171555716,-40.53402976219468
664,665.0,0.6959102067154097,8.219502649100704,0.0980228547381306,0.3992598703954907,0.012081328677235494,0.04154400193467074,0.9895123176699205,-40.534029762192915
665,666.0,0.6121640658752762,0.9994930859481923,0.09802269439505455,0.39926036074832455,0.012081328680071802,0.04154400193954736,0.9895122792520967,-40.534029760549544
666,667.0,0.3264822807325689,6.776441105138504,0.3264822807325689,6.776441105138504,3.4575266691182893,0.7028032308566977,2.6496384197827183e-08,-0.9374965578214898
667,668.0,0.9101905347782502,0.9458770581475375,0.09802283073124254,0.3992598939355273,0.012081328677232026,0.0415440019346648,0.9895123158674276,-40.53402976219492
668,669.0,0.4203457751702444,0.31818094776144756,0.09802273999717544,0.3992600595498585,0.012081328677744502,0.041544001935545916,0.989512302985774,-40.53402976189799
669,670.0,0.8915802905310565,2.6016827450756628,0.09802278708369927,0.39925995458621427,0.012081328677332828,0.0415440019348381,0.989512311176663,-40.53402976213652
670,671.0,0.9290668041890748,4.97488051314284,0.09802282569616333,0.3992598569175935,0.012081328677230845,0.04154400193466276,0.9895123188114249,-40.53402976219561
671,672.0,0.37050722555496696,7.517996634639954,0.37050722555496696,7.517996634639954,3.4575266540687832,0.7028032293271591,2.9438371407231045e-08,-0.9374965882902462
672,673.0,0.26328181286939256,3.903738881886043,0.0980229315424601,0.3992598656100984,0.012081328677373104,0.04154400193490736,0.9895123178521973,-40.534029762113185
673,674.0,0.7400188106783919,8.119532851331018,0.0,0.42487046937571216,0.23727359234031695,0.1841092813444997,0.7875569322150142,-19.691160882528983
674,675.0,0.5813036433697473,6.918352852433994,0.09802281531547434,0.39925989312778354,0.012081328677236514,0.04154400193467253,0.9895123159708239,-40.534029762192326
675,676.0,0.8862466538138467,4.0789408876656905,0.09802306593791353,0.39925983715955077,0.012081328678051787,0.04154400193607425,0.9895123197604667,-40.53402976171995
676,677.0,0.20410638463668873,0.3221694791992887,0.09802282695473451,0.3992598702482688,0.012081328677228203,0.04154400193465821,0.9895123177526707,-40.534029762197136
677,678.0,0.05302549291699932,2.912304975048554,0.05302549291699932,2.912304975048554,3.4575267568972787,0.702803239778011,2.220446049250313e-16,-0.9374963801069036
678,679.0,0.7222503369425265,0.6733793050747997,0.09802282333333479,0.39925987426839693,0.012081328677228869,0.041544001934659375,0.9895123174436183,-40.53402976219675
679,680.0,0.4714128066016747,5.252552457369891,0.0,0.43454460877256773,0.23727359234031695,0.1841092813444997,0.7875569322150142,-19.691160882528983
680,681.0,0.7317257072239959,0.40980468262373576,0.0980228251979404,0.39925986700812754,0.01208132867722874,0.041544001934659146,0.9895123180137226,-40.53402976219682
681,682.0,0.6319658356527145,0.6519229774805566,0.09802271942582862,0.3992599857703872,0.012081328677571447,0.0415440019352484,0.9895123088803907,-40.534029761998255
682,683.0,0.49773765494146016,5.08900153322353,0.0,0.4344200691446166,0.23727359234031695,0.1841092813444997,0.7875569322150142,-19.691160882528983
683,684.0,0.8907515532006375,6.791830827322185,0.09802276157816055,0.39925992762834284,0.012081328677338988,0.04154400193484868,0.9895123133764483,-40.534029762132946
684,685.0,0.879651266986501,5.322775441715026,0.09802293951513324,0.3992599550553562,0.012081328677436772,0.04154400193501683,0.9895123107494164,-40.534029762076294
685,686.0,0.08374253493597628,7.851563192221752,0.08374253493597628,7.851563192221752,3.457526756897279,0.7028032397780111,0.0,-0.9374963801069036
686,687.0,0.7932287828634864,5.5487485533417935,0.09802283396789696,0.3992598658346967,0.012081328677228454,0.04154400193465866,0.9895123180841976,-40.534029762196994
687,688.0,0.23400196480425572,4.985650244267604,0.23401275617206077,4.985649666951628,3.4575266122582535,0.7028032250777956,4.858584545797129e-08,-0.9374966729385337
688,689.0,0.07861823192090167,6.609195251862425,0.07861823192090167,6.609195251862425,3.457526756897279,0.7028032397780111,0.0,-0.9374963801069036
689,690.0,0.6833386405150018,1.6626745689424485,0.0,0.34846290383424533,0.23727359234031695,0.1841092813444997,0.7875569322150142,-19.691160882528983
690,691.0,0.27009065471709226,1.2120054901442345,0.09802277695768204,0.3992597952073969,0.012081328677321295,0.0415440019348183,0.9895123238223438,-40.5340297621432
691,692.0,0.16651165104653698,9.295178044023059,0.16651165104653698,9.295178044023059,3.457526756897279,0.7028032397780111,0.0,-0.9374963801069036
692,693.0,0.3019719985690269,4.195311215596182,0.09802281006274634,0.39925987481896724,0.012081328677234786,0.04154400193466955,0.9895123174339724,-40.53402976219333
693,694.0,0.5710297101506361,4.255312163221625,0.09802272125046649,0.3992601141591461,0.012081328678059685,0.041544001936087836,0.9895122987095454,-40.534029761715374
694,695.0,0.9457094518351481,9.561953594728644,0.09802324843606876,0.3992601140736073,0.012081328680029448,0.04154400193947453,0.9895122973657305,-40.53402976057408
695,696.0,0.5613772117451252,9.384860566767198,0.5614242852011329,9.384857502551904,3.457525026956758,0.7028030639575416,3.9775661409002794e-07,-0.9374998824909859
696,697.0,0.5717623835565413,4.967754376253229,0.0,0.6588734637583514,0.6709083120509863,0.3095868934220445,0.5394301716889189,-12.415230608991134
697,698.0,0.09545349730528108,1.0058447569284212,0.09802275664380225,0.39925982257887366,0.01208132867732509,0.041544001934824805,0.9895123217070003,-40.534029762141
698,699.0,0.49116020179124265,5.998422313627132,0.0,0.26310908940879263,0.4676533391757599,0.2584717003508342,0.6964782893482662,-14.941566943960161
699,700.0,0.7907789780544088,1.741080517526276,0.0,0.41574834164712815,0.23727359234031695,0.1841092813444997,0.7875569322150142,-19.691160882528983
700,701.0,0.10288067963745484,6.108316421143351,0.10288067963745484,6.108316421143351,3.457526756897279,0.7028032397780111,0.0,-0.9374963801069036
701,702.0,0.7395985116031227,8.94944783289809,0.09802309835543825,0.3992599642649957,0.012081328678264782,0.04154400193644047,0.9895123096130474,-40.534029761596535
702,703.0,0.3595459111632262,3.328535690274149,0.09802297922265586,0.3992595007955325,0.012081328679088081,0.041544001937856005,0.9895123466156307,-40.53402976111951
703,704.0,0.1213001462709794,1.5659872968977915,0.0,0.36023826538717896,0.23727359234031695,0.1841092813444997,0.7875569322150142,-19.691160882528983
704,705.0,0.9134596070144804,7.199819621892312,0.09802282808061799,0.39925979406228773,0.012081328677290715,0.04154400193476571,0.9895123237822387,-40.53402976216092
705,706.0,0.9416769433688787,4.05741182505612,0.09802297030152515,0.39925987470437463,0.0120813286775025,0.04154400193512983,0.9895123170328188,-40.53402976203821
706,707.0,0.9913690798290187,8.665154068751466,0.0,0.44770669396012697,0.23727359234031695,0.1841092813444997,0.7875569322150142,-19.691160882528983
707,708.0,0.02217491827319662,0.07896886213833686,0.09802282202399476,0.3992598981344754,0.012081328677235941,0.04154400193467153,0.9895123155572266,-40.53402976219265
708,709.0,0.9033225718954081,8.76715550260572,0.0,0.451402271315892,0.23727359234031695,0.1841092813444997,0.7875569322150142,-19.691160882528983
709,710.0,0.594055825078449,6.540062359318579,0.09802281587491118,0.3992598799955224,0.012081328677232201,0.041544001934665085,0.9895123170092195,-40.53402976219482
710,711.0,0.6625135236418485,1.5422600334704821,0.0980228126285006,0.3992598680738212,0.012081328677233178,0.04154400193466676,0.9895123179614962,-40.53402976219426
711,712.0,0.7369932260050016,8.887904551025755,0.0,0.19893876975658675,0.4676533391757599,0.2584717003508342,0.6964782893482662,-14.941566943960161
712,713.0,0.8076647533735919,0.39812338963741234,0.0980228075133046,0.3992598998464808,0.012081328677245108,0.04154400193468728,0.9895123154587875,-40.534029762187345
713,714.0,0.9374797161029785,7.801774838339138,0.0,0.41161930248216305,0.23727359234031695,0.1841092813444997,0.7875569322150142,-19.691160882528983
714,715.0,0.3573591433293991,4.428340290971386,0.09802277166782002,0.39926004972742635,0.012081328677621492,0.041544001935334425,0.9895123036825872,-40.534029761969265
715,716.0,0.3385753092383885,9.045457003148076,0.3385753092383885,9.045457003148076,3.457526756690914,0.7028032397570374,6.139333486032683e-11,-0.9374963805247036
716,717.0,0.8625651123777128,5.472648944302049,0.09802282831236353,0.3992598667556621,0.012081328677228364,0.041544001934658494,0.9895123180257449,-40.534029762197044
717,718.0,0.6533742830940826,1.9336628908235838,0.09802276215173349,0.39925988903811227,0.01208132867730336,0.04154400193478743,0.9895123164306113,-40.534029762153594
718,719.0,0.3139267890093407,5.024794698140852,0.0,0.4444499285642383,0.23727359234031695,0.1841092813444997,0.7875569322150142,-19.691160882528983
719,720.0,0.331075211504282,9.808638477129302,0.331075211504282,9.808638477129302,3.457526756885387,0.7028032397768024,3.5698111133797283e-12,-0.9374963801309804
720,721.0,0.6903872448508558,1.9728122764044993,0.09802258498890558,0.3992603780325617,0.01208132868100776,0.0415440019411566,0.9895122781626589,-40.53402976000724
721,722.0,0.10272318406882974,7.690004079638076,0.10272318406882974,7.690004079638076,3.457526756897279,0.7028032397780111,0.0,-0.9374963801069036
722,723.0,0.439302768398225,5.697301075471867,0.09802286392241653,0.3992597555056139,0.012081328677392984,0.041544001934941545,0.9895123267434286,-40.53402976210167
723,724.0,0.0422923642368781,3.2100098793589247,0.0422923642368781,3.2100098793589247,3.457526756897279,0.7028032397780111,0.0,-0.9374963801069036
724,725.0,0.4666697548460307,7.5152470734680055,0.09802312828985031,0.3992598052597383,0.012081328678593212,0.04154400193700515,0.9895123221263141,-40.534029761406245
725,726.0,0.32277914179908884,8.795688456260791,0.32277914179908884,8.795688456260791,3.4575267567604864,0.7028032397641082,4.147504562013182e-11,-0.9374963803838492
726,727.0,0.026234333381927155,1.623879573321282,0.026234333381927155,1.623879573321282,3.4575267568031367,0.7028032397684429,3.5580316470884554e-11,-0.9374963802975005
727,728.0,0.07945695011192011,8.506881915148258,0.07945695011192011,8.506881915148258,3.457526756897279,0.7028032397780111,0.0,-0.9374963801069036
728,729.0,0.30354311589961447,5.633591526626944,0.30359294270898585,5.633588373593534,3.457525792871435,0.7028031418003841,2.990621638110369e-07,-0.9374983318435994
729,730.0,0.8588146133183475,8.864533725447798,0.0,0.21179602897683514,0.4676533391757599,0.2584717003508342,0.6964782893482662,-14.941566943960161
730,731.0,0.27097887902989026,3.9282046284832,0.09802294560992138,0.3992598606849053,0.01208132867741911,0.04154400193498645,0.9895123182061445,-40.534029762086526
731,732.0,0.24336078993426913,2.547295544203556,0.09802307817544928,0.39925988361741777,0.0120813286780938,0.04154400193614649,0.9895123160505392,-40.53402976169561
732,733.0,0.3782260363325646,5.433219694736464,0.09802285455487772,0.3992598307499264,0.012081328677256167,0.04154400193470631,0.9895123208095511,-40.534029762180936
733,734.0,0.4447552923225915,9.499303099889238,0.4447552923225915,9.499303099889238,3.4575267325489434,0.7028032373033968,6.38250963191922e-09,-0.9374964294017794
734,735.0,0.11779747195122692,2.677901496524355,0.09802248049215763,0.3992589783780909,0.012081328686202441,0.04154400195008806,0.9895123892539157,-40.534029756997406
735,736.0,0.06092383644864052,0.131696957380852,0.09802239390992588,0.3992585115890262,0.012081328697010153,0.04154400196867026,0.989512426431412,-40.53402975073534
736,737.0,0.7830568078141079,6.741028432615026,0.09802273463830051,0.3992600397106805,0.012081328677686265,0.0415440019354458,0.9895123045703903,-40.534029761931734
737,738.0,0.2079024270612564,5.401331124529282,0.2079024270612564,5.401331124529282,3.4575267547236175,0.7028032395570937,7.501755883154715e-10,-0.9374963845076305
738,739.0,0.3669615701114577,2.6484388776877372,0.09802276411701369,0.3992599943303657,0.012081328677463284,0.04154400193506241,0.9895123080883649,-40.534029762060925
739,740.0,0.8543138889884048,7.763247429902349,0.0,0.39340355587684567,0.23727359234031695,0.1841092813444997,0.7875569322150142,-19.691160882528983
740,741.0,0.3537484354621009,5.054353131153519,0.0,0.43938162862584723,0.23727359234031695,0.1841092813444997,0.7875569322150142,-19.691160882528983
741,742.0,0.22563619425517667,9.998349951909562,0.22563619425517667,9.998349951909562,3.457526756897279,0.7028032397780111,0.0,-0.9374963801069036
742,743.0,0.43150178792311045,2.6307182072317175,0.09802280555474259,0.39925990839399067,0.012081328677252565,0.04154400193470011,0.9895123147869945,-40.534029762183025
743,744.0,0.0315282895671094,3.0076000884968432,0.0315282895671094,3.0076000884968432,3.457526756897279,0.7028032397780111,0.0,-0.9374963801069036
744,745.0,0.30455990369139363,1.4292281118057717,0.0,0.37086144735671306,0.23727359234031695,0.1841092813444997,0.7875569322150142,-19.691160882528983
745,746.0,0.16498297670720785,5.820683282592353,0.16498297670720785,5.820683282592353,3.45752675689666,0.7028032397779482,2.219335826225688e-13,-0.9374963801081568
746,747.0,0.9235326451087202,5.404126670155195,0.0,0.3615297592579816,0.23727359234031695,0.1841092813444997,0.7875569322150142,-19.691160882528983
747,748.0,0.7563140245594308,8.307937726816299,0.09802286676111613,0.39925982372850416,0.012081328677274884,0.04154400193473849,0.9895123213342688,-40.53402976217009
748,749.0,0.25588823927679594,0.5760092952046436,0.09802272938687569,0.39925989518783045,0.012081328677390084,0.04154400193493656,0.9895123160274256,-40.534029762103344
749,750.0,0.4086007377120464,9.375468684182566,0.4086007377120464,9.375468684182566,3.4575267510291603,0.7028032391816118,1.6051595608246316e-09,-0.9374963919873123
750,751.0,0.8016199806134593,4.79128611830832,0.09802278704513229,0.39925986141435776,0.012081328677256835,0.04154400193470745,0.9895123185542355,-40.53402976218055
751,752.0,0.49769707937379304,2.577749549461907,0.09802319332118144,0.39925989908878046,0.01208132867908718,0.04154400193785445,0.9895123145300017,-40.53402976112004
752,753.0,0.6764391002158449,9.14944927844152,0.09802283162545229,0.39925990627420366,0.012081328677238554,0.04154400193467603,0.9895123148881491,-40.53402976219114
753,754.0,0.01372298409078243,1.5714096963805044,0.01372298409078243,1.5714096963805044,3.457526756897279,0.7028032397780111,0.0,-0.9374963801069036
754,755.0,0.33241877381355844,2.7012848858499754,0.09802276115092563,0.3992595814362227,0.01208132867810162,0.04154400193615992,0.9895123407890501,-40.53402976169107
755,756.0,0.3928993207985165,9.290942942876807,0.3928993207985165,9.290942942876807,3.4575267537428793,0.7028032394574174,8.791463113055897e-10,-0.9374963864932013
756,757.0,0.5494163233229336,6.953741079657534,0.09802280345707347,0.39925991218468976,0.012081328677257527,0.04154400193470865,0.9895123144922073,-40.534029762180154
757,758.0,0.3725256868776581,2.9739525071268695,0.09802279221656364,0.3992599335757709,0.012081328677293316,0.04154400193477018,0.9895123128271788,-40.534029762159406
758,759.0,0.6539210502362155,0.9892787678414025,0.09802291474679022,0.39926019492088904,0.012081328678291987,0.04154400193648724,0.9895122918196928,-40.534029761580776
759,760.0,0.6148182920520625,5.794804185708365,0.0,0.4973277562619839,0.23727359234031695,0.1841092813444997,0.7875569322150142,-19.691160882528983
760,761.0,0.8148062780406694,6.522629195269426,0.09802281555273142,0.39925987965109655,0.012081328677232304,0.04154400193466527,0.9895123170373157,-40.53402976219476
761,762.0,0.5343541449925547,0.6645658062694326,0.09802277106903091,0.39925983919095404,0.012081328677287324,0.041544001934759864,0.9895123203547591,-40.53402976216289
762,763.0,0.9886140276011948,3.1559247699267976,0.09802248271501529,0.3992589611066767,0.01208132868648298,0.041544001950570404,0.9895123906156863,-40.534029756834855
763,764.0,0.12702392616467661,6.018729327186108,0.12702392616467661,6.018729327186108,3.457526756897279,0.7028032397780111,0.0,-0.9374963801069036
764,765.0,0.21670568096302356,2.495965853770371,0.09802281721968228,0.3992599538250314,0.012081328677298957,0.04154400193477988,0.9895123111598592,-40.534029762156145
765,766.0,0.2569767808410427,2.9291045336168793,0.09802282577229816,0.3992598723656141,0.012081328677228323,0.04154400193465841,0.9895123175880426,-40.534029762197065
766,767.0,0.04860304099256241,8.285164652105362,0.04860304099256241,8.285164652105362,3.457526756897279,0.7028032397780111,0.0,-0.9374963801069036
767,768.0,0.09391836792960828,9.73378295910326,0.09391836792960828,9.73378295910326,3.457526756897279,0.7028032397780111,0.0,-0.9374963801069036
768,769.0,0.8973812459820341,3.050385854374356,0.0980227654593279,0.3992599911394708,0.01208132867745201,0.041544001935043026,0.9895123083375952,-40.53402976206746
769,770.0,0.4934042134427523,5.570438387447529,0.0,0.618636403710524,0.6709083120509863,0.3095868934220445,0.5394301716889189,-12.415230608991134
770,771.0,0.3303634603300384,0.8959676600804909,0.09802282028989945,0.39925992988741654,0.01208132867726346,0.041544001934718834,0.9895123130474233,-40.534029762176715
771,772.0,0.27480393488737975,9.190128325097616,0.27480393488737975,9.190128325097616,3.457526756896834,0.7028032397779658,1.4266365866433262e-13,-0.9374963801078042
772,773.0,0.3273093357257323,4.293011351127571,0.0,0.4190643914112624,0.23727359234031695,0.1841092813444997,0.7875569322150142,-19.691160882528983
773,774.0,0.21585177017092128,7.960464623144996,0.21585177017092128,7.960464623144996,3.457526756897245,0.7028032397780074,1.1546319456101628e-14,-0.937496380106972
774,775.0,0.24413932411880612,1.773200260269532,0.09802279769490121,0.39925986729415,0.012081328677244513,0.041544001934686256,0.9895123180614301,-40.534029762187686
775,776.0,0.07965113022755477,5.759281361659564,0.07965113022755477,5.759281361659564,3.457526756897279,0.7028032397780111,0.0,-0.9374963801069036
776,777.0,0.4876676335078094,5.940084611112643,0.0,0.38651464070318603,0.23727359234031695,0.1841092813444997,0.7875569322150142,-19.691160882528983
777,778.0,0.9516077850627079,5.588475037949748,1.1102230246251565e-16,0.6189833185965806,0.6709083120509863,0.3095868934220445,0.5394301716889189,-12.415230608991134
778,779.0,0.3298065520146941,4.107354971103224,0.09802296675039872,0.3992598580058125,0.012081328677497151,0.041544001935120645,0.9895123183641175,-40.53402976204131
779,780.0,0.12293108282785314,5.249325690594434,0.12293108282785314,5.249325690594434,3.457526756897276,0.7028032397780107,8.881784197001252e-16,-0.9374963801069089
780,781.0,0.24493953449309835,8.795913811821292,0.24493953449309835,8.795913811821292,3.4575267568972237,0.7028032397780054,1.8540724511240114e-14,-0.9374963801070155
781,782.0,0.3786780940704487,7.518047840794842,0.3786780940704487,7.518047840794842,3.4575266051658273,0.7028032243569652,4.301454203936572e-08,-0.9374966872976378
782,783.0,0.9972590777876119,5.257164133489812,0.0,0.4278236461370859,0.23727359234031695,0.1841092813444997,0.7875569322150142,-19.691160882528983
783,784.0,0.5175609293775554,6.712437099488205,0.09802274181242321,0.39926003073516336,0.012081328677632213,0.04154400193535285,0.9895123052627603,-40.53402976196305
784,785.0,0.1104884059950133,9.374643043280184,0.1104884059950133,9.374643043280184,3.457526756897279,0.7028032397780111,0.0,-0.9374963801069036
785,786.0,0.7427487157887664,8.373134249011649,0.0980228254548594,0.3992598678525662,0.012081328677228621,0.041544001934658945,0.989512317946202,-40.534029762196894
786,787.0,0.7887189060384023,8.545981424791092,0.0,0.44134522887094596,0.23727359234031695,0.1841092813444997,0.7875569322150142,-19.691160882528983
787,788.0,0.248943495048917,3.547853230451945,0.09802290219068187,0.39925981158020174,0.012081328677349231,0.041544001934866306,0.9895123222054711,-40.53402976212701
788,789.0,0.5529693376534861,0.028823695829642296,0.09802280444013921,0.39925988013684405,0.01208132867723962,0.041544001934677874,0.9895123170272797,-40.53402976219052
789,790.0,0.7885364618370331,4.214310134539217,0.09802285530218056,0.39925980825213137,0.012081328677282663,0.04154400193475186,0.9895123225890222,-40.53402976216558
790,791.0,0.07172086552316503,2.2935001311523653,0.07172086552316503,2.2935001311523653,3.4575267244427375,0.7028032364795322,1.2192951426293064e-08,-0.9374964458133492
791,792.0,0.12538121633756782,3.537948345107197,0.12538121633756782,3.537948345107197,3.457526752577246,0.7028032393389496,1.5907376527124484e-09,-0.9374963888531065
792,793.0,0.9029307303390678,2.767964869654649,0.0,0.36023826538717896,0.23727359234031695,0.1841092813444997,0.7875569322150142,-19.691160882528983
793,794.0,0.8986526571396594,2.258293880044552,0.0,0.36023826538717896,0.23727359234031695,0.1841092813444997,0.7875569322150142,-19.691160882528983
794,795.0,0.8176789373291143,7.151884757297365,0.09802280549333435,0.3992598065195841,0.012081328677278217,0.0415440019347442,0.9895123228536536,-40.53402976216816
795,796.0,0.02137341695758288,7.839664296230624,0.02137341695758288,7.839664296230624,3.457526756897279,0.7028032397780111,0.0,-0.9374963801069036
796,797.0,0.3067960069615848,8.277896770382183,0.3067960069615848,8.277896770382183,3.457526756692057,0.7028032397571535,6.34222674378293e-11,-0.9374963805223899
797,798.0,0.9804953089502294,5.141327582800598,0.0,0.4305890385450818,0.23727359234031695,0.1841092813444997,0.7875569322150142,-19.691160882528983
798,799.0,0.5537273184028815,7.744571277663585,0.0,0.38010997740141345,0.23727359234031695,0.1841092813444997,0.7875569322150142,-19.691160882528983
799,800.0,0.03112068226170983,7.576400418402096,0.03112068226170983,7.576400418402096,3.457526756897279,0.7028032397780111,0.0,-0.9374963801069036
800,801.0,0.6041717068839854,4.771889525383964,0.0,0.47903026985440905,0.23727359234031695,0.1841092813444997,0.7875569322150142,-19.691160882528983
801,802.0,0.14473100978218145,0.3470289151218573,0.09802283807174146,0.3992598929945052,0.01208132867723175,0.04154400193466432,0.9895123159231574,-40.53402976219508
802,803.0,0.8388665749339554,1.1637428262356002,0.0,0.4460825049368773,0.23727359234031695,0.1841092813444997,0.7875569322150142,-19.691160882528983
803,804.0,0.9945141964360231,4.396110578533124,0.0980226646992525,0.3992600232382715,0.012081328677924613,0.0415440019358556,0.9895123060533954,-40.53402976179363
804,805.0,0.23691595686400857,9.727078923130243,0.23691595686400857,9.727078923130243,3.4575267568972787,0.702803239778011,1.1102230246251565e-16,-0.9374963801069036
805,806.0,0.6164078129402303,2.4556325258980922,0.0,0.576174774441052,0.6709083120509863,0.3095868934220445,0.5394301716889189,-12.415230608991134
806,807.0,0.5407071779178176,6.590647164177795,0.09802278302650853,0.3992599971235778,0.012081328677432456,0.0415440019350094,0.9895123078188456,-40.53402976207879
807,808.0,0.16076524688126848,8.127176235964226,0.16076524688126848,8.127176235964226,3.457526756897279,0.7028032397780111,0.0,-0.9374963801069036
808,809.0,0.5077910445712391,7.449564111391601,0.09802284390832226,0.3992598720927927,0.01208132867722988,0.04154400193466111,0.9895123175632407,-40.53402976219617
809,810.0,0.2181122734756331,5.554763313227682,0.2181122734756331,5.554763313227682,3.4575267539288417,0.7028032394763174,1.0139606931858225e-09,-0.9374963861167078
810,811.0,0.2456833830119688,4.850970166646013,0.24572126382158893,4.850967812973186,3.4575261796398404,0.7028031811091353,1.9144626939304743e-07,-0.9374975488042674
811,812.0,0.8263491859871276,1.2339851095053156,0.0,0.4398015971573082,0.23727359234031695,0.1841092813444997,0.7875569322150142,-19.691160882528983
812,813.0,0.42165710537855694,6.0367892505953336,0.09802282527530387,0.39925987280096664,0.012081328677228408,0.04154400193465858,0.9895123175548425,-40.534029762197015
813,814.0,0.012409496990569813,5.968701929965895,0.012409496990569813,5.968701929965895,3.457526756897279,0.7028032397780111,0.0,-0.9374963801069036
814,815.0,0.48972117049291497,1.9296179597959813,0.09802287321662545,0.3992598825912225,0.012081328677251986,0.04154400193469912,0.9895123166569578,-40.53402976218336
815,816.0,0.3600809799912733,3.4687971560405386,0.09802279149828509,0.39925979864236394,0.012081328677299523,0.04154400193478084,0.9895123235131732,-40.53402976215582
816,817.0,0.1122601936189801,4.262043863750783,0.1122601936189801,4.262043863750783,3.457526756896667,0.7028032397779488,2.26929586233382e-13,-0.9374963801081417
817,818.0,0.7281641506275655,6.639708187996118,0.09802275971399083,0.3992600077789091,0.01208132867751078,0.04154400193514409,0.9895123070347349,-40.53402976203341
818,819.0,0.9039741434593471,7.673737989622398,0.0980233215890223,0.399258685331276,0.012081328696476313,0.041544001967752396,0.9895124102988708,-40.534029751044656
819,820.0,0.8151738223751032,3.8008635575995027,0.09802282556989793,0.39925986835198984,0.012081328677228543,0.04154400193465879,0.9895123179063628,-40.534029762196944
820,821.0,0.9564425620300333,9.78925549813489,0.0,0.484185043604106,0.23727359234031695,0.1841092813444997,0.7875569322150142,-19.691160882528983
821,822.0,0.4103391286267909,0.523162749312964,0.09802281131850836,0.3992598651027769,0.01208132867723416,0.041544001934668444,0.9895123182000972,-40.53402976219368
822,823.0,0.6884167811375033,0.3608211647829713,0.09802268240871528,0.3992599850058092,0.012081328677720448,0.041544001935504574,0.9895123090355062,-40.534029761911924
823,824.0,0.9132327978378159,8.94245245147781,0.09802280311115473,0.39925992228041435,0.012081328677267515,0.04154400193472583,0.9895123136936986,-40.53402976217436
824,825.0,0.5058841133337618,4.9967584711126385,0.0,0.45228456160756975,0.23727359234031695,0.1841092813444997,0.7875569322150142,-19.691160882528983
825,826.0,0.5597301108363203,2.9907398395715923,0.0980228759796511,0.39926006213768706,0.012081328677590476,0.04154400193528109,0.9895123024330943,-40.534029761987235
826,827.0,0.8312319135954134,8.244926737262118,0.09802254771491554,0.3992592374424877,0.012081328681964466,0.041544001942801514,0.9895123685709206,-40.53402975945292
827,828.0,0.5507933742952329,4.630417710798656,0.09802261421763493,0.3992601896184202,0.012081328679104011,0.0415440019378834,0.9895122930077033,-40.53402976111028
828,829.0,0.755916679430116,7.486457534578225,0.0980227905499847,0.3992598626912191,0.012081328677252454,0.04154400193469993,0.9895123184441686,-40.53402976218308
829,830.0,0.7888246129124314,4.86291760828966,0.0,0.2642681628905397,0.4676533391757599,0.2584717003508342,0.6964782893482662,-14.941566943960161
830,831.0,0.19006661525751423,8.073581105062974,0.19006661525751423,8.073581105062974,3.4575267568972787,0.7028032397780111,0.0,-0.9374963801069036
831,832.0,0.5058822678904229,5.047966511266524,0.0,0.4419890913759997,0.23727359234031695,0.1841092813444997,0.7875569322150142,-19.691160882528983
832,833.0,0.23490597001487212,2.6780515407414938,0.09802264743178063,0.39925967346815033,0.012081328678019282,0.04154400193601836,0.9895123337927106,-40.53402976173878
833,834.0,0.08063635724832807,3.9413418445680497,0.08063635724832807,3.9413418445680497,3.4575267568972787,0.702803239778011,1.1102230246251565e-16,-0.9374963801069036
834,835.0,0.7163796220477588,6.334913823510535,0.0,0.4008012684667985,0.23727359234031695,0.1841092813444997,0.7875569322150142,-19.691160882528983
835,836.0,0.3826642665252168,3.061138219857529,0.09802240917399076,0.3992590197205783,0.01208132868614229,0.04154400194998464,0.9895123861625916,-40.53402975703226
836,837.0,0.04060625230730486,0.5480222197883352,0.098022972688258,0.3992599883353649,0.012081328677600641,0.041544001935298565,0.9895123080292828,-40.534029761981344
837,838.0,0.9887090737757668,9.078024459088287,0.09802281836408575,0.399259875675385,0.01208132867723057,0.04154400193466231,0.9895123173449245,-40.53402976219577
838,839.0,0.1022796909910636,8.196769538268706,0.1022796909910636,8.196769538268706,3.457526756897279,0.7028032397780111,0.0,-0.9374963801069036
839,840.0,0.7754656485349951,1.2881229255726736,0.09802269127490541,0.3992598873569368,0.012081328677519976,0.04154400193515988,0.9895123167448779,-40.534029762028084
840,841.0,0.8689523240637878,1.7058265792750271,0.09802290820656344,0.39926023155878154,0.012081328678525514,0.041544001936888744,0.9895122889353084,-40.53402976144547
841,842.0,0.8904203298802961,2.51157504968499,0.09802266078636473,0.3992596664869869,0.012081328677983554,0.04154400193595695,0.9895123343113613,-40.534029761759484
842,843.0,0.680813058264267,8.955603075729085,0.0,0.37569646176647087,0.23727359234031695,0.1841092813444997,0.7875569322150142,-19.691160882528983
843,844.0,0.8343744356290399,8.994551751681962,0.09802263967628311,0.39925968566597886,0.01208132867801591,0.04154400193601257,0.9895123328466997,-40.53402976174073
844,845.0,0.30744036331079727,1.9813883384804623,0.0,0.36023826538717896,0.23727359234031695,0.1841092813444997,0.7875569322150142,-19.691160882528983
845,846.0,0.9053532612955879,7.302746672374162,0.09802279947547003,0.39925988441680527,0.012081328677245142,0.04154400193468735,0.9895123167010864,-40.53402976218732
846,847.0,0.5219577156531255,4.703695137337464,0.0,0.4178499013768844,0.23727359234031695,0.1841092813444997,0.7875569322150142,-19.691160882528983
847,848.0,0.7260646468638859,6.424465997221396,0.0980228261271252,0.3992598524687211,0.0120813286772324,0.04154400193466543,0.9895123191625874,-40.534029762194706
848,849.0,0.30222383905290695,4.68915238296183,0.0,0.41505294753848443,0.23727359234031695,0.1841092813444997,0.7875569322150142,-19.691160882528983
849,850.0,0.39069100714053484,7.8487410598626175,0.39069100714053484,7.8487410598626175,3.4575266448963844,0.7028032283949333,3.1297694769172324e-08,-0.9374966068603978
850,851.0,0.8688119008875939,8.713504150405532,0.0,0.44920310095989424,0.23727359234031695,0.1841092813444997,0.7875569322150142,-19.691160882528983
851,852.0,0.17653879112776094,0.2761369925831426,0.09802280149924233,0.39925988655557565,0.012081328677243944,0.04154400193468529,0.9895123165265599,-40.53402976218801
852,853.0,0.4391276506971279,8.827379367644419,0.4391276506971279,8.827379367644419,3.4575266693199778,0.7028032308771961,2.3108442825936493e-08,-0.9374965574131569
853,854.0,0.9767510655163228,4.11636359401799,0.09802304977457396,0.3992598414834355,0.012081328677939566,0.04154400193588131,0.9895123194595531,-40.53402976178497
854,855.0,0.7942315108832565,3.5250578713547016,0.09802286732952196,0.3992598672040815,0.012081328677246735,0.04154400193469008,0.989512317890393,-40.5340297621864
855,856.0,0.0002266680270752719,1.035060847946703,0.0002266680270752719,1.035060847946703,3.457526756897279,0.7028032397780111,0.0,-0.9374963801069036
856,857.0,0.34045501134995393,5.921643675785119,0.0,0.4156120941759539,0.23727359234031695,0.1841092813444997,0.7875569322150142,-19.691160882528983
857,858.0,0.05145356729568695,7.642367604930393,0.05145356729568695,7.642367604930393,3.457526756897279,0.7028032397780111,0.0,-0.9374963801069036
858,859.0,0.6698467964503906,8.339625977730572,0.09802286741956798,0.39925982862733983,0.012081328677270499,0.041544001934730936,0.9895123209446917,-40.534029762172636
859,860.0,0.5872871968046272,7.153285310934871,0.09802284162772948,0.3992597703808439,0.012081328677338923,0.0415440019348486,0.9895123256226717,-40.53402976213299
860,861.0,0.14678820265382952,0.021633982908448843,0.09802398213299757,0.399259716960916,0.012081328697000128,0.04154400196865302,0.9895123269167301,-40.534029750741155
861,862.0,0.6365804918022298,4.985373069480509,0.0,0.6475109177780118,0.6709083120509863,0.3095868934220445,0.5394301716889189,-12.415230608991134
862,863.0,0.7801590857386044,6.831314260913152,0.0,0.265904331455744,0.4676533391757599,0.2584717003508342,0.6964782893482662,-14.941566943960161
863,864.0,0.3273488956513355,9.844960690218903,0.3273488956513355,9.844960690218903,3.4575267568894583,0.7028032397772161,2.358224726606295e-12,-0.9374963801227372
864,865.0,0.11429316904760789,0.793341179409872,0.0,0.6312789906406293,0.6709083120509863,0.3095868934220445,0.5394301716889189,-12.415230608991134
865,866.0,0.4552223776911348,5.794474477214284,0.0,0.49848896015947,0.23727359234031695,0.1841092813444997,0.7875569322150142,-19.691160882528983
866,867.0,0.319345958408786,2.635373407125439,0.09802279990086463,0.3992598361378969,0.012081328677253393,0.041544001934701535,0.9895123205227653,-40.53402976218254
867,868.0,0.9506593399815796,1.9322078862776255,0.09802282368566853,0.39925992055092707,0.012081328677252026,0.041544001934699176,0.9895123137780126,-40.53402976218334
868,869.0,0.6155919177991428,2.691916052823399,0.09802285424898569,0.39925981786432985,0.012081328677269493,0.041544001934729215,0.9895123218306209,-40.53402976217321
869,870.0,0.358612275860162,5.404654170181988,0.0,0.3971839400396977,0.23727359234031695,0.1841092813444997,0.7875569322150142,-19.691160882528983
870,871.0,0.027627735603878878,2.0491288214918444,0.027627735603878878,2.0491288214918444,3.457526756897279,0.7028032397780111,0.0,-0.9374963801069036
871,872.0,0.8622780865962428,7.241220283983235,0.09802285719543893,0.39925985702010747,0.012081328677240787,0.04154400193467986,0.9895123187227047,-40.534029762189846
872,873.0,0.8662095327198326,8.084217805354365,0.09802280609231408,0.39925983525616404,0.012081328677249467,0.041544001934694805,0.9895123205767441,-40.53402976218482
873,874.0,0.13785395129269973,5.627688714330153,0.13785395129269973,5.627688714330153,3.4575267568972716,0.7028032397780102,2.55351295663786e-15,-0.9374963801069178
874,875.0,0.4312255621103356,8.600149398284053,0.4312255621103356,8.600149398284053,3.4575266506897755,0.7028032289837376,2.828528078424597e-08,-0.9374965951312806
875,876.0,0.6484503605158548,5.989048080786083,0.0,0.26434732513232917,0.4676533391757599,0.2584717003508342,0.6964782893482662,-14.941566943960161
876,877.0,0.2838526243928726,4.688148430046267,0.0,0.4108937482029703,0.23727359234031695,0.1841092813444997,0.7875569322150142,-19.691160882528983
877,878.0,0.6291748880014099,8.040209837067238,0.09802282660638997,0.3992598677547325,0.012081328677228439,0.04154400193465862,0.9895123179510024,-40.534029762197
878,879.0,0.4096077212105844,2.414128178867973,0.0,0.36023826538717896,0.23727359234031695,0.1841092813444997,0.7875569322150142,-19.691160882528983
879,880.0,0.9673118937157881,7.8253156493889735,0.0,0.37668457527870036,0.23727359234031695,0.1841092813444997,0.7875569322150142,-19.691160882528983
880,881.0,0.5459102551856452,8.979541332057632,0.5459748701653537,8.979537068801571,3.457524398662261,0.7028030001015588,5.513689939062871e-07,-0.9375011545170286
881,882.0,0.19066092982211136,1.7609263130704067,0.0,0.36023826538717896,0.23727359234031695,0.1841092813444997,0.7875569322150142,-19.691160882528983
882,883.0,0.13693215859439567,0.49662835841014924,0.09802290643281489,0.39925975679063086,0.012081328677468485,0.04154400193507135,0.9895123265328419,-40.53402976205792
883,884.0,0.7100066608491656,5.800802310802757,0.0,0.4837157750509476,0.23727359234031695,0.1841092813444997,0.7875569322150142,-19.691160882528983
884,885.0,0.3332300347971763,8.091914851751193,0.3332300347971763,8.091914851751193,3.457526754450144,0.7028032395292992,7.327143336510744e-10,-0.9374963850612961
885,886.0,0.21192720781042707,4.387206021986567,0.21195776114808082,4.387204201220796,3.4575263631384776,0.7028031997588023,1.3534497367295728e-07,-0.937497177298642
886,887.0,0.7905479797350524,9.114889727982366,0.0,0.24745919332812477,0.4676533391757599,0.2584717003508342,0.6964782893482662,-14.941566943960161
887,888.0,0.21631055673183608,8.204344625454434,0.21631055673183608,8.204344625454434,3.457526756897267,0.7028032397780098,3.9968028886505635e-15,-0.9374963801069276
888,889.0,0.781112962823299,5.798118724241228,0.0,0.49011679796835284,0.23727359234031695,0.1841092813444997,0.7875569322150142,-19.691160882528983
889,890.0,0.4568190209316143,5.898945176799209,0.09802332882210603,0.3992598328229918,0.012081328680851128,0.04154400194088729,0.9895123194287034,-40.534029760097994
890,891.0,0.9120366801343773,1.2675621176257426,0.098022821904488,0.3992598634630396,0.01208132867722998,0.04154400193466127,0.9895123183028518,-40.53402976219611
891,892.0,0.5256378789316629,5.73002209797043,0.09802282724963983,0.399259876545949,0.01208132867722821,0.04154400193465824,0.98951231725326,-40.534029762197136
892,893.0,0.5062212466039488,1.189197232285056,0.09802276254258932,0.39925999362012465,0.012081328677465066,0.04154400193506547,0.9895123081486283,-40.534029762059895
893,894.0,0.22508196722833695,0.45202745873556827,0.09802276691558219,0.3992600734547237,0.012081328677726362,0.04154400193551474,0.9895123018159427,-40.5340297619085
894,895.0,0.751307538995536,1.5817529935309513,0.0,0.19588305688888286,0.4676533391757599,0.2584717003508342,0.6964782893482662,-14.941566943960161
895,896.0,0.3089566716414408,4.433776451411248,0.09802282754614851,0.39925986880165754,0.012081328677228225,0.04154400193465826,0.9895123178657016,-40.53402976219712
896,897.0,0.13215454366381163,3.0893834960193245,0.13220032926137126,3.0893807426662065,3.457526383131267,0.7028032017907458,1.371049227483212e-07,-0.9374971368218654
897,898.0,0.029747444686063385,7.277029935485349,0.029747444686063385,7.277029935485349,3.457526756897279,0.7028032397780111,0.0,-0.9374963801069036
898,899.0,0.5954774488525628,7.81171167007449,0.0,0.3901998666601296,0.23727359234031695,0.1841092813444997,0.7875569322150142,-19.691160882528983
899,900.0,0.6133587177431336,6.272945205047495,0.09802282609781046,0.39925986776464795,0.01208132867722851,0.04154400193465877,0.9895123179515184,-40.534029762196965
900,901.0,0.48028515876256306,6.0360519989204855,0.09802282543607602,0.3992598726438559,0.012081328677228385,0.04154400193465854,0.9895123175668713,-40.53402976219703
901,902.0,0.26785781467678393,5.13164465993391,0.2679036446832646,5.13164181776295,3.457525983323309,0.7028031611567361,2.5021635130517694e-07,-0.937497946260625
902,903.0,0.5941021100029725,3.444327819968925,0.0980221102574381,0.3992603997817643,0.012081328688550885,0.04154400195412585,0.9895122776484157,-40.5340297556367
903,904.0,0.775662261435267,1.8560678763111036,0.09802282612904345,0.3992598680699184,0.012081328677228479,0.041544001934658716,0.9895123179272669,-40.53402976219698
904,905.0,0.2860573726529826,7.306987539655555,0.2860573726529826,7.306987539655555,3.4575267558385097,0.7028032396704041,3.3532410181891237e-10,-0.9374963822504547
905,906.0,0.06803847879137737,3.177969711413375,0.06803847879137737,3.177969711413375,3.457526756897252,0.7028032397780082,1.0436096431476471e-14,-0.9374963801069587
906,907.0,0.8179650703340631,4.872148364184796,0.0,0.26737505188077637,0.4676533391757599,0.2584717003508342,0.6964782893482662,-14.941566943960161
907,908.0,0.6903923754812639,9.278992678782942,0.09802282128134002,0.3992598966298039,0.012081328677235452,0.04154400193467068,0.9895123156782681,-40.53402976219294
908,909.0,0.6250373866436063,5.32899972967969,0.09802293917831097,0.3992599542786704,0.012081328677434777,0.0415440019350134,0.989512310811778,-40.534029762077445
909,910.0,0.7541025135486791,0.003930429883388876,0.0,0.44257934484972206,0.23727359234031695,0.1841092813444997,0.7875569322150142,-19.691160882528983
910,911.0,0.6857763630506484,2.3946518649989197,0.0,0.16942909733875336,0.4676533391757599,0.2584717003508342,0.6964782893482662,-14.941566943960161
911,912.0,0.08378924356552764,8.392375925259675,0.08378924356552764,8.392375925259675,3.457526756897279,0.7028032397780111,0.0,-0.9374963801069036
912,913.0,0.45528441958867727,1.4121661457612253,0.09802287332688663,0.39926010415555846,0.012081328677760992,0.041544001935574275,0.9895122991127954,-40.53402976188843
913,914.0,0.9987556462630967,3.479781701056445,0.09802283112849489,0.3992598722499915,0.012081328677227792,0.04154400193465753,0.9895123175834938,-40.53402976219738
914,915.0,0.13177067786260088,4.183132030295519,0.13177067786260088,4.183132030295519,3.4575267568092207,0.7028032397690613,3.230915535112899e-11,-0.9374963802851832
915,916.0,0.7655174186182633,3.099522670943795,0.09802295294766136,0.39925952179693075,0.01208132867879978,0.041544001937360304,0.9895123450201415,-40.53402976128656
916,917.0,0.5757152579802214,7.6884185542125225,0.09802303536818714,0.39925924335320095,0.012081328682169913,0.04154400194315474,0.989512366854882,-40.53402975933388
917,918.0,0.04214952921278203,9.759775694009699,0.04214952921278203,9.759775694009699,3.457526756897279,0.7028032397780111,0.0,-0.9374963801069036
918,919.0,0.9405118579737753,5.357194378106233,0.09802295186555274,0.39925987159006693,0.01208132867743513,0.04154400193501401,0.9895123173266434,-40.53402976207724
919,920.0,0.0676096820389912,8.316680496447388,0.0676096820389912,8.316680496447388,3.457526756897279,0.7028032397780111,0.0,-0.9374963801069036
920,921.0,0.40086492370673243,3.967997499380357,0.09802306416244864,0.39925983775814383,0.012081328678038884,0.041544001936052066,0.9895123197176238,-40.534029761727425
921,922.0,0.8875067489685632,2.3275738056070727,0.0,0.36023826538717896,0.23727359234031695,0.1841092813444997,0.7875569322150142,-19.691160882528983
922,923.0,0.37236303060526155,2.138022371629084,0.0,0.36023826538717896,0.23727359234031695,0.1841092813444997,0.7875569322150142,-19.691160882528983
923,924.0,0.7537701746464649,3.699956865397303,0.09802274819971814,0.39925949504757674,0.012081328678682958,0.041544001937159444,0.9895123476622647,-40.53402976135425
924,925.0,0.07625041477295835,5.13908700966669,0.07625041477295835,5.13908700966669,3.457526756897279,0.7028032397780111,0.0,-0.9374963801069036
925,926.0,0.17035778408184798,2.608717535322258,0.09802276233370469,0.39925999857393946,0.012081328677478718,0.04154400193508894,0.9895123077569083,-40.534029762051986
926,927.0,0.7429635552677097,8.292452866827018,0.09802285756261994,0.3992598862352983,0.012081328677237884,0.04154400193467487,0.9895123164084819,-40.53402976219153
927,928.0,0.3286535904329535,3.2867102125676673,0.0,0.22159585270030607,0.4676533391757599,0.2584717003508342,0.6964782893482662,-14.941566943960161
928,929.0,0.06324455247904182,5.008791337427065,0.06324455247904182,5.008791337427065,3.457526756897279,0.7028032397780111,0.0,-0.9374963801069036
929,930.0,0.60130073653361,3.304719561006769,0.0,0.6265909866391959,0.6709083120509863,0.3095868934220445,0.5394301716889189,-12.415230608991134
930,931.0,0.6293297678749799,9.932826335460025,0.6294168093596731,9.932820384665105,3.457522976824186,0.7028028555946729,8.093150252186376e-07,-0.9375040331282607
931,932.0,0.2454542802873556,6.754633092156021,0.2454542802873556,6.754633092156021,3.4575267566543486,0.7028032397533212,8.059097833523765e-11,-0.9374963805987324
932,933.0,0.9814165389733328,5.785485588944351,0.0,0.3839694344445213,0.23727359234031695,0.1841092813444997,0.7875569322150142,-19.691160882528983
933,934.0,0.375920189907447,9.277849151557175,0.375920189907447,9.277849151557175,3.4575267556619806,0.702803239652463,3.513570545621292e-10,-0.9374963826078497
934,935.0,0.7852252861258169,5.579804928751029,0.0,0.618576026169646,0.6709083120509863,0.3095868934220445,0.5394301716889189,-12.415230608991134
935,936.0,0.6633320547841259,5.885540443034384,0.09802281155156126,0.39925990654653376,0.012081328677246567,0.0415440019346898,0.9895123149179393,-40.5340297621865
936,937.0,0.4734112984410267,3.9531102241770126,0.09802292742875218,0.39925986240930045,0.012081328677362928,0.04154400193488987,0.989512318116174,-40.534029762119076
937,938.0,0.50178905321002,6.69053344556052,0.09802274696688518,0.39926002388675935,0.012081328677594204,0.041544001935287504,0.9895123057918601,-40.53402976198508
938,939.0,0.4042682355259499,7.943816090934326,0.4042682355259499,7.943816090934326,3.4575265950443868,0.7028032233282846,4.450174206915847e-08,-0.9374967077891903
939,940.0,0.9399884488839761,8.071115132569386,0.09802281087250624,0.3992598491203938,0.012081328677238792,0.04154400193467642,0.9895123194667366,-40.534029762191
940,941.0,0.8050505327845153,9.90267647226503,0.0,0.48602406204315907,0.23727359234031695,0.1841092813444997,0.7875569322150142,-19.691160882528983
941,942.0,0.7111185514898188,0.9949405381383231,0.0,0.4774482666460047,0.23727359234031695,0.1841092813444997,0.7875569322150142,-19.691160882528983
942,943.0,0.46180608035487036,6.870465849327132,0.0980228289430809,0.39925986777050776,0.012081328677228196,0.04154400193465822,0.9895123179437748,-40.53402976219714
943,944.0,0.15264966979925976,0.00921544768190595,0.09802305661961179,0.39926058971243794,0.012081328682670752,0.041544001944015856,0.9895122601947139,-40.53402975904369
944,945.0,0.5270275043627678,2.2758071020331956,0.09802297926984609,0.3992598895108364,0.012081328677535873,0.041544001935187216,0.9895123158374551,-40.53402976201887
945,946.0,0.8262033177703919,2.6658807144470407,0.0,0.36023826538717896,0.23727359234031695,0.1841092813444997,0.7875569322150142,-19.691160882528983
946,947.0,0.24055713600607687,6.7001153320436435,0.24055713600607687,6.7001153320436435,3.457526756710098,0.7028032397589871,6.243139338835135e-11,-0.9374963804858645
947,948.0,0.39178329923379285,9.028859097892392,0.39178329923379285,9.028859097892392,3.4575267511056493,0.7028032391893856,1.616309530660942e-09,-0.9374963918324539
948,949.0,0.7196825241417076,7.997886928027682,0.09802297857811372,0.3992604643412015,0.012081328680809768,0.04154400194081617,0.9895122703223027,-40.53402976012195
949,950.0,0.25353003532305385,0.8054954697117473,1.1102230246251565e-16,0.528869535581035,0.6709083120509863,0.3095868934220445,0.5394301716889189,-12.415230608991134
950,951.0,0.1738123574781485,9.087035713684715,0.1738123574781485,9.087035713684715,3.457526756897279,0.7028032397780111,0.0,-0.9374963801069036
951,952.0,0.499879271510948,1.6426663675348154,0.09802283243217534,0.39925986653581386,0.012081328677228276,0.041544001934658334,0.9895123180326119,-40.53402976219709
952,953.0,0.4918387937112192,0.11752852180507611,0.09802283525739278,0.39925986649497125,0.012081328677228486,0.0415440019346587,0.989512318028617,-40.53402976219697
953,954.0,0.16876759476589875,5.116974846585443,0.16876759476589875,5.116974846585443,3.457526756819317,0.7028032397700874,2.7877034014522906e-11,-0.9374963802647427
954,955.0,0.0116511701497084,4.955135613213886,0.0116511701497084,4.955135613213886,3.457526756897279,0.7028032397780111,0.0,-0.9374963801069036
955,956.0,0.576387723573163,8.273393117184071,0.0,0.26873345964183054,0.4676533391757599,0.2584717003508342,0.6964782893482662,-14.941566943960161
956,957.0,0.42523536243591165,6.147347784381538,0.09802279975777636,0.3992596058675792,0.012081328677939897,0.041544001935881876,0.9895123387558528,-40.53402976178478
957,958.0,0.3720410951758364,1.3132583874105053,0.09802278313278986,0.399259878455234,0.012081328677263024,0.0415440019347181,0.9895123172149269,-40.534029762176964
958,959.0,0.46764885636058084,7.5810496512598835,0.09802277418002382,0.39926003164599444,0.012081328677552334,0.041544001935215506,0.9895123051078991,-40.53402976200933
959,960.0,0.10672484489567025,9.347440531778314,0.10672484489567025,9.347440531778314,3.457526756897279,0.7028032397780111,0.0,-0.9374963801069036
960,961.0,0.08082428375868034,6.2727354814944665,0.08082428375868034,6.2727354814944665,3.457526756897279,0.7028032397780111,0.0,-0.9374963801069036
961,962.0,0.5848071383803333,9.499752630306448,0.5848737961703968,9.499748100596882,3.4575241328927233,0.7028029730903781,5.884127185495913e-07,-0.9375016925860695
962,963.0,0.6397808640366242,9.991073364356883,0.0,0.19481126259946951,0.4676533391757599,0.2584717003508342,0.6964782893482662,-14.941566943960161
963,964.0,0.9205539498752496,9.45456172076176,0.09802301979497555,0.39925989985147853,0.012081328677728488,0.04154400193551838,0.9895123149148156,-40.53402976190727
964,965.0,0.9532039269553588,9.483174818175067,0.09802346784150606,0.39926032187704136,0.012081328684283094,0.04154400194678805,0.9895122803471778,-40.53402975810949
965,966.0,0.6537057378847672,7.337696716131153,0.09802273220986588,0.3992594787614306,0.012081328678830803,0.041544001937413665,0.9895123489926553,-40.534029761268584
966,967.0,0.609769069516531,1.0599903482726825,0.09802283559668588,0.39926018347847414,0.012081328678191013,0.04154400193631361,0.9895122929282767,-40.53402976163928
967,968.0,0.7538576118148006,3.371274480928365,1.1102230246251565e-16,0.37145129498645574,0.23727359234031695,0.1841092813444997,0.7875569322150142,-19.691160882528983
968,969.0,0.9893137345898565,2.6461538772255433,0.09802280054705578,0.3992600181372583,0.012081328677464736,0.0415440019350649,0.9895123061101323,-40.53402976206009
969,970.0,0.5898238835690035,7.21494680184436,0.09802282245030733,0.3992598434054256,0.012081328677237447,0.04154400193467411,0.9895123198896326,-40.534029762191786
970,971.0,0.8979184252503848,1.6406340111156374,0.09802280806029066,0.3992602865608166,0.012081328678978874,0.04154400193766823,0.9895122848362047,-40.534029761182786
971,972.0,0.44244069673987163,2.3618071575665347,0.09802283657626193,0.3992598685907295,0.012081328677228371,0.04154400193465851,0.9895123178592985,-40.534029762197044
972,973.0,0.5225880117260736,4.859561897592027,0.09802281384965592,0.39925989551788793,0.012081328677238453,0.04154400193467584,0.9895123157853224,-40.534029762191196
973,974.0,0.29635722167780454,5.63520692096174,0.29639274881461125,5.635204744924598,3.457526102678231,0.7028031732872329,2.046926655951964e-07,-0.9374977046183508
974,975.0,0.02245004368955983,0.952414371446657,0.09802365731933138,0.3992603418328808,0.012081328688171722,0.041544001953473936,0.9895122782788742,-40.534029755856395
975,976.0,0.6347543271776628,3.5236087352633536,0.09802279283611105,0.3992597992580774,0.012081328677297394,0.0415440019347772,0.9895123234609989,-40.53402976215705
976,977.0,0.44170038493314734,9.217144367403165,0.44170038493314734,9.217144367403165,3.4575267165993107,0.702803235682375,1.0601202027338275e-08,-0.9374964616929047
977,978.0,0.5954056862992729,0.39072540289261753,0.0,0.23748680322469054,0.4676533391757599,0.2584717003508342,0.6964782893482662,-14.941566943960161
978,979.0,0.911653596871006,7.688863108267083,0.09802306470297513,0.3992598458421728,0.012081328678032228,0.04154400193604062,0.9895123190761441,-40.53402976173128
979,980.0,0.8128799977856012,4.747184378859884,0.0,0.17007160023112253,0.4676533391757599,0.2584717003508342,0.6964782893482662,-14.941566943960161
980,981.0,0.36334679540645853,3.4857738486071517,0.09802279745704448,0.3992598013740214,0.012081328677290535,0.0415440019347654,0.9895123232816381,-40.53402976216102
981,982.0,0.22870818838212448,7.1715362404391625,0.22870818838212448,7.1715362404391625,3.4575267568904717,0.7028032397773193,2.299271883998699e-12,-0.9374963801206855
982,983.0,0.9682068612985347,9.917108957227184,0.0,0.48633862678129186,0.23727359234031695,0.1841092813444997,0.7875569322150142,-19.691160882528983
983,984.0,0.21921459459945813,6.841066922871519,0.21921459459945813,6.841066922871519,3.4575267568879275,0.7028032397770605,3.190558928167775e-12,-0.937496380125836
984,985.0,0.2927343069545557,5.513303583050907,0.292778316195275,5.513300829697789,3.457525943791444,0.7028031571389616,2.554932686527067e-07,-0.9374980262956143
985,986.0,0.2840239475328813,9.969634558116107,0.2840239475328813,9.969634558116107,3.457526756897203,0.7028032397780032,2.4091839634365897e-14,-0.9374963801070582
986,987.0,0.4161390294268442,0.3761434417502605,0.0,0.36802791682724395,0.23727359234031695,0.1841092813444997,0.7875569322150142,-19.691160882528983
987,988.0,0.14377579411953556,1.7505879429999542,0.09802272751414037,0.3992599082916402,0.012081328677406957,0.04154400193496557,0.9895123149946332,-40.53402976209357
988,989.0,0.3377648346196922,7.633468489187905,0.3377648346196922,7.633468489187905,3.457526744164708,0.7028032384839513,3.791621905335774e-09,-0.9374964058848665
989,990.0,0.48756575597324925,7.754940554100364,0.0,0.3807804857693757,0.23727359234031695,0.1841092813444997,0.7875569322150142,-19.691160882528983
990,991.0,0.7861672231575378,1.0284229435088321,0.0,0.49798559326355907,0.23727359234031695,0.1841092813444997,0.7875569322150142,-19.691160882528983
991,992.0,0.12502120525629556,9.961536920314993,0.12502120525629556,9.961536920314993,3.457526756897279,0.7028032397780111,0.0,-0.9374963801069036
992,993.0,0.2989254070991003,7.417387892155673,0.2989254070991003,7.417387892155673,3.4575267549662643,0.7028032395817546,6.023697096679825e-10,-0.9374963840163755
993,994.0,0.03305848345012896,0.8353689414752177,0.0,0.4052313242977758,0.23727359234031695,0.1841092813444997,0.7875569322150142,-19.691160882528983
994,995.0,0.6047513876669975,1.587593521777495,0.0,0.4353076105608896,0.23727359234031695,0.1841092813444997,0.7875569322150142,-19.691160882528983
995,996.0,0.798936456194444,7.610068666467679,0.098022834117672,0.3992598664688498,0.01208132867722837,0.04154400193465852,0.9895123180336015,-40.534029762197044
996,997.0,0.1935963111728607,3.6650352188852633,0.0980227086991788,0.3992605628930749,0.01208132868245971,0.04154400194365302,0.9895122632084239,-40.53402975916597
997,998.0,0.15270410221994868,8.690644440545798,0.15270410221994868,8.690644440545798,3.457526756897279,0.7028032397780111,0.0,-0.9374963801069036
998,999.0,0.699522626908614,3.5452789864377627,0.09802268440790643,0.39926001867535765,0.01208132867781183,0.041544001935661684,0.989512306364361,-40.53402976185898
999,1000.0,0.12885366096906736,2.910335199302001,0.09802287743685092,0.3992599242185719,0.012081328677276933,0.04154400193474201,0.9895123133500577,-40.534029762168906
