,iteration,init_slope,init_intercept,est_intercept,est_slope,ss_res,nrmse,r_squared,aic
0,1.0,0.8852378103399693,1.4760699518750309,0.4066964223094406,0.5223214365169089,0.025269221230158834,0.13037761239945997,0.8935863879813836,-35.368548275503386
1,2.0,0.9341040951406331,3.0981364599793917,0.4066963334860525,0.5223213746667636,0.025269221230265246,0.1303776123997345,0.8935863879813744,-35.36854827547391
2,3.0,0.31369645093488996,0.24419864277833872,0.40669642068375433,0.5223214345537969,0.025269221230158914,0.13037761239946016,0.8935863879813838,-35.36854827550337
3,4.0,0.5684383274756261,6.085124768575809,0.4066964306601833,0.522321411714653,0.025269221230159233,0.130377612399461,0.8935863879813829,-35.36854827550327
4,5.0,0.06958115278731358,8.5783487361262,0.4066964699198502,0.5223213188163945,0.025269221230169368,0.13037761239948714,0.8935863879813445,-35.36854827550047
5,6.0,0.30226882678060973,9.871405553436553,0.4066964539813106,0.5223213569690299,0.025269221230163487,0.130377612399472,0.893586387981367,-35.3685482755021
6,7.0,0.35351263096582186,4.473310982385053,0.4066964341390153,0.5223214038531443,0.025269221230159546,0.13037761239946183,0.8935863879813818,-35.368548275503194
7,8.0,0.13537403169701434,7.559358255236564,0.40669646277746674,0.5223213357783901,0.025269221230166457,0.13037761239947962,0.8935863879813557,-35.36854827550128
8,9.0,0.29043278267189887,9.455265021120773,0.40669645316953384,0.5223213591529605,0.025269221230163202,0.13037761239947124,0.893586387981368,-35.36854827550218
9,10.0,0.44723937129754976,3.957910216129956,0.406696426727013,0.5223214206459628,0.02526922123015902,0.13037761239946044,0.8935863879813837,-35.368548275503336
10,11.0,0.5729609668610769,5.735984009812566,0.4066964297540773,0.5223214134969681,0.025269221230159192,0.13037761239946088,0.8935863879813831,-35.36854827550329
11,12.0,0.777887911325101,1.8636254951247038,0.4066964288592601,0.5223214421397678,0.025269221230159247,0.13037761239946102,0.8935863879813831,-35.36854827550327
12,13.0,0.9767871221007558,4.877362005818159,0.4066964213196186,0.522321432503789,0.02526922123015895,0.13037761239946027,0.8935863879813838,-35.36854827550336
13,14.0,0.17940011515422383,7.631342203700078,0.40669645840168783,0.5223213461881544,0.025269221230164923,0.13037761239947568,0.8935863879813616,-35.3685482755017
14,15.0,0.48669145751821175,7.659946435032703,0.4066964380456343,0.5223213942622702,0.02526922123016006,0.13037761239946313,0.89358638798138,-35.36854827550305
15,16.0,0.5002686760088685,3.5641826698641186,0.4066964231193405,0.522321428467618,0.025269221230158942,0.13037761239946025,0.8935863879813839,-35.36854827550336
16,17.0,0.54136862328849,2.7514978163089885,0.406696420450042,0.5223214349313524,0.025269221230158935,0.13037761239946025,0.8935863879813837,-35.368548275503365
17,18.0,0.6554963166568558,3.4036440493985025,0.40669642172187365,0.5223214318774517,0.02526922123015893,0.13037761239946022,0.8935863879813838,-35.368548275503365
18,19.0,0.6456505944195249,2.3177747115148426,0.4066962687148208,0.5223213292963402,0.025269221230473614,0.13037761240027204,0.8935863879813516,-35.36854827541619
19,20.0,0.21032744424398275,5.825522792316361,0.40669645010312316,0.5223213661426082,0.02526922123016244,0.13037761239946927,0.893586387981371,-35.36854827550239
20,21.0,0.49102555728835406,3.2747474898193274,0.40669642291165903,0.5223214293042181,0.025269221230158928,0.13037761239946022,0.8935863879813839,-35.368548275503365
21,22.0,0.1841997014203599,7.553204411978141,0.406696457173403,0.5223213495466745,0.02526922123016443,0.13037761239947443,0.8935863879813634,-35.36854827550184
22,23.0,0.0029827147192029724,3.3826766653425855,0.406696475868808,0.5223213035515796,0.025269221230172483,0.1303776123994952,0.8935863879813327,-35.368548275499606
23,24.0,0.6003858420129429,0.6397499431363121,0.40669642134877027,0.5223214329340626,0.025269221230158925,0.13037761239946022,0.8935863879813838,-35.368548275503365
24,25.0,0.681608676346863,7.3150937088502035,0.4066964305149076,0.5223214122622114,0.02526922123015919,0.13037761239946088,0.893586387981383,-35.36854827550329
25,26.0,0.9062547907940584,8.733348297915077,0.4066964282411062,0.5223214176039098,0.025269221230159074,0.1303776123994606,0.8935863879813835,-35.36854827550332
26,27.0,0.4062455066065638,7.526770392635825,0.40669644247454717,0.5223213844174187,0.025269221230160732,0.13037761239946485,0.8935863879813775,-35.36854827550287
27,28.0,0.3180512513532642,7.288112423884734,0.406696446102806,0.5223213757211839,0.025269221230161468,0.13037761239946677,0.8935863879813747,-35.36854827550266
28,29.0,0.9606457626884672,2.780509296351711,0.40669639956678283,0.5223214222978895,0.025269221230165975,0.1303776123994784,0.8935863879813838,-35.36854827550141
29,30.0,0.028503314225246434,2.6824405412990027,0.406696467908626,0.5223213229194525,0.02526922123016869,0.1303776123994854,0.8935863879813473,-35.36854827550066
30,31.0,0.12466295576133413,5.5702750310997615,0.4066964587660612,0.5223213450235583,0.0252692212301651,0.13037761239947612,0.893586387981361,-35.36854827550165
31,32.0,0.8113060902016583,2.517024248584366,0.4066963719618084,0.5223214023303411,0.025269221230193303,0.1303776123995489,0.8935863879813816,-35.368548275493836
32,33.0,0.1387487134390223,6.166254184310319,0.4066964579960653,0.5223213467781631,0.025269221230164837,0.13037761239947546,0.893586387981362,-35.36854827550172
33,34.0,0.27364861349653,4.279677853511645,0.40669643744792955,0.5223213955394523,0.025269221230160007,0.130377612399463,0.8935863879813802,-35.368548275503066
34,35.0,0.0618052804887117,1.2618299353409883,0.40669641843176707,0.5223214376466001,0.025269221230159004,0.1303776123994604,0.8935863879813837,-35.36854827550334
35,36.0,0.32764630268114936,7.957813407482928,0.4066964468851449,0.5223213733407498,0.025269221230161728,0.13037761239946744,0.8935863879813738,-35.36854827550258
36,37.0,0.5653003867336972,3.2185639137345445,0.4066964220043794,0.5223214310855284,0.025269221230158942,0.13037761239946025,0.8935863879813838,-35.36854827550336
37,38.0,0.5573829843251569,5.841894790446899,0.40669642999053557,0.5223214132849784,0.02526922123015918,0.13037761239946086,0.8935863879813831,-35.368548275503294
38,39.0,0.8757708521182387,0.4291545262577346,0.40669641926443056,0.5223214405856998,0.025269221230158907,0.13037761239946016,0.8935863879813835,-35.36854827550337
39,40.0,0.018308775670527133,5.848184254753872,0.40669647364880335,0.5223213091458584,0.025269221230171324,0.1303776123994922,0.8935863879813372,-35.36854827549993
40,41.0,0.27485750433961686,2.769592829672052,0.4066964291068351,0.5223214155193268,0.02526922123015912,0.1303776123994607,0.8935863879813832,-35.368548275503315
41,42.0,0.15739302526179244,2.4798870726402984,0.4066964368971363,0.5223213965192387,0.025269221230159934,0.1303776123994628,0.8935863879813806,-35.36854827550308
42,43.0,0.36469184112638264,7.584868302090257,0.40669644456260645,0.5223213794821084,0.025269221230161117,0.13037761239946585,0.893586387981376,-35.36854827550276
43,44.0,0.7435460172498983,4.700390737351903,0.40669642349572627,0.522321428501299,0.025269221230158914,0.13037761239946016,0.8935863879813839,-35.36854827550337
44,45.0,0.4034629879177378,2.7051472946458244,0.4066964244138585,0.5223214265482311,0.02526922123015895,0.13037761239946027,0.8935863879813838,-35.36854827550336
45,46.0,0.5983783982200566,9.587071151078648,0.4066964380811728,0.5223213940511892,0.02526922123016008,0.1303776123994632,0.8935863879813799,-35.368548275503045
46,47.0,0.29385395908183864,1.3114973422577771,0.4066959575324006,0.5223211221545493,0.02526922123295955,0.1303776124066852,0.8935863879810764,-35.368548274727544
47,48.0,0.22902137693125957,0.9332637975540456,0.4066964226904547,0.5223214295365376,0.02526922123015894,0.13037761239946025,0.8935863879813839,-35.368548275503365
48,49.0,0.4880124150920325,1.8203628135679597,0.4066962286618129,0.5223213019409502,0.025269221230656218,0.1303776124007431,0.8935863879813313,-35.368548275365605
49,50.0,0.03451316316040265,3.9827604393320404,0.40669646984093694,0.522321318443565,0.025269221230169503,0.1303776123994875,0.8935863879813442,-35.36854827550043
50,51.0,0.30920905846123015,4.7206671984433894,0.40669643726747684,0.5223213956726335,0.025269221230159986,0.13037761239946294,0.8935863879813803,-35.36854827550307
51,52.0,0.15036576627040477,2.0362656517426743,0.40669643471986083,0.5223214022928054,0.025269221230159622,0.13037761239946202,0.8935863879813816,-35.36854827550317
52,53.0,0.1028109811080814,8.320891333711138,0.40669646640927337,0.5223213265148295,0.02526922123016804,0.1303776123994837,0.8935863879813498,-35.368548275500835
53,54.0,0.6152814852218026,7.500072958556223,0.4066964328114442,0.5223214067982794,0.02526922123015942,0.1303776123994615,0.8935863879813822,-35.36854827550322
54,55.0,0.5299413346453686,7.247027340180038,0.40669643395613214,0.5223214034298225,0.025269221230159563,0.13037761239946186,0.8935863879813819,-35.36854827550319
55,56.0,0.8207174159961838,5.694544281987883,0.40669642445508813,0.5223214260446927,0.025269221230158942,0.13037761239946025,0.8935863879813838,-35.36854827550336
56,57.0,0.23210301315155757,1.5425451293484809,0.40669642330068867,0.5223214286907703,0.02526922123015892,0.1303776123994602,0.8935863879813839,-35.368548275503365
57,58.0,0.8750876558054939,1.200867474095787,0.40669652703941317,0.5223214709813526,0.025269221230260385,0.13037761239972195,0.893586387981378,-35.36854827547526
58,59.0,0.24983586308729877,7.4120616595637125,0.4066964518444937,0.5223213621454216,0.025269221230162862,0.13037761239947038,0.8935863879813694,-35.36854827550228
59,60.0,0.14339391843600857,6.194196732130945,0.40669645912036684,0.5223213449808954,0.02526922123016503,0.13037761239947596,0.893586387981361,-35.368548275501674
60,61.0,0.42896005168513973,5.155648766075178,0.4066964328875985,0.5223214064476891,0.02526922123015944,0.13037761239946152,0.8935863879813822,-35.368548275503215
61,62.0,0.9578305235850437,4.031492141824234,0.4066960621060893,0.5223211902945859,0.02526922123185359,0.13037761240383205,0.8935863879811978,-35.36854827503391
62,63.0,0.3036882748170395,3.6732475842972834,0.40669643239705017,0.5223214078366608,0.025269221230159393,0.1303776123994614,0.8935863879813823,-35.36854827550323
63,64.0,0.529147133826643,5.690467849664499,0.4066964302172569,0.5223214124502126,0.025269221230159244,0.13037761239946102,0.8935863879813829,-35.36854827550327
64,65.0,0.06193168808624594,2.609229336943584,0.4066964577427286,0.5223213477953879,0.025269221230164687,0.13037761239947507,0.8935863879813625,-35.36854827550177
65,66.0,0.8999876545855137,9.29473765488596,0.4066964289416493,0.5223214156193067,0.025269221230159154,0.1303776123994608,0.8935863879813832,-35.3685482755033
66,67.0,0.06765787341466345,0.3992432776831735,0.40669642193465727,0.5223214318065532,0.02526922123015892,0.1303776123994602,0.8935863879813839,-35.368548275503365
67,68.0,0.14783177935842773,0.5791801223098646,0.40669642257884864,0.5223214318463939,0.025269221230158876,0.13037761239946008,0.8935863879813838,-35.36854827550337
68,69.0,0.894941451635736,2.7451276064406795,0.4066963784788703,0.5223214039938061,0.025269221230186455,0.13037761239953122,0.8935863879813818,-35.36854827549574
69,70.0,0.2650348385077821,7.5296115170945255,0.4066964504269867,0.5223213646225952,0.02526922123016261,0.1303776123994697,0.8935863879813706,-35.36854827550234
70,71.0,0.2772987612927057,0.2627686899279712,0.4066964170401013,0.5223214401751568,0.025269221230159067,0.13037761239946058,0.8935863879813835,-35.36854827550332
71,72.0,0.5964540098966451,8.476494051732697,0.4066964360257819,0.5223213991500901,0.025269221230159785,0.1303776123994624,0.893586387981381,-35.36854827550312
72,73.0,0.8338819634776037,6.93974037658796,0.4066964251326028,0.522321423592553,0.025269221230159,0.1303776123994604,0.8935863879813838,-35.36854827550334
73,74.0,0.4457439096512614,4.106468715725865,0.40669642705555237,0.5223214197541834,0.025269221230159056,0.13037761239946052,0.8935863879813836,-35.36854827550332
74,75.0,0.6474360284086647,2.4697906958062674,0.4066962024112951,0.5223212851525724,0.02526922123079581,0.13037761240110324,0.8935863879813165,-35.36854827532694
75,76.0,0.2654570515251563,0.7078985990042047,0.40669641992068495,0.5223214362107584,0.025269221230158956,0.13037761239946027,0.8935863879813836,-35.36854827550336
76,77.0,0.5186640953896083,6.336930397750182,0.4066964323637341,0.522321408002884,0.02526922123015936,0.13037761239946133,0.8935863879813825,-35.368548275503244
77,78.0,0.61324158204572,0.9142441195916363,0.4066964177559129,0.5223214382619635,0.025269221230159067,0.13037761239946058,0.8935863879813835,-35.36854827550332
78,79.0,0.1012971341813983,9.881217227965784,0.4066964680286561,0.5223213229511583,0.02526922123016865,0.13037761239948528,0.8935863879813474,-35.36854827550067
79,80.0,0.32795614029468334,3.6609444321388005,0.4066964313360758,0.5223214102031488,0.025269221230159282,0.13037761239946113,0.8935863879813828,-35.368548275503265
80,81.0,0.7064229623204901,8.611810812142084,0.4066964324778375,0.522321406931076,0.02526922123015943,0.13037761239946152,0.8935863879813823,-35.36854827550322
81,82.0,0.9479943320090088,9.254151773303718,0.406696428479268,0.5223214162122827,0.02526922123015913,0.13037761239946072,0.8935863879813833,-35.36854827550331
82,83.0,0.5292365803534924,2.071852560614633,0.4066961707537147,0.5223212603267535,0.025269221230999197,0.1303776124016279,0.8935863879812912,-35.3685482752706
83,84.0,0.2534525770984192,8.995397404641793,0.40669645446446456,0.5223213551232866,0.025269221230163733,0.13037761239947263,0.8935863879813662,-35.36854827550203
84,85.0,0.128197738450037,7.134802337482245,0.40669646101024715,0.5223213392742431,0.025269221230165992,0.13037761239947843,0.8935863879813577,-35.368548275501404
85,86.0,0.8268147630907566,0.42843806900031633,0.4066964217047269,0.5223214330849398,0.025269221230158897,0.13037761239946014,0.8935863879813838,-35.36854827550337
86,87.0,0.24094078793484297,1.5142615667163708,0.40669642344047424,0.5223214281677846,0.02526922123015893,0.13037761239946022,0.8935863879813839,-35.368548275503365
87,88.0,0.22614625104902852,6.819456516846426,0.4066964519169913,0.5223213615540376,0.025269221230162956,0.1303776123994706,0.8935863879813691,-35.36854827550225
88,89.0,0.8471065704894633,8.602249655801074,0.40669642913772214,0.5223214152550717,0.025269221230159147,0.13037761239946077,0.8935863879813832,-35.3685482755033
89,90.0,0.3104458722489247,6.421203088433298,0.40669644304263014,0.5223213816827865,0.02526922123016102,0.1303776123994656,0.8935863879813766,-35.36854827550278
90,91.0,0.008837458456091074,4.782047722102429,0.40669647565645595,0.5223213041022939,0.02526922123017241,0.130377612399495,0.893586387981333,-35.36854827549963
91,92.0,0.2889169091942163,5.60433292886102,0.4066964426819609,0.5223213832694779,0.02526922123016083,0.1303776123994651,0.8935863879813771,-35.36854827550283
92,93.0,0.058733946749782384,9.954002121851484,0.4066964718363066,0.5223213136254877,0.02526922123017042,0.13037761239948986,0.8935863879813406,-35.36854827550018
93,94.0,0.7668366004889492,2.4532333387708207,0.40669635568261076,0.5223213909865292,0.02526922123021867,0.13037761239961432,0.8935863879813792,-35.36854827548681
94,95.0,0.49213376783640517,8.774054052677897,0.4066964395494806,0.5223213907490525,0.025269221230160285,0.13037761239946372,0.8935863879813791,-35.36854827550299
95,96.0,0.25875492239806386,4.2595552552178475,0.40669643937736216,0.5223213916835935,0.0252692212301602,0.1303776123994635,0.8935863879813793,-35.36854827550301
96,97.0,0.7891604759491464,2.115834126812959,0.4066964196049717,0.522321430948508,0.025269221230159147,0.13037761239946077,0.8935863879813839,-35.3685482755033
97,98.0,0.056366930926382786,7.747120860500758,0.4066964713943759,0.5223213152326129,0.025269221230170058,0.13037761239948892,0.8935863879813418,-35.36854827550028
98,99.0,0.22989605737673258,8.958447709758545,0.40669645628298773,0.5223213512075201,0.025269221230164205,0.13037761239947382,0.8935863879813644,-35.3685482755019
99,100.0,0.7063969952157769,4.86672633717931,0.40669642341782675,0.5223214279122134,0.02526922123015893,0.13037761239946022,0.8935863879813839,-35.368548275503365
100,101.0,0.4272570494311473,7.16506341642214,0.4066964381950003,0.5223213936022254,0.025269221230160115,0.13037761239946327,0.8935863879813799,-35.36854827550303
101,102.0,0.30131724078475586,2.519577314649828,0.40669642622198543,0.522321421760474,0.025269221230159015,0.13037761239946044,0.8935863879813837,-35.368548275503336
102,103.0,0.4942369138322469,0.27520374164397154,0.4066964196950953,0.5223214359594123,0.025269221230158952,0.13037761239946027,0.8935863879813837,-35.36854827550336
103,104.0,0.15576600337588287,5.924840313249071,0.4066964559496774,0.5223213513909389,0.025269221230164233,0.1303776123994739,0.8935863879813644,-35.368548275501894
104,105.0,0.8336451724366497,8.716328730450753,0.406696429648331,0.5223214137427644,0.025269221230159157,0.1303776123994608,0.8935863879813832,-35.3685482755033
105,106.0,0.44893154944094804,2.16935782302023,0.4066964218730335,0.5223214317889503,0.025269221230158897,0.13037761239946014,0.8935863879813839,-35.36854827550337
106,107.0,0.37470948547546834,7.3629768625798855,0.4066964434286419,0.5223213817536728,0.025269221230160947,0.1303776123994654,0.8935863879813767,-35.3685482755028
107,108.0,0.5912451473941718,2.6257182138532005,0.4066959675328752,0.522321127188402,0.02526922123284889,0.1303776124063997,0.8935863879810862,-35.3685482747582
108,109.0,0.6611594816765585,1.5218304390277397,0.40669642945148277,0.5223214436366532,0.02526922123015941,0.13037761239946147,0.8935863879813831,-35.36854827550323
109,110.0,0.9648388522382955,8.066422292563841,0.40669642621146196,0.5223214217120172,0.025269221230158987,0.13037761239946036,0.8935863879813838,-35.36854827550334
110,111.0,0.24880864645189082,4.701688077806905,0.40669644124287263,0.522321387155569,0.025269221230160517,0.13037761239946433,0.8935863879813782,-35.36854827550292
111,112.0,0.6796983762579367,6.669244648339802,0.4066964287441689,0.5223214159073202,0.025269221230159133,0.13037761239946075,0.8935863879813832,-35.36854827550331
112,113.0,0.9272213150646365,0.18081823144727724,0.40669642004963497,0.5223214356382598,0.025269221230158918,0.1303776123994602,0.8935863879813838,-35.36854827550337
113,114.0,0.01728382116755245,9.122988886318817,0.4066964750798666,0.5223213049544758,0.025269221230172233,0.13037761239949452,0.8935863879813339,-35.36854827549968
114,115.0,0.676734904589202,3.2634678351212525,0.40669642108504617,0.5223214332280328,0.025269221230158935,0.13037761239946025,0.8935863879813838,-35.368548275503365
115,116.0,0.013624562327141043,9.73527877144634,0.40669647643235646,0.5223213029111029,0.025269221230172566,0.13037761239949539,0.8935863879813322,-35.368548275499585
116,117.0,0.5002039551219578,1.7083330031687225,0.40669631264899053,0.5223213580764685,0.025269221230322568,0.13037761239988235,0.8935863879813676,-35.36854827545803
117,118.0,0.017164817881282546,8.674120441213775,0.40669647669249176,0.5223213017456775,0.02526922123017289,0.13037761239949625,0.8935863879813312,-35.36854827549949
118,119.0,0.23209950996228046,6.7705325951374435,0.40669645204524074,0.5223213619124653,0.025269221230162894,0.13037761239947043,0.8935863879813692,-35.36854827550226
119,120.0,0.14360315634812482,2.9930868507876984,0.4066964444750926,0.5223213793116173,0.025269221230161173,0.130377612399466,0.8935863879813758,-35.36854827550274
120,121.0,0.07743891277972048,8.896613264574828,0.4066964692429848,0.5223213196150153,0.0252692212301693,0.13037761239948698,0.893586387981345,-35.36854827550049
121,122.0,0.953849844012178,4.493283295140621,0.4066964211795094,0.5223214334189149,0.02526922123015892,0.1303776123994602,0.8935863879813838,-35.368548275503365
122,123.0,0.7455059514051182,9.04824308014505,0.4066964319491002,0.5223214082617281,0.025269221230159365,0.13037761239946133,0.8935863879813826,-35.368548275503244
123,124.0,0.4764629458695562,6.507523049164545,0.4066964344414468,0.5223214027365319,0.025269221230159608,0.13037761239946197,0.8935863879813816,-35.36854827550317
124,125.0,0.3956023117151808,4.313184066586993,0.4066964304695824,0.5223214119737167,0.025269221230159233,0.130377612399461,0.8935863879813829,-35.36854827550327
125,126.0,0.6107985795620068,4.059741576301018,0.40669642368666453,0.5223214279282704,0.025269221230158928,0.13037761239946022,0.8935863879813839,-35.368548275503365
126,127.0,0.39608896377999137,5.930860387801192,0.40669643641720005,0.5223213982827866,0.02526922123015982,0.13037761239946252,0.8935863879813808,-35.368548275503116
127,128.0,0.9323298308746729,9.641704642077489,0.4066964289871095,0.5223214153813033,0.025269221230159136,0.13037761239946075,0.8935863879813832,-35.36854827550331
128,129.0,0.14015927969804398,7.7762333222053135,0.40669646197247245,0.5223213376754997,0.025269221230166165,0.1303776123994789,0.8935863879813568,-35.36854827550136
129,130.0,0.8436290716900704,8.880277242477307,0.406696428832308,0.5223214153938704,0.025269221230159167,0.13037761239946083,0.8935863879813832,-35.368548275503294
130,131.0,0.7711564161584059,9.95265447168445,0.4066964337343876,0.5223214050316646,0.02526922123015946,0.13037761239946158,0.8935863879813821,-35.368548275503215
131,132.0,0.4780222111062743,3.811381734343791,0.40669642525432825,0.5223214238190892,0.025269221230158977,0.13037761239946033,0.8935863879813838,-35.36854827550335
132,133.0,0.24363733318666125,8.226298855980957,0.4066964539736723,0.5223213572757861,0.025269221230163428,0.13037761239947182,0.8935863879813672,-35.36854827550212
133,134.0,0.7480641771495311,4.524925676253874,0.4066964227531875,0.5223214292714544,0.025269221230158942,0.13037761239946025,0.8935863879813839,-35.36854827550336
134,135.0,0.863505937727783,6.179623213528673,0.40669642482610524,0.5223214258254798,0.025269221230158935,0.13037761239946025,0.8935863879813838,-35.368548275503365
135,136.0,0.36815470235248426,1.8774539636940857,0.4066964212307397,0.5223214328511395,0.02526922123015894,0.13037761239946025,0.8935863879813838,-35.368548275503365
136,137.0,0.8558853168661337,6.0318355708215075,0.4066964240629743,0.5223214266717671,0.025269221230158956,0.13037761239946027,0.8935863879813838,-35.36854827550336
137,138.0,0.42297697998454165,1.4740824304530302,0.4066962959025814,0.5223213472808753,0.025269221230374138,0.1303776124000154,0.8935863879813621,-35.36854827544374
138,139.0,0.1996340833581154,8.133118940995946,0.40669645786692277,0.5223213474551959,0.025269221230164743,0.1303776123994752,0.8935863879813623,-35.36854827550175
139,140.0,0.4508867595461712,9.270041238414397,0.4066964437133306,0.522321381365651,0.025269221230160954,0.13037761239946544,0.8935863879813766,-35.3685482755028
140,141.0,0.6514362838883162,9.214357916626177,0.4066964358968388,0.5223213995158176,0.025269221230159757,0.13037761239946236,0.8935863879813811,-35.36854827550313
141,142.0,0.8440317022237838,7.7176277594761356,0.40669642745439655,0.5223214192863188,0.025269221230159043,0.1303776123994605,0.8935863879813836,-35.36854827550333
142,143.0,0.3575289246494071,0.5518723108437092,0.4066964198195897,0.5223214372013547,0.02526922123015892,0.1303776123994602,0.8935863879813837,-35.368548275503365
143,144.0,0.017430047047822694,3.6494316820983492,0.40669647315855784,0.5223213103226283,0.02526922123017109,0.13037761239949158,0.893586387981338,-35.36854827549999
144,145.0,0.5599159561349414,9.594441218754762,0.4066964399034309,0.522321390164688,0.025269221230160312,0.1303776123994638,0.893586387981379,-35.368548275502974
145,146.0,0.8193632481417383,8.141812754018785,0.4066964288296736,0.5223214161546254,0.025269221230159084,0.13037761239946064,0.8935863879813835,-35.368548275503315
146,147.0,0.6528089204497157,4.5037617410864375,0.40669642362351605,0.5223214283447121,0.025269221230158935,0.13037761239946025,0.8935863879813838,-35.368548275503365
147,148.0,0.620131202535355,6.253466774525031,0.40669642811897244,0.5223214172138297,0.025269221230159084,0.13037761239946064,0.8935863879813835,-35.368548275503315
148,149.0,0.06288811891767221,6.377581059306403,0.406696468685417,0.5223213213826877,0.02526922123016894,0.13037761239948603,0.8935863879813463,-35.368548275500586
149,150.0,0.9715580383686886,8.832814087294711,0.4066964274742676,0.5223214192590268,0.025269221230159036,0.1303776123994605,0.8935863879813836,-35.36854827550333
150,151.0,0.41476980274413666,4.236804786436426,0.4066964291572079,0.522321415404247,0.025269221230159136,0.13037761239946075,0.8935863879813832,-35.36854827550331
151,152.0,0.019639087490736062,0.06610528199489078,0.4066964227115068,0.522321430825934,0.025269221230158866,0.13037761239946005,0.8935863879813839,-35.36854827550338
152,153.0,0.7621644411246182,0.9836911511566891,0.40669642028213393,0.522321435977614,0.02526922123015892,0.1303776123994602,0.8935863879813837,-35.368548275503365
153,154.0,0.32588449725145796,2.4201978726122984,0.4066964254714182,0.5223214233950602,0.025269221230158977,0.13037761239946033,0.8935863879813838,-35.36854827550335
154,155.0,0.1158892351820946,2.599728529277814,0.4066964447304897,0.5223213780769805,0.025269221230161287,0.1303776123994663,0.8935863879813755,-35.36854827550271
155,156.0,0.4677704050235315,0.7133982466998728,0.4066964190562592,0.5223214375688556,0.025269221230158977,0.13037761239946033,0.8935863879813836,-35.36854827550335
156,157.0,0.24464178450406515,0.29871899974622024,0.40669641967941306,0.522321434157941,0.025269221230159015,0.13037761239946044,0.8935863879813837,-35.368548275503336
157,158.0,0.9654870968327988,2.5147927517264352,0.4066964226545422,0.5223214372971933,0.025269221230158803,0.13037761239945989,0.8935863879813837,-35.3685482755034
158,159.0,0.5818741642246134,2.724121315630882,0.4066964212529658,0.5223214328175366,0.02526922123015893,0.13037761239946022,0.8935863879813838,-35.368548275503365
159,160.0,0.5344182554681494,6.9286504974852,0.40669643418619306,0.5223214032560939,0.02526922123015958,0.13037761239946188,0.8935863879813818,-35.36854827550318
160,161.0,0.9047673654391701,9.088735005623509,0.40669642985459,0.5223214132242191,0.025269221230159213,0.13037761239946094,0.893586387981383,-35.36854827550328
161,162.0,0.3010812309068994,5.763068290240779,0.4066964425236816,0.5223213841737822,0.02526922123016076,0.13037761239946494,0.8935863879813774,-35.36854827550285
162,163.0,0.36050239346436463,3.5468468819594023,0.4066964295399984,0.5223214145505252,0.025269221230159147,0.13037761239946077,0.8935863879813832,-35.3685482755033
163,164.0,0.5500813947726391,1.242190230506415,0.40669643053286314,0.5223214418762423,0.025269221230159372,0.13037761239946136,0.8935863879813833,-35.36854827550324
164,165.0,0.6332798553449673,5.511426826305903,0.40669642671106143,0.5223214205775814,0.025269221230159025,0.13037761239946047,0.8935863879813837,-35.368548275503336
165,166.0,0.1816049710991312,7.994073823367375,0.40669645848456576,0.5223213464220279,0.025269221230164854,0.1303776123994755,0.8935863879813618,-35.36854827550172
166,167.0,0.7137281809338278,7.845476669010676,0.40669643116979654,0.5223214108724056,0.02526922123015926,0.13037761239946108,0.8935863879813828,-35.36854827550327
167,168.0,0.7579844876185753,8.927525916427749,0.40669643190981,0.5223214088951255,0.02526922123015934,0.13037761239946127,0.8935863879813826,-35.36854827550325
168,169.0,0.22384953723049095,6.327218411912817,0.4066964497333885,0.5223213662158466,0.02526922123016245,0.1303776123994693,0.8935863879813711,-35.368548275502384
169,170.0,0.8498450528322478,5.7113070311140515,0.40669642267393036,0.5223214296959939,0.02526922123015892,0.1303776123994602,0.8935863879813839,-35.368548275503365
170,171.0,0.5274005003893891,6.611363254924463,0.4066964341093284,0.5223214042456658,0.025269221230159494,0.13037761239946166,0.8935863879813819,-35.36854827550321
171,172.0,0.2706288341596771,1.8980790888564985,0.40669642429666586,0.5223214262433441,0.02526922123015892,0.1303776123994602,0.8935863879813839,-35.368548275503365
172,173.0,0.9073951246579075,2.094144300738591,0.40669643003610123,0.5223214428511819,0.025269221230159383,0.13037761239946138,0.8935863879813832,-35.36854827550324
173,174.0,0.3042409645183093,3.083929615180778,0.4066964299546579,0.5223214140538751,0.025269221230159136,0.13037761239946075,0.8935863879813832,-35.36854827550331
174,175.0,7.628543206883442e-05,8.027214279125856,0.4066964777923874,0.5223212994132056,0.025269221230173358,0.13037761239949744,0.8935863879813293,-35.368548275499364
175,176.0,0.7962395586190552,6.722645165626186,0.40669642590946375,0.5223214227214888,0.025269221230158963,0.1303776123994603,0.8935863879813838,-35.36854827550335
176,177.0,0.3978458888688108,0.8543680961838914,0.40669642130060074,0.5223214334474451,0.025269221230158935,0.13037761239946025,0.8935863879813837,-35.368548275503365
177,178.0,0.1751614227572238,4.444932929559006,0.4066964482071957,0.5223213707078314,0.025269221230161946,0.13037761239946802,0.8935863879813729,-35.368548275502526
178,179.0,0.21089629132817678,7.486808309199562,0.4066964542902324,0.5223213554247645,0.02526922123016373,0.1303776123994726,0.8935863879813662,-35.36854827550203
179,180.0,0.37020783553734726,4.6833876865849815,0.4066964324874992,0.5223214075946659,0.025269221230159362,0.13037761239946133,0.8935863879813825,-35.368548275503244
180,181.0,0.6297449875557911,8.07920093265379,0.4066964335713625,0.5223214046118864,0.025269221230159494,0.13037761239946166,0.8935863879813821,-35.36854827550321
181,182.0,0.789118585039196,4.020956390508505,0.4066964206069048,0.5223214344737825,0.02526922123015893,0.13037761239946022,0.8935863879813838,-35.368548275503365
182,183.0,0.2380188638276769,7.335230117965099,0.4066964522869997,0.5223213606038067,0.025269221230163046,0.13037761239947085,0.8935863879813688,-35.36854827550222
183,184.0,0.9601368840646147,8.53503294611404,0.4066964270741431,0.522321420046388,0.025269221230159008,0.1303776123994604,0.8935863879813837,-35.36854827550334
184,185.0,0.6476719961800779,3.3689706324452717,0.406696421705928,0.5223214323554145,0.025269221230158907,0.13037761239946016,0.8935863879813839,-35.36854827550337
185,186.0,0.9551283493265833,9.635200123413854,0.40669642822361485,0.5223214174747628,0.025269221230159074,0.1303776123994606,0.8935863879813835,-35.36854827550332
186,187.0,0.7434088881125871,0.12886884321057693,0.40669641908325993,0.5223214383242518,0.025269221230158973,0.13037761239946033,0.8935863879813835,-35.36854827550335
187,188.0,0.4564879851206777,1.4039257663584683,0.40669637703034617,0.5223214038481092,0.025269221230187818,0.13037761239953474,0.8935863879813817,-35.36854827549536
188,189.0,0.1589603514260831,5.03192475579334,0.40669645251104375,0.5223213600483781,0.025269221230163154,0.13037761239947113,0.8935863879813684,-35.36854827550219
189,190.0,0.03690921197004937,0.28424860268740243,0.4066964222154725,0.5223214311709032,0.02526922123015892,0.1303776123994602,0.8935863879813838,-35.368548275503365
190,191.0,0.7447581475684348,5.911636997784255,0.40669642545314255,0.5223214238843822,0.025269221230158945,0.13037761239946027,0.8935863879813838,-35.36854827550336
191,192.0,0.964735290232485,0.12082807771757902,0.4066964140170914,0.5223214623004372,0.025269221230159653,0.13037761239946208,0.8935863879813801,-35.368548275503166
192,193.0,0.3641935782279595,7.504378909844152,0.40669644383012377,0.5223213809716063,0.02526922123016099,0.13037761239946555,0.8935863879813765,-35.36854827550279
193,194.0,0.8910060872220422,2.3361757452753626,0.4066964213738706,0.5223214371363063,0.025269221230158873,0.13037761239946008,0.8935863879813836,-35.36854827550338
194,195.0,0.1729000554190948,2.24032878676079,0.4066964346664386,0.522321402636391,0.025269221230159594,0.13037761239946194,0.8935863879813816,-35.36854827550317
195,196.0,0.20916628503461554,4.762826892255623,0.4066964453827425,0.5223213771113525,0.02526922123016136,0.1303776123994665,0.8935863879813751,-35.36854827550269
196,197.0,0.4325233068171488,1.478421456282654,0.406696310897551,0.5223213598341337,0.02526922123032423,0.13037761239988666,0.8935863879813684,-35.36854827545757
197,198.0,0.35554871082249384,1.641484502214825,0.40669588962941594,0.5223210774316067,0.025269221233828312,0.13037761240892637,0.89358638798098,-35.368548274486876
198,199.0,0.2648275725401791,1.458371254539343,0.40669642211059587,0.5223214311134038,0.025269221230158925,0.13037761239946022,0.8935863879813839,-35.368548275503365
199,200.0,0.9271168622229815,9.804100399324417,0.4066964290134197,0.5223214149506676,0.025269221230159154,0.1303776123994608,0.8935863879813833,-35.3685482755033
200,201.0,0.6790201382314859,2.92751752744548,0.4066960209935493,0.5223211644219619,0.02526922123225158,0.1303776124048588,0.8935863879811553,-35.36854827492366
201,202.0,0.32874257869183865,4.762391261064044,0.40669643652004567,0.5223213977897879,0.02526922123015987,0.13037761239946263,0.8935863879813807,-35.3685482755031
202,203.0,0.08970957351408371,9.97200832032447,0.40669646898138845,0.5223213201709936,0.025269221230169194,0.1303776123994867,0.8935863879813455,-35.36854827550052
203,204.0,0.20727135645664674,1.229995774154151,0.40669641948383833,0.5223214346795699,0.025269221230159015,0.13037761239946044,0.8935863879813837,-35.368548275503336
204,205.0,0.46345831252554603,4.2576003650038805,0.40669642762525077,0.5223214184706443,0.02526922123015908,0.1303776123994606,0.8935863879813835,-35.368548275503315
205,206.0,0.604062947494082,9.88779514969561,0.4066964377361655,0.5223213949714663,0.025269221230160014,0.13037761239946302,0.8935863879813801,-35.368548275503066
206,207.0,0.49094976161906967,8.43282425787189,0.4066964387947807,0.522321392568778,0.02526922123016017,0.1303776123994634,0.8935863879813796,-35.36854827550302
207,208.0,0.3593662152186322,7.8501093531113355,0.4066964452041624,0.5223213773882548,0.025269221230161343,0.13037761239946646,0.8935863879813752,-35.36854827550269
208,209.0,0.42934462323080436,9.808995296786964,0.4066964454868646,0.5223213766208273,0.02526922123016141,0.1303776123994666,0.893586387981375,-35.368548275502675
209,210.0,0.16822651535666655,6.854263565993158,0.40669645636200014,0.5223213500444644,0.025269221230164462,0.13037761239947449,0.8935863879813636,-35.36854827550183
210,211.0,0.0588147098706534,1.7458858032585494,0.40669645148605926,0.5223213628329251,0.02526922123016279,0.13037761239947018,0.8935863879813697,-35.36854827550229
211,212.0,0.5135835878929884,1.052737848689026,0.40669642139259404,0.5223214327512029,0.025269221230158945,0.13037761239946027,0.8935863879813837,-35.36854827550336
212,213.0,0.22974445151770018,0.6099555420501858,0.4066964183146232,0.5223214379425428,0.02526922123015902,0.13037761239946044,0.8935863879813836,-35.368548275503336
213,214.0,0.7957764272856136,7.701063269294943,0.40669642718379173,0.5223214195853402,0.02526922123015903,0.13037761239946047,0.8935863879813837,-35.368548275503336
214,215.0,0.4585889535497728,6.244541005552946,0.4066964358992996,0.5223214000090447,0.0252692212301597,0.13037761239946222,0.8935863879813812,-35.36854827550315
215,216.0,0.6893867891466591,7.5532046467026355,0.40669643071726547,0.5223214114121821,0.02526922123015924,0.13037761239946102,0.8935863879813829,-35.36854827550327
216,217.0,0.10515120831888558,5.121031547078575,0.4066964610066603,0.5223213404602435,0.025269221230165714,0.13037761239947773,0.8935863879813584,-35.36854827550148
217,218.0,0.8094629651776565,3.070960493037761,0.406696209353569,0.5223212882653663,0.02526922123076019,0.13037761240101134,0.8935863879813194,-35.3685482753368
218,219.0,0.7367282724416622,5.410168467773328,0.406696424490025,0.5223214255660288,0.025269221230158935,0.13037761239946025,0.8935863879813839,-35.368548275503365
219,220.0,0.6611748511211738,3.593505527069668,0.4066964214185314,0.5223214326277078,0.025269221230158945,0.13037761239946027,0.8935863879813838,-35.36854827550336
220,221.0,0.4832353823254023,7.509766841259155,0.40669643821882745,0.5223213941200749,0.02526922123016008,0.1303776123994632,0.8935863879813799,-35.368548275503045
221,222.0,0.6022952673912385,9.08876748440304,0.4066964372711638,0.5223213964092194,0.025269221230159924,0.13037761239946277,0.8935863879813805,-35.36854827550309
222,223.0,0.17678240173195037,4.767334838486194,0.40669644946496075,0.5223213674406432,0.025269221230162318,0.13037761239946896,0.8935863879813715,-35.36854827550242
223,224.0,0.6476692411811064,6.1999903299262025,0.40669642815881596,0.5223214175557004,0.025269221230159098,0.13037761239946066,0.8935863879813833,-35.368548275503315
224,225.0,0.4999617730918807,8.552942528673075,0.4066964409035314,0.5223213882539918,0.025269221230160416,0.13037761239946405,0.8935863879813786,-35.36854827550295
225,226.0,0.35342874539445246,5.648539648643526,0.4066964392538638,0.5223213921136419,0.025269221230160156,0.13037761239946338,0.8935863879813796,-35.36854827550302
226,227.0,0.1939662831233464,4.290043456359656,0.4066964458275782,0.522321376465208,0.02526922123016141,0.1303776123994666,0.8935863879813749,-35.368548275502675
227,228.0,0.3459325977119099,4.052681957280329,0.40669643161773844,0.5223214093808402,0.025269221230159324,0.13037761239946122,0.8935863879813827,-35.36854827550326
228,229.0,0.9107862641101859,8.444039629955283,0.4066964285867253,0.522321416255414,0.025269221230159105,0.13037761239946066,0.8935863879813835,-35.368548275503315
229,230.0,0.4155472262927181,1.324362309248243,0.4066963591152586,0.5223213905032495,0.02526922123021468,0.13037761239960405,0.893586387981379,-35.36854827548792
230,231.0,0.49788762476488124,4.838538933588892,0.4066964283123574,0.5223214169977346,0.025269221230159105,0.13037761239946066,0.8935863879813833,-35.368548275503315
231,232.0,0.3094599171964334,5.6422126746545445,0.4066964411487388,0.5223213876299281,0.025269221230160493,0.13037761239946424,0.8935863879813782,-35.368548275502924
232,233.0,0.06574215331788369,1.981090329369077,0.4066964524942496,0.5223213604822321,0.02526922123016304,0.13037761239947082,0.8935863879813687,-35.36854827550222
233,234.0,0.30402276270839046,1.1232281973160954,0.4066964204273508,0.5223214327958624,0.025269221230159008,0.1303776123994604,0.8935863879813838,-35.36854827550334
234,235.0,0.12381542273598845,2.9101463542787407,0.4066964465882015,0.5223213743791018,0.025269221230161596,0.1303776123994671,0.8935863879813742,-35.36854827550262
235,236.0,0.09418956958048275,4.0974841330799165,0.40669645804039517,0.5223213471600121,0.025269221230164774,0.1303776123994753,0.8935863879813621,-35.368548275501745
236,237.0,0.34090725683794443,2.0414296578856392,0.40669642266600825,0.5223214301256283,0.025269221230158907,0.13037761239946016,0.8935863879813839,-35.36854827550337
237,238.0,0.17989449684573022,1.6932008089281576,0.4066964275812385,0.5223214186632515,0.025269221230159032,0.13037761239946047,0.8935863879813836,-35.36854827550333
238,239.0,0.3095754853990196,6.699855171299521,0.4066964438537122,0.5223213806554353,0.02526922123016104,0.13037761239946566,0.8935863879813764,-35.368548275502775
239,240.0,0.06906427896988498,5.46182673688259,0.4066964658497143,0.5223213277768274,0.02526922123016785,0.13037761239948326,0.8935863879813506,-35.368548275500885
240,241.0,0.48763037013541755,5.713768487358736,0.4066964312430624,0.5223214101182765,0.025269221230159306,0.1303776123994612,0.8935863879813827,-35.36854827550326
241,242.0,0.446939941282229,2.964824316329975,0.40669642289215824,0.5223214293515867,0.025269221230158918,0.1303776123994602,0.8935863879813839,-35.36854827550337
242,243.0,0.6098794250872147,3.626329628120408,0.40669642335172274,0.5223214289718919,0.025269221230158918,0.1303776123994602,0.8935863879813838,-35.36854827550337
243,244.0,0.013496765657958099,5.02652484164135,0.4066964742065221,0.5223213073077922,0.025269221230171758,0.1303776123994933,0.8935863879813357,-35.368548275499805
244,245.0,0.43729121654170855,9.479594437026973,0.4066964450909779,0.5223213776096635,0.025269221230161298,0.13037761239946632,0.8935863879813754,-35.368548275502704
245,246.0,0.02999656749509405,3.8251254933228336,0.40669646998245224,0.5223213181213222,0.025269221230169545,0.13037761239948759,0.8935863879813439,-35.36854827550042
246,247.0,0.16972886187023206,4.368498224933534,0.4066964486453284,0.5223213692065589,0.02526922123016211,0.13037761239946843,0.8935863879813724,-35.36854827550248
247,248.0,0.6946532952244558,1.9975336123088678,0.40669640353584874,0.5223214197744147,0.02526922123016487,0.13037761239947554,0.8935863879813836,-35.368548275501716
248,249.0,0.1637327940916965,8.832032164372222,0.40669646139812504,0.5223213388655269,0.025269221230166002,0.13037761239947845,0.8935863879813575,-35.368548275501404
249,250.0,0.43064248543610983,1.0348456317888348,0.40669641797504597,0.5223214410598533,0.02526922123015899,0.13037761239946036,0.8935863879813833,-35.36854827550334
250,251.0,0.6473206510527996,5.388182413801932,0.40669642567058706,0.522321422901749,0.025269221230158987,0.13037761239946036,0.8935863879813838,-35.36854827550334
251,252.0,0.9601315601385078,1.7766683408693307,0.40669642469916556,0.5223214389740575,0.02526922123015884,0.13037761239946,0.8935863879813835,-35.368548275503386
252,253.0,0.562331469277201,8.086600143221947,0.40669643590329063,0.5223213995538883,0.025269221230159757,0.13037761239946236,0.893586387981381,-35.36854827550313
253,254.0,0.9067128539642998,9.677293819901651,0.406696429832326,0.5223214132565311,0.025269221230159178,0.13037761239946086,0.8935863879813832,-35.368548275503294
254,255.0,0.060283327977353585,5.372047127058618,0.4066964673692189,0.5223213243434971,0.025269221230168445,0.13037761239948475,0.8935863879813482,-35.36854827550073
255,256.0,0.43202674415067854,7.722928893999276,0.40669644081913464,0.5223213884519132,0.02526922123016042,0.13037761239946405,0.8935863879813786,-35.36854827550295
256,257.0,0.7275683557049759,9.855316413348177,0.4066964348287223,0.5223214017705676,0.025269221230159643,0.13037761239946205,0.8935863879813816,-35.368548275503166
257,258.0,0.14810439077220816,2.663905231361992,0.40669644078691075,0.5223213874875732,0.02526922123016052,0.13037761239946433,0.8935863879813783,-35.36854827550292
258,259.0,0.8204946025636759,1.9388884640829855,0.4066964296243665,0.5223214422789862,0.02526922123015933,0.13037761239946125,0.8935863879813831,-35.36854827550325
259,260.0,0.7870528386133215,7.56598514272803,0.40669642805281986,0.5223214178860942,0.025269221230159053,0.13037761239946052,0.8935863879813835,-35.36854827550333
260,261.0,0.600742480705349,6.927649054990963,0.4066964310747154,0.522321410522813,0.025269221230159306,0.1303776123994612,0.8935863879813827,-35.36854827550326
261,262.0,0.26090187255277963,5.510826896746078,0.4066964444699226,0.5223213791830159,0.025269221230161162,0.13037761239946596,0.8935863879813759,-35.36854827550275
262,263.0,0.9721145884952277,3.1788727243521007,0.406696343404041,0.5223213801766788,0.02526922123024428,0.1303776123996804,0.8935863879813762,-35.36854827547972
263,264.0,0.2745175158581801,0.7592727436954997,0.40669641711882387,0.5223214398775596,0.025269221230159088,0.13037761239946064,0.8935863879813833,-35.368548275503315
264,265.0,0.4134591432495037,0.0878306814066799,0.4066964215764248,0.5223214316643678,0.025269221230158942,0.13037761239946025,0.8935863879813839,-35.36854827550336
265,266.0,0.5266115358592183,2.797720844609285,0.4066964207061365,0.5223214341818029,0.02526922123015891,0.13037761239946016,0.8935863879813839,-35.36854827550337
266,267.0,0.9563941763437259,8.0317448503102,0.4066964255523569,0.522321423732214,0.02526922123015896,0.1303776123994603,0.8935863879813838,-35.36854827550336
267,268.0,0.017236901123888426,8.554049281957415,0.40669647598169256,0.5223213033910938,0.025269221230172546,0.13037761239949536,0.8935863879813325,-35.36854827549959
268,269.0,0.7115015270254991,6.40507227176685,0.40669642745197815,0.5223214193081972,0.025269221230159004,0.1303776123994604,0.8935863879813837,-35.36854827550334
269,270.0,0.30959353083483876,2.0134473315381056,0.40669642205580747,0.5223214307960257,0.02526922123015894,0.13037761239946025,0.8935863879813839,-35.368548275503365
270,271.0,0.7918707699005063,2.9301422846796035,0.4066962372852191,0.5223213082928647,0.02526922123061249,0.1303776124006303,0.8935863879813365,-35.36854827537772
271,272.0,0.9750075879507989,8.923200699725937,0.40669642750997415,0.5223214186653393,0.025269221230159074,0.1303776123994606,0.8935863879813835,-35.36854827550332
272,273.0,0.7542043869391369,9.893449097623447,0.4066964338108031,0.5223214040204037,0.02526922123015953,0.13037761239946177,0.8935863879813819,-35.368548275503194
273,274.0,0.9162063469339031,1.7023647333820053,0.40669642509447684,0.522321438704802,0.02526922123015883,0.13037761239945997,0.8935863879813836,-35.368548275503386
274,275.0,0.16857618883117753,1.1304536960929115,0.4066964233599418,0.5223214287699696,0.02526922123015891,0.13037761239946016,0.8935863879813839,-35.36854827550337
275,276.0,0.6970732933052387,7.012223082292204,0.40669642781186155,0.5223214180692046,0.02526922123015907,0.13037761239946058,0.8935863879813835,-35.36854827550332
276,277.0,0.7365789781520173,5.017714810441279,0.40669642355515145,0.5223214279310586,0.02526922123015893,0.13037761239946022,0.8935863879813839,-35.368548275503365
277,278.0,0.9307107790735586,1.4551468494948392,0.406696421427201,0.5223214355190424,0.025269221230158873,0.13037761239946008,0.8935863879813837,-35.36854827550338
278,279.0,0.32738136166219234,1.1753862607486398,0.40669642041560716,0.5223214357164129,0.025269221230158928,0.13037761239946022,0.8935863879813837,-35.368548275503365
279,280.0,0.3793656222401607,1.6133811773947646,0.40669604368565215,0.5223211815626988,0.02526922123201542,0.13037761240424953,0.893586387981184,-35.36854827498908
280,281.0,0.2788401703561314,4.329201025260388,0.40669643783860626,0.5223213946690651,0.025269221230160063,0.13037761239946313,0.89358638798138,-35.36854827550305
281,282.0,0.24951397855681334,0.3857150191964591,0.40669641981652266,0.5223214373407455,0.025269221230158925,0.13037761239946022,0.8935863879813837,-35.368548275503365
282,283.0,0.7501471994577681,0.14922407119222375,0.4066964194366494,0.5223214368276363,0.025269221230158942,0.13037761239946025,0.8935863879813837,-35.36854827550336
283,284.0,0.21486801410259082,7.954676492570728,0.4066964551213415,0.5223213543245799,0.02526922123016378,0.13037761239947274,0.8935863879813659,-35.36854827550202
284,285.0,0.2640289043491362,0.4704049432820146,0.40669642173899356,0.5223214344653089,0.025269221230158852,0.13037761239946002,0.8935863879813838,-35.36854827550338
285,286.0,0.4405858471808647,7.326727253934012,0.40669643840546066,0.5223213933973976,0.02526922123016013,0.13037761239946333,0.8935863879813798,-35.36854827550303
286,287.0,0.6387778601897147,9.826174536148267,0.4066964383006692,0.5223213943043985,0.025269221230160045,0.1303776123994631,0.8935863879813799,-35.36854827550305
287,288.0,0.8177674945705065,0.2759152422552696,0.40669642410237716,0.5223214210691649,0.025269221230159247,0.13037761239946102,0.8935863879813837,-35.36854827550327
288,289.0,0.091612326004339,6.144237948166482,0.40669646426104694,0.5223213320597052,0.02526922123016709,0.13037761239948126,0.8935863879813533,-35.3685482755011
289,290.0,0.7105982470269505,6.382077453497165,0.40669642631832104,0.5223214211633157,0.02526922123015904,0.1303776123994605,0.8935863879813837,-35.36854827550333
290,291.0,0.4417769540766314,5.698416371667163,0.40669643386543786,0.522321404245477,0.02526922123015951,0.13037761239946172,0.8935863879813819,-35.3685482755032
291,292.0,0.46624910877173265,0.8062163032479434,0.4066964201950129,0.5223214348450639,0.02526922123015896,0.1303776123994603,0.8935863879813837,-35.36854827550336
292,293.0,0.15862772216610377,3.3609757147098143,0.4066964442683975,0.5223213797013926,0.025269221230161152,0.13037761239946596,0.8935863879813759,-35.36854827550275
293,294.0,0.7603736813912625,5.376915605000883,0.40669642356873714,0.522321427950954,0.02526922123015893,0.13037761239946022,0.8935863879813839,-35.368548275503365
294,295.0,0.6156706508933598,2.430356236429263,0.40669615818120114,0.5223212561077409,0.025269221231072125,0.13037761240181606,0.8935863879812864,-35.36854827525039
295,296.0,0.844490874048765,6.838234667245406,0.4066964254831227,0.5223214235471408,0.025269221230158984,0.13037761239946036,0.8935863879813837,-35.36854827550335
296,297.0,0.7480458118693786,8.442199498071503,0.40669643105216113,0.5223214108947138,0.025269221230159268,0.1303776123994611,0.8935863879813828,-35.36854827550327
297,298.0,0.8573248962336419,6.136128128749528,0.4066964240733839,0.5223214271961933,0.025269221230158914,0.13037761239946016,0.8935863879813839,-35.36854827550337
298,299.0,0.7656410634284644,8.98339194446569,0.406696431621625,0.5223214093952413,0.025269221230159348,0.1303776123994613,0.8935863879813826,-35.368548275503244
299,300.0,0.24854667362103544,8.411548819494366,0.4066964541085314,0.5223213564456473,0.025269221230163542,0.13037761239947213,0.8935863879813668,-35.36854827550208
300,301.0,0.18577524039348825,4.180901127938893,0.4066964459824104,0.5223213759903179,0.025269221230161423,0.13037761239946666,0.8935863879813748,-35.368548275502675
301,302.0,0.9072735717704798,2.6792524967761158,0.4066963946172462,0.5223214129515211,0.02526922123017114,0.13037761239949172,0.893586387981383,-35.36854827549998
302,303.0,0.06664249338500472,7.676612458829441,0.4066964706692552,0.52232131704634,0.02526922123016971,0.13037761239948803,0.8935863879813432,-35.36854827550038
303,304.0,0.2953672445007106,0.3601248887255465,0.4066964202659731,0.522321435109321,0.025269221230158945,0.13037761239946027,0.8935863879813837,-35.36854827550336
304,305.0,0.38277358883231327,6.1004698213548565,0.4066964381483845,0.5223213942671,0.02526922123016006,0.13037761239946313,0.89358638798138,-35.36854827550305
305,306.0,0.960412129287046,5.0986956850001155,0.4066964211572687,0.5223214331277484,0.025269221230158935,0.13037761239946025,0.8935863879813838,-35.368548275503365
306,307.0,0.10125968045749056,0.7330758959200908,0.4066964213158624,0.5223214311205362,0.025269221230158966,0.1303776123994603,0.8935863879813839,-35.36854827550335
307,308.0,0.6003705575274759,0.40940151575558387,0.406696418375749,0.5223214401089371,0.02526922123015896,0.1303776123994603,0.8935863879813835,-35.36854827550336
308,309.0,0.18202001445931315,7.151491048003573,0.40669645560426876,0.5223213523262711,0.025269221230164122,0.1303776123994736,0.8935863879813648,-35.36854827550192
309,310.0,0.44109146445755965,5.5647303199049425,0.4066964329549124,0.5223214059956398,0.025269221230159462,0.13037761239946158,0.8935863879813822,-35.368548275503215
310,311.0,0.29555628566316405,7.172276156484301,0.40669644721050807,0.5223213729007775,0.02526922123016174,0.13037761239946746,0.8935863879813737,-35.36854827550258
311,312.0,0.15151183464581253,4.65273864710072,0.4066964520004288,0.5223213611797773,0.025269221230163008,0.13037761239947074,0.8935863879813689,-35.36854827550223
312,313.0,0.6820364340081595,2.940629519555737,0.40669602180459596,0.5223211624218818,0.025269221232253822,0.13037761240486456,0.8935863879811519,-35.36854827492304
313,314.0,0.6684361120887784,1.2767886274542835,0.4066964253985254,0.5223214401124552,0.02526922123015888,0.13037761239946008,0.8935863879813835,-35.36854827550337
314,315.0,0.723987787865853,3.361343067158307,0.4066964211583443,0.5223214335448145,0.025269221230158918,0.1303776123994602,0.8935863879813838,-35.36854827550337
315,316.0,0.2848844806823124,3.4259586746841055,0.4066964317617712,0.5223214094059689,0.025269221230159317,0.13037761239946122,0.8935863879813826,-35.36854827550326
316,317.0,0.8396481916263273,0.7872524112080622,0.40669641870760975,0.5223214379227916,0.025269221230159004,0.1303776123994604,0.8935863879813836,-35.36854827550334
317,318.0,0.6359938379639734,0.5689444940745901,0.4066964205943449,0.5223214358004229,0.025269221230158897,0.13037761239946014,0.8935863879813837,-35.36854827550337
318,319.0,0.35368533621706144,8.15949688119007,0.40669644608857514,0.5223213753941816,0.02526922123016151,0.13037761239946688,0.8935863879813746,-35.36854827550265
319,320.0,0.33240009702127427,0.008306648553190722,0.40669642360783576,0.5223214289141895,0.025269221230158893,0.13037761239946014,0.8935863879813839,-35.36854827550337
320,321.0,0.6002688144831957,8.604345974350696,0.40669643609753864,0.5223213991775153,0.025269221230159768,0.13037761239946238,0.893586387981381,-35.36854827550313
321,322.0,0.08003429480592417,8.478413000769855,0.4066964682270109,0.5223213221277866,0.025269221230168847,0.1303776123994858,0.8935863879813467,-35.368548275500615
322,323.0,0.47690976544765007,5.782609413820025,0.4066964330675707,0.5223214064845301,0.025269221230159393,0.1303776123994614,0.8935863879813823,-35.36854827550323
323,324.0,0.48207727163421477,4.984726372064148,0.40669642979073667,0.522321413919264,0.02526922123015916,0.13037761239946083,0.8935863879813831,-35.3685482755033
324,325.0,0.08081413905850166,2.2790182775556884,0.4066964508018626,0.5223213646145254,0.025269221230162578,0.13037761239946963,0.8935863879813705,-35.368548275502356
325,326.0,0.23024825020170736,5.686919218757201,0.4066964488969557,0.5223213694411815,0.02526922123016205,0.13037761239946827,0.8935863879813724,-35.3685482755025
326,327.0,0.3385048401445463,8.92815702384638,0.4066964484941127,0.5223213700800028,0.02526922123016199,0.1303776123994681,0.8935863879813727,-35.36854827550252
327,328.0,0.6571425285991569,0.737680047821309,0.4066964200819198,0.5223214369395712,0.025269221230158935,0.13037761239946025,0.8935863879813836,-35.368548275503365
328,329.0,0.5476952747791594,2.263899924380498,0.40669609104988474,0.5223212106667429,0.025269221231591046,0.13037761240315474,0.8935863879812282,-35.36854827510664
329,330.0,0.3876845107110347,3.771713611409961,0.4066964275760052,0.5223214185393021,0.025269221230159056,0.13037761239946052,0.8935863879813836,-35.36854827550332
330,331.0,0.1795374206877115,1.4778353147295575,0.4066964253916146,0.5223214233744068,0.025269221230158987,0.13037761239946036,0.8935863879813838,-35.36854827550334
331,332.0,0.7687525297783493,4.501278363469889,0.40669642185674676,0.5223214314916523,0.02526922123015894,0.13037761239946025,0.8935863879813838,-35.368548275503365
332,333.0,0.49696469538639676,1.8863519180048363,0.40669620841103377,0.5223212885826533,0.02526922123076332,0.1303776124010194,0.8935863879813196,-35.36854827533594
333,334.0,0.3927742792808444,7.493730306659826,0.4066964419896533,0.5223213848546248,0.025269221230160715,0.13037761239946483,0.8935863879813776,-35.36854827550287
334,335.0,0.9505324693652115,4.6359546169958,0.4066964210332482,0.5223214332230273,0.025269221230158945,0.13037761239946027,0.8935863879813838,-35.36854827550336
335,336.0,0.5648352156100436,0.9597890622291665,0.40669642245326376,0.5223214323053642,0.02526922123015887,0.13037761239946008,0.8935863879813839,-35.36854827550338
336,337.0,0.17899847856633433,3.5370529545500218,0.4066964418495384,0.5223213851690768,0.02526922123016069,0.13037761239946477,0.8935863879813777,-35.368548275502874
337,338.0,0.5413050816789636,8.49710030157098,0.4066964381071169,0.5223213939722535,0.0252692212301601,0.13037761239946324,0.8935863879813799,-35.36854827550304
338,339.0,0.7642474424053863,3.9526546725854335,0.40669642159932246,0.5223214321112589,0.02526922123015893,0.13037761239946022,0.8935863879813838,-35.368548275503365
339,340.0,0.769278586256767,6.464353868236078,0.40669642552945673,0.5223214233131686,0.02526922123015898,0.13037761239946033,0.8935863879813838,-35.36854827550335
340,341.0,0.2663404419779015,7.751924884863996,0.40669645202979643,0.5223213618547599,0.02526922123016289,0.13037761239947043,0.8935863879813692,-35.36854827550227
341,342.0,0.442376647922335,7.900584702563138,0.4066964404829342,0.5223213881391273,0.025269221230160475,0.13037761239946422,0.8935863879813786,-35.36854827550293
342,343.0,0.6812075591851294,6.040583601343651,0.40669642594187627,0.5223214219674699,0.025269221230159025,0.13037761239946047,0.8935863879813837,-35.368548275503336
343,344.0,0.7226215053045503,7.68502708557263,0.40669642893559504,0.5223214153205211,0.025269221230159133,0.13037761239946075,0.8935863879813833,-35.36854827550331
344,345.0,0.24797648536088446,0.4529202351687987,0.40669642208019996,0.5223214312571256,0.02526922123015894,0.13037761239946025,0.8935863879813838,-35.368548275503365
345,346.0,0.39620304968040243,8.439244515957775,0.4066964439773761,0.5223213801499382,0.025269221230161114,0.13037761239946585,0.8935863879813761,-35.36854827550276
346,347.0,0.04285136081729646,3.326523602049411,0.40669646636011814,0.522321327223837,0.025269221230167897,0.13037761239948334,0.8935863879813501,-35.368548275500885
347,348.0,0.13209675457704073,4.380577014313911,0.40669645316140063,0.5223213585059301,0.025269221230163324,0.13037761239947157,0.8935863879813677,-35.36854827550214
348,349.0,0.939127545132967,1.998891871475698,0.40669642959459973,0.5223214415250663,0.025269221230159247,0.13037761239946102,0.8935863879813833,-35.36854827550327
349,350.0,0.7630543329516605,3.308978019431006,0.4066960108779626,0.5223211567124467,0.025269221232361718,0.13037761240514292,0.8935863879811418,-35.36854827489315
350,351.0,0.1072018985437937,1.2538092366120464,0.40669642406950524,0.5223214277937933,0.025269221230158893,0.13037761239946014,0.8935863879813839,-35.36854827550337
351,352.0,0.2245456671285,4.423520185556069,0.4066964426782545,0.5223213834204969,0.02526922123016082,0.1303776123994651,0.8935863879813771,-35.36854827550284
352,353.0,0.7311550841336933,1.6946892201836448,0.4066964296343248,0.522321442857693,0.025269221230159372,0.13037761239946136,0.8935863879813831,-35.36854827550324
353,354.0,0.12461644672402994,3.3618615116034514,0.4066964495148208,0.5223213674767747,0.025269221230162252,0.1303776123994688,0.8935863879813717,-35.36854827550244
354,355.0,0.3862468732569315,5.820088461991018,0.40669643765427543,0.5223213954070998,0.025269221230159986,0.13037761239946294,0.8935863879813802,-35.36854827550307
355,356.0,0.7570104510905147,4.140260574020588,0.40669642189431643,0.5223214321654028,0.025269221230158907,0.13037761239946016,0.8935863879813838,-35.36854827550337
356,357.0,0.8209534887846058,4.69932041075944,0.4066964232030989,0.522321429022561,0.025269221230158914,0.13037761239946016,0.8935863879813839,-35.36854827550337
357,358.0,0.9767448973378224,2.627464522613775,0.40669641700562026,0.5223214349711254,0.025269221230159233,0.130377612399461,0.8935863879813838,-35.36854827550327
358,359.0,0.8061815849921478,7.50443328791022,0.40669642784695176,0.5223214178380566,0.025269221230159105,0.13037761239946066,0.8935863879813833,-35.368548275503315
359,360.0,0.2406738054226486,4.765871817445434,0.4066964421137327,0.5223213844123828,0.025269221230160753,0.1303776123994649,0.8935863879813775,-35.36854827550286
360,361.0,0.2610672229050698,5.441235353737695,0.4066964449795155,0.5223213783420404,0.02526922123016123,0.13037761239946616,0.8935863879813756,-35.368548275502725
361,362.0,0.391945900487197,8.21639138290358,0.4066964448416273,0.5223213784726013,0.025269221230161207,0.1303776123994661,0.8935863879813757,-35.36854827550273
362,363.0,0.43009389168842993,3.4543639992903707,0.40669642478828827,0.5223214248469856,0.025269221230158966,0.1303776123994603,0.8935863879813838,-35.36854827550335
363,364.0,0.5936026015649309,4.196037521040015,0.40669642383450955,0.5223214272411356,0.025269221230158925,0.13037761239946022,0.8935863879813839,-35.368548275503365
364,365.0,0.5643168208507243,4.6155342665228565,0.40669642488363617,0.5223214244081021,0.025269221230158984,0.13037761239946036,0.8935863879813838,-35.36854827550335
365,366.0,0.6530631908525713,7.6371967104669585,0.406696432073072,0.5223214086280475,0.025269221230159348,0.1303776123994613,0.8935863879813826,-35.368548275503244
366,367.0,0.14181857423182997,4.620189421118511,0.4066964542483253,0.5223213565651533,0.025269221230163515,0.13037761239947204,0.8935863879813668,-35.36854827550209
367,368.0,0.9244848484837002,1.2949360305230557,0.40669671269694846,0.5223215385544101,0.02526922123097312,0.13037761240156065,0.8935863879813444,-35.36854827527782
368,369.0,0.19728795722269776,2.9401317832618137,0.40669643729440785,0.5223213966319415,0.025269221230159903,0.13037761239946272,0.8935863879813805,-35.368548275503095
369,370.0,0.9215669706326252,4.095344110744689,0.4066959656960627,0.5223211274566718,0.025269221232863372,0.13037761240643708,0.8935863879810868,-35.36854827475418
370,371.0,0.9265692520950092,1.493260438745171,0.40669642234516196,0.5223214345462142,0.02526922123015882,0.13037761239945994,0.8935863879813838,-35.36854827550339
371,372.0,0.3198012443160285,4.22103768153309,0.4066964342957823,0.5223214030708344,0.02526922123015957,0.13037761239946188,0.8935863879813818,-35.36854827550318
372,373.0,0.053132044238172194,4.927791770959683,0.4066964686492764,0.5223213220834031,0.025269221230168785,0.13037761239948564,0.8935863879813466,-35.36854827550063
373,374.0,0.17655119327449809,7.267885207701087,0.4066964563073645,0.5223213507356309,0.025269221230164306,0.1303776123994741,0.893586387981364,-35.36854827550187
374,375.0,0.010009951668930372,5.739034172285734,0.4066964766835937,0.522321302033728,0.025269221230172795,0.13037761239949597,0.8935863879813314,-35.36854827549952
375,376.0,0.519185033721564,2.206843928114184,0.40669604577661517,0.5223211795038266,0.025269221232008667,0.13037761240423212,0.8935863879811806,-35.36854827499096
376,377.0,0.05600110955903592,1.9023797579925728,0.4066964539574666,0.52232135724627,0.02526922123016343,0.13037761239947182,0.8935863879813671,-35.368548275502114
377,378.0,0.411257249420084,0.8500815503034184,0.4066964220558392,0.5223214305748706,0.025269221230158945,0.13037761239946027,0.8935863879813839,-35.36854827550336
378,379.0,0.2777371591273975,5.1126617885348145,0.40669644093445356,0.522321387203377,0.025269221230160538,0.13037761239946435,0.8935863879813782,-35.36854827550292
379,380.0,0.5687917496940786,9.577162014344255,0.4066964382981478,0.5223213934688942,0.02526922123016012,0.1303776123994633,0.8935863879813798,-35.36854827550303
380,381.0,0.5976410267647475,8.080325816743423,0.4066964345050739,0.5223214029523466,0.025269221230159566,0.13037761239946186,0.8935863879813818,-35.36854827550319
381,382.0,0.6494261443833639,5.569531166276438,0.40669642705882164,0.5223214201222617,0.02526922123015902,0.13037761239946044,0.8935863879813837,-35.368548275503336
382,383.0,0.7782340483601754,2.192696212934683,0.40669640819217906,0.5223214252443108,0.025269221230162116,0.13037761239946843,0.8935863879813839,-35.36854827550248
383,384.0,0.6118084866171175,1.3891675828869863,0.40669643022703567,0.5223214428951573,0.025269221230159435,0.13037761239946152,0.8935863879813832,-35.36854827550322
384,385.0,0.1417711986766924,4.466107217321586,0.4066964525365475,0.5223213596367772,0.025269221230163216,0.13037761239947127,0.8935863879813682,-35.36854827550218
385,386.0,0.5707355806760868,1.6585559117824176,0.406696399029032,0.5223214198853514,0.02526922123016682,0.1303776123994806,0.8935863879813837,-35.368548275501176
386,387.0,0.05556305479728141,9.859316555814024,0.406696472820408,0.5223213112062114,0.025269221230170894,0.13037761239949108,0.8935863879813388,-35.368548275500046
387,388.0,0.028873340662926017,1.0753542408262635,0.40669641963787034,0.5223214362820372,0.025269221230158977,0.13037761239946033,0.8935863879813837,-35.36854827550335
388,389.0,0.40234989661347964,6.242293279207757,0.4066964380670164,0.5223213947122212,0.025269221230160004,0.130377612399463,0.8935863879813801,-35.368548275503066
389,390.0,0.9813529820473071,9.149423236051241,0.4066964268153492,0.5223214203289298,0.025269221230159025,0.13037761239946047,0.8935863879813837,-35.368548275503336
390,391.0,0.8645424752716121,2.0209215692437366,0.4066964310622306,0.5223214400470011,0.025269221230159285,0.13037761239946113,0.8935863879813835,-35.368548275503265
391,392.0,0.18527306143388123,0.11707281903310153,0.4066964242705303,0.522321428571458,0.025269221230158873,0.13037761239946008,0.8935863879813838,-35.36854827550338
392,393.0,0.5614327683719316,0.8993990760963021,0.4066964174462515,0.5223214391305259,0.025269221230159067,0.13037761239946058,0.8935863879813835,-35.36854827550332
393,394.0,0.7856251242275177,2.051169785087851,0.4066964236028596,0.5223214342554887,0.025269221230158796,0.13037761239945989,0.8935863879813837,-35.3685482755034
394,395.0,0.9328116827603411,2.518977678481179,0.40669641733126444,0.5223214326681169,0.025269221230159313,0.13037761239946122,0.8935863879813839,-35.36854827550326
395,396.0,0.6113978595681667,4.66076811854397,0.40669642496536584,0.5223214245902875,0.025269221230158966,0.1303776123994603,0.8935863879813838,-35.36854827550335
396,397.0,0.2675784741457887,3.441055346141195,0.4066964335368219,0.522321404940646,0.025269221230159473,0.13037761239946163,0.8935863879813821,-35.368548275503215
397,398.0,0.06297741285281555,8.312438281967127,0.40669647089642874,0.5223213158468476,0.025269221230169992,0.13037761239948875,0.8935863879813423,-35.368548275500295
398,399.0,0.7134181111121148,6.089162941344134,0.40669642538656203,0.5223214235496932,0.025269221230158977,0.13037761239946033,0.8935863879813838,-35.36854827550335
399,400.0,0.691210565439384,3.8495359709250203,0.4066964215675725,0.5223214320730631,0.025269221230158956,0.13037761239946027,0.8935863879813837,-35.36854827550336
400,401.0,0.7811613376385831,2.6978785277717754,0.4066963035757438,0.522321352175612,0.0252692212303497,0.13037761239995235,0.8935863879813648,-35.368548275450514
401,402.0,0.32359593529204955,1.8886866502031228,0.40669642230604053,0.5223214305219654,0.02526922123015893,0.13037761239946022,0.8935863879813839,-35.368548275503365
402,403.0,0.0737694384459906,4.094669967763237,0.40669646291924944,0.5223213361485938,0.02526922123016634,0.13037761239947931,0.8935863879813559,-35.36854827550131
403,404.0,0.0035918340624483402,6.67486213648359,0.4066964782450075,0.5223212984376318,0.025269221230173566,0.130377612399498,0.8935863879813284,-35.36854827549931
404,405.0,0.02047823426579376,0.5484621057018835,0.4066964259775763,0.5223214232455147,0.02526922123015893,0.13037761239946022,0.8935863879813838,-35.368548275503365
405,406.0,0.9884024044357721,9.377638278265993,0.40669642799411587,0.5223214179459851,0.02526922123015907,0.13037761239946058,0.8935863879813835,-35.36854827550332
406,407.0,0.8997994913767426,6.343249790701745,0.40669642353118574,0.5223214275876709,0.025269221230158963,0.1303776123994603,0.8935863879813838,-35.36854827550335
407,408.0,0.12352337992642981,1.2811584083892629,0.40669642078922313,0.5223214358933491,0.025269221230158866,0.13037761239946005,0.8935863879813838,-35.36854827550338
408,409.0,0.12536480181582443,6.885791232667141,0.4066964619394285,0.522321337267625,0.025269221230166266,0.13037761239947915,0.8935863879813566,-35.368548275501325
409,410.0,0.5361522757025804,4.800850304911188,0.4066964260364688,0.5223214222719172,0.025269221230158973,0.13037761239946033,0.8935863879813838,-35.36854827550335
410,411.0,0.9018507285612355,7.0349739878743724,0.4066964240918991,0.5223214263813679,0.025269221230158966,0.1303776123994603,0.8935863879813838,-35.36854827550335
411,412.0,0.6512705550583936,0.5958095251508424,0.40669642036565734,0.5223214347726015,0.025269221230158935,0.13037761239946025,0.8935863879813838,-35.368548275503365
412,413.0,0.048639581440323654,9.70827749381988,0.40669647401543885,0.5223213092816954,0.025269221230171217,0.13037761239949192,0.8935863879813373,-35.36854827549996
413,414.0,0.7335574551671844,2.8510973031124633,0.40669617940426034,0.5223212683681154,0.02526922123093765,0.13037761240146914,0.8935863879812996,-35.368548275287644
414,415.0,0.6154726081000947,7.346986224082369,0.4066964319810111,0.5223214087249447,0.025269221230159337,0.13037761239946127,0.8935863879813826,-35.36854827550325
415,416.0,0.4708052087869764,3.8686725646050872,0.4066964259149293,0.5223214222825037,0.025269221230158984,0.13037761239946036,0.8935863879813838,-35.36854827550335
416,417.0,0.6456430125025617,7.727848039693,0.40669643118158344,0.5223214098295548,0.025269221230159344,0.1303776123994613,0.8935863879813826,-35.36854827550325
417,418.0,0.5484221369360619,6.178387308322988,0.40669643020737417,0.5223214123956357,0.02526922123015923,0.130377612399461,0.893586387981383,-35.36854827550328
418,419.0,0.30010993589172597,1.6852403946967085,0.406696421049827,0.5223214331708421,0.025269221230158942,0.13037761239946025,0.8935863879813838,-35.36854827550336
419,420.0,0.3984998590070601,8.718495224488827,0.4066964451426908,0.5223213778648768,0.025269221230161287,0.1303776123994663,0.8935863879813754,-35.36854827550271
420,421.0,0.5397437569233564,9.333365954152951,0.4066964400325454,0.5223213900371012,0.02526922123016032,0.1303776123994638,0.893586387981379,-35.368548275502974
421,422.0,0.8562571861290766,2.4960889867310447,0.4066963977889585,0.5223214189497408,0.025269221230167675,0.13037761239948278,0.8935863879813836,-35.368548275500935
422,423.0,0.6238812698004357,9.111420213794785,0.4066964355185525,0.5223214000167908,0.02526922123015975,0.13037761239946233,0.8935863879813812,-35.36854827550313
423,424.0,0.024232652143543643,4.179414877472843,0.40669647222991834,0.5223213128658837,0.025269221230170544,0.1303776123994902,0.89358638798134,-35.368548275500146
424,425.0,0.8353774011709065,0.5957758631109854,0.40669642003970835,0.5223214361097089,0.02526922123015893,0.13037761239946022,0.8935863879813837,-35.368548275503365
425,426.0,0.43594010818420026,8.091319313483144,0.4066964410948527,0.522321386694201,0.025269221230160583,0.1303776123994645,0.8935863879813781,-35.3685482755029
426,427.0,0.7126583579544515,9.706513684294602,0.40669643438838704,0.5223214027575197,0.02526922123015963,0.13037761239946202,0.8935863879813816,-35.36854827550317
427,428.0,0.9250010316322496,6.081634681867587,0.406696422538002,0.522321429989511,0.025269221230158925,0.13037761239946022,0.8935863879813839,-35.368548275503365
428,429.0,0.23542732383821463,9.689599158272408,0.40669645743865396,0.5223213482114544,0.02526922123016467,0.13037761239947504,0.8935863879813626,-35.36854827550177
429,430.0,0.22967179548830008,3.349785928257134,0.40669643698053654,0.5223213970137879,0.025269221230159886,0.1303776123994627,0.8935863879813806,-35.368548275503095
430,431.0,0.8364224200038918,8.215261638638824,0.40669642749081353,0.5223214186211284,0.02526922123015907,0.13037761239946058,0.8935863879813835,-35.36854827550332
431,432.0,0.9105219627673847,3.5016327493809896,0.4066961926103259,0.5223212778192913,0.02526922123085495,0.13037761240125578,0.8935863879813093,-35.36854827531055
432,433.0,0.43888067702225786,9.797860007653814,0.4066964455736052,0.5223213763220342,0.02526922123016144,0.13037761239946669,0.8935863879813749,-35.36854827550267
433,434.0,0.5026413847421163,1.8051600481729833,0.4066962676459504,0.5223213306778082,0.025269221230474488,0.1303776124002743,0.8935863879813526,-35.36854827541595
434,435.0,0.6949876179726053,7.130578031882139,0.40669642881958157,0.5223214158123114,0.02526922123015912,0.1303776123994607,0.8935863879813833,-35.368548275503315
435,436.0,0.9183976955483755,4.371063735718156,0.4066964212209255,0.5223214337179132,0.025269221230158893,0.13037761239946014,0.8935863879813839,-35.36854827550337
436,437.0,0.34766342958858487,8.968517058559264,0.40669644823979345,0.5223213698837864,0.02526922123016206,0.1303776123994683,0.8935863879813726,-35.3685482755025
437,438.0,0.20112464583988232,5.797660283073253,0.4066964503511989,0.5223213650766217,0.02526922123016256,0.13037761239946957,0.8935863879813707,-35.368548275502356
438,439.0,0.8872829158650672,1.2126786974093289,0.4066964944103856,0.5223214642702314,0.025269221230208735,0.1303776123995887,0.8935863879813797,-35.368548275489566
439,440.0,0.1230331997341414,4.032434313364974,0.4066964522697203,0.5223213603712027,0.025269221230163112,0.130377612399471,0.8935863879813686,-35.36854827550221
440,441.0,0.35817813030646384,7.095135517145356,0.40669644254060555,0.5223213836932392,0.025269221230160798,0.13037761239946505,0.8935863879813772,-35.368548275502846
441,442.0,0.34865052531210683,0.5160407271561995,0.40669641856269273,0.5223214384104601,0.025269221230158997,0.1303776123994604,0.8935863879813835,-35.36854827550334
442,443.0,0.6258426729887464,5.75344752122368,0.4066964282570076,0.522321417439661,0.02526922123015908,0.1303776123994606,0.8935863879813833,-35.368548275503315
443,444.0,0.8600263464999057,9.326457858683746,0.40669642974796777,0.5223214135540978,0.025269221230159195,0.13037761239946088,0.8935863879813831,-35.36854827550329
444,445.0,0.2251392720532116,1.5465367924346807,0.40669642391963334,0.5223214271730706,0.025269221230158942,0.13037761239946025,0.8935863879813838,-35.36854827550336
445,446.0,0.9802785428279025,9.41041896722609,0.406696427226116,0.5223214191059491,0.025269221230159063,0.13037761239946058,0.8935863879813836,-35.36854827550332
446,447.0,0.174277311895483,8.761783445367731,0.40669646099922885,0.5223213402608238,0.02526922123016577,0.13037761239947787,0.8935863879813583,-35.36854827550147
447,448.0,0.3299018511289479,5.1501590817007905,0.40669643872782835,0.5223213932044519,0.025269221230160115,0.13037761239946327,0.8935863879813797,-35.36854827550303
448,449.0,0.6174363112311532,7.155224205096553,0.4066964310451186,0.5223214102863689,0.02526922123015932,0.13037761239946122,0.8935863879813827,-35.36854827550326
449,450.0,0.2939459288277264,0.5670389191165035,0.40669641865501116,0.5223214379387415,0.025269221230159,0.1303776123994604,0.8935863879813835,-35.36854827550334
450,451.0,0.6632031287559892,9.780384973566926,0.40669643656032894,0.522321397678643,0.025269221230159854,0.1303776123994626,0.8935863879813808,-35.36854827550311
451,452.0,0.7602866353348652,7.088882140153022,0.40669642822529983,0.5223214176067568,0.025269221230159056,0.13037761239946052,0.8935863879813835,-35.36854827550332
452,453.0,0.32953252520997645,8.056387631286599,0.4066964470035787,0.5223213731125724,0.025269221230161756,0.13037761239946752,0.8935863879813737,-35.368548275502576
453,454.0,0.39301254176798994,8.259080973271711,0.4066964436730364,0.522321380912081,0.025269221230161055,0.13037761239946571,0.8935863879813764,-35.368548275502775
454,455.0,0.14381348529628446,0.735572340037677,0.40669641584390165,0.5223214437814496,0.025269221230159098,0.13037761239946066,0.8935863879813831,-35.368548275503315
455,456.0,0.7811350527997643,0.1502571039380103,0.4066964244789989,0.5223214266639743,0.025269221230158893,0.13037761239946014,0.8935863879813839,-35.36854827550337
456,457.0,0.8750573705893883,5.172058178424548,0.4066964219007925,0.5223214317265025,0.02526922123015892,0.1303776123994602,0.8935863879813838,-35.368548275503365
457,458.0,0.12230482652113761,4.288521266375416,0.4066964550149228,0.5223213543276567,0.025269221230163813,0.13037761239947282,0.8935863879813658,-35.36854827550201
458,459.0,0.9127323935594285,7.377079159935307,0.40669642594872524,0.5223214225110765,0.025269221230158997,0.1303776123994604,0.8935863879813837,-35.36854827550334
459,460.0,0.6117189735782153,9.6053220367984,0.40669643764439967,0.5223213956530216,0.02526922123015996,0.13037761239946288,0.8935863879813803,-35.36854827550307
460,461.0,0.1410623699334378,6.549176957386152,0.4066964599278437,0.5223213429705179,0.025269221230165353,0.1303776123994768,0.8935863879813598,-35.36854827550158
461,462.0,0.38897797294365155,6.93814857105382,0.40669644045660924,0.5223213886692084,0.02526922123016044,0.13037761239946413,0.8935863879813786,-35.368548275502945
462,463.0,0.8832625222007977,1.3610392348399145,0.40669642115022653,0.5223214353372796,0.025269221230158883,0.1303776123994601,0.8935863879813837,-35.36854827550337
463,464.0,0.20592017395447737,1.6500253796031266,0.40669642572328185,0.5223214227794997,0.025269221230158997,0.1303776123994604,0.8935863879813837,-35.36854827550334
464,465.0,0.5425128881483439,5.020487501095295,0.4066964272885746,0.522321419082068,0.02526922123015907,0.13037761239946058,0.8935863879813836,-35.36854827550332
465,466.0,0.06614675501248202,9.80650037269694,0.4066964708202372,0.5223213159902002,0.02526922123016999,0.13037761239948875,0.8935863879813423,-35.368548275500295
466,467.0,0.9563788776215948,0.8959334247376709,0.4066964183975356,0.5223214389679873,0.025269221230159,0.1303776123994604,0.8935863879813835,-35.36854827550334
467,468.0,0.8700839621480185,6.696734566601777,0.4066964244974284,0.522321425843376,0.025269221230158925,0.13037761239946022,0.8935863879813839,-35.368548275503365
468,469.0,0.4422665980095052,1.3309239923105405,0.40669638651821444,0.5223214102382513,0.025269221230177365,0.13037761239950776,0.8935863879813828,-35.368548275498256
469,470.0,0.01132106212126327,4.945515942733902,0.4066964767277975,0.5223213024672838,0.025269221230172653,0.1303776123994956,0.8935863879813317,-35.36854827549956
470,471.0,0.26740024805010165,8.855811219281016,0.4066964537609318,0.5223213569425119,0.025269221230163504,0.13037761239947201,0.8935863879813671,-35.36854827550209
471,472.0,0.29053886721323396,1.844281144011841,0.40669642306277204,0.5223214287031679,0.02526922123015895,0.13037761239946027,0.8935863879813839,-35.36854827550336
472,473.0,0.153871621718761,3.776791387540135,0.40669644665675286,0.5223213732354034,0.02526922123016177,0.13037761239946755,0.8935863879813738,-35.368548275502576
473,474.0,0.9762537775083459,9.216254170807836,0.40669642785425136,0.5223214186592606,0.02526922123015902,0.13037761239946044,0.8935863879813836,-35.368548275503336
474,475.0,0.47483568175644375,8.206639735453615,0.40669644013888434,0.5223213893001515,0.025269221230160385,0.13037761239946397,0.8935863879813788,-35.36854827550296
475,476.0,0.8191912255058359,8.305518002680916,0.406696428539868,0.5223214162450268,0.025269221230159133,0.13037761239946075,0.8935863879813833,-35.36854827550331
476,477.0,0.005852749059251261,2.619631513720536,0.4066964754838734,0.5223213049879271,0.02526922123017217,0.13037761239949436,0.8935863879813338,-35.36854827549969
477,478.0,0.11788442283892031,2.5708385392689888,0.4066964444442041,0.5223213792071534,0.025269221230161197,0.13037761239946608,0.8935863879813758,-35.36854827550273
478,479.0,0.5728616738759149,0.6497750675823929,0.40669641970343323,0.5223214348399132,0.025269221230158994,0.13037761239946039,0.8935863879813837,-35.36854827550334
479,480.0,0.041664639742288845,0.11601268847452337,0.40669642132709394,0.5223214309901404,0.02526922123015897,0.13037761239946033,0.8935863879813839,-35.36854827550335
480,481.0,0.8943804926608783,7.941502514652054,0.4066964266599461,0.5223214205273446,0.025269221230159036,0.1303776123994605,0.8935863879813836,-35.36854827550333
481,482.0,0.10247785139505483,1.2670030902098082,0.40669642071741813,0.5223214329459547,0.025269221230158997,0.1303776123994604,0.8935863879813837,-35.36854827550334
482,483.0,0.8277223448411027,0.7066949490297959,0.4066964195679308,0.5223214345107153,0.025269221230159032,0.13037761239946047,0.8935863879813837,-35.36854827550333
483,484.0,0.48838775283690505,8.919687201756552,0.4066964417884387,0.522321385688645,0.02526922123016064,0.13037761239946463,0.8935863879813779,-35.36854827550289
484,485.0,0.7381702170403731,7.3262945750440815,0.40669642805762407,0.5223214174416293,0.025269221230159088,0.13037761239946064,0.8935863879813835,-35.368548275503315
485,486.0,0.3207283024472978,5.041102762342334,0.40669643786564497,0.5223213946110885,0.025269221230160042,0.13037761239946308,0.8935863879813801,-35.36854827550305
486,487.0,0.8181702150849469,2.224528243150512,0.40669641650278804,0.5223214308034374,0.025269221230159566,0.13037761239946186,0.8935863879813839,-35.36854827550319
487,488.0,0.7765560729972683,1.9008334264832032,0.4066964283321482,0.5223214409459476,0.02526922123015911,0.1303776123994607,0.8935863879813832,-35.368548275503315
488,489.0,0.2028517079131329,4.563873673919766,0.4066964450878359,0.5223213780880838,0.025269221230161253,0.13037761239946621,0.8935863879813755,-35.36854827550272
489,490.0,0.6040728396951137,2.4918390181493146,0.40669609451189936,0.5223212121846653,0.025269221231564276,0.13037761240308568,0.8935863879812305,-35.36854827511406
490,491.0,0.31607408310584495,2.1924795704396733,0.4066964246232789,0.5223214261681571,0.025269221230158897,0.13037761239946014,0.8935863879813839,-35.36854827550337
491,492.0,0.7832562104681756,1.4698345380843536,0.4066964256012538,0.5223214380596571,0.025269221230158824,0.13037761239945994,0.8935863879813836,-35.36854827550339
492,493.0,0.4812561243357253,5.915863829373131,0.4066964331978452,0.5223214057797714,0.025269221230159466,0.1303776123994616,0.8935863879813821,-35.368548275503215
493,494.0,0.8507593067144453,1.5827319971150813,0.40669642479025075,0.522321439275178,0.02526922123015883,0.13037761239945997,0.8935863879813835,-35.368548275503386
494,495.0,0.565855226078141,8.707002665935134,0.4066964374634105,0.5223213957713051,0.025269221230159976,0.1303776123994629,0.8935863879813802,-35.36854827550307
495,496.0,0.1780375082578478,3.927230925607164,0.40669644544030287,0.5223213772161238,0.025269221230161336,0.13037761239946644,0.8935863879813752,-35.3685482755027
496,497.0,0.6706347297546916,7.15593874216645,0.40669643070076916,0.522321411613437,0.025269221230159213,0.13037761239946094,0.893586387981383,-35.36854827550328
497,498.0,0.726079159299716,7.866912159509136,0.40669643026519187,0.5223214127102118,0.025269221230159206,0.13037761239946094,0.893586387981383,-35.36854827550329
498,499.0,0.26161584320066533,9.759546646080903,0.40669645531150883,0.5223213530984582,0.025269221230163987,0.13037761239947326,0.8935863879813652,-35.368548275501965
499,500.0,0.6836556337084074,1.3755532453417874,0.40669642738943207,0.5223214409942629,0.025269221230159022,0.13037761239946047,0.8935863879813835,-35.368548275503336
500,501.0,0.31720051540123284,7.798702289513788,0.40669644746681183,0.522321372528004,0.025269221230161735,0.13037761239946746,0.8935863879813737,-35.36854827550258
501,502.0,0.7704114205449238,8.957807336902231,0.40669643132082123,0.5223214097250805,0.02526922123015934,0.13037761239946127,0.8935863879813826,-35.36854827550325
502,503.0,0.46772123847818214,4.190683150207787,0.4066964262272464,0.5223214210976257,0.02526922123015901,0.13037761239946044,0.8935863879813838,-35.368548275503336
503,504.0,0.3578022151360688,6.634601949535477,0.4066964414699384,0.5223213866600173,0.025269221230160552,0.1303776123994644,0.8935863879813781,-35.36854827550292
504,505.0,0.6491712305163699,8.031576446475876,0.40669643280510215,0.5223214066510329,0.025269221230159424,0.1303776123994615,0.8935863879813823,-35.36854827550322
505,506.0,0.3118119622746708,6.254813936410459,0.40669644432792734,0.522321380354761,0.02526922123016103,0.13037761239946563,0.8935863879813762,-35.368548275502775
506,507.0,0.0007448270638801269,5.313779327681424,0.4066964783811422,0.5223212981150902,0.025269221230173625,0.13037761239949813,0.8935863879813282,-35.36854827549929
507,508.0,0.5586491577262372,7.200053298789231,0.4066964338346682,0.5223214042581694,0.025269221230159532,0.13037761239946177,0.8935863879813819,-35.368548275503194
508,509.0,0.18764372239343696,7.680625489925352,0.4066964573056784,0.5223213487909208,0.025269221230164556,0.13037761239947473,0.893586387981363,-35.3685482755018
509,510.0,0.907132099891495,2.678099389699245,0.4066963937720646,0.5223214159750024,0.025269221230170686,0.13037761239949056,0.8935863879813833,-35.3685482755001
510,511.0,0.6569323264035035,6.374451493660146,0.4066964280267201,0.5223214176032572,0.025269221230159067,0.13037761239946058,0.8935863879813836,-35.36854827550332
511,512.0,0.7456642220044615,3.0827918733473774,0.40669609181236793,0.5223212086927219,0.02526922123159312,0.13037761240316012,0.8935863879812255,-35.368548275106065
512,513.0,0.6611823504985713,3.793642290771261,0.4066964210903687,0.522321432978361,0.025269221230158945,0.13037761239946027,0.8935863879813838,-35.36854827550336
513,514.0,0.34214703039048977,9.287453593548506,0.4066964498856536,0.5223213661978473,0.02526922123016244,0.13037761239946927,0.8935863879813711,-35.36854827550239
514,515.0,0.5463568913278215,3.9365381796560164,0.40669642333245487,0.5223214277306948,0.02526922123015896,0.1303776123994603,0.8935863879813839,-35.36854827550336
515,516.0,0.3352798239641357,0.2818287205274769,0.40669642077699153,0.5223214353878397,0.025269221230158904,0.13037761239946014,0.8935863879813837,-35.36854827550337
516,517.0,0.6211590998138385,0.9905114184486131,0.4066964238922935,0.5223214294908828,0.025269221230158855,0.13037761239946002,0.8935863879813839,-35.36854827550338
517,518.0,0.2982929536311255,9.557705524007675,0.40669645200100424,0.5223213604744231,0.025269221230163105,0.130377612399471,0.8935863879813688,-35.36854827550221
518,519.0,0.1846406638645578,3.167223248835217,0.4066964399235781,0.5223213900840413,0.02526922123016033,0.13037761239946383,0.893586387981379,-35.368548275502974
519,520.0,0.37116788035187565,6.70775518932027,0.4066964399257484,0.5223213894897013,0.025269221230160385,0.13037761239946397,0.8935863879813789,-35.36854827550296
520,521.0,0.9641902858018085,2.6262348378724925,0.4066964166360369,0.522321428888286,0.025269221230159702,0.13037761239946222,0.8935863879813839,-35.36854827550315
521,522.0,0.27427844004858315,0.577143401989917,0.40669642098557957,0.5223214289200144,0.02526922123015913,0.13037761239946072,0.8935863879813838,-35.36854827550331
522,523.0,0.23350738516232883,4.702841538946632,0.40669644314710873,0.5223213825529005,0.02526922123016088,0.13037761239946524,0.8935863879813769,-35.36854827550282
523,524.0,0.9486661639752925,0.43397063689213716,0.40669643480141804,0.5223214044027991,0.025269221230159414,0.13037761239946147,0.893586387981382,-35.36854827550322
524,525.0,0.8033525804238184,6.089045928110191,0.40669642447681553,0.5223214255632687,0.025269221230158963,0.1303776123994603,0.8935863879813838,-35.36854827550335
525,526.0,0.8846818127600796,0.41092561279410716,0.40669642223032465,0.5223214302479209,0.025269221230158935,0.13037761239946025,0.8935863879813839,-35.368548275503365
526,527.0,0.05338948420581002,7.627397940228553,0.40669647188363894,0.5223213138589202,0.025269221230170363,0.13037761239948972,0.8935863879813407,-35.368548275500196
527,528.0,0.7499380682376076,6.5074296025206015,0.40669642704508613,0.5223214200584156,0.025269221230159015,0.13037761239946044,0.8935863879813837,-35.368548275503336
528,529.0,0.9270619019917776,2.0488445017576584,0.40669642901474856,0.5223214445729718,0.02526922123015943,0.13037761239946152,0.893586387981383,-35.36854827550322
529,530.0,0.07085157612761372,8.997853589418002,0.4066964699589221,0.5223213182531882,0.0252692212301695,0.1303776123994875,0.8935863879813442,-35.36854827550043
530,531.0,0.6035334237453817,5.835627069712061,0.4066964274456963,0.5223214187772343,0.025269221230159077,0.1303776123994606,0.8935863879813835,-35.368548275503315
531,532.0,0.81817354026421,5.3291372981093525,0.4066964229417414,0.5223214290982523,0.02526922123015894,0.13037761239946025,0.8935863879813839,-35.368548275503365
532,533.0,0.5736825273795372,0.723374927341575,0.4066964197210421,0.5223214368495179,0.025269221230158942,0.13037761239946025,0.8935863879813837,-35.36854827550336
533,534.0,0.16708870971669876,1.426659178136449,0.4066964263457924,0.5223214217486349,0.025269221230158984,0.13037761239946036,0.8935863879813837,-35.36854827550335
534,535.0,0.14210655284961438,1.5227495953158885,0.406696430101553,0.5223214129216016,0.0252692212301592,0.1303776123994609,0.893586387981383,-35.36854827550329
535,536.0,0.689828845243474,7.9249370083624475,0.40669643095962715,0.5223214107559064,0.02526922123015926,0.13037761239946108,0.8935863879813829,-35.36854827550327
536,537.0,0.9067856832292137,4.612794549266596,0.4066964204186495,0.5223214347607595,0.02526922123015894,0.13037761239946025,0.8935863879813837,-35.368548275503365
537,538.0,0.8292511482702397,5.2784638307051095,0.4066964231263925,0.5223214283875723,0.025269221230158956,0.13037761239946027,0.8935863879813839,-35.36854827550336
538,539.0,0.7654817133878964,8.151215582991112,0.40669642963179103,0.5223214136797416,0.025269221230159178,0.13037761239946086,0.8935863879813831,-35.368548275503294
539,540.0,0.264303144236564,1.9203947735861964,0.4066964250288844,0.5223214252633974,0.025269221230158966,0.1303776123994603,0.8935863879813837,-35.36854827550335
540,541.0,0.010330978005614,8.079206174673859,0.40669647765798916,0.5223213000151352,0.025269221230173212,0.13037761239949708,0.8935863879813297,-35.36854827549941
541,542.0,0.5130837926162425,3.7203466348405927,0.40669642442115894,0.5223214260211314,0.025269221230158952,0.13037761239946027,0.8935863879813838,-35.36854827550336
542,543.0,0.447993559947341,6.259092808838708,0.40669643436278563,0.5223214029771447,0.02526922123015956,0.13037761239946186,0.8935863879813818,-35.36854827550319
543,544.0,0.726020799352781,4.221239251885369,0.40669642140625356,0.5223214322265992,0.025269221230158945,0.13037761239946027,0.8935863879813838,-35.36854827550336
544,545.0,0.2886387123764237,0.7373991132953317,0.4066964205171273,0.5223214349199301,0.02526922123015893,0.13037761239946022,0.8935863879813837,-35.368548275503365
545,546.0,0.662632664211221,5.9984368682198985,0.4066964269058744,0.5223214200141236,0.025269221230159032,0.13037761239946047,0.8935863879813837,-35.36854827550333
546,547.0,0.8151317059131932,3.61256252873817,0.4066959704886788,0.5223211311173569,0.0252692212328051,0.13037761240628673,0.8935863879810939,-35.36854827477033
547,548.0,0.4593339804041511,5.505465371419161,0.4066964322427961,0.5223214081359224,0.025269221230159372,0.13037761239946136,0.8935863879813823,-35.36854827550324
548,549.0,0.3245346401617588,5.217659509188787,0.4066964393373769,0.5223213912261435,0.02526922123016024,0.1303776123994636,0.8935863879813793,-35.368548275503
549,550.0,0.8657106188816516,5.4991325374850355,0.40669642231891057,0.5223214311051683,0.025269221230158914,0.13037761239946016,0.8935863879813839,-35.36854827550337
550,551.0,0.5093873071517016,4.704599550456601,0.4066964277885545,0.5223214183477545,0.02526922123015906,0.13037761239946055,0.8935863879813835,-35.36854827550332
551,552.0,0.4468411071666395,8.0338376256853,0.40669644086779955,0.5223213876740481,0.025269221230160503,0.13037761239946427,0.8935863879813783,-35.368548275502924
552,553.0,0.19970423351421007,5.858593514373788,0.4066964508527668,0.5223213636912576,0.025269221230162748,0.13037761239947007,0.8935863879813699,-35.368548275502306
553,554.0,0.28145108308325684,4.9801921720929005,0.40669644045214115,0.5223213886191533,0.025269221230160434,0.1303776123994641,0.8935863879813787,-35.368548275502945
554,555.0,0.12481854374965995,3.1868083984627913,0.4066964481022381,0.5223213704315236,0.025269221230162002,0.13037761239946813,0.8935863879813728,-35.36854827550251
555,556.0,0.8281565609505565,9.458538423778833,0.4066964312729969,0.5223214098873755,0.02526922123015929,0.13037761239946113,0.8935863879813828,-35.368548275503265
556,557.0,0.6898012334802234,9.248144421186685,0.40669643476809075,0.5223214021782775,0.025269221230159622,0.13037761239946202,0.8935863879813816,-35.36854827550317
557,558.0,0.6466089520939781,2.875042894665696,0.4066959643205925,0.5223211270526184,0.02526922123287711,0.1303776124064725,0.893586387981086,-35.36854827475038
558,559.0,0.6703064331196971,1.51132154760941,0.4066964298720321,0.5223214427833675,0.025269221230159386,0.13037761239946138,0.8935863879813832,-35.36854827550324
559,560.0,0.818353957770302,8.742085482746877,0.40669643005169515,0.5223214126352875,0.025269221230159226,0.130377612399461,0.893586387981383,-35.36854827550328
560,561.0,0.005824906463795632,8.869516516934606,0.4066964765969516,0.5223213018187185,0.0252692212301729,0.13037761239949625,0.8935863879813312,-35.36854827549949
561,562.0,0.40366712740724753,8.521310010174512,0.4066964449231337,0.5223213783875449,0.02526922123016124,0.13037761239946616,0.8935863879813756,-35.36854827550272
562,563.0,0.05611509727400521,4.465211690422584,0.4066964652459352,0.5223213292697392,0.025269221230167557,0.13037761239948248,0.8935863879813517,-35.36854827550098
563,564.0,0.5505891357291609,4.170894722561432,0.40669642568901426,0.5223214235471179,0.02526922123015895,0.13037761239946027,0.8935863879813838,-35.36854827550336
564,565.0,0.532721155923297,9.336129276187178,0.40669644024035057,0.5223213894143914,0.02526922123016036,0.1303776123994639,0.8935863879813788,-35.36854827550297
565,566.0,0.9237141881496258,4.27271557230908,0.4066964215930476,0.5223214322858831,0.02526922123015891,0.13037761239946016,0.8935863879813839,-35.36854827550337
566,567.0,0.6863759066279586,4.424905327129636,0.4066964233974967,0.5223214282043025,0.02526922123015892,0.1303776123994602,0.8935863879813839,-35.368548275503365
567,568.0,0.30707236826482787,3.3162714517704432,0.4066964307239272,0.5223214118849051,0.02526922123015922,0.13037761239946097,0.8935863879813829,-35.36854827550328
568,569.0,0.6747819802504396,2.135714642979496,0.4066963634063884,0.5223213924180861,0.025269221230208253,0.13037761239958745,0.8935863879813796,-35.368548275489694
569,570.0,0.5449261815473442,4.760537156229039,0.4066964264317848,0.5223214211364501,0.025269221230159043,0.1303776123994605,0.8935863879813836,-35.36854827550333
570,571.0,0.7335205098171206,5.730385772791463,0.40669642517875565,0.5223214240900499,0.02526922123015897,0.13037761239946033,0.8935863879813838,-35.36854827550335
571,572.0,0.8249784898450481,8.386567114368795,0.40669642890571645,0.5223214154919779,0.02526922123015912,0.1303776123994607,0.8935863879813833,-35.368548275503315
572,573.0,0.8831201306826365,7.12584723477139,0.40669642539339046,0.5223214234231631,0.025269221230159008,0.1303776123994604,0.8935863879813837,-35.36854827550334
573,574.0,0.0045205803696546365,8.170027628189132,0.4066964764886831,0.5223213018389123,0.025269221230172903,0.13037761239949627,0.8935863879813313,-35.36854827549949
574,575.0,0.22258986153764726,8.318247694295934,0.4066964557217304,0.5223213530432266,0.02526922123016394,0.13037761239947315,0.8935863879813652,-35.36854827550198
575,576.0,0.880304587109485,6.577012851152525,0.40669642433265546,0.5223214258958571,0.02526922123015897,0.13037761239946033,0.8935863879813838,-35.36854827550335
576,577.0,0.15680862196180567,9.737742559350657,0.4066964623862041,0.522321335652678,0.02526922123016654,0.13037761239947984,0.8935863879813557,-35.368548275501254
577,578.0,0.7249110621189282,1.2908213404279953,0.40669642371868864,0.5223214377909974,0.0252692212301588,0.13037761239945989,0.8935863879813836,-35.3685482755034
578,579.0,0.2816028974845689,0.35639972194292435,0.4066964161442954,0.5223214447617761,0.025269221230159063,0.13037761239946058,0.893586387981383,-35.36854827550332
579,580.0,0.3466875030329777,3.6365348271226945,0.40669642969745845,0.5223214138405866,0.02526922123015919,0.13037761239946088,0.8935863879813831,-35.36854827550329
580,581.0,0.6706437399408348,1.9051119479034073,0.4066964067065466,0.5223214230560159,0.025269221230163008,0.13037761239947074,0.8935863879813837,-35.36854827550223
581,582.0,0.8146892163741163,5.430119353200388,0.40669642435291603,0.5223214265974413,0.02526922123015893,0.13037761239946022,0.8935863879813838,-35.368548275503365
582,583.0,0.9068037083184411,8.512530437278945,0.40669642797670047,0.5223214177101421,0.02526922123015907,0.13037761239946058,0.8935863879813835,-35.36854827550332
583,584.0,0.9790487014017726,1.1788960025245603,0.40669618601381785,0.5223213100215055,0.025269221230807375,0.13037761240113305,0.8935863879813378,-35.36854827532373
584,585.0,0.7666658904453226,5.688999429909045,0.40669642445689197,0.5223214257747194,0.025269221230158956,0.13037761239946027,0.8935863879813838,-35.36854827550336
585,586.0,0.09166655680348568,2.485695122949403,0.40669644855802484,0.5223213693929497,0.025269221230162106,0.1303776123994684,0.8935863879813724,-35.36854827550248
586,587.0,0.5256072869281393,5.153519512382696,0.40669642958492913,0.5223214148434938,0.02526922123015911,0.1303776123994607,0.8935863879813832,-35.368548275503315
587,588.0,0.12339772369747848,3.4894879486737937,0.4066964503497683,0.5223213656923337,0.025269221230162484,0.13037761239946938,0.8935863879813708,-35.36854827550238
588,589.0,0.14597258316217743,1.5587972998124298,0.4066964303727593,0.5223214126150284,0.02526922123015923,0.130377612399461,0.8935863879813829,-35.36854827550328
589,590.0,0.36016280988308247,7.5819845363161145,0.4066964443726319,0.5223213792412769,0.025269221230161173,0.130377612399466,0.8935863879813759,-35.36854827550274
590,591.0,0.4252560438010481,8.258728488981586,0.4066964424245903,0.522321384168442,0.025269221230160732,0.13037761239946485,0.8935863879813775,-35.36854827550287
591,592.0,0.6899305700925684,3.1261648892227973,0.4066959270674733,0.5223211035907626,0.025269221233327095,0.13037761240763338,0.893586387981038,-35.36854827462573
592,593.0,0.6263918022951188,9.730112127737831,0.4066964376777955,0.5223213953367164,0.025269221230159976,0.1303776123994629,0.8935863879813803,-35.36854827550307
593,594.0,0.31204815396273256,2.1990340569407723,0.4066964243728614,0.5223214263693261,0.02526922123015896,0.1303776123994603,0.8935863879813837,-35.36854827550336
594,595.0,0.8037834398656872,5.668976829358624,0.40669642481899687,0.5223214256442676,0.025269221230158942,0.13037761239946025,0.8935863879813838,-35.36854827550336
595,596.0,0.8911912265874055,5.1715665399177695,0.40669642223589225,0.5223214308280336,0.025269221230158952,0.13037761239946027,0.8935863879813837,-35.36854827550336
596,597.0,0.03675849923845831,7.480273494587195,0.4066964740867586,0.5223213089076348,0.0252692212301713,0.13037761239949214,0.8935863879813369,-35.36854827549993
597,598.0,0.1567356977952229,1.1588390928772114,0.40669641926428574,0.5223214350085402,0.02526922123015905,0.13037761239946052,0.8935863879813836,-35.36854827550333
598,599.0,0.3390486264301025,6.912624753195348,0.406696442712832,0.5223213825740128,0.025269221230160916,0.13037761239946535,0.893586387981377,-35.36854827550282
599,600.0,0.4315607210265643,6.652596754713512,0.4066964385390122,0.5223213938705099,0.025269221230160076,0.13037761239946316,0.8935863879813798,-35.368548275503045
600,601.0,0.447971350680774,5.485293294502861,0.40669643268338995,0.5223214074664126,0.025269221230159372,0.13037761239946136,0.8935863879813823,-35.36854827550324
601,602.0,0.9863497810037447,7.6020535145023205,0.4066964250657569,0.5223214248046965,0.025269221230158956,0.13037761239946027,0.8935863879813838,-35.36854827550336
602,603.0,0.7776173533583951,4.192132187319319,0.40669642160991165,0.5223214322438895,0.025269221230158942,0.13037761239946025,0.8935863879813838,-35.36854827550336
603,604.0,0.6173967629059202,1.227590670799303,0.40669642624855734,0.5223214423111195,0.025269221230159036,0.1303776123994605,0.8935863879813832,-35.36854827550333
604,605.0,0.8134227655563198,1.4252161120766154,0.4066964233078041,0.5223214369442338,0.025269221230158786,0.13037761239945983,0.8935863879813837,-35.3685482755034
605,606.0,0.021606725235289614,1.0627437110472169,0.4066964180954398,0.5223214375728795,0.025269221230159046,0.13037761239946052,0.8935863879813836,-35.36854827550333
606,607.0,0.47290822791537135,5.2096259799135805,0.40669642977123355,0.5223214133083859,0.025269221230159216,0.13037761239946097,0.893586387981383,-35.36854827550328
607,608.0,0.15137385893653976,9.900257126274472,0.4066964649175747,0.5223213309853411,0.025269221230167227,0.13037761239948162,0.8935863879813527,-35.36854827550106
608,609.0,0.4780946896204359,8.686123215068763,0.4066964409001334,0.5223213881019158,0.025269221230160444,0.13037761239946413,0.8935863879813785,-35.36854827550294
609,610.0,0.6605323771378135,9.766074351111794,0.4066964367633129,0.5223213975871988,0.025269221230159865,0.13037761239946263,0.8935863879813807,-35.3685482755031
610,611.0,0.23779024767850565,8.709825230915643,0.40669645597097354,0.5223213525471632,0.02526922123016399,0.13037761239947326,0.893586387981365,-35.36854827550196
611,612.0,0.6069428243444469,8.908257107802878,0.40669643670933114,0.522321397789742,0.025269221230159847,0.13037761239946258,0.8935863879813807,-35.36854827550311
612,613.0,0.0756325407973607,5.811934352911366,0.4066964650216916,0.522321329601543,0.025269221230167515,0.13037761239948237,0.8935863879813519,-35.368548275500984
613,614.0,0.09570704885012682,6.607192340966886,0.40669646460885034,0.5223213306378641,0.02526922123016735,0.13037761239948192,0.8935863879813525,-35.36854827550103
614,615.0,0.18011583656724828,1.5842557833332882,0.40669642641442644,0.5223214213919908,0.025269221230159015,0.13037761239946044,0.8935863879813837,-35.368548275503336
615,616.0,0.9893041348299833,4.837751533346602,0.40669642154218055,0.5223214324688337,0.025269221230158935,0.13037761239946025,0.8935863879813838,-35.368548275503365
616,617.0,0.10554311305510067,8.822745252663092,0.40669646666438813,0.522321326260891,0.02526922123016807,0.1303776123994838,0.8935863879813496,-35.36854827550083
617,618.0,0.05358363322570858,1.4254456347557558,0.4066964491096006,0.5223213685641445,0.025269221230162158,0.13037761239946855,0.8935863879813721,-35.36854827550247
618,619.0,0.6828899534088101,4.000156979272167,0.4066964231286473,0.5223214285498295,0.025269221230158942,0.13037761239946025,0.8935863879813839,-35.36854827550336
619,620.0,0.5469567818273804,1.270333651948898,0.4066964299520553,0.522321442531735,0.025269221230159393,0.1303776123994614,0.8935863879813831,-35.36854827550323
620,621.0,0.9973779347594661,4.911588671057175,0.4066964213830843,0.5223214330077728,0.02526922123015894,0.13037761239946025,0.8935863879813837,-35.368548275503365
621,622.0,0.5050885795604644,2.1116773430366425,0.40669607241266814,0.5223211995245718,0.025269221231750343,0.1303776124035657,0.893586387981212,-35.368548275062516
622,623.0,0.9290060426733876,9.136252994067018,0.4066964286187421,0.5223214165495759,0.025269221230159105,0.13037761239946066,0.8935863879813833,-35.368548275503315
623,624.0,0.0337920878261696,8.114808009592268,0.40669647341555804,0.5223213097425224,0.025269221230171196,0.13037761239949186,0.8935863879813376,-35.36854827549997
624,625.0,0.0039199128130947836,1.1946714406870669,0.40669641584447214,0.5223214418559644,0.02526922123015914,0.13037761239946077,0.8935863879813832,-35.36854827550331
625,626.0,0.3587616458793177,8.494526636875293,0.4066964468807762,0.5223213735945341,0.025269221230161672,0.1303776123994673,0.8935863879813739,-35.368548275502604
626,627.0,0.9461547271805291,3.889752048802469,0.406696099625001,0.5223212156275624,0.025269221231521113,0.13037761240297432,0.8935863879812354,-35.36854827512601
627,628.0,0.43941451873472803,2.120701268804126,0.40669642097374814,0.522321433700485,0.025269221230158928,0.13037761239946022,0.8935863879813838,-35.368548275503365
628,629.0,0.6504526207033361,0.7394909010851881,0.40669642025110875,0.5223214369584581,0.025269221230158904,0.13037761239946014,0.8935863879813837,-35.36854827550337
629,630.0,0.580946594083726,4.926906928309213,0.4066964272757502,0.5223214199531283,0.025269221230159025,0.13037761239946047,0.8935863879813836,-35.368548275503336
630,631.0,0.334002059572,0.39895163683899404,0.40669642349546664,0.5223214306575773,0.025269221230158838,0.13037761239945997,0.8935863879813839,-35.368548275503386
631,632.0,0.06893333163243232,8.909456356162647,0.40669647039351586,0.5223213175647738,0.025269221230169624,0.1303776123994878,0.8935863879813435,-35.368548275500395
632,633.0,0.13658918803149145,4.22088565901341,0.4066964531016053,0.5223213593844442,0.025269221230163168,0.13037761239947115,0.8935863879813681,-35.368548275502185
633,634.0,0.5512618104009416,7.885231090918608,0.4066964359176675,0.5223213993867903,0.025269221230159747,0.13037761239946233,0.8935863879813811,-35.36854827550314
634,635.0,0.12416671517111322,3.1894409217994806,0.40669644852420345,0.5223213698237699,0.025269221230162064,0.1303776123994683,0.8935863879813725,-35.36854827550249
635,636.0,0.74154644730871,0.9933608274619329,0.40669642004434553,0.5223214350092346,0.025269221230158963,0.1303776123994603,0.8935863879813837,-35.36854827550335
636,637.0,0.6338119884214939,7.008946176748499,0.40669643139350053,0.5223214099706848,0.0252692212301593,0.13037761239946116,0.8935863879813827,-35.368548275503265
637,638.0,0.11810411036171364,3.8564772082506042,0.4066964531792481,0.5223213580632832,0.02526922123016339,0.13037761239947174,0.8935863879813676,-35.36854827550212
638,639.0,0.37716344421010395,8.306870816746015,0.4066964443054828,0.5223213791910067,0.02526922123016118,0.13037761239946602,0.8935863879813759,-35.36854827550274
639,640.0,0.05531349998768709,0.6007706826295282,0.4066964189249433,0.522321437304092,0.025269221230158963,0.1303776123994603,0.8935863879813837,-35.36854827550335
640,641.0,0.9083105049926875,3.924016512975066,0.40669601712354686,0.5223211621680085,0.025269221232290435,0.13037761240495901,0.8935863879811514,-35.3685482749129
641,642.0,0.8400533688419666,4.0644696747658475,0.40669642185196725,0.5223214318809738,0.025269221230158925,0.13037761239946022,0.8935863879813838,-35.368548275503365
642,643.0,0.837498488426504,5.398963429949957,0.4066964231274799,0.5223214289581082,0.02526922123015893,0.13037761239946022,0.8935863879813839,-35.368548275503365
643,644.0,0.7885098222856468,7.5550628074847,0.4066964270642283,0.5223214197560628,0.025269221230159067,0.13037761239946058,0.8935863879813835,-35.36854827550332
644,645.0,0.43464379053849245,4.3052631774647026,0.40669642851646765,0.5223214162853762,0.02526922123015912,0.1303776123994607,0.8935863879813833,-35.368548275503315
645,646.0,0.9813278974221769,6.2440142282829525,0.40669642316370036,0.522321428936562,0.02526922123015894,0.13037761239946025,0.8935863879813838,-35.368548275503365
646,647.0,0.8604439072226635,2.582829004405338,0.40669638726052076,0.522321411107457,0.025269221230176477,0.1303776123995055,0.8935863879813829,-35.3685482754985
647,648.0,0.6239408842137856,8.318013990965746,0.40669643435861363,0.5223214029617215,0.025269221230159584,0.1303776123994619,0.8935863879813817,-35.36854827550318
648,649.0,0.5823534346917085,2.378050749774267,0.4066961092129149,0.5223212239524593,0.025269221231435924,0.13037761240275458,0.8935863879812467,-35.368548275149614
649,650.0,0.7358583184356146,7.9060028777334175,0.4066964302871763,0.5223214127107159,0.02526922123015919,0.13037761239946088,0.8935863879813831,-35.36854827550329
650,651.0,0.34890708004681126,5.27575276212581,0.40669643810580214,0.5223213950682205,0.02526922123015998,0.1303776123994629,0.8935863879813801,-35.36854827550307
651,652.0,0.9647879968576772,5.154726392000219,0.40669642197068395,0.5223214311929112,0.025269221230158925,0.13037761239946022,0.8935863879813839,-35.368548275503365
652,653.0,0.5263863904455862,6.448327853619153,0.40669643367858577,0.5223214053982093,0.025269221230159455,0.13037761239946158,0.893586387981382,-35.368548275503215
653,654.0,0.09601403569597333,5.881777393333661,0.4066964640434445,0.5223213323969387,0.025269221230167043,0.13037761239948115,0.8935863879813536,-35.36854827550112
654,655.0,0.9769378138735344,1.7523952706842283,0.406696424018222,0.5223214382580478,0.025269221230158814,0.1303776123994599,0.8935863879813836,-35.36854827550339
655,656.0,0.484685439831708,2.552940847070719,0.4066964216363495,0.5223214324503487,0.02526922123015892,0.1303776123994602,0.8935863879813838,-35.368548275503365
656,657.0,0.44119818638862995,9.097384941650894,0.40669644488361234,0.5223213790683285,0.02526922123016114,0.13037761239946594,0.8935863879813758,-35.36854827550275
657,658.0,0.8421747680389373,6.866909509351017,0.4066964257712115,0.5223214230450869,0.025269221230158973,0.13037761239946033,0.8935863879813837,-35.36854827550335
658,659.0,0.3557894363599099,9.755416576672252,0.40669644965851726,0.5223213668668722,0.025269221230162363,0.13037761239946907,0.8935863879813714,-35.36854827550241
659,660.0,0.7515540025084517,9.505469010376574,0.4066964338461958,0.5223214044498032,0.0252692212301595,0.1303776123994617,0.893586387981382,-35.36854827550321
660,661.0,0.8933244043688436,7.758570240214832,0.4066964258587071,0.5223214228760131,0.02526922123015898,0.13037761239946033,0.8935863879813837,-35.36854827550335
661,662.0,0.7386478602640395,4.68215424102875,0.4066964232526048,0.5223214289107374,0.025269221230158907,0.13037761239946016,0.8935863879813839,-35.36854827550337
662,663.0,0.06508744622492779,9.845550521307473,0.4066964726489642,0.5223213123181315,0.025269221230170637,0.13037761239949042,0.8935863879813395,-35.36854827550012
663,664.0,0.5059416704855038,7.582668095155011,0.4066964368484606,0.5223213970039553,0.025269221230159917,0.13037761239946277,0.8935863879813806,-35.36854827550309
664,665.0,0.8026084134038354,9.576631414025194,0.40669643218169477,0.5223214082956623,0.025269221230159327,0.13037761239946125,0.8935863879813826,-35.36854827550325
665,666.0,0.05879024705036584,1.8968037551838086,0.40669645300606405,0.522321359489411,0.02526922123016314,0.13037761239947107,0.8935863879813684,-35.36854827550219
666,667.0,0.8486331818470071,0.10098130038743722,0.40669642391925265,0.5223214294815332,0.025269221230158855,0.13037761239946002,0.8935863879813839,-35.36854827550338
667,668.0,0.8963413911505692,1.1110434963902547,0.4066961792187481,0.522321320129921,0.025269221230812967,0.13037761240114748,0.8935863879813454,-35.36854827532218
668,669.0,0.7614016603810813,6.966107667674949,0.4066964283680368,0.5223214174095026,0.02526922123015904,0.1303776123994605,0.8935863879813836,-35.36854827550333
669,670.0,0.5762444180519704,3.2017927900928878,0.40669642216811436,0.522321431207749,0.02526922123015892,0.1303776123994602,0.8935863879813839,-35.368548275503365
670,671.0,0.32507415095739023,8.874831696579392,0.40669644994310744,0.522321366140867,0.025269221230162425,0.13037761239946924,0.8935863879813711,-35.36854827550239
671,672.0,0.6055041151619459,5.078766321642753,0.4066964261620896,0.5223214219653245,0.025269221230158987,0.13037761239946036,0.8935863879813838,-35.36854827550334
672,673.0,0.845373463943196,5.355212999299458,0.4066964224894781,0.5223214301915168,0.025269221230158942,0.13037761239946025,0.8935863879813838,-35.36854827550336
673,674.0,0.20061515509567251,8.19381966722566,0.4066964573771756,0.5223213481591131,0.025269221230164705,0.13037761239947512,0.8935863879813626,-35.368548275501766
674,675.0,0.7870594573084867,9.191718817912683,0.4066964318353049,0.5223214091111171,0.025269221230159317,0.13037761239946122,0.8935863879813826,-35.36854827550326
675,676.0,0.1315419616977116,4.551654626425624,0.4066964546331424,0.5223213553104963,0.025269221230163695,0.13037761239947251,0.8935863879813662,-35.36854827550204
676,677.0,0.6487183918893153,1.1540103350216944,0.40669642331344863,0.5223214384532076,0.02526922123015883,0.13037761239945997,0.8935863879813835,-35.368548275503386
677,678.0,0.04697184773859797,3.109505655846349,0.40669646351294014,0.5223213335089987,0.0252692212301669,0.13037761239948079,0.8935863879813541,-35.368548275501155
678,679.0,0.2809124881194883,7.103203955015809,0.4066964482868904,0.522321370393975,0.025269221230161978,0.13037761239946807,0.8935863879813728,-35.36854827550252
679,680.0,0.16774638930878383,6.783879799653791,0.4066964578626349,0.5223213472177002,0.025269221230164788,0.13037761239947532,0.8935863879813621,-35.36854827550174
680,681.0,0.1772242567488186,3.3246451791923413,0.40669644174990754,0.5223213861816987,0.025269221230160562,0.1303776123994644,0.893586387981378,-35.36854827550291
681,682.0,0.13078892467677206,4.356990053435716,0.4066964537522124,0.5223213573561094,0.02526922123016344,0.13037761239947185,0.8935863879813672,-35.368548275502114
682,683.0,0.9870187278536159,0.8820837615508968,0.40669642177171644,0.5223214337049016,0.02526922123015888,0.13037761239946008,0.8935863879813838,-35.36854827550337
683,684.0,0.7974863346579008,7.781756066730641,0.4066964283331866,0.5223214165332883,0.02526922123015914,0.13037761239946077,0.8935863879813833,-35.36854827550331
684,685.0,0.7971224550959944,7.8605514997625505,0.4066964287350504,0.5223214161292333,0.025269221230159126,0.13037761239946072,0.8935863879813833,-35.36854827550331
685,686.0,0.12989596423963456,4.0830508661066665,0.4066964525046983,0.5223213597390459,0.02526922123016319,0.1303776123994712,0.8935863879813684,-35.36854827550218
686,687.0,0.012411551815657118,3.44661532753402,0.4066964739725738,0.5223213081875255,0.025269221230171536,0.13037761239949275,0.8935863879813364,-35.36854827549987
687,688.0,0.23947196027839956,2.4315145341032856,0.4066964290550166,0.5223214150987594,0.02526922123015915,0.1303776123994608,0.8935863879813832,-35.3685482755033
688,689.0,0.15108668453856655,9.595872047219288,0.40669646392446696,0.5223213330676765,0.02526922123016688,0.13037761239948073,0.8935863879813541,-35.36854827550116
689,690.0,0.5520813834546101,7.024807498113802,0.40669643444549924,0.522321403503731,0.025269221230159535,0.13037761239946177,0.8935863879813818,-35.368548275503194
690,691.0,0.11141888678739875,7.056387834980834,0.4066964637907313,0.5223213331498313,0.0252692212301669,0.13037761239948079,0.893586387981354,-35.368548275501155
691,692.0,0.9060388865068485,3.63103852863416,0.4066961363080522,0.5223212429067976,0.025269221231223632,0.1303776124022069,0.893586387981271,-35.368548275208425
692,693.0,0.8060172943262333,7.265005478950807,0.40669642708014886,0.5223214194519817,0.02526922123015906,0.13037761239946055,0.8935863879813836,-35.36854827550332
693,694.0,0.6667794547922505,9.485759868949664,0.40669643548960666,0.5223214004728048,0.025269221230159705,0.13037761239946222,0.8935863879813812,-35.368548275503144
694,695.0,0.6336256928064973,8.972061000364128,0.4066964352665916,0.5223214004434058,0.025269221230159726,0.13037761239946227,0.8935863879813812,-35.368548275503144
695,696.0,0.026453240572511416,4.729124452784614,0.4066964723047156,0.5223213125188841,0.025269221230170637,0.13037761239949042,0.8935863879813397,-35.36854827550012
696,697.0,0.6809679337096504,4.987561759029504,0.406696424790534,0.5223214251347481,0.02526922123015895,0.13037761239946027,0.8935863879813838,-35.36854827550336
697,698.0,0.9635803665875348,9.669258802879094,0.40669643009741635,0.5223214135736562,0.025269221230159133,0.13037761239946075,0.8935863879813832,-35.36854827550331
698,699.0,0.5576737759634157,2.2316370643220127,0.4066961393057996,0.5223212427235986,0.025269221231208082,0.1303776124021668,0.8935863879812708,-35.36854827521273
699,700.0,0.0032177089091499633,1.596883116415157,0.4066964747601049,0.5223213062386123,0.02526922123017196,0.13037761239949383,0.8935863879813347,-35.36854827549975
700,701.0,0.5448853844044421,0.7175359242030767,0.4066964205213855,0.5223214348709454,0.025269221230158945,0.13037761239946027,0.8935863879813837,-35.36854827550336
701,702.0,0.46033399994820134,0.0037769681087860335,0.40669642222222774,0.5223214322892746,0.02526922123015891,0.13037761239946016,0.8935863879813837,-35.36854827550337
702,703.0,0.9699084159836927,2.2571843472452424,0.40669642970957837,0.5223214425561269,0.025269221230159337,0.13037761239946127,0.8935863879813832,-35.36854827550325
703,704.0,0.5972869119292336,4.683827694814523,0.406696425501085,0.5223214235365083,0.025269221230158977,0.13037761239946033,0.8935863879813838,-35.36854827550335
704,705.0,0.802707042598832,3.188212297656364,0.40669615026932554,0.5223212488480018,0.025269221231132698,0.13037761240197232,0.893586387981278,-35.368548275233614
705,706.0,0.38658808238108,6.199508808565304,0.40669643839904157,0.522321393707156,0.02526922123016007,0.13037761239946316,0.8935863879813799,-35.368548275503045
706,707.0,0.305594725592094,7.523512006238214,0.4066964477699139,0.5223213714590087,0.025269221230161884,0.13037761239946785,0.8935863879813732,-35.36854827550254
707,708.0,0.8068877281759634,7.5432620925019656,0.40669642691068253,0.5223214195248205,0.025269221230159053,0.13037761239946052,0.8935863879813837,-35.36854827550333
708,709.0,0.024279854497766373,1.2158209917992897,0.4066964200603673,0.5223214353408264,0.025269221230158963,0.1303776123994603,0.8935863879813837,-35.36854827550335
709,710.0,0.3306870225584765,9.774342763634262,0.406696452238605,0.5223213606828361,0.02526922123016305,0.13037761239947085,0.8935863879813688,-35.36854827550222
710,711.0,0.9576568447527005,5.342593272603113,0.4066964219097952,0.5223214318084547,0.025269221230158897,0.13037761239946014,0.8935863879813839,-35.36854827550337
711,712.0,0.4227237698037286,6.042535482491948,0.40669643492472946,0.5223214013230176,0.025269221230159677,0.13037761239946213,0.8935863879813815,-35.36854827550316
712,713.0,0.880819865854528,4.82866155917567,0.40669642217398827,0.5223214307277327,0.025269221230158935,0.13037761239946025,0.8935863879813839,-35.368548275503365
713,714.0,0.032596942805188545,6.649978551291406,0.406696472971206,0.5223213110122965,0.02526922123017093,0.13037761239949117,0.8935863879813386,-35.36854827550003
714,715.0,0.48761567115293714,3.0041867873179617,0.406696422858431,0.5223214297679916,0.025269221230158925,0.13037761239946022,0.8935863879813838,-35.368548275503365
715,716.0,0.05548184852116922,4.063020831949367,0.4066964652376875,0.5223213296381329,0.025269221230167505,0.13037761239948234,0.8935863879813518,-35.368548275500984
716,717.0,0.6275132050105053,9.477935636551225,0.4066964365557597,0.5223213978251845,0.025269221230159837,0.13037761239946258,0.8935863879813808,-35.368548275503116
717,718.0,0.4034731043927152,8.587658522058483,0.4066964446457505,0.522321379106547,0.025269221230161135,0.1303776123994659,0.8935863879813759,-35.368548275502754
718,719.0,0.2676707282430143,0.7483979190736868,0.4066964215878409,0.5223214303191964,0.02526922123015899,0.13037761239946036,0.8935863879813839,-35.36854827550334
719,720.0,0.08671745400851005,8.634523638883614,0.4066964686835483,0.5223213213987717,0.02526922123016894,0.13037761239948603,0.8935863879813463,-35.368548275500586
720,721.0,0.8283349249397276,2.7165126703624694,0.4066963415016839,0.5223213789913741,0.025269221230248218,0.13037761239969056,0.8935863879813759,-35.36854827547863
721,722.0,0.7121810228443268,8.10860769874315,0.4066964320798484,0.5223214081499441,0.025269221230159383,0.13037761239946138,0.8935863879813825,-35.36854827550324
722,723.0,0.8698289344440295,2.8822949918839913,0.4066963346062608,0.5223213739169779,0.02526922123026406,0.13037761239973142,0.893586387981374,-35.36854827547424
723,724.0,0.484014283057278,5.26003496123532,0.406696429629002,0.5223214138040126,0.025269221230159195,0.13037761239946088,0.8935863879813831,-35.36854827550329
724,725.0,0.4117856220079098,3.6065363563048978,0.40669642720901666,0.5223214199591852,0.025269221230159,0.1303776123994604,0.8935863879813837,-35.36854827550334
725,726.0,0.5846906826242224,1.7334848870654045,0.4066963910525118,0.5223214169246142,0.025269221230171987,0.13037761239949391,0.8935863879813835,-35.36854827549974
726,727.0,0.14794850772385193,9.44521486187265,0.4066964626937769,0.5223213351392264,0.025269221230166634,0.1303776123994801,0.8935863879813553,-35.368548275501226
727,728.0,0.054943192806622854,5.677312619164394,0.406696468774926,0.5223213211025907,0.02526922123016901,0.13037761239948623,0.8935863879813459,-35.36854827550057
728,729.0,0.1162390312620033,9.40359189332855,0.4066964655415586,0.5223213279811196,0.025269221230167845,0.1303776123994832,0.8935863879813507,-35.36854827550089
729,730.0,0.8829265357179058,9.118614624961234,0.4066964293744944,0.5223214142804748,0.025269221230159154,0.1303776123994608,0.8935863879813832,-35.3685482755033
730,731.0,0.0220824673746417,6.61365139304148,0.40669647379135665,0.5223213091808702,0.025269221230171276,0.13037761239949205,0.8935863879813373,-35.36854827549994
731,732.0,0.9092371881873703,9.262098695447257,0.4066964291237883,0.5223214152242803,0.02526922123015912,0.1303776123994607,0.8935863879813833,-35.368548275503315
732,733.0,0.3594940259236017,7.349259950531374,0.406696444383077,0.5223213797705545,0.025269221230161114,0.13037761239946585,0.893586387981376,-35.36854827550276
733,734.0,0.45158531926519885,4.438975237692569,0.4066964287098415,0.5223214160981102,0.025269221230159143,0.13037761239946077,0.8935863879813832,-35.3685482755033
734,735.0,0.8506555684714308,0.15727741496934788,0.4066964169356689,0.5223214422784543,0.02526922123015903,0.13037761239946047,0.8935863879813832,-35.368548275503336
735,736.0,0.900162524769128,9.910967672440469,0.40669643146951695,0.5223214105958158,0.02526922123015925,0.13037761239946105,0.8935863879813828,-35.36854827550327
736,737.0,0.6212720648847729,9.75408076920623,0.4066964377278877,0.5223213951504089,0.02526922123015999,0.13037761239946297,0.8935863879813802,-35.36854827550307
737,738.0,0.8311209249804928,6.186886263302178,0.4066964236565674,0.5223214272239453,0.025269221230158973,0.13037761239946033,0.8935863879813838,-35.36854827550335
738,739.0,0.9514580402127544,0.14936078974023043,0.406696409733734,0.5223214562899983,0.025269221230159507,0.13037761239946172,0.8935863879813813,-35.3685482755032
739,740.0,0.007050041885192315,1.0693465309555734,0.40669641527889183,0.5223214464374325,0.02526922123015912,0.1303776123994607,0.8935863879813828,-35.368548275503315
740,741.0,0.6252317547931384,6.892076873011829,0.40669643069055444,0.5223214117380685,0.025269221230159233,0.130377612399461,0.8935863879813829,-35.36854827550327
741,742.0,0.6721256750869946,1.2394968144215703,0.4066964249426867,0.5223214384344578,0.025269221230158796,0.13037761239945989,0.8935863879813837,-35.3685482755034
742,743.0,0.14562117154250465,7.721589557049717,0.4066964609364019,0.522321339665309,0.025269221230165912,0.13037761239947823,0.8935863879813579,-35.368548275501425
743,744.0,0.19379088288412638,8.807085293801354,0.4066964589196658,0.522321344476679,0.025269221230165204,0.1303776123994764,0.8935863879813607,-35.368548275501624
744,745.0,0.4831538199491172,0.654591667720705,0.40669641634742937,0.5223214430867178,0.025269221230159074,0.1303776123994606,0.8935863879813831,-35.36854827550332
745,746.0,0.7183052313741017,0.49634651871918123,0.4066964219304563,0.5223214320327854,0.025269221230158918,0.1303776123994602,0.8935863879813838,-35.36854827550337
746,747.0,0.44436854341599386,8.19287737416563,0.40669644153768,0.5223213862082984,0.025269221230160625,0.13037761239946458,0.8935863879813779,-35.36854827550289
747,748.0,0.13028889742402316,7.872038879837476,0.40669646312944113,0.5223213342331351,0.025269221230166772,0.13037761239948045,0.8935863879813547,-35.36854827550119
748,749.0,0.005696008341545489,9.79104544842943,0.40669647700662404,0.5223213010484647,0.02526922123017301,0.13037761239949655,0.8935863879813306,-35.368548275499464
749,750.0,0.5407685465494634,1.9968156370362318,0.4066962393552652,0.5223213102354167,0.025269221230601487,0.13037761240060192,0.8935863879813379,-35.36854827538076
750,751.0,0.38146400922290735,2.8089116424050826,0.4066964249672291,0.5223214247786727,0.025269221230158973,0.13037761239946033,0.8935863879813837,-35.36854827550335
751,752.0,0.5457952160933025,6.239894321169418,0.40669643226829055,0.5223214087628213,0.025269221230159296,0.13037761239946116,0.8935863879813827,-35.368548275503265
752,753.0,0.5542273337048759,7.719692966960916,0.40669643529264593,0.5223214010566328,0.025269221230159646,0.13037761239946208,0.8935863879813815,-35.368548275503166
753,754.0,0.3439070254561536,6.3048644045736175,0.4066964415255797,0.5223213859301225,0.025269221230160625,0.13037761239946458,0.8935863879813779,-35.36854827550289
754,755.0,0.19761231611193508,5.109890008746443,0.4066964487168588,0.5223213687820443,0.025269221230162175,0.1303776123994686,0.8935863879813721,-35.36854827550246
755,756.0,0.943001519546239,0.24698490810113938,0.406696419779468,0.5223214343075387,0.02526922123015902,0.13037761239946044,0.8935863879813837,-35.368548275503336
756,757.0,0.8851696569360863,3.5069251483145316,0.4066961535322935,0.5223212515044262,0.025269221231108405,0.13037761240190965,0.8935863879812812,-35.36854827524034
757,758.0,0.8091992492130813,6.328526901266769,0.4066964255429736,0.5223214237335462,0.025269221230158963,0.1303776123994603,0.8935863879813838,-35.36854827550335
758,759.0,0.8401633640689662,2.411343987692056,0.4066964030937187,0.5223214216980375,0.025269221230164632,0.13037761239947493,0.8935863879813837,-35.36854827550178
759,760.0,0.006019662058637354,8.722029260584918,0.40669647716537116,0.5223213013775292,0.025269221230172882,0.13037761239949622,0.8935863879813309,-35.36854827549949
760,761.0,0.038040694927789054,2.124319674295434,0.4066964625841043,0.5223213362456434,0.025269221230166394,0.13037761239947948,0.8935863879813559,-35.36854827550129
761,762.0,0.23206767398062766,5.927964509760219,0.4066964482748161,0.5223213700373944,0.025269221230162047,0.13037761239946827,0.8935863879813726,-35.3685482755025
762,763.0,0.8834804910491915,7.331173316624767,0.4066964248765368,0.5223214244328735,0.025269221230158973,0.13037761239946033,0.8935863879813838,-35.36854827550335
763,764.0,0.459993438296344,0.5449011467590609,0.40669642203613404,0.5223214307697602,0.025269221230158966,0.1303776123994603,0.8935863879813837,-35.36854827550335
764,765.0,0.5974969798410863,8.42521141854117,0.4066964353614943,0.5223214005631158,0.02526922123015971,0.13037761239946222,0.8935863879813812,-35.368548275503144
765,766.0,0.6606654495967033,0.7559871186821392,0.40669642033891146,0.5223214354655741,0.02526922123015894,0.13037761239946025,0.8935863879813837,-35.368548275503365
766,767.0,0.9465987549938399,9.624337242722866,0.4066964288206509,0.5223214156044845,0.02526922123015911,0.1303776123994607,0.8935863879813835,-35.368548275503315
767,768.0,0.8967748187384732,8.827979182034182,0.4066964279281332,0.5223214182339849,0.02526922123015905,0.13037761239946052,0.8935863879813835,-35.36854827550333
768,769.0,0.901383137587044,3.1372102616483204,0.4066962971018045,0.5223213475946302,0.025269221230370828,0.13037761240000686,0.8935863879813624,-35.36854827544467
769,770.0,0.04129184727647295,4.866070648457305,0.4066964707512099,0.5223213171090725,0.025269221230169683,0.13037761239948795,0.8935863879813432,-35.36854827550039
770,771.0,0.36180714047167317,9.672534958267285,0.40669644940582955,0.5223213674239652,0.02526922123016231,0.13037761239946893,0.8935863879813716,-35.36854827550242
771,772.0,0.8451934057971306,4.524467713440335,0.4066964215114265,0.5223214322541849,0.02526922123015892,0.1303776123994602,0.8935863879813839,-35.368548275503365
772,773.0,0.14596886061830971,0.46963538476252153,0.40669642065252903,0.5223214318288063,0.02526922123015902,0.13037761239946044,0.8935863879813838,-35.368548275503336
773,774.0,0.7799168506323012,3.2346385534335527,0.40669608498850945,0.5223212081424177,0.025269221231638026,0.13037761240327594,0.8935863879812248,-35.36854827509363
774,775.0,0.12149956684454932,1.361881339024815,0.4066964317648137,0.5223214098116592,0.02526922123015927,0.1303776123994611,0.8935863879813827,-35.36854827550327
775,776.0,0.34989557031611696,3.8140095865061525,0.4066964306018981,0.5223214118384297,0.02526922123015922,0.13037761239946097,0.893586387981383,-35.36854827550328
776,777.0,0.5456417368440262,2.8903385701528177,0.4066964206961333,0.5223214339385438,0.025269221230158945,0.13037761239946027,0.8935863879813838,-35.36854827550336
777,778.0,0.6276472703486357,1.8528826888388992,0.40669639399782465,0.5223214151846902,0.025269221230170807,0.13037761239949086,0.8935863879813832,-35.368548275500075
778,779.0,0.019098336114351744,1.8609788366261062,0.40669646806233206,0.5223213228819218,0.02526922123016867,0.13037761239948534,0.8935863879813473,-35.368548275500665
779,780.0,0.5140915046635268,4.897114270258951,0.4066964281420312,0.5223214172690968,0.025269221230159084,0.13037761239946064,0.8935863879813835,-35.368548275503315
780,781.0,0.8140699555573339,2.412593397784004,0.4066963922667337,0.5223214148246613,0.025269221230171935,0.13037761239949378,0.8935863879813832,-35.36854827549976
781,782.0,0.725598420139946,8.283092766535884,0.40669643148595075,0.5223214093177706,0.025269221230159334,0.13037761239946125,0.8935863879813826,-35.36854827550325
782,783.0,0.9906793854372283,6.043645898033889,0.4066964226107973,0.5223214300531402,0.025269221230158914,0.13037761239946016,0.8935863879813839,-35.36854827550337
783,784.0,0.31593466912185575,4.978238037458056,0.4066964377892211,0.5223213954071495,0.025269221230159972,0.1303776123994629,0.8935863879813802,-35.36854827550307
784,785.0,0.42170594935095596,1.9883832689874197,0.40669642031592595,0.5223214347096373,0.025269221230158928,0.13037761239946022,0.8935863879813839,-35.368548275503365
785,786.0,0.75181362894954,0.6663990752083441,0.4066964195769698,0.5223214374200265,0.02526922123015893,0.13037761239946022,0.8935863879813837,-35.368548275503365
786,787.0,0.18633802839153046,3.768101715772759,0.4066964424822746,0.5223213833440975,0.02526922123016088,0.13037761239946524,0.893586387981377,-35.36854827550282
787,788.0,0.6452255643719661,1.4513728902239806,0.40669642964303415,0.5223214430508604,0.025269221230159355,0.13037761239946133,0.8935863879813832,-35.368548275503244
788,789.0,0.8166722970839527,1.9159902781469509,0.40669643047628123,0.5223214405815283,0.02526922123015927,0.1303776123994611,0.8935863879813835,-35.36854827550327
789,790.0,0.22838916313676294,8.688808235271487,0.4066964560143357,0.5223213522883298,0.02526922123016406,0.13037761239947346,0.8935863879813648,-35.368548275501944
790,791.0,0.585399903676784,8.357156437610346,0.40669643542603545,0.5223214002052556,0.025269221230159716,0.13037761239946224,0.8935863879813812,-35.368548275503144
791,792.0,0.2406337581715018,4.904605950328461,0.4066964437885426,0.5223213807312882,0.025269221230161065,0.13037761239946574,0.8935863879813762,-35.368548275502775
792,793.0,0.48150562928079965,5.293570164657008,0.4066964301428796,0.5223214127775629,0.025269221230159206,0.13037761239946094,0.893586387981383,-35.36854827550329
793,794.0,0.015724312377892624,0.5751197887680469,0.4066964189624375,0.5223214352230918,0.02526922123015907,0.13037761239946058,0.8935863879813836,-35.36854827550332
794,795.0,0.7542447973282391,1.7378045155835915,0.4066964297219395,0.5223214428807296,0.025269221230159376,0.13037761239946138,0.8935863879813832,-35.36854827550324
795,796.0,0.7270365591149572,2.41177415066666,0.4066963338769,0.5223213732492554,0.025269221230265915,0.13037761239973622,0.8935863879813738,-35.36854827547373
796,797.0,0.24070327509166722,5.92568196498919,0.4066964479564378,0.5223213713795792,0.025269221230161863,0.13037761239946777,0.8935863879813731,-35.36854827550255
797,798.0,0.7433786660329595,8.625628826804697,0.40669643169393627,0.5223214092294393,0.02526922123015935,0.1303776123994613,0.8935863879813826,-35.368548275503244
798,799.0,0.06624413546700925,5.278472343558099,0.4066964659914697,0.5223213274801444,0.025269221230167883,0.1303776123994833,0.8935863879813504,-35.368548275500885
799,800.0,0.06692871921937082,9.239707712044137,0.4066964710606237,0.52232131561924,0.02526922123017001,0.1303776123994888,0.8935863879813422,-35.36854827550029
800,801.0,0.9366259700954862,5.209819798984765,0.4066964216082093,0.5223214318481397,0.025269221230158925,0.13037761239946022,0.8935863879813839,-35.368548275503365
801,802.0,0.6894349871967819,2.318961909583539,0.40669632454126187,0.5223213658865592,0.025269221230290087,0.13037761239979856,0.8935863879813709,-35.36854827546703
802,803.0,0.4609233615099453,6.368585878711945,0.4066964347505397,0.522321402192428,0.025269221230159622,0.13037761239946202,0.8935863879813816,-35.36854827550317
803,804.0,0.2666925200035315,3.577729249534504,0.4066964339132827,0.5223214043970879,0.025269221230159504,0.1303776123994617,0.8935863879813819,-35.3685482755032
804,805.0,0.8249225845131876,2.290355496934559,0.4066964126500198,0.5223214266504181,0.02526922123016075,0.1303776123994649,0.8935863879813838,-35.36854827550286
805,806.0,0.8624268001924595,4.552496139117953,0.4066964214366371,0.5223214325337082,0.02526922123015893,0.13037761239946022,0.8935863879813838,-35.368548275503365
806,807.0,0.22497045202370491,2.8961131003564446,0.40669643370693614,0.5223214047796936,0.0252692212301595,0.1303776123994617,0.893586387981382,-35.36854827550321
807,808.0,0.8136645227899375,3.5009707943121278,0.406696023778857,0.5223211680100478,0.025269221232215665,0.13037761240476614,0.8935863879811614,-35.368548274933616
808,809.0,0.033423993963248355,1.1344083264531628,0.40669642076729096,0.5223214348949052,0.025269221230158918,0.1303776123994602,0.8935863879813837,-35.36854827550337
809,810.0,0.3287871296749735,6.644771242241884,0.40669644324165394,0.5223213821371272,0.025269221230160923,0.13037761239946535,0.8935863879813768,-35.36854827550281
810,811.0,0.9929291829172039,7.533167312683375,0.40669642475686535,0.5223214251694754,0.02526922123015896,0.1303776123994603,0.8935863879813838,-35.36854827550336
811,812.0,0.35033888570292926,2.7030928797907694,0.40669642471101797,0.5223214249711575,0.02526922123015897,0.13037761239946033,0.8935863879813839,-35.36854827550335
812,813.0,0.8754482225711241,6.08153969755649,0.4066964229951865,0.522321428868721,0.02526922123015893,0.13037761239946022,0.8935863879813839,-35.368548275503365
813,814.0,0.7914968004498592,1.5935644901960588,0.4066964282777226,0.5223214397151583,0.025269221230159022,0.13037761239946047,0.8935863879813835,-35.368548275503336
814,815.0,0.7367025929133526,5.121798382698425,0.40669642352783386,0.5223214281075205,0.02526922123015894,0.13037761239946025,0.8935863879813838,-35.368548275503365
815,816.0,0.23620693913758517,0.8796247339384289,0.40669641926750333,0.522321436025839,0.02526922123015898,0.13037761239946033,0.8935863879813837,-35.36854827550335
816,817.0,0.152600278666974,5.588192494796701,0.4066964542734696,0.5223213553768564,0.025269221230163747,0.13037761239947265,0.8935863879813662,-35.36854827550202
817,818.0,0.4801689378754622,7.559122882831618,0.40669643793978555,0.5223213948622855,0.025269221230160007,0.130377612399463,0.8935863879813801,-35.368548275503066
818,819.0,0.5415331633176496,0.6575664878252444,0.40669641972704806,0.5223214361631887,0.025269221230158942,0.13037761239946025,0.8935863879813837,-35.36854827550336
819,820.0,0.5300832589766519,0.7258213529647783,0.40669641990125166,0.5223214379428248,0.025269221230158914,0.13037761239946016,0.8935863879813836,-35.36854827550337
820,821.0,0.9868334643523811,9.230555266240717,0.40669642727155186,0.5223214194511707,0.025269221230159032,0.13037761239946047,0.8935863879813837,-35.36854827550333
821,822.0,0.006669977972742824,3.775440902961468,0.40669647621586785,0.5223213029069996,0.02526922123017264,0.13037761239949558,0.893586387981332,-35.36854827549956
822,823.0,0.26880891621028813,4.619128023904013,0.406696439653964,0.5223213900972061,0.02526922123016038,0.13037761239946397,0.8935863879813789,-35.36854827550296
823,824.0,0.11701348454132476,3.603941386426054,0.4066964519083939,0.5223213619821997,0.02526922123016286,0.13037761239947035,0.8935863879813695,-35.36854827550228
824,825.0,0.46704035358604135,0.693483885559313,0.40669641801359246,0.5223214385152177,0.02526922123015904,0.1303776123994605,0.8935863879813835,-35.36854827550333
825,826.0,0.9442077515542178,6.568362561910697,0.40669642376883547,0.5223214275315516,0.02526922123015893,0.13037761239946022,0.8935863879813839,-35.368548275503365
826,827.0,0.5199617176430731,4.700553532338923,0.4066964262441389,0.5223214212702845,0.025269221230159015,0.13037761239946044,0.8935863879813837,-35.368548275503336
827,828.0,0.8728758591099384,7.358160895519147,0.4066964261779165,0.5223214215599883,0.025269221230158994,0.13037761239946039,0.8935863879813838,-35.36854827550334
828,829.0,0.7527737624768869,7.250365167716459,0.40669642797421535,0.5223214183155684,0.025269221230159036,0.1303776123994605,0.8935863879813836,-35.36854827550333
829,830.0,0.6741550607084745,3.134778708598315,0.4066964210673081,0.5223214335858102,0.025269221230158918,0.1303776123994602,0.8935863879813838,-35.36854827550337
830,831.0,0.6262021625821202,7.730508569856985,0.4066964327878478,0.5223214066607622,0.025269221230159438,0.13037761239946152,0.8935863879813822,-35.368548275503215
831,832.0,0.46222221787841444,0.774757673973956,0.40669642132151534,0.5223214338161938,0.02526922123015891,0.13037761239946016,0.8935863879813838,-35.36854827550337
832,833.0,0.410506264134455,5.426862366932368,0.40669643425247937,0.5223214030039608,0.02526922123015958,0.13037761239946188,0.8935863879813818,-35.36854827550318
833,834.0,0.4230390715841075,8.038237240951515,0.4066964416024215,0.5223213859092366,0.025269221230160618,0.13037761239946458,0.8935863879813779,-35.368548275502896
834,835.0,0.3110387691348838,3.4516232320283464,0.40669642978233533,0.522321413372196,0.025269221230159174,0.13037761239946086,0.8935863879813832,-35.368548275503294
835,836.0,0.9096670603448883,6.076271964368498,0.4066964229993201,0.5223214287911031,0.025269221230158928,0.13037761239946022,0.8935863879813839,-35.368548275503365
836,837.0,0.058167511637468805,5.491805252379776,0.4066964680614829,0.5223213228547303,0.025269221230168677,0.13037761239948537,0.8935863879813473,-35.368548275500665
837,838.0,0.1223741601248407,3.2610993232163845,0.40669644926140724,0.5223213676049494,0.025269221230162307,0.13037761239946893,0.8935863879813717,-35.36854827550243
838,839.0,0.7347777493037346,2.542461262329096,0.4066963017662987,0.5223213515948765,0.025269221230354594,0.13037761239996498,0.8935863879813645,-35.36854827544916
839,840.0,0.7816169633228444,0.7730665476862972,0.406696418915011,0.5223214385276959,0.02526922123015894,0.13037761239946025,0.8935863879813837,-35.368548275503365
840,841.0,0.0972114360446047,1.0035118001349395,0.40669642108252024,0.522321434277498,0.02526922123015891,0.13037761239946016,0.8935863879813838,-35.36854827550337
841,842.0,0.4134390111278051,0.7021664910091604,0.4066964170064609,0.5223214426256028,0.02526922123015903,0.13037761239946047,0.8935863879813832,-35.368548275503336
842,843.0,0.6865311751782142,0.3558751005183208,0.4066964203263767,0.5223214361641416,0.025269221230158914,0.13037761239946016,0.8935863879813837,-35.36854827550337
843,844.0,0.413303098238734,2.7259129895767993,0.4066964224187919,0.5223214300057035,0.025269221230158942,0.13037761239946025,0.8935863879813839,-35.36854827550336
844,845.0,0.05773742143102767,3.641411546101888,0.4066964635777995,0.5223213337423175,0.02526922123016683,0.13037761239948062,0.8935863879813544,-35.368548275501176
845,846.0,0.6690103596533175,6.623676777069231,0.4066964279983866,0.5223214180350355,0.02526922123015909,0.13037761239946064,0.8935863879813833,-35.368548275503315
846,847.0,0.49253687792781775,2.5410402813100337,0.406696421657034,0.5223214322844824,0.025269221230158897,0.13037761239946014,0.8935863879813839,-35.36854827550337
847,848.0,0.78396964114028,7.1359684643970525,0.406696427142721,0.5223214200172823,0.025269221230158997,0.1303776123994604,0.8935863879813837,-35.36854827550334
848,849.0,0.3303762621402939,4.914220547977501,0.406696436873209,0.5223213969928024,0.025269221230159886,0.1303776123994627,0.8935863879813807,-35.368548275503095
849,850.0,0.5390585108796268,9.083148187933089,0.40669643889314905,0.5223213919653393,0.02526922123016024,0.1303776123994636,0.8935863879813793,-35.368548275503
850,851.0,0.11076064411145459,3.049647046284045,0.4066964498199148,0.5223213663591735,0.025269221230162432,0.13037761239946927,0.8935863879813711,-35.36854827550239
851,852.0,0.6401950011014449,6.177193649827038,0.40669642921976984,0.5223214154525574,0.025269221230159084,0.13037761239946064,0.8935863879813835,-35.368548275503315
852,853.0,0.7375437993305807,3.952207101759645,0.40669642184972127,0.5223214317709926,0.025269221230158928,0.13037761239946022,0.8935863879813838,-35.368548275503365
853,854.0,0.2731660669862499,0.976990890067191,0.4066964247397212,0.5223214267512324,0.02526922123015889,0.1303776123994601,0.8935863879813839,-35.36854827550337
854,855.0,0.5228948711280924,1.282185424661206,0.4066964282599617,0.5223214408646405,0.02526922123015911,0.1303776123994607,0.8935863879813832,-35.368548275503315
855,856.0,0.9156014576655288,9.552138245286091,0.406696430365858,0.5223214126659405,0.025269221230159206,0.13037761239946094,0.893586387981383,-35.36854827550329
856,857.0,0.5029566981688697,1.2243132075451206,0.4066964287447421,0.5223214408407075,0.025269221230159122,0.13037761239946072,0.8935863879813835,-35.36854827550331
857,858.0,0.5420053329546307,6.7741131881678465,0.4066964334714112,0.5223214053821662,0.02526922123015949,0.13037761239946166,0.893586387981382,-35.36854827550321
858,859.0,0.8879057442075824,6.758247043323992,0.40669642387766974,0.5223214269446874,0.025269221230158952,0.13037761239946027,0.8935863879813839,-35.36854827550336
859,860.0,0.3011083063994565,5.280117184083071,0.40669644010454997,0.5223213892766504,0.02526922123016037,0.13037761239946394,0.8935863879813789,-35.36854827550297
860,861.0,0.8156803555593348,2.8970011023045656,0.4066962791214044,0.5223213355937892,0.0252692212304342,0.13037761240017035,0.8935863879813555,-35.36854827542711
861,862.0,0.045095092587499885,1.5795396794395147,0.4066964545417038,0.522321355466125,0.02526922123016368,0.1303776123994725,0.8935863879813664,-35.36854827550204
862,863.0,0.786097603875692,8.189808173909142,0.40669642943505074,0.5223214141947652,0.02526922123015919,0.13037761239946088,0.8935863879813831,-35.36854827550329
863,864.0,0.6100493701028493,5.237658773739625,0.40669642630646585,0.5223214214192253,0.02526922123015902,0.13037761239946044,0.8935863879813837,-35.368548275503336
864,865.0,0.9487807952120689,3.7749406656952513,0.40669614760664924,0.5223212477518986,0.02526922123114962,0.13037761240201598,0.8935863879812767,-35.368548275228925
865,866.0,0.0014041046216941577,0.5976128825394615,0.40669641950668434,0.5223214367501352,0.025269221230158945,0.13037761239946027,0.8935863879813837,-35.36854827550336
866,867.0,0.12069648814679457,0.07815614584236187,0.4066964205736381,0.5223214346688471,0.02526922123015895,0.13037761239946027,0.8935863879813837,-35.36854827550336
867,868.0,0.0027871231164391386,3.883692745771897,0.40669647699103206,0.5223213013660614,0.025269221230172913,0.1303776123994963,0.8935863879813309,-35.36854827549949
868,869.0,0.834841014335949,1.1382356868988457,0.4066964784936739,0.5223214562017514,0.02526922123018774,0.13037761239953452,0.8935863879813815,-35.36854827549538
869,870.0,0.13507594813598378,4.338972179993926,0.4066964531202621,0.5223213587086258,0.025269221230163258,0.13037761239947138,0.8935863879813679,-35.368548275502164
870,871.0,0.39278924181393415,0.39662306113725526,0.40669642176197174,0.5223214331421513,0.0252692212301589,0.13037761239946014,0.8935863879813838,-35.36854827550337
871,872.0,0.8441157288404497,9.298487408451736,0.40669643055740534,0.5223214122366658,0.02526922123015922,0.13037761239946097,0.8935863879813829,-35.36854827550328
872,873.0,0.7000742263813393,5.730373709031508,0.4066964257312494,0.5223214234757133,0.025269221230158952,0.13037761239946027,0.8935863879813838,-35.36854827550336
873,874.0,0.06724881062307897,2.381514441670461,0.40669645471538485,0.5223213546282298,0.025269221230163817,0.13037761239947282,0.8935863879813659,-35.36854827550201
874,875.0,0.07847598064625849,2.7135502833789404,0.40669645367653295,0.5223213570226786,0.02526922123016351,0.13037761239947204,0.893586387981367,-35.36854827550209
875,876.0,0.6617137500480361,4.542357855014723,0.40669642385939625,0.522321427158926,0.02526922123015893,0.13037761239946022,0.8935863879813839,-35.368548275503365
876,877.0,0.8350127449563187,6.021674722823182,0.4066964242997066,0.5223214257922073,0.025269221230158984,0.13037761239946036,0.8935863879813837,-35.36854827550335
877,878.0,0.8792997370653877,4.44107564400659,0.406696421176069,0.52232143301467,0.025269221230158942,0.13037761239946025,0.8935863879813838,-35.36854827550336
878,879.0,0.18033714297526005,0.04196697158391004,0.40669642084524804,0.522321435741051,0.02526922123015888,0.13037761239946008,0.8935863879813837,-35.36854827550337
879,880.0,0.3196875195002593,3.940768640920633,0.40669643228263225,0.5223214082774272,0.02526922123015934,0.13037761239946127,0.8935863879813826,-35.36854827550325
880,881.0,0.2699612226656799,1.2226535599061303,0.40669641532154915,0.5223214445542865,0.025269221230159133,0.13037761239946075,0.893586387981383,-35.36854827550331
881,882.0,0.8908370954739393,2.252802109366982,0.4066964259744628,0.5223214390676016,0.02526922123015887,0.13037761239946008,0.8935863879813835,-35.36854827550338
882,883.0,0.5846846397899151,8.921690160625273,0.40669643733497096,0.5223213961695288,0.025269221230159948,0.13037761239946283,0.8935863879813803,-35.36854827550308
883,884.0,0.006583248783830653,1.4388667977537328,0.4066964732342827,0.5223213098146854,0.025269221230171196,0.13037761239949186,0.8935863879813377,-35.36854827549997
884,885.0,0.13494785303938595,4.415167731232948,0.4066964528174905,0.5223213593003575,0.02526922123016323,0.13037761239947132,0.893586387981368,-35.36854827550217
885,886.0,0.6562456624939973,6.416546961496792,0.406696428505612,0.5223214166622087,0.025269221230159105,0.13037761239946066,0.8935863879813833,-35.368548275503315
886,887.0,0.9602854845494315,2.4469700134612986,0.4066964254466412,0.522321438069403,0.025269221230158814,0.1303776123994599,0.8935863879813836,-35.36854827550339
887,888.0,0.587666930441975,1.269529096626343,0.40669642966430813,0.5223214422605815,0.025269221230159306,0.1303776123994612,0.8935863879813833,-35.36854827550326
888,889.0,0.5265171400410682,4.840353861527225,0.40669642763468117,0.5223214184751499,0.02526922123015906,0.13037761239946055,0.8935863879813836,-35.36854827550332
889,890.0,0.1655529099608588,2.0243964272894357,0.4066964325027825,0.522321407491412,0.025269221230159386,0.13037761239946138,0.8935863879813823,-35.36854827550324
890,891.0,0.8336035533980087,4.37671562966608,0.4066964224203737,0.5223214312153734,0.025269221230158897,0.13037761239946014,0.8935863879813839,-35.36854827550337
891,892.0,0.36881087061120177,8.935455441963578,0.40669644758383167,0.522321372175838,0.0252692212301618,0.13037761239946763,0.8935863879813735,-35.36854827550257
892,893.0,0.7184146162021999,0.5922739063024419,0.40669642110297033,0.522321432966612,0.025269221230158935,0.13037761239946025,0.8935863879813838,-35.368548275503365
893,894.0,0.4794777870187714,7.133573983149755,0.4066964361776345,0.5223213982660603,0.025269221230159844,0.13037761239946258,0.8935863879813809,-35.36854827550311
894,895.0,0.3250215144887191,1.790751907286972,0.4066964228021673,0.522321429311029,0.025269221230158918,0.1303776123994602,0.8935863879813839,-35.36854827550337
895,896.0,0.871897651904884,7.439786661617082,0.406696426449807,0.5223214214500332,0.025269221230159025,0.13037761239946047,0.8935863879813836,-35.368548275503336
896,897.0,0.2593130923370425,6.068606913204291,0.4066964465267429,0.5223213748993335,0.025269221230161523,0.1303776123994669,0.8935863879813744,-35.36854827550264
897,898.0,0.16371060445905183,9.450097077583445,0.406696462027433,0.5223213374176249,0.02526922123016625,0.1303776123994791,0.8935863879813566,-35.36854827550133
898,899.0,0.8146837204532262,3.83785333333032,0.406696420286399,0.5223214347732681,0.02526922123015893,0.13037761239946022,0.8935863879813838,-35.368548275503365
899,900.0,0.6628620014013171,9.93658575568783,0.40669643573597664,0.5223213995191459,0.025269221230159778,0.1303776123994624,0.893586387981381,-35.36854827550312
900,901.0,0.40806437989669053,8.686216882676945,0.4066964451345332,0.5223213779017506,0.02526922123016127,0.13037761239946627,0.8935863879813755,-35.36854827550272
901,902.0,0.2153387632300675,9.033984265561525,0.4066964575952217,0.5223213481039826,0.025269221230164625,0.13037761239947493,0.8935863879813628,-35.36854827550178
902,903.0,0.02542540568455065,2.5419473041812104,0.4066964683307332,0.5223213221967945,0.025269221230168802,0.13037761239948567,0.8935863879813468,-35.36854827550063
903,904.0,0.2689060929760836,1.256911594556459,0.40669642233304065,0.5223214311519728,0.025269221230158925,0.13037761239946022,0.8935863879813838,-35.368548275503365
904,905.0,0.8563817400659831,6.265984909806866,0.40669642437907305,0.5223214261538995,0.025269221230158942,0.13037761239946025,0.8935863879813839,-35.36854827550336
905,906.0,0.9813554256936218,6.646489527401499,0.4066964237188829,0.5223214275766277,0.025269221230158945,0.13037761239946027,0.8935863879813838,-35.36854827550336
906,907.0,0.5640348697712136,0.44962289530623867,0.40669642168036796,0.5223214333841839,0.025269221230158897,0.13037761239946014,0.8935863879813838,-35.36854827550337
907,908.0,0.940586527774838,7.532063484342335,0.40669642546022605,0.5223214237696354,0.025269221230158977,0.13037761239946033,0.8935863879813837,-35.36854827550335
908,909.0,0.3574822117674973,6.681433347115734,0.4066964416552473,0.522321385674823,0.025269221230160666,0.13037761239946472,0.8935863879813778,-35.36854827550288
909,910.0,0.6289535337709988,8.66687466269857,0.4066964349259788,0.5223214020129401,0.025269221230159625,0.13037761239946202,0.8935863879813815,-35.36854827550317
910,911.0,0.9950646487595534,9.52293221799828,0.40669642839812276,0.5223214167233472,0.0252692212301591,0.13037761239946066,0.8935863879813835,-35.368548275503315
911,912.0,0.862462864803305,1.8143072508334088,0.40669642891189145,0.5223214420606667,0.025269221230159233,0.130377612399461,0.8935863879813832,-35.36854827550327
912,913.0,0.41011584662214307,8.555923720040287,0.4066964448925023,0.5223213790334317,0.025269221230161117,0.13037761239946585,0.8935863879813759,-35.36854827550276
913,914.0,0.39930828749778813,6.67991661143734,0.40669643828458185,0.5223213935766743,0.025269221230160087,0.1303776123994632,0.8935863879813799,-35.36854827550304
914,915.0,0.5910014460477852,7.019594353447734,0.406696432143614,0.5223214087890783,0.025269221230159348,0.1303776123994613,0.8935863879813825,-35.368548275503244
915,916.0,0.25832590128731425,3.3638344181036666,0.4066964332410835,0.5223214055449067,0.02526922123015949,0.13037761239946166,0.8935863879813821,-35.36854827550321
916,917.0,0.015499053380920058,0.9098150062001563,0.4066964222053271,0.5223214316394434,0.025269221230158904,0.13037761239946014,0.8935863879813838,-35.36854827550337
917,918.0,0.6776300562055299,8.134064439889297,0.4066964322719875,0.5223214080616,0.025269221230159372,0.13037761239946136,0.8935863879813823,-35.36854827550324
918,919.0,0.009739288124227308,9.095934641176031,0.40669647672692455,0.5223213021159409,0.025269221230172764,0.1303776123994959,0.8935863879813315,-35.368548275499535
919,920.0,0.7024707612273016,4.801864149767858,0.40669642369751396,0.5223214278631888,0.02526922123015892,0.1303776123994602,0.8935863879813839,-35.368548275503365
920,921.0,0.6913752495255737,8.392411290375605,0.4066964319703297,0.5223214084101542,0.025269221230159365,0.13037761239946133,0.8935863879813826,-35.368548275503244
921,922.0,0.2743182419043044,8.459812966811318,0.40669645212312516,0.5223213608135077,0.025269221230163046,0.13037761239947085,0.8935863879813688,-35.36854827550222
922,923.0,0.5286667784685476,8.15042369536513,0.40669643861858984,0.5223213935090928,0.025269221230160097,0.13037761239946324,0.8935863879813798,-35.36854827550304
923,924.0,0.3378642681737274,4.9151841789592865,0.4066964362468079,0.5223213984977615,0.02526922123015983,0.13037761239946255,0.8935863879813808,-35.368548275503116
924,925.0,0.22708326257964473,0.7060925781679913,0.4066964213429697,0.522321433185667,0.02526922123015893,0.13037761239946022,0.8935863879813837,-35.368548275503365
925,926.0,0.005602254202004997,7.913513009696836,0.40669647722553637,0.5223213003676409,0.0252692212301732,0.13037761239949702,0.8935863879813299,-35.36854827549941
926,927.0,0.032142988670054606,2.6104574968654903,0.4066964665638828,0.5223213263109708,0.025269221230168077,0.1303776123994838,0.8935863879813496,-35.36854827550083
927,928.0,0.9038260606217139,6.260445718468732,0.40669642478178075,0.5223214255472275,0.02526922123015894,0.13037761239946025,0.8935863879813839,-35.368548275503365
928,929.0,0.3466408647287761,1.7714181472977313,0.40669642114780685,0.5223214330959206,0.025269221230158945,0.13037761239946027,0.8935863879813838,-35.36854827550336
929,930.0,0.1871840511562498,2.4450883162550334,0.406696434126687,0.5223214033024934,0.025269221230159577,0.13037761239946188,0.8935863879813818,-35.36854827550318
930,931.0,0.6614416876512091,6.592465958865552,0.40669642883529994,0.5223214157873828,0.0252692212301591,0.13037761239946066,0.8935863879813835,-35.368548275503315
931,932.0,0.5558950749529598,5.335721794115443,0.4066964278293711,0.5223214177307998,0.02526922123015908,0.1303776123994606,0.8935863879813835,-35.368548275503315
932,933.0,0.11418944977339407,9.406909826437762,0.4066964677016754,0.5223213241592265,0.025269221230168434,0.13037761239948475,0.893586387981348,-35.36854827550073
933,934.0,0.4232838968818462,0.9408943289797306,0.4066964217636266,0.5223214329894178,0.025269221230158897,0.13037761239946014,0.8935863879813838,-35.36854827550337
934,935.0,0.1658919688160685,2.021443613188749,0.4066964326043045,0.522321406885537,0.025269221230159396,0.1303776123994614,0.8935863879813825,-35.36854827550323
935,936.0,0.7134166378758133,2.2769575488692317,0.4066963578846916,0.5223213904671579,0.025269221230216236,0.13037761239960804,0.8935863879813791,-35.36854827548749
936,937.0,0.5547142637973408,3.1397784301415728,0.4066964219629013,0.5223214317103427,0.025269221230158918,0.1303776123994602,0.8935863879813839,-35.36854827550337
937,938.0,0.30236658359646107,5.179921473857229,0.4066964388668109,0.5223213918781925,0.02526922123016023,0.13037761239946358,0.8935863879813795,-35.368548275503
938,939.0,0.37414162548167784,2.7834546577403896,0.4066964243437472,0.522321425880628,0.02526922123015898,0.13037761239946033,0.8935863879813837,-35.36854827550335
939,940.0,0.5058793605839453,8.70036652739564,0.40669644059767796,0.5223213891862368,0.025269221230160364,0.13037761239946394,0.8935863879813787,-35.36854827550297
940,941.0,0.7255244227404489,9.615734578860607,0.40669643402350425,0.5223214040861002,0.0252692212301595,0.1303776123994617,0.893586387981382,-35.36854827550321
941,942.0,0.4820596348884273,2.631520271903276,0.4066964222119073,0.5223214311304252,0.02526922123015894,0.13037761239946025,0.8935863879813837,-35.368548275503365
942,943.0,0.9251310242084864,1.5299683189555018,0.40669642327737837,0.5223214339219521,0.02526922123015878,0.13037761239945983,0.8935863879813839,-35.36854827550341
943,944.0,0.3922660149102215,2.03922834782008,0.4066964216672159,0.522321432279497,0.025269221230158918,0.1303776123994602,0.8935863879813838,-35.36854827550337
944,945.0,0.7675509031503872,4.7560931329666865,0.4066964228446731,0.5223214297680865,0.025269221230158914,0.13037761239946016,0.8935863879813839,-35.36854827550337
945,946.0,0.381674141080922,3.2190616274256634,0.40669642615492735,0.5223214219954969,0.025269221230159015,0.13037761239946044,0.8935863879813837,-35.368548275503336
946,947.0,0.9732141442872949,4.604962422881199,0.40669642075043333,0.5223214341508393,0.025269221230158935,0.13037761239946025,0.8935863879813838,-35.368548275503365
947,948.0,0.49870922404796214,4.959881709823646,0.4066964287627057,0.5223214160072887,0.02526922123015913,0.13037761239946072,0.8935863879813832,-35.36854827550331
948,949.0,0.7286180469889996,7.090708550241634,0.40669642790192234,0.522321417997299,0.02526922123015905,0.13037761239946052,0.8935863879813836,-35.36854827550333
949,950.0,0.11406079510759448,6.255584276717577,0.40669646272240356,0.5223213355540735,0.025269221230166544,0.13037761239947987,0.8935863879813555,-35.368548275501254
950,951.0,0.46442950186129806,8.364706987728912,0.40669644062509985,0.5223213882572603,0.02526922123016046,0.13037761239946416,0.8935863879813786,-35.36854827550294
951,952.0,0.6652099173903153,1.642438023325495,0.4066964273679636,0.5223214412794663,0.02526922123015906,0.13037761239946055,0.8935863879813832,-35.36854827550332
952,953.0,0.3041358765042709,5.949972836869107,0.4066964425563201,0.5223213840841169,0.02526922123016074,0.13037761239946488,0.8935863879813775,-35.36854827550286
953,954.0,0.18181973924218287,8.206343954448979,0.40669645867516946,0.5223213453117873,0.02526922123016505,0.130377612399476,0.8935863879813611,-35.36854827550167
954,955.0,0.431489193499522,3.4001234295094864,0.40669642616054763,0.5223214225398941,0.025269221230158942,0.13037761239946025,0.8935863879813839,-35.36854827550336
955,956.0,0.031740647804272104,3.461000815758253,0.4066964691898838,0.5223213202001382,0.025269221230169163,0.13037761239948661,0.8935863879813454,-35.36854827550053
956,957.0,0.949141645920845,3.8353071648919257,0.4066961255557195,0.5223212331157702,0.025269221231312613,0.13037761240243645,0.8935863879812588,-35.36854827518377
957,958.0,0.9028414690659531,7.069060900179589,0.406696424773464,0.5223214253266912,0.025269221230158945,0.13037761239946027,0.8935863879813838,-35.36854827550336
958,959.0,0.002016126384179029,2.4907339618247906,0.4066964769601767,0.5223213012877185,0.025269221230172986,0.13037761239949647,0.8935863879813306,-35.36854827549947
959,960.0,0.7289209584990557,5.092862370391441,0.40669642394036737,0.522321426821772,0.025269221230158945,0.13037761239946027,0.8935863879813839,-35.36854827550336
960,961.0,0.700108927479868,0.10035526888605865,0.40669642127970906,0.5223214335995882,0.02526922123015893,0.13037761239946022,0.8935863879813837,-35.368548275503365
961,962.0,0.26177687636479885,9.481028824478297,0.40669645419490835,0.5223213557513388,0.025269221230163695,0.13037761239947251,0.8935863879813664,-35.36854827550204
962,963.0,0.7295967961170865,8.753819775993172,0.40669643128642485,0.5223214096726447,0.025269221230159337,0.13037761239946127,0.8935863879813827,-35.36854827550325
963,964.0,0.6517250966126626,1.377852902171049,0.4066964290700671,0.5223214417999071,0.02526922123015921,0.13037761239946094,0.8935863879813833,-35.36854827550329
964,965.0,0.805250882469446,6.726682240302369,0.40669642606824447,0.5223214224206301,0.02526922123015896,0.1303776123994603,0.8935863879813838,-35.36854827550336
965,966.0,0.02968231419574896,6.6500486368668925,0.4066964727699234,0.522321310680039,0.02526922123017109,0.13037761239949158,0.8935863879813383,-35.36854827549999
966,967.0,0.39632346424770726,3.032600264841714,0.406696424884766,0.5223214250768371,0.025269221230158952,0.13037761239946027,0.8935863879813839,-35.36854827550336
967,968.0,0.054382254344045755,9.498241902235172,0.4066964721764372,0.5223213131906602,0.025269221230170478,0.13037761239949003,0.8935863879813403,-35.36854827550016
968,969.0,0.5525177315524326,8.648878675142063,0.4066964373487945,0.5223213958988271,0.025269221230159948,0.13037761239946283,0.8935863879813805,-35.36854827550308
969,970.0,0.9530777002979379,6.549277951513507,0.4066964246823786,0.5223214260644232,0.025269221230158935,0.13037761239946025,0.8935863879813838,-35.368548275503365
970,971.0,0.015424351214295196,0.23222745680144607,0.40669641613081203,0.5223214421544876,0.025269221230159095,0.13037761239946064,0.8935863879813832,-35.368548275503315
971,972.0,0.34348231943455654,5.916090708788496,0.40669643989917736,0.5223213898863801,0.02526922123016036,0.1303776123994639,0.8935863879813789,-35.36854827550297
972,973.0,0.6386025298765011,3.5028173372866176,0.40669642268234213,0.5223214295890046,0.025269221230158945,0.13037761239946027,0.8935863879813838,-35.36854827550336
973,974.0,0.2984488231640362,4.42266006251701,0.40669643654150395,0.5223213977259354,0.025269221230159865,0.13037761239946263,0.8935863879813807,-35.3685482755031
974,975.0,0.45467584589973364,4.6273283823093765,0.406696428161785,0.5223214169162843,0.02526922123015911,0.1303776123994607,0.8935863879813835,-35.368548275503315
975,976.0,0.44711890491816997,3.8399676156425198,0.4066964254655869,0.5223214235619275,0.025269221230158977,0.13037761239946033,0.8935863879813838,-35.36854827550335
976,977.0,0.523846933838469,1.3072937186935871,0.4066964269925331,0.5223214400812597,0.02526922123015896,0.1303776123994603,0.8935863879813835,-35.36854827550336
977,978.0,0.6756514718373768,4.070250551642864,0.40669642272880463,0.522321429735494,0.025269221230158942,0.13037761239946025,0.8935863879813838,-35.36854827550336
978,979.0,0.5167879312571697,7.216482739550132,0.4066964344293137,0.5223214023099195,0.02526922123015962,0.130377612399462,0.8935863879813817,-35.36854827550317
979,980.0,0.4607295002955051,1.4243696950659295,0.4066963746731667,0.522321401782481,0.02526922123019101,0.13037761239954299,0.8935863879813813,-35.368548275494476
980,981.0,0.4931509326346275,1.1401228425317884,0.4066964183219066,0.5223214398512777,0.025269221230158977,0.13037761239946033,0.8935863879813835,-35.36854827550335
981,982.0,0.2903581338063035,5.067833768056544,0.4066964405374439,0.5223213886194172,0.025269221230160427,0.13037761239946408,0.8935863879813787,-35.368548275502945
982,983.0,0.03447590587076277,2.7664705495782105,0.40669646527628384,0.5223213290142644,0.025269221230167643,0.1303776123994827,0.8935863879813514,-35.36854827550095
983,984.0,0.024935991842736094,8.311422414045792,0.40669647474995907,0.5223213065280837,0.025269221230171873,0.1303776123994936,0.893586387981335,-35.368548275499776
984,985.0,0.2975291521776283,6.216334473267064,0.4066964442348683,0.5223213801453958,0.02526922123016107,0.13037761239946574,0.8935863879813761,-35.368548275502775
985,986.0,0.3324094718790769,2.8774362096511856,0.406696426650842,0.5223214210352607,0.025269221230159004,0.1303776123994604,0.8935863879813837,-35.36854827550334
986,987.0,0.9817197543181979,8.799182728960133,0.40669642658881555,0.5223214208674234,0.025269221230159025,0.13037761239946047,0.8935863879813837,-35.368548275503336
987,988.0,0.26219159851692275,5.4239232133900055,0.40669644500490165,0.5223213784373696,0.025269221230161207,0.1303776123994661,0.8935863879813757,-35.36854827550273
988,989.0,0.8521596015213816,9.248626802928994,0.40669643117105314,0.5223214108044374,0.025269221230159265,0.13037761239946108,0.8935863879813828,-35.36854827550327
989,990.0,0.028368270774028814,8.941440153305578,0.40669647421957295,0.5223213075043707,0.025269221230171685,0.1303776123994931,0.8935863879813358,-35.36854827549983
990,991.0,0.6142373014523012,7.184448699300355,0.4066964314475645,0.5223214096802177,0.025269221230159334,0.13037761239946125,0.8935863879813826,-35.36854827550325
991,992.0,0.7880349049722085,9.260686246169168,0.406696431715129,0.5223214092044891,0.025269221230159334,0.13037761239946125,0.8935863879813826,-35.36854827550325
992,993.0,0.1345873524054475,5.545462362244184,0.40669645731920884,0.5223213485310154,0.025269221230164604,0.13037761239947485,0.8935863879813629,-35.36854827550179
993,994.0,0.12923332747035599,0.2119593499993857,0.4066964231267021,0.5223214297951791,0.02526922123015892,0.1303776123994602,0.8935863879813838,-35.368548275503365
994,995.0,0.19419733352522617,0.9567448426078698,0.40669642084561536,0.5223214336157161,0.025269221230158942,0.13037761239946025,0.8935863879813838,-35.36854827550336
995,996.0,0.7419219752203415,5.3696340009753785,0.40669642432523984,0.5223214262103387,0.025269221230158966,0.1303776123994603,0.8935863879813837,-35.36854827550335
996,997.0,0.18920226072517654,4.0615725874662365,0.4066964437267915,0.5223213809433586,0.02526922123016103,0.13037761239946563,0.8935863879813764,-35.368548275502775
997,998.0,0.003928673466422339,3.946736269296326,0.40669647675453274,0.5223213022551931,0.025269221230172712,0.13037761239949577,0.8935863879813316,-35.36854827549954
998,999.0,0.20823907505407457,0.3041334627536597,0.40669642165840547,0.5223214330758637,0.0252692212301589,0.13037761239946014,0.8935863879813838,-35.36854827550337
999,1000.0,0.796577554949085,9.690689873955472,0.4066964335795185,0.5223214056142091,0.025269221230159435,0.13037761239946152,0.8935863879813821,-35.36854827550322
