,iteration,init_slope,init_intercept,est_intercept,est_slope,ss_res,nrmse,r_squared,aic
0,1.0,0.5932213513542358,2.3715562052539387,0.3506547565115112,0.7453571421136054,0.09854295634920658,0.17708793385517452,0.8142952115974891,-25.842210089002478
1,2.0,0.5702645894502482,6.5925034829358,0.3506549121167675,0.7453567687056828,0.09854295634932475,0.1770879338552807,0.8142952115972838,-25.842210088994086
2,3.0,0.513127466891674,6.066366869434474,0.35065491607758553,0.7453567590601196,0.09854295634933087,0.17708793385528618,0.814295211597273,-25.842210088993653
3,4.0,0.800378360152458,5.626819996912677,0.35065481384425734,0.74535700881162,0.09854295634922192,0.1770879338551883,0.8142952115974627,-25.84221008900139
4,5.0,0.16538643433996014,7.722429024017103,0.35065516202406727,0.7453561373138203,0.09854295635006653,0.1770879338559472,0.8142952115960069,-25.842210088941396
5,6.0,0.0947274747778688,2.1109745361527743,0.35065504896274985,0.7453564258312183,0.09854295634964196,0.1770879338555657,0.8142952115967355,-25.842210088971555
6,7.0,0.9868485417486116,0.8876957157541862,0.35065475257660966,0.7453571517121089,0.09854295634920658,0.17708793385517452,0.8142952115974889,-25.842210089002478
7,8.0,0.018515426201286544,1.9349593220812658,0.3506552308142209,0.7453559603828711,0.09854295635039859,0.17708793385624558,0.8142952115954396,-25.842210088917806
8,9.0,0.9992737380932921,6.609427536930176,0.3506548041500211,0.7453570311864978,0.09854295634921732,0.17708793385518418,0.8142952115974708,-25.842210089001714
9,10.0,0.22268823452552167,5.908740057003449,0.3506550805362186,0.7453563451139739,0.09854295634974639,0.17708793385565955,0.8142952115965563,-25.84221008896413
10,11.0,0.16197455908268676,2.3850312293776654,0.35065496377811106,0.7453566406408499,0.09854295634941947,0.1770879338553658,0.8142952115971194,-25.842210088987358
11,12.0,0.5596242544668939,0.007568691285001603,0.3506547537169411,0.7453571472430431,0.09854295634920661,0.17708793385517455,0.814295211597489,-25.842210089002478
12,13.0,0.15267917793809926,8.54130506108597,0.35065518152111963,0.7453560879977059,0.09854295635015317,0.17708793385602506,0.814295211595858,-25.84221008893524
13,14.0,0.5272621439014894,3.709081777376657,0.3506548149823229,0.7453570065945824,0.09854295634922235,0.1770879338551887,0.8142952115974619,-25.842210089001362
14,15.0,0.8278835931503049,9.4677431310176,0.3506549079583625,0.7453567776540273,0.09854295634931944,0.1770879338552759,0.8142952115972936,-25.84221008899446
15,16.0,0.5423214040133638,7.358290336876097,0.3506549479576327,0.7453566815122497,0.09854295634938581,0.17708793385533558,0.8142952115971771,-25.842210088989745
16,17.0,0.9171366850889133,1.4686363637502586,0.350655000392576,0.7453574360573126,0.0985429563503113,0.17708793385616714,0.814295211597363,-25.842210088924006
17,18.0,0.43747458710386666,3.9420940572992142,0.3506548583703197,0.7453569004395195,0.09854295634925636,0.17708793385521926,0.8142952115974029,-25.842210088998943
18,19.0,0.10126431745664854,4.3391413505125636,0.35065515126341446,0.7453561651794883,0.09854295635001904,0.17708793385590454,0.8142952115960881,-25.842210088944764
19,20.0,0.24075631389526697,8.57125469669115,0.3506551257816529,0.7453562309320437,0.09854295634991253,0.17708793385580882,0.81429521159627,-25.84221008895233
20,21.0,0.9121192179623606,5.423046973641012,0.3506547902598023,0.745357065274687,0.09854295634921179,0.17708793385517918,0.8142952115974802,-25.84221008900211
21,22.0,0.8172285861096442,2.1310714176445535,0.3506547504925864,0.7453571565687395,0.09854295634920664,0.17708793385517457,0.8142952115974887,-25.842210089002474
22,23.0,0.1376232364099096,3.306501467034934,0.3506550640983824,0.7453563881878674,0.09854295634968882,0.17708793385560784,0.8142952115966543,-25.842210088968223
23,24.0,0.41758330766530105,2.7966088824800015,0.35065480591565323,0.7453570259554995,0.09854295634921843,0.17708793385518518,0.814295211597469,-25.84221008900164
24,25.0,0.7204742389019257,9.945266531447505,0.3506549501864677,0.7453566751440164,0.098542956349391,0.17708793385534025,0.8142952115971684,-25.84221008898938
25,26.0,0.9741838869897249,2.447903485082276,0.3506547528530305,0.7453571518382004,0.09854295634920657,0.17708793385517452,0.8142952115974889,-25.842210089002478
26,27.0,0.8955564010963437,1.6135090961981315,0.35065519223087416,0.7453576330478746,0.09854295635258663,0.1770879338582116,0.8142952115971368,-25.842210088762375
27,28.0,0.6586911333365386,2.3175142086825717,0.35065492697432604,0.7453573065070296,0.09854295634965385,0.1770879338555764,0.8142952115974498,-25.84221008897071
28,29.0,0.6970466031918826,5.017559386236967,0.35065481818431765,0.7453569985167512,0.09854295634922432,0.17708793385519045,0.8142952115974584,-25.842210089001217
29,30.0,0.3129214311353832,9.868908316407781,0.3506551091675877,0.7453562727939149,0.09854295634984907,0.17708793385575183,0.8142952115963794,-25.84221008895684
30,31.0,0.20913082741126277,9.633551120358321,0.3506551609202389,0.7453561401188543,0.09854295635006173,0.1770879338559429,0.8142952115960153,-25.84221008894173
31,32.0,0.33800179221938753,4.026556455812506,0.3506549179247365,0.7453567538947184,0.09854295634933437,0.17708793385528934,0.8142952115972673,-25.842210088993404
32,33.0,0.6651809319875993,9.474415279949215,0.3506549561064768,0.7453566594216887,0.09854295634940392,0.17708793385535182,0.8142952115971465,-25.84221008898846
33,34.0,0.4066639223224212,3.6850857284835628,0.35065485974505156,0.745356896921418,0.09854295634925778,0.1770879338552205,0.8142952115974005,-25.842210088998844
34,35.0,0.09441422762853902,0.4338536862040275,0.3506547568213686,0.7453571437579364,0.0985429563492065,0.17708793385517443,0.814295211597489,-25.842210089002485
35,36.0,0.942881257756058,7.433724331727895,0.35065483277557596,0.7453569624679762,0.09854295634923427,0.17708793385519941,0.8142952115974413,-25.842210089000517
36,37.0,0.536942767436353,5.735849775549338,0.3506548958526029,0.7453568095485534,0.09854295634930026,0.1770879338552587,0.8142952115973262,-25.842210088995827
37,38.0,0.901902077141042,6.4063833110954596,0.35065481454235947,0.7453570052939187,0.09854295634922289,0.17708793385518917,0.8142952115974613,-25.842210089001323
38,39.0,0.6266023408045678,2.2328683433224756,0.3506548571700841,0.7453572390407565,0.09854295634935739,0.17708793385531002,0.8142952115974755,-25.842210088991767
39,40.0,0.5676514082444472,3.825019956234642,0.3506548053691835,0.7453570273366688,0.09854295634921811,0.17708793385518487,0.8142952115974695,-25.84221008900166
40,41.0,0.21547076280250066,5.952000263639647,0.3506550862495744,0.7453563314894412,0.09854295634976468,0.177087933855676,0.8142952115965241,-25.842210088962833
41,42.0,0.4273304816493467,9.852552567282991,0.3506550550309231,0.745356409995803,0.09854295634966168,0.17708793385558344,0.8142952115967018,-25.84221008897015
42,43.0,0.5843152717874592,6.104925551840229,0.35065488851044563,0.7453568255121529,0.09854295634929186,0.17708793385525115,0.8142952115973414,-25.842210088996424
43,44.0,0.4413523711966274,0.011035401624769415,0.3506547531119938,0.7453571512747958,0.09854295634920658,0.17708793385517452,0.8142952115974889,-25.842210089002478
44,45.0,0.025580503768568685,0.684523725713845,0.35065474548328135,0.7453571669911765,0.09854295634920694,0.17708793385517485,0.8142952115974882,-25.842210089002457
45,46.0,0.12591855672947294,7.175819468476932,0.35065518266993595,0.7453560839243292,0.09854295635016119,0.17708793385603228,0.8142952115958455,-25.842210088934667
46,47.0,0.16046221309844377,0.746873658427469,0.35065476205710655,0.7453571376604411,0.0985429563492064,0.17708793385517435,0.8142952115974891,-25.842210089002492
47,48.0,0.8504026205670849,5.12910020984972,0.3506547907571319,0.7453570628204875,0.0985429563492122,0.17708793385517957,0.8142952115974796,-25.84221008900208
48,49.0,0.4991494082431488,7.400932828345558,0.3506549645380051,0.7453566378145349,0.09854295634942214,0.17708793385536822,0.8142952115971152,-25.842210088987166
49,50.0,0.7526508212663048,7.924670453902637,0.3506548903389108,0.7453568220686476,0.0985429563492935,0.17708793385525262,0.8142952115973383,-25.842210088996307
50,51.0,0.4575191764426475,3.2303638987317,0.3506548136548679,0.7453570081985527,0.09854295634922212,0.17708793385518848,0.8142952115974625,-25.842210089001373
51,52.0,0.23792069970414853,4.9841871566879865,0.35065503879517135,0.7453564532068312,0.09854295634960858,0.17708793385553573,0.8142952115967919,-25.842210088973925
52,53.0,0.7489781970962175,1.7101178832367931,0.350654751762297,0.7453571540117888,0.0985429563492066,0.17708793385517452,0.8142952115974889,-25.842210089002478
53,54.0,0.6595411956117542,3.6834810103465303,0.3506547812386383,0.7453570852266491,0.09854295634920957,0.1770879338551772,0.8142952115974842,-25.84221008900227
54,55.0,0.5265310743386157,5.272401091467111,0.3506548811282645,0.7453568450665438,0.09854295634928145,0.1770879338552418,0.8142952115973592,-25.842210088997156
55,56.0,0.25416580828625757,3.034618029500037,0.35065491780481167,0.7453567533870495,0.09854295634933491,0.17708793385528981,0.8142952115972667,-25.842210088993365
56,57.0,0.847821886783424,7.030468462071041,0.35065484309960576,0.7453569378544092,0.09854295634924218,0.17708793385520652,0.8142952115974275,-25.84221008899995
57,58.0,0.16308885806465168,6.973236906042642,0.35065515119067936,0.745356165000831,0.09854295635001954,0.177087933855905,0.8142952115960875,-25.84221008894473
58,59.0,0.286743685803436,6.759855901763403,0.35065505979880357,0.7453563983999549,0.0985429563496761,0.1770879338555964,0.8142952115966767,-25.842210088969132
59,60.0,0.1823187620968405,7.457873096493361,0.3506551448060626,0.7453561811407259,0.09854295634999288,0.17708793385588104,0.8142952115961334,-25.842210088946622
60,61.0,0.5601750238989958,6.447095880663731,0.35065491254971315,0.7453567692746943,0.09854295634932403,0.17708793385528004,0.8142952115972845,-25.842210088994136
61,62.0,0.019674703643233316,6.006834679186866,0.35065527142153696,0.7453558560671282,0.09854295635061967,0.17708793385644425,0.814295211595062,-25.842210088902103
62,63.0,0.650015640654996,5.441317830373026,0.3506548454121438,0.7453569324733139,0.09854295634924405,0.17708793385520818,0.8142952115974242,-25.84221008899982
63,64.0,0.7507614670229028,9.637842638856243,0.3506549347148076,0.7453567130718276,0.09854295634936244,0.17708793385531457,0.8142952115972182,-25.842210088991408
64,65.0,0.2962799513026909,7.797422917761394,0.3506550798497988,0.7453563488833966,0.09854295634974035,0.1770879338556541,0.8142952115965651,-25.84221008896456
65,66.0,0.9159762049166179,8.062237926000005,0.35065485395397733,0.7453569108474252,0.09854295634925223,0.17708793385521554,0.8142952115974101,-25.842210088999234
66,67.0,0.5804726520845729,7.996084570076918,0.350654948198408,0.7453566785358672,0.09854295634938871,0.17708793385533816,0.8142952115971731,-25.842210088989543
67,68.0,0.31279331159926416,6.9044741629967366,0.3506550471245579,0.7453564315092696,0.09854295634963471,0.1770879338555592,0.8142952115967472,-25.842210088972067
68,69.0,0.37021908913526236,6.891068341997719,0.3506550135310921,0.745356516111433,0.09854295634953857,0.1770879338554728,0.8142952115969132,-25.8422100889789
69,70.0,0.9260444853164517,8.009967338392515,0.350654850086548,0.7453569212365447,0.09854295634924813,0.17708793385521185,0.814295211597417,-25.842210088999526
70,71.0,0.6711619488544982,7.750418796722047,0.3506549111450039,0.7453567705679289,0.09854295634932367,0.17708793385527974,0.8142952115972859,-25.84221008899416
71,72.0,0.43583408978924065,3.274555812975629,0.3506548250027159,0.7453569812984197,0.09854295634922879,0.17708793385519447,0.8142952115974509,-25.8422100890009
72,73.0,0.6278042412050752,9.73995219790613,0.35065497704470366,0.7453566080363502,0.09854295634944794,0.1770879338553914,0.8142952115970699,-25.842210088985333
73,74.0,0.8968357840581193,3.2943263484461522,0.35065467186869304,0.7453570754260791,0.09854295634931709,0.17708793385527383,0.8142952115974823,-25.842210088994626
74,75.0,0.33279777166971103,6.247353878980896,0.35065501486579437,0.7453565121736294,0.09854295634954297,0.17708793385547678,0.814295211596906,-25.842210088978586
75,76.0,0.6480595054206031,5.744191575300138,0.3506548543858076,0.7453569098963063,0.09854295634925257,0.17708793385521585,0.8142952115974096,-25.84221008899921
76,77.0,0.15183448219258144,3.719133411632619,0.3506550684411586,0.7453563787881138,0.0985429563497003,0.17708793385561813,0.8142952115966333,-25.84221008896741
77,78.0,0.6145175845452082,4.794832065887284,0.350654830813257,0.7453569679860694,0.09854295634923253,0.17708793385519783,0.8142952115974442,-25.842210089000634
78,79.0,0.3079272745437678,5.739939245664194,0.35065501451867803,0.7453565134591791,0.09854295634954141,0.1770879338554754,0.8142952115969084,-25.842210088978693
79,80.0,0.718202665583146,8.807746173198336,0.3506549240691904,0.7453567397391423,0.09854295634934356,0.17708793385529759,0.8142952115972509,-25.84221008899275
80,81.0,0.912466124848198,0.09009435299957247,0.35065474778972255,0.745357161130311,0.09854295634920673,0.17708793385517466,0.8142952115974886,-25.842210089002467
81,82.0,0.742066287302384,3.021016282422329,0.3506547572335955,0.74535714070109,0.09854295634920658,0.17708793385517452,0.814295211597489,-25.842210089002478
82,83.0,0.5696808092582781,0.9835281011529544,0.3506547581886722,0.745357139565352,0.09854295634920655,0.1770879338551745,0.8142952115974891,-25.842210089002478
83,84.0,0.5687940009824907,7.5873669434332465,0.35065494276246906,0.7453566924688584,0.09854295634937786,0.17708793385532842,0.8142952115971918,-25.842210088990313
84,85.0,0.2712529293896161,1.4797839605758623,0.35065477799515593,0.7453570930025478,0.09854295634920883,0.17708793385517654,0.8142952115974854,-25.842210089002318
85,86.0,0.10974016868516334,0.002790046756603291,0.3506547555841649,0.7453571426480943,0.09854295634920658,0.17708793385517452,0.8142952115974891,-25.842210089002478
86,87.0,0.908785805755967,4.670992501300779,0.35065477292697184,0.7453571042368872,0.09854295634920794,0.17708793385517574,0.8142952115974869,-25.84221008900238
87,88.0,0.6580396471906813,9.858377488903498,0.3506549687054432,0.7453566291549091,0.09854295634942907,0.17708793385537444,0.8142952115971023,-25.842210088986675
88,89.0,0.18615995729908097,7.5608320627953285,0.3506551443738298,0.7453561826686558,0.09854295634999012,0.17708793385587857,0.8142952115961377,-25.84221008894682
89,90.0,0.8937050317795717,9.609989911420831,0.3506548951088885,0.7453568099019967,0.09854295634930026,0.1770879338552587,0.8142952115973267,-25.842210088995827
90,91.0,0.3259577962399317,1.4300755754618264,0.3506547635035019,0.7453571275774673,0.09854295634920678,0.17708793385517468,0.8142952115974886,-25.842210089002467
91,92.0,0.24793103880670653,3.1511204646112065,0.350654930714739,0.7453567224709305,0.09854295634935578,0.17708793385530858,0.81429521159723,-25.84221008899188
92,93.0,0.670941257107567,4.972439182513761,0.3506548243369769,0.7453569837855236,0.09854295634922806,0.1770879338551938,0.814295211597452,-25.842210089000957
93,94.0,0.37336775396738153,0.8189605835608674,0.3506547530716579,0.7453571489032423,0.09854295634920657,0.17708793385517452,0.8142952115974891,-25.842210089002478
94,95.0,0.5009949238149036,7.6425442262988295,0.35065497050057665,0.7453566228877766,0.09854295634943512,0.17708793385537988,0.8142952115970927,-25.842210088986246
95,96.0,0.8019182349244597,3.972862628723137,0.350654769614248,0.7453571128379597,0.09854295634920736,0.1770879338551752,0.8142952115974879,-25.842210089002425
96,97.0,0.9752206740684196,1.0781052325347587,0.350654758133571,0.7453571376355991,0.09854295634920662,0.17708793385517457,0.8142952115974891,-25.842210089002474
97,98.0,0.8255819372470218,2.3023633199965388,0.35065475093353227,0.7453571552914593,0.09854295634920664,0.17708793385517457,0.8142952115974889,-25.842210089002474
98,99.0,0.29736353848709585,2.552300968417832,0.3506548492987796,0.745356922542834,0.09854295634924769,0.17708793385521146,0.8142952115974179,-25.842210088999558
99,100.0,0.29950944104278066,4.911787532083386,0.35065498790913824,0.7453565796281952,0.0985429563494747,0.1770879338554154,0.8142952115970241,-25.842210088983435
100,101.0,0.3838656412609145,4.0760293299114485,0.3506548935904349,0.7453568144713173,0.0985429563492976,0.1770879338552563,0.814295211597331,-25.842210088996012
101,102.0,0.5119365061267207,4.170323339891372,0.3506548407690901,0.7453569432693536,0.09854295634924039,0.17708793385520488,0.8142952115974307,-25.84221008900008
102,103.0,0.9174041434398877,7.90176498401949,0.35065484889511594,0.7453569230642981,0.09854295634924755,0.17708793385521132,0.8142952115974182,-25.842210088999572
103,104.0,0.2896699010075069,5.3764659131618915,0.3506550124113148,0.7453565168738949,0.09854295634953845,0.17708793385547272,0.8142952115969146,-25.842210088978902
104,105.0,0.08799298534571165,4.388752462431189,0.3506551713344926,0.745356115503511,0.09854295635010332,0.17708793385598026,0.8142952115959421,-25.842210088938778
105,106.0,0.3964359686471107,9.012920646371741,0.35065505211801384,0.7453564178852402,0.09854295634965166,0.17708793385557445,0.8142952115967188,-25.842210088970866
106,107.0,0.8292273622251575,6.087591903440895,0.35065482068304066,0.7453569918312076,0.09854295634922602,0.17708793385519198,0.8142952115974555,-25.8422100890011
107,108.0,0.5858484337620289,0.6347258021886851,0.35065475152445874,0.7453571539210341,0.09854295634920661,0.17708793385517455,0.8142952115974889,-25.842210089002478
108,109.0,0.2552899707319357,7.52967762967483,0.35065510080589285,0.7453562958186895,0.09854295634981455,0.1770879338557208,0.8142952115964373,-25.842210088959288
109,110.0,0.7510682235457038,4.101136623463169,0.35065478130996364,0.7453570866948139,0.09854295634920937,0.17708793385517704,0.8142952115974843,-25.84221008900228
110,111.0,0.8609409282496904,5.474245001985683,0.35065479773307834,0.7453570465102035,0.09854295634921464,0.17708793385518176,0.8142952115974754,-25.84221008900191
111,112.0,0.3845969150976164,8.72722366893426,0.35065505433432076,0.7453564138986187,0.09854295634965596,0.17708793385557828,0.8142952115967103,-25.84221008897056
112,113.0,0.6404035784595906,6.155290773370745,0.35065487306595944,0.7453568648409586,0.09854295634927186,0.17708793385523316,0.8142952115973758,-25.84221008899784
113,114.0,0.7088884151198612,0.7191668569346744,0.3506547575600986,0.7453571414050715,0.09854295634920648,0.17708793385517443,0.8142952115974891,-25.842210089002485
114,115.0,0.19805723965345723,0.2478707794666122,0.3506547569104824,0.7453571467680902,0.09854295634920646,0.1770879338551744,0.814295211597489,-25.842210089002485
115,116.0,0.6051197598938044,7.679731597234653,0.3506549323212824,0.7453567187017732,0.09854295634935845,0.177087933855311,0.8142952115972253,-25.842210088991692
116,117.0,0.44121680482167147,3.629188992053312,0.3506548433772538,0.7453569384511949,0.09854295634924187,0.17708793385520624,0.8142952115974278,-25.842210088999973
117,118.0,0.8991205499106208,8.724126013793523,0.35065487334169004,0.7453568645407792,0.09854295634927195,0.17708793385523325,0.8142952115973756,-25.842210088997835
118,119.0,0.8114580033870776,5.220911816400228,0.35065480118023107,0.7453570391628057,0.0985429563492158,0.1770879338551828,0.8142952115974733,-25.842210089001828
119,120.0,0.6310214136661092,3.5348084972137355,0.3506547820132372,0.7453570835722352,0.09854295634920972,0.17708793385517735,0.8142952115974839,-25.842210089002258
120,121.0,0.8413020566138312,4.432323171713369,0.35065477697786906,0.7453570961037572,0.09854295634920854,0.17708793385517627,0.8142952115974857,-25.842210089002343
121,122.0,0.7046775655625629,0.6155464700895692,0.3506547532610461,0.7453571502719202,0.09854295634920653,0.17708793385517446,0.8142952115974891,-25.842210089002485
122,123.0,0.042395525455594885,5.399446917237814,0.35065524266490194,0.7453559308035507,0.0985429563504588,0.17708793385629967,0.8142952115953357,-25.84221008891353
123,124.0,0.007919941773810169,1.4026022843388972,0.3506547523698519,0.7453571559059884,0.0985429563492065,0.17708793385517443,0.8142952115974889,-25.842210089002485
124,125.0,0.24089843889058415,9.714173968442346,0.3506551435898374,0.7453561831491184,0.09854295634999011,0.17708793385587854,0.8142952115961392,-25.84221008894682
125,126.0,0.1004654113777318,0.9384715470986559,0.3506547588181688,0.7453571381566435,0.09854295634920651,0.17708793385517446,0.8142952115974891,-25.842210089002485
126,127.0,0.10251688031053952,4.341522023658681,0.350655149747927,0.7453561684711967,0.0985429563500139,0.1770879338558999,0.8142952115960974,-25.84221008894513
127,128.0,0.10657274782053139,2.8652857566665424,0.3506550847297786,0.7453563366343495,0.09854295634975697,0.17708793385566907,0.8142952115965364,-25.84221008896338
128,129.0,0.5565420741973187,1.8016620623945354,0.35065475038463934,0.7453571561286041,0.09854295634920664,0.17708793385517457,0.8142952115974887,-25.842210089002474
129,130.0,0.5731134215021865,1.6955691457994062,0.35065475165227766,0.7453571539740995,0.0985429563492066,0.17708793385517452,0.8142952115974889,-25.842210089002478
130,131.0,0.5707392084644022,3.6206574817242427,0.35065479789073223,0.7453570462570475,0.09854295634921466,0.1770879338551818,0.8142952115974753,-25.84221008900191
131,132.0,0.45456678957518437,7.457848112111318,0.3506549869944069,0.745356581726496,0.09854295634947277,0.17708793385541372,0.8142952115970274,-25.842210088983574
132,133.0,0.37075767476427524,0.9446616284197856,0.35065475817181235,0.7453571426881015,0.09854295634920646,0.1770879338551744,0.814295211597489,-25.842210089002485
133,134.0,0.9173082192086508,1.534552281244532,0.35065506757416615,0.7453575032704379,0.09854295635095986,0.1770879338567499,0.8142952115972987,-25.842210088877934
134,135.0,0.47029073295364576,0.3039980273416854,0.3506547566460082,0.745357145434592,0.09854295634920647,0.17708793385517443,0.814295211597489,-25.842210089002485
135,136.0,0.2037588569854436,9.303241302973985,0.35065515868233055,0.7453561450389552,0.09854295635005374,0.17708793385593571,0.8142952115960297,-25.842210088942302
136,137.0,0.4631787991018651,9.825582563042127,0.35065503900673567,0.745356451691758,0.0985429563496107,0.17708793385553762,0.8142952115967889,-25.842210088973776
137,138.0,0.8194597098865294,9.799720324282463,0.35065491896265394,0.7453567525584274,0.09854295634933495,0.17708793385528987,0.8142952115972658,-25.842210088993358
138,139.0,0.7006874760996152,7.666573925497316,0.35065489903721037,0.7453568009894299,0.09854295634930524,0.17708793385526317,0.8142952115973177,-25.842210088995472
139,140.0,0.4782321114315542,3.3564170452097897,0.3506548151220105,0.745357006512963,0.09854295634922235,0.1770879338551887,0.8142952115974619,-25.842210089001362
140,141.0,0.8241346128870547,4.933713547004595,0.3506547918861439,0.7453570612213593,0.09854295634921235,0.1770879338551797,0.8142952115974792,-25.84221008900207
141,142.0,0.9295065356156121,8.91327179510611,0.35065487167864207,0.7453568679607576,0.09854295634927049,0.17708793385523194,0.8142952115973783,-25.84221008899794
142,143.0,0.33587053043754034,6.3866821556918545,0.3506550176121792,0.7453565044061596,0.09854295634955162,0.17708793385548457,0.8142952115968916,-25.84221008897797
143,144.0,0.28724114929731825,3.996643984434432,0.350654950375045,0.7453566733304341,0.09854295634939281,0.17708793385534186,0.8142952115971659,-25.842210088989248
144,145.0,0.7752995779024613,8.435508865554056,0.3506548997962519,0.7453568000709498,0.0985429563493056,0.1770879338552635,0.8142952115973168,-25.842210088995447
145,146.0,0.8811882539308113,2.045128495441314,0.35065475076681074,0.7453571537343042,0.09854295634920666,0.1770879338551746,0.8142952115974889,-25.842210089002474
146,147.0,0.6530239024957409,6.98282606087871,0.3506548925063046,0.745356816414058,0.09854295634929668,0.17708793385525548,0.8142952115973329,-25.842210088996076
147,148.0,0.6183534138460831,7.428630499906264,0.3506549197247798,0.745356749869981,0.09854295634933694,0.17708793385529165,0.8142952115972626,-25.842210088993223
148,149.0,0.4968042058575477,9.895489443243525,0.35065502895716494,0.7453564777049716,0.09854295634958052,0.17708793385551053,0.8142952115968405,-25.842210088975914
149,150.0,0.6784031737386805,5.877522249505634,0.3506548497644594,0.7453569205297385,0.09854295634924855,0.17708793385521224,0.8142952115974167,-25.842210088999494
150,151.0,0.2859241948148993,2.087828225971975,0.35065482121009717,0.7453569919645595,0.09854295634922589,0.17708793385519186,0.8142952115974557,-25.842210089001107
151,152.0,0.10715861449146435,5.077927837704696,0.35065516383004436,0.7453561326937963,0.09854295635007448,0.17708793385595437,0.8142952115959934,-25.84221008894083
152,153.0,0.30338084150928135,3.0922915870551733,0.35065488361439334,0.7453568383894561,0.09854295634928502,0.177087933855245,0.8142952115973531,-25.842210088996907
153,154.0,0.47627119044282973,1.2820912284711528,0.3506547506448261,0.7453571527809199,0.09854295634920675,0.17708793385517468,0.8142952115974889,-25.842210089002467
154,155.0,0.8923562952916179,9.958917292479898,0.35065490264829313,0.7453567917894794,0.09854295634931062,0.177087933855268,0.8142952115973084,-25.84221008899509
155,156.0,0.88453217330086,5.570653592957769,0.3506547963573097,0.7453570499871661,0.098542956349214,0.1770879338551812,0.8142952115974764,-25.842210089001952
156,157.0,0.7679708407529627,9.738135541540272,0.35065493120695845,0.7453567217162216,0.09854295634935621,0.17708793385530897,0.8142952115972291,-25.84221008899185
157,158.0,0.39448980829064473,6.38438063891357,0.3506549844054207,0.7453565885769459,0.09854295634946617,0.17708793385540775,0.8142952115970388,-25.84221008898404
158,159.0,0.6421219586757263,5.733025212614218,0.35065485586901785,0.7453569055011949,0.09854295634925442,0.1770879338552175,0.8142952115974065,-25.842210088999078
159,160.0,0.8612867521552702,2.134145632411091,0.3506547498907863,0.7453571570763903,0.09854295634920664,0.17708793385517457,0.8142952115974889,-25.842210089002474
160,161.0,0.5630060728627835,1.4510396344459753,0.35065475036617094,0.7453571560595609,0.09854295634920665,0.1770879338551746,0.8142952115974887,-25.842210089002474
161,162.0,0.11461907919398007,1.3041302430590587,0.35065475353734654,0.7453571494266825,0.09854295634920661,0.17708793385517455,0.8142952115974889,-25.842210089002478
162,163.0,0.4384297819204498,6.05557152593115,0.35065495214650755,0.7453566710865708,0.09854295634939404,0.17708793385534297,0.8142952115971628,-25.842210088989162
163,164.0,0.6552659785713922,3.7137502798466078,0.3506547837805229,0.7453570800139349,0.09854295634921006,0.17708793385517765,0.8142952115974832,-25.84221008900223
164,165.0,0.3531828753309262,2.43233624591142,0.3506548095611748,0.7453570183368902,0.09854295634921993,0.1770879338551865,0.8142952115974662,-25.84221008900153
165,166.0,0.06782497464321124,5.3601647351776744,0.3506552123313347,0.7453560082176961,0.09854295635030334,0.17708793385616,0.8142952115956019,-25.84221008892457
166,167.0,0.3540383358435485,5.202065657812224,0.3506549639168289,0.7453566391057573,0.09854295634942113,0.1770879338553673,0.814295211597117,-25.84221008898724
167,168.0,0.5239839257595722,4.562680210527606,0.35065485105339694,0.7453569174074902,0.09854295634924976,0.17708793385521332,0.8142952115974146,-25.842210088999416
168,169.0,0.09648137672606316,6.603465175709964,0.3506552000941955,0.7453560395848186,0.09854295635024317,0.17708793385610594,0.814295211595705,-25.842210088928844
169,170.0,0.8654077169656262,4.1973520359871594,0.35065476973513227,0.7453571125289132,0.09854295634920741,0.17708793385517527,0.8142952115974877,-25.842210089002418
170,171.0,0.11105481872271306,4.555634936728881,0.3506551451118468,0.745356179698583,0.09854295634999563,0.1770879338558835,0.8142952115961293,-25.84221008894643
171,172.0,0.7881413424733824,2.6540744058681165,0.35065514727081215,0.7453575042634316,0.09854295635155098,0.17708793385728103,0.8142952115972976,-25.842210088835945
172,173.0,0.6627918048732645,5.301706411301433,0.35065483456825486,0.7453569577356842,0.09854295634923578,0.17708793385520075,0.8142952115974388,-25.842210089000403
173,174.0,0.3770520857103571,2.925750871900222,0.3506548320143123,0.7453569648488012,0.09854295634923349,0.1770879338551987,0.8142952115974427,-25.842210089000567
174,175.0,0.038251995256077254,1.623955096271186,0.3506551502404142,0.7453561686031042,0.0985429563500129,0.17708793385589902,0.8142952115960979,-25.8422100889452
175,176.0,0.4699877829371816,6.913075285260486,0.35065496524594697,0.7453566381443635,0.09854295634942128,0.17708793385536742,0.8142952115971156,-25.84221008898723
176,177.0,0.939311072796189,3.5407160969326674,0.35065449857560615,0.7453569232286751,0.0985429563502185,0.17708793385608376,0.8142952115974184,-25.842210088930596
177,178.0,0.0894609077106433,1.4724875053768318,0.3506547574293465,0.7453571448821698,0.0985429563492064,0.17708793385517435,0.8142952115974891,-25.842210089002492
178,179.0,0.8723779203191304,2.1759079203586116,0.3506547525764337,0.7453571519428885,0.09854295634920653,0.17708793385517446,0.814295211597489,-25.842210089002485
179,180.0,0.24300957283464253,2.6722703229065976,0.35065489908310055,0.7453567994499609,0.09854295634930642,0.17708793385526422,0.8142952115973161,-25.842210088995387
180,181.0,0.6906439700017144,4.896557441086673,0.35065481695539086,0.745357001857191,0.09854295634922344,0.17708793385518967,0.81429521159746,-25.84221008900128
181,182.0,0.9868975591426522,4.560096222500618,0.35065476610040797,0.745357121653622,0.09854295634920696,0.17708793385517485,0.8142952115974884,-25.842210089002457
182,183.0,0.3513592085607685,0.6725083382264304,0.35065474819123776,0.7453571615213307,0.09854295634920679,0.17708793385517468,0.8142952115974884,-25.842210089002467
183,184.0,0.04041350353487494,2.231757956150236,0.3506551791532725,0.7453560935093507,0.09854295635014353,0.1770879338560164,0.8142952115958753,-25.842210088935925
184,185.0,0.7489213441659944,7.50465105082102,0.3506548807921404,0.7453568453217361,0.09854295634928138,0.1770879338552417,0.8142952115973594,-25.842210088997163
185,186.0,0.7337295609597532,0.9314297263859921,0.3506547455749475,0.7453571632579078,0.0985429563492069,0.17708793385517482,0.8142952115974884,-25.842210089002457
186,187.0,0.441438806082059,3.18613162527276,0.350654818228606,0.7453569974150809,0.09854295634922465,0.17708793385519075,0.814295211597458,-25.8422100890012
187,188.0,0.49179428629332544,0.4833288147222778,0.35065475568334575,0.745357145373665,0.09854295634920651,0.17708793385517446,0.8142952115974891,-25.842210089002485
188,189.0,0.4542658529409034,1.4576519251511673,0.35065475198244456,0.7453571522328113,0.0985429563492066,0.17708793385517452,0.8142952115974889,-25.842210089002478
189,190.0,0.714284711677732,3.7481119648597723,0.35065477357424363,0.7453571036126216,0.09854295634920797,0.17708793385517577,0.8142952115974869,-25.84221008900238
190,191.0,0.638264448123484,4.458450002248478,0.3506548135303642,0.7453570097851844,0.09854295634922161,0.17708793385518803,0.8142952115974631,-25.842210089001412
191,192.0,0.8503367941634318,1.170010671859339,0.3506548355440481,0.7453572496887759,0.09854295634932818,0.1770879338552838,0.8142952115974724,-25.842210088993845
192,193.0,0.8121446830354149,0.7231571946670363,0.35065474959344345,0.7453571582802866,0.09854295634920666,0.1770879338551746,0.8142952115974886,-25.842210089002474
193,194.0,0.29142369421576075,3.81339884479301,0.3506549378383929,0.74535670534002,0.09854295634936805,0.1770879338553196,0.8142952115972085,-25.84221008899101
194,195.0,0.17615424361944498,5.668140634205992,0.3506551117189245,0.7453562662980235,0.09854295634985874,0.1770879338557605,0.8142952115963629,-25.842210088956154
195,196.0,0.9166734702495994,2.5870860100223814,0.3506547509101551,0.7453571557315768,0.09854295634920658,0.17708793385517452,0.8142952115974889,-25.842210089002478
196,197.0,0.4163211045343981,5.1204812359258485,0.3506549242176404,0.7453567380563699,0.09854295634934507,0.17708793385529895,0.8142952115972488,-25.842210088992644
197,198.0,0.027365761636881314,0.813113341168569,0.3506547387352383,0.7453571701307302,0.09854295634920757,0.1770879338551754,0.814295211597488,-25.84221008900241
198,199.0,0.20944626786469112,7.808630203557851,0.35065513308669266,0.7453562116087519,0.09854295634994326,0.17708793385583646,0.814295211596218,-25.84221008895015
199,200.0,0.30436446768278147,5.886209420293744,0.35065502115956143,0.7453564967164499,0.09854295634955959,0.1770879338554917,0.8142952115968771,-25.842210088977406
200,201.0,0.2810049615281044,2.5789543840283744,0.3506548626712025,0.7453568907122814,0.09854295634926027,0.17708793385522276,0.8142952115973958,-25.842210088998662
201,202.0,0.8974312773186152,6.951046741846232,0.3506548292004876,0.7453569704608121,0.09854295634923195,0.1770879338551973,0.8142952115974454,-25.842210089000677
202,203.0,0.21974723225165171,9.896952618171063,0.3506551575848725,0.7453561493172692,0.09854295635004565,0.17708793385592844,0.8142952115960422,-25.842210088942874
203,204.0,0.618767871963171,8.57037630568247,0.35065495176960243,0.745356671556256,0.09854295634939376,0.17708793385534272,0.8142952115971634,-25.84221008898918
204,205.0,0.7236262654104774,6.197624161357986,0.35065484742220965,0.7453569268120582,0.0985429563492462,0.1770879338552101,0.8142952115974206,-25.842210088999664
205,206.0,0.9690955836998687,3.2998990364686622,0.3506550930813952,0.7453574618936164,0.09854295635097098,0.1770879338567599,0.8142952115973399,-25.842210088877145
206,207.0,0.759275657224417,4.085877172874148,0.3506547766589481,0.7453570958060337,0.09854295634920861,0.17708793385517632,0.8142952115974857,-25.842210089002336
207,208.0,0.4867100285648578,5.978116590906715,0.35065492403671383,0.7453567379680268,0.09854295634934522,0.17708793385529908,0.8142952115972487,-25.84221008899263
208,209.0,0.17059618541370591,0.7651680755157829,0.3506547569344367,0.7453571417994658,0.09854295634920655,0.1770879338551745,0.8142952115974891,-25.842210089002478
209,210.0,0.6230014430467286,5.195405114705989,0.35065484330902885,0.7453569368758678,0.0985429563492426,0.17708793385520688,0.8142952115974269,-25.84221008899992
210,211.0,0.8714711373039651,1.7033540416032635,0.3506547522060329,0.7453571519875958,0.09854295634920655,0.1770879338551745,0.814295211597489,-25.842210089002478
211,212.0,0.252576451265047,1.1338429143045983,0.3506547530635214,0.7453571508211431,0.09854295634920655,0.1770879338551745,0.8142952115974889,-25.842210089002478
212,213.0,0.09467058275401119,4.973018026973664,0.3506551762419245,0.7453561021968749,0.09854295635012734,0.17708793385600186,0.8142952115959016,-25.842210088937072
213,214.0,0.6397732118282032,0.8509119396591619,0.350654751156639,0.7453571529292096,0.09854295634920666,0.1770879338551746,0.8142952115974889,-25.842210089002474
214,215.0,0.17080793261493388,6.415676644241069,0.3506551365009809,0.745356204550118,0.0985429563499537,0.17708793385584584,0.8142952115961986,-25.842210088949408
215,216.0,0.8505334354320966,0.699789234822381,0.3506547574699993,0.7453571417698196,0.09854295634920657,0.17708793385517452,0.814295211597489,-25.842210089002478
216,217.0,0.9708417239349897,0.9231736532275926,0.35065475406037383,0.74535714995655,0.09854295634920653,0.17708793385517446,0.8142952115974889,-25.842210089002485
217,218.0,0.10896117722134913,1.0602382751968746,0.3506547540706688,0.745357149120286,0.09854295634920648,0.17708793385517443,0.8142952115974891,-25.842210089002485
218,219.0,0.734380869164207,0.9629622482932747,0.3506547547437569,0.7453571488200141,0.09854295634920647,0.17708793385517443,0.8142952115974891,-25.842210089002485
219,220.0,0.2942103292515965,1.454494660074987,0.35065477117781846,0.7453571101915806,0.09854295634920754,0.17708793385517538,0.8142952115974874,-25.84221008900241
220,221.0,0.9313300490261611,9.19102896017226,0.3506548764010472,0.7453568560616545,0.0985429563492762,0.17708793385523708,0.8142952115973684,-25.842210088997533
221,222.0,0.8512635142164764,6.7013760109644585,0.35065483311265216,0.7453569616639324,0.09854295634923456,0.17708793385519966,0.8142952115974409,-25.84221008900049
222,223.0,0.44035989777855067,3.7884646157070216,0.35065484915640716,0.745356923290927,0.0985429563492474,0.17708793385521118,0.8142952115974182,-25.842210088999582
223,224.0,0.6795371409999684,0.4831334871376401,0.35065475290116893,0.7453571523596727,0.0985429563492065,0.17708793385517443,0.814295211597489,-25.842210089002485
224,225.0,0.6624050117949385,0.1619904770022414,0.35065475511318983,0.7453571449273192,0.09854295634920658,0.17708793385517452,0.8142952115974891,-25.842210089002478
225,226.0,0.8385714762713147,0.8325102896749659,0.35065475058852336,0.7453571533869345,0.09854295634920668,0.1770879338551746,0.8142952115974889,-25.842210089002474
226,227.0,0.6356226199089576,7.703417526439838,0.350654921987817,0.7453567438352292,0.09854295634934111,0.17708793385529542,0.8142952115972555,-25.842210088992925
227,228.0,0.07547031991029463,1.2310334203757833,0.3506547530990196,0.7453571499834515,0.09854295634920655,0.1770879338551745,0.814295211597489,-25.842210089002478
228,229.0,0.11958932432027025,2.437869741187843,0.3506550317798779,0.7453564700650196,0.09854295634958936,0.17708793385551846,0.8142952115968256,-25.842210088975285
229,230.0,0.7303417005968454,4.640218742884904,0.3506547996190705,0.7453570435028558,0.09854295634921498,0.17708793385518207,0.8142952115974746,-25.84221008900188
230,231.0,0.4512316383417685,2.0256030555491837,0.35065476217089975,0.7453571289307253,0.09854295634920682,0.17708793385517474,0.8142952115974887,-25.84221008900246
231,232.0,0.5437149367788221,1.8332687073697804,0.35065514255886554,0.7453574972469631,0.09854295635148244,0.17708793385721944,0.8142952115973049,-25.84221008884081
232,233.0,0.3213026815654051,6.269106621273415,0.3506550226443522,0.7453564922269678,0.0985429563495648,0.1770879338554964,0.8142952115968686,-25.842210088977033
233,234.0,0.9215344901356012,7.80362836926727,0.3506548462643975,0.745356930591488,0.09854295634924468,0.17708793385520874,0.814295211597423,-25.842210088999774
234,235.0,0.7012694892602199,1.9205837049171184,0.3506547506944726,0.7453571559087963,0.09854295634920658,0.17708793385517452,0.8142952115974889,-25.842210089002478
235,236.0,0.819408273394978,8.719063433182857,0.35065489410103734,0.7453568142132538,0.09854295634929752,0.17708793385525623,0.8142952115973308,-25.84221008899602
236,237.0,0.5349394302669055,1.6036990553452883,0.3506547517757113,0.7453571526324205,0.0985429563492066,0.17708793385517452,0.8142952115974889,-25.842210089002478
237,238.0,0.575121462189182,4.716868546275584,0.3506548400989881,0.7453569447891294,0.09854295634923985,0.1770879338552044,0.8142952115974316,-25.84221008900012
238,239.0,0.021516495849327022,2.6120644912339204,0.35065523799845727,0.7453559412441979,0.09854295635043823,0.17708793385628122,0.8142952115953727,-25.84221008891499
239,240.0,0.22585532502540528,8.646354548117214,0.35065513793636466,0.7453561994213059,0.09854295634996266,0.17708793385585386,0.8142952115961846,-25.842210088948768
240,241.0,0.3144736686005296,1.2111065748699612,0.35065475115723155,0.7453571577809862,0.09854295634920662,0.17708793385517457,0.8142952115974886,-25.842210089002474
241,242.0,0.29493957509007795,3.5637382162207665,0.3506549208768557,0.7453567470440794,0.09854295634933882,0.17708793385529337,0.8142952115972594,-25.842210088993085
242,243.0,0.06529848814730421,7.48138636664016,0.3506552359430944,0.7453559462132132,0.0985429563504282,0.1770879338562722,0.8142952115953902,-25.8422100889157
243,244.0,0.989443719746727,7.810905162979736,0.3506548359471517,0.7453569560331699,0.09854295634923615,0.1770879338552011,0.8142952115974378,-25.84221008900038
244,245.0,0.5645894155886042,4.056140139369503,0.3506548155131991,0.7453570034411343,0.09854295634922329,0.17708793385518953,0.8142952115974604,-25.84221008900129
245,246.0,0.04478979114724946,3.0923830986363523,0.35065520309640447,0.7453560335135327,0.09854295635025367,0.17708793385611535,0.8142952115956852,-25.8422100889281
246,247.0,0.6375893798878735,4.110939917651611,0.3506548017271615,0.7453570378997652,0.09854295634921603,0.177087933855183,0.8142952115974729,-25.84221008900181
247,248.0,0.6915148466116977,8.446325780790184,0.35065492315357666,0.745356741382492,0.09854295634934263,0.17708793385529675,0.8142952115972528,-25.842210088992818
248,249.0,0.5347469188459395,2.1161190499184372,0.3506547581455111,0.7453571391903193,0.09854295634920653,0.17708793385517446,0.8142952115974891,-25.842210089002485
249,250.0,0.23380707896879116,8.351011514099985,0.35065512860934794,0.7453562241706847,0.09854295634992284,0.1770879338558181,0.8142952115962521,-25.842210088951596
250,251.0,0.28886261328449025,0.8669481724632265,0.35065474971335037,0.745357161463577,0.09854295634920668,0.1770879338551746,0.8142952115974885,-25.842210089002474
251,252.0,0.3621039245277886,2.108945414616794,0.3506547880870171,0.7453570701853929,0.0985429563492111,0.1770879338551786,0.8142952115974814,-25.842210089002158
252,253.0,0.43146622832267567,8.364020006259214,0.3506550213024173,0.7453564952933565,0.0985429563495615,0.17708793385549343,0.8142952115968743,-25.842210088977268
253,254.0,0.4443733766151118,1.9551685611623733,0.35065476298720166,0.7453571288505707,0.09854295634920673,0.17708793385517466,0.8142952115974887,-25.842210089002467
254,255.0,0.41832461548864397,9.758616217876769,0.35065505743463765,0.7453564043957925,0.0985429563496685,0.17708793385558957,0.8142952115966897,-25.842210088969665
255,256.0,0.06428562679330974,7.84704851899861,0.350655238998343,0.7453559387344207,0.09854295635044334,0.1770879338562858,0.8142952115953639,-25.842210088914623
256,257.0,0.1805366817665276,2.5287618754930246,0.3506549524320737,0.745356668602771,0.0985429563493965,0.17708793385534516,0.8142952115971593,-25.84221008898899
257,258.0,0.9531621824928282,0.3066625958174272,0.350654748782496,0.745357152225607,0.09854295634920689,0.1770879338551748,0.8142952115974889,-25.842210089002457
258,259.0,0.6848267584755762,2.8458964544381335,0.35065475776587984,0.7453571401108487,0.09854295634920655,0.1770879338551745,0.8142952115974891,-25.842210089002478
259,260.0,0.7934207956202032,2.1586719700444355,0.350654749670058,0.745357156881357,0.09854295634920666,0.1770879338551746,0.8142952115974889,-25.842210089002474
260,261.0,0.5094173479554477,4.610832741480791,0.3506548611483601,0.7453568951475196,0.09854295634925825,0.17708793385522095,0.8142952115973991,-25.84221008899881
261,262.0,0.1162269671701841,2.2393486333599815,0.35065502150647604,0.745356495959822,0.09854295634956038,0.1770879338554924,0.8142952115968756,-25.84221008897735
262,263.0,0.04673205025284011,4.069882143038312,0.35065521975774755,0.7453559894802626,0.09854295635033987,0.17708793385619281,0.8142952115955392,-25.84221008892198
263,264.0,0.42220176329320525,1.3998159507147476,0.35065521396621036,0.7453575707458432,0.09854295635245368,0.17708793385809213,0.8142952115972206,-25.84221008877182
264,265.0,0.8795790047630183,7.174414874921802,0.35065484005544956,0.7453569451053309,0.0985429563492398,0.17708793385520438,0.8142952115974317,-25.84221008900012
265,266.0,0.163262769222835,3.462323529934089,0.35065504013774446,0.7453564492446256,0.09854295634961344,0.1770879338555401,0.8142952115967839,-25.842210088973577
266,267.0,0.174883583487636,2.1375423346140283,0.3506549215707881,0.7453567444431395,0.09854295634934074,0.17708793385529506,0.8142952115972564,-25.84221008899295
267,268.0,0.8598453954250195,8.459585265727599,0.3506548753209982,0.7453568581528935,0.09854295634927521,0.1770879338552362,0.8142952115973703,-25.842210088997604
268,269.0,0.6398530878576937,0.3841733453685277,0.3506547519201366,0.745357153473692,0.0985429563492066,0.17708793385517452,0.8142952115974889,-25.842210089002478
269,270.0,0.18991208775362145,4.278979912364391,0.350655049678107,0.7453564241743506,0.09854295634964393,0.17708793385556748,0.8142952115967319,-25.842210088971413
270,271.0,0.12176776631013797,5.002096898220459,0.35065514642944406,0.7453561784788273,0.09854295634999641,0.1770879338558842,0.814295211596126,-25.842210088946374
271,272.0,0.26709489123903885,0.32971579263195294,0.3506547582597652,0.7453571398414008,0.09854295634920653,0.17708793385517446,0.814295211597489,-25.842210089002485
272,273.0,0.07137570043752184,0.10705302743236096,0.35065475910028315,0.7453571398459558,0.09854295634920644,0.1770879338551744,0.8142952115974891,-25.842210089002485
273,274.0,0.18516180605281285,9.050209073201923,0.3506551671302784,0.7453561242213155,0.09854295635008921,0.17708793385596758,0.8142952115959682,-25.84221008893978
274,275.0,0.3289306306447849,4.934513431898674,0.35065496767820203,0.7453566307048841,0.09854295634942806,0.17708793385537352,0.8142952115971046,-25.842210088986743
275,276.0,0.31048494690729533,7.472924749640102,0.35065506408944874,0.7453563877626024,0.09854295634968958,0.1770879338556085,0.8142952115966533,-25.842210088968166
276,277.0,0.18728263087949826,9.657880364048621,0.3506551731656663,0.7453561097346846,0.09854295635011412,0.17708793385598995,0.8142952115959246,-25.842210088938014
277,278.0,0.28808210895242425,0.5101980714880594,0.35065475411653224,0.7453571505747122,0.09854295634920646,0.1770879338551744,0.814295211597489,-25.842210089002485
278,279.0,0.6192712655680755,1.9781037783560291,0.3506547512013723,0.745357154798348,0.0985429563492066,0.17708793385517452,0.8142952115974889,-25.842210089002478
279,280.0,0.8477127124405286,7.214844213896649,0.3506548465067916,0.7453569285946907,0.09854295634924563,0.17708793385520963,0.8142952115974217,-25.842210088999707
280,281.0,0.15907796841551736,7.95391334553689,0.3506551702484036,0.7453561168105184,0.09854295635010188,0.17708793385597896,0.814295211595946,-25.842210088938884
281,282.0,0.3561299640922939,6.903296871323008,0.3506550207027171,0.7453564967973679,0.09854295634955987,0.17708793385549196,0.8142952115968772,-25.84221008897738
282,283.0,0.5306324373362937,7.898393693033492,0.35065496684111447,0.7453566332544881,0.09854295634942574,0.17708793385537144,0.8142952115971084,-25.84221008898691
283,284.0,0.3259260460776525,8.591414688958132,0.35065507971118837,0.7453563473921149,0.09854295634974317,0.17708793385565666,0.8142952115965616,-25.84221008896436
284,285.0,0.6378392702582294,0.5858879184547797,0.35065475371338567,0.7453571489794182,0.09854295634920661,0.17708793385517455,0.8142952115974889,-25.842210089002478
285,286.0,0.26178835944743106,4.566808969592671,0.3506549992968309,0.7453565496607273,0.09854295634950458,0.17708793385544228,0.8142952115969733,-25.84221008898131
286,287.0,0.013669884762127826,3.4514436469404193,0.35065526676119213,0.7453558677546768,0.0985429563505942,0.17708793385642133,0.8142952115951059,-25.84221008890391
287,288.0,0.4952556082035702,6.743116903529843,0.35065494752362203,0.7453566811806338,0.09854295634938644,0.17708793385533614,0.8142952115971767,-25.842210088989702
288,289.0,0.15843113966987643,4.737868505812136,0.350655100180381,0.7453562956354096,0.09854295634981558,0.17708793385572172,0.814295211596437,-25.84221008895922
289,290.0,0.9673022359125718,5.916454931254717,0.35065479478351064,0.7453570551900115,0.09854295634921316,0.17708793385518043,0.8142952115974778,-25.842210089002013
290,291.0,0.988357295841715,8.980007221699692,0.3506548609456395,0.7453568942315414,0.0985429563492589,0.17708793385522154,0.8142952115973984,-25.842210088998762
291,292.0,0.8656777938000608,8.75105047733812,0.35065488211246926,0.7453568429351082,0.09854295634928247,0.17708793385524269,0.8142952115973573,-25.84221008899709
292,293.0,0.22367348682426447,5.153339106506449,0.35065505559624216,0.7453564088516195,0.09854295634966298,0.1770879338555846,0.8142952115966994,-25.842210088970056
293,294.0,0.3632512271231737,9.271097038916626,0.35065507496222414,0.7453563604884434,0.09854295634972512,0.17708793385564045,0.8142952115965919,-25.842210088965643
294,295.0,0.45483146912580097,7.964287711471118,0.35065500035368957,0.7453565488509076,0.09854295634950479,0.17708793385544247,0.8142952115969718,-25.842210088981297
295,296.0,0.6580211118432749,2.803573325184074,0.35065476020982617,0.7453571344485667,0.09854295634920662,0.17708793385517457,0.814295211597489,-25.842210089002474
296,297.0,0.5419832762534811,7.80379421285132,0.35065495843581795,0.7453566532081924,0.09854295634940917,0.17708793385535657,0.8142952115971376,-25.842210088988086
297,298.0,0.6923504646247253,6.768205888236428,0.3506548741039037,0.7453568610726902,0.09854295634927385,0.17708793385523497,0.8142952115973727,-25.8422100889977
298,299.0,0.752533583404066,8.419650210390191,0.35065490374415564,0.7453567889747429,0.09854295634931237,0.17708793385526958,0.8142952115973054,-25.842210088994964
299,300.0,0.9645833115153906,7.130611883548557,0.35065482085583405,0.7453569915299076,0.0985429563492261,0.17708793385519206,0.8142952115974555,-25.842210089001092
300,301.0,0.03941429399390639,0.5190630149581191,0.3506547470304237,0.7453571595463219,0.09854295634920684,0.17708793385517477,0.8142952115974886,-25.84221008900246
301,302.0,0.5979233138748934,8.46887888005358,0.35065495463038904,0.7453566635434782,0.09854295634940045,0.1770879338553487,0.8142952115971523,-25.842210088988708
302,303.0,0.7651909452965442,7.147899106479668,0.35065486520463074,0.7453568836791389,0.09854295634926338,0.17708793385522556,0.8142952115973906,-25.842210088998446
303,304.0,0.02176812004228157,3.584979520512087,0.35065525188337826,0.7453559046760009,0.09854295635051542,0.17708793385635055,0.814295211595242,-25.842210088909507
304,305.0,0.973463142392497,2.290188560286231,0.35065475221883424,0.7453571527316987,0.09854295634920658,0.17708793385517452,0.8142952115974889,-25.842210089002478
305,306.0,0.2927046921680041,4.302018604736342,0.3506549662425269,0.7453566355924157,0.09854295634942349,0.17708793385536942,0.8142952115971119,-25.842210088987073
306,307.0,0.9077259440613483,2.7404767087462605,0.3506547521583908,0.7453571531442331,0.09854295634920653,0.17708793385517446,0.814295211597489,-25.842210089002485
307,308.0,0.4384457286630833,3.3264333372269497,0.3506548278021976,0.7453569758444673,0.09854295634923017,0.17708793385519572,0.8142952115974482,-25.8422100890008
308,309.0,0.3553058585620823,7.709513339244693,0.35065504604210884,0.7453564345043111,0.09854295634963088,0.17708793385555577,0.8142952115967537,-25.842210088972337
309,310.0,0.021410874080292297,7.979341141437693,0.3506552732536187,0.74535584936029,0.09854295635063598,0.17708793385645888,0.8142952115950367,-25.84221008890094
310,311.0,0.0006424669409554884,0.9796796294039799,0.3506547500846799,0.7453571524966918,0.09854295634920675,0.17708793385517468,0.8142952115974889,-25.842210089002467
311,312.0,0.27656267730034845,8.783869576217077,0.35065511129150584,0.7453562685276092,0.09854295634985488,0.17708793385575705,0.8142952115963685,-25.842210088956428
312,313.0,0.9166236226320504,0.2911394481271394,0.3506547511893079,0.7453571556564951,0.0985429563492066,0.17708793385517452,0.8142952115974889,-25.842210089002478
313,314.0,0.7340166430169398,6.220177157312017,0.35065484741292,0.7453569275947006,0.09854295634924579,0.17708793385520974,0.8142952115974211,-25.842210088999693
314,315.0,0.5928389012933866,7.806560421116787,0.3506549385856038,0.7453567015500061,0.09854295634937135,0.17708793385532257,0.8142952115972035,-25.84221008899077
315,316.0,0.5004845485684728,8.440343413104573,0.35065499261123956,0.7453565678275326,0.09854295634948615,0.1770879338554257,0.8142952115970044,-25.842210088982622
316,317.0,0.5108084792863384,2.566791777593337,0.35065477211547275,0.7453571065416729,0.09854295634920777,0.1770879338551756,0.8142952115974871,-25.842210089002393
317,318.0,0.9551329910117973,4.657295363416194,0.3506547686145614,0.7453571151220253,0.09854295634920728,0.17708793385517516,0.814295211597488,-25.842210089002428
318,319.0,0.7557081451356411,2.9625757426578954,0.35065475616670977,0.7453571431733591,0.09854295634920657,0.17708793385517452,0.8142952115974891,-25.842210089002478
319,320.0,0.7048248484906933,2.061012213641003,0.35065475034698057,0.7453571563419801,0.09854295634920665,0.1770879338551746,0.8142952115974887,-25.842210089002474
320,321.0,0.4957751510760239,6.483758689953067,0.3506549365377989,0.7453567069218541,0.0985429563493673,0.17708793385531893,0.8142952115972105,-25.842210088991067
321,322.0,0.07553144725434358,6.649281830978572,0.350655219478573,0.745355989907402,0.09854295635033922,0.17708793385619223,0.8142952115955406,-25.842210088922023
322,323.0,0.12767872803800706,4.306319684199618,0.3506551192160909,0.7453562478157525,0.0985429563498864,0.17708793385578536,0.8142952115963148,-25.84221008895419
323,324.0,0.8819157033286884,5.004632417736284,0.35065478648813825,0.7453570744561316,0.0985429563492106,0.17708793385517813,0.8142952115974822,-25.842210089002194
324,325.0,0.4860840932761997,3.9552510569380686,0.3506548391878275,0.7453569474635161,0.09854295634923896,0.1770879338552036,0.8142952115974331,-25.84221008900018
325,326.0,0.013644956349293635,8.598369674649021,0.35065528238842025,0.7453558274802409,0.0985429563506838,0.17708793385650184,0.8142952115949531,-25.842210088897545
326,327.0,0.08078298206008472,7.016710162183378,0.3506552180078384,0.7453559922004724,0.09854295635033565,0.17708793385618904,0.8142952115955484,-25.84221008892228
327,328.0,0.7437938345390224,1.1887632810630397,0.3506547480153649,0.7453571622689433,0.09854295634920679,0.17708793385517468,0.8142952115974884,-25.842210089002467
328,329.0,0.6630032283384508,1.1052340555038127,0.35065475740108226,0.7453571419302898,0.09854295634920653,0.17708793385517446,0.814295211597489,-25.842210089002485
329,330.0,0.906010297967563,3.220776083027858,0.35065487198156137,0.7453572491995875,0.09854295634940165,0.1770879338553498,0.8142952115974725,-25.842210088988622
330,331.0,0.971414430517,1.1648618007874123,0.35065476571455556,0.7453571666311805,0.09854295634920852,0.17708793385517627,0.8142952115974882,-25.842210089002343
331,332.0,0.6002102228484766,7.017945500170458,0.35065491294632556,0.7453567664181916,0.09854295634932624,0.17708793385528201,0.8142952115972812,-25.84221008899398
332,333.0,0.5765638645484852,9.799087139208334,0.35065499639862197,0.7453565598927075,0.09854295634949337,0.1770879338554322,0.814295211596991,-25.842210088982107
333,334.0,0.758012381637069,7.550568109220854,0.35065487913678667,0.7453568490769938,0.09854295634927959,0.17708793385524013,0.8142952115973626,-25.842210088997295
334,335.0,0.3411629544654644,5.516602093640128,0.35065498524346156,0.7453565878876267,0.09854295634946639,0.17708793385540797,0.8142952115970377,-25.84221008898402
335,336.0,0.5667439882094067,1.5599923426766826,0.35065475110951844,0.745357155021407,0.09854295634920661,0.17708793385517455,0.8142952115974889,-25.842210089002478
336,337.0,0.9674492563725053,5.842894024114335,0.3506547936396598,0.7453570573452484,0.09854295634921287,0.17708793385518015,0.8142952115974784,-25.84221008900203
337,338.0,0.46866962840766613,2.365135510131477,0.35065477353678676,0.7453571040877627,0.0985429563492079,0.1770879338551757,0.8142952115974869,-25.842210089002386
338,339.0,0.661761298204496,5.667832435386544,0.35065484864255336,0.7453569236536917,0.0985429563492474,0.17708793385521118,0.8142952115974186,-25.842210088999582
339,340.0,0.006273888852566856,0.8609798125814463,0.350654727556023,0.7453572035116731,0.09854295634920933,0.177087933855177,0.8142952115974836,-25.84221008900228
340,341.0,0.5223585494859524,8.308821905432685,0.3506549823811729,0.7453565949555654,0.09854295634945985,0.17708793385540209,0.814295211597049,-25.842210088984487
341,342.0,0.4601555436956912,0.887177073007328,0.35065475528281165,0.7453571520296485,0.09854295634920646,0.1770879338551744,0.8142952115974889,-25.842210089002485
342,343.0,0.7426171644652897,2.997288123876573,0.3506547582908278,0.7453571392087874,0.09854295634920657,0.17708793385517452,0.814295211597489,-25.842210089002478
343,344.0,0.7354796826295289,2.782232458167574,0.3506544752876827,0.7453568993923086,0.09854295635041971,0.17708793385626456,0.8142952115974021,-25.842210088916303
344,345.0,0.9246722438211679,4.063669698499137,0.3506547612604514,0.7453571327033648,0.09854295634920664,0.17708793385517457,0.8142952115974889,-25.842210089002474
345,346.0,0.44714187665945915,9.749633091546656,0.3506550431072444,0.7453564406845599,0.098542956349624,0.17708793385554958,0.8142952115967663,-25.84221008897283
346,347.0,0.32077377216199954,7.589799567824892,0.3506550606951733,0.7453563971105318,0.09854295634967732,0.17708793385559748,0.814295211596674,-25.842210088969043
347,348.0,0.9392847895806538,5.762062633425429,0.3506547925921803,0.7453570579349976,0.09854295634921291,0.1770879338551802,0.8142952115974785,-25.84221008900203
348,349.0,0.6406495688569639,4.570329336929753,0.350654814735126,0.7453570058968305,0.09854295634922261,0.17708793385518892,0.8142952115974615,-25.84221008900134
349,350.0,0.3881682157256824,5.170299951919032,0.35065494180436674,0.7453566953580807,0.0985429563493756,0.1770879338553264,0.8142952115971954,-25.842210088990473
350,351.0,0.5249050626517372,0.32884397091724044,0.35065475006764946,0.7453571570724081,0.09854295634920669,0.1770879338551746,0.8142952115974886,-25.842210089002474
351,352.0,0.6604495512700826,3.0426800781078707,0.3506547642998118,0.7453571238328778,0.09854295634920693,0.17708793385517485,0.8142952115974886,-25.842210089002457
352,353.0,0.8157063350735947,8.275374619852078,0.3506548843666775,0.7453568381966567,0.09854295634928478,0.1770879338552448,0.814295211597353,-25.84221008899692
353,354.0,0.23997065433283848,6.466912249576581,0.3506550845867397,0.745356336545086,0.09854295634975734,0.17708793385566937,0.8142952115965361,-25.842210088963355
354,355.0,0.21036425468358577,0.753177745799458,0.35065475641187704,0.7453571466168682,0.09854295634920647,0.17708793385517443,0.814295211597489,-25.842210089002485
355,356.0,0.7065732137619888,1.3036015977997484,0.3506547520738613,0.7453571519905346,0.09854295634920664,0.17708793385517457,0.8142952115974889,-25.842210089002474
356,357.0,0.461249256287633,3.5670019123345265,0.3506548303806889,0.7453569683900246,0.09854295634923244,0.17708793385519775,0.8142952115974444,-25.842210089000645
357,358.0,0.3494087199833322,2.8584015685138136,0.35065484183383283,0.7453569410646189,0.09854295634924107,0.17708793385520552,0.8142952115974293,-25.84221008900003
358,359.0,0.3537016823638439,3.795364231946553,0.350654894036846,0.7453568123929734,0.09854295634929897,0.17708793385525753,0.814295211597329,-25.842210088995913
359,360.0,0.3711161109910559,4.523481813190083,0.3506549211010165,0.7453567442598934,0.09854295634934113,0.17708793385529542,0.8142952115972562,-25.842210088992925
360,361.0,0.984550709402923,1.6628097175868086,0.3506550814998175,0.7453575214097092,0.09854295635113045,0.17708793385690316,0.814295211597279,-25.84221008886582
361,362.0,0.442030322708604,6.77021433048642,0.35065497279928654,0.7453566185938513,0.09854295634943848,0.17708793385538288,0.8142952115970862,-25.842210088986004
362,363.0,0.7658469280366241,0.603016455886558,0.3506547567054862,0.7453571453811453,0.09854295634920643,0.17708793385517438,0.8142952115974891,-25.842210089002492
363,364.0,0.5198521470996272,3.9436160243985583,0.350654825286613,0.7453569804406152,0.09854295634922904,0.1770879338551947,0.8142952115974504,-25.842210089000883
364,365.0,0.43144040938938477,7.88699333175634,0.35065501112902003,0.745356521551873,0.09854295634953297,0.17708793385546778,0.8142952115969233,-25.842210088979297
365,366.0,0.26987911524232056,4.014030437591961,0.35065496552050957,0.7453566360522088,0.09854295634942346,0.1770879338553694,0.8142952115971125,-25.842210088987073
366,367.0,0.09785554677078445,0.6946952603270995,0.35065493891702376,0.7453569525987518,0.09854295634928138,0.1770879338552417,0.814295211597436,-25.842210088997163
367,368.0,0.5815834927028533,6.0836193838172985,0.3506548904257866,0.7453568228835709,0.09854295634929289,0.17708793385525207,0.814295211597339,-25.84221008899635
368,369.0,0.620849093018753,1.9045818167651436,0.35065475315303757,0.7453571509981369,0.09854295634920653,0.17708793385517446,0.814295211597489,-25.842210089002485
369,370.0,0.655788311262927,6.388517673611917,0.35065487691329056,0.7453568569471012,0.0985429563492754,0.17708793385523636,0.8142952115973692,-25.842210088997593
370,371.0,0.48677216660276246,2.645964600711678,0.35065477908637316,0.7453570911176589,0.09854295634920891,0.17708793385517663,0.8142952115974852,-25.84221008900231
371,372.0,0.13281470525865346,1.3450873303577213,0.35065475056251694,0.7453571556295319,0.09854295634920661,0.17708793385517455,0.8142952115974889,-25.842210089002478
372,373.0,0.9588130216012337,5.900527030294636,0.3506547935554509,0.7453570546591174,0.09854295634921344,0.17708793385518068,0.8142952115974778,-25.842210089001995
373,374.0,0.5104396944375305,3.412131397335012,0.3506548064615113,0.7453570261065258,0.09854295634921827,0.17708793385518504,0.8142952115974691,-25.842210089001647
374,375.0,0.9038340948135003,4.394385098651821,0.35065476958513453,0.7453571137068407,0.09854295634920733,0.17708793385517518,0.8142952115974877,-25.842210089002425
375,376.0,0.6636323442521896,3.8379741477705838,0.35065478721217164,0.745357071333176,0.09854295634921105,0.17708793385517851,0.8142952115974815,-25.84221008900216
376,377.0,0.057268657418793834,5.087606455482788,0.3506552192649899,0.7453559892170122,0.09854295635034138,0.17708793385619417,0.8142952115955383,-25.842210088921867
377,378.0,0.5451058705952899,7.392589937210959,0.3506549463179789,0.745356684557609,0.09854295634938372,0.1770879338553337,0.8142952115971812,-25.842210088989894
378,379.0,0.13726024945542603,2.010822439742034,0.35065496321336254,0.7453566425682648,0.09854295634941775,0.17708793385536425,0.814295211597122,-25.84221008898748
379,380.0,0.8532754717747891,3.381491001477856,0.35065475640032157,0.745357143514748,0.09854295634920653,0.17708793385517446,0.8142952115974891,-25.842210089002485
380,381.0,0.5512371732484873,1.9422852221972422,0.3506549189869441,0.745357299869129,0.09854295634961406,0.17708793385554064,0.8142952115974529,-25.84221008897353
381,382.0,0.0894871497159474,7.813856019919039,0.35065521821527873,0.7453559922108599,0.09854295635033522,0.17708793385618865,0.8142952115955484,-25.842210088922307
382,383.0,0.7175142826808627,8.606790689337478,0.35065492072128784,0.7453567484602392,0.09854295634933763,0.17708793385529226,0.814295211597261,-25.842210088993173
383,384.0,0.9785398837778589,1.2232726715706799,0.35065478093424757,0.7453571825589885,0.09854295634921816,0.17708793385518493,0.8142952115974867,-25.84221008900166
384,385.0,0.09431389390431633,2.812549820721447,0.3506551006732764,0.7453562952370596,0.09854295634981572,0.17708793385572186,0.814295211596436,-25.842210088959206
385,386.0,0.7289817090826683,4.590149861515296,0.3506547981074623,0.7453570469281628,0.09854295634921444,0.17708793385518157,0.8142952115974755,-25.84221008900192
386,387.0,0.3879728661702312,8.11898942184192,0.35065503642187734,0.7453564575635027,0.09854295634960414,0.17708793385553176,0.8142952115968006,-25.84221008897424
387,388.0,0.30448741941352064,7.825468945620544,0.3506550770048448,0.7453563564063124,0.09854295634973008,0.1770879338556449,0.8142952115965826,-25.842210088965295
388,389.0,0.987671336161398,4.280795578530773,0.3506547612712731,0.7453571330630102,0.09854295634920661,0.17708793385517455,0.8142952115974889,-25.842210089002478
389,390.0,0.8465600343163714,1.0194186287956384,0.3506547568648769,0.7453571439489353,0.09854295634920651,0.17708793385517446,0.814295211597489,-25.842210089002485
390,391.0,0.9751081896697179,2.9842602826461118,0.35065475367725085,0.7453571501210429,0.09854295634920654,0.1770879338551745,0.8142952115974889,-25.842210089002478
391,392.0,0.01280213647873829,9.025181495369658,0.3506552811275461,0.7453558289108906,0.09854295635068196,0.17708793385650018,0.8142952115949585,-25.842210088897676
392,393.0,0.4595718993674828,6.373009090566689,0.3506549496059347,0.745356674841082,0.09854295634939167,0.17708793385534083,0.814295211597168,-25.84221008898933
393,394.0,0.11944791642749819,0.1821578279155034,0.3506547482465411,0.7453571562119675,0.09854295634920683,0.17708793385517477,0.8142952115974887,-25.84221008900246
394,395.0,0.27898097892878304,8.314604695655694,0.3506551002259824,0.7453562954688397,0.09854295634981587,0.17708793385572197,0.8142952115964366,-25.842210088959202
395,396.0,0.4047283798961132,9.167408601758934,0.3506550513104545,0.7453564191925379,0.09854295634965038,0.1770879338555733,0.8142952115967215,-25.84221008897095
396,397.0,0.4698205190601322,9.799603705844316,0.3506550359733177,0.7453564589997758,0.09854295634960233,0.17708793385553012,0.8142952115968036,-25.842210088974365
397,398.0,0.7790088882427677,9.167101721063046,0.35065491669661053,0.7453567576784694,0.09854295634933175,0.17708793385528698,0.8142952115972715,-25.84221008899359
398,399.0,0.5184854229134537,6.734329625134819,0.35065493529366076,0.7453567112376597,0.09854295634936382,0.17708793385531582,0.814295211597216,-25.84221008899131
399,400.0,0.977243627212255,9.915378171912248,0.3506548846422957,0.7453568365646269,0.0985429563492858,0.1770879338552457,0.8142952115973515,-25.842210088996854
400,401.0,0.5928441492090435,1.2507666911787958,0.3506547624222482,0.7453571325549891,0.09854295634920655,0.1770879338551745,0.814295211597489,-25.842210089002478
401,402.0,0.0276419957548375,9.437711301060007,0.3506552742151214,0.7453558488669846,0.0985429563506356,0.17708793385645855,0.8142952115950348,-25.84221008890097
402,403.0,0.7086182924539295,3.5025879649304126,0.3506547703713652,0.7453571114765566,0.09854295634920747,0.17708793385517532,0.8142952115974876,-25.842210089002418
403,404.0,0.7452652991602515,3.3660665421221188,0.3506547638198525,0.745357126352791,0.09854295634920678,0.17708793385517468,0.8142952115974887,-25.842210089002467
404,405.0,0.5848198736235242,0.43320247460525446,0.3506547531543298,0.7453571484109565,0.09854295634920662,0.17708793385517457,0.814295211597489,-25.842210089002474
405,406.0,0.5961493739056221,1.95166794886058,0.3506547517736243,0.7453571535968867,0.09854295634920658,0.17708793385517452,0.8142952115974889,-25.842210089002478
406,407.0,0.53307741462595,8.374577225569352,0.35065497669674434,0.7453566074801985,0.09854295634944886,0.17708793385539223,0.814295211597069,-25.84221008898527
407,408.0,0.841076092977765,3.448188872484442,0.35065475920985,0.7453571370622034,0.09854295634920655,0.1770879338551745,0.8142952115974891,-25.842210089002478
408,409.0,0.8313860221312647,2.273249822960548,0.35065475270120017,0.7453571516384319,0.0985429563492065,0.17708793385517443,0.8142952115974891,-25.842210089002485
409,410.0,0.38612555505578006,5.894420203357936,0.35065497265720674,0.7453566194554311,0.09854295634943756,0.17708793385538207,0.8142952115970875,-25.84221008898607
410,411.0,0.14169657298758687,7.336044999489808,0.3506551736362046,0.7453561075742559,0.0985429563501185,0.17708793385599392,0.814295211595918,-25.8422100889377
411,412.0,0.4246170441578323,6.797289988150386,0.3506549820508534,0.7453565947193584,0.09854295634946039,0.17708793385540259,0.8142952115970487,-25.84221008898445
412,413.0,0.34030945527067313,3.1229345175757346,0.35065486195472306,0.7453568916458884,0.09854295634926,0.1770879338552225,0.8142952115973965,-25.842210088998687
413,414.0,0.7472324515756642,2.228569565723776,0.35065475029545257,0.7453571567265248,0.09854295634920668,0.1770879338551746,0.8142952115974886,-25.842210089002474
414,415.0,0.7217843596559065,0.7633064590800496,0.3506547526267609,0.7453571485417265,0.09854295634920666,0.1770879338551746,0.8142952115974889,-25.842210089002474
415,416.0,0.6670707784236851,2.100152729653263,0.3506547534517524,0.7453571509019945,0.09854295634920647,0.17708793385517443,0.8142952115974891,-25.842210089002485
416,417.0,0.5132291700994043,1.940183413171224,0.3506544787740765,0.7453569058232289,0.0985429563503793,0.17708793385622826,0.8142952115974067,-25.842210088919174
417,418.0,0.008965816959544348,1.3871495804463247,0.35065475119920175,0.745357155705942,0.09854295634920658,0.17708793385517452,0.8142952115974889,-25.842210089002478
418,419.0,0.012598289593402145,7.63045170059853,0.35065528046080124,0.7453558313272535,0.09854295635067595,0.1770879338564948,0.8142952115949679,-25.842210088898106
419,420.0,0.5930703759063045,9.412317682666556,0.35065497904109993,0.745356601695343,0.09854295634945409,0.17708793385539692,0.8142952115970599,-25.8422100889849
420,421.0,0.6072873521930372,8.3056231309533,0.3506549492046066,0.7453566770610408,0.09854295634938966,0.17708793385533902,0.814295211597171,-25.842210088989475
421,422.0,0.4525225151275516,7.210965881817374,0.3506549805870266,0.745356598576414,0.09854295634945674,0.17708793385539928,0.8142952115970548,-25.84221008898471
422,423.0,0.7026296177264096,1.6158052815338935,0.3506547519929316,0.7453571536101958,0.09854295634920658,0.17708793385517452,0.8142952115974889,-25.842210089002478
423,424.0,0.9937580199961057,7.053628147902526,0.3506548142162475,0.7453570060569301,0.09854295634922271,0.177087933855189,0.8142952115974617,-25.842210089001334
424,425.0,0.7524635078922471,9.991428379650348,0.35065494168448585,0.7453566960428354,0.09854295634937495,0.17708793385532579,0.8142952115971964,-25.84221008899052
425,426.0,0.667057284309024,8.6256828580966,0.35065493445956414,0.7453567128707026,0.09854295634936273,0.17708793385531485,0.8142952115972181,-25.842210088991386
426,427.0,0.3032495642630686,8.545406490661694,0.3506550920529042,0.7453563179874694,0.09854295634978297,0.1770879338556924,0.8142952115964917,-25.842210088961533
427,428.0,0.4433606788841783,3.6481894525178267,0.3506548423999522,0.7453569405486903,0.09854295634924114,0.17708793385520558,0.8142952115974291,-25.842210089000023
428,429.0,0.5620881919301726,0.7327512602610198,0.350654754214192,0.7453571509603919,0.0985429563492065,0.17708793385517443,0.8142952115974889,-25.842210089002485
429,430.0,0.46689870322572524,6.914241188293231,0.3506549641208289,0.7453566397316005,0.09854295634942027,0.17708793385536653,0.8142952115971179,-25.842210088987297
430,431.0,0.7472191437183499,8.137361569106817,0.3506548978710019,0.7453568041351057,0.09854295634930339,0.1770879338552615,0.8142952115973209,-25.842210088995603
431,432.0,0.3998777080138597,3.0373432235526816,0.3506548257424383,0.7453569800961568,0.0985429563492291,0.17708793385519475,0.8142952115974502,-25.842210089000883
432,433.0,0.5686974981260253,7.8175231699476155,0.35065494751586684,0.7453566805399732,0.0985429563493871,0.17708793385533672,0.8142952115971758,-25.842210088989653
433,434.0,0.28852170747204464,4.722920249799789,0.35065498573678155,0.7453565846065838,0.0985429563494701,0.1770879338554113,0.8142952115970323,-25.84221008898376
434,435.0,0.4937317342097003,0.7155961148611979,0.35065475441660254,0.7453571455353578,0.09854295634920661,0.17708793385517455,0.8142952115974891,-25.842210089002478
435,436.0,0.9972528270864877,9.575136878548186,0.3506548699208703,0.7453568721572332,0.09854295634926855,0.1770879338552302,0.8142952115973816,-25.84221008899808
436,437.0,0.6536998158830568,1.9601908791629667,0.35065474991854406,0.745357156839046,0.09854295634920669,0.1770879338551746,0.8142952115974886,-25.842210089002474
437,438.0,0.8058154146675628,2.419533887529532,0.3506547509574028,0.7453571555517432,0.09854295634920661,0.17708793385517455,0.8142952115974889,-25.842210089002478
438,439.0,0.015124712751711122,5.199376760514815,0.35065527345626113,0.7453558494055277,0.09854295635063551,0.17708793385645846,0.8142952115950368,-25.842210088900977
439,440.0,0.26614115202050337,5.1039094902362585,0.35065502070535665,0.7453564977155976,0.09854295634955851,0.17708793385549074,0.814295211596879,-25.84221008897748
440,441.0,0.9427631337074855,0.5382731990771138,0.350654754570898,0.745357147637993,0.09854295634920651,0.17708793385517446,0.814295211597489,-25.842210089002485
441,442.0,0.24108029070568893,9.82696068800165,0.35065514554169375,0.7453561802198149,0.09854295634999394,0.17708793385588198,0.8142952115961306,-25.84221008894655
442,443.0,0.7680003372927624,9.16794972324165,0.35065491724719977,0.7453567560740245,0.0985429563493329,0.177087933855288,0.8142952115972697,-25.842210088993507
443,444.0,0.08715556810844405,1.1379812670995972,0.3506547539286299,0.7453571486146722,0.09854295634920657,0.17708793385517452,0.814295211597489,-25.842210089002478
444,445.0,0.0555404536500842,9.949163027569066,0.35065525668562086,0.7453558940963483,0.09854295635053681,0.17708793385636978,0.8142952115952033,-25.842210088907983
445,446.0,0.874627387874632,2.4353285474690396,0.3506547525689698,0.745357152458086,0.09854295634920653,0.17708793385517446,0.814295211597489,-25.842210089002485
446,447.0,0.49507297525296057,1.826368379305289,0.3506546436111843,0.7453570536302672,0.09854295634939828,0.17708793385534677,0.8142952115974774,-25.842210088988864
447,448.0,0.5100337680154495,2.7510436575831094,0.3506547774498607,0.7453570945033167,0.09854295634920866,0.1770879338551764,0.8142952115974856,-25.84221008900233
448,449.0,0.19272756786033973,7.897841951169558,0.35065514617850496,0.7453561778636889,0.09854295634999811,0.17708793385588573,0.8142952115961242,-25.842210088946253
449,450.0,0.3517271398783821,2.0352950139515658,0.3506547876136016,0.745357070337441,0.09854295634921116,0.17708793385517863,0.8142952115974814,-25.842210089002158
450,451.0,0.5412455614089248,4.730504118243918,0.35065485257097423,0.7453569146605477,0.0985429563492507,0.17708793385521415,0.8142952115974127,-25.842210088999344
451,452.0,0.7739081922317543,6.878609360988107,0.3506548569954798,0.7453569052961385,0.09854295634925417,0.1770879338552173,0.8142952115974063,-25.842210088999096
452,453.0,0.04766560965333688,4.237150387475371,0.3506552202354467,0.745355987429499,0.09854295635034442,0.1770879338561969,0.8142952115955323,-25.842210088921654
453,454.0,0.9397615855456305,2.0781801544410423,0.3506547507864758,0.7453571559517106,0.09854295634920661,0.17708793385517455,0.8142952115974887,-25.842210089002478
454,455.0,0.8379692209936567,1.7996468584019722,0.3506547550604276,0.7453571468517145,0.09854295634920651,0.17708793385517446,0.814295211597489,-25.842210089002485
455,456.0,0.20269403978291867,3.989703881566465,0.35065502435544466,0.7453564882616077,0.09854295634956906,0.17708793385550023,0.8142952115968609,-25.842210088976728
456,457.0,0.2726477104217214,3.9714516591424034,0.35065496159076,0.7453566456668262,0.09854295634941534,0.17708793385536212,0.8142952115971267,-25.842210088987652
457,458.0,0.3494519461172665,6.143758088016994,0.35065500303325886,0.7453565429544199,0.09854295634951044,0.17708793385544755,0.8142952115969616,-25.84221008898089
458,459.0,0.22692208706238282,9.292274781059756,0.3506551459671233,0.7453561786050438,0.09854295634999685,0.1770879338558846,0.8142952115961262,-25.842210088946345
459,460.0,0.13465633443529312,4.183144216761457,0.35065510587562065,0.7453562803568451,0.09854295634983831,0.17708793385574215,0.8142952115963986,-25.842210088957604
460,461.0,0.08054659008598064,2.6475340761063872,0.35065511433912716,0.7453562596665754,0.09854295634986864,0.17708793385576937,0.8142952115963458,-25.842210088955454
461,462.0,0.9862252148234173,4.222989410897287,0.35065475963507853,0.7453571354001135,0.09854295634920666,0.1770879338551746,0.8142952115974889,-25.842210089002474
462,463.0,0.3563171477692483,3.7062001955100947,0.3506548875179361,0.7453568291723152,0.09854295634928968,0.1770879338552492,0.8142952115973449,-25.842210088996573
463,464.0,0.034727347994185975,5.516920350285062,0.350655250915175,0.7453559085912932,0.09854295635050614,0.17708793385634222,0.8142952115952561,-25.842210088910164
464,465.0,0.9874572826514,4.106562193633232,0.35065475752114433,0.7453571403131753,0.09854295634920653,0.17708793385517446,0.8142952115974891,-25.842210089002485
465,466.0,0.29771702230425123,9.114527916133868,0.35065510492319074,0.7453562838901355,0.09854295634983254,0.17708793385573698,0.8142952115964076,-25.842210088958012
466,467.0,0.1554752341498289,1.1272622776063677,0.3506547643766713,0.7453571270313454,0.09854295634920673,0.17708793385517466,0.8142952115974886,-25.842210089002467
467,468.0,0.3676540618215596,7.558145859343713,0.35065503238953466,0.7453564669877886,0.0985429563495935,0.17708793385552218,0.8142952115968195,-25.842210088974994
468,469.0,0.9632529066319978,4.428658911577094,0.35065476673339946,0.7453571207587459,0.098542956349207,0.1770879338551749,0.8142952115974883,-25.84221008900245
469,470.0,0.38630935832216795,4.586306126743845,0.3506549176359728,0.7453567552987987,0.0985429563493333,0.1770879338552884,0.8142952115972688,-25.842210088993475
470,471.0,0.5516674025842068,1.5914629238950135,0.35065475125750856,0.7453571548494543,0.09854295634920664,0.17708793385517457,0.8142952115974887,-25.842210089002474
471,472.0,0.6353737546220816,7.724596184105692,0.35065492355588895,0.7453567413179192,0.09854295634934246,0.17708793385529661,0.8142952115972527,-25.842210088992825
472,473.0,0.1153009850691109,5.295868033318572,0.3506551594979915,0.7453561441640686,0.09854295635005451,0.1770879338559364,0.8142952115960271,-25.842210088942245
473,474.0,0.6877639454881599,4.868112587961063,0.35065481395292775,0.7453570080848914,0.09854295634922212,0.17708793385518848,0.8142952115974624,-25.842210089001373
474,475.0,0.22388669537285932,3.116295897081888,0.350654952284834,0.7453566697292804,0.09854295634939533,0.17708793385534413,0.814295211597161,-25.84221008898907
475,476.0,0.7210551064121399,8.65633118345814,0.35065491790954345,0.7453567529943678,0.09854295634933516,0.17708793385529004,0.8142952115972663,-25.842210088993347
476,477.0,0.6716566906675014,8.532302959605937,0.35065493066560255,0.7453567214999041,0.09854295634935671,0.1770879338553094,0.8142952115972288,-25.842210088991816
477,478.0,0.23007893056495532,1.5353345279897046,0.3506548051364507,0.7453570292044175,0.09854295634921767,0.17708793385518448,0.8142952115974701,-25.84221008900169
478,479.0,0.6006000972283803,8.192395550243873,0.3506549457218557,0.745356684982042,0.09854295634938363,0.1770879338553336,0.8142952115971818,-25.8422100889899
479,480.0,0.8933521852976758,6.085012816698305,0.3506548088361976,0.7453570197555838,0.09854295634921961,0.17708793385518623,0.8142952115974669,-25.842210089001554
480,481.0,0.20647278892802656,2.61860235991689,0.3506549334835085,0.7453567169617747,0.09854295634935939,0.17708793385531182,0.8142952115972232,-25.842210088991624
481,482.0,0.6941071686105975,5.75678600380215,0.35065484373555494,0.7453569360175576,0.09854295634924289,0.17708793385520716,0.8142952115974262,-25.8422100889999
482,483.0,0.1738451043953203,1.450377755028463,0.35065475730427,0.7453571443679995,0.09854295634920647,0.17708793385517443,0.814295211597489,-25.842210089002485
483,484.0,0.8268857986284252,1.0118881846398131,0.3506547522165762,0.7453571500285145,0.0985429563492066,0.17708793385517452,0.8142952115974891,-25.842210089002478
484,485.0,0.1686118642248987,5.566764138434973,0.3506551150124824,0.7453562581863044,0.0985429563498708,0.17708793385577135,0.8142952115963419,-25.842210088955298
485,486.0,0.514260142633762,1.3798345034370858,0.35065475103004556,0.7453571547104271,0.09854295634920662,0.17708793385517457,0.8142952115974889,-25.842210089002474
486,487.0,0.6836693719977329,1.0700078904189243,0.3506547513980439,0.745357156396106,0.09854295634920657,0.17708793385517452,0.8142952115974887,-25.842210089002478
487,488.0,0.8887204159369285,5.537236631215076,0.35065479426353857,0.7453570549687931,0.09854295634921323,0.17708793385518048,0.8142952115974778,-25.84221008900201
488,489.0,0.9879359562880408,8.10296737374114,0.350654839313842,0.7453569469993961,0.09854295634923912,0.17708793385520374,0.8142952115974328,-25.84221008900017
489,490.0,0.783346954480123,4.751066137187356,0.35065479055578375,0.7453570630740675,0.09854295634921212,0.17708793385517949,0.8142952115974798,-25.842210089002087
490,491.0,0.9387195788061393,7.94296840523695,0.3506548458515323,0.7453569310657518,0.09854295634924456,0.17708793385520863,0.8142952115974234,-25.84221008899978
491,492.0,0.32623863624822613,2.615686739427936,0.3506548359071619,0.7453569548858247,0.0985429563492366,0.1770879338552015,0.8142952115974373,-25.842210089000346
492,493.0,0.5583818102417503,3.9933424068577112,0.350654816277146,0.745357002878336,0.09854295634922332,0.17708793385518956,0.8142952115974603,-25.84221008900129
493,494.0,0.07972910712058512,0.06501843868204683,0.350654750556016,0.7453571532212273,0.09854295634920669,0.1770879338551746,0.8142952115974889,-25.842210089002474
494,495.0,0.9627902445856994,2.2157481385622373,0.3506547542043361,0.7453571486654411,0.09854295634920653,0.17708793385517446,0.814295211597489,-25.842210089002485
495,496.0,0.30264522693624907,3.5109124462264867,0.35065491146397937,0.7453567703512906,0.09854295634932365,0.1770879338552797,0.8142952115972857,-25.84221008899416
496,497.0,0.8800434932854669,2.7893578100878025,0.3506547516035797,0.7453571538343355,0.09854295634920654,0.1770879338551745,0.814295211597489,-25.842210089002478
497,498.0,0.3302035213070017,0.01566209667592145,0.3506547556578447,0.7453571438593151,0.09854295634920655,0.1770879338551745,0.8142952115974891,-25.842210089002478
498,499.0,0.5247790202635872,0.2000144264415201,0.3506547576545273,0.7453571433531807,0.09854295634920647,0.17708793385517443,0.814295211597489,-25.842210089002485
499,500.0,0.3961831475636415,3.0461208879098427,0.35065482965974737,0.7453569711094071,0.09854295634923153,0.17708793385519694,0.8142952115974459,-25.84221008900071
500,501.0,0.6846539425248465,3.358749911099308,0.3506547693581696,0.7453571123605504,0.09854295634920746,0.1770879338551753,0.8142952115974877,-25.842210089002418
501,502.0,0.6195384268162171,3.8379031252714046,0.3506547954396129,0.7453570521294703,0.09854295634921371,0.17708793385518093,0.814295211597477,-25.84221008900197
502,503.0,0.14487125891951047,5.423936990265909,0.35065513662427317,0.7453562052530519,0.09854295634995199,0.1770879338558443,0.8142952115962006,-25.84221008894953
503,504.0,0.7856207056575742,1.730759063215957,0.3506547513369949,0.7453571542554497,0.09854295634920661,0.17708793385517455,0.8142952115974889,-25.842210089002478
504,505.0,0.3210611959930074,9.779216800363386,0.35065510256039883,0.745356290078876,0.09854295634982341,0.17708793385572877,0.8142952115964232,-25.84221008895866
505,506.0,0.818707199971466,5.581893525217295,0.35065480872491905,0.7453570204444245,0.09854295634921946,0.1770879338551861,0.8142952115974671,-25.842210089001565
506,507.0,0.04569779561929854,6.937783663711167,0.350655250129056,0.7453559100173492,0.09854295635050357,0.17708793385633992,0.8142952115952612,-25.842210088910345
507,508.0,0.8475812427390935,0.7596938723413101,0.35065475644502386,0.7453571456187551,0.09854295634920646,0.1770879338551744,0.814295211597489,-25.842210089002485
508,509.0,0.016506368366263513,0.4360024453547201,0.3506547573789506,0.7453571450910004,0.09854295634920644,0.1770879338551744,0.814295211597489,-25.842210089002485
509,510.0,0.6400024804301446,9.872979030202226,0.35065497519545236,0.7453566128100496,0.09854295634944357,0.17708793385538746,0.8142952115970773,-25.842210088985645
510,511.0,0.365033913553687,2.0122004781378187,0.3506547803257945,0.7453570879289149,0.09854295634920922,0.17708793385517688,0.8142952115974846,-25.842210089002293
511,512.0,0.9140969497087964,3.019555209314237,0.35065522978263514,0.7453575840435857,0.09854295635267568,0.17708793385829164,0.8142952115972037,-25.842210088756055
512,513.0,0.9641724105086651,7.322325507264269,0.3506548265770204,0.7453569768001894,0.09854295634923017,0.17708793385519572,0.8142952115974486,-25.8422100890008
513,514.0,0.5446581085702595,3.4971298205742967,0.35065479860245224,0.7453570448871195,0.09854295634921488,0.17708793385518198,0.8142952115974749,-25.842210089001888
514,515.0,0.1438610612661685,4.826473299530227,0.35065511789038023,0.7453562513568546,0.09854295634988092,0.17708793385578042,0.814295211596324,-25.842210088954577
515,516.0,0.5281379742191277,9.268040244233196,0.3506550017622754,0.7453565448188457,0.09854295634950899,0.17708793385544624,0.8142952115969648,-25.842210088981
516,517.0,0.6152641921643818,3.1894218238949454,0.3506547747194589,0.74535710073972,0.0985429563492082,0.177087933855176,0.8142952115974864,-25.84221008900236
517,518.0,0.9053711124012818,9.58919564321326,0.35065489211433326,0.7453568178190095,0.0985429563492958,0.17708793385525468,0.8142952115973343,-25.84221008899614
518,519.0,0.8880291147445807,2.074560820857924,0.35065475118610107,0.7453571553702569,0.09854295634920658,0.17708793385517452,0.8142952115974889,-25.842210089002478
519,520.0,0.005155542912219646,1.9283224290518186,0.350655273175772,0.7453558500271026,0.09854295635063418,0.17708793385645727,0.8142952115950391,-25.84221008890107
520,521.0,0.5772821898611694,7.65875517122734,0.35065494045064743,0.7453566984387794,0.09854295634937331,0.17708793385532434,0.8142952115971995,-25.842210088990637
521,522.0,0.7702771815111702,6.841466124679776,0.350654854927542,0.7453569081740464,0.09854295634925328,0.17708793385521648,0.8142952115974084,-25.84221008899916
522,523.0,0.4108627973004395,5.653785262097605,0.3506549496183987,0.7453566753856898,0.09854295634939111,0.17708793385534033,0.8142952115971688,-25.842210088989376
523,524.0,0.599593096770132,0.5305902864698927,0.3506547523643715,0.7453571491618017,0.0985429563492066,0.17708793385517452,0.8142952115974891,-25.842210089002478
524,525.0,0.16788188466324838,1.30832052201469,0.3506547528009454,0.7453571491377301,0.09854295634920666,0.1770879338551746,0.8142952115974889,-25.842210089002474
525,526.0,0.9215346352211604,6.049798087705392,0.3506548035434009,0.7453570329968575,0.09854295634921695,0.17708793385518382,0.8142952115974713,-25.84221008900174
526,527.0,0.6879704676939968,2.5471075208499747,0.35065462233128414,0.7453570278138001,0.09854295634948855,0.1770879338554279,0.8142952115974696,-25.842210088982448
527,528.0,0.023308404596350307,1.377141176426582,0.35065475989225214,0.7453571380471898,0.09854295634920651,0.17708793385517446,0.814295211597489,-25.842210089002485
528,529.0,0.7101752517611389,7.248462939949297,0.35065488355402885,0.7453568390951383,0.09854295634928445,0.1770879338552445,0.8142952115973539,-25.842210088996946
529,530.0,0.36221249168245295,4.72364573660498,0.3506549386144639,0.7453567041908289,0.09854295634936874,0.17708793385532023,0.814295211597207,-25.84221008899096
530,531.0,0.6905488019539465,8.234334712963538,0.3506549173798691,0.7453567554047944,0.0985429563493333,0.1770879338552884,0.814295211597269,-25.842210088993475
531,532.0,0.9418302281311065,3.423885924470884,0.35065473620387727,0.7453571359703394,0.09854295634921231,0.17708793385517965,0.814295211597489,-25.84221008900207
532,533.0,0.009788320879824619,2.4379755432700487,0.35065526382621914,0.7453558735460932,0.09854295635058279,0.17708793385641108,0.8142952115951275,-25.84221008890472
533,534.0,0.20956857852612132,2.5049240901175787,0.3506549181058983,0.745356753739247,0.09854295634933441,0.17708793385528937,0.8142952115972671,-25.842210088993397
534,535.0,0.8310799334987626,1.5495521948690472,0.35065475436914223,0.745357148881114,0.09854295634920648,0.17708793385517443,0.8142952115974891,-25.842210089002485
535,536.0,0.7860097372383791,3.39597561551775,0.35065475921029793,0.7453571367054673,0.0985429563492066,0.17708793385517452,0.8142952115974891,-25.842210089002478
536,537.0,0.5835647729882902,7.486954096442997,0.35065493404211373,0.7453567150079108,0.09854295634936094,0.1770879338553132,0.8142952115972207,-25.842210088991514
537,538.0,0.9772414633319576,6.817383322292315,0.3506548106061154,0.7453570155244442,0.09854295634922053,0.17708793385518706,0.8142952115974653,-25.84221008900149
538,539.0,0.2379767670481503,5.406249288250367,0.35065505189602386,0.7453564188795505,0.09854295634965028,0.1770879338555732,0.8142952115967208,-25.84221008897096
539,540.0,0.5374602929164979,6.142648016270562,0.3506549093251784,0.7453567757405892,0.09854295634932027,0.17708793385527669,0.8142952115972916,-25.842210088994403
540,541.0,0.9710354923930065,0.30565271461913013,0.35065475858629014,0.7453571460435797,0.09854295634920639,0.17708793385517435,0.8142952115974891,-25.842210089002492
541,542.0,0.8718734566822894,7.023789462805433,0.3506548369955052,0.7453569516699632,0.0985429563492377,0.1770879338552025,0.8142952115974355,-25.842210089000268
542,543.0,0.8241418205299307,3.6651116473935534,0.35065476218195485,0.7453571299899646,0.09854295634920673,0.17708793385517466,0.8142952115974889,-25.842210089002467
543,544.0,0.11780880249202164,3.802875322980281,0.3506551118816673,0.7453562649818157,0.09854295634986109,0.1770879338557626,0.8142952115963595,-25.842210088955987
544,545.0,0.5797927791719965,0.5446611611785314,0.3506547520783836,0.7453571522704063,0.09854295634920658,0.17708793385517452,0.8142952115974889,-25.842210089002478
545,546.0,0.8454369643510398,1.3727833592999716,0.3506550200024681,0.7453574589072507,0.09854295635049615,0.17708793385633323,0.8142952115973425,-25.842210088910875
546,547.0,0.5624098658598502,1.7524721996772776,0.3506547511777933,0.745357155671791,0.09854295634920657,0.17708793385517452,0.8142952115974889,-25.842210089002478
547,548.0,0.4239889376347358,9.467504069115899,0.3506550501768529,0.7453564230529269,0.09854295634964523,0.17708793385556865,0.8142952115967297,-25.84221008897132
548,549.0,0.24700581567466107,4.855597906693782,0.3506550238072152,0.7453564898109767,0.09854295634956725,0.1770879338554986,0.814295211596864,-25.84221008897686
549,550.0,0.4380069030498701,7.93544518234625,0.3506550073560381,0.7453565303870445,0.09854295634952395,0.17708793385545968,0.8142952115969393,-25.842210088979936
550,551.0,0.32930608282012475,7.990903231491719,0.3506550651073382,0.7453563850157542,0.09854295634969316,0.17708793385561172,0.8142952115966472,-25.84221008896791
551,552.0,0.290437693528645,7.044039173504911,0.3506550631629378,0.745356389694726,0.09854295634968721,0.17708793385560637,0.8142952115966576,-25.842210088968336
552,553.0,0.438325512829174,5.098080340939261,0.3506549119796066,0.7453567685179091,0.09854295634932496,0.17708793385528088,0.8142952115972837,-25.84221008899407
553,554.0,0.3664730109215365,0.6880507420297775,0.35065475001078444,0.7453571526627278,0.09854295634920673,0.17708793385517466,0.814295211597489,-25.842210089002467
554,555.0,0.9380883361350231,6.93354827166258,0.3506548207579374,0.7453569905764748,0.09854295634922648,0.1770879338551924,0.814295211597455,-25.842210089001068
555,556.0,0.32006172641810726,9.089184697588626,0.3506550926261759,0.7453563154016268,0.09854295634978708,0.1770879338556961,0.8142952115964855,-25.84221008896124
556,557.0,0.8574696558157637,5.472790766212093,0.3506547993322176,0.7453570426575622,0.09854295634921528,0.17708793385518234,0.8142952115974743,-25.84221008900186
557,558.0,0.9718404755176248,6.308114888775236,0.35065480188553344,0.745357036718601,0.09854295634921628,0.17708793385518323,0.8142952115974725,-25.84221008900179
558,559.0,0.6453833335733015,7.043455991869605,0.3506548995793438,0.7453568001221283,0.09854295634930561,0.1770879338552635,0.814295211597317,-25.842210088995444
559,560.0,0.20768378925042075,9.120644380085489,0.35065515437404804,0.7453561576113353,0.09854295635003152,0.17708793385591576,0.8142952115960663,-25.842210088943883
560,561.0,0.6935059298864199,2.1444851423949487,0.3506547516411736,0.7453571534255943,0.0985429563492066,0.17708793385517452,0.8142952115974889,-25.842210089002478
561,562.0,0.9101552317742997,9.107190489714922,0.3506548785242695,0.745356850266847,0.09854295634927906,0.17708793385523966,0.8142952115973636,-25.842210088997334
562,563.0,0.5857656210685293,9.05054345100582,0.35065497402098905,0.7453566141180592,0.09854295634944289,0.17708793385538685,0.8142952115970793,-25.842210088985695
563,564.0,0.5399189846533478,3.3850806570887904,0.3506547950139509,0.7453570528999468,0.09854295634921358,0.1770879338551808,0.8142952115974773,-25.84221008900198
564,565.0,0.2072124996896345,2.7857127411109026,0.3506549436595981,0.7453566908464664,0.09854295634937897,0.17708793385532942,0.8142952115971895,-25.84221008899023
565,566.0,0.9900755403285054,4.763162497577167,0.35065476862362205,0.7453571144312786,0.09854295634920734,0.1770879338551752,0.8142952115974879,-25.842210089002425
566,567.0,0.11248386277101019,4.762183745622805,0.35065515234389705,0.7453561639665807,0.09854295635002022,0.1770879338559056,0.8142952115960845,-25.842210088944682
567,568.0,0.033211693552584465,8.939538001167893,0.35065526846169526,0.7453558636006274,0.09854295635060312,0.17708793385642935,0.8142952115950903,-25.84221008890328
568,569.0,0.27448528022118823,8.991729194387284,0.3506551159829412,0.7453562553287277,0.09854295634987528,0.17708793385577537,0.8142952115963344,-25.842210088954978
569,570.0,0.36260726303235047,4.495679860722463,0.35065492629070155,0.7453567340100626,0.09854295634934758,0.17708793385530122,0.814295211597244,-25.842210088992463
570,571.0,0.7898411934988196,4.54339841337336,0.35065478666175,0.7453570738280907,0.09854295634921069,0.1770879338551782,0.8142952115974821,-25.842210089002187
571,572.0,0.618958832854467,5.354575780410786,0.35065485108803957,0.745356918394679,0.09854295634924921,0.17708793385521282,0.8142952115974152,-25.84221008899945
572,573.0,0.7750284057612289,4.996168189254058,0.35065480184421294,0.7453570371162392,0.09854295634921616,0.17708793385518312,0.8142952115974726,-25.842210089001796
573,574.0,0.4931652189698479,8.251954535605524,0.35065499115642323,0.7453565712295738,0.09854295634948283,0.17708793385542274,0.8142952115970102,-25.84221008898286
574,575.0,0.9167400451768102,4.559378200844643,0.35065476922212585,0.7453571137962696,0.09854295634920737,0.17708793385517524,0.8142952115974877,-25.842210089002425
575,576.0,0.991756843843979,2.0924437213504503,0.3506547520911188,0.7453571525386564,0.09854295634920655,0.1770879338551745,0.814295211597489,-25.842210089002478
576,577.0,0.8301310440439728,8.495479418183482,0.3506548847714468,0.7453568363786847,0.09854295634928582,0.1770879338552457,0.8142952115973514,-25.842210088996854
577,578.0,0.25745144774490747,8.474717303984592,0.35065511543960226,0.7453562570825385,0.09854295634987247,0.17708793385577284,0.814295211596339,-25.842210088955177
578,579.0,0.5001912167574888,0.20561256181495366,0.3506547508314951,0.7453571558030743,0.09854295634920665,0.1770879338551746,0.8142952115974887,-25.842210089002474
579,580.0,0.3434972753417379,9.333135992162712,0.35065508496506975,0.7453563345853093,0.09854295634976046,0.1770879338556722,0.8142952115965315,-25.842210088963135
580,581.0,0.8229513344457101,8.579289524603805,0.350654889385509,0.7453568254193926,0.09854295634929151,0.17708793385525085,0.8142952115973414,-25.842210088996442
581,582.0,0.29386224289397544,2.011656633156228,0.35065480918190645,0.7453570191333441,0.09854295634921975,0.17708793385518634,0.8142952115974667,-25.84221008900154
582,583.0,0.4170962502723601,5.940908904768324,0.35065495732617125,0.7453566560527,0.09854295634940677,0.1770879338553544,0.8142952115971417,-25.84221008898826
583,584.0,0.5913782116836258,4.953974898978977,0.3506548451003197,0.7453569324500979,0.09854295634924419,0.17708793385520832,0.8142952115974241,-25.842210088999806
584,585.0,0.17675676796830908,6.928735445444501,0.35065514109277335,0.7453561916858072,0.09854295634997505,0.17708793385586502,0.814295211596163,-25.842210088947894
585,586.0,0.7691128440475096,8.138305734362529,0.3506548918352005,0.7453568187194536,0.09854295634929529,0.17708793385525423,0.814295211597335,-25.842210088996175
586,587.0,0.8854361405138743,8.196956881493259,0.3506548642587589,0.7453568859315174,0.09854295634926247,0.17708793385522473,0.8142952115973923,-25.842210088998506
587,588.0,0.45544515557675014,9.3569164273011,0.35065503279899346,0.745356466858763,0.09854295634959326,0.17708793385552196,0.8142952115968193,-25.842210088975012
588,589.0,0.681450652313034,9.385144200358114,0.3506549495996421,0.7453566752342378,0.09854295634939127,0.17708793385534047,0.8142952115971686,-25.84221008898936
589,590.0,0.8523070633118526,4.658939745388191,0.3506547809687574,0.7453570872551829,0.09854295634920926,0.17708793385517693,0.8142952115974845,-25.842210089002286
590,591.0,0.9846874095780095,7.979751656121254,0.3506548375221203,0.745356950824834,0.0985429563492379,0.1770879338552027,0.814295211597435,-25.842210089000254
591,592.0,0.1936251008361144,7.918412599778984,0.35065514448649665,0.7453561824140099,0.09854295634999052,0.17708793385587893,0.814295211596137,-25.842210088946793
592,593.0,0.6665915232539644,8.07209144679293,0.3506549204368718,0.745356746577032,0.09854295634933942,0.17708793385529387,0.8142952115972589,-25.842210088993042
593,594.0,0.12036945639004148,8.222472183728337,0.3506552014657095,0.7453560379679615,0.09854295635024501,0.1770879338561076,0.8142952115956997,-25.842210088928713
594,595.0,0.45962839116982357,0.49410810552142226,0.35065475715622985,0.7453571463110347,0.09854295634920635,0.17708793385517432,0.8142952115974891,-25.8422100890025
595,596.0,0.7738495769420868,6.901382784251511,0.35065485685060266,0.7453569043351903,0.09854295634925471,0.1770879338552178,0.8142952115974057,-25.84221008899906
596,597.0,0.3006612274651336,2.79808784407768,0.3506548645270613,0.745356884868496,0.09854295634926302,0.17708793385522523,0.8142952115973914,-25.84221008899847
597,598.0,0.18407845762952613,0.5474727260385669,0.3506547546912621,0.7453571466155688,0.09854295634920653,0.17708793385517446,0.8142952115974891,-25.842210089002485
598,599.0,0.10659461442675355,6.3654755902957225,0.35065518764952425,0.7453560719623724,0.09854295635018254,0.17708793385605145,0.8142952115958082,-25.84221008893315
599,600.0,0.1801738345387912,7.968102744152026,0.3506551549116008,0.7453561561222659,0.09854295635003413,0.1770879338559181,0.8142952115960619,-25.842210088943695
600,601.0,0.224524933310143,5.047223249412933,0.350655049437277,0.7453564241876945,0.09854295634964415,0.17708793385556768,0.814295211596732,-25.84221008897139
601,602.0,0.04693781254316476,8.813906219620463,0.3506552592430881,0.7453558883624113,0.09854295635054851,0.17708793385638028,0.8142952115951824,-25.84221008890716
602,603.0,0.21350484031360373,4.282829547316718,0.35065502748711824,0.7453564801066718,0.09854295634957824,0.17708793385550847,0.8142952115968453,-25.84221008897608
603,604.0,0.3676241528448967,8.462236222920545,0.3506550560146018,0.7453564087376969,0.09854295634966274,0.1770879338555844,0.814295211596699,-25.842210088970077
604,605.0,0.22686330704452917,4.386878372612393,0.35065502195074205,0.7453564952800203,0.09854295634956098,0.17708793385549296,0.8142952115968742,-25.842210088977307
605,606.0,0.26966029021003657,1.400235731997314,0.3506547549956992,0.7453571448124288,0.09854295634920654,0.1770879338551745,0.8142952115974891,-25.842210089002478
606,607.0,0.3677072576494026,4.5452566378107155,0.3506549243789332,0.7453567379784239,0.09854295634934505,0.17708793385529895,0.8142952115972487,-25.842210088992644
607,608.0,0.23911888611043897,9.437142074553398,0.35065514115011803,0.7453561907995883,0.09854295634997687,0.17708793385586666,0.8142952115961606,-25.842210088947763
608,609.0,0.4504110964084098,3.609116346905162,0.3506548372368151,0.7453569524346477,0.09854295634923725,0.17708793385520208,0.814295211597436,-25.842210089000297
609,610.0,0.6581522631157136,7.705230812230193,0.35065491207095156,0.7453567672178978,0.098542956349326,0.17708793385528182,0.8142952115972822,-25.842210088993994
610,611.0,0.5280737978502945,3.1159234937863802,0.3506547868646973,0.7453570717973462,0.09854295634921102,0.17708793385517851,0.8142952115974816,-25.84221008900216
611,612.0,0.5227914023955942,5.392875265494576,0.3506548856694845,0.745356834168069,0.098542956349287,0.17708793385524677,0.8142952115973494,-25.842210088996765
612,613.0,0.37688821883073087,9.725319564894008,0.35065507477325636,0.745356360112802,0.09854295634972599,0.17708793385564123,0.8142952115965911,-25.84221008896558
613,614.0,0.471568563670519,6.521424351052131,0.35065495075346037,0.7453566733979579,0.09854295634939245,0.17708793385534155,0.814295211597166,-25.842210088989276
614,615.0,0.8427899421258427,2.830593190879464,0.3506551585813765,0.7453575169528794,0.09854295635170035,0.17708793385741525,0.8142952115972839,-25.842210088825333
615,616.0,0.9880300708391911,5.236001444146706,0.3506547753136168,0.745357099710585,0.09854295634920827,0.17708793385517604,0.8142952115974863,-25.84221008900236
616,617.0,0.6596841206151471,7.734450389805866,0.35065491380560854,0.7453567638405098,0.09854295634932796,0.17708793385528357,0.8142952115972786,-25.842210088993856
617,618.0,0.4634388818825801,5.403075076765278,0.350654912754172,0.7453567675530495,0.09854295634932536,0.17708793385528124,0.8142952115972826,-25.842210088994044
618,619.0,0.8386021996906085,7.115035866529779,0.35065484772509825,0.7453569268198033,0.09854295634924606,0.17708793385521002,0.8142952115974207,-25.842210088999675
619,620.0,0.20931825240313207,8.751750577232666,0.3506551477553193,0.745356174120732,0.09854295635000414,0.17708793385589114,0.8142952115961136,-25.842210088945823
620,621.0,0.3851562669508809,7.967641738261136,0.3506550348027774,0.7453564621382527,0.09854295634959857,0.17708793385552674,0.81429521159681,-25.842210088974632
621,622.0,0.961417196570069,3.245362852440798,0.3506551352446734,0.7453574962047109,0.09854295635142107,0.17708793385716431,0.814295211597306,-25.84221008884517
622,623.0,0.7558027072232122,7.693891244274278,0.3506548832052471,0.7453568401956774,0.0985429563492839,0.177087933855244,0.8142952115973547,-25.84221008899699
623,624.0,0.004822446836654337,2.3800529915833617,0.3506552789884448,0.7453558347024906,0.09854295635066869,0.17708793385648827,0.8142952115949808,-25.84221008889862
624,625.0,0.8714384569751961,3.6360068534851155,0.35065475909321864,0.7453571379154558,0.0985429563492065,0.17708793385517443,0.8142952115974891,-25.842210089002485
625,626.0,0.2925176714872578,9.491849734648532,0.35065511340906785,0.7453562620182493,0.0985429563498651,0.1770879338557662,0.814295211596352,-25.842210088955703
626,627.0,0.27589358489491056,0.3127816461209358,0.35065475464069423,0.7453571483810987,0.0985429563492065,0.17708793385517443,0.814295211597489,-25.842210089002485
627,628.0,0.2350187995550248,5.805056795703468,0.3506550692344766,0.7453563748560441,0.09854295634970624,0.1770879338556235,0.8142952115966245,-25.842210088966986
628,629.0,0.4084279433320954,9.20889959822538,0.3506550512471353,0.7453564206387349,0.09854295634964809,0.17708793385557123,0.8142952115967246,-25.842210088971115
629,630.0,0.19353342422277153,7.079455973037767,0.3506551308490235,0.7453562174716329,0.09854295634993389,0.17708793385582802,0.8142952115962339,-25.842210088950814
630,631.0,0.3785386957470753,3.677967132623265,0.35065487393293004,0.7453568618969062,0.09854295634927339,0.17708793385523455,0.8142952115973734,-25.842210088997735
631,632.0,0.014250304009037151,0.659557261308535,0.35065475905081234,0.7453571395190478,0.09854295634920647,0.17708793385517443,0.8142952115974891,-25.842210089002485
632,633.0,0.29778134499271125,0.7362149996587576,0.3506547540240203,0.7453571510887514,0.09854295634920646,0.1770879338551744,0.814295211597489,-25.842210089002485
633,634.0,0.4740379135872178,1.5523704231819226,0.35065475238270877,0.7453571522595824,0.09854295634920655,0.1770879338551745,0.814295211597489,-25.842210089002478
634,635.0,0.0793430685051969,7.445810573342549,0.35065522518623465,0.7453559758978472,0.09854295635036665,0.17708793385621688,0.814295211595493,-25.842210088920076
635,636.0,0.8216874836787963,5.4185799786970135,0.35065480390465453,0.7453570318319539,0.09854295634921718,0.17708793385518404,0.814295211597471,-25.84221008900173
636,637.0,0.07097029301845847,0.010138051070118932,0.3506547562885753,0.745357144524198,0.09854295634920657,0.17708793385517452,0.814295211597489,-25.842210089002478
637,638.0,0.47247918648315357,5.390007689283306,0.35065490959714557,0.7453567757269115,0.0985429563493202,0.1770879338552766,0.8142952115972915,-25.84221008899441
638,639.0,0.2535101392558069,4.673478631212699,0.3506550128500405,0.7453565175845024,0.09854295634953703,0.17708793385547142,0.8142952115969161,-25.842210088979
639,640.0,0.07667177781534018,0.2508014005869813,0.35065474716078426,0.745357164031339,0.09854295634920683,0.17708793385517477,0.8142952115974884,-25.84221008900246
640,641.0,0.6743312476805439,1.2893501642558283,0.35065475178730515,0.7453571536409497,0.0985429563492066,0.17708793385517452,0.8142952115974889,-25.842210089002478
641,642.0,0.17467457836501576,3.2175514290539438,0.3506550139371273,0.7453565161093997,0.0985429563495382,0.17708793385547247,0.8142952115969133,-25.842210088978923
642,643.0,0.8417177873930414,4.726077548599616,0.3506547820896981,0.745357083638699,0.09854295634920966,0.1770879338551773,0.814295211597484,-25.84221008900226
643,644.0,0.916432628784905,1.471338103228552,0.3506550049857421,0.7453574380955691,0.09854295635034263,0.17708793385619528,0.8142952115973614,-25.84221008892178
644,645.0,0.32168710251130384,5.942540064383487,0.3506550117195425,0.745356519693057,0.09854295634953507,0.1770879338554697,0.8142952115969199,-25.842210088979147
645,646.0,0.4582333233514002,0.36394194232716875,0.3506547517651292,0.7453571535460255,0.09854295634920655,0.1770879338551745,0.8142952115974889,-25.842210089002478
646,647.0,0.4819769212895795,0.5152814543170937,0.35065475651562084,0.7453571366131043,0.09854295634920686,0.17708793385517477,0.8142952115974891,-25.84221008900246
647,648.0,0.1533552123721681,1.2261302934893787,0.35065475669213453,0.7453571421014265,0.09854295634920655,0.1770879338551745,0.8142952115974891,-25.842210089002478
648,649.0,0.0757318442933379,3.7307038076136485,0.35065516972035543,0.7453561188982641,0.09854295635009777,0.17708793385597527,0.8142952115959523,-25.842210088939176
649,650.0,0.9826123555658975,0.32906573978814607,0.35065473479464015,0.7453571852689556,0.098542956349208,0.1770879338551758,0.8142952115974864,-25.84221008900238
650,651.0,0.22034303623225482,1.972405063977951,0.3506548564540804,0.7453569045730096,0.09854295634925474,0.1770879338552178,0.8142952115974058,-25.84221008899906
651,652.0,0.08823387204838329,9.923727538238786,0.3506552345468537,0.7453559502724263,0.09854295635041954,0.1770879338562644,0.8142952115954044,-25.842210088916314
652,653.0,0.5568260143962698,8.692760262985429,0.35065497545947577,0.7453566096718184,0.09854295634944715,0.17708793385539068,0.8142952115970723,-25.84221008898539
653,654.0,0.8377586093752976,9.948635166279146,0.35065491785653835,0.7453567553779787,0.0985429563493331,0.1770879338552882,0.814295211597269,-25.84221008899349
654,655.0,0.6208264411868869,4.693409856554272,0.3506548260240008,0.7453569793632464,0.09854295634922931,0.17708793385519495,0.8142952115974499,-25.842210089000865
655,656.0,0.28040778630185614,1.5807839223427194,0.3506547847003916,0.7453570789226778,0.0985429563492101,0.1770879338551777,0.8142952115974831,-25.84221008900223
656,657.0,0.4331566876392323,1.9875130034970472,0.350654764656548,0.7453571234233606,0.09854295634920703,0.17708793385517493,0.8142952115974884,-25.84221008900245
657,658.0,0.2962663743534568,8.863438198006628,0.35065510047542914,0.7453562954294294,0.09854295634981562,0.17708793385572177,0.8142952115964365,-25.842210088959213
658,659.0,0.8829489855333841,0.2790757432258093,0.35065475215245967,0.745357150926161,0.09854295634920662,0.17708793385517457,0.814295211597489,-25.842210089002474
659,660.0,0.7163096152834526,0.15085669023783316,0.35065475712111005,0.7453571430556478,0.0985429563492065,0.17708793385517443,0.8142952115974891,-25.842210089002485
660,661.0,0.742919887542956,2.459623543414138,0.35065521943517575,0.7453575763971754,0.0985429563525353,0.17708793385816549,0.8142952115972135,-25.842210088766024
661,662.0,0.916671955493229,6.984662359164206,0.3506548277167431,0.7453569756650404,0.09854295634923024,0.17708793385519578,0.8142952115974481,-25.8422100890008
662,663.0,0.21864849837068523,0.686838505172278,0.3506547604694099,0.7453571371672529,0.0985429563492065,0.17708793385517443,0.814295211597489,-25.842210089002485
663,664.0,0.480018513580055,1.868405489513465,0.3506542641969662,0.7453567169050309,0.098542956352883,0.1770879338584779,0.8142952115972231,-25.842210088741325
664,665.0,0.924135018507143,7.094039831852515,0.35065482950175575,0.7453569710298698,0.09854295634923166,0.17708793385519705,0.8142952115974458,-25.842210089000694
665,666.0,0.3219904709644824,8.720550754249874,0.3506550834594829,0.7453563387171299,0.09854295634975467,0.177087933855667,0.8142952115965412,-25.842210088963547
666,667.0,0.21703724598359586,7.18918813615173,0.3506551169346343,0.745356253232419,0.09854295634987832,0.17708793385577812,0.814295211596329,-25.84221008895476
667,668.0,0.681606528963137,2.009735416400491,0.3506547514097516,0.7453571537727586,0.09854295634920658,0.17708793385517452,0.8142952115974889,-25.842210089002478
668,669.0,0.7566955044664085,7.661440381579611,0.35065488136254513,0.7453568441548885,0.09854295634928197,0.17708793385524227,0.8142952115973583,-25.842210088997128
669,670.0,0.8717202483370213,4.496604411750346,0.35065477246764515,0.7453571057641784,0.09854295634920787,0.17708793385517568,0.814295211597487,-25.842210089002386
670,671.0,0.4772243772360958,3.4966864884155853,0.3506548195739728,0.7453569946152884,0.09854295634922537,0.17708793385519142,0.8142952115974568,-25.842210089001142
671,672.0,0.8015888496659402,8.612481798871901,0.3506548948728065,0.745356810435036,0.0985429563493,0.17708793385525845,0.8142952115973271,-25.84221008899584
672,673.0,0.5318210133936914,1.3557820220335732,0.35065475284192443,0.7453571514396874,0.09854295634920657,0.17708793385517452,0.814295211597489,-25.842210089002478
673,674.0,0.08003322947121216,3.0595512413873567,0.3506551361453963,0.7453562030302502,0.09854295634995741,0.17708793385584914,0.8142952115961944,-25.84221008894914
674,675.0,0.3918198721072804,8.897433385018005,0.3506550515618324,0.745356418780873,0.09854295634965081,0.17708793385557367,0.8142952115967206,-25.842210088970923
675,676.0,0.8532871328949855,8.543542758883882,0.35065487942010476,0.7453568487608387,0.0985429563492797,0.17708793385524024,0.8142952115973623,-25.842210088997284
676,677.0,0.9533847063135659,7.35213084048117,0.35065483103445566,0.7453569681523876,0.09854295634923238,0.1770879338551977,0.8142952115974443,-25.842210089000645
677,678.0,0.8167696314760351,3.084313018064387,0.3506544862653234,0.7453569120807616,0.09854295635031807,0.17708793385617322,0.8142952115974109,-25.842210088923526
678,679.0,0.7105179534099444,7.794315512677268,0.3506548997083786,0.7453567994614927,0.09854295634930607,0.17708793385526392,0.8142952115973163,-25.84221008899541
679,680.0,0.1153947923582862,8.516627842708639,0.35065520748330253,0.7453560212013391,0.09854295635027785,0.17708793385613708,0.814295211595645,-25.84221008892638
680,681.0,0.5492655449003034,4.37691581665848,0.3506548340742629,0.7453569595612672,0.09854295634923509,0.17708793385520014,0.8142952115974399,-25.842210089000453
681,682.0,0.5279990342036496,8.618904708376439,0.3506549853030749,0.745356585479349,0.09854295634946934,0.1770879338554106,0.8142952115970337,-25.842210088983816
682,683.0,0.7316571744947935,3.067056429564358,0.35065475859403,0.7453571382750719,0.09854295634920658,0.17708793385517452,0.814295211597489,-25.842210089002478
683,684.0,0.6363724024722929,4.524069176889969,0.3506548153175645,0.7453570043207434,0.09854295634922297,0.17708793385518926,0.814295211597461,-25.842210089001316
684,685.0,0.4980219681648592,9.507306477721215,0.35065501833598345,0.7453565035675386,0.09854295634955218,0.17708793385548505,0.81429521159689,-25.84221008897793
685,686.0,0.43906511014423666,7.418880724867,0.3506549957627555,0.7453565614386116,0.0985429563494919,0.17708793385543087,0.8142952115969935,-25.842210088982213
686,687.0,0.835690136803682,0.47196337974678026,0.3506547535186367,0.7453571519394849,0.09854295634920651,0.17708793385517446,0.814295211597489,-25.842210089002485
687,688.0,0.4851545450747272,9.257888386037747,0.3506550173653559,0.7453565047966619,0.09854295634955126,0.17708793385548424,0.8142952115968923,-25.842210088977996
688,689.0,0.2369555535244996,5.592319077479506,0.3506550601690337,0.7453563984158138,0.09854295634967566,0.17708793385559599,0.8142952115966767,-25.842210088969154
689,690.0,0.7805041229375911,7.373097035605924,0.3506548666489763,0.7453568788823535,0.09854295634926578,0.17708793385522772,0.8142952115973868,-25.84221008899827
690,691.0,0.7776605608217158,5.960108621860759,0.3506548290844175,0.7453569719602144,0.09854295634923135,0.17708793385519678,0.8142952115974463,-25.84221008900072
691,692.0,0.025974690608251638,5.422745664749051,0.35065526152477855,0.7453558813657989,0.09854295635056443,0.1770879338563946,0.8142952115951565,-25.842210088906025
692,693.0,0.8245377912696352,2.1152184586411287,0.35065475183922934,0.7453571539842633,0.09854295634920654,0.1770879338551745,0.814295211597489,-25.842210089002478
693,694.0,0.5761635106410853,5.353283012320947,0.350654863498712,0.745356888109656,0.09854295634926141,0.17708793385522378,0.814295211597394,-25.84221008899858
694,695.0,0.6507782191369601,3.082947366134555,0.3506547681877384,0.7453571173434662,0.09854295634920714,0.17708793385517502,0.814295211597488,-25.842210089002442
695,696.0,0.6217980931537228,0.4114163296143041,0.35065475582941835,0.7453571509811242,0.09854295634920639,0.17708793385517435,0.814295211597489,-25.842210089002492
696,697.0,0.07776279167090461,5.794782325948844,0.35065520861681765,0.7453560176690237,0.09854295635028505,0.17708793385614358,0.8142952115956333,-25.84221008892587
697,698.0,0.3566087108302556,6.216359982923689,0.35065499994718996,0.7453565503299551,0.09854295634950314,0.17708793385544097,0.8142952115969744,-25.842210088981417
698,699.0,0.6222492774345209,7.637389613236405,0.35065492370364754,0.7453567396676295,0.09854295634934382,0.17708793385529784,0.8142952115972508,-25.84221008899273
699,700.0,0.3759691013779566,6.506828700510901,0.3506549996150356,0.7453565510186158,0.09854295634950247,0.1770879338554404,0.8142952115969757,-25.84221008898146
700,701.0,0.15158534471750496,3.876800280218487,0.3506550735867988,0.7453563626715659,0.09854295634972286,0.17708793385563842,0.8142952115965968,-25.842210088965803
701,702.0,0.602777748316098,9.027440396208977,0.35065496704854954,0.7453566317954905,0.09854295634942724,0.1770879338553728,0.8142952115971063,-25.842210088986807
702,703.0,0.10289387371224323,9.945528264524615,0.350655227402689,0.7453559707024445,0.09854295635037671,0.17708793385622593,0.8142952115954752,-25.842210088919362
703,704.0,0.9423764883098192,0.068134496085711,0.3506547556471589,0.7453571454643917,0.0985429563492065,0.17708793385517443,0.8142952115974891,-25.842210089002485
704,705.0,0.8469292902016788,5.930981912175614,0.35065481429712536,0.7453570082818336,0.09854295634922197,0.17708793385518834,0.8142952115974625,-25.842210089001384
705,706.0,0.980308532380529,4.5647328225068575,0.3506547661690993,0.7453571208215529,0.09854295634920704,0.17708793385517493,0.8142952115974883,-25.84221008900245
706,707.0,0.5328326925073605,2.5806830783002037,0.35065476903319726,0.7453571134598674,0.0985429563492074,0.17708793385517524,0.8142952115974877,-25.842210089002425
707,708.0,0.23133142327922251,0.14492648284240034,0.35065475431978144,0.7453571492903808,0.09854295634920646,0.1770879338551744,0.8142952115974891,-25.842210089002485
708,709.0,0.3694370525977727,0.972531577662299,0.35065474819955705,0.7453571577558727,0.09854295634920678,0.17708793385517468,0.8142952115974887,-25.842210089002467
709,710.0,0.11877503464282235,1.9647174737180702,0.3506549889766593,0.7453565773423125,0.09854295634947675,0.17708793385541727,0.8142952115970203,-25.842210088983286
710,711.0,0.16868520546873467,6.1099707440004325,0.3506551288140996,0.7453562221953115,0.09854295634992671,0.17708793385582158,0.8142952115962466,-25.842210088951326
711,712.0,0.5752625359112983,4.352043649353457,0.3506548266154594,0.7453569774669452,0.09854295634922985,0.17708793385519542,0.814295211597449,-25.842210089000826
712,713.0,0.05272588017893909,4.044078617100369,0.3506552086434692,0.7453560170714797,0.0985429563502865,0.17708793385614485,0.8142952115956315,-25.842210088925764
713,714.0,0.7232346637556055,1.6261189479024678,0.35065475071293767,0.7453571551988909,0.09854295634920666,0.1770879338551746,0.8142952115974887,-25.842210089002474
714,715.0,0.011629069341429266,8.781340200110575,0.3506552825137548,0.7453558254928094,0.09854295635068959,0.17708793385650703,0.8142952115949453,-25.842210088897133
715,716.0,0.2808916768768255,4.344598074885376,0.3506549735901157,0.7453566153348774,0.09854295634944178,0.17708793385538585,0.8142952115970812,-25.842210088985773
716,717.0,0.3401457211041372,0.9941272496823095,0.35065475709190397,0.7453571436917112,0.09854295634920643,0.17708793385517438,0.8142952115974891,-25.842210089002492
717,718.0,0.22894071218057788,0.5949590547064282,0.3506547711337989,0.7453571233987907,0.09854295634920665,0.1770879338551746,0.8142952115974884,-25.842210089002474
718,719.0,0.3617824760805013,4.876275875908106,0.3506549451581702,0.7453566873050121,0.09854295634938164,0.1770879338553318,0.8142952115971849,-25.842210088990043
719,720.0,0.7796370067386049,8.482266900421283,0.3506548979923109,0.7453568040966932,0.09854295634930334,0.17708793385526145,0.8142952115973209,-25.842210088995603
720,721.0,0.13581333565228426,5.552042386842906,0.350655146004031,0.7453561786107943,0.09854295634999677,0.17708793385588453,0.8142952115961262,-25.842210088946352
721,722.0,0.006181243827043104,2.21911987073923,0.350655272726462,0.7453558505299526,0.09854295635063355,0.1770879338564567,0.814295211595041,-25.842210088901112
722,723.0,0.6393801146828718,6.537671622064813,0.3506548840964499,0.745356837298482,0.09854295634928548,0.1770879338552454,0.8142952115973523,-25.84221008899688
723,724.0,0.6883962009499591,8.20434810535172,0.3506549184684839,0.7453567532299814,0.09854295634933465,0.1770879338552896,0.8142952115972665,-25.842210088993383
724,725.0,0.8053658577217206,3.090719478697584,0.3506543713899786,0.7453568085535015,0.09854295635147022,0.17708793385720847,0.8142952115973252,-25.842210088841682
725,726.0,0.6550196034391693,7.595078487813985,0.35065491152743616,0.7453567698926442,0.0985429563493241,0.17708793385528013,0.814295211597285,-25.84221008899413
726,727.0,0.15157885604052024,3.3348275347124243,0.35065504667645647,0.7453564316940946,0.09854295634963477,0.17708793385555927,0.8142952115967479,-25.842210088972067
727,728.0,0.6751189532871433,4.445760456193067,0.3506548028174194,0.7453570328368032,0.09854295634921711,0.17708793385518398,0.8142952115974713,-25.842210089001732
728,729.0,0.27325318117402053,3.6099147540628116,0.35065494125263347,0.7453566979247088,0.09854295634937331,0.17708793385532434,0.8142952115971989,-25.842210088990637
729,730.0,0.07653742171406286,5.721163984889864,0.35065520640839254,0.745356023174913,0.09854295635027455,0.1770879338561341,0.8142952115956514,-25.842210088926617
730,731.0,0.013814683660583138,0.9278911743797471,0.3506547579671342,0.7453571409989168,0.09854295634920653,0.17708793385517446,0.814295211597489,-25.842210089002485
731,732.0,0.06828313689009446,4.705920411293708,0.35065520243575604,0.7453560347223471,0.09854295635025168,0.17708793385611354,0.8142952115956891,-25.84221008892824
732,733.0,0.6010022759340997,0.7182980380633674,0.3506547641363768,0.7453571294876257,0.09854295634920661,0.17708793385517455,0.8142952115974889,-25.842210089002478
733,734.0,0.5907532792792675,8.681474057472439,0.3506549635185827,0.7453566416646049,0.09854295634941852,0.17708793385536498,0.8142952115971208,-25.84221008898742
734,735.0,0.6784271883712021,2.7124315663183567,0.35065475606523644,0.7453571439581349,0.09854295634920647,0.17708793385517443,0.8142952115974891,-25.842210089002485
735,736.0,0.04185211875372208,1.6021007240546512,0.3506551391786208,0.7453561973960297,0.09854295634996539,0.17708793385585633,0.8142952115961788,-25.842210088948576
736,737.0,0.10584818850833744,4.773471598748404,0.3506551587303224,0.7453561467634132,0.09854295635004977,0.17708793385593216,0.8142952115960347,-25.842210088942583
737,738.0,0.08082415982619051,0.5315705722735451,0.3506547535547934,0.7453571505537203,0.09854295634920651,0.17708793385517446,0.814295211597489,-25.842210089002485
738,739.0,0.5709785146213541,8.680179469873224,0.35065497058291684,0.7453566239178919,0.09854295634943384,0.17708793385537872,0.8142952115970943,-25.842210088986334
739,740.0,0.13183444788088838,8.286355488820927,0.35065519280499835,0.745356058170826,0.09854295635020839,0.1770879338560747,0.8142952115957645,-25.842210088931317
740,741.0,0.7349469461742214,7.215564887785457,0.35065487492484365,0.7453568594940553,0.09854295634927453,0.17708793385523558,0.8142952115973714,-25.842210088997653
741,742.0,0.8247197104676267,3.1083276251349345,0.3506545019549581,0.7453569200636649,0.09854295635021024,0.17708793385607632,0.8142952115974162,-25.842210088931186
742,743.0,0.5005231924232019,3.0039896030273736,0.35065479106627323,0.7453570629582287,0.09854295634921213,0.17708793385517949,0.8142952115974798,-25.842210089002087
743,744.0,0.7969918759475281,5.044622344773074,0.35065479690954576,0.7453570478844374,0.09854295634921438,0.17708793385518154,0.8142952115974759,-25.842210089001927
744,745.0,0.9543617122501057,5.442353639364401,0.3506547830820332,0.7453570810996966,0.09854295634920995,0.17708793385517754,0.8142952115974835,-25.842210089002236
745,746.0,0.7107595447931726,6.245385879499676,0.3506548549998352,0.7453569099029058,0.0985429563492524,0.1770879338552157,0.8142952115974095,-25.842210088999224
746,747.0,0.6182509513504139,2.6495253208643774,0.3506547595297556,0.7453571355722062,0.09854295634920664,0.17708793385517457,0.814295211597489,-25.842210089002474
747,748.0,0.9404760197904531,7.108457168355881,0.3506548273366053,0.7453569772912784,0.09854295634922976,0.17708793385519533,0.8142952115974489,-25.842210089000833
748,749.0,0.4262731045909426,0.4162471756072637,0.3506547522040898,0.7453571509309609,0.09854295634920657,0.17708793385517452,0.8142952115974891,-25.842210089002478
749,750.0,0.0160767179644401,7.830432749131389,0.35065527888543413,0.7453558349349799,0.0985429563506682,0.17708793385648786,0.8142952115949816,-25.842210088898653
750,751.0,0.0753675073995752,0.6656141984068783,0.3506547609035469,0.7453571405609974,0.09854295634920637,0.17708793385517435,0.8142952115974891,-25.842210089002492
751,752.0,0.43684682292753374,5.648012706998839,0.3506549341723775,0.7453567127412715,0.09854295634936305,0.1770879338553151,0.8142952115972178,-25.842210088991365
752,753.0,0.26711368460678087,3.541948134478863,0.3506549411827328,0.7453566969631573,0.09854295634937434,0.17708793385532526,0.8142952115971975,-25.842210088990562
753,754.0,0.6556222323551543,7.1316451825992235,0.35065489825815693,0.7453568030727511,0.09854295634930399,0.17708793385526203,0.8142952115973199,-25.84221008899556
754,755.0,0.3190920137973361,9.212830843766472,0.3506550951678414,0.7453563092183376,0.09854295634979574,0.1770879338557039,0.8142952115964703,-25.84221008896063
755,756.0,0.9573856955412703,9.967976779557821,0.3506548875154956,0.7453568297188811,0.09854295634928927,0.1770879338552488,0.8142952115973454,-25.842210088996605
756,757.0,0.9360420414834143,3.9085262688645908,0.3506547581859733,0.745357138007546,0.0985429563492066,0.17708793385517452,0.8142952115974891,-25.842210089002478
757,758.0,0.6759501507223329,3.6521794478830207,0.35065477773589526,0.7453570939607682,0.09854295634920873,0.17708793385517646,0.8142952115974855,-25.842210089002325
758,759.0,0.06320597627481794,0.7442943791008093,0.35065475385959705,0.7453571500136817,0.0985429563492065,0.17708793385517443,0.814295211597489,-25.842210089002485
759,760.0,0.6048276185508789,6.586775295576791,0.3506548976304861,0.7453568044961834,0.09854295634930324,0.17708793385526136,0.8142952115973212,-25.842210088995614
760,761.0,0.37294919797803006,0.7198102336427469,0.35065475173634314,0.7453571568345397,0.09854295634920654,0.1770879338551745,0.8142952115974889,-25.842210089002478
761,762.0,0.3858195327589532,5.5808822073017,0.35065496037417565,0.7453566486558997,0.09854295634941287,0.1770879338553599,0.814295211597131,-25.842210088987827
762,763.0,0.9605984364411907,4.636889590322935,0.35065476708256615,0.7453571194971921,0.09854295634920712,0.17708793385517502,0.8142952115974881,-25.842210089002442
763,764.0,0.5703586807468011,2.217986046776673,0.3506542720813235,0.7453567204322673,0.0985429563527853,0.1770879338583901,0.8142952115972275,-25.842210088748264
764,765.0,0.784964121203896,4.489558498872787,0.35065478456154353,0.7453570774357238,0.09854295634921033,0.17708793385517788,0.8142952115974829,-25.84221008900221
765,766.0,0.28256682248680554,8.767283050826832,0.35065510541572054,0.7453562811978658,0.09854295634983717,0.17708793385574115,0.8142952115964007,-25.842210088957685
766,767.0,0.6989499696338964,1.3446622421975196,0.3506547542932707,0.745357148048001,0.09854295634920654,0.1770879338551745,0.8142952115974891,-25.842210089002478
767,768.0,0.32348306570463325,3.526906402199341,0.3506548975147845,0.7453568041397491,0.09854295634930355,0.17708793385526164,0.8142952115973209,-25.842210088995593
768,769.0,0.8583294441315269,1.3933249664271712,0.3506550195559098,0.7453574577388863,0.09854295635048958,0.17708793385632735,0.8142952115973437,-25.84221008891134
769,770.0,0.12187746655390974,5.38034034768145,0.35065515479824044,0.7453561560711286,0.0985429563500344,0.17708793385591837,0.8142952115960618,-25.842210088943677
770,771.0,0.05667801019762064,9.535759895636486,0.3506552535717146,0.7453559017358643,0.09854295635052067,0.17708793385635527,0.8142952115952313,-25.842210088909134
771,772.0,0.5683154003711548,3.410365031688343,0.3506547912001051,0.7453570621388149,0.09854295634921223,0.17708793385517957,0.8142952115974795,-25.842210089002077
772,773.0,0.49744104905621345,4.863357094095507,0.35065487536206935,0.7453568591530706,0.09854295634927458,0.1770879338552356,0.8142952115973711,-25.84221008899765
773,774.0,0.6735975654737609,9.179707036205999,0.3506549476950626,0.7453566797882304,0.09854295634938774,0.1770879338553373,0.8142952115971748,-25.84221008898961
774,775.0,0.5408817069714461,0.1696006163335327,0.35065475078076963,0.7453571552945013,0.09854295634920661,0.17708793385517455,0.8142952115974889,-25.842210089002478
775,776.0,0.20120741887767246,7.439239553400936,0.3506551310401449,0.7453562169128817,0.09854295634993485,0.17708793385582888,0.8142952115962323,-25.842210088950747
776,777.0,0.8805856754759264,8.26915290880524,0.35065486528414735,0.7453568829587397,0.09854295634926381,0.17708793385522595,0.81429521159739,-25.842210088998414
777,778.0,0.536689269691322,4.702381492045166,0.35065485206664926,0.7453569154872373,0.09854295634925042,0.17708793385521393,0.8142952115974132,-25.842210088999366
778,779.0,0.4504610857832917,5.925090404745621,0.35065493955289545,0.7453567013323691,0.09854295634937096,0.1770879338553222,0.8142952115972033,-25.842210088990804
779,780.0,0.15817219650930814,9.342696313832484,0.3506551862436928,0.745356074392454,0.09854295635017878,0.17708793385604807,0.8142952115958157,-25.84221008893342
780,781.0,0.10824625463701254,5.018861042279266,0.3506551626622403,0.7453561372819542,0.09854295635006567,0.17708793385594646,0.8142952115960069,-25.84221008894145
781,782.0,0.7888841966798472,6.321259654787589,0.3506548347551793,0.7453569562800588,0.09854295634923638,0.1770879338552013,0.814295211597438,-25.84221008900036
782,783.0,0.5436904098548689,9.640031999310336,0.35065500494265844,0.7453565385333096,0.09854295634951486,0.17708793385545152,0.8142952115969537,-25.842210088980583
783,784.0,0.3412660238762951,7.480505219106651,0.35065504569441064,0.7453564349371472,0.09854295634963062,0.17708793385555552,0.8142952115967544,-25.842210088972358
784,785.0,0.33884928186990837,7.232411069274658,0.35065504019994576,0.7453564484367323,0.09854295634961464,0.17708793385554117,0.8142952115967823,-25.842210088973495
785,786.0,0.0998393257198884,4.23744692832693,0.3506551503853283,0.7453561679026932,0.09854295635001423,0.17708793385590021,0.8142952115960959,-25.84221008894511
786,787.0,0.7892403067320968,0.9645762676474757,0.35065475082202074,0.745357158039594,0.09854295634920657,0.17708793385517452,0.8142952115974887,-25.842210089002478
787,788.0,0.561774808722073,7.213372027502725,0.3506549341021374,0.7453567148519485,0.09854295634936103,0.1770879338553133,0.8142952115972205,-25.842210088991507
788,789.0,0.9314260626044221,2.7775056796337836,0.35065475223653153,0.7453571530071275,0.09854295634920655,0.1770879338551745,0.8142952115974889,-25.842210089002478
789,790.0,0.12356832397831796,9.763182459615367,0.35065521159730473,0.7453560085347665,0.09854295635030366,0.17708793385616028,0.8142952115956031,-25.842210088924546
790,791.0,0.11111957037442532,1.9837285356710013,0.3506550038548431,0.7453565397157835,0.09854295634951413,0.17708793385545085,0.814295211596956,-25.842210088980632
791,792.0,0.8563882634998007,9.777343735458498,0.35065490820108774,0.7453567780653396,0.09854295634931891,0.17708793385527546,0.8142952115972941,-25.8422100889945
792,793.0,0.3414876575222344,0.020165666472404743,0.35065475278552094,0.745357154737949,0.09854295634920654,0.1770879338551745,0.8142952115974887,-25.842210089002478
793,794.0,0.7873486894562675,8.168231989039855,0.35065488781087223,0.7453568287278205,0.09854295634928983,0.17708793385524932,0.8142952115973445,-25.842210088996566
794,795.0,0.41798487262465966,3.9036737967585107,0.35065486465052254,0.7453568848728441,0.09854295634926298,0.1770879338552252,0.8142952115973914,-25.84221008899847
795,796.0,0.6856727128757778,7.564868963524257,0.3506549008860845,0.7453567962022547,0.09854295634930803,0.1770879338552657,0.814295211597313,-25.842210088995273
796,797.0,0.2713641399062666,8.941986968590145,0.35065511622959,0.7453562551583377,0.09854295634987534,0.17708793385577543,0.814295211596334,-25.842210088954975
797,798.0,0.7430291071829119,6.642152166031955,0.35065485701695226,0.7453569039546074,0.09854295634925486,0.1770879338552179,0.8142952115974055,-25.842210088999046
798,799.0,0.24160496519519026,5.460960248107122,0.35065505154052934,0.7453564191106203,0.09854295634965028,0.1770879338555732,0.8142952115967212,-25.84221008897096
799,800.0,0.5596700339679076,8.35895159155743,0.35065496650027944,0.7453566332787391,0.09854295634942592,0.17708793385537158,0.8142952115971085,-25.8422100889869
800,801.0,0.8276716910883292,4.596238265077017,0.35065478214090656,0.7453570838725652,0.09854295634920963,0.17708793385517727,0.814295211597484,-25.84221008900226
801,802.0,0.2809649371200946,4.2417572857526205,0.35065496848892785,0.7453566282329925,0.09854295634943035,0.17708793385537558,0.8142952115971008,-25.842210088986583
802,803.0,0.24964190209850223,0.6316364510325223,0.3506547524587213,0.7453571517940386,0.09854295634920654,0.1770879338551745,0.814295211597489,-25.842210089002478
803,804.0,0.5606045909948559,4.035728001856215,0.35065481940541626,0.7453569956615549,0.09854295634922498,0.17708793385519106,0.8142952115974573,-25.842210089001174
804,805.0,0.12180475545225233,4.76831570335378,0.3506551391049497,0.7453561962287306,0.09854295634996793,0.1770879338558586,0.8142952115961757,-25.842210088948395
805,806.0,0.9955857176720024,2.4350034342253744,0.350654751394339,0.7453571543952816,0.09854295634920655,0.1770879338551745,0.814295211597489,-25.842210089002478
806,807.0,0.8659104166425924,4.767245626757655,0.3506547789420274,0.7453570901179931,0.0985429563492091,0.1770879338551768,0.814295211597485,-25.8422100890023
807,808.0,0.13028280043671647,1.0742158686207808,0.35065474299283805,0.7453571718836562,0.09854295634920715,0.17708793385517502,0.8142952115974877,-25.842210089002435
808,809.0,0.9671434472240841,8.437196515349573,0.3506548516438145,0.7453569160467288,0.0985429563492503,0.1770879338552138,0.8142952115974136,-25.842210088999373
809,810.0,0.22379719348196592,2.221664455673012,0.3506548776108707,0.7453568537260267,0.09854295634927714,0.17708793385523794,0.8142952115973666,-25.84221008899747
810,811.0,0.11486944804367916,8.729566285063166,0.35065520804547096,0.7453560177950446,0.09854295635028562,0.17708793385614408,0.8142952115956339,-25.842210088925828
811,812.0,0.8260227831335364,8.169572898077979,0.35065487922047045,0.7453568509619418,0.0985429563492783,0.17708793385523897,0.8142952115973643,-25.842210088997383
812,813.0,0.3965844388372014,4.253453700905318,0.3506548945359707,0.7453568103857358,0.09854295634930019,0.17708793385525862,0.8142952115973271,-25.842210088995827
813,814.0,0.6392564168553201,3.481512107962563,0.3506547790648013,0.7453570901681527,0.09854295634920908,0.17708793385517677,0.814295211597485,-25.8422100890023
814,815.0,0.8512407727205178,6.646896302739292,0.35065483067384295,0.7453569667804805,0.098542956349233,0.17708793385519828,0.8142952115974437,-25.842210089000602
815,816.0,0.7506630333331445,0.8123185824840847,0.350654755881513,0.7453571452864489,0.09854295634920651,0.17708793385517446,0.814295211597489,-25.842210089002485
816,817.0,0.9929060483545633,4.962065725531963,0.3506547728741628,0.7453571069363869,0.09854295634920765,0.1770879338551755,0.8142952115974872,-25.842210089002407
817,818.0,0.5710869612268267,1.7463034534036102,0.35065475193042406,0.7453571530986092,0.0985429563492066,0.17708793385517452,0.8142952115974889,-25.842210089002478
818,819.0,0.711174055652069,0.8321318332103421,0.35065475122237255,0.7453571532382077,0.09854295634920666,0.1770879338551746,0.8142952115974889,-25.842210089002474
819,820.0,0.8062894234256001,7.60688806896411,0.3506548687581047,0.7453568762282864,0.09854295634926655,0.1770879338552284,0.8142952115973848,-25.842210088998222
820,821.0,0.9051829413320064,0.12996340458483216,0.35065474791679585,0.745357160801611,0.09854295634920676,0.17708793385517468,0.8142952115974885,-25.842210089002467
821,822.0,0.04383950243464241,4.304495087490041,0.3506552277090294,0.7453559694555216,0.09854295635037956,0.17708793385622848,0.8142952115954709,-25.842210088919156
822,823.0,0.14953312689820175,4.39669439363673,0.35065509717747817,0.7453563037212408,0.09854295634980373,0.1770879338557111,0.814295211596457,-25.84221008896006
823,824.0,0.25395905338471747,4.866798769958462,0.35065501955741846,0.745356500685536,0.09854295634955526,0.17708793385548782,0.8142952115968846,-25.84221008897771
824,825.0,0.7362297374222402,4.649853946889635,0.35065479750634326,0.745357047454035,0.0985429563492144,0.17708793385518154,0.8142952115974758,-25.842210089001927
825,826.0,0.01153851853315424,5.449996966282691,0.3506552790382978,0.7453558364330268,0.09854295635066342,0.17708793385648353,0.8142952115949874,-25.842210088898995
826,827.0,0.02585895807359284,9.447813323689523,0.35065527371729255,0.7453558495844593,0.09854295635063443,0.17708793385645746,0.8142952115950376,-25.84221008890105
827,828.0,0.8354641850173946,3.1522893208840594,0.3506544944543627,0.7453569128083065,0.09854295635027151,0.1770879338561314,0.8142952115974115,-25.842210088926834
828,829.0,0.0759019210949815,7.123169004162039,0.35065522313483327,0.7453559789006998,0.09854295635036209,0.17708793385621277,0.8142952115955033,-25.8422100889204
829,830.0,0.3566680765951691,3.466784597555402,0.3506548746753954,0.7453568615544041,0.0985429563492733,0.17708793385523447,0.8142952115973731,-25.842210088997742
830,831.0,0.4397013585816657,3.664761862934976,0.35065484306624695,0.7453569370412072,0.09854295634924254,0.17708793385520682,0.8142952115974271,-25.842210088999924
831,832.0,0.16421504030256162,7.319258380992487,0.35065515850748635,0.7453561476766428,0.09854295635004809,0.17708793385593063,0.8142952115960373,-25.8422100889427
832,833.0,0.2740952695250616,4.913426183573046,0.3506550058979101,0.745356534008693,0.09854295634952022,0.17708793385545632,0.8142952115969457,-25.842210088980195
833,834.0,0.23471734207593398,8.713094666927905,0.3506551326865661,0.7453562132597099,0.09854295634994027,0.17708793385583377,0.8142952115962225,-25.84221008895036
834,835.0,0.6860357573894146,2.0893505987654457,0.35065474979256794,0.745357156687493,0.09854295634920668,0.1770879338551746,0.8142952115974887,-25.842210089002474
835,836.0,0.8339599200090634,3.215822518262708,0.35065433755418984,0.7453567737275196,0.09854295635190774,0.1770879338576016,0.8142952115972892,-25.842210088810603
836,837.0,0.8215207487522965,5.515921118907231,0.3506548055422169,0.7453570274670203,0.09854295634921807,0.17708793385518484,0.8142952115974695,-25.842210089001664
837,838.0,0.12039493785732136,6.019448394908664,0.3506551705330878,0.7453561156810724,0.09854295635010407,0.17708793385598096,0.8142952115959425,-25.842210088938728
838,839.0,0.10039357248722203,3.882278673293808,0.35065513829896705,0.7453561980136211,0.09854295634996521,0.17708793385585617,0.8142952115961806,-25.84221008894859
839,840.0,0.5898179686202315,2.5681446421837633,0.3506547624668826,0.7453571293168453,0.09854295634920673,0.17708793385517466,0.8142952115974889,-25.842210089002467
840,841.0,0.48660569726168557,3.840282128904615,0.3506548333064797,0.7453569621981113,0.09854295634923418,0.17708793385519933,0.8142952115974413,-25.84221008900052
841,842.0,0.14546796676065243,2.31712409263626,0.3506549809899625,0.745356596326008,0.09854295634945916,0.17708793385540145,0.8142952115970513,-25.842210088984537
842,843.0,0.8953284171946053,5.49308295608239,0.35065479309814934,0.7453570577960188,0.09854295634921285,0.17708793385518015,0.8142952115974784,-25.84221008900203
843,844.0,0.8924398834751343,5.776671729918844,0.35065480246122416,0.7453570371541202,0.09854295634921607,0.17708793385518304,0.8142952115974726,-25.842210089001803
844,845.0,0.8502290742985738,1.9878553995318673,0.35065475119532785,0.7453571537859472,0.09854295634920662,0.17708793385517457,0.8142952115974889,-25.842210089002474
845,846.0,0.7740138681738876,3.4233848344656965,0.350654763713258,0.7453571277189742,0.09854295634920676,0.17708793385517468,0.8142952115974886,-25.842210089002467
846,847.0,0.2161595580140916,3.8467375202419443,0.3506550049919079,0.7453565372706044,0.09854295634951653,0.17708793385545302,0.8142952115969515,-25.842210088980465
847,848.0,0.026404892006664293,5.0430067191403944,0.35065525681293896,0.7453558924340853,0.09854295635054132,0.1770879338563738,0.8142952115951972,-25.842210088907667
848,849.0,0.656006937237749,7.99931787455617,0.3506549217083876,0.7453567440377216,0.09854295634934106,0.17708793385529534,0.8142952115972559,-25.842210088992925
849,850.0,0.7126328009552695,1.4533047367625243,0.350654752651674,0.7453571504127383,0.09854295634920661,0.17708793385517455,0.814295211597489,-25.842210089002478
850,851.0,0.510466596843803,5.1739544412267735,0.3506548830812418,0.7453568392478768,0.09854295634928462,0.17708793385524463,0.8142952115973539,-25.842210088996936
851,852.0,0.0034718187711052506,4.316768046165392,0.35065528808490726,0.7453558125128054,0.09854295635071811,0.17708793385653268,0.8142952115948949,-25.842210088895108
852,853.0,0.6462144501338537,2.369949342745049,0.35065468120298754,0.7453570872151223,0.0985429563492912,0.17708793385525054,0.8142952115974845,-25.842210088996467
853,854.0,0.9260214098304298,1.4643538438346726,0.3506549819808038,0.7453574182715608,0.09854295635016141,0.17708793385603247,0.8142952115973778,-25.842210088934657
854,855.0,0.6586216209724771,8.581889004419855,0.35065493697165295,0.7453567062945231,0.09854295634936769,0.1770879338553193,0.8142952115972095,-25.842210088991035
855,856.0,0.2198996250102998,5.437785362983777,0.3506550680480784,0.7453563780078065,0.09854295634970205,0.17708793385561972,0.8142952115966317,-25.842210088967285
856,857.0,0.2330910889667691,6.828358546459674,0.3506550967713952,0.7453563045566182,0.09854295634980263,0.1770879338557101,0.814295211596459,-25.84221008896014
857,858.0,0.5301678362014277,2.858719673394447,0.3506547790597263,0.7453570912991865,0.09854295634920894,0.17708793385517663,0.8142952115974851,-25.84221008900231
858,859.0,0.3138165512222397,3.902971172162843,0.3506549255504731,0.745356734432708,0.09854295634934758,0.17708793385530122,0.8142952115972446,-25.842210088992463
859,860.0,0.5659614206379084,5.0854646432457065,0.35065485774311655,0.7453569021279899,0.0985429563492556,0.17708793385521857,0.8142952115974041,-25.842210088998996
860,861.0,0.8311211295667834,1.7483097000770158,0.3506547518210736,0.7453571532188262,0.09854295634920655,0.1770879338551745,0.8142952115974889,-25.842210089002478
861,862.0,0.9572980852557107,7.063752087995253,0.3506548233805671,0.7453569861383381,0.0985429563492274,0.17708793385519322,0.8142952115974531,-25.842210089001
862,863.0,0.07010407528796603,6.725793947684625,0.3506552241020829,0.7453559760532187,0.09854295635036808,0.17708793385621818,0.8142952115954936,-25.84221008891997
863,864.0,0.8768849953811526,7.944497122934798,0.3506548590636092,0.745356897844224,0.09854295634925754,0.17708793385522031,0.814295211597401,-25.84221008899886
864,865.0,0.2795273076148186,5.2259220992698365,0.35065501514629244,0.7453565119511988,0.09854295634954303,0.17708793385547683,0.8142952115969055,-25.842210088978582
865,866.0,0.7418844880485843,7.422940523490493,0.3506548789905297,0.7453568502403692,0.09854295634927894,0.17708793385523955,0.8142952115973635,-25.842210088997337
866,867.0,0.5526324949686329,1.5681297088435104,0.35065475167139465,0.7453571541792002,0.09854295634920655,0.1770879338551745,0.8142952115974889,-25.842210089002478
867,868.0,0.21259381573646075,5.948318441261284,0.3506550901449206,0.7453563220423222,0.09854295634977762,0.17708793385568763,0.8142952115965015,-25.842210088961913
868,869.0,0.6834432909358935,7.716515258258233,0.3506549065985244,0.7453567819840924,0.09854295634931656,0.17708793385527333,0.8142952115972981,-25.842210088994666
869,870.0,0.5044796030048304,7.235976266611986,0.3506549579950659,0.745356655319538,0.09854295634940712,0.1770879338553547,0.8142952115971407,-25.842210088988235
870,871.0,0.09109046262619824,5.090227097173162,0.35065518334563844,0.7453560844427365,0.09854295635015896,0.17708793385603028,0.8142952115958471,-25.84221008893483
871,872.0,0.03192128144564499,8.063761322336836,0.35065526833214167,0.7453558648112617,0.09854295635059979,0.17708793385642638,0.814295211595095,-25.842210088903514
872,873.0,0.7567128094712855,2.8057030952037985,0.3506546111454906,0.7453570219050375,0.09854295634953004,0.17708793385546515,0.8142952115974676,-25.8422100889795
873,874.0,0.9491720832145726,9.828507611127174,0.3506548892281411,0.7453568259798458,0.09854295634929125,0.1770879338552506,0.8142952115973418,-25.842210088996467
874,875.0,0.20541177212514683,2.2696496950438325,0.350654899931009,0.7453567974971184,0.09854295634930749,0.1770879338552652,0.8142952115973143,-25.842210088995312
875,876.0,0.06418043708905707,7.960642752208597,0.3506552406075593,0.7453559350268087,0.09854295635045074,0.17708793385629243,0.8142952115953508,-25.8422100889141
876,877.0,0.15643001427157355,5.529548328699398,0.35065512498701745,0.7453562316835771,0.09854295634991199,0.17708793385580834,0.814295211596272,-25.84221008895237
877,878.0,0.6116001186953466,7.846177012581375,0.3506549347619879,0.7453567125106596,0.09854295634936291,0.17708793385531502,0.8142952115972175,-25.842210088991376
878,879.0,0.27779639345024876,1.5916111346569444,0.3506547839708095,0.7453570798077546,0.09854295634921004,0.17708793385517763,0.8142952115974833,-25.84221008900223
879,880.0,0.6964175675306375,7.100225356047773,0.35065488401032063,0.7453568363960259,0.09854295634928614,0.17708793385524602,0.8142952115973514,-25.84221008899683
880,881.0,0.6887774382897041,5.220628036686269,0.3506548276844759,0.7453569762828208,0.09854295634923005,0.1770879338551956,0.8142952115974484,-25.842210089000815
881,882.0,0.2963823609129189,0.944998065452882,0.3506547595662133,0.7453571340655475,0.09854295634920676,0.17708793385517468,0.8142952115974889,-25.842210089002467
882,883.0,0.26441903144825585,4.381736466215689,0.3506549883098017,0.7453565795379623,0.09854295634947449,0.17708793385541524,0.814295211597024,-25.84221008898345
883,884.0,0.5442745265081809,6.002217786191044,0.3506549021399002,0.7453567942555908,0.09854295634930894,0.1770879338552665,0.814295211597311,-25.842210088995206
884,885.0,0.41582907457234697,0.7962820550407925,0.3506547526154877,0.7453571482447156,0.09854295634920665,0.1770879338551746,0.8142952115974891,-25.842210089002474
885,886.0,0.7840417026383116,5.038372280249739,0.3506548012711678,0.7453570394983239,0.09854295634921569,0.1770879338551827,0.8142952115974734,-25.84221008900183
886,887.0,0.5723486577640003,6.360832616319139,0.3506549020080413,0.7453567932569982,0.09854295634930985,0.1770879338552673,0.8142952115973099,-25.842210088995145
887,888.0,0.24505716803249766,0.13816385606089462,0.35065475382949374,0.7453571497503599,0.09854295634920653,0.17708793385517446,0.814295211597489,-25.842210089002485
888,889.0,0.32209288199157027,5.75919384984156,0.35065500631179114,0.7453565331736368,0.09854295634952105,0.17708793385545707,0.8142952115969442,-25.842210088980142
889,890.0,0.18494989880292056,9.14497718279491,0.35065516811521935,0.7453561218292322,0.09854295635009329,0.17708793385597127,0.8142952115959612,-25.842210088939492
890,891.0,0.7458447651058264,7.683163331778448,0.3506548873118677,0.7453568307138934,0.09854295634928868,0.1770879338552483,0.8142952115973463,-25.842210088996648
891,892.0,0.6319716446895111,5.803902157674065,0.3506548629414176,0.7453568890556517,0.09854295634926119,0.1770879338552236,0.8142952115973945,-25.8422100889986
892,893.0,0.879013013687047,6.250326572995959,0.3506548158966621,0.7453570041759249,0.09854295634922296,0.17708793385518923,0.8142952115974609,-25.842210089001316
893,894.0,0.5289235341436843,2.655288299234968,0.3506547700509749,0.7453571108281718,0.09854295634920761,0.17708793385517543,0.8142952115974875,-25.842210089002407
894,895.0,0.31878579829931886,4.349781859923844,0.35065494796475194,0.7453566806651989,0.0985429563493867,0.17708793385533636,0.8142952115971759,-25.842210088989685
895,896.0,0.5265101094878943,0.09955328082497487,0.3506547529690939,0.7453571519896116,0.09854295634920654,0.1770879338551745,0.8142952115974889,-25.842210089002478
896,897.0,0.8478983281677467,3.550369287275267,0.3506547587096496,0.7453571376279757,0.09854295634920657,0.17708793385517452,0.8142952115974891,-25.842210089002478
897,898.0,0.7467470015982514,2.1781527473853326,0.3506547508709449,0.7453571547510536,0.09854295634920665,0.1770879338551746,0.8142952115974889,-25.842210089002474
898,899.0,0.7631403920917937,3.815043875795202,0.3506547707173007,0.7453571090587467,0.09854295634920769,0.17708793385517552,0.8142952115974873,-25.8422100890024
899,900.0,0.3948461367683387,4.174427118651441,0.3506548906413272,0.7453568213231917,0.09854295634929394,0.17708793385525304,0.8142952115973375,-25.842210088996275
900,901.0,0.12837398159817237,5.1663377657823,0.3506551443797115,0.74535618328899,0.09854295634998878,0.17708793385587734,0.8142952115961395,-25.842210088946917
901,902.0,0.07813927826373335,0.9372275125055267,0.35065475551386205,0.745357148569223,0.09854295634920646,0.1770879338551744,0.814295211597489,-25.842210089002485
902,903.0,0.36770362442626936,3.8248550927256444,0.3506548884484976,0.7453568261504389,0.09854295634929142,0.17708793385525076,0.8142952115973421,-25.842210088996456
903,904.0,0.66220500644799,8.594730609733299,0.3506549375093156,0.7453567063810602,0.0985429563493672,0.17708793385531885,0.8142952115972099,-25.84221008899107
904,905.0,0.20379015052945926,9.55597283549831,0.3506551629097252,0.7453561359094749,0.09854295635006846,0.17708793385594895,0.8142952115960029,-25.842210088941258
905,906.0,0.46426403084083356,5.290574589194725,0.35065490714300673,0.7453567791004627,0.09854295634931864,0.17708793385527521,0.8142952115972951,-25.84221008899452
906,907.0,0.20133883725563484,8.783108104774632,0.35065515426067145,0.7453561573188485,0.09854295635003242,0.17708793385591656,0.8142952115960653,-25.842210088943816
907,908.0,0.44305009764372616,3.2595877995322446,0.35065482079786997,0.7453569906301297,0.09854295634922643,0.17708793385519236,0.8142952115974551,-25.842210089001068
908,909.0,0.8887909518694044,2.0467263824013067,0.3506547535500006,0.745357150457625,0.09854295634920651,0.17708793385517446,0.814295211597489,-25.842210089002485
909,910.0,0.37475969575198687,7.44159492940435,0.3506550256060788,0.745356485059521,0.09854295634957264,0.17708793385550342,0.8142952115968548,-25.84221008897648
910,911.0,0.9758087555355242,5.8049133518952445,0.3506547887723694,0.7453570662616853,0.09854295634921179,0.17708793385517918,0.8142952115974805,-25.84221008900211
911,912.0,0.026650451395857422,5.513599569662289,0.35065525979632994,0.7453558843555644,0.09854295635055897,0.17708793385638968,0.8142952115951676,-25.842210088906413
912,913.0,0.6769631873506857,0.20867498084868585,0.35065475298573445,0.7453571492257342,0.09854295634920654,0.1770879338551745,0.8142952115974891,-25.842210089002478
913,914.0,0.24408026787209214,7.3340259412501885,0.35065510130631855,0.7453562930814722,0.09854295634981909,0.17708793385572488,0.8142952115964306,-25.84221008895897
914,915.0,0.9021079169845475,7.5896381807297555,0.35065484459432805,0.7453569333158113,0.09854295634924386,0.17708793385520802,0.8142952115974248,-25.84221008899983
915,916.0,0.6170044044107763,7.414931837561827,0.3506549186308874,0.7453567525390277,0.09854295634933516,0.17708793385529004,0.8142952115972657,-25.842210088993347
916,917.0,0.5212597702867575,8.444354375252656,0.3506549845737287,0.7453565879944358,0.09854295634946679,0.17708793385540833,0.8142952115970378,-25.842210088983997
917,918.0,0.5506213664328056,4.297742925947175,0.35065483130871394,0.7453569663293742,0.09854295634923305,0.1770879338551983,0.8142952115974433,-25.842210089000595
918,919.0,0.3721515004994004,8.600635340268202,0.3506550547839175,0.745356409672851,0.09854295634966245,0.17708793385558413,0.8142952115967012,-25.842210088970095
919,920.0,0.6568287379312113,1.4135053607252148,0.35065475353873804,0.7453571499948836,0.09854295634920654,0.1770879338551745,0.814295211597489,-25.842210089002478
920,921.0,0.1054819074014296,2.599271145587222,0.35065506696273635,0.7453563803701571,0.09854295634969916,0.17708793385561714,0.8142952115966369,-25.84221008896749
921,922.0,0.8710584085467564,8.546997951871084,0.35065487679963314,0.7453568558290342,0.09854295634927614,0.17708793385523702,0.8142952115973683,-25.842210088997536
922,923.0,0.4637349523355465,2.79668559792654,0.35065479013357426,0.7453570647250846,0.09854295634921191,0.17708793385517932,0.8142952115974801,-25.8422100890021
923,924.0,0.6580294552802886,8.13209106070974,0.3506549264931139,0.7453567342040291,0.09854295634934732,0.17708793385530097,0.8142952115972442,-25.84221008899248
924,925.0,0.20988591945890156,4.22268955379087,0.3506550308449192,0.7453564731499448,0.09854295634958557,0.17708793385551505,0.8142952115968317,-25.84221008897556
925,926.0,0.5813415971048652,3.4667149806997832,0.35065479218453377,0.7453570605887346,0.0985429563492124,0.17708793385517974,0.8142952115974792,-25.842210089002062
926,927.0,0.2508372738776854,2.3588978593823224,0.35065486866724166,0.7453568761275563,0.09854295634926659,0.17708793385522845,0.8142952115973848,-25.842210088998215
927,928.0,0.28241881989450757,2.3874417283913663,0.35065484728784124,0.7453569285945033,0.09854295634924533,0.17708793385520932,0.8142952115974218,-25.842210088999725
928,929.0,0.5149412860972354,3.5564283496213216,0.35065480927822296,0.7453570185742016,0.09854295634921989,0.17708793385518648,0.8142952115974664,-25.842210089001533
929,930.0,0.7206489706332703,5.527485979717561,0.3506548288563989,0.7453569717536688,0.09854295634923152,0.17708793385519692,0.8142952115974461,-25.84221008900071
930,931.0,0.5344592029906023,0.40907566294945213,0.35065475116932804,0.7453571540362584,0.0985429563492066,0.17708793385517452,0.8142952115974889,-25.842210089002478
931,932.0,0.294949540701396,2.404189888542959,0.35065483986748114,0.7453569463258333,0.09854295634923922,0.17708793385520383,0.8142952115974325,-25.84221008900016
932,933.0,0.050708166375268315,1.70258384415312,0.35065511759822304,0.745356251435822,0.09854295634988108,0.1770879338557806,0.8142952115963243,-25.842210088954563
933,934.0,0.09527947503040324,5.7128357710541815,0.3506551883548652,0.7453560697320942,0.09854295635018691,0.17708793385605537,0.8142952115958011,-25.84221008893284
934,935.0,0.7490617626564535,9.690505343905869,0.35065493574762285,0.7453567105961855,0.09854295634936423,0.17708793385531615,0.8142952115972151,-25.842210088991283
935,936.0,0.40925664116510896,5.569281572592709,0.3506549481593724,0.7453566810483084,0.09854295634938617,0.1770879338553359,0.8142952115971764,-25.842210088989724
936,937.0,0.12388065064901144,6.368147113250557,0.35065517378813726,0.745356108783028,0.09854295635011545,0.17708793385599117,0.8142952115959217,-25.842210088937918
937,938.0,0.31437009335695654,4.4193103484242195,0.35065495348206005,0.7453566656341477,0.09854295634939891,0.17708793385534732,0.8142952115971553,-25.842210088988814
938,939.0,0.3025581972293877,5.757001578109015,0.35065501897310297,0.7453565018023881,0.09854295634955411,0.1770879338554868,0.8142952115968868,-25.84221008897779
939,940.0,0.3168454041499109,1.1903617073820787,0.35065474988864587,0.7453571602758812,0.09854295634920668,0.1770879338551746,0.8142952115974885,-25.842210089002474
940,941.0,0.5428486369723611,5.372463708369717,0.350654876560043,0.745356855104717,0.09854295634927675,0.17708793385523758,0.8142952115973676,-25.842210088997494
941,942.0,0.68059754679995,5.896958154654788,0.35065485271300073,0.7453569158277569,0.09854295634925005,0.17708793385521357,0.8142952115974136,-25.84221008899939
942,943.0,0.12828378765430437,5.3329945105501,0.3506551466924341,0.745356176324065,0.09854295635000082,0.17708793385588817,0.8142952115961197,-25.842210088946057
943,944.0,0.7775212914085798,6.774314267146091,0.3506548528405084,0.7453569136824806,0.09854295634925109,0.1770879338552145,0.814295211597412,-25.842210088999316
944,945.0,0.5632135750319631,9.430453966637304,0.3506549903142154,0.7453565730809212,0.09854295634948115,0.17708793385542124,0.8142952115970132,-25.842210088982977
945,946.0,0.12063917784544276,8.394458170723341,0.35065520116920224,0.745356036653785,0.09854295635024883,0.17708793385611102,0.8142952115956954,-25.842210088928447
946,947.0,0.46158050923029537,4.561995933082324,0.3506548761562693,0.7453568566837842,0.09854295634927583,0.17708793385523675,0.8142952115973691,-25.84221008899756
947,948.0,0.6941515764358407,8.968642502360096,0.350654935538305,0.7453567104244869,0.09854295634936444,0.17708793385531635,0.8142952115972151,-25.842210088991266
948,949.0,0.13565630241123516,5.22037417512301,0.35065513880159827,0.7453561987183592,0.09854295634996307,0.17708793385585425,0.8142952115961825,-25.842210088948743
949,950.0,0.7006548872850957,6.475061250518053,0.35065486421443515,0.7453568855021673,0.09854295634926273,0.17708793385522498,0.8142952115973919,-25.84221008899849
950,951.0,0.9790343792316393,2.6631138961854863,0.3506547504857331,0.7453571556723437,0.09854295634920668,0.1770879338551746,0.8142952115974887,-25.842210089002474
951,952.0,0.8547973952438016,9.426335375472668,0.3506549004387899,0.7453567973526732,0.09854295634930738,0.17708793385526508,0.814295211597314,-25.842210088995316
952,953.0,0.04405284001013243,7.036779953708885,0.35065525134768943,0.7453559064719331,0.0985429563505113,0.17708793385634686,0.8142952115952484,-25.8422100889098
953,954.0,0.33086893138886286,4.959931457268092,0.3506549683189208,0.7453566298808642,0.09854295634942856,0.17708793385537397,0.8142952115971034,-25.84221008898671
954,955.0,0.5188590240680633,6.4805722323423085,0.350654928724389,0.7453567278670986,0.09854295634935188,0.17708793385530508,0.8142952115972366,-25.84221008899216
955,956.0,0.10565616759763374,1.5940567886417327,0.35065497001397655,0.7453566259596138,0.09854295634943186,0.17708793385537694,0.8142952115970974,-25.842210088986477
956,957.0,0.27500764498858943,2.318609529528767,0.35065484563818544,0.7453569304525519,0.09854295634924494,0.177087933855209,0.8142952115974229,-25.842210088999757
957,958.0,0.6344176524877175,6.466212604753234,0.3506548850734495,0.7453568364561499,0.09854295634928566,0.17708793385524557,0.8142952115973514,-25.842210088996858
958,959.0,0.8966938137516662,7.5876620103453805,0.35065484662215257,0.7453569297886816,0.09854295634924495,0.177087933855209,0.8142952115974225,-25.842210088999757
959,960.0,0.6679056750075286,4.437610237757197,0.35065480623975476,0.7453570262310786,0.09854295634921834,0.17708793385518506,0.814295211597469,-25.842210089001647
960,961.0,0.4519242564418754,9.761782138184397,0.35065504322618624,0.7453564409738191,0.09854295634962339,0.17708793385554905,0.814295211596767,-25.842210088972873
961,962.0,0.8964033413211929,7.845370890133702,0.3506548532853737,0.7453569125062299,0.0985429563492516,0.17708793385521499,0.8142952115974111,-25.842210088999277
962,963.0,0.4217141932192223,5.394984668671661,0.35065493275417475,0.7453567168371775,0.09854295634935999,0.17708793385531235,0.8142952115972228,-25.842210088991582
963,964.0,0.5437111493671407,3.035617276935421,0.3506547813690522,0.7453570855260541,0.0985429563492095,0.17708793385517713,0.8142952115974842,-25.842210089002275
964,965.0,0.3420751975704661,0.9187227745636217,0.35065475016460645,0.7453571525821004,0.09854295634920676,0.17708793385517468,0.8142952115974889,-25.842210089002467
965,966.0,0.20186593472965852,3.3955264717121594,0.35065499256426536,0.7453565683092379,0.09854295634948555,0.17708793385542518,0.8142952115970051,-25.842210088982664
966,967.0,0.8834282542775724,4.200938541086773,0.3506547671755855,0.7453571186081404,0.09854295634920707,0.17708793385517496,0.8142952115974883,-25.842210089002442
967,968.0,0.1475396743890155,2.615867411592496,0.35065500494074403,0.7453565380603729,0.09854295634951551,0.1770879338554521,0.814295211596953,-25.842210088980533
968,969.0,0.6375010134261508,4.2986945691838665,0.35065480663699033,0.7453570248698044,0.09854295634921863,0.17708793385518534,0.8142952115974685,-25.84221008900162
969,970.0,0.9418649565896166,2.652880217539026,0.35065475100486404,0.7453571559390797,0.09854295634920662,0.17708793385517457,0.8142952115974887,-25.842210089002474
970,971.0,0.8397039290533836,9.553119265901215,0.3506549070036278,0.7453567813596514,0.09854295634931688,0.17708793385527363,0.8142952115972975,-25.842210088994648
971,972.0,0.8585669942100804,9.920580698151126,0.3506549125568238,0.7453567684936835,0.09854295634932471,0.17708793385528065,0.8142952115972836,-25.842210088994086
972,973.0,0.664075156969414,4.7574725345110735,0.3506548154758915,0.745357003580613,0.09854295634922323,0.17708793385518948,0.8142952115974607,-25.8422100890013
973,974.0,0.7300417834435957,7.931239075864584,0.35065489862102445,0.7453568023571664,0.09854295634930439,0.17708793385526242,0.8142952115973191,-25.84221008899553
974,975.0,0.7151090930775666,9.817926119889794,0.35065494808099007,0.7453566794641208,0.09854295634938783,0.1770879338553374,0.8142952115971744,-25.842210088989603
975,976.0,0.6457100324499704,8.820732193892322,0.3506549479832093,0.7453566804252394,0.09854295634938692,0.17708793385533655,0.8142952115971756,-25.842210088989667
976,977.0,0.19929625492131176,6.37633584403409,0.3506551113523398,0.74535626715763,0.09854295634985748,0.17708793385575938,0.8142952115963651,-25.842210088956243
977,978.0,0.5043845950394049,7.684366609996649,0.35065497207381013,0.7453566194385688,0.09854295634943802,0.1770879338553825,0.8142952115970875,-25.842210088986043
978,979.0,0.05715331374652133,8.408306437482802,0.3506552466753125,0.7453559185990382,0.09854295635048561,0.17708793385632376,0.8142952115952922,-25.84221008891162
979,980.0,0.20428361186730848,2.249956101470676,0.350654901952289,0.7453567943520234,0.09854295634930894,0.1770879338552665,0.8142952115973111,-25.842210088995206
980,981.0,0.18564806053035643,6.840304087645414,0.3506551312490545,0.7453562168889006,0.09854295634993461,0.1770879338558287,0.8142952115962323,-25.842210088950765
981,982.0,0.9793778415508614,3.4529914114304217,0.3506549138065068,0.7453572994454642,0.09854295634959635,0.17708793385552474,0.8142952115974531,-25.842210088974795
982,983.0,0.6581627697554376,7.337428050936064,0.3506549029560493,0.7453567908818408,0.09854295634931125,0.17708793385526855,0.8142952115973074,-25.842210088995046
983,984.0,0.6653545541498458,9.574135459661239,0.35065495823003295,0.7453566540950848,0.09854295634940831,0.1770879338553558,0.8142952115971389,-25.84221008898815
984,985.0,0.47385653873409384,3.9442957757185146,0.35065484393066165,0.7453569358199266,0.09854295634924293,0.17708793385520716,0.8142952115974261,-25.8422100889999
985,986.0,0.6719192578235454,0.8848362366104763,0.3506547563530415,0.7453571427059831,0.0985429563492066,0.17708793385517452,0.8142952115974889,-25.842210089002478
986,987.0,0.8278351689202795,9.361750715133969,0.3506549061383367,0.7453567839899147,0.09854295634931515,0.17708793385527208,0.8142952115973003,-25.842210088994765
987,988.0,0.4787750905163418,9.164894737717395,0.35065501833074614,0.7453565034585822,0.09854295634955233,0.17708793385548519,0.8142952115968898,-25.84221008897792
988,989.0,0.9282535215176354,3.6991484158598733,0.3506547566220311,0.745357142597208,0.09854295634920655,0.1770879338551745,0.8142952115974891,-25.842210089002478
989,990.0,0.8837138916209689,8.046112133406089,0.35065485916475786,0.7453568976923707,0.09854295634925757,0.17708793385522031,0.8142952115974009,-25.842210088998854
990,991.0,0.1253001225106204,8.751369084391118,0.3506552033274174,0.7453560320449513,0.09854295635025692,0.1770879338561183,0.8142952115956805,-25.842210088927867
991,992.0,0.19250789956852676,2.5780128362011094,0.35065494420728416,0.7453566892707525,0.09854295634938016,0.1770879338553305,0.8142952115971875,-25.84221008899015
992,993.0,0.17289302764508285,1.5596300257529254,0.3506548605336211,0.7453568963070427,0.09854295634925782,0.17708793385522056,0.8142952115974,-25.842210088998836
993,994.0,0.3471424013459694,8.05944689227481,0.35065505597014796,0.7453564079480454,0.0985429563496641,0.17708793385558563,0.8142952115966975,-25.842210088969978
994,995.0,0.48963208272000336,8.896192969806414,0.3506550096030445,0.7453565265401699,0.09854295634952742,0.17708793385546281,0.8142952115969322,-25.842210088979687
995,996.0,0.5396741581327565,2.8982091171219824,0.35065477639399034,0.7453570974936392,0.09854295634920841,0.17708793385517616,0.814295211597486,-25.84221008900235
996,997.0,0.15169262787229387,9.337685621961505,0.35065519063534256,0.7453560633313354,0.09854295635019905,0.17708793385606628,0.8142952115957809,-25.842210088931978
997,998.0,0.056133103389836014,0.20230956328217709,0.35065475784979927,0.7453571420248489,0.09854295634920653,0.17708793385517446,0.814295211597489,-25.842210089002485
998,999.0,0.667908365077915,7.122015929198601,0.3506548929349573,0.7453568154046026,0.0985429563492972,0.17708793385525595,0.8142952115973319,-25.842210088996044
999,1000.0,0.15144152525943988,4.1478337915568435,0.3506550855504844,0.7453563321769372,0.09854295634976422,0.1770879338556756,0.8142952115965257,-25.84221008896287
