,iteration,init_slope,init_intercept,est_intercept,est_slope,ss_res,nrmse,r_squared,aic
0,1.0,0.23493525924131642,0.39090240476736343,0.6328057310540465,0.40001623547616816,0.04921095512757454,0.2000300014590046,0.7166336727528544,-30.702844148915595
1,2.0,0.7849077317346846,3.6996188228551463,0.6328057223483234,0.4000162348405271,0.049210955127575604,0.20003000145900676,0.7166336727528544,-30.70284414891544
2,3.0,0.8630999054629424,5.696173632844488,0.6328056963538198,0.40001622636217665,0.049210955127587566,0.20003000145903108,0.7166336727528543,-30.70284414891374
3,4.0,0.316097836316783,8.276756354507667,0.6328053302199842,0.4000160801610202,0.049210955129222515,0.2000300014623539,0.7166336727527487,-30.70284414868118
4,5.0,0.9330970759473729,3.1915402691554267,0.6328057269637908,0.40001624010576764,0.04921095512757468,0.20003000145900487,0.7166336727528543,-30.702844148915567
5,6.0,0.3311958609661293,9.123244416223832,0.6328053138982875,0.4000160759016888,0.04921095512935056,0.20003000146261413,0.7166336727527429,-30.70284414866296
6,7.0,0.8629046878014808,3.7921649208855137,0.632805724580558,0.400016236167024,0.049210955127575166,0.20003000145900587,0.7166336727528543,-30.702844148915503
7,8.0,0.9912233523622719,9.901473085404842,0.6328056214115888,0.4000161944178951,0.0492109551277017,0.20003000145926303,0.7166336727528474,-30.702844148897498
8,9.0,0.8808218560660384,6.5970493170969915,0.6328056774837916,0.4000162211771493,0.04921095512760389,0.20003000145906424,0.7166336727528537,-30.702844148911417
9,10.0,0.004573145558129377,0.2405956596526991,0.6328057272595462,0.400016241811099,0.049210955127574604,0.2000300014590047,0.7166336727528542,-30.70284414891558
10,11.0,0.8839504773226351,3.4705355495407155,0.632805726394175,0.4000162390600269,0.04921095512757474,0.200030001459005,0.7166336727528546,-30.70284414891556
11,12.0,0.8696204891319355,4.935760371228254,0.6328057104639251,0.4000162322115367,0.04921095512757928,0.20003000145901426,0.7166336727528542,-30.702844148914913
12,13.0,0.591883339212305,9.036568746582198,0.6328055007288429,0.40001614934380947,0.04921095512811866,0.20003000146011046,0.7166336727528226,-30.702844148838196
13,14.0,0.3194278713609544,4.740125246275399,0.63280551024786,0.4000161512226598,0.049210955128078576,0.20003000146002897,0.716633672752824,-30.702844148843894
14,15.0,0.11419719987625043,5.369439342769867,0.6328051717777594,0.40001601556424604,0.04921095513078434,0.2000300014655281,0.7166336727526412,-30.702844148459008
15,16.0,0.9160229866107221,7.597395236705275,0.632805661348417,0.40001621123573566,0.0492109551276264,0.20003000145911,0.7166336727528522,-30.702844148908213
16,17.0,0.35729757125855766,7.419663730473717,0.6328054027781274,0.4000161091472184,0.04921095512868127,0.20003000146125388,0.7166336727527847,-30.702844148758167
17,18.0,0.8193412083373166,9.697339692950418,0.6328055765047608,0.40001617875632417,0.049210955127821386,0.20003000145950628,0.7166336727528408,-30.70284414888048
18,19.0,0.9017980028685114,4.91375476287424,0.6328057129006923,0.4000162361810388,0.049210955127577755,0.20003000145901115,0.7166336727528544,-30.702844148915133
19,20.0,0.8499592097183836,6.729830371675707,0.6328056668203851,0.4000162197264232,0.049210955127615114,0.20003000145908706,0.7166336727528537,-30.70284414890982
20,21.0,0.6561172686446951,9.018477846982242,0.6328055325115565,0.4000161614619484,0.049210955127980266,0.2000300014598292,0.716633672752831,-30.702844148857878
21,22.0,0.07626591962257134,6.69706429134343,0.6328057278827502,0.4000162402913377,0.04921095512757463,0.2000300014590048,0.7166336727528542,-30.70284414891558
22,23.0,0.5716482242210242,7.228087552040044,0.6328055581489834,0.4000161712647206,0.04921095512788334,0.20003000145963218,0.7166336727528368,-30.70284414887167
23,24.0,0.5142438830371193,7.376421982560074,0.6328055196637512,0.4000161581461794,0.04921095512803077,0.2000300014599318,0.7166336727528287,-30.702844148850694
24,25.0,0.37613950587595524,8.201053699768442,0.6328053873992007,0.4000161026978999,0.0492109551287879,0.20003000146147057,0.7166336727527777,-30.702844148742997
25,26.0,0.5680209949701069,8.473716170376372,0.6328055078452979,0.4000161513940488,0.04921095512808724,0.2000300014600466,0.7166336727528242,-30.702844148842665
26,27.0,0.9906719447213715,1.6604858875521753,0.6328057274630504,0.4000162428487783,0.04921095512757459,0.20003000145900468,0.7166336727528542,-30.70284414891558
27,28.0,0.14766004193309445,3.5618422270501373,0.6328053554546673,0.4000160907219833,0.04921095512902045,0.20003000146194322,0.7166336727527629,-30.70284414870992
28,29.0,0.1592411919696548,9.578764331274128,0.6328057264641506,0.40001624164097865,0.049210955127574674,0.20003000145900487,0.7166336727528543,-30.702844148915574
29,30.0,0.18919213073606067,1.8055783815065223,0.6328056310100193,0.40001620141064886,0.04921095512767791,0.20003000145921468,0.7166336727528497,-30.702844148900887
30,31.0,0.4208449685386938,4.033161323785258,0.6328056309832553,0.4000161997107996,0.04921095512767946,0.20003000145921784,0.7166336727528493,-30.702844148900667
31,32.0,0.010598750174245275,8.729991029627234,0.6328057287918688,0.40001623790811724,0.049210955127574604,0.2000300014590047,0.7166336727528545,-30.70284414891558
32,33.0,0.639217860165644,4.632229985373866,0.632805682947584,0.4000162231583306,0.04921095512759827,0.20003000145905284,0.716633672752854,-30.70284414891222
33,34.0,0.20195923165202723,9.811655297998149,0.632805165754848,0.40001601007635984,0.049210955130869385,0.20003000146570096,0.7166336727526305,-30.702844148446914
34,35.0,0.05672188769806574,4.724142571047391,0.6328057287740015,0.40001623828575295,0.04921095512757458,0.20003000145900468,0.7166336727528545,-30.702844148915588
35,36.0,0.3758575272982536,2.997453805400132,0.6328056668892533,0.4000162169020999,0.04921095512761663,0.20003000145909014,0.7166336727528534,-30.702844148909605
36,37.0,0.07259856580718393,2.8660059408669363,0.6328052142382886,0.40001603282132314,0.04921095513031542,0.20003000146457509,0.7166336727526739,-30.702844148525713
37,38.0,0.5502878920046058,2.577142298743698,0.6328057212321703,0.4000162375946303,0.04921095512757557,0.20003000145900668,0.7166336727528545,-30.702844148915446
38,39.0,0.28428143993804345,1.1336067610359624,0.6328057289166238,0.40001623655633134,0.04921095512757464,0.2000300014590048,0.7166336727528545,-30.702844148915574
39,40.0,0.08885203125646113,0.3480398775138882,0.6328057233302077,0.400016248694607,0.04921095512757476,0.200030001459005,0.7166336727528535,-30.70284414891556
40,41.0,0.8141204351298783,6.505167970456383,0.6328056670570603,0.4000162163375492,0.04921095512761679,0.20003000145909047,0.7166336727528532,-30.702844148909577
41,42.0,0.26259048755241854,7.504845733734136,0.6328053024308453,0.4000160713829627,0.04921095512944933,0.20003000146281485,0.716633672752736,-30.702844148648907
42,43.0,0.8668441084015575,0.5678193856710476,0.6328057255079964,0.40001624540360814,0.04921095512757471,0.20003000145900493,0.7166336727528537,-30.702844148915567
43,44.0,0.17514085071477692,8.303666470135617,0.6328051693489866,0.40001601640252704,0.049210955130802994,0.20003000146556602,0.716633672752643,-30.702844148456364
44,45.0,0.8322588798607274,9.741702262209426,0.6328055797715297,0.4000161801870072,0.049210955127810964,0.20003000145948507,0.7166336727528415,-30.702844148881965
45,46.0,0.6877179822986421,1.6704367687461228,0.6328058740814816,0.4000162837458618,0.049210955127762634,0.20003000145938687,0.7166336727528435,-30.702844148888836
46,47.0,0.049115807363978026,7.856558746737155,0.6328057290371394,0.4000162370176257,0.04921095512757462,0.20003000145900476,0.7166336727528544,-30.70284414891558
47,48.0,0.8158455821118592,1.1132558021943288,0.6328057244938846,0.4000162446118589,0.049210955127574736,0.20003000145900499,0.7166336727528542,-30.70284414891556
48,49.0,0.8266536762107588,9.63822106567394,0.6328055806351766,0.40001618024893343,0.04921095512780861,0.20003000145948033,0.7166336727528418,-30.702844148882292
49,50.0,0.44457361557597364,4.619765805854872,0.6328056107774239,0.40001619397593174,0.04921095512772294,0.20003000145930622,0.7166336727528473,-30.702844148894478
50,51.0,0.6674997702032235,7.278843433894598,0.6328055981116569,0.40001618858687393,0.04921095512775612,0.20003000145937364,0.7166336727528454,-30.70284414888976
51,52.0,0.2203341218739142,2.7461420810387835,0.6328055598264567,0.4000161768844177,0.04921095512786979,0.20003000145960467,0.7166336727528402,-30.702844148873595
52,53.0,0.522822388256047,0.33561193842729165,0.6328057276289136,0.4000162451650872,0.04921095512757456,0.20003000145900465,0.716633672752854,-30.702844148915588
53,54.0,0.5631031844657473,5.715396046042239,0.6328056160927354,0.4000161963552764,0.04921095512770983,0.20003000145927954,0.7166336727528484,-30.702844148896347
54,55.0,6.703015915210386e-06,3.1021501964248697,0.6328057292522016,0.4000162369719289,0.049210955127574604,0.2000300014590047,0.7166336727528544,-30.70284414891558
55,56.0,0.778823876376697,6.005301866786746,0.6328056737126722,0.4000162175481819,0.049210955127609216,0.20003000145907507,0.7166336727528535,-30.702844148910657
56,57.0,0.7011978806963588,5.298242245849171,0.6328056766139492,0.40001622094888173,0.04921095512760478,0.20003000145906608,0.7166336727528537,-30.70284414891129
57,58.0,0.020832752207075034,9.851773485081988,0.6328057278736336,0.40001623953170157,0.04921095512757461,0.20003000145900476,0.7166336727528545,-30.70284414891558
58,59.0,0.9027500071225926,8.313832559267073,0.6328056396212469,0.40001620414395855,0.049210955127661535,0.20003000145918143,0.7166336727528506,-30.70284414890321
59,60.0,0.7111899179372174,4.962380079117584,0.632805687894131,0.4000162260558468,0.04921095512759331,0.20003000145904273,0.7166336727528542,-30.702844148912916
60,61.0,0.8531613888389804,2.9791249534206,0.6328057269831906,0.40001623976740164,0.049210955127574695,0.20003000145900493,0.7166336727528544,-30.702844148915567
61,62.0,0.7180422904988492,2.375372132000353,0.6328057280109883,0.40001623947032106,0.049210955127574646,0.20003000145900482,0.7166336727528542,-30.702844148915574
62,63.0,0.6425419802080974,2.736803722688718,0.6328057243130826,0.4000162390810338,0.04921095512757498,0.20003000145900549,0.7166336727528545,-30.70284414891553
63,64.0,0.21944220494635613,2.040251069408692,0.6328056369481648,0.40001620352640016,0.04921095512766628,0.20003000145919106,0.7166336727528504,-30.702844148902543
64,65.0,0.3971462193074873,8.274547820757842,0.6328053996760074,0.4000161122960727,0.049210955128689095,0.20003000146126979,0.7166336727527884,-30.702844148757052
65,66.0,0.058043379329434375,5.848016493693381,0.6328057286058687,0.40001623843879497,0.049210955127574584,0.20003000145900468,0.7166336727528545,-30.702844148915588
66,67.0,0.02811232652485729,9.496047383203873,0.6328057276985144,0.4000162392763907,0.049210955127574646,0.20003000145900482,0.7166336727528544,-30.702844148915574
67,68.0,0.7466203621906151,5.594631854849804,0.6328056770999518,0.4000162224286868,0.049210955127603664,0.2000300014590638,0.7166336727528537,-30.702844148911446
68,69.0,0.44567222082041014,0.13053852709711308,0.6328057307992845,0.40001623473761194,0.049210955127574584,0.20003000145900468,0.7166336727528544,-30.702844148915588
69,70.0,0.4075443786975408,5.438261814198562,0.6328055407294562,0.4000161674508367,0.049210955127942865,0.20003000145975317,0.7166336727528348,-30.7028441488632
70,71.0,0.050764780181145386,1.4837994478568277,0.6328057301235103,0.4000162353804423,0.04921095512757456,0.20003000145900465,0.7166336727528546,-30.702844148915588
71,72.0,0.8097910211346658,9.18023982689928,0.6328055884489135,0.40001618390289045,0.049210955127784464,0.20003000145943126,0.7166336727528433,-30.70284414888573
72,73.0,0.10688761490643839,9.27820738419614,0.6328057290782207,0.4000162371372054,0.04921095512757461,0.20003000145900476,0.7166336727528544,-30.70284414891558
73,74.0,0.56202881062233,5.739890340469496,0.6328056146695972,0.4000161954846853,0.04921095512771356,0.20003000145928712,0.7166336727528478,-30.702844148895814
74,75.0,0.5003218595613648,3.5418231326984775,0.6328056879497124,0.4000162200048743,0.04921095512759563,0.20003000145904745,0.7166336727528537,-30.70284414891259
75,76.0,0.152212909627501,1.9752844982684825,0.6328055493475749,0.400016170784617,0.04921095512791039,0.2000300014596872,0.7166336727528366,-30.70284414886782
76,77.0,0.415178552108843,4.820660660262418,0.6328055824839962,0.4000161802982341,0.04921095512780387,0.2000300014594707,0.7166336727528418,-30.702844148882974
77,78.0,0.5388767437320093,6.758915283241875,0.6328055604449706,0.400016172206649,0.049210955127875176,0.2000300014596156,0.7166336727528375,-30.702844148872828
78,79.0,0.6625199708321167,9.214783015476348,0.6328055290591172,0.4000161602764973,0.049210955127994054,0.20003000145985722,0.7166336727528303,-30.702844148855917
79,80.0,0.9950902128386497,9.306662213689194,0.6328056338751825,0.4000162066758475,0.049210955127668495,0.20003000145919556,0.7166336727528514,-30.702844148902223
80,81.0,0.8956893330669169,9.520596495481465,0.6328056033102682,0.400016194331487,0.04921095512773808,0.20003000145933697,0.7166336727528475,-30.702844148892325
81,82.0,0.6696509573802568,7.960597008178695,0.632805576008346,0.4000161767685421,0.04921095512782545,0.20003000145951455,0.71663367275284,-30.702844148879898
82,83.0,0.22999010796385366,5.817829385940713,0.6328053409292892,0.4000160839654304,0.04921095512913755,0.2000300014621812,0.7166336727527538,-30.70284414869326
83,84.0,0.26147380079788096,1.4567700848622336,0.6328057272310662,0.40001624207209796,0.04921095512757459,0.20003000145900468,0.7166336727528543,-30.70284414891558
84,85.0,0.7916577671325794,4.164037161588491,0.6328057156825114,0.4000162355335676,0.04921095512757704,0.20003000145900968,0.7166336727528544,-30.70284414891524
85,86.0,0.7646833270865346,0.04421944771904144,0.6328057246652068,0.40001624205775843,0.04921095512757484,0.2000300014590052,0.7166336727528542,-30.702844148915545
86,87.0,0.9398219854441351,2.9213493557190877,0.6328057285816427,0.40001623759863886,0.04921095512757463,0.2000300014590048,0.7166336727528544,-30.70284414891558
87,88.0,0.24838535743694778,2.373696776053596,0.6328056299653189,0.40001620243849983,0.04921095512767876,0.20003000145921643,0.71663367275285,-30.702844148900766
88,89.0,0.2350582662501337,1.241213818690955,0.632805731038294,0.40001623482564547,0.04921095512757454,0.2000300014590046,0.7166336727528545,-30.702844148915595
89,90.0,0.17636632551328824,5.34638852683523,0.6328052851919231,0.40001606528720174,0.0492109551295999,0.2000300014631209,0.7166336727527274,-30.70284414862749
90,91.0,0.07563523601173217,1.3209906672048108,0.6328057275889095,0.40001624087673304,0.04921095512757464,0.2000300014590048,0.7166336727528542,-30.702844148915574
91,92.0,0.8000922725885322,7.388158028623687,0.6328056378735322,0.4000162056266459,0.04921095512766305,0.20003000145918445,0.7166336727528508,-30.702844148903004
92,93.0,0.1236882333316921,5.388772808677138,0.6328051899014112,0.40001602264881975,0.049210955130581026,0.2000300014651149,0.716633672752655,-30.702844148487934
93,94.0,0.2019897011934344,8.75503272542019,0.632805192182498,0.4000160218209097,0.04921095513056434,0.200030001465081,0.7166336727526532,-30.702844148490307
94,95.0,0.9800540535248368,4.4347798479404945,0.6328057208896006,0.40001624098196253,0.04921095512757535,0.20003000145900623,0.7166336727528544,-30.702844148915474
95,96.0,0.0898704239667133,7.625647175437991,0.6328057262440372,0.4000162430497157,0.049210955127574674,0.20003000145900487,0.7166336727528541,-30.702844148915574
96,97.0,0.7887575737445176,8.829621863348734,0.6328055918592047,0.40001618524153,0.049210955127774604,0.20003000145941122,0.716633672752844,-30.70284414888713
97,98.0,0.003566444655603962,8.06650697365514,0.6328057278017373,0.4000162397313278,0.04921095512757459,0.20003000145900468,0.7166336727528545,-30.70284414891558
98,99.0,0.43508889454652355,6.954757545596638,0.632805486285743,0.40001614358348303,0.04921095512818881,0.20003000146025302,0.7166336727528182,-30.702844148828213
99,100.0,0.0585445505907668,7.192736789930314,0.6328057276291172,0.40001624011693954,0.04921095512757462,0.20003000145900476,0.7166336727528544,-30.70284414891558
100,101.0,0.6851794480273861,2.2191538253204506,0.6328057262468288,0.40001624163115757,0.04921095512757472,0.20003000145900499,0.7166336727528542,-30.70284414891556
101,102.0,0.5633280267057793,9.510452934853177,0.632805469050597,0.4000161357917063,0.049210955128280304,0.20003000146043895,0.7166336727528115,-30.702844148815196
102,103.0,0.21550882917242653,1.7630244594434157,0.6328056635801077,0.400016213291903,0.049210955127622504,0.20003000145910205,0.7166336727528525,-30.702844148908767
103,104.0,0.25567421420809966,5.100849544223149,0.6328054159073,0.40001611341418863,0.049210955128597564,0.20003000146108377,0.7166336727527896,-30.70284414877007
104,105.0,0.9095963552736352,0.3160899189269817,0.6328057565901892,0.40001618494161506,0.04921095512757636,0.2000300014590083,0.7166336727528438,-30.702844148915332
105,106.0,0.1695259743741706,8.29338391751879,0.6328051641301554,0.4000160095761448,0.049210955130887475,0.2000300014657377,0.7166336727526296,-30.702844148444342
106,107.0,0.8756573663729291,0.1270345796513026,0.6328057255873987,0.4000162427572135,0.04921095512757477,0.2000300014590051,0.7166336727528538,-30.702844148915553
107,108.0,0.49071019054430487,6.808772886729683,0.6328055307046018,0.40001615922748035,0.0492109551279904,0.20003000145984978,0.7166336727528294,-30.702844148856435
108,109.0,0.23422693001874284,9.59612605108262,0.6328052060395908,0.4000160279497474,0.04921095513041041,0.20003000146476818,0.7166336727526648,-30.702844148512206
109,110.0,0.6713649599906539,4.087082719887105,0.6328057051105633,0.4000162295024613,0.049210955127582,0.20003000145901975,0.7166336727528546,-30.70284414891453
110,111.0,0.9171126406040416,4.042329329267013,0.6328057229886813,0.4000162388845231,0.049210955127575194,0.2000300014590059,0.7166336727528544,-30.702844148915503
111,112.0,0.6773281523322993,2.7691374518910634,0.6328057257363169,0.40001623737041275,0.04921095512757492,0.20003000145900537,0.7166336727528544,-30.70284414891554
112,113.0,0.44801376284265193,4.250121994713999,0.63280563179938,0.40001620291115064,0.04921095512767522,0.20003000145920924,0.7166336727528502,-30.70284414890127
113,114.0,0.9991678008120408,3.547828312477044,0.6328057262569889,0.4000162417029738,0.04921095512757467,0.20003000145900485,0.7166336727528544,-30.702844148915574
114,115.0,0.3852686351624096,9.034814427516919,0.6328053637397207,0.40001609393552673,0.04921095512895786,0.20003000146181601,0.7166336727527668,-30.702844148718825
115,116.0,0.9476642476323739,6.735877001230324,0.6328056837919738,0.4000162271235536,0.04921095512759598,0.20003000145904815,0.7166336727528543,-30.70284414891254
116,117.0,0.2548133151589076,6.658431434067109,0.6328053300423048,0.4000160813928816,0.049210955129219275,0.2000300014623473,0.7166336727527504,-30.702844148681635
117,118.0,0.0006470652256084231,4.959606637250467,0.6328057276268922,0.4000162399665055,0.04921095512757461,0.20003000145900476,0.7166336727528545,-30.70284414891558
118,119.0,0.5585971517835635,0.2734652405927476,0.6328057299390624,0.40001623703164524,0.04921095512757458,0.20003000145900468,0.7166336727528544,-30.702844148915588
119,120.0,0.9126902477383665,9.953491051759633,0.6328055989875337,0.4000161874460402,0.049210955127755536,0.20003000145937244,0.7166336727528448,-30.702844148889845
120,121.0,0.16452933105551049,7.224285246374044,0.6328051883114589,0.4000160231270505,0.049210955130593224,0.20003000146513966,0.7166336727526558,-30.7028441484862
121,122.0,0.3275470174721714,8.758377141531398,0.6328053221198949,0.4000160805120674,0.04921095512927636,0.20003000146246333,0.7166336727527495,-30.70284414867352
122,123.0,0.6835896817307822,5.276319757310578,0.6328056741168067,0.4000162168404479,0.04921095512760921,0.20003000145907507,0.7166336727528533,-30.702844148910657
123,124.0,0.9535201195253193,1.7520662184996263,0.6328057282099768,0.4000162398840644,0.04921095512757456,0.20003000145900465,0.7166336727528544,-30.702844148915588
124,125.0,0.8460000873975158,3.1537155871696685,0.6328057264331465,0.4000162398785205,0.04921095512757473,0.20003000145900499,0.7166336727528544,-30.70284414891556
125,126.0,0.21994563503376596,8.46789402524068,0.6328052217935953,0.4000160344432423,0.049210955130242574,0.20003000146442704,0.7166336727526765,-30.70284414853608
126,127.0,0.845502825403789,3.4284058193378977,0.6328057255873583,0.4000162384060428,0.049210955127574875,0.2000300014590053,0.7166336727528544,-30.702844148915545
127,128.0,0.5929535099428866,6.4636595270988435,0.6328055979875724,0.4000161891104689,0.049210955127755744,0.20003000145937289,0.7166336727528457,-30.702844148889817
128,129.0,0.9689827591452083,4.003048578735027,0.6328057244640071,0.4000162396587413,0.04921095512757493,0.20003000145900537,0.7166336727528545,-30.70284414891554
129,130.0,0.16906630115194754,3.197648799893131,0.6328054328098413,0.4000161206450409,0.04921095512848997,0.2000300014608651,0.7166336727527971,-30.702844148785374
130,131.0,0.12531139670605695,1.496016869312608,0.6328057285755287,0.40001624033618866,0.049210955127574535,0.2000300014590046,0.7166336727528545,-30.702844148915595
131,132.0,0.5028273181190603,1.4587142388628367,0.6328057237803456,0.4000162477862488,0.049210955127574785,0.2000300014590051,0.7166336727528535,-30.702844148915553
132,133.0,0.8649972536963549,2.1208604756923006,0.6328058949714688,0.400016280939819,0.04921095512780962,0.20003000145948238,0.7166336727528446,-30.70284414888215
133,134.0,0.5813771412788103,5.09188931653763,0.6328056502450886,0.40001620800136956,0.04921095512764293,0.2000300014591436,0.7166336727528515,-30.70284414890586
134,135.0,0.32881392353384875,9.984359461759158,0.6328052857407304,0.4000160625979291,0.049210955129606555,0.20003000146313443,0.7166336727527234,-30.702844148626546
135,136.0,0.814843256362691,2.2198169386724538,0.632806266143823,0.40001632397364834,0.04921095512989764,0.20003000146372601,0.7166336727528182,-30.702844148585143
136,137.0,0.5784636513243038,5.393372150088756,0.6328056347648753,0.400016206218186,0.04921095512766746,0.20003000145919345,0.7166336727528513,-30.702844148902372
137,138.0,0.04018231503199987,0.41803283805125385,0.6328057337550823,0.4000162280559999,0.04921095512757462,0.20003000145900476,0.7166336727528543,-30.70284414891558
138,139.0,0.8816708504134402,7.897882741482665,0.6328056455797705,0.40001620659002124,0.049210955127650634,0.20003000145915928,0.7166336727528511,-30.702844148904767
139,140.0,0.2840941984594284,3.975202446192779,0.6328055265976595,0.40001616103909343,0.04921095512800112,0.20003000145987154,0.7166336727528307,-30.702844148854915
140,141.0,0.45568999021496914,2.048572082014212,0.6328057224902144,0.40001623886399773,0.049210955127575215,0.20003000145900598,0.7166336727528546,-30.702844148915496
141,142.0,0.7952852015378439,9.908091650947027,0.6328055611012269,0.4000161741182967,0.04921095512787041,0.2000300014596059,0.7166336727528383,-30.702844148873503
142,143.0,0.6387913809361125,4.89651296231976,0.632805674860326,0.4000162181279414,0.04921095512760784,0.2000300014590723,0.7166336727528533,-30.702844148910856
143,144.0,0.8082368258646689,4.478560229273609,0.6328057121368094,0.40001623411839715,0.049210955127578324,0.2000300014590123,0.7166336727528545,-30.702844148915048
144,145.0,0.44405869876336534,9.098511463232219,0.6328054063614782,0.40001611248439883,0.04921095512865172,0.20003000146119382,0.7166336727527884,-30.702844148762367
145,146.0,0.17984139926856624,6.006251920281858,0.6328052590881859,0.40001604988822625,0.049210955129865314,0.20003000146366032,0.716633672752703,-30.70284414858974
146,147.0,0.1002644357998217,7.726523532816009,0.632805727792115,0.4000162404190379,0.04921095512757461,0.20003000145900476,0.7166336727528543,-30.70284414891558
147,148.0,0.9187886832685127,4.633908570375027,0.6328057184705279,0.40001623686843285,0.04921095512757622,0.20003000145900804,0.7166336727528544,-30.702844148915347
148,149.0,0.8745009215583421,2.768320336492734,0.6328057283889349,0.4000162384008518,0.04921095512757462,0.20003000145900476,0.7166336727528544,-30.70284414891558
149,150.0,0.7590244306561638,7.600663800309963,0.6328056204239756,0.40001619580103065,0.049210955127702176,0.200030001459264,0.716633672752848,-30.702844148897434
150,151.0,0.08175696178626246,5.760648904794607,0.6328057262332918,0.4000162423608677,0.04921095512757468,0.20003000145900487,0.7166336727528542,-30.702844148915567
151,152.0,0.8866789065794214,9.208709706218357,0.6328056114448593,0.4000161927890753,0.04921095512772287,0.20003000145930608,0.7166336727528468,-30.702844148894492
152,153.0,0.07966756881591486,4.8040124407824365,0.6328057281843386,0.4000162387121221,0.04921095512757463,0.2000300014590048,0.7166336727528544,-30.70284414891558
153,154.0,0.8314234426270213,0.40150901580108517,0.6328057271774208,0.4000162407720828,0.04921095512757467,0.20003000145900485,0.7166336727528542,-30.702844148915574
154,155.0,0.5253656576822173,2.1388930972559748,0.6328057247219201,0.40001624039526595,0.04921095512757488,0.2000300014590053,0.7166336727528544,-30.702844148915545
155,156.0,0.04300337823571876,5.814751426057085,0.6328057275396601,0.40001624044616213,0.04921095512757468,0.20003000145900487,0.716633672752854,-30.702844148915567
156,157.0,0.8560890920425245,0.059447884190832495,0.6328057224704322,0.40001624861700635,0.04921095512757485,0.2000300014590052,0.7166336727528535,-30.702844148915545
157,158.0,0.12076058120351185,3.498017097394859,0.6328053000962448,0.4000160668002251,0.04921095512948391,0.20003000146288516,0.7166336727527298,-30.70284414864399
158,159.0,0.020240124674841264,6.737412305104354,0.6328057263821746,0.4000162421997397,0.04921095512757466,0.20003000145900485,0.7166336727528542,-30.702844148915574
159,160.0,0.7870392995462597,5.780822310392872,0.632805680821685,0.40001622150848654,0.04921095512760075,0.20003000145905786,0.716633672752854,-30.702844148911865
160,161.0,0.5717034662884797,6.465955506731301,0.6328055882433115,0.4000161852816089,0.04921095512778316,0.2000300014594286,0.716633672752844,-30.702844148885916
161,162.0,0.05346361143146072,3.1312889274097455,0.6328057286426184,0.4000162386394007,0.04921095512757457,0.20003000145900465,0.7166336727528545,-30.702844148915588
162,163.0,0.2679750577176174,4.267090962727733,0.6328054864968121,0.40001614508376615,0.04921095512818468,0.2000300014602446,0.7166336727528191,-30.702844148828802
163,164.0,0.6686820040304214,0.8947009322622499,0.6328057270297996,0.4000162423183869,0.04921095512757464,0.2000300014590048,0.7166336727528541,-30.702844148915574
164,165.0,0.7519198168356834,7.663628905587084,0.6328056162261274,0.40001619402605704,0.04921095512771199,0.20003000145928396,0.7166336727528475,-30.70284414889604
165,166.0,0.5021436722232043,6.176045214348701,0.632805563851147,0.4000161781525285,0.04921095512785648,0.2000300014595776,0.7166336727528408,-30.702844148875485
166,167.0,0.6277072191874904,2.8013810649873574,0.6328057241887534,0.4000162362441554,0.049210955127575166,0.20003000145900587,0.7166336727528546,-30.702844148915503
167,168.0,0.9679866606654443,4.031069459972778,0.6328057257125015,0.40001623774567235,0.049210955127574896,0.20003000145900532,0.7166336727528544,-30.702844148915545
168,169.0,0.33227681188247393,4.893479789309425,0.6328055095788534,0.4000161577883236,0.049210955128068036,0.20003000146000757,0.7166336727528287,-30.702844148845394
169,170.0,0.13013295271416025,8.338743818173313,0.632805727490633,0.4000162402630319,0.04921095512757465,0.20003000145900482,0.7166336727528542,-30.702844148915574
170,171.0,0.0553000236531932,5.043221688029857,0.6328057291025673,0.4000162377018961,0.04921095512757462,0.20003000145900476,0.7166336727528543,-30.70284414891558
171,172.0,0.730275036924792,3.8479718603874784,0.6328057153364721,0.40001623580057244,0.0492109551275771,0.20003000145900982,0.7166336727528545,-30.702844148915226
172,173.0,0.004821295288798488,6.665370647288806,0.6328057283241101,0.4000162387078305,0.04921095512757459,0.20003000145900468,0.7166336727528545,-30.70284414891558
173,174.0,0.09632543434440977,4.245111700441542,0.63280518869329,0.40001601841964485,0.04921095513061285,0.20003000146517957,0.7166336727526468,-30.702844148483408
174,175.0,0.2280241700284239,5.584428848746055,0.6328053500171584,0.4000160893706139,0.0492109551290597,0.200030001462023,0.7166336727527611,-30.702844148704337
175,176.0,0.8688916886496901,8.539393032272752,0.6328056250786208,0.4000161967353099,0.04921095512769261,0.20003000145924454,0.7166336727528486,-30.70284414889879
176,177.0,0.6243241888624617,7.0196056796335755,0.6328055896012127,0.4000161871013193,0.04921095512777762,0.20003000145941735,0.7166336727528446,-30.702844148886697
177,178.0,0.9579068784259989,1.6970548614160528,0.6328057265808439,0.40001624196518276,0.04921095512757468,0.20003000145900487,0.7166336727528542,-30.702844148915567
178,179.0,0.6076363746998428,7.177595617519665,0.6328055773755188,0.40001617821380286,0.04921095512781986,0.2000300014595032,0.7166336727528406,-30.702844148880693
179,180.0,0.7901252194066952,6.0787635032204,0.6328056738674175,0.4000162178850676,0.04921095512760888,0.20003000145907437,0.7166336727528535,-30.702844148910707
180,181.0,0.26707433806800174,7.873282405810506,0.6328052956753573,0.4000160630107985,0.0492109551295311,0.20003000146298106,0.716633672752724,-30.702844148637276
181,182.0,0.3209520189719045,5.944844546355003,0.632805439834015,0.4000161230654338,0.04921095512844855,0.2000300014607809,0.7166336727527997,-30.702844148791264
182,183.0,0.7518249655194663,4.863910516074275,0.6328056971469467,0.4000162297764933,0.049210955127586074,0.20003000145902802,0.7166336727528544,-30.702844148913954
183,184.0,0.10049734664945409,1.9317939119426233,0.6328054258328454,0.4000161214287991,0.049210955128523276,0.20003000146093278,0.716633672752798,-30.702844148780642
184,185.0,0.9701330248608149,8.741319588202824,0.6328056435813635,0.40001620698566254,0.04921095512765322,0.2000300014591645,0.7166336727528513,-30.702844148904397
185,186.0,0.6681795124676252,2.6300301155563335,0.6328057254248122,0.4000162401784032,0.04921095512757485,0.2000300014590052,0.7166336727528542,-30.702844148915545
186,187.0,0.5550043995332221,3.9280075551858062,0.6328056870885016,0.4000162226255298,0.04921095512759527,0.20003000145904673,0.7166336727528538,-30.70284414891264
187,188.0,0.08017728016162085,2.226752054235097,0.6328053117782757,0.40001607372218595,0.04921095512937366,0.20003000146266106,0.7166336727527399,-30.70284414865968
188,189.0,0.3329060259616947,7.954496043514815,0.6328053578474606,0.40001609290554974,0.049210955128997945,0.2000300014618975,0.716633672752766,-30.702844148713112
189,190.0,0.008863162560147742,9.195563409130447,0.6328057296735635,0.4000162356041022,0.04921095512757464,0.2000300014590048,0.7166336727528544,-30.702844148915574
190,191.0,0.6950061603832252,6.380024556622435,0.6328056394607491,0.40001620540793514,0.04921095512766075,0.2000300014591798,0.7166336727528508,-30.702844148903324
191,192.0,0.7985276338664146,2.0840530174627547,0.6328060777137378,0.40001630178545255,0.04921095512856654,0.2000300014610207,0.7166336727528339,-30.70284414877449
192,193.0,0.7727424130609366,5.889279506784212,0.6328056759705134,0.40001621721096686,0.049210955127607224,0.20003000145907104,0.7166336727528533,-30.70284414891094
193,194.0,0.4474759964323225,6.6737369478370505,0.632805507301456,0.40001615206949726,0.04921095512808791,0.20003000146004796,0.7166336727528249,-30.702844148842566
194,195.0,0.9647986863825849,8.128267629448716,0.6328056565261314,0.4000162135024899,0.04921095512763087,0.2000300014591191,0.7166336727528525,-30.70284414890758
195,196.0,0.2366840257826136,5.420983999569221,0.6328053706573955,0.40001609831554363,0.04921095512890112,0.20003000146170072,0.7166336727527722,-30.702844148726896
196,197.0,0.6412276462627925,1.1943727968677154,0.632805730642997,0.40001623148928944,0.0492109551275747,0.20003000145900493,0.7166336727528545,-30.702844148915567
197,198.0,0.9382463309808889,7.2346462383211945,0.6328056739127947,0.40001621765544715,0.049210955127608993,0.20003000145907462,0.7166336727528533,-30.702844148910685
198,199.0,0.8572083686607743,1.4824482963233911,0.6328057266041734,0.4000162452458706,0.049210955127574584,0.20003000145900468,0.7166336727528542,-30.702844148915588
199,200.0,0.6275295944569093,0.6217999763219503,0.6328057289250428,0.40001623648468765,0.04921095512757464,0.2000300014590048,0.7166336727528545,-30.702844148915574
200,201.0,0.21339281223454398,6.0671393906856,0.632805304387174,0.4000160721560968,0.04921095512943223,0.20003000146278013,0.7166336727527376,-30.702844148651337
201,202.0,0.9366476784009923,5.2285879817383245,0.6328057121289625,0.4000162337284643,0.049210955127578386,0.2000300014590124,0.7166336727528545,-30.702844148915048
202,203.0,0.8724117871429536,7.811667335895425,0.632805644828112,0.40001620802219384,0.04921095512765057,0.2000300014591591,0.7166336727528517,-30.702844148904774
203,204.0,0.7491725092318609,5.8195509279989945,0.6328056731754934,0.4000162152706321,0.04921095512761097,0.20003000145907865,0.716633672752853,-30.70284414891041
204,205.0,0.6735522282807491,7.253374484570686,0.6328056013483285,0.40001619083830575,0.04921095512774633,0.20003000145935373,0.7166336727528462,-30.702844148891153
205,206.0,0.6230554730582695,0.8087629776351283,0.6328057271388062,0.40001624187907375,0.0492109551275746,0.2000300014590047,0.7166336727528544,-30.70284414891558
206,207.0,0.31562935061950026,5.972160265236809,0.6328054326845645,0.40001612011448306,0.049210955128492044,0.2000300014608693,0.7166336727527965,-30.702844148785083
207,208.0,0.6134612755275292,4.274301126459286,0.6328056893446475,0.40001622308709117,0.04921095512759339,0.2000300014590429,0.716633672752854,-30.70284414891291
208,209.0,0.197688147898609,5.422776000709892,0.6328053156020296,0.40001607389380867,0.04921095512934615,0.2000300014626052,0.71663367275274,-30.702844148663587
209,210.0,0.9999427365557662,4.29091817038755,0.6328057240438326,0.40001623779307177,0.04921095512757511,0.20003000145900574,0.7166336727528544,-30.70284414891551
210,211.0,0.8921799659223989,5.792474246893202,0.6328056983171384,0.40001622681448246,0.04921095512758629,0.2000300014590285,0.7166336727528542,-30.70284414891392
211,212.0,0.1586129437775281,1.1937652683421331,0.6328057272745826,0.400016241033628,0.049210955127574646,0.20003000145900482,0.7166336727528542,-30.702844148915574
212,213.0,0.8676093563877709,5.671448408198042,0.6328056961385701,0.40001622898660594,0.04921095512758689,0.20003000145902972,0.7166336727528544,-30.702844148913833
213,214.0,0.5974792280918483,8.54779862093743,0.632805521201022,0.40001615681774183,0.0492109551280278,0.20003000145992578,0.716633672752828,-30.702844148851113
214,215.0,0.8554328208405234,2.8289131456203314,0.6328057259402746,0.4000162431257975,0.04921095512757468,0.20003000145900487,0.7166336727528542,-30.702844148915567
215,216.0,0.04202295570547565,5.774004707125465,0.6328057278973857,0.4000162398436775,0.0492109551275746,0.2000300014590047,0.7166336727528544,-30.70284414891558
216,217.0,0.20526166422423997,5.688565385874954,0.6328053112823657,0.4000160753005117,0.04921095512937125,0.20003000146265618,0.7166336727527418,-30.70284414866002
217,218.0,0.8696948727626223,7.050495315792103,0.6328056651823508,0.40001621399802423,0.04921095512762023,0.20003000145909747,0.7166336727528527,-30.702844148909087
218,219.0,0.8249772077322004,0.49665167386681114,0.6328057259352728,0.4000162430284478,0.04921095512757466,0.20003000145900485,0.7166336727528543,-30.702844148915574
219,220.0,0.1726418788752322,0.3951266047839197,0.6328057300933511,0.40001623634820915,0.049210955127574584,0.20003000145900468,0.7166336727528544,-30.702844148915588
220,221.0,0.6786530691144642,0.4024496404239089,0.6328057325729376,0.4000162306970282,0.049210955127574584,0.20003000145900468,0.7166336727528545,-30.702844148915588
221,222.0,0.19760980107113246,6.322260619939639,0.6328052721623069,0.4000160531978542,0.04921095512974859,0.2000300014634231,0.7166336727527085,-30.70284414860634
222,223.0,0.5136550630252021,2.2374566792458577,0.6328057226570536,0.4000162410745824,0.049210955127575104,0.20003000145900574,0.7166336727528542,-30.70284414891551
223,224.0,0.2934527538384981,3.855171928854803,0.6328055461038289,0.4000161669810709,0.04921095512792669,0.20003000145972027,0.7166336727528344,-30.702844148865502
224,225.0,0.07729010632947109,0.7278843519949184,0.6328057266908428,0.400016244225172,0.049210955127574646,0.20003000145900482,0.7166336727528538,-30.702844148915574
225,226.0,0.19334396097603712,7.701425089171484,0.6328052120217763,0.4000160317162679,0.04921095513033994,0.20003000146462493,0.7166336727526719,-30.702844148522225
226,227.0,0.9125209319640292,2.002343266192069,0.6328057634969099,0.40001624406216024,0.049210955127582,0.20003000145901975,0.716633672752854,-30.70284414891453
227,228.0,0.5533585508860778,9.628144007051214,0.6328054578369811,0.40001613493501714,0.049210955128332845,0.20003000146054578,0.7166336727528108,-30.70284414880772
228,229.0,0.9216243220887431,2.4933161801317616,0.632806228631864,0.400016324376382,0.049210955129606965,0.20003000146313524,0.7166336727528178,-30.70284414862649
229,230.0,0.7107583057358693,9.99320346740705,0.6328055267120056,0.4000161578762935,0.04921095512800652,0.20003000145988256,0.7166336727528286,-30.70284414885414
230,231.0,0.4988745662891436,8.977462478470656,0.6328054474650057,0.40001612956795785,0.049210955128394726,0.2000300014606715,0.716633672752806,-30.702844148798924
231,232.0,0.08756302912748148,3.0537113133271347,0.6328052475726715,0.4000160457149356,0.04921095512997609,0.20003000146388544,0.7166336727526963,-30.70284414857398
232,233.0,0.6166978250837635,7.875082335371615,0.6328055549151366,0.4000161705785794,0.04921095512789394,0.20003000145965374,0.7166336727528366,-30.702844148870156
233,234.0,0.6490061767996393,1.5836125286801856,0.6328058839220289,0.4000162839126386,0.049210955127786025,0.20003000145943442,0.7166336727528433,-30.702844148885504
234,235.0,0.8906762326462305,5.622910596751313,0.6328057015538707,0.400016227742949,0.049210955127584194,0.20003000145902422,0.7166336727528545,-30.702844148914217
235,236.0,0.6422859338928785,2.985584176354452,0.6328057214197819,0.4000162371903599,0.049210955127575534,0.2000300014590066,0.7166336727528546,-30.702844148915446
236,237.0,0.0967591699153143,1.7561895929140656,0.6328054460248732,0.4000161264643183,0.04921095512840957,0.20003000146070168,0.7166336727528031,-30.702844148796814
237,238.0,0.5327602355127451,9.364773293970046,0.6328054550769782,0.40001613245475187,0.049210955128351705,0.20003000146058408,0.7166336727528084,-30.702844148805042
238,239.0,0.7274019796965862,9.289111138352576,0.632805553997628,0.40001617221709285,0.049210955127894085,0.20003000145965405,0.7166336727528375,-30.702844148870142
239,240.0,0.5675133242768502,2.882927026444558,0.6328057177083074,0.400016235936458,0.04921095512757645,0.20003000145900846,0.7166336727528546,-30.702844148915318
240,241.0,0.7654448509225241,1.1035272632775406,0.632805729791061,0.4000162387653924,0.04921095512757457,0.20003000145900465,0.7166336727528542,-30.702844148915588
241,242.0,0.9644894843285935,9.601396720700448,0.6328056204919928,0.4000161989240843,0.049210955127698935,0.2000300014592574,0.716633672752849,-30.702844148897896
242,243.0,0.7567545491106022,1.480824367445384,0.6328057317236273,0.4000162388093038,0.04921095512757445,0.20003000145900443,0.7166336727528544,-30.702844148915602
243,244.0,0.984734280591132,8.115725243426974,0.6328056617222831,0.40001621279276517,0.04921095512762499,0.20003000145910713,0.7166336727528524,-30.70284414890841
244,245.0,0.22468977410515512,5.204020696416549,0.6328053682126288,0.4000160953223344,0.049210955128925704,0.20003000146175068,0.7166336727527689,-30.702844148723393
245,246.0,0.1409813384219497,7.349567710941416,0.6328051478687466,0.40001600820517946,0.04921095513105221,0.20003000146607253,0.7166336727526268,-30.70284414842091
246,247.0,0.2987339109259266,1.0170346911761114,0.6328057282105112,0.4000162384236191,0.04921095512757462,0.20003000145900476,0.7166336727528546,-30.70284414891558
247,248.0,0.5352330804597585,1.1223801459797589,0.6328057278096767,0.40001623646248996,0.04921095512757476,0.200030001459005,0.7166336727528544,-30.70284414891556
248,249.0,0.22607072811807738,7.489143655520218,0.6328052608427525,0.40001605320930317,0.04921095512983726,0.2000300014636033,0.7166336727527084,-30.702844148593734
249,250.0,0.16104724548105798,0.06569772172648823,0.632805725909411,0.40001624190657775,0.04921095512757468,0.20003000145900487,0.7166336727528544,-30.702844148915567
250,251.0,0.002512269294387748,5.395762416447165,0.6328057294431259,0.40001623656000196,0.04921095512757462,0.20003000145900476,0.7166336727528544,-30.70284414891558
251,252.0,0.13190275930201023,7.215348982888447,0.6328051385971829,0.40001600154616346,0.04921095513117938,0.20003000146633096,0.7166336727526129,-30.702844148402818
252,253.0,0.3395146513250916,3.047958556186349,0.63280564531326,0.40001620532019794,0.049210955127651966,0.20003000145916194,0.716633672752851,-30.702844148904575
253,254.0,0.16087214786683368,8.778335804461097,0.6328051396960909,0.40001600181264924,0.049210955131166946,0.2000300014663057,0.7166336727526137,-30.702844148404594
254,255.0,0.8418780054528715,7.7463460158961714,0.6328056371471326,0.4000162081875801,0.049210955127662034,0.2000300014591824,0.7166336727528517,-30.702844148903147
255,256.0,0.5083311770391404,1.2147758267287876,0.6328057290372833,0.4000162390072403,0.04921095512757456,0.20003000145900465,0.7166336727528544,-30.702844148915588
256,257.0,0.9835683079381521,1.7093944273640571,0.6328057317696432,0.40001623170330997,0.04921095512757461,0.20003000145900476,0.7166336727528544,-30.70284414891558
257,258.0,0.06811930303154501,1.3403558421532493,0.6328057275930128,0.40001623969712236,0.04921095512757464,0.2000300014590048,0.7166336727528544,-30.702844148915574
258,259.0,0.0506042710021134,7.656020252784281,0.6328057274427442,0.4000162407744378,0.049210955127574625,0.2000300014590048,0.7166336727528543,-30.70284414891558
259,260.0,0.4953727382433516,1.5591454579358919,0.6328057289455992,0.40001623679519605,0.04921095512757462,0.20003000145900476,0.7166336727528545,-30.70284414891558
260,261.0,0.6676893030540783,1.5239101904233507,0.6328057895051757,0.400016255333877,0.04921095512760377,0.20003000145906402,0.7166336727528524,-30.70284414891143
261,262.0,0.7617978930719985,0.7149863430702919,0.6328057258184745,0.40001624277328807,0.049210955127574715,0.20003000145900496,0.716633672752854,-30.702844148915567
262,263.0,0.11719679122994686,6.646922370405903,0.6328057274947821,0.40001624114709716,0.04921095512757464,0.2000300014590048,0.7166336727528542,-30.702844148915574
263,264.0,0.4230901408946902,1.3419041734838042,0.632805729130951,0.40001623674985765,0.04921095512757464,0.2000300014590048,0.7166336727528544,-30.702844148915574
264,265.0,0.897509510633869,5.98799329337131,0.6328056938460783,0.4000162277385946,0.04921095512758866,0.2000300014590333,0.7166336727528544,-30.702844148913577
265,266.0,0.7428307461332692,3.74211221517212,0.6328057190669089,0.4000162349493299,0.04921095512757625,0.20003000145900807,0.7166336727528546,-30.702844148915347
266,267.0,0.2454456593630756,2.369628815887041,0.6328056290409145,0.4000161999205725,0.04921095512768259,0.2000300014592242,0.7166336727528495,-30.702844148900226
267,268.0,0.5796236193791126,4.645092389219484,0.6328056660443699,0.4000162165146529,0.049210955127617834,0.20003000145909258,0.716633672752853,-30.702844148909435
268,269.0,0.2139383817615862,0.17117381562721654,0.632805728455334,0.40001623886712256,0.04921095512757457,0.20003000145900465,0.7166336727528546,-30.702844148915588
269,270.0,0.39650601523170015,9.268871834506363,0.6328053657362481,0.40001609247708336,0.04921095512895031,0.20003000146180067,0.7166336727527651,-30.70284414871989
270,271.0,0.7714911695978653,9.015048235296565,0.6328055791801163,0.40001618289012797,0.04921095512780875,0.2000300014594806,0.7166336727528431,-30.702844148882278
271,272.0,0.40348242172920445,6.362453718215599,0.6328054906286629,0.40001614497790117,0.04921095512816801,0.20003000146021074,0.7166336727528191,-30.702844148831176
272,273.0,0.7646154066694383,6.289747659162097,0.6328056628742789,0.40001621176594104,0.049210955127624266,0.20003000145910566,0.7166336727528522,-30.702844148908518
273,274.0,0.43306675727031596,0.2724707789614699,0.6328057308865498,0.4000162356543789,0.04921095512757453,0.2000300014590046,0.7166336727528545,-30.702844148915595
274,275.0,0.5397412946335854,1.0405664763989906,0.6328057265335061,0.40001624044724177,0.04921095512757471,0.20003000145900493,0.7166336727528544,-30.702844148915567
275,276.0,0.8706756973403105,4.659593132460237,0.6328057156115174,0.4000162334112582,0.049210955127577345,0.20003000145901031,0.7166336727528545,-30.70284414891519
276,277.0,0.6602175965512731,2.3281470350646853,0.6328057264208781,0.4000162407565432,0.04921095512757468,0.20003000145900487,0.7166336727528544,-30.702844148915567
277,278.0,0.9740662003347145,0.4723642455691351,0.6328057222754666,0.4000162469402228,0.04921095512757489,0.20003000145900532,0.7166336727528537,-30.702844148915545
278,279.0,0.6920837805043062,6.413287245685211,0.6328056385236284,0.4000162019031868,0.04921095512766515,0.20003000145918873,0.7166336727528498,-30.702844148902706
279,280.0,0.09871904040885715,7.706476638982989,0.6328057286868899,0.40001623880719256,0.0492109551275746,0.2000300014590047,0.7166336727528544,-30.70284414891558
280,281.0,0.26886273561714435,5.067511270206887,0.6328054327936933,0.40001612369448614,0.04921095512848183,0.20003000146084854,0.7166336727528004,-30.702844148786532
281,282.0,0.7380354704609284,3.841978231424525,0.6328057172631782,0.4000162343366447,0.0492109551275768,0.2000300014590092,0.7166336727528544,-30.70284414891527
282,283.0,0.5773396670009094,0.7960573624157349,0.6328057260358705,0.40001624257017193,0.049210955127574715,0.20003000145900496,0.716633672752854,-30.702844148915567
283,284.0,0.5210662657080951,8.194921748891154,0.6328054904761161,0.400016146470714,0.049210955128165416,0.2000300014602055,0.7166336727528203,-30.702844148831545
284,285.0,0.42191028557982213,7.231962751952119,0.6328054647340724,0.4000161322478742,0.04921095512830802,0.20003000146049532,0.7166336727528083,-30.702844148811252
285,286.0,0.46275302618930336,9.841992538211839,0.6328053953693391,0.4000161050859144,0.049210955128734885,0.20003000146136285,0.7166336727527804,-30.702844148750536
286,287.0,0.25029177662888946,3.0382794273755267,0.6328055693439006,0.40001617709644366,0.0492109551278429,0.20003000145955002,0.71663367275284,-30.702844148877418
287,288.0,0.5450850669196969,2.9905877054885184,0.6328057142511929,0.40001623145074744,0.049210955127578074,0.20003000145901179,0.7166336727528544,-30.70284414891509
288,289.0,0.47170457816026545,7.9351267599033255,0.632805469579908,0.4000161382650747,0.04921095512827215,0.2000300014604224,0.7166336727528135,-30.70284414881636
289,290.0,0.02452990347150885,9.088664179297652,0.6328057286413803,0.40001623787977597,0.04921095512757462,0.20003000145900476,0.7166336727528545,-30.70284414891558
290,291.0,0.862315595804422,8.043720815645129,0.6328056357348273,0.40001620392980997,0.04921095512766786,0.20003000145919428,0.7166336727528506,-30.702844148902315
291,292.0,0.2847090001978666,2.6347526970555553,0.6328056386689596,0.40001620334485755,0.049210955127663714,0.2000300014591858,0.7166336727528502,-30.702844148902905
292,293.0,0.7444529732535327,9.289118542936778,0.6328055613428175,0.40001617474196804,0.04921095512786869,0.20003000145960242,0.7166336727528391,-30.70284414887375
293,294.0,0.6653022012848303,1.1842908521029132,0.6328057284736018,0.4000162392370681,0.04921095512757462,0.20003000145900476,0.7166336727528542,-30.70284414891558
294,295.0,0.6054901493781808,9.702072659689767,0.6328054847817984,0.40001614463708995,0.049210955128192686,0.2000300014602609,0.7166336727528191,-30.702844148827666
295,296.0,0.1372554785715827,1.2547688503190448,0.6328057283355626,0.40001623998825325,0.049210955127574584,0.20003000145900468,0.7166336727528544,-30.702844148915588
296,297.0,0.946782779777677,1.1394070975906017,0.6328057306442868,0.40001623599530844,0.04921095512757456,0.20003000145900465,0.7166336727528544,-30.702844148915588
297,298.0,0.05965097027064847,1.0191968197353676,0.6328057267063274,0.4000162418290326,0.04921095512757465,0.20003000145900482,0.7166336727528542,-30.702844148915574
298,299.0,0.09466829656081999,2.106932417330034,0.6328053797823283,0.4000161016513895,0.0492109551288358,0.20003000146156794,0.7166336727527762,-30.702844148736183
299,300.0,0.034091796434921995,9.006547398930868,0.6328057278811003,0.4000162390187135,0.049210955127574604,0.2000300014590047,0.7166336727528546,-30.70284414891558
300,301.0,0.5719921530772762,5.617522121258802,0.6328056250629575,0.4000161976372832,0.0492109551276918,0.20003000145924293,0.7166336727528486,-30.70284414889891
301,302.0,0.49303151110932597,3.526691520985371,0.6328056855446402,0.40001622253124736,0.04921095512759649,0.20003000145904923,0.7166336727528538,-30.70284414891246
302,303.0,0.9079466600604651,0.9640703312968493,0.6328057285859755,0.40001623779834655,0.049210955127574646,0.20003000145900482,0.7166336727528544,-30.702844148915574
303,304.0,0.5680320951113574,0.4598941044344947,0.6328057280405772,0.4000162422044425,0.04921095512757456,0.20003000145900465,0.7166336727528542,-30.702844148915588
304,305.0,0.5670593907140188,6.437116025311525,0.6328055884827036,0.40001618268440414,0.04921095512778589,0.20003000145943414,0.7166336727528431,-30.702844148885525
305,306.0,0.6748029220777602,3.0545785756416306,0.632805722131886,0.4000162393059321,0.049210955127575264,0.20003000145900607,0.7166336727528546,-30.70284414891549
306,307.0,0.47845241238632163,9.347452577745768,0.6328054222923513,0.4000161173360471,0.04921095512855291,0.20003000146099303,0.7166336727527938,-30.70284414877642
307,308.0,0.659543049715442,5.948655860255211,0.6328056435764216,0.40001620741847943,0.0492109551276529,0.20003000145916386,0.7166336727528514,-30.702844148904447
308,309.0,0.9633436445495545,6.307615523629811,0.6328056971905113,0.4000162268840336,0.049210955127586935,0.20003000145902977,0.7166336727528542,-30.702844148913826
309,310.0,0.35548440686278815,6.227545225774569,0.6328054559203775,0.4000161330594671,0.049210955128346286,0.2000300014605731,0.7166336727528091,-30.702844148805816
310,311.0,0.7135159416386875,1.2792132041222672,0.6328057292631627,0.400016238321324,0.04921095512757459,0.20003000145900468,0.7166336727528543,-30.70284414891558
311,312.0,0.5047370596445379,4.657046895192418,0.6328056394850177,0.40001620252774617,0.04921095512766308,0.20003000145918456,0.7166336727528502,-30.702844148902997
312,313.0,0.4379100217520344,0.9336289925255437,0.632805729126152,0.40001623664824987,0.049210955127574625,0.2000300014590048,0.7166336727528544,-30.70284414891558
313,314.0,0.5046402292419635,4.6254750600884575,0.6328056381966259,0.4000162081561688,0.04921095512766043,0.20003000145917918,0.7166336727528517,-30.702844148903374
314,315.0,0.19254977152733677,8.068180770873731,0.6328051994940458,0.4000160266387393,0.049210955130474986,0.20003000146489938,0.7166336727526623,-30.70284414850302
315,316.0,0.25123938462539863,1.7841408473132252,0.6328056865723128,0.40001622242933893,0.04921095512759571,0.20003000145904762,0.716633672752854,-30.702844148912575
316,317.0,0.03145574839528498,4.0606737616866235,0.6328057276988458,0.4000162397899389,0.04921095512757461,0.20003000145900476,0.7166336727528545,-30.70284414891558
317,318.0,0.09796316061698218,6.750390331907063,0.6328057278147758,0.40001623990039936,0.04921095512757462,0.20003000145900476,0.7166336727528544,-30.70284414891558
318,319.0,0.8761666275548048,1.3683156964466914,0.6328057328736584,0.4000162327823395,0.04921095512757449,0.2000300014590045,0.7166336727528545,-30.702844148915602
319,320.0,0.9668252475021344,0.1757609254853798,0.63280573206801,0.4000162339214903,0.049210955127574514,0.20003000145900457,0.7166336727528545,-30.702844148915595
320,321.0,0.25401091722289937,1.2164932103544386,0.6328057283507637,0.40001624093340815,0.04921095512757458,0.20003000145900468,0.7166336727528542,-30.702844148915588
321,322.0,0.6332779892235793,8.960678021972068,0.6328055247271456,0.4000161570068658,0.04921095512801504,0.20003000145989985,0.7166336727528282,-30.702844148852932
322,323.0,0.9390209604430211,9.385988693309079,0.6328056206432031,0.400016196546136,0.04921095512770099,0.20003000145926159,0.7166336727528483,-30.702844148897604
323,324.0,0.36245248664276086,9.329507475481291,0.6328053354690056,0.4000160817996892,0.049210955129181395,0.20003000146227035,0.716633672752751,-30.70284414868702
324,325.0,0.6928313621365766,3.7387453162337922,0.6328057127892726,0.40001623706994216,0.04921095512757761,0.20003000145901084,0.7166336727528547,-30.702844148915148
325,326.0,0.5158379597725073,6.475778434690655,0.6328055592836882,0.40001617372390325,0.04921095512787623,0.20003000145961775,0.7166336727528382,-30.70284414887267
326,327.0,0.26658390324903625,6.119024260991856,0.6328053688986366,0.40001609992741316,0.049210955128906546,0.20003000146171174,0.7166336727527742,-30.702844148726122
327,328.0,0.2942989840312039,1.7721984450891497,0.6328057055197664,0.4000162303038563,0.04921095512758166,0.20003000145901909,0.7166336727528544,-30.70284414891458
328,329.0,0.003014985296357242,0.14492317646349356,0.6328057300217239,0.4000162363493125,0.049210955127574535,0.2000300014590046,0.7166336727528546,-30.702844148915595
329,330.0,0.9391510620789847,6.574616899381594,0.632805688562767,0.40001622346290433,0.04921095512759378,0.20003000145904373,0.7166336727528542,-30.702844148912853
330,331.0,0.9475679070857624,6.188004824262065,0.6328056982071902,0.4000162248716561,0.04921095512758695,0.20003000145902983,0.7166336727528541,-30.702844148913826
331,332.0,0.16876623642943667,9.084516884257441,0.6328051422058505,0.4000160031439949,0.04921095513113491,0.2000300014662406,0.7166336727526164,-30.70284414840915
332,333.0,0.6066520112326861,8.366583639304805,0.6328055312640124,0.40001616355502145,0.04921095512798071,0.20003000145983008,0.7166336727528323,-30.702844148857814
333,334.0,0.5902559088387281,7.618181704087215,0.6328055515329188,0.40001616924824274,0.04921095512790626,0.20003000145967878,0.7166336727528357,-30.7028441488684
334,335.0,0.5585149919536792,2.7909999029820165,0.6328057193881599,0.40001623537012776,0.04921095512757616,0.2000300014590079,0.7166336727528544,-30.70284414891536
335,336.0,0.1933838733433807,4.8225820792097815,0.6328053430156734,0.40001608855782717,0.04921095512910777,0.2000300014621207,0.7166336727527601,-30.702844148697494
336,337.0,0.9841010597453843,8.529063870081577,0.6328056523623894,0.4000162091540382,0.04921095512763922,0.20003000145913605,0.7166336727528518,-30.702844148906394
337,338.0,0.6124939775700005,3.1224707937666842,0.632805717968546,0.4000162347208227,0.049210955127576575,0.20003000145900873,0.7166336727528544,-30.702844148915304
338,339.0,0.9941775882188726,4.410487713931656,0.6328057230246581,0.40001623836925226,0.04921095512757525,0.20003000145900604,0.7166336727528542,-30.70284414891549
339,340.0,0.7804060133328369,8.462001172649169,0.6328055993797888,0.40001619053044013,0.049210955127751005,0.20003000145936325,0.716633672752846,-30.702844148890485
340,341.0,0.920992936290143,4.472780758517568,0.6328057197204336,0.40001623805518044,0.04921095512757583,0.20003000145900723,0.7166336727528544,-30.702844148915403
341,342.0,0.32434751510004123,4.8720491292238695,0.632805505892863,0.40001615144485836,0.04921095512809453,0.2000300014600614,0.7166336727528242,-30.702844148841628
342,343.0,0.5012370029551974,1.5370038244053887,0.6328057272886533,0.40001624098615396,0.049210955127574646,0.20003000145900482,0.7166336727528542,-30.702844148915574
343,344.0,0.27004501502378675,8.67782734684202,0.6328052703915948,0.4000160544551881,0.049210955129757115,0.2000300014634404,0.7166336727527105,-30.70284414860513
344,345.0,0.9089762767907894,5.897076178602927,0.6328056988494973,0.40001622527357156,0.04921095512758644,0.2000300014590288,0.7166336727528542,-30.702844148913897
345,346.0,0.2510564539835535,2.7557020389295133,0.6328055976145182,0.4000161854947637,0.049210955127760955,0.2000300014593835,0.7166336727528441,-30.702844148889078
346,347.0,0.6129335456227593,8.054028074706185,0.6328055463267113,0.4000161669855346,0.04921095512792596,0.20003000145971883,0.7166336727528346,-30.7028441488656
347,348.0,0.8097656996558441,5.866618554017608,0.6328056829954984,0.4000162223375216,0.04921095512759859,0.2000300014590535,0.716633672752854,-30.702844148912163
348,349.0,0.5708624058827353,7.948389160975879,0.6328055290690209,0.40001615935933954,0.0492109551279957,0.20003000145986055,0.7166336727528297,-30.702844148855682
349,350.0,0.8304819743657702,6.583192821262543,0.6328056687481113,0.40001621524072756,0.049210955127615565,0.20003000145908797,0.7166336727528531,-30.702844148909755
350,351.0,0.17315259229355484,0.06781892992589868,0.6328057266267881,0.4000162422696,0.049210955127574695,0.20003000145900493,0.716633672752854,-30.702844148915567
351,352.0,0.9177543826434973,8.606782524610669,0.632805633211748,0.40001620657235054,0.049210955127669695,0.20003000145919797,0.7166336727528513,-30.70284414890206
352,353.0,0.9503104284556391,0.010773162338718816,0.6328057244219955,0.40001624743446734,0.04921095512757473,0.20003000145900499,0.7166336727528536,-30.70284414891556
353,354.0,0.4667536733952903,9.34157457332843,0.6328054139588405,0.4000161154743527,0.04921095512860204,0.20003000146109284,0.716633672752792,-30.70284414876943
354,355.0,0.6933852103246886,5.464645669003357,0.6328056687382727,0.4000162184598725,0.04921095512761378,0.20003000145908434,0.7166336727528535,-30.70284414891001
355,356.0,0.9289551842898949,3.624442336047746,0.6328057260153727,0.40001623926163515,0.04921095512757482,0.20003000145900518,0.7166336727528542,-30.702844148915545
356,357.0,0.3183006745712612,8.934311718200787,0.6328053097501269,0.40001606958150493,0.049210955129403766,0.20003000146272226,0.7166336727527338,-30.702844148655394
357,358.0,0.8557191413472366,6.240890312739199,0.6328056830681561,0.4000162203338432,0.0492109551275994,0.2000300014590551,0.7166336727528537,-30.702844148912057
358,359.0,0.13651667322478356,8.411862165417718,0.6328057284264315,0.4000162394769315,0.049210955127574584,0.20003000145900468,0.7166336727528544,-30.702844148915588
359,360.0,0.5004721405046748,1.5404942946928495,0.6328057277402441,0.4000162409438921,0.049210955127574625,0.2000300014590048,0.7166336727528542,-30.70284414891558
360,361.0,0.931976497540122,5.060006987684608,0.6328057135843932,0.40001623518886775,0.049210955127577706,0.20003000145901104,0.7166336727528544,-30.70284414891514
361,362.0,0.5327379526816521,9.77706419907897,0.6328054421065891,0.4000161251442854,0.049210955128432,0.20003000146074726,0.7166336727528015,-30.702844148793623
362,363.0,0.3846790822360303,0.8056906123495782,0.6328057248369212,0.4000162458274629,0.04921095512757473,0.20003000145900499,0.7166336727528537,-30.70284414891556
363,364.0,0.08031934490331705,0.15735393659420516,0.6328057286982439,0.40001623639411216,0.04921095512757467,0.20003000145900485,0.7166336727528545,-30.702844148915574
364,365.0,0.23099174918462195,1.5812484480052407,0.6328057240799233,0.40001624524410634,0.04921095512757481,0.20003000145900515,0.7166336727528537,-30.702844148915545
365,366.0,0.6102381526056188,4.4895697801886945,0.6328056816183951,0.40001622016931765,0.04921095512760069,0.20003000145905772,0.7166336727528537,-30.702844148911865
366,367.0,0.9421409113476303,8.032302024646116,0.6328056545866076,0.400016212023112,0.049210955127634355,0.20003000145912617,0.7166336727528522,-30.702844148907083
367,368.0,0.2015481332248269,7.000261690579413,0.6328052493563595,0.40001604401475827,0.04921095512996902,0.20003000146387107,0.7166336727526932,-30.70284414857499
368,369.0,0.009334423531163427,3.5783720143310167,0.6328057269674274,0.4000162419843507,0.04921095512757463,0.2000300014590048,0.7166336727528542,-30.70284414891558
369,370.0,0.7897116235198384,9.538170158301131,0.6328055715089188,0.4000161750131837,0.049210955127840024,0.20003000145954414,0.716633672752839,-30.70284414887783
370,371.0,0.19183247934626713,2.6721473288301185,0.6328055289296148,0.40001616043139243,0.04921095512799419,0.2000300014598575,0.7166336727528306,-30.702844148855895
371,372.0,0.09866718742396186,1.3874964890765098,0.6328057251034515,0.4000162450664612,0.049210955127574695,0.20003000145900493,0.716633672752854,-30.702844148915567
372,373.0,0.5120610789633524,9.263422376642351,0.6328054451093746,0.4000161308393582,0.04921095512840279,0.2000300014606879,0.7166336727528069,-30.702844148797773
373,374.0,0.747095803018651,0.6989042230509801,0.6328057289632198,0.40001623671165154,0.04921095512757465,0.20003000145900482,0.7166336727528544,-30.702844148915574
374,375.0,0.6519953756113732,2.226643568290985,0.6328057264243674,0.4000162414574876,0.04921095512757465,0.20003000145900482,0.7166336727528544,-30.702844148915574
375,376.0,0.5844706336583708,7.455756676406165,0.6328055553934423,0.4000161703851545,0.04921095512789279,0.20003000145965139,0.7166336727528366,-30.70284414887032
376,377.0,0.6700622813593758,0.12485330593684092,0.6328057308665977,0.4000162344674455,0.04921095512757458,0.20003000145900468,0.7166336727528545,-30.702844148915588
377,378.0,0.028686192103451358,9.076923982929907,0.6328057285370976,0.4000162377451596,0.04921095512757463,0.2000300014590048,0.7166336727528544,-30.70284414891558
378,379.0,0.26578292735842235,6.953461405292137,0.6328053305753156,0.4000160794901824,0.04921095512922252,0.2000300014623539,0.7166336727527479,-30.702844148681173
379,380.0,0.7665626966125447,1.592625833224672,0.6328057410630726,0.40001623832513855,0.04921095512757482,0.20003000145900518,0.7166336727528544,-30.702844148915545
380,381.0,0.29941175282687316,4.432504120098836,0.6328055094592141,0.40001615393195783,0.04921095512807614,0.20003000146002406,0.7166336727528257,-30.702844148844235
381,382.0,0.988651084331795,4.6588053808218115,0.6328057208850585,0.4000162377590332,0.04921095512757561,0.20003000145900676,0.7166336727528544,-30.70284414891544
382,383.0,0.7044850682751189,7.954052398822442,0.6328055900550738,0.40001618279655,0.04921095512778199,0.20003000145942623,0.7166336727528428,-30.70284414888608
383,384.0,0.47155712016595996,5.971583592646522,0.6328055560772992,0.40001617339055173,0.04921095512788608,0.20003000145963776,0.7166336727528382,-30.70284414887128
384,385.0,0.6174057655796529,4.624192806064013,0.6328056782796257,0.40001621958072875,0.049210955127603886,0.20003000145906424,0.7166336727528537,-30.702844148911417
385,386.0,0.9134034730936477,5.082641520183006,0.6328057124489844,0.4000162324770403,0.04921095512757849,0.20003000145901265,0.7166336727528545,-30.702844148915027
386,387.0,0.8828959509088983,8.255754875714556,0.6328056346928389,0.4000162054186092,0.0492109551276683,0.20003000145919517,0.7166336727528508,-30.70284414890226
387,388.0,0.4464511963806149,6.928879828539796,0.6328054946235719,0.40001614817079717,0.04921095512814513,0.20003000146016423,0.7166336727528217,-30.70284414883443
388,389.0,0.010475532620600192,4.142139349543264,0.6328057280126085,0.4000162395744952,0.04921095512757462,0.20003000145900476,0.7166336727528544,-30.70284414891558
389,390.0,0.6856909386831984,3.374526105610604,0.6328057189231585,0.4000162381247739,0.04921095512757599,0.20003000145900757,0.7166336727528542,-30.702844148915382
390,391.0,0.05860991598575305,7.344186380075694,0.6328057288382756,0.4000162380628276,0.049210955127574604,0.2000300014590047,0.7166336727528544,-30.70284414891558
391,392.0,0.41505077166046134,4.607633580424555,0.6328055921897215,0.4000161887214952,0.0492109551277695,0.20003000145940084,0.7166336727528454,-30.702844148887856
392,393.0,0.34983526217010885,1.2557923872972017,0.6328057302884095,0.40001623555534666,0.04921095512757458,0.20003000145900468,0.7166336727528545,-30.702844148915588
393,394.0,0.8218047339894717,1.5771686363029256,0.6328057333015012,0.40001623087791593,0.04921095512757451,0.20003000145900451,0.7166336727528546,-30.702844148915595
394,395.0,0.8173578287685236,9.496579647521832,0.6328055824284415,0.40001617926830585,0.04921095512780543,0.20003000145947383,0.7166336727528412,-30.702844148882747
395,396.0,0.9474243036952187,1.7898898054296422,0.6328057317282422,0.400016235334977,0.04921095512757447,0.20003000145900446,0.7166336727528546,-30.702844148915602
396,397.0,0.10409902505406154,9.363873378637287,0.6328057283984209,0.40001623812061987,0.04921095512757465,0.20003000145900482,0.7166336727528543,-30.702844148915574
397,398.0,0.8640950792096865,7.410252256303949,0.6328056531948375,0.4000162121462989,0.049210955127636,0.2000300014591295,0.7166336727528526,-30.70284414890685
398,399.0,0.6817216843284617,8.588424440885268,0.6328055593060223,0.4000161714964751,0.04921095512787957,0.20003000145962455,0.7166336727528371,-30.702844148872202
399,400.0,0.9623201929179199,2.680834197802642,0.6328063824924359,0.40001634906993044,0.049210955131056174,0.20003000146608058,0.7166336727527949,-30.702844148420347
400,401.0,0.9991564544908859,8.04638701984563,0.6328056658261251,0.40001621527704734,0.04921095512761872,0.20003000145909441,0.7166336727528531,-30.702844148909307
401,402.0,0.9423781242890817,1.104916388175681,0.632805726892116,0.4000162428294169,0.04921095512757459,0.20003000145900468,0.7166336727528544,-30.70284414891558
402,403.0,0.1430670611232272,5.995528173866481,0.6328052006355591,0.4000160250181683,0.049210955130472536,0.2000300014648944,0.7166336727526593,-30.702844148503367
403,404.0,0.48668524575353267,3.2707600845182494,0.6328056945166817,0.4000162239368125,0.04921095512758951,0.20003000145903502,0.7166336727528542,-30.702844148913456
404,405.0,0.18923554988151103,1.0056575469366709,0.6328057268545602,0.40001624373537753,0.04921095512757461,0.20003000145900476,0.7166336727528541,-30.70284414891558
405,406.0,0.5250228113652456,0.7418968630189359,0.6328057292803465,0.40001623853620527,0.049210955127574584,0.20003000145900468,0.7166336727528543,-30.702844148915588
406,407.0,0.699459142090663,8.964938972759763,0.6328055529204857,0.40001617160342884,0.04921095512789827,0.20003000145966254,0.7166336727528373,-30.702844148869545
407,408.0,0.4431050440002532,5.815387801555962,0.6328055472551971,0.4000161669371209,0.04921095512792315,0.2000300014597131,0.7166336727528346,-30.702844148866006
408,409.0,0.243358600204171,7.671601431863084,0.6328052758358976,0.4000160568289051,0.04921095512970524,0.200030001463335,0.7166336727527143,-30.702844148612506
409,410.0,0.09543611933581997,9.651482617670744,0.6328057263285206,0.4000162417386378,0.049210955127574715,0.20003000145900496,0.7166336727528541,-30.702844148915567
410,411.0,0.9970247704975121,5.878493728811379,0.632805708008302,0.40001623106814854,0.04921095512758044,0.2000300014590166,0.7166336727528544,-30.70284414891475
411,412.0,0.7403674128779658,8.298454469976903,0.6328055918967745,0.4000161844084991,0.049210955127775555,0.20003000145941313,0.7166336727528436,-30.702844148886996
412,413.0,0.06685282424317429,8.011000086179852,0.6328057276944395,0.40001624012084885,0.0492109551275746,0.2000300014590047,0.7166336727528545,-30.70284414891558
413,414.0,0.05016279504232157,8.270493984096927,0.6328057288291318,0.40001623821723903,0.04921095512757457,0.20003000145900465,0.7166336727528546,-30.702844148915588
414,415.0,0.6239067561363637,9.089903254806984,0.6328055154893937,0.40001615467735435,0.04921095512805243,0.20003000145997585,0.7166336727528264,-30.70284414884761
415,416.0,0.632176157264439,7.299023579571517,0.6328055824589199,0.40001618425247554,0.049210955127798654,0.2000300014594601,0.7166336727528437,-30.702844148883713
416,417.0,0.9106681873966178,9.868332358433085,0.6328056010999972,0.4000161866331689,0.04921095512775177,0.2000300014593648,0.7166336727528446,-30.702844148890378
417,418.0,0.44272664888111724,1.178893179904112,0.6328057283804422,0.4000162352335967,0.04921095512757474,0.200030001459005,0.7166336727528545,-30.70284414891556
418,419.0,0.2967351121142847,5.082743930085097,0.6328054644232435,0.4000161348066193,0.04921095512830326,0.20003000146048563,0.7166336727528106,-30.702844148811934
419,420.0,0.469347635092335,7.661028088942948,0.6328054797332122,0.40001614063065416,0.0492109551282228,0.2000300014603221,0.7166336727528159,-30.70284414882338
420,421.0,0.11411434674288579,1.5740330334132226,0.6328057291455075,0.4000162370213767,0.049210955127574584,0.20003000145900468,0.7166336727528546,-30.702844148915588
421,422.0,0.6204063688478022,6.243444675939727,0.6328056195769728,0.40001619399796606,0.049210955127705534,0.20003000145927086,0.7166336727528476,-30.702844148896958
422,423.0,0.3544523317758398,2.7204913784849087,0.6328056748222279,0.4000162171764862,0.049210955127608355,0.20003000145907332,0.7166336727528533,-30.702844148910778
423,424.0,0.4446625944667063,0.7070329864057185,0.6328057275153834,0.4000162413518113,0.04921095512757461,0.20003000145900476,0.7166336727528543,-30.70284414891558
424,425.0,0.40550815362143755,5.000082118731942,0.632805565731085,0.40001617255078775,0.049210955127859585,0.2000300014595839,0.7166336727528377,-30.702844148875045
425,426.0,0.27342844940693123,9.325424535732303,0.6328052518567944,0.4000160518502627,0.04921095512991481,0.2000300014637609,0.7166336727527061,-30.7028441485827
426,427.0,0.44221253028635066,2.5512572689119866,0.6328057097993115,0.40001623169337414,0.04921095512757955,0.20003000145901478,0.7166336727528546,-30.702844148914878
427,428.0,0.9815116371904359,3.460337592541846,0.6328057277656475,0.4000162389651109,0.049210955127574625,0.2000300014590048,0.7166336727528546,-30.70284414891558
428,429.0,0.11521815812888292,5.262195952082566,0.6328051781611438,0.40001601917216917,0.04921095513070645,0.2000300014653698,0.7166336727526481,-30.702844148470092
429,430.0,0.0771977652560335,3.62539836403468,0.6328051732933696,0.4000160142350915,0.049210955130776744,0.20003000146551267,0.7166336727526388,-30.702844148460095
430,431.0,0.7296827550478456,6.331057962153258,0.6328056497711401,0.4000162130415425,0.04921095512763996,0.20003000145913755,0.7166336727528526,-30.702844148906287
431,432.0,0.17232190484332865,4.432456653170491,0.632805334750498,0.4000160832179562,0.049210955129181104,0.20003000146226974,0.716633672752753,-30.702844148687063
432,433.0,0.5406385173509944,6.024902356053746,0.6328055932441898,0.40001618538002964,0.04921095512777117,0.20003000145940425,0.716633672752844,-30.70284414888762
433,434.0,0.6596487227799444,4.830293505168937,0.6328056810770013,0.4000162218782328,0.049210955127600396,0.20003000145905714,0.716633672752854,-30.702844148911915
434,435.0,0.1946364304132221,7.173513763416393,0.6328052322345107,0.4000160396001764,0.049210955130130275,0.2000300014641988,0.7166336727526857,-30.702844148552053
435,436.0,0.6488125817221203,1.8257383814712833,0.6328057283226038,0.400016239357914,0.049210955127574625,0.2000300014590048,0.7166336727528542,-30.70284414891558
436,437.0,0.3674984939142265,2.06737142589404,0.6328057121185873,0.4000162319912646,0.049210955127578664,0.20003000145901295,0.7166336727528546,-30.702844148915005
437,438.0,0.16978827909808236,6.26805785354131,0.6328052330089324,0.4000160370173607,0.049210955130135424,0.20003000146420927,0.7166336727526812,-30.70284414855132
438,439.0,0.11989446978108886,6.019611874425901,0.6328051553598282,0.4000160127210384,0.04921095513095569,0.20003000146587635,0.7166336727526357,-30.702844148434636
439,440.0,0.039689488203017986,6.81620132646171,0.6328057272170531,0.4000162415473023,0.049210955127574625,0.2000300014590048,0.7166336727528542,-30.70284414891558
440,441.0,0.273974405701912,9.138023566417738,0.6328052602906585,0.4000160499106808,0.04921095512985564,0.20003000146364064,0.7166336727527032,-30.70284414859111
441,442.0,0.8243244609496707,0.601875676766807,0.6328057242590442,0.40001624766666216,0.049210955127574695,0.20003000145900493,0.7166336727528538,-30.702844148915567
442,443.0,0.623784038547617,1.8589855854541184,0.6328057274478687,0.40001624024845434,0.049210955127574625,0.2000300014590048,0.7166336727528544,-30.70284414891558
443,444.0,0.33466854389068856,9.728477582812172,0.6328052994789592,0.40001606631214576,0.04921095512949032,0.2000300014628982,0.7166336727527289,-30.70284414864308
444,445.0,0.9734961343147067,3.873013113153797,0.632805724736325,0.40001624127212715,0.04921095512757484,0.2000300014590052,0.7166336727528542,-30.702844148915545
445,446.0,0.23169930327653188,2.548748909226854,0.6328055950180935,0.4000161900772888,0.04921095512776132,0.2000300014593842,0.716633672752846,-30.70284414888902
446,447.0,0.9656178903097167,3.319249407408717,0.6328057284304266,0.4000162373013958,0.04921095512757464,0.2000300014590048,0.7166336727528546,-30.702844148915574
447,448.0,0.8425493452679644,0.19574052032159966,0.63280572886713,0.4000162396098931,0.049210955127574556,0.20003000145900462,0.7166336727528544,-30.702844148915588
448,449.0,0.10113861477806763,4.857499941997264,0.6328051680765618,0.40001601213767257,0.04921095513083675,0.20003000146563463,0.7166336727526346,-30.702844148451554
449,450.0,0.3165983384115565,5.4044583696744946,0.6328054645727842,0.40001613688281445,0.049210955128297616,0.20003000146047414,0.7166336727528124,-30.702844148812737
450,451.0,0.9321244104971349,7.5614692451314,0.6328056623892756,0.4000162184076009,0.0492109551276208,0.2000300014590986,0.7166336727528533,-30.70284414890901
451,452.0,0.6156365504785251,9.256675490480278,0.632805505479079,0.4000161506227826,0.04921095512809774,0.20003000146006794,0.7166336727528237,-30.702844148841166
452,453.0,0.22561503275689,3.4793963793151823,0.6328054981994473,0.40001614629564936,0.049210955128134906,0.20003000146014346,0.7166336727528204,-30.70284414883588
453,454.0,0.33359789404618045,2.2153035565151296,0.6328056952764913,0.4000162253647439,0.04921095512758855,0.20003000145903307,0.7166336727528542,-30.7028441489136
454,455.0,0.06293445987478807,8.233540880745398,0.6328057278365129,0.4000162397635495,0.04921095512757467,0.20003000145900485,0.7166336727528541,-30.702844148915574
455,456.0,0.06820598556737911,4.394948731563927,0.6328057288802525,0.4000162386642328,0.04921095512757459,0.20003000145900468,0.7166336727528544,-30.70284414891558
456,457.0,0.666326323625573,0.7519905760432292,0.632805719240848,0.4000162543902681,0.04921095512757505,0.20003000145900562,0.7166336727528524,-30.702844148915517
457,458.0,0.9748252190642892,3.135469716835664,0.6328057273706011,0.40001624038548883,0.049210955127574646,0.20003000145900482,0.7166336727528544,-30.702844148915574
458,459.0,0.8920413206262059,2.4477129811415193,0.632806301520726,0.4000163288223055,0.049210955130212834,0.2000300014643666,0.716633672752814,-30.702844148540308
459,460.0,0.9096747990466145,3.7581959681718407,0.6328057261814475,0.40001623627076127,0.049210955127574924,0.20003000145900537,0.7166336727528545,-30.70284414891554
460,461.0,0.8870123018546642,6.723946040229686,0.6328056756522645,0.4000162204574519,0.049210955127605885,0.2000300014590683,0.7166336727528538,-30.702844148911133
461,462.0,0.8199552319102733,4.768944166666429,0.6328057089731223,0.4000162312265755,0.04921095512758002,0.20003000145901575,0.7166336727528544,-30.702844148914807
462,463.0,0.4985151802525931,4.758508435168306,0.6328056318239473,0.40001619932217863,0.04921095512767839,0.20003000145921565,0.7166336727528492,-30.702844148900823
463,464.0,0.5427379918349823,5.408578016599438,0.6328056214488272,0.400016196774361,0.04921095512769929,0.20003000145925812,0.7166336727528482,-30.702844148897846
464,465.0,0.8422912870018975,8.64593037126124,0.6328056138892525,0.400016195197873,0.04921095512771535,0.20003000145929078,0.716633672752848,-30.702844148895558
465,466.0,0.3681619403106171,1.844362439311688,0.6328057179788206,0.4000162370752778,0.049210955127576256,0.2000300014590081,0.7166336727528546,-30.702844148915347
466,467.0,0.17790369737882306,3.1379871406956106,0.632805455303679,0.4000161301585811,0.049210955128356326,0.20003000146059347,0.7166336727528064,-30.702844148804388
467,468.0,0.38795199237183875,6.495975145088031,0.632805469709671,0.4000161399777863,0.04921095512826755,0.20003000146041308,0.7166336727528152,-30.702844148817015
468,469.0,0.41862210899552277,9.20266476353767,0.6328053843743902,0.4000161020782132,0.049210955128807465,0.20003000146151037,0.7166336727527769,-30.70284414874022
469,470.0,0.5983778927643055,7.969893964145328,0.6328055409676039,0.40001616878893054,0.04921095512793983,0.200030001459747,0.7166336727528356,-30.702844148863626
470,471.0,0.3518865062168435,4.911856716600672,0.6328055287173939,0.4000161592454896,0.0492109551279971,0.2000300014598634,0.7166336727528295,-30.702844148855483
471,472.0,0.9776373835150658,7.16760150605335,0.6328056822309103,0.400016219751652,0.04921095512760037,0.2000300014590571,0.7166336727528535,-30.70284414891192
472,473.0,0.5093749547573942,7.463149933920655,0.6328055126740232,0.40001615618623554,0.04921095512805975,0.20003000145999073,0.7166336727528277,-30.702844148846573
473,474.0,0.5035843977316921,1.7562099242344884,0.632805727554012,0.40001623920008106,0.04921095512757467,0.20003000145900485,0.7166336727528544,-30.702844148915574
474,475.0,0.1627963428848661,9.804418882722997,0.6328057284996383,0.40001623799931896,0.049210955127574625,0.2000300014590048,0.7166336727528544,-30.70284414891558
475,476.0,0.9573951577446548,5.2782689780986765,0.6328057136145525,0.40001623229943706,0.04921095512757813,0.2000300014590119,0.7166336727528545,-30.702844148915084
476,477.0,0.001808249142854934,2.0230325128876143,0.6328057278935019,0.4000162403795426,0.04921095512757458,0.20003000145900468,0.7166336727528544,-30.702844148915588
477,478.0,0.364609562529422,0.30455557095068025,0.6328057237583221,0.40001624861814467,0.04921095512757473,0.20003000145900499,0.7166336727528536,-30.70284414891556
478,479.0,0.7958378767859511,3.9625957689903735,0.632805719488735,0.40001623538931264,0.04921095512757611,0.2000300014590078,0.7166336727528546,-30.702844148915368
479,480.0,0.12414944668113359,8.121267050610939,0.6328057282822158,0.4000162387897168,0.0492109551275746,0.2000300014590047,0.7166336727528545,-30.70284414891558
480,481.0,0.06273059344555731,3.4554109123382886,0.6328051388707736,0.4000159987226922,0.049210955131191725,0.20003000146635608,0.7166336727526074,-30.702844148401063
481,482.0,0.2331350744543914,9.005114894258895,0.6328052193404043,0.40001603631121563,0.049210955130255064,0.2000300014644524,0.7166336727526799,-30.702844148534304
482,483.0,0.8700190323285069,0.5305165692992038,0.6328057234289486,0.4000162477506082,0.04921095512757477,0.2000300014590051,0.7166336727528536,-30.702844148915553
483,484.0,0.6084162400864538,6.182247992439321,0.6328056147932388,0.4000161980639928,0.04921095512771063,0.20003000145928118,0.7166336727528488,-30.702844148896233
484,485.0,0.8874727027639445,6.748470952112447,0.6328056762668436,0.4000162183714996,0.049210955127606364,0.2000300014590693,0.7166336727528535,-30.70284414891107
485,486.0,0.7837322144274421,8.041859351562893,0.6328056132195183,0.4000161957309515,0.04921095512771619,0.2000300014592925,0.7166336727528477,-30.702844148895444
486,487.0,0.7058947498683611,4.3131709808234735,0.6328057050216641,0.40001622832504885,0.04921095512758238,0.20003000145902056,0.7166336727528542,-30.702844148914473
487,488.0,0.689597520539013,4.1553172711700945,0.6328057053467575,0.4000162316293173,0.049210955127581404,0.20003000145901856,0.7166336727528546,-30.702844148914615
488,489.0,0.29614720683958506,5.713511072462013,0.6328054268151168,0.40001611704296036,0.04921095512853025,0.20003000146094696,0.7166336727527937,-30.702844148779647
489,490.0,0.21715991201510498,1.3991399577332688,0.6328057259893287,0.40001624238487404,0.049210955127574715,0.20003000145900496,0.716633672752854,-30.702844148915567
490,491.0,0.4629467059263712,8.15872627565926,0.6328054539598454,0.40001613365500904,0.049210955128353925,0.2000300014605886,0.7166336727528095,-30.70284414880473
491,492.0,0.44011268054156216,7.391813171089688,0.6328054700838334,0.4000161378550556,0.049210955128270895,0.20003000146041985,0.7166336727528132,-30.70284414881654
492,493.0,0.3059951258843895,0.08614461343949062,0.6328057268695558,0.40001624018230914,0.049210955127574695,0.20003000145900493,0.7166336727528542,-30.702844148915567
493,494.0,0.7446323648636896,2.282149042087572,0.6328057282714932,0.4000162392708178,0.04921095512757461,0.20003000145900476,0.7166336727528544,-30.70284414891558
494,495.0,0.11604354105472736,2.918363390536792,0.6328053426523111,0.4000160846604382,0.049210955129123796,0.20003000146215327,0.7166336727527549,-30.702844148695213
495,496.0,0.5652591934270735,8.557153590074567,0.6328055026258244,0.400016151582921,0.04921095512810673,0.2000300014600862,0.7166336727528243,-30.702844148839894
496,497.0,0.12444146081801455,0.8101229593858807,0.6328057354419653,0.4000162293099352,0.04921095512757445,0.20003000145900443,0.7166336727528546,-30.702844148915602
497,498.0,0.5904610920736995,3.969104556319521,0.6328056941111277,0.4000162247716228,0.04921095512758949,0.200030001459035,0.7166336727528542,-30.702844148913464
498,499.0,0.5174289256466761,0.7931999894623993,0.6328057313653551,0.4000162346745168,0.04921095512757451,0.20003000145900451,0.7166336727528546,-30.702844148915595
499,500.0,0.11763007455072272,8.723454926162669,0.6328057277885227,0.40001623935310765,0.04921095512757461,0.20003000145900476,0.7166336727528545,-30.70284414891558
500,501.0,0.5165072853390186,5.9278825942194615,0.6328055839110174,0.40001618437694436,0.0492109551277949,0.20003000145945243,0.7166336727528435,-30.702844148884246
501,502.0,0.6376430823165137,9.722653249441185,0.6328055015787711,0.40001614849614225,0.04921095512811715,0.20003000146010738,0.7166336727528217,-30.70284414883841
502,503.0,0.3161120268616586,2.867286647854197,0.6328056431124245,0.40001620468942817,0.049210955127655755,0.20003000145916966,0.7166336727528506,-30.702844148904042
503,504.0,0.2030131426298737,1.6611575504118425,0.6328057281256801,0.4000162392856411,0.04921095512757459,0.20003000145900468,0.7166336727528545,-30.70284414891558
504,505.0,0.8276155627371126,0.5894187779897507,0.6328057287830158,0.4000162384224717,0.04921095512757462,0.20003000145900476,0.7166336727528543,-30.70284414891558
505,506.0,0.32828576249039176,2.5457423402251074,0.6328056729822221,0.4000162169402245,0.04921095512761028,0.20003000145907723,0.7166336727528533,-30.702844148910508
506,507.0,0.6043402328945598,9.307186656728394,0.6328054975450558,0.4000161490869579,0.04921095512813165,0.20003000146013686,0.7166336727528223,-30.70284414883634
507,508.0,0.8704154451425062,4.8338768582687335,0.6328057129224558,0.4000162326462445,0.04921095512757831,0.20003000145901226,0.7166336727528545,-30.702844148915048
508,509.0,0.002430413007501353,5.319459045080903,0.6328057289651506,0.4000162379597488,0.04921095512757462,0.20003000145900476,0.7166336727528544,-30.70284414891558
509,510.0,0.4101848393703208,5.780881305350645,0.6328055239768601,0.4000161620076815,0.04921095512800839,0.20003000145988636,0.7166336727528313,-30.702844148853877
510,511.0,0.9397107144238289,0.5326280958370812,0.6328057292417346,0.4000162394911491,0.049210955127574535,0.2000300014590046,0.7166336727528544,-30.702844148915595
511,512.0,0.7618780117632158,1.678028455635449,0.6328057602651691,0.40001625486599074,0.04921095512758326,0.2000300014590223,0.7166336727528526,-30.70284414891435
512,513.0,0.577386192936987,0.7687434500485768,0.6328057285938089,0.4000162407397367,0.049210955127574584,0.20003000145900468,0.7166336727528542,-30.702844148915588
513,514.0,0.08899765037408092,9.457703865444762,0.6328057272550176,0.40001624112504686,0.0492109551275746,0.2000300014590047,0.7166336727528544,-30.70284414891558
514,515.0,0.8529380169392894,1.0441633581465473,0.6328057255146339,0.40001624182818946,0.04921095512757478,0.2000300014590051,0.7166336727528541,-30.702844148915553
515,516.0,0.26010383556536165,5.9076425821138026,0.6328053740916678,0.40001609864068227,0.049210955128879345,0.20003000146165645,0.7166336727527726,-30.702844148729987
516,517.0,0.02325988358689146,8.835112046683133,0.6328057269554144,0.40001624139617326,0.049210955127574646,0.20003000145900482,0.7166336727528542,-30.702844148915574
517,518.0,0.323218254237449,3.929071299438863,0.6328055683404141,0.4000161777611502,0.049210955127844624,0.20003000145955352,0.7166336727528406,-30.70284414887717
518,519.0,0.10542275678621538,4.832122661844472,0.6328051763653393,0.4000160201791133,0.049210955130718104,0.2000300014653935,0.7166336727526503,-30.702844148468436
519,520.0,0.8354792724078194,4.0476150328908975,0.6328057207404039,0.4000162361811556,0.04921095512757579,0.20003000145900715,0.7166336727528545,-30.70284414891541
520,521.0,0.8365533615967545,7.78260907153573,0.6328056379182405,0.40001620141597777,0.049210955127666524,0.20003000145919156,0.7166336727528497,-30.702844148902507
521,522.0,0.05692482330509985,1.7771737688897553,0.6328052789024534,0.4000160566302507,0.04921095512968254,0.20003000146328884,0.716633672752714,-30.70284414861574
522,523.0,0.29523089183937357,9.271029785271026,0.6328052773415731,0.40001605584779854,0.049210955129697705,0.20003000146331967,0.7166336727527127,-30.702844148613586
523,524.0,0.6749000972118554,3.813814571077415,0.6328057102994209,0.40001623422693083,0.049210955127578934,0.20003000145901353,0.7166336727528545,-30.702844148914963
524,525.0,0.34584254726433084,8.73067050914922,0.632805341862224,0.40001608317667214,0.049210955129134204,0.20003000146217442,0.7166336727527527,-30.702844148693735
525,526.0,0.8773205178890023,5.4255085272945305,0.6328057029529327,0.40001622995169334,0.04921095512758292,0.2000300014590216,0.7166336727528546,-30.7028441489144
526,527.0,0.6736077133538168,3.9083219808191636,0.6328057094043991,0.4000162314460933,0.04921095512757978,0.20003000145901526,0.7166336727528545,-30.70284414891485
527,528.0,0.34624499072201986,3.8861297220906432,0.6328055912756843,0.4000161844039072,0.049210955127777026,0.20003000145941613,0.7166336727528436,-30.70284414888679
528,529.0,0.16488467518726713,0.9255207473542073,0.6328057259838837,0.4000162443257199,0.049210955127574625,0.2000300014590048,0.7166336727528542,-30.70284414891558
529,530.0,0.5833214611976406,4.14653370614203,0.6328056867807207,0.400016221632438,0.04921095512759587,0.20003000145904795,0.7166336727528538,-30.70284414891256
530,531.0,0.8575370046469747,4.096512379422968,0.6328057204511344,0.4000162370055143,0.04921095512757574,0.20003000145900704,0.7166336727528546,-30.702844148915418
531,532.0,0.03625961560509905,1.9871254843877708,0.6328051374675682,0.40001600261050685,0.04921095513118497,0.20003000146634237,0.7166336727526151,-30.702844148402022
532,533.0,0.39485013896059895,1.243803964433848,0.6328057275709478,0.4000162411681874,0.04921095512757461,0.20003000145900476,0.7166336727528542,-30.70284414891558
533,534.0,0.6934416424298617,2.1605536306666275,0.6328057271424735,0.4000162413333053,0.04921095512757467,0.20003000145900485,0.7166336727528542,-30.702844148915574
534,535.0,0.05599861170608089,1.5711869601437463,0.632805725723564,0.40001624404379454,0.04921095512757472,0.20003000145900499,0.7166336727528537,-30.70284414891556
535,536.0,0.34064651124365,4.6915903413327795,0.632805530981812,0.4000161648053252,0.04921095512797942,0.20003000145982747,0.7166336727528331,-30.702844148858
536,537.0,0.8346231634895284,0.49303309034360365,0.6328057295288791,0.40001623759681,0.04921095512757454,0.2000300014590046,0.7166336727528546,-30.702844148915595
537,538.0,0.9328314582789459,9.470329266494295,0.6328056173235694,0.40001619382016407,0.049210955127710086,0.20003000145928007,0.7166336727528473,-30.702844148896304
538,539.0,0.4263890586105844,0.6869832823322609,0.6328057286873914,0.40001623612078424,0.049210955127574674,0.20003000145900487,0.7166336727528545,-30.702844148915574
539,540.0,0.27864080836911664,6.711545838869571,0.6328053560411541,0.40001609014673556,0.049210955129018664,0.20003000146193958,0.7166336727527622,-30.702844148710177
540,541.0,0.2773144872413644,6.426282241132831,0.6328053663191114,0.40001609740002375,0.04921095512893055,0.2000300014617605,0.7166336727527711,-30.70284414872271
541,542.0,0.042078742876576425,9.253754778877486,0.6328057283545464,0.4000162396345966,0.04921095512757461,0.20003000145900476,0.7166336727528542,-30.70284414891558
542,543.0,0.24156645194091853,3.142085912642524,0.6328055485077493,0.40001616989305344,0.04921095512791442,0.20003000145969535,0.7166336727528362,-30.70284414886725
543,544.0,0.9991434086337307,3.1738780641773143,0.632805727046883,0.4000162412635644,0.04921095512757467,0.20003000145900485,0.7166336727528542,-30.702844148915574
544,545.0,0.3634724581228337,5.838762517825623,0.6328054833906068,0.4000161448441402,0.04921095512819805,0.2000300014602718,0.7166336727528191,-30.702844148826898
545,546.0,0.773509047500515,6.038985872921178,0.6328056717308,0.40001621657831476,0.04921095512761176,0.20003000145908023,0.7166336727528531,-30.702844148910295
546,547.0,0.5559619391449921,4.42857017129331,0.6328056675319048,0.4000162176278375,0.04921095512761556,0.20003000145908795,0.7166336727528533,-30.702844148909755
547,548.0,0.06127691376819755,7.281461984490917,0.6328057286126628,0.40001623893974897,0.04921095512757456,0.20003000145900465,0.7166336727528545,-30.702844148915588
548,549.0,0.20976108956916195,2.708356017271973,0.6328055513221275,0.4000161697891441,0.04921095512790599,0.20003000145967822,0.7166336727528362,-30.702844148868444
549,550.0,0.42454460767680446,5.2129143192781395,0.6328055661394473,0.40001617527581107,0.04921095512785438,0.20003000145957336,0.7166336727528392,-30.702844148875784
550,551.0,0.6130082182539303,4.320586818115714,0.6328056854116355,0.4000162269659617,0.0492109551275948,0.2000300014590458,0.7166336727528543,-30.70284414891271
551,552.0,0.9524659741774341,2.4791284245190277,0.6328060673332926,0.4000163013640727,0.04921095512851154,0.20003000146090893,0.7166336727528342,-30.702844148782305
552,553.0,0.04136510862776166,3.601276936273105,0.6328057292400363,0.4000162367521302,0.04921095512757458,0.20003000145900468,0.7166336727528546,-30.702844148915588
553,554.0,0.7995582539553093,1.1227583648600437,0.6328057328232245,0.4000162276963723,0.04921095512757471,0.20003000145900493,0.7166336727528543,-30.702844148915567
554,555.0,0.20169142983302246,2.8727533300741332,0.6328055226379472,0.40001615654423905,0.04921095512802324,0.2000300014599165,0.7166336727528277,-30.702844148851767
555,556.0,0.6241410154354607,9.642152136149134,0.6328054971606307,0.40001614728113727,0.049210955128136946,0.2000300014601476,0.7166336727528211,-30.702844148835588
556,557.0,0.7370914636309139,4.4279685617319,0.6328057064781148,0.4000162295807658,0.04921095512758139,0.20003000145901853,0.7166336727528544,-30.702844148914615
557,558.0,0.29779233624655055,4.335090335677861,0.63280551507527,0.40001615590936124,0.04921095512805149,0.20003000145997393,0.7166336727528276,-30.702844148847753
558,559.0,0.47294143664170185,0.38482865631765206,0.6328057307905924,0.4000162306152799,0.04921095512757475,0.200030001459005,0.7166336727528544,-30.70284414891556
559,560.0,0.9942974032555177,7.361526889001104,0.6328056801349865,0.40001622113655483,0.04921095512760156,0.20003000145905953,0.7166336727528537,-30.702844148911744
560,561.0,0.5148559073732067,3.675592756635706,0.6328056844155394,0.40001622384313806,0.04921095512759679,0.2000300014590498,0.7166336727528542,-30.702844148912426
561,562.0,0.8872259593072009,1.6819120028827226,0.6328057278954905,0.40001624005849046,0.049210955127574604,0.2000300014590047,0.7166336727528544,-30.70284414891558
562,563.0,0.8141402106487399,8.358774519498988,0.6328056134074271,0.4000161953270432,0.0492109551277162,0.2000300014592925,0.716633672752848,-30.702844148895444
563,564.0,0.5348749276980572,5.763546937639592,0.6328056014224928,0.4000161893252039,0.049210955127747896,0.20003000145935693,0.7166336727528457,-30.702844148890932
564,565.0,0.4152436389493319,9.327893825086893,0.6328053766999414,0.4000161006574904,0.04921095512885724,0.2000300014616115,0.7166336727527751,-30.702844148733135
565,566.0,0.8652999493999247,6.662516992501159,0.6328056743908296,0.40001621665366754,0.04921095512760901,0.20003000145907465,0.7166336727528534,-30.702844148910685
566,567.0,0.26320141675745645,0.6137823375845181,0.6328057289288366,0.4000162376770586,0.04921095512757458,0.20003000145900468,0.7166336727528546,-30.702844148915588
567,568.0,0.3160791459382303,2.2506696897447545,0.6328056842135705,0.4000162259888676,0.0492109551275961,0.20003000145904842,0.7166336727528542,-30.70284414891252
568,569.0,0.36740986120656405,0.20383375326403325,0.6328057286522315,0.4000162378798223,0.04921095512757457,0.20003000145900465,0.7166336727528547,-30.702844148915588
569,570.0,0.7340257421167754,7.898584901426426,0.632805602428153,0.40001618915538567,0.04921095512774589,0.20003000145935285,0.7166336727528456,-30.702844148891216
570,571.0,0.4948229487520567,7.342409650849556,0.6328055080810484,0.400016155733862,0.04921095512807767,0.20003000146002714,0.7166336727528273,-30.702844148844022
571,572.0,0.5958154329804166,2.9828713761144843,0.6328057182968335,0.40001623660683133,0.04921095512757627,0.20003000145900812,0.7166336727528545,-30.702844148915347
572,573.0,0.33812236400741236,9.626529732128075,0.632805303036693,0.40001607312287524,0.0492109551294382,0.20003000146279226,0.716633672752739,-30.7028441486505
573,574.0,0.9811351704114142,7.088282917578475,0.6328056841804047,0.4000162215318477,0.04921095512759799,0.20003000145905225,0.7166336727528537,-30.702844148912256
574,575.0,0.9049009232817254,5.445248083028374,0.6328057033458802,0.4000162349243814,0.049210955127581585,0.20003000145901892,0.7166336727528546,-30.702844148914586
575,576.0,0.3693161784000475,3.8502233723132973,0.6328056089980474,0.40001619402237704,0.049210955127726504,0.20003000145931346,0.7166336727528475,-30.702844148893973
576,577.0,0.5940634898977404,0.2097301871709631,0.632805726115384,0.40001624651061557,0.0492109551275746,0.2000300014590047,0.716633672752854,-30.70284414891558
577,578.0,0.5817548176832799,3.642975778010546,0.632805701244769,0.4000162301860369,0.049210955127583736,0.2000300014590233,0.7166336727528545,-30.70284414891428
578,579.0,0.7651195730243203,0.46675984249648966,0.6328057043888311,0.40001629167837766,0.04921095512757707,0.20003000145900973,0.7166336727528395,-30.702844148915233
579,580.0,0.0077643997681030585,3.3314686613457387,0.6328057263678933,0.40001624164600325,0.04921095512757468,0.20003000145900487,0.7166336727528542,-30.702844148915567
580,581.0,0.7621390212381925,3.074046186745012,0.6328057239825656,0.40001624172464234,0.049210955127574944,0.20003000145900543,0.7166336727528542,-30.70284414891553
581,582.0,0.6066224970000886,8.885619040995362,0.6328055127089681,0.40001615545576047,0.0492109551280611,0.20003000145999347,0.7166336727528269,-30.70284414884638
582,583.0,0.566298073954275,2.366997146940337,0.6328057256838551,0.4000162376715022,0.049210955127574896,0.20003000145900532,0.7166336727528545,-30.702844148915545
583,584.0,0.7101080516171349,3.646776856422556,0.632805717577026,0.40001623581505974,0.04921095512757652,0.20003000145900862,0.7166336727528544,-30.702844148915304
584,585.0,0.24864354491753649,9.372898469251377,0.6328052260385616,0.40001603771736377,0.049210955130191254,0.20003000146432273,0.7166336727526823,-30.702844148543377
585,586.0,0.7615657666659792,6.577087465231069,0.6328056530947356,0.4000162090285132,0.04921095512763834,0.20003000145913424,0.7166336727528517,-30.702844148906514
586,587.0,0.13377114474854068,3.500084161891971,0.6328053293304902,0.40001608143943307,0.04921095512922386,0.20003000146235664,0.7166336727527507,-30.70284414868098
587,588.0,0.2945837203548629,5.7475663693976005,0.6328054214717945,0.40001611917938945,0.04921095512855204,0.20003000146099123,0.7166336727527955,-30.702844148776542
588,589.0,0.9521397567758652,8.342053722941102,0.632805648558331,0.400016209982554,0.049210955127643854,0.20003000145914546,0.7166336727528518,-30.702844148905733
589,590.0,0.5554101373841037,4.694965645748522,0.6328056573365491,0.40001621075327887,0.049210955127631656,0.20003000145912067,0.7166336727528522,-30.702844148907467
590,591.0,0.7448592121818198,2.0872401103360145,0.6328057272062381,0.4000162416119025,0.049210955127574625,0.2000300014590048,0.7166336727528542,-30.70284414891558
591,592.0,0.19595790276914615,6.89960798478852,0.632805245103205,0.40001604476995517,0.049210955130000435,0.2000300014639349,0.7166336727526945,-30.70284414857052
592,593.0,0.17398200700766697,1.2336840244417728,0.6328057279626625,0.4000162394458572,0.04921095512757465,0.20003000145900482,0.7166336727528542,-30.702844148915574
593,594.0,0.4009901373193441,5.462633920089605,0.6328055355806655,0.4000161642079805,0.04921095512796517,0.2000300014597985,0.716633672752833,-30.702844148860024
594,595.0,0.3735348261320146,6.130170190893305,0.6328054757343787,0.4000161431337281,0.04921095512823414,0.20003000146034516,0.716633672752818,-30.702844148821768
595,596.0,0.14036385853170408,3.2364047440948287,0.6328053698593045,0.40001609542131356,0.04921095512891536,0.20003000146172964,0.7166336727527689,-30.702844148724864
596,597.0,0.8522762001549073,9.202750748842705,0.6328056021353119,0.4000161868663359,0.04921095512774921,0.20003000145935956,0.7166336727528446,-30.70284414889074
597,598.0,0.729444646245689,9.831235687047494,0.632805539615201,0.40001616222490055,0.049210955127955446,0.20003000145977876,0.7166336727528315,-30.70284414886141
598,599.0,0.6975978504150107,1.4776305284792546,0.6328057466510206,0.4000162416708633,0.04921095512757597,0.2000300014590075,0.7166336727528542,-30.70284414891539
599,600.0,0.5335112539185205,9.998494689267847,0.6328054360427735,0.40001612174371365,0.04921095512847082,0.20003000146082617,0.7166336727527983,-30.702844148788103
600,601.0,0.9063625480564566,9.777880786979416,0.6328055996659812,0.40001619237788333,0.049210955127748195,0.2000300014593575,0.7166336727528468,-30.70284414889089
601,602.0,0.952610186513766,8.291501610254796,0.6328056508701191,0.400016209698306,0.049210955127640885,0.20003000145913943,0.7166336727528517,-30.702844148906152
602,603.0,0.27410052112146244,7.867775279274718,0.6328053021847597,0.4000160693460195,0.04921095512945893,0.2000300014628344,0.7166336727527334,-30.70284414864755
603,604.0,0.8663499494695416,2.979025617553873,0.6328057261084081,0.40001624128152224,0.04921095512757471,0.20003000145900493,0.7166336727528542,-30.702844148915567
604,605.0,0.4406704058775569,2.895883788939329,0.6328056969248893,0.40001622643214396,0.04921095512758721,0.20003000145903035,0.7166336727528542,-30.70284414891379
605,606.0,0.38819280869321493,4.372866324450722,0.6328055884585199,0.400016186864468,0.04921095512778062,0.20003000145942343,0.7166336727528446,-30.702844148886278
606,607.0,0.312597285921572,5.719095329656354,0.6328054418489195,0.40001612840981393,0.04921095512842475,0.20003000146073252,0.7166336727528048,-30.702844148794654
607,608.0,0.4780042954888797,8.171894098552736,0.6328054655460911,0.4000161337918911,0.049210955128300655,0.20003000146048033,0.7166336727528098,-30.702844148812304
608,609.0,0.3597204699821034,2.1574334585920263,0.6328057057545841,0.40001623095537786,0.04921095512758137,0.2000300014590185,0.7166336727528546,-30.702844148914615
609,610.0,0.5187299589262196,8.971127092755406,0.6328054612052664,0.4000161325037166,0.04921095512832342,0.2000300014605266,0.7166336727528084,-30.702844148809064
610,611.0,0.4080905616654469,8.252878027583684,0.6328054105149236,0.4000161140286817,0.04921095512862464,0.2000300014611388,0.7166336727527904,-30.702844148766218
611,612.0,0.288555329151608,0.938326840963991,0.6328057243633102,0.40001624797573226,0.049210955127574674,0.20003000145900487,0.7166336727528537,-30.702844148915574
612,613.0,0.0614135591440087,7.492659549631083,0.6328057283291881,0.40001623953354315,0.04921095512757459,0.20003000145900468,0.7166336727528544,-30.70284414891558
613,614.0,0.04393868703301662,5.294052134931492,0.6328057283001284,0.4000162399165572,0.04921095512757462,0.20003000145900476,0.7166336727528542,-30.70284414891558
614,615.0,0.31466893800584284,2.0927892179243313,0.6328056953036871,0.40001622591678176,0.049210955127588406,0.20003000145903277,0.716633672752854,-30.702844148913613
615,616.0,0.5784854417785561,7.244660445059686,0.632805561427067,0.4000161705768449,0.04921095512787486,0.20003000145961497,0.7166336727528366,-30.70284414887287
616,617.0,0.6261405943333989,3.291286318702525,0.6328057166133176,0.4000162342677214,0.04921095512757696,0.2000300014590095,0.7166336727528544,-30.702844148915247
617,618.0,0.7271762511463381,4.606535393325799,0.6328056992964671,0.4000162302888653,0.04921095512758476,0.20003000145902539,0.7166336727528543,-30.70284414891414
618,619.0,0.9962356109368357,4.1853102688654085,0.6328057240739681,0.40001623961000826,0.04921095512757502,0.20003000145900557,0.7166336727528542,-30.702844148915524
619,620.0,0.6412483067607515,7.645279559085704,0.6328055732157315,0.4000161805002313,0.049210955127827555,0.20003000145951882,0.716633672752842,-30.7028441488796
620,621.0,0.022047860351504522,9.66428363662404,0.6328057259214339,0.40001624330005575,0.049210955127574674,0.20003000145900487,0.7166336727528542,-30.702844148915574
621,622.0,0.24342752390570555,1.2616280152247654,0.6328057231276848,0.40001624923520684,0.0492109551275748,0.20003000145900512,0.7166336727528533,-30.702844148915553
622,623.0,0.968306200111268,4.865445646665609,0.6328057174853402,0.4000162371316252,0.04921095512757641,0.2000300014590084,0.7166336727528543,-30.702844148915325
623,624.0,0.1549634209177515,5.6038423001704505,0.6328052370849494,0.40001604144025543,0.04921095513008145,0.20003000146409958,0.7166336727526887,-30.702844148558995
624,625.0,0.38705898190082566,7.426044650248646,0.6328054276189851,0.40001612030109823,0.04921095512851725,0.20003000146092056,0.7166336727527967,-30.702844148781494
625,626.0,0.17646155680116093,3.009303795806859,0.6328054643040633,0.40001613723610285,0.049210955128297984,0.20003000146047492,0.7166336727528128,-30.702844148812687
626,627.0,0.3149458372381071,7.264693044553324,0.6328053683516047,0.400016097442575,0.04921095512891793,0.20003000146173489,0.7166336727527713,-30.702844148724502
627,628.0,0.8913496625952774,3.7429750006692335,0.6328057253600258,0.40001623799005465,0.04921095512757489,0.20003000145900532,0.7166336727528546,-30.702844148915545
628,629.0,0.9318306586354574,8.21253292846847,0.6328056465671359,0.4000162118829645,0.049210955127645215,0.20003000145914823,0.7166336727528524,-30.70284414890554
629,630.0,0.9958688175164367,8.640717825527947,0.6328056520722456,0.40001620894115764,0.04921095512763979,0.2000300014591372,0.7166336727528516,-30.70284414890631
630,631.0,0.5672122534157726,5.340230700495148,0.6328056352558786,0.400016200224688,0.04921095512767189,0.20003000145920244,0.7166336727528491,-30.70284414890174
631,632.0,0.41667404601123037,8.784595748199328,0.6328053969384908,0.40001610834504503,0.04921095512871621,0.2000300014613249,0.716633672752784,-30.702844148753194
632,633.0,0.3022317232543217,1.0401639889917862,0.6328057305597469,0.4000162346416414,0.04921095512757462,0.20003000145900476,0.7166336727528544,-30.70284414891558
633,634.0,0.43289440945656765,8.648149523634402,0.6328054142799042,0.4000161155320147,0.04921095512860018,0.20003000146108907,0.7166336727527918,-30.7028441487697
634,635.0,0.606876940513241,0.09386652328803304,0.6328057300867955,0.40001623114184565,0.04921095512757478,0.2000300014590051,0.7166336727528545,-30.702844148915553
635,636.0,0.07404901911117001,7.768104481335981,0.6328057273712897,0.40001624031831434,0.049210955127574625,0.2000300014590048,0.7166336727528544,-30.70284414891558
636,637.0,0.9512812067250386,8.58491191086231,0.6328056427492105,0.40001620753557515,0.049210955127654055,0.2000300014591662,0.7166336727528513,-30.702844148904276
637,638.0,0.3787350193499275,5.4745418637231476,0.632805516151202,0.40001615910118243,0.04921095512804152,0.20003000145995367,0.7166336727528294,-30.702844148849167
638,639.0,0.7792280316608532,5.475947184288297,0.6328056870764734,0.4000162243830641,0.04921095512759458,0.20003000145904534,0.716633672752854,-30.70284414891274
639,640.0,0.6599919034952632,9.360002892219642,0.6328055235421604,0.4000161588282141,0.04921095512801578,0.20003000145990135,0.7166336727528293,-30.702844148852833
640,641.0,0.3144746615788361,9.286763477072318,0.6328052948549555,0.40001606333841083,0.04921095512953584,0.2000300014629907,0.7166336727527245,-30.702844148636608
641,642.0,0.58165756653933,1.7307903417446155,0.6328057270251309,0.4000162411458412,0.04921095512757464,0.2000300014590048,0.7166336727528544,-30.702844148915574
642,643.0,0.8303795218932772,9.27141595953879,0.6328055915983638,0.4000161868935906,0.049210955127773175,0.2000300014594083,0.7166336727528446,-30.702844148887337
643,644.0,0.8296845546250066,1.7015581080242699,0.6328057348813093,0.40001624584259426,0.04921095512757473,0.20003000145900499,0.7166336727528537,-30.70284414891556
644,645.0,0.16394860034282333,2.51274064608577,0.6328054994550346,0.40001614894248344,0.04921095512812447,0.20003000146012226,0.7166336727528222,-30.702844148837364
645,646.0,0.6695047859897976,7.223570611849519,0.6328056018660166,0.4000161886091143,0.049210955127747764,0.20003000145935665,0.7166336727528454,-30.702844148890946
646,647.0,0.05688686968404644,9.638259692225265,0.6328057290933781,0.4000162375460267,0.0492109551275746,0.2000300014590047,0.7166336727528544,-30.70284414891558
647,648.0,0.914225702900539,5.012769022878837,0.6328057140684088,0.40001623236570366,0.04921095512757795,0.20003000145901154,0.7166336727528546,-30.702844148915105
648,649.0,0.33696515155919093,6.0471990004048815,0.6328054496296014,0.4000161281976673,0.04921095512838793,0.20003000146065772,0.7166336727528045,-30.70284414879989
649,650.0,0.4394837821352844,5.947548838563537,0.6328055380900545,0.4000161621172287,0.04921095512796057,0.2000300014597892,0.7166336727528317,-30.702844148860684
650,651.0,0.9992369182505405,6.903671982699798,0.6328056907541573,0.40001622312137053,0.04921095512759234,0.20003000145904076,0.716633672752854,-30.70284414891306
651,652.0,0.7054779586699416,6.983937231648586,0.6328056230389664,0.400016197432741,0.049210955127695695,0.20003000145925082,0.7166336727528484,-30.702844148898357
652,653.0,0.6703969414042454,2.5568878533402564,0.6328057253220195,0.4000162407562878,0.049210955127574826,0.20003000145900518,0.7166336727528542,-30.702844148915545
653,654.0,0.6592569880274113,6.370150689632558,0.6328056273602,0.40001620123686826,0.049210955127684336,0.20003000145922772,0.7166336727528497,-30.702844148899977
654,655.0,0.5539073160744579,8.997986434480072,0.6328054797899707,0.4000161431829144,0.04921095512821683,0.20003000146030997,0.7166336727528178,-30.702844148824227
655,656.0,0.30343686896924793,3.3096465836728544,0.6328055984346302,0.40001618874991807,0.04921095512775521,0.2000300014593718,0.7166336727528454,-30.702844148889888
656,657.0,0.08956853536144083,2.763360138618046,0.6328052810599899,0.4000160610562842,0.04921095512964812,0.20003000146321886,0.7166336727527207,-30.702844148620635
657,658.0,0.8483824124425996,2.0251135797942568,0.6328058492112452,0.40001626406864454,0.0492109551276906,0.2000300014592405,0.7166336727528503,-30.702844148899082
658,659.0,0.29106802087380534,7.962973170345329,0.6328053167495523,0.40001607407369877,0.04921095512933743,0.20003000146258745,0.7166336727527405,-30.702844148664823
659,660.0,0.9663892030351169,8.592482289482609,0.6328056473512473,0.40001620617251826,0.0492109551276484,0.2000300014591547,0.716633672752851,-30.702844148905086
660,661.0,0.34966960480375653,7.867817732747716,0.632805376238523,0.4000161004073509,0.04921095512886077,0.2000300014616187,0.7166336727527749,-30.70284414873263
661,662.0,0.5428475547189215,5.579368058143831,0.6328056133693883,0.40001619467991506,0.049210955127716983,0.20003000145929412,0.7166336727528475,-30.70284414889533
662,663.0,0.29250976838463805,4.09556022498148,0.6328055271738744,0.400016161000888,0.049210955127999154,0.20003000145986757,0.716633672752831,-30.702844148855192
663,664.0,0.9388741462857793,9.774741575465091,0.6328056093229003,0.40001619491393725,0.04921095512772487,0.20003000145931013,0.7166336727528477,-30.702844148894208
664,665.0,0.017741035016275997,5.737471196366243,0.6328057282013547,0.4000162387795797,0.049210955127574604,0.2000300014590047,0.7166336727528545,-30.70284414891558
665,666.0,0.7116871231945615,9.283711764077871,0.6328055483446762,0.4000161680405821,0.04921095512791796,0.20003000145970257,0.7166336727528352,-30.702844148866745
666,667.0,0.34557003834499145,2.720131079658296,0.6328056709705407,0.4000162143555204,0.049210955127613705,0.20003000145908417,0.716633672752853,-30.702844148910025
667,668.0,0.962605829331613,2.4100264036343932,0.6328059424403609,0.40001629264393634,0.04921095512796683,0.20003000145980188,0.7166336727528388,-30.70284414885979
668,669.0,0.2313703263603759,1.8842790128322005,0.6328056626159302,0.40001621611906946,0.04921095512762188,0.2000300014591008,0.7166336727528531,-30.70284414890886
669,670.0,0.743329989693902,8.05909285719093,0.6328055998981691,0.4000161884043751,0.049210955127752316,0.2000300014593659,0.7166336727528455,-30.7028441488903
670,671.0,0.15184244610004605,7.962138164234293,0.6328051484698289,0.4000160041088161,0.049210955131067914,0.20003000146610445,0.7166336727526182,-30.702844148418677
671,672.0,0.35207083687675444,9.844900153033791,0.63280531006214,0.40001607196611216,0.049210955129392456,0.20003000146269928,0.7166336727527374,-30.702844148657
672,673.0,0.7125920485578284,9.899858098178322,0.6328055299381525,0.4000161604205515,0.049210955127990806,0.2000300014598506,0.7166336727528304,-30.70284414885638
673,674.0,0.32256725473931147,1.5261106565012441,0.6328057231957029,0.40001624930892965,0.04921095512757477,0.2000300014590051,0.7166336727528534,-30.702844148915553
674,675.0,0.049253044947936364,6.247716872185755,0.6328057275789729,0.4000162403498312,0.04921095512757463,0.2000300014590048,0.7166336727528542,-30.70284414891558
675,676.0,0.008232048101872391,1.6212716821929953,0.6328057302840483,0.40001623467944836,0.049210955127574584,0.20003000145900468,0.7166336727528546,-30.702844148915588
676,677.0,0.5017040022356053,0.9674227135914281,0.6328057272947757,0.40001624132853086,0.04921095512757463,0.2000300014590048,0.7166336727528542,-30.70284414891558
677,678.0,0.15620566657065293,7.826997919235005,0.6328051593859227,0.40001600551068756,0.04921095513095414,0.20003000146587321,0.7166336727526212,-30.702844148434863
678,679.0,0.25084392021851043,5.473105195770315,0.6328053869490499,0.400016103496551,0.049210955128788036,0.20003000146147087,0.7166336727527787,-30.702844148742976
679,680.0,0.6441367138366463,3.355601555957184,0.6328057173237494,0.4000162332870938,0.04921095512757691,0.20003000145900943,0.7166336727528545,-30.702844148915247
680,681.0,0.0925210732907048,8.923202371153913,0.6328057278840679,0.40001623978712625,0.04921095512757461,0.20003000145900476,0.7166336727528544,-30.70284414891558
681,682.0,0.18073179858141164,8.433109192083464,0.6328051744672958,0.40001601491918726,0.04921095513076233,0.20003000146548336,0.7166336727526398,-30.70284414846214
682,683.0,0.6561759380860762,9.899730168035907,0.6328055035403859,0.4000161518206781,0.04921095512810273,0.20003000146007807,0.7166336727528244,-30.702844148840455
683,684.0,0.059754693410495885,9.932605031592736,0.6328057286647284,0.4000162384018798,0.049210955127574604,0.2000300014590047,0.7166336727528544,-30.70284414891558
684,685.0,0.3343397253034921,4.3199119671984665,0.6328055516280444,0.40001616891682573,0.04921095512790647,0.2000300014596792,0.7166336727528357,-30.702844148868373
685,686.0,0.6993341447789971,0.5621725839090863,0.6328057267917624,0.400016239935923,0.04921095512757469,0.20003000145900487,0.7166336727528544,-30.702844148915567
686,687.0,0.3544084899901041,5.893307563116606,0.6328054730961545,0.40001613940693065,0.049210955128254096,0.20003000146038571,0.7166336727528146,-30.702844148818926
687,688.0,0.8465192548864446,3.392883610901866,0.6328057257041904,0.40001623853371837,0.04921095512757488,0.2000300014590053,0.7166336727528544,-30.702844148915545
688,689.0,0.36731266848597877,0.24900647391234582,0.6328057276822003,0.4000162412774912,0.04921095512757459,0.20003000145900468,0.7166336727528543,-30.70284414891558
689,690.0,0.5575563886508925,1.4374954406561482,0.6328057287345782,0.40001623813114945,0.04921095512757464,0.2000300014590048,0.7166336727528542,-30.702844148915574
690,691.0,0.0855803382026401,6.708466937685463,0.6328057290593451,0.4000162372646692,0.04921095512757463,0.2000300014590048,0.7166336727528543,-30.70284414891558
691,692.0,0.984656615559058,0.47484955698268216,0.632805753742637,0.4000161960164506,0.049210955127575534,0.2000300014590066,0.7166336727528482,-30.702844148915446
692,693.0,0.6336660792615953,3.8093445782944206,0.6328057062562817,0.40001623013176896,0.04921095512758137,0.2000300014590185,0.7166336727528545,-30.702844148914615
693,694.0,0.2673502547171418,0.43927494067230105,0.6328057290768674,0.40001623898885597,0.049210955127574584,0.20003000145900468,0.7166336727528542,-30.702844148915588
694,695.0,0.5981073807659789,1.0336464669883136,0.6328057257127319,0.4000162391796797,0.04921095512757481,0.20003000145900515,0.7166336727528545,-30.702844148915545
695,696.0,0.9316935209141717,6.57781914716586,0.6328056858595988,0.4000162247256819,0.04921095512759537,0.20003000145904692,0.716633672752854,-30.702844148912625
696,697.0,0.4718207847968743,4.4525996750641035,0.6328056327859252,0.40001620416988626,0.0492109551276725,0.2000300014592037,0.7166336727528504,-30.702844148901654
697,698.0,0.7716128551367137,5.554890832194438,0.6328056854262758,0.40001621930338566,0.049210955127597905,0.2000300014590521,0.7166336727528535,-30.702844148912263
698,699.0,0.00987231616472839,9.41121665839948,0.6328057272019533,0.40001624096377686,0.049210955127574625,0.2000300014590048,0.7166336727528544,-30.70284414891558
699,700.0,0.9810609871695638,7.964089787838095,0.6328056640142017,0.40001621529820425,0.04921095512762077,0.20003000145909855,0.7166336727528531,-30.702844148909016
700,701.0,0.02240180318767826,9.994656611540544,0.6328057290637071,0.40001623752663457,0.04921095512757462,0.20003000145900476,0.7166336727528544,-30.70284414891558
701,702.0,0.36500500083430654,5.938908870268735,0.6328054799453249,0.4000161418625656,0.049210955128219165,0.20003000146031472,0.7166336727528165,-30.702844148823893
702,703.0,0.5281592374340641,9.993667471889832,0.6328054330322201,0.40001611948279353,0.049210955128491995,0.2000300014608692,0.7166336727527959,-30.70284414878509
703,704.0,0.7841819864861794,9.398454082216675,0.6328055705403607,0.4000161824266379,0.04921095512783198,0.20003000145952782,0.7166336727528426,-30.702844148878974
704,705.0,0.6616567932181937,3.0906165994652253,0.6328057224359711,0.40001623636454126,0.04921095512757546,0.20003000145900648,0.7166336727528545,-30.70284414891546
705,706.0,0.5751486215409962,2.989917617441364,0.6328057155218524,0.40001623721775076,0.0492109551275769,0.2000300014590094,0.7166336727528544,-30.702844148915254
706,707.0,0.23735497545197337,9.023430760761975,0.632805224725964,0.40001603586231155,0.04921095513021093,0.20003000146436273,0.716633672752679,-30.702844148540578
707,708.0,0.9603575603204307,3.863427488954106,0.6328057263832596,0.4000162375945759,0.049210955127574826,0.20003000145900518,0.7166336727528544,-30.702844148915545
708,709.0,0.06034959822349428,8.566913295651341,0.632805728453086,0.40001623989597135,0.04921095512757459,0.20003000145900468,0.7166336727528544,-30.70284414891558
709,710.0,0.3475321378356572,3.7598522619563015,0.6328055998488876,0.40001619022189433,0.049210955127750304,0.2000300014593618,0.7166336727528461,-30.702844148890584
710,711.0,0.6735965031533554,1.5028820931962823,0.63280577123359,0.40001624844717953,0.04921095512758734,0.2000300014590306,0.7166336727528534,-30.70284414891377
711,712.0,0.6626486591374084,7.70055815963477,0.63280558202269,0.40001618050638715,0.0492109551278048,0.20003000145947258,0.7166336727528416,-30.702844148882832
712,713.0,0.5032608003863855,7.887983720492153,0.6328054918345094,0.40001614788569184,0.04921095512815688,0.20003000146018812,0.7166336727528215,-30.702844148832753
713,714.0,0.8989877263091313,5.737719723773068,0.6328056992773985,0.4000162290155227,0.049210955127585096,0.20003000145902605,0.7166336727528544,-30.70284414891409
714,715.0,0.6718531322329673,3.784693472081221,0.6328057105302206,0.4000162342636584,0.04921095512757882,0.20003000145901328,0.7166336727528546,-30.702844148914984
715,716.0,0.5389173443309706,7.989277482486659,0.6328055103314549,0.40001615198332396,0.0492109551280767,0.20003000146002517,0.7166336727528247,-30.702844148844164
716,717.0,0.2777966915354634,6.763788132624392,0.6328053527130652,0.4000160887684624,0.049210955129044484,0.20003000146199207,0.7166336727527605,-30.702844148706504
717,718.0,0.44422380576447074,8.15317876666241,0.63280544266198,0.4000161246927621,0.04921095512843044,0.20003000146074412,0.7166336727528013,-30.702844148793844
718,719.0,0.47341220331323897,8.899423285425682,0.6328054337838469,0.40001612421175625,0.04921095512847552,0.20003000146083572,0.7166336727528007,-30.702844148787428
719,720.0,0.775460693863985,3.6672098245630287,0.6328057220184821,0.40001623569145817,0.04921095512757562,0.20003000145900676,0.7166336727528544,-30.70284414891544
720,721.0,0.3979912931182359,8.523150803572284,0.632805393244867,0.40001610470088417,0.04921095512874816,0.20003000146138983,0.7166336727527799,-30.702844148748646
721,722.0,0.1614480828403999,5.070929678379887,0.6328052756702339,0.4000160588914124,0.04921095512969804,0.2000300014633203,0.7166336727527174,-30.702844148613536
722,723.0,0.4500236217641157,0.0032943189835189742,0.6328057290575423,0.40001623541857956,0.04921095512757468,0.20003000145900487,0.7166336727528544,-30.702844148915567
723,724.0,0.888689251106581,6.830208501221586,0.6328056735141202,0.4000162188532153,0.04921095512760878,0.20003000145907418,0.7166336727528534,-30.70284414891072
724,725.0,0.7101379063107788,5.202292467326098,0.6328056808487932,0.4000162220132855,0.04921095512760051,0.20003000145905736,0.716633672752854,-30.702844148911893
725,726.0,0.22092835856994608,4.8729231566748625,0.6328053830841152,0.4000161033930923,0.04921095512881089,0.20003000146151734,0.7166336727527785,-30.70284414873973
726,727.0,0.016230368984750054,6.022184413058182,0.6328057291323239,0.4000162369820245,0.04921095512757456,0.20003000145900465,0.7166336727528547,-30.702844148915588
727,728.0,0.9534835396384783,4.515527586009803,0.6328057217367767,0.4000162364369058,0.0492109551275756,0.20003000145900673,0.7166336727528544,-30.70284414891544
728,729.0,0.18398455984174988,1.0525653097881735,0.6328057294804854,0.40001623713321016,0.04921095512757456,0.20003000145900465,0.7166336727528546,-30.702844148915588
729,730.0,0.9375520144192351,7.289358613038106,0.6328056717027499,0.4000162188174942,0.04921095512761057,0.20003000145907782,0.7166336727528535,-30.702844148910465
730,731.0,0.6364191000547733,2.829900745220818,0.6328057237943359,0.40001623661490315,0.04921095512757522,0.20003000145900598,0.7166336727528544,-30.702844148915496
731,732.0,0.7206221048658459,3.092394076754055,0.632805724759806,0.40001623764846894,0.04921095512757507,0.20003000145900568,0.7166336727528542,-30.702844148915517
732,733.0,0.6799894818755374,6.978507610831334,0.6328056138832984,0.40001619413187534,0.04921095512771651,0.20003000145929312,0.7166336727528475,-30.702844148895394
733,734.0,0.12083424094395534,6.403361738442331,0.632805146031156,0.40001600363286627,0.049210955131094455,0.20003000146615837,0.7166336727526172,-30.702844148414897
734,735.0,0.7401071157888047,7.811822118154629,0.632805605631333,0.40001619379415887,0.049210955127733734,0.20003000145932812,0.7166336727528475,-30.702844148892943
735,736.0,0.13681763179539252,7.8138130069857175,0.6328057275992744,0.40001624032786076,0.04921095512757463,0.2000300014590048,0.7166336727528542,-30.70284414891558
736,737.0,0.12777395866216434,9.695151345526202,0.6328057276306832,0.4000162403259838,0.04921095512757466,0.20003000145900485,0.7166336727528542,-30.702844148915574
737,738.0,0.6779650585320308,7.643916156594581,0.6328055891026991,0.40001618620105756,0.049210955127779926,0.200030001459422,0.7166336727528444,-30.702844148886378
738,739.0,0.34991458805137177,1.3107421647385804,0.632805726796241,0.4000162408267647,0.049210955127574674,0.20003000145900487,0.7166336727528542,-30.702844148915574
739,740.0,0.48654252178463475,6.290561668160964,0.6328055501737128,0.4000161713131328,0.04921095512790703,0.20003000145968036,0.716633672752837,-30.702844148868294
740,741.0,0.9242805256414707,4.494531705731279,0.6328057194460247,0.4000162376250722,0.04921095512757589,0.20003000145900734,0.7166336727528545,-30.702844148915403
741,742.0,0.7095540833587451,0.15712714172821893,0.6328057293510526,0.4000162404723783,0.04921095512757449,0.2000300014590045,0.7166336727528545,-30.702844148915602
742,743.0,0.6672930332639682,6.2683168165873635,0.6328056339924661,0.40001620386653475,0.04921095512767073,0.20003000145920008,0.7166336727528506,-30.70284414890191
743,744.0,0.15076164373538492,0.9546407985598813,0.6328057272302762,0.400016242236793,0.049210955127574584,0.20003000145900468,0.7166336727528544,-30.702844148915588
744,745.0,0.8200464439429392,7.279337101212846,0.6328056474309962,0.40001620743614524,0.0492109551276473,0.20003000145915248,0.7166336727528514,-30.702844148905243
745,746.0,0.661645980987448,5.043784577844956,0.6328056762736536,0.4000162173983304,0.049210955127606835,0.20003000145907024,0.7166336727528533,-30.702844148910998
746,747.0,0.2795362306197826,9.782711655226755,0.6328052465463114,0.4000160446704515,0.04921095512998907,0.20003000146391184,0.7166336727526943,-30.70284414857214
747,748.0,0.544411383059626,3.1453929300265213,0.632805710450926,0.4000162295498493,0.04921095512757974,0.20003000145901514,0.7166336727528546,-30.70284414891485
748,749.0,0.5586580871968996,7.0030554796110485,0.6328055602935766,0.40001617301020903,0.049210955127874406,0.20003000145961405,0.7166336727528378,-30.702844148872934
749,750.0,0.7087204864006165,6.824714555772307,0.6328056294413272,0.40001620003052163,0.0492109551276818,0.20003000145922262,0.7166336727528495,-30.702844148900333
750,751.0,0.01055092076712194,1.4643600870881148,0.6328057302036475,0.40001623522216906,0.049210955127574625,0.2000300014590048,0.7166336727528544,-30.70284414891558
751,752.0,0.6398907178588314,5.936699775545047,0.6328056364637082,0.40001620640891294,0.04921095512766461,0.20003000145918765,0.7166336727528512,-30.702844148902777
752,753.0,0.06237475591644792,9.735264682064141,0.632805729147229,0.4000162377703626,0.04921095512757456,0.20003000145900465,0.7166336727528546,-30.702844148915588
753,754.0,0.672123543637512,3.681459792635781,0.6328057143262382,0.4000162316806265,0.049210955127577956,0.20003000145901154,0.7166336727528548,-30.702844148915105
754,755.0,0.2446702596826812,5.6268232499411655,0.6328053694836216,0.4000160972839654,0.04921095512891154,0.2000300014617219,0.7166336727527712,-30.702844148725404
755,756.0,0.64023644787723,5.162874336802139,0.6328056656521486,0.40001621446665736,0.04921095512761947,0.2000300014590959,0.7166336727528526,-30.7028441489092
756,757.0,0.3589947696145366,6.395268945598009,0.6328054513168341,0.4000161296309495,0.04921095512837635,0.2000300014606342,0.7166336727528058,-30.70284414880154
757,758.0,0.1622955018105945,7.810280773519425,0.6328051668426773,0.40001601369518613,0.04921095513084055,0.20003000146564234,0.7166336727526377,-30.70284414845102
758,759.0,0.8102164794650214,8.19767818205186,0.6328056178844006,0.4000161951663889,0.049210955127707644,0.2000300014592751,0.7166336727528477,-30.702844148896652
759,760.0,0.31163118740968976,2.9631662810902037,0.6328056318910031,0.400016200624764,0.04921095512767712,0.20003000145921307,0.7166336727528495,-30.702844148901
760,761.0,0.6528495134459852,4.728427214955938,0.632805682742829,0.4000162236591213,0.049210955127598245,0.20003000145905275,0.7166336727528541,-30.70284414891222
761,762.0,0.05784101890469229,9.932295808100791,0.6328057278286677,0.4000162400916358,0.04921095512757462,0.20003000145900476,0.7166336727528543,-30.70284414891558
762,763.0,0.22334288743823083,1.2950289931407903,0.632805725326777,0.4000162445773704,0.049210955127574695,0.20003000145900493,0.7166336727528541,-30.702844148915567
763,764.0,0.5446981551799,6.519446566990927,0.632805573622429,0.4000161780779297,0.04921095512782993,0.20003000145952365,0.7166336727528406,-30.702844148879265
764,765.0,0.31172698531347043,4.30355269841495,0.6328055320122686,0.40001616063569334,0.04921095512798339,0.20003000145983554,0.7166336727528306,-30.702844148857437
765,766.0,0.8754666409820457,7.6270409894468605,0.6328056512788834,0.4000162084947532,0.049210955127641176,0.20003000145914004,0.7166336727528515,-30.70284414890611
766,767.0,0.23829340832614754,3.76247203440597,0.632805490853399,0.40001614311405653,0.049210955128171176,0.20003000146021718,0.7166336727528175,-30.70284414883072
767,768.0,0.8297608820882363,0.6093673084198188,0.6328057282477629,0.400016242076191,0.04921095512757454,0.2000300014590046,0.7166336727528543,-30.702844148915595
768,769.0,0.483949799839409,8.215265369509936,0.6328054647376984,0.4000161399763409,0.04921095512828951,0.2000300014604577,0.7166336727528152,-30.702844148813888
769,770.0,0.9611856322389467,3.624258587007511,0.6328057273217295,0.400016237813506,0.04921095512757474,0.200030001459005,0.7166336727528544,-30.70284414891556
770,771.0,0.9144426167873412,4.492346518730472,0.6328057176492687,0.40001623970349526,0.04921095512757608,0.20003000145900773,0.7166336727528544,-30.702844148915368
771,772.0,0.4565790691577448,5.793041633062902,0.6328055564954516,0.40001617125897204,0.04921095512788818,0.20003000145964203,0.716633672752837,-30.70284414887098
772,773.0,0.2157601847507159,0.6508186467649614,0.6328057275648716,0.40001623854810986,0.04921095512757467,0.20003000145900485,0.7166336727528544,-30.702844148915574
773,774.0,0.61483908455653,2.047748957424817,0.6328057275846433,0.4000162392072642,0.04921095512757466,0.20003000145900485,0.7166336727528544,-30.702844148915574
774,775.0,0.9673881242541829,9.915117052640367,0.6328056135146929,0.40001619636594715,0.0492109551277149,0.20003000145928987,0.7166336727528482,-30.702844148895622
775,776.0,0.7525583156411068,5.043842378533469,0.6328056951333221,0.4000162235544583,0.04921095512758922,0.2000300014590344,0.7166336727528542,-30.702844148913506
776,777.0,0.1248700009721403,3.2061323398562602,0.6328053338420498,0.4000160864884232,0.049210955129175504,0.20003000146225836,0.7166336727527574,-30.70284414868786
777,778.0,0.6550639714004916,8.884565686549168,0.632805537273438,0.4000161624229301,0.049210955127962745,0.20003000145979358,0.7166336727528317,-30.702844148860372
778,779.0,0.5010665177071152,8.862709101655076,0.6328054542649861,0.40001612962914884,0.0492109551283625,0.20003000146060604,0.716633672752806,-30.702844148803507
779,780.0,0.5403114960761863,5.151187472091265,0.6328056305120381,0.40001620319500947,0.049210955127677154,0.20003000145921318,0.7166336727528502,-30.702844148900994
780,781.0,0.8052280790352406,1.2514815096314102,0.6328057313249486,0.4000162333829301,0.04921095512757459,0.20003000145900468,0.7166336727528544,-30.70284414891558
781,782.0,0.20804719781407377,0.0592830613212445,0.6328057240830864,0.40001624626617255,0.04921095512757473,0.20003000145900499,0.716633672752854,-30.70284414891556
782,783.0,0.9945295569932286,2.8098468877670735,0.6328057287520721,0.4000162379570224,0.04921095512757461,0.20003000145900476,0.7166336727528544,-30.70284414891558
783,784.0,0.31449158662920407,2.2719129666646793,0.6328056849142145,0.4000162192333364,0.04921095512759835,0.200030001459053,0.7166336727528535,-30.702844148912206
784,785.0,0.2877185398743972,4.1271988188358435,0.6328055205111967,0.40001615587081724,0.04921095512803205,0.20003000145993444,0.7166336727528273,-30.70284414885051
785,786.0,0.47107716932314714,5.278171592233791,0.6328055894990432,0.4000161884512791,0.04921095512777618,0.2000300014594144,0.7166336727528452,-30.702844148886903
786,787.0,0.440987444171265,4.867060179248833,0.6328055960482689,0.400016185922481,0.049210955127763994,0.20003000145938962,0.7166336727528444,-30.702844148888644
787,788.0,0.05920296078798715,4.714781332879982,0.6328057272491089,0.400016241547635,0.04921095512757464,0.2000300014590048,0.7166336727528542,-30.702844148915574
788,789.0,0.6872479136437141,2.702899115689965,0.6328057264378997,0.4000162377205761,0.049210955127574826,0.20003000145900518,0.7166336727528544,-30.702844148915545
789,790.0,0.731645916557298,9.187542368439336,0.6328055590362972,0.4000161734947088,0.04921095512787729,0.2000300014596199,0.7166336727528382,-30.70284414887253
790,791.0,0.4837824727340795,0.06271407895336234,0.6328057227401543,0.400016248615296,0.04921095512757479,0.20003000145900512,0.7166336727528537,-30.702844148915553
791,792.0,0.8650474769475709,1.7288388939518857,0.6328057329203701,0.4000162406635912,0.049210955127574424,0.20003000145900435,0.7166336727528544,-30.702844148915602
792,793.0,0.49201922151386734,1.2369875767914713,0.632805732125127,0.4000162329421469,0.04921095512757454,0.2000300014590046,0.7166336727528545,-30.702844148915595
793,794.0,0.7513094879504749,3.1692570617150895,0.6328057241565527,0.40001623913834444,0.04921095512757505,0.20003000145900562,0.7166336727528542,-30.702844148915517
794,795.0,0.8562864745462343,9.336681104838794,0.6328055978090922,0.40001618863060634,0.049210955127756716,0.20003000145937486,0.7166336727528455,-30.70284414888968
795,796.0,0.2779241828838034,4.788074748629127,0.6328054627092917,0.40001613327720026,0.04921095512831465,0.20003000146050878,0.7166336727528095,-30.702844148810314
796,797.0,0.6368942190555793,6.8471981477985775,0.632805601664661,0.4000161902311842,0.049210955127746314,0.2000300014593537,0.716633672752846,-30.70284414889116
797,798.0,0.09880687893790252,7.735980500546394,0.6328057281620707,0.4000162402359359,0.04921095512757459,0.20003000145900468,0.7166336727528543,-30.70284414891558
798,799.0,0.04697828043776964,2.7906199525724333,0.6328057286864328,0.40001623841857026,0.0492109551275746,0.2000300014590047,0.7166336727528544,-30.70284414891558
799,800.0,0.41256401657325226,6.335053234715255,0.6328054992047443,0.40001614774980526,0.04921095512812793,0.2000300014601293,0.7166336727528213,-30.702844148836874
800,801.0,0.05375425430799974,7.403743991633963,0.6328057289732383,0.40001623809319525,0.0492109551275746,0.2000300014590047,0.7166336727528544,-30.70284414891558
801,802.0,0.05268584149679256,4.483172817400252,0.6328057284758593,0.40001623925777663,0.049210955127574584,0.20003000145900468,0.7166336727528544,-30.702844148915588
802,803.0,0.5278229259322108,7.561183011644566,0.6328055206259743,0.40001615666382645,0.04921095512803011,0.2000300014599305,0.7166336727528281,-30.702844148850787
803,804.0,0.853603035905988,4.975241934774271,0.6328057096545895,0.4000162294103692,0.04921095512758013,0.20003000145901595,0.7166336727528542,-30.7028441489148
804,805.0,0.680569673907883,1.2821786358570846,0.6328057292665018,0.40001623812059867,0.04921095512757457,0.20003000145900465,0.7166336727528544,-30.702844148915588
805,806.0,0.6170822570010985,0.2085454704840081,0.632805726813568,0.4000162399055889,0.04921095512757472,0.20003000145900499,0.7166336727528542,-30.70284414891556
806,807.0,0.5753170959712421,8.793354143379151,0.6328054994230249,0.4000161500989087,0.04921095512812221,0.20003000146011765,0.7166336727528231,-30.70284414883769
807,808.0,0.008964314669262952,6.576689954941987,0.632805728277604,0.4000162379862674,0.04921095512757467,0.20003000145900485,0.7166336727528542,-30.702844148915574
808,809.0,0.8759998800387442,0.12210716666635558,0.6328057291127654,0.4000162372678447,0.04921095512757463,0.2000300014590048,0.7166336727528543,-30.70284414891558
809,810.0,0.657220496584547,6.665921126288549,0.632805615444178,0.40001619873905675,0.0492109551277087,0.20003000145927727,0.716633672752849,-30.702844148896503
810,811.0,0.9843849455344474,4.679623425506358,0.6328057218418887,0.400016235843678,0.0492109551275756,0.20003000145900673,0.7166336727528545,-30.70284414891544
811,812.0,0.4566191341999305,8.77513350313668,0.6328054280428945,0.40001611798597686,0.04921095512852139,0.20003000146092897,0.7166336727527944,-30.702844148780912
812,813.0,0.6313552055280149,4.188876106249207,0.6328056943865593,0.4000162279681197,0.049210955127588295,0.20003000145903257,0.7166336727528542,-30.702844148913634
813,814.0,0.7474901416946514,8.817349608109266,0.6328055783811882,0.400016177284885,0.04921095512781854,0.20003000145950048,0.7166336727528402,-30.702844148880885
814,815.0,0.6057481440674056,8.593945628848768,0.6328055226897369,0.4000161594654752,0.04921095512801757,0.200030001459905,0.7166336727528297,-30.702844148852577
815,816.0,0.15848240599910646,9.814841438210388,0.6328057289261644,0.40001623809219894,0.04921095512757459,0.20003000145900468,0.7166336727528544,-30.70284414891558
816,817.0,0.4440121177769344,1.6136202096146295,0.6328057275968104,0.40001623813939147,0.04921095512757472,0.20003000145900499,0.7166336727528543,-30.70284414891556
817,818.0,0.11498812134005798,4.898341669015617,0.6328051962810702,0.40001602363743605,0.04921095513051835,0.2000300014649875,0.7166336727526568,-30.70284414849685
818,819.0,0.7097205979681258,9.355720360202108,0.6328055442592507,0.4000161693918595,0.04921095512792839,0.20003000145972377,0.7166336727528362,-30.70284414886526
819,820.0,0.6859902823841961,0.7123449882435929,0.6328057306218805,0.40001623129845454,0.04921095512757474,0.200030001459005,0.7166336727528544,-30.70284414891556
820,821.0,0.9530862051373813,2.800361497205629,0.6328057282747802,0.40001623899106675,0.049210955127574646,0.20003000145900482,0.7166336727528542,-30.702844148915574
821,822.0,0.8853623271205195,7.851668093863511,0.632805647063412,0.400016207794901,0.04921095512764756,0.200030001459153,0.7166336727528515,-30.7028441489052
822,823.0,0.33166480125990183,7.619077476286875,0.6328053702257208,0.4000160967670891,0.04921095512890875,0.20003000146171623,0.7166336727527705,-30.702844148725802
823,824.0,0.3736929016361076,0.05504447788262109,0.6328057294725872,0.4000162381320878,0.04921095512757457,0.20003000145900465,0.7166336727528544,-30.702844148915588
824,825.0,0.5925683961626692,2.034693318786063,0.6328057260042896,0.4000162414166851,0.049210955127574674,0.20003000145900487,0.7166336727528546,-30.702844148915574
825,826.0,0.46022720776154025,6.1882997390961885,0.6328055388862864,0.4000161659835722,0.04921095512795133,0.20003000145977037,0.7166336727528337,-30.702844148861992
826,827.0,0.39351610552706817,8.264002729687936,0.6328053970531685,0.4000161117532721,0.04921095512870537,0.20003000146130287,0.7166336727527877,-30.702844148754735
827,828.0,0.769625656175265,9.943866456329763,0.6328055505741518,0.40001617034189163,0.049210955127907394,0.20003000145968108,0.7166336727528364,-30.702844148868245
828,829.0,0.2828448949397052,1.529444807021427,0.6328057259591178,0.4000162451129154,0.049210955127574646,0.20003000145900482,0.716633672752854,-30.702844148915574
829,830.0,0.18254535679538986,1.0012301620380997,0.632805729319678,0.4000162370063972,0.04921095512757464,0.2000300014590048,0.7166336727528542,-30.702844148915574
830,831.0,0.4448513489007473,4.728153514574786,0.632805604828487,0.4000161908110532,0.049210955127738785,0.2000300014593384,0.7166336727528464,-30.702844148892225
831,832.0,0.19945432689094555,6.717092208620604,0.6328052567678888,0.4000160500154901,0.049210955129883265,0.2000300014636968,0.7166336727527034,-30.702844148587182
832,833.0,0.639988341072221,1.2402944527696445,0.6328057255989459,0.4000162407741983,0.04921095512757478,0.2000300014590051,0.7166336727528543,-30.702844148915553
833,834.0,0.10834550929012077,1.7315386452018489,0.6328054869066655,0.4000161421347683,0.04921095512818945,0.20003000146025432,0.7166336727528169,-30.70284414882812
834,835.0,0.6010865766009272,8.900692857234016,0.6328055087287577,0.40001615611685554,0.04921095512807449,0.20003000146002067,0.7166336727528275,-30.702844148844477
835,836.0,0.2865158759552957,0.17983490198341442,0.6328057283453116,0.4000162402063645,0.04921095512757454,0.2000300014590046,0.7166336727528545,-30.702844148915595
836,837.0,0.6826746586938286,0.6347158058322215,0.6328057278787141,0.4000162369650725,0.049210955127574695,0.20003000145900493,0.7166336727528546,-30.702844148915567
837,838.0,0.2205699772407954,9.417140511565822,0.6328051941307015,0.40001602700083455,0.04921095513052146,0.20003000146499383,0.7166336727526632,-30.70284414849641
838,839.0,0.8013067353419501,3.8321447056054736,0.6328057216119417,0.40001623514017093,0.049210955127575694,0.20003000145900693,0.7166336727528546,-30.702844148915425
839,840.0,0.9051679865319185,6.980229677273046,0.6328056740948527,0.40001621711486934,0.04921095512760911,0.20003000145907487,0.7166336727528531,-30.70284414891067
840,841.0,0.9687706011006102,5.037414569098638,0.6328057165364005,0.4000162348523474,0.04921095512757696,0.2000300014590095,0.7166336727528542,-30.702844148915247
841,842.0,0.9644111885107973,7.849681498788871,0.6328056644012936,0.4000162138189165,0.04921095512762124,0.20003000145909952,0.7166336727528526,-30.702844148908945
842,843.0,0.5406318909467889,0.651542766418891,0.6328057298997221,0.40001623590355906,0.04921095512757459,0.20003000145900468,0.7166336727528545,-30.70284414891558
843,844.0,0.7155891625761583,1.3614880906598188,0.6328057238556615,0.40001624657182333,0.049210955127574764,0.20003000145900504,0.7166336727528538,-30.702844148915553
844,845.0,0.2293124055304473,3.687320461068646,0.6328054851748763,0.4000161404070492,0.04921095512820049,0.20003000146027677,0.7166336727528153,-30.70284414882655
845,846.0,0.021510768778740474,8.901909298485645,0.6328057291780743,0.40001623682977316,0.049210955127574604,0.2000300014590047,0.7166336727528545,-30.70284414891558
846,847.0,0.9519261538932359,6.311674408252839,0.6328056957261476,0.40001622600081554,0.04921095512758807,0.2000300014590321,0.7166336727528542,-30.702844148913663
847,848.0,0.17978188002328133,7.1345839268080375,0.6328052141002134,0.40001603104267713,0.049210955130324974,0.20003000146459451,0.7166336727526703,-30.702844148524356
848,849.0,0.6287921456339176,1.6563441177129457,0.6328061116654515,0.40001630871388105,0.04921095512877399,0.20003000146144234,0.7166336727528292,-30.702844148744973
849,850.0,0.0913524728371401,6.805147635238465,0.6328057286038622,0.40001623878779574,0.0492109551275746,0.2000300014590047,0.7166336727528544,-30.70284414891558
850,851.0,0.7424421510924838,4.963270363527594,0.6328056940735457,0.4000162254916056,0.049210955127589294,0.20003000145903457,0.7166336727528542,-30.702844148913492
851,852.0,0.8167761149458622,8.775453014560515,0.632805602651448,0.40001618962149826,0.04921095512774489,0.2000300014593508,0.7166336727528457,-30.70284414889136
852,853.0,0.8925549730925363,1.2869352851743474,0.632805727509548,0.40001624103430444,0.04921095512757464,0.2000300014590048,0.7166336727528542,-30.702844148915574
853,854.0,0.8115399174359627,2.2862329349544166,0.6328057287204498,0.4000162375411995,0.04921095512757463,0.2000300014590048,0.7166336727528544,-30.70284414891558
854,855.0,0.24981248763249575,0.31813532420446256,0.6328057284286673,0.40001623990419866,0.0492109551275746,0.2000300014590047,0.7166336727528542,-30.70284414891558
855,856.0,0.037554926236776254,5.012158507777948,0.6328057281919343,0.40001624030070115,0.04921095512757456,0.20003000145900465,0.7166336727528544,-30.702844148915588
856,857.0,0.8192212266016414,9.78609128095766,0.6328055743156421,0.400016177721813,0.04921095512782861,0.20003000145952096,0.7166336727528404,-30.70284414887945
857,858.0,0.3609128227353754,5.493084943798382,0.6328055006654889,0.4000161509249944,0.04921095512811566,0.20003000146010433,0.7166336727528236,-30.702844148838615
858,859.0,0.8594911395166814,5.519268756633655,0.6328056990496672,0.4000162287941314,0.0492109551275853,0.20003000145902644,0.7166336727528544,-30.70284414891406
859,860.0,0.1436093741853749,9.229424062967533,0.6328057264303619,0.40001624252820334,0.04921095512757466,0.20003000145900485,0.7166336727528542,-30.702844148915574
860,861.0,0.14533789356902305,8.36807597846972,0.6328057281671765,0.4000162402408242,0.04921095512757456,0.20003000145900465,0.7166336727528544,-30.702844148915588
861,862.0,0.6525194976612175,3.057323806245557,0.632805722256011,0.40001623554356985,0.04921095512757556,0.20003000145900668,0.7166336727528545,-30.702844148915446
862,863.0,0.4548934013209396,1.4536717032969309,0.6328057241917586,0.4000162462318665,0.04921095512757479,0.20003000145900512,0.7166336727528535,-30.702844148915553
863,864.0,0.32355437496395856,0.017510765889721808,0.6328057281627942,0.40001623903044237,0.049210955127574625,0.2000300014590048,0.7166336727528544,-30.70284414891558
864,865.0,0.5939611154245199,2.5880358819559883,0.6328057242976315,0.4000162383371228,0.04921095512757504,0.20003000145900562,0.7166336727528544,-30.702844148915517
865,866.0,0.5488485116302008,9.244733617667329,0.6328054681355472,0.40001613902984057,0.04921095512827667,0.20003000146043157,0.7166336727528144,-30.70284414881572
866,867.0,0.17464293013508858,9.06715530162214,0.6328051495785183,0.4000160059343958,0.04921095513104742,0.20003000146606278,0.716633672752622,-30.702844148421597
867,868.0,0.11106541739892883,8.54337521181,0.6328057277290141,0.40001624005793757,0.049210955127574625,0.2000300014590048,0.7166336727528544,-30.70284414891558
868,869.0,0.23732712150358382,5.090001541912805,0.632805392751453,0.40001610470139587,0.04921095512875097,0.20003000146139555,0.7166336727527799,-30.702844148748248
869,870.0,0.6283961280496491,3.5235075267533555,0.6328057113183152,0.4000162335921525,0.04921095512757868,0.200030001459013,0.7166336727528545,-30.702844148915005
870,871.0,0.9947090888193181,5.024584257276739,0.632805717408508,0.40001623714799117,0.049210955127576436,0.20003000145900846,0.7166336727528544,-30.702844148915318
871,872.0,0.6601500883405254,0.2761836510434566,0.6328057328233827,0.4000162276625615,0.04921095512757473,0.20003000145900499,0.7166336727528542,-30.70284414891556
872,873.0,0.7354328759605329,3.6410823379594492,0.632805718683537,0.4000162372695402,0.0492109551275761,0.20003000145900776,0.7166336727528544,-30.702844148915368
873,874.0,0.608925462282369,3.549189514045069,0.6328057083604571,0.4000162314662685,0.04921095512758016,0.20003000145901603,0.7166336727528546,-30.702844148914792
874,875.0,0.9732627702596568,1.4151988065253016,0.632805726599191,0.40001624003853875,0.04921095512757468,0.20003000145900487,0.7166336727528545,-30.702844148915567
875,876.0,0.19858725071555883,8.441490306655405,0.6328051951006748,0.4000160277892521,0.049210955130508924,0.20003000146496838,0.7166336727526645,-30.702844148498194
876,877.0,0.38998811687893964,6.388364684022752,0.6328054789651539,0.40001613877653047,0.04921095512823032,0.2000300014603374,0.716633672752814,-30.702844148822308
877,878.0,0.475100726721873,9.37906975627202,0.6328054196843489,0.400016113879773,0.04921095512857624,0.20003000146104044,0.71663367275279,-30.702844148773103
878,879.0,0.4457216751665608,6.370644241370727,0.6328055199454701,0.40001615979818556,0.04921095512802662,0.20003000145992336,0.71663367275283,-30.702844148851284
879,880.0,0.6912878447941372,7.068756652446045,0.6328056157788745,0.4000161929860438,0.049210955127714,0.20003000145928804,0.716633672752847,-30.70284414889575
880,881.0,0.4573759809961303,0.628224585143994,0.632805728201309,0.40001624230492927,0.049210955127574584,0.20003000145900468,0.7166336727528541,-30.702844148915588
881,882.0,0.40061395769421615,2.885360326281613,0.6328056851880398,0.4000162198844701,0.04921095512759788,0.20003000145905203,0.7166336727528535,-30.70284414891227
882,883.0,0.5953543784462598,3.697836782448581,0.6328057032013361,0.4000162287287689,0.04921095512758313,0.20003000145902208,0.7166336727528544,-30.702844148914366
883,884.0,0.9328026526212131,6.712750620222388,0.6328056828991577,0.4000162243241604,0.04921095512759778,0.20003000145905184,0.7166336727528544,-30.702844148912284
884,885.0,0.08541076150067062,8.721756477294994,0.6328057285762475,0.40001623879490567,0.04921095512757458,0.20003000145900468,0.7166336727528545,-30.702844148915588
885,886.0,0.49712496555633034,8.02027602971832,0.6328054824912529,0.4000161439674281,0.049210955128203726,0.20003000146028335,0.7166336727528184,-30.702844148826088
886,887.0,0.6234901824621463,1.3455037149162228,0.6328057325245288,0.4000162322139643,0.04921095512757454,0.2000300014590046,0.7166336727528544,-30.702844148915595
887,888.0,0.07859060161919706,4.615521819997086,0.6328057276754914,0.4000162401172566,0.049210955127574625,0.2000300014590048,0.7166336727528543,-30.70284414891558
888,889.0,0.1020351727954717,9.85348694787724,0.6328057293024669,0.40001623663487734,0.04921095512757461,0.20003000145900476,0.7166336727528544,-30.70284414891558
889,890.0,0.20596611422556987,1.7658840354095522,0.6328056551323691,0.4000162077729625,0.04921095512763652,0.20003000145913055,0.7166336727528515,-30.702844148906777
890,891.0,0.04856572270218351,9.011920972832405,0.6328057260148394,0.40001624281954096,0.04921095512757472,0.20003000145900499,0.7166336727528538,-30.70284414891556
891,892.0,0.317322120581089,8.868692253831895,0.6328053107871274,0.40001607081994933,0.04921095512939169,0.20003000146269773,0.7166336727527356,-30.702844148657107
892,893.0,0.11892019967145939,0.6456615311279077,0.6328057312117492,0.4000162335328719,0.049210955127574584,0.20003000145900468,0.7166336727528545,-30.702844148915588
893,894.0,0.1733136748570263,3.1881078029355936,0.6328054408537065,0.4000161260276425,0.04921095512843579,0.20003000146075497,0.7166336727528024,-30.702844148793083
894,895.0,0.4707238338462455,6.4835051830744765,0.6328055326728408,0.40001616058400735,0.04921095512798129,0.20003000145983127,0.7166336727528304,-30.702844148857736
895,896.0,0.5456950063384203,2.737819946024102,0.632805719716296,0.40001623382779694,0.04921095512757619,0.20003000145900796,0.7166336727528548,-30.702844148915354
896,897.0,0.11105694805587618,5.384195630538253,0.6328051651475279,0.4000160121406093,0.04921095513086463,0.20003000146569128,0.7166336727526346,-30.70284414844759
897,898.0,0.35681504448244494,6.679487592440466,0.6328054366068308,0.40001612122914076,0.049210955128469354,0.20003000146082317,0.716633672752798,-30.70284414878831
898,899.0,0.8820902103622132,7.179533645507908,0.6328056633535692,0.40001621548288835,0.04921095512762142,0.20003000145909988,0.716633672752853,-30.702844148908923
899,900.0,0.2853531050811703,1.7681956395058456,0.6328057030380956,0.4000162295500647,0.049210955127582987,0.20003000145902178,0.7166336727528545,-30.702844148914387
900,901.0,0.293414479693475,5.352953910663378,0.6328054443583206,0.400016126034866,0.04921095512841874,0.2000300014607203,0.7166336727528024,-30.702844148795506
901,902.0,0.5391943008543245,5.600622264672018,0.6328056112993486,0.4000161927714499,0.04921095512772317,0.20003000145930666,0.7166336727528468,-30.70284414889445
902,903.0,0.37044799766683967,4.9834971998040976,0.6328055380684031,0.4000161671093137,0.04921095512795204,0.20003000145977184,0.7166336727528344,-30.702844148861892
903,904.0,0.5991279401408188,1.7687880829167293,0.6328057281793805,0.4000162398405663,0.049210955127574625,0.2000300014590048,0.7166336727528542,-30.70284414891558
904,905.0,0.9748211449966631,9.234893881621744,0.6328056329791167,0.4000162022518976,0.04921095512767384,0.2000300014592064,0.7166336727528502,-30.70284414890147
905,906.0,0.4922254890042991,1.9357842281540856,0.6328057264055993,0.4000162385952833,0.049210955127574764,0.20003000145900504,0.7166336727528545,-30.702844148915553
906,907.0,0.1826204283810512,1.4370510537777341,0.6328057236832793,0.40001624883068376,0.049210955127574715,0.20003000145900496,0.7166336727528537,-30.702844148915567
907,908.0,0.5781445920527081,6.740862540920338,0.632805581558168,0.4000161786246101,0.04921095512780847,0.20003000145948002,0.7166336727528411,-30.702844148882313
908,909.0,0.921258795602672,6.095901872959164,0.6328056947046339,0.4000162281924872,0.049210955127587996,0.20003000145903194,0.7166336727528544,-30.702844148913677
909,910.0,0.2897930911768658,1.5373170890699692,0.6328057258940378,0.40001624382655554,0.04921095512757469,0.20003000145900487,0.716633672752854,-30.702844148915567
910,911.0,0.5433238243087097,1.6754499646994863,0.63280572796928,0.4000162399136928,0.049210955127574604,0.2000300014590047,0.7166336727528544,-30.70284414891558
911,912.0,0.39288557462745255,4.257506991845243,0.6328055994786688,0.4000161906895217,0.04921095512775058,0.2000300014593624,0.7166336727528462,-30.70284414889055
912,913.0,0.604924376014489,9.321938877982449,0.6328054986654651,0.4000161457073072,0.04921095512813431,0.20003000146014224,0.71663367275282,-30.702844148835965
913,914.0,0.6495051986889981,3.8946398551199577,0.632805705473717,0.40001623209368936,0.049210955127581286,0.20003000145901834,0.7166336727528544,-30.70284414891463
914,915.0,0.9352306299290709,8.433924528038,0.6328056430017511,0.40001620720240655,0.04921095512765396,0.200030001459166,0.7166336727528513,-30.702844148904298
915,916.0,0.8104410187923665,6.190154624792227,0.6328056755594587,0.400016217783059,0.04921095512760733,0.20003000145907124,0.7166336727528534,-30.702844148910927
916,917.0,0.5479384343462694,4.8042309656402225,0.6328056500674489,0.40001620796060294,0.04921095512764323,0.2000300014591442,0.7166336727528515,-30.702844148905818
917,918.0,0.08432829318829915,7.342448037820015,0.6328057288948977,0.4000162379500182,0.049210955127574604,0.2000300014590047,0.7166336727528544,-30.70284414891558
918,919.0,0.8659323298695139,3.201882558396455,0.6328057262501401,0.40001624007581704,0.04921095512757479,0.20003000145900512,0.7166336727528541,-30.702844148915553
919,920.0,0.0008356545142718108,1.5305751698519274,0.6328057290806934,0.4000162377539954,0.049210955127574604,0.2000300014590047,0.7166336727528544,-30.70284414891558
920,921.0,0.9905284480812852,2.788841248432369,0.6328057276212637,0.4000162410819171,0.049210955127574604,0.2000300014590047,0.7166336727528543,-30.70284414891558
921,922.0,0.06074770881081837,7.654209920475344,0.6328057275597522,0.40001623989587504,0.04921095512757464,0.2000300014590048,0.7166336727528543,-30.702844148915574
922,923.0,0.9849472780327045,0.07023185756176584,0.6328057275424641,0.4000162427813862,0.049210955127574604,0.2000300014590047,0.716633672752854,-30.70284414891558
923,924.0,0.5760189494935879,6.725856588540256,0.6328055803067274,0.40001618080888274,0.04921095512780872,0.20003000145948055,0.716633672752842,-30.702844148882278
924,925.0,0.3555551646421006,0.19237644294744272,0.6328057295330429,0.4000162371853179,0.04921095512757457,0.20003000145900465,0.7166336727528544,-30.702844148915588
925,926.0,0.29571003006847985,1.6237814701456,0.63280571126901,0.4000162373850627,0.04921095512757805,0.20003000145901173,0.7166336727528546,-30.70284414891509
926,927.0,0.13067520769827656,1.9746455349555943,0.6328055028073041,0.40001615186242934,0.04921095512810545,0.20003000146008362,0.7166336727528244,-30.70284414884007
927,928.0,0.9580284823419877,9.137488524425727,0.6328056293425744,0.4000162047428048,0.04921095512767773,0.20003000145921432,0.7166336727528508,-30.702844148900915
928,929.0,0.7871130125433148,2.4677360579332293,0.632805727858626,0.4000162398518789,0.04921095512757459,0.20003000145900468,0.7166336727528545,-30.70284414891558
929,930.0,0.494612518180345,5.876945989232606,0.6328055746081568,0.40001617999308087,0.049210955127824633,0.20003000145951289,0.7166336727528415,-30.70284414888002
930,931.0,0.09698679137957367,3.5838807089483353,0.6328052314488216,0.40001604027397636,0.04921095513013389,0.20003000146420616,0.7166336727526867,-30.702844148551534
931,932.0,0.031884373128650445,4.042073915423499,0.6328057289532488,0.40001623767513356,0.049210955127574625,0.2000300014590048,0.7166336727528543,-30.70284414891558
932,933.0,0.2051178525481635,3.4255835262563603,0.6328054715810005,0.40001613878707437,0.04921095512826216,0.20003000146040212,0.716633672752814,-30.702844148817782
933,934.0,0.47733882336284517,1.0195505992710636,0.6328057314314146,0.4000162341060875,0.04921095512757455,0.20003000145900462,0.7166336727528546,-30.702844148915588
934,935.0,0.10071229466558151,7.295621146248552,0.6328057279509548,0.4000162395982038,0.049210955127574625,0.2000300014590048,0.7166336727528544,-30.70284414891558
935,936.0,0.5031860580396086,6.1497198142034595,0.6328055665305962,0.4000161775278381,0.04921095512784994,0.20003000145956432,0.7166336727528405,-30.702844148876416
936,937.0,0.32158842271769983,8.00055372000615,0.6328053454151704,0.4000160864268018,0.04921095512909957,0.20003000146210403,0.7166336727527574,-30.70284414869866
937,938.0,0.7081968916410064,2.970991064734669,0.6328057244092367,0.4000162392591641,0.04921095512757503,0.20003000145900557,0.7166336727528542,-30.702844148915517
938,939.0,0.527970200654441,7.525439616989359,0.6328055222316372,0.4000161570052592,0.04921095512802382,0.2000300014599177,0.716633672752828,-30.702844148851682
939,940.0,0.9301966234206255,0.5064042714276937,0.6328057265906608,0.40001624244909284,0.04921095512757464,0.2000300014590048,0.7166336727528542,-30.702844148915574
940,941.0,0.7318532365668933,5.28663496706409,0.6328056841548395,0.4000162220681544,0.04921095512759775,0.20003000145905178,0.716633672752854,-30.70284414891229
941,942.0,0.4304926113553994,1.2377176202791536,0.6328057298631696,0.4000162363564567,0.04921095512757455,0.20003000145900462,0.7166336727528546,-30.702844148915588
942,943.0,0.9620998406137131,1.6016655469517302,0.6328057260748904,0.4000162425371394,0.0492109551275747,0.20003000145900493,0.7166336727528542,-30.702844148915567
943,944.0,0.8109253196606899,7.919520070164031,0.6328056236758972,0.4000162023888755,0.04921095512768982,0.20003000145923888,0.7166336727528498,-30.70284414889919
944,945.0,0.5368105866223621,2.5038397206350447,0.6328057212678148,0.4000162383037772,0.04921095512757547,0.20003000145900648,0.7166336727528546,-30.702844148915453
945,946.0,0.7820433036454992,8.914325862504189,0.6328055856168052,0.40001618530421895,0.049210955127789474,0.20003000145944141,0.7166336727528442,-30.702844148885013
946,947.0,0.2815581892271398,6.151930032561275,0.6328053867600766,0.40001610241071045,0.049210955128792526,0.20003000146148,0.7166336727527772,-30.702844148742336
947,948.0,0.8765233106202445,9.876410583181022,0.6328055898925898,0.4000161851416835,0.049210955127779406,0.20003000145942096,0.7166336727528437,-30.70284414888645
948,949.0,0.039779978835888796,8.073267162048502,0.6328057274153341,0.400016240312284,0.04921095512757467,0.20003000145900485,0.7166336727528542,-30.702844148915574
949,950.0,0.33764798399894924,3.6642250493014683,0.6328055997889999,0.4000161877828782,0.049210955127753364,0.20003000145936806,0.7166336727528448,-30.70284414889015
950,951.0,0.8517952409045952,1.264181368712409,0.6328057262453046,0.40001624226100957,0.04921095512757468,0.20003000145900487,0.7166336727528542,-30.702844148915567
951,952.0,0.06231585144275331,0.9583573596960918,0.6328057283928775,0.4000162394339572,0.04921095512757457,0.20003000145900465,0.7166336727528546,-30.702844148915588
952,953.0,0.45026500036974004,7.186145841151277,0.6328054863072919,0.4000161438453564,0.049210955128188155,0.2000300014602517,0.7166336727528183,-30.702844148828305
953,954.0,0.27740163768901405,1.5743522663241927,0.6328057280506648,0.40001623912452505,0.049210955127574646,0.20003000145900482,0.7166336727528543,-30.702844148915574
954,955.0,0.5535672186872772,3.4229693374279,0.6328057028811694,0.4000162295011615,0.04921095512758309,0.20003000145902197,0.7166336727528544,-30.702844148914373
955,956.0,0.3373722176023545,6.294958980843355,0.6328054375052399,0.40001612194532427,0.049210955128463,0.20003000146081026,0.7166336727527987,-30.70284414878921
956,957.0,0.28834600645494857,1.7772532861020407,0.6328057038412603,0.40001622915627144,0.04921095512758274,0.20003000145902128,0.7166336727528543,-30.702844148914423
957,958.0,0.58764567503372,2.749817843305421,0.6328057212661387,0.40001623769341293,0.049210955127575555,0.20003000145900668,0.7166336727528544,-30.702844148915446
958,959.0,0.8248862280228424,1.006222726893047,0.6328057246205895,0.40001624351861964,0.04921095512757475,0.200030001459005,0.7166336727528542,-30.70284414891556
959,960.0,0.2622237604732277,2.651070372017006,0.6328056170018557,0.40001619708930614,0.04921095512770737,0.20003000145927458,0.7166336727528483,-30.702844148896702
960,961.0,0.027647136997582256,3.64079299013838,0.6328057278283626,0.40001623965943706,0.049210955127574625,0.2000300014590048,0.7166336727528544,-30.70284414891558
961,962.0,0.23511187214848472,5.326270499334366,0.6328053736564352,0.40001610063171905,0.049210955128875536,0.2000300014616487,0.7166336727527751,-30.702844148730527
962,963.0,0.5999288727663761,3.871819717646009,0.6328056983940176,0.4000162290047346,0.04921095512758559,0.20003000145902702,0.7166336727528544,-30.702844148914018
963,964.0,0.12276571484431298,0.45089562002721983,0.632805728249014,0.40001623826854066,0.04921095512757461,0.20003000145900476,0.7166336727528546,-30.70284414891558
964,965.0,0.6799259040643129,1.8701683143733543,0.6328063096216058,0.40001634263487384,0.04921095513034542,0.20003000146463606,0.7166336727528014,-30.702844148521443
965,966.0,0.8143383704945427,1.7450214763017617,0.6328057449254383,0.4000162507656286,0.04921095512757678,0.20003000145900915,0.7166336727528532,-30.70284414891527
966,967.0,0.10327428603374034,6.080638983827117,0.6328057289422224,0.40001623782765144,0.04921095512757462,0.20003000145900476,0.7166336727528544,-30.70284414891558
967,968.0,0.17922209509665687,4.846938078004797,0.632805321118331,0.40001607368107245,0.04921095512930849,0.2000300014625286,0.7166336727527399,-30.702844148668945
968,969.0,0.8173173451181466,6.014889568714619,0.6328056819263284,0.4000162185031359,0.04921095512760119,0.20003000145905875,0.7166336727528534,-30.7028441489118
969,970.0,0.09267373906726184,8.049241700542145,0.6328057266739227,0.4000162418096184,0.04921095512757466,0.20003000145900485,0.7166336727528542,-30.702844148915574
970,971.0,0.6492099314295273,5.6261099435000075,0.6328056526109506,0.4000162084708104,0.04921095512763939,0.20003000145913638,0.7166336727528515,-30.702844148906365
971,972.0,0.39259187242273474,9.307816930600337,0.6328053587626783,0.40001609597275073,0.04921095512898199,0.20003000146186506,0.7166336727527696,-30.702844148715393
972,973.0,0.06373533665336029,1.1602637314911939,0.6328057267079487,0.40001624168683153,0.04921095512757463,0.2000300014590048,0.7166336727528544,-30.70284414891558
973,974.0,0.23495740910180796,9.392835451542991,0.6328052113688442,0.4000160302803746,0.04921095513035239,0.20003000146465025,0.7166336727526692,-30.702844148520455
974,975.0,0.4931573053836158,6.690954569094476,0.6328055376145508,0.4000161612767726,0.04921095512796367,0.20003000145979544,0.7166336727528309,-30.702844148860237
975,976.0,0.7568789329339282,5.815426683179172,0.6328056749285682,0.40001621618707744,0.049210955127608744,0.20003000145907412,0.7166336727528532,-30.702844148910728
976,977.0,0.1491787647242362,2.023240148341671,0.6328055353970824,0.4000161668677419,0.04921095512796111,0.20003000145979025,0.7166336727528346,-30.7028441488606
977,978.0,0.4139013643467261,7.054136440825047,0.6328054645513768,0.4000161364046216,0.04921095512829885,0.20003000146047667,0.7166336727528121,-30.70284414881256
978,979.0,0.10766883467755717,5.955819486050036,0.6328051357470651,0.40001600160874784,0.04921095513120756,0.20003000146638825,0.7166336727526131,-30.702844148398817
979,980.0,0.045780039825952135,2.9546573894586534,0.6328057282442282,0.4000162386387187,0.04921095512757461,0.20003000145900476,0.7166336727528545,-30.70284414891558
980,981.0,0.8275406639114956,9.590574822903875,0.6328055824399296,0.400016181937872,0.04921095512780177,0.20003000145946642,0.7166336727528426,-30.702844148883273
981,982.0,0.5569986255999474,3.2968660091412247,0.6328057080525247,0.4000162291793248,0.04921095512758082,0.20003000145901736,0.7166336727528542,-30.7028441489147
982,983.0,0.8810345448858393,1.0224946422680241,0.6328057312646267,0.4000162347006855,0.04921095512757456,0.20003000145900465,0.7166336727528544,-30.702844148915588
983,984.0,0.6696073982603798,2.95314060875612,0.63280572130022,0.400016242253095,0.04921095512757522,0.20003000145900598,0.7166336727528542,-30.702844148915496
984,985.0,0.9652584780995349,2.575491714446296,0.6328061645117319,0.4000163165332976,0.049210955129125836,0.2000300014621574,0.7166336727528237,-30.702844148694922
985,986.0,0.07146704238351564,2.557465062981271,0.6328052388707653,0.40001604554006776,0.04921095513004837,0.20003000146403235,0.7166336727526958,-30.7028441485637
986,987.0,0.39427107002278794,7.393193091863963,0.6328054341133764,0.40001612424342126,0.04921095512847378,0.2000300014608322,0.7166336727528008,-30.702844148787676
987,988.0,0.4267902698969741,1.0266547102829928,0.6328057247590972,0.4000162460193812,0.049210955127574715,0.20003000145900496,0.7166336727528537,-30.702844148915567
988,989.0,0.9560216571356291,4.891376741287012,0.6328057178831339,0.40001623525212743,0.04921095512757651,0.20003000145900862,0.7166336727528545,-30.702844148915304
989,990.0,0.3553964347887347,1.336004527789821,0.6328057306748577,0.4000162338759742,0.04921095512757459,0.20003000145900468,0.7166336727528546,-30.70284414891558
990,991.0,0.745393107206841,0.447404055736984,0.6328057271090259,0.4000162410238524,0.049210955127574646,0.20003000145900482,0.7166336727528542,-30.702844148915574
991,992.0,0.5053646659556312,0.1740906491553586,0.6328057282366324,0.4000162408228537,0.04921095512757462,0.20003000145900476,0.7166336727528541,-30.70284414891558
992,993.0,0.575758641401814,5.566178656782587,0.6328056288555539,0.40001619914368725,0.04921095512768365,0.20003000145922634,0.7166336727528492,-30.70284414890007
993,994.0,0.3295053171985556,4.561707849042216,0.6328055309310713,0.4000161609259322,0.049210955127986504,0.20003000145984187,0.7166336727528309,-30.70284414885699
994,995.0,0.4659064860474118,6.068619735216726,0.6328055481877051,0.40001617013088886,0.04921095512791501,0.20003000145969657,0.7166336727528364,-30.702844148867158
995,996.0,0.8091735564604119,3.264280021831725,0.6328057249577962,0.4000162400604223,0.04921095512757487,0.2000300014590053,0.7166336727528544,-30.702844148915545
996,997.0,0.12056449037779526,5.210316433203079,0.6328051913783747,0.4000160254816629,0.04921095513055379,0.20003000146505956,0.7166336727526603,-30.702844148491806
997,998.0,0.12050866720596909,6.696465663505011,0.632805137431421,0.4000159965250474,0.049210955131218016,0.2000300014664095,0.7166336727526024,-30.702844148397325
998,999.0,0.2242734891559296,7.476211706671193,0.6328052605459618,0.4000160494873626,0.04921095512985542,0.20003000146364017,0.7166336727527024,-30.702844148591147
999,1000.0,0.054980478156196,6.786274988399478,0.6328057287005965,0.4000162387287742,0.049210955127574584,0.20003000145900468,0.7166336727528544,-30.702844148915588
