,iteration,init_slope,init_intercept,est_intercept,est_slope,ss_res,nrmse,r_squared,aic
0,1.0,0.22403816528165887,6.146370453077726,0.3123513887641738,0.6083923611817845,0.05987636408751016,0.14013117213716464,0.8278249596481814,-29.32968513217711
1,2.0,0.6921337823964272,6.023230260553233,0.3123512411001902,0.6083927257730263,0.059876364087316586,0.14013117213693813,0.8278249596486928,-29.329685132199742
2,3.0,0.13058512201388028,4.993947828312711,0.3123514220055479,0.6083922771467775,0.05987636408758715,0.14013117213725473,0.8278249596479792,-29.32968513216811
3,4.0,0.2981266560387703,6.321070223658613,0.3123513585543639,0.6083924370634668,0.05987636408745113,0.14013117213709558,0.8278249596483369,-29.32968513218401
4,5.0,0.18259116247014684,6.363631697439304,0.3123514129256091,0.608392299994767,0.05987636408756504,0.14013117213722884,0.8278249596480373,-29.329685132170695
5,6.0,0.6786305115397789,4.522946232640345,0.312351212639199,0.6083927931785614,0.059876364087305414,0.14013117213692505,0.8278249596487224,-29.329685132201043
6,7.0,0.07342817014719105,0.04448211603732132,0.31235118090566216,0.6083928707274033,0.059876364087301764,0.14013117213692078,0.827824959648731,-29.329685132201476
7,8.0,0.39342983228877804,0.009621824821980719,0.3123511818040309,0.6083928636553614,0.05987636408730179,0.1401311721369208,0.8278249596487314,-29.32968513220147
8,9.0,0.9173917054055014,3.9925405548528734,0.31235118761903213,0.6083928515719601,0.05987636408730182,0.14013117213692083,0.8278249596487315,-29.32968513220147
9,10.0,0.28704080483003225,1.825139480704146,0.3123512090895704,0.6083928018016189,0.05987636408730451,0.140131172136924,0.8278249596487246,-29.32968513220115
10,11.0,0.03684648066131868,2.5357986609731715,0.31235146414764353,0.6083921701113738,0.05987636408770283,0.1401311721373901,0.8278249596476759,-29.32968513215458
11,12.0,0.7089831116434935,0.40096975928617695,0.3123511831855913,0.6083928612831355,0.05987636408730175,0.14013117213692075,0.8278249596487315,-29.329685132201476
12,13.0,0.24078007399225598,3.225937782570615,0.3123512966701166,0.6083925899563074,0.05987636408736231,0.1401311721369916,0.8278249596485718,-29.329685132194392
13,14.0,0.4796314242263424,7.849923565966187,0.3123513251053641,0.6083925203051267,0.05987636408739783,0.1401311721370332,0.8278249596484777,-29.329685132190242
14,15.0,0.721167618917319,8.18262013152766,0.3123512741884102,0.6083926448120824,0.059876364087340185,0.14013117213696574,0.8278249596486307,-29.32968513219698
15,16.0,0.23710566995942606,1.961298077293902,0.3123512349933599,0.6083927399936756,0.05987636408731363,0.14013117213693466,0.8278249596487008,-29.32968513220009
16,17.0,0.19082444638765306,4.879861219621058,0.31235138042877886,0.6083923815303138,0.05987636408749354,0.1401311721371452,0.8278249596482256,-29.32968513217905
17,18.0,0.8897519765316474,9.302515729511425,0.3123512634650589,0.6083926712117094,0.05987636408733125,0.14013117213695528,0.8278249596486542,-29.329685132198023
18,19.0,0.8320857902601401,6.179507148999788,0.3123512225622428,0.608392769068028,0.05987636408730858,0.14013117213692874,0.8278249596487142,-29.32968513220068
19,20.0,0.9380006484308349,6.520975879507666,0.312351217328583,0.6083927827613665,0.059876364087306615,0.14013117213692644,0.8278249596487192,-29.329685132200908
20,21.0,0.6683930527757853,5.831969827250701,0.31235124108811857,0.6083927255000402,0.05987636408731666,0.1401311721369382,0.8278249596486927,-29.329685132199735
21,22.0,0.4685273819577024,9.468759800613052,0.3123513524208795,0.6083924519151237,0.05987636408744089,0.14013117213708357,0.8278249596483642,-29.32968513218521
22,23.0,0.7858614019903137,0.9823591532163908,0.3123511892987021,0.6083928737451456,0.059876364087302125,0.1401311721369212,0.8278249596487309,-29.329685132201433
23,24.0,0.7780810060107276,9.088504734184625,0.31235127892887654,0.6083926337929043,0.05987636408734415,0.14013117213697035,0.8278249596486199,-29.329685132196516
24,25.0,0.33460039419874055,8.209040135117547,0.3123513757807245,0.6083923937137014,0.059876364087483674,0.14013117213713366,0.8278249596482512,-29.329685132180202
25,26.0,0.3973408854248548,9.532076813776314,0.31235137382204337,0.6083923989855168,0.05987636408747946,0.14013117213712872,0.8278249596482621,-29.3296851321807
26,27.0,0.8527129133660708,9.199220493589827,0.3123512675997918,0.6083926613591416,0.05987636408733439,0.14013117213695897,0.8278249596486458,-29.329685132197653
27,28.0,0.08339299485190865,8.40258823330109,0.3123514819541873,0.6083921241187772,0.0598763640877589,0.1401311721374557,0.8278249596475298,-29.32968513214803
28,29.0,0.7790303145351396,0.9570774984391349,0.3123511876844915,0.6083928694700682,0.05987636408730175,0.14013117213692075,0.8278249596487313,-29.329685132201476
29,30.0,0.2906767454720677,7.7214034248177805,0.3123513856148749,0.6083923689817249,0.05987636408750367,0.14013117213715703,0.8278249596481986,-29.329685132177865
30,31.0,0.38192103595064086,1.0875644402933429,0.31235118258832684,0.6083928619746537,0.05987636408730178,0.1401311721369208,0.8278249596487315,-29.329685132201476
31,32.0,0.747442548552498,4.442524103748409,0.3123512034935395,0.6083928151928867,0.05987636408730338,0.14013117213692267,0.8278249596487276,-29.329685132201284
32,33.0,0.3310771928343903,9.665043865965076,0.31235139500944176,0.6083923448336842,0.05987636408752434,0.14013117213718124,0.8278249596481445,-29.32968513217545
33,34.0,0.330565138840742,9.251347578286433,0.31235139063048034,0.6083923559791939,0.05987636408751472,0.14013117213716997,0.8278249596481697,-29.32968513217657
34,35.0,0.25657129762109054,6.456468320564177,0.3123513791424087,0.6083923855045511,0.05987636408749014,0.1401311721371412,0.827824959648234,-29.32968513217945
35,36.0,0.36916940708282875,4.610960621257732,0.3123512873132567,0.608392613246785,0.05987636408735224,0.14013117213697984,0.8278249596485985,-29.32968513219557
36,37.0,0.11215045606159335,0.6047180240640959,0.31235118606217666,0.6083928556691828,0.05987636408730176,0.14013117213692075,0.8278249596487315,-29.329685132201476
37,38.0,0.012964455351633264,9.629373595101763,0.3123515190020577,0.6083920293817737,0.05987636408788547,0.14013117213760382,0.8278249596471992,-29.329685132133235
38,39.0,0.8397991398182488,4.927247634738529,0.31235120256724314,0.6083928165661454,0.059876364087303305,0.14013117213692258,0.8278249596487279,-29.32968513220129
39,40.0,0.5775401336447763,9.834743684122008,0.31235132930178555,0.6083925090799372,0.059876364087404474,0.14013117213704096,0.8278249596484605,-29.329685132189468
40,41.0,0.08557734496030378,0.572392893464003,0.31235118478499935,0.6083928588909246,0.05987636408730172,0.14013117213692072,0.8278249596487315,-29.329685132201476
41,42.0,0.3620728785065316,1.9506328980873568,0.31235119687195373,0.6083928298242121,0.059876364087302514,0.14013117213692167,0.8278249596487298,-29.32968513220139
42,43.0,0.6818597762949116,0.5256324178221172,0.31235118223489594,0.6083928642924117,0.059876364087301764,0.14013117213692078,0.8278249596487314,-29.329685132201476
43,44.0,0.46300313261902093,2.637849227100067,0.3123511997989922,0.6083928225497826,0.05987636408730294,0.14013117213692217,0.8278249596487288,-29.329685132201334
44,45.0,0.015270364085984478,0.8754663423677223,0.31235117881665747,0.6083928702719984,0.05987636408730187,0.1401311721369209,0.8278249596487312,-29.329685132201462
45,46.0,0.9260272216074693,9.90342863254201,0.3123512664883033,0.6083926641571892,0.05987636408733347,0.14013117213695786,0.8278249596486482,-29.329685132197767
46,47.0,0.07336228956090973,6.481738656923545,0.31235147626507986,0.6083921393257679,0.05987636408773975,0.1401311721374333,0.8278249596475791,-29.329685132150267
47,48.0,0.24064515525953334,8.43307857022187,0.3123514143233583,0.6083922970259044,0.059876364087567704,0.14013117213723197,0.8278249596480298,-29.329685132170383
48,49.0,0.709675865902915,6.925334408039514,0.3123512551971581,0.6083926917255446,0.059876364087325114,0.14013117213694812,0.8278249596486703,-29.329685132198748
49,50.0,0.7894631650152889,4.773423045861553,0.31235120574051867,0.6083928099576419,0.059876364087303784,0.14013117213692314,0.8278249596487265,-29.329685132201234
50,51.0,0.3492732780177503,7.974288215093387,0.3123513677786978,0.6083924141572193,0.05987636408746787,0.14013117213711515,0.8278249596482926,-29.32968513218205
51,52.0,0.6972739250424005,2.579505279245066,0.31235087903287206,0.6083926024169213,0.05987636408869988,0.14013117213855683,0.8278249596485864,-29.329685132038023
52,53.0,0.4681475474882876,6.995031059293682,0.3123513116716549,0.6083925529977697,0.059876364087380174,0.14013117213701254,0.8278249596485246,-29.329685132192303
53,54.0,0.7458505238339243,2.0520042635773925,0.3123515994080644,0.6083932451770092,0.059876364089963496,0.14013117214003545,0.8278249596483948,-29.329685131890294
54,55.0,0.287371788205274,8.799831086721836,0.31235140029140895,0.6083923318479555,0.05987636408753572,0.14013117213719456,0.8278249596481144,-29.32968513217412
55,56.0,0.2838950390887035,0.9219607741622368,0.3123511792950123,0.6083928685350998,0.05987636408730186,0.1401311721369209,0.8278249596487313,-29.329685132201462
56,57.0,0.8139710493413999,3.834956997341759,0.31235118988821525,0.6083928462804403,0.0598763640873019,0.14013117213692092,0.8278249596487313,-29.329685132201455
57,58.0,0.792213568109704,0.5873584448491882,0.31235118253774036,0.6083928613926083,0.05987636408730182,0.14013117213692083,0.8278249596487315,-29.32968513220147
58,59.0,0.8801189970041782,5.97118993736561,0.3123512147566084,0.6083927886676461,0.05987636408730591,0.1401311721369256,0.827824959648721,-29.329685132200993
59,60.0,0.8150926091966634,7.658884557932558,0.3123512503288042,0.6083927031069647,0.05987636408732207,0.14013117213694454,0.8278249596486784,-29.329685132199103
60,61.0,0.006974898640858873,2.1149005258454148,0.3123515105760073,0.6083920511963345,0.059876364087854836,0.14013117213756796,0.8278249596472789,-29.329685132136817
61,62.0,0.07344773077686706,7.807468951631972,0.31235148481017383,0.6083921173589522,0.059876364087767184,0.1401311721374654,0.8278249596475075,-29.329685132147063
62,63.0,0.36316369321099873,2.4744041164347066,0.3123512149055026,0.6083927878299709,0.05987636408730603,0.14013117213692575,0.8278249596487207,-29.32968513220098
63,64.0,0.4774817334126341,7.428722411558706,0.31235131806813843,0.6083925374947764,0.059876364087388334,0.1401311721370221,0.8278249596485029,-29.32968513219135
64,65.0,0.26578081963866595,6.5238386483261745,0.3123513762876066,0.6083923928971687,0.05987636408748419,0.14013117213713425,0.8278249596482495,-29.329685132180146
65,66.0,0.6933510885197873,0.4727398366822662,0.3123511829525006,0.60839286318961,0.059876364087301744,0.14013117213692075,0.8278249596487314,-29.329685132201476
66,67.0,0.8971528092646662,9.249436213866947,0.3123512618891979,0.6083926751861962,0.059876364087329985,0.1401311721369538,0.8278249596486574,-29.329685132198172
67,68.0,0.18826201450892666,4.787951361907506,0.3123513801704675,0.608392382367709,0.059876364087492806,0.14013117213714432,0.8278249596482274,-29.329685132179137
68,69.0,0.5359246129060037,1.288154505501556,0.3123516139337457,0.6083932732508952,0.059876364090227896,0.14013117214034485,0.8278249596483442,-29.329685131859392
69,70.0,0.020684417557932155,2.1807415457814128,0.3123514849257381,0.6083921172449452,0.05987636408776727,0.1401311721374655,0.8278249596475071,-29.329685132147056
70,71.0,0.607747337446453,8.084932128415959,0.3123512956614073,0.6083925921129449,0.05987636408736142,0.14013117213699058,0.8278249596485745,-29.3296851321945
71,72.0,0.5787869924451867,7.728339528039156,0.31235129638113546,0.6083925901078302,0.05987636408736236,0.14013117213699167,0.8278249596485721,-29.329685132194385
72,73.0,0.5293882892521167,7.21715282210398,0.3123512995403302,0.6083925831626393,0.05987636408736542,0.14013117213699525,0.8278249596485636,-29.32968513219403
73,74.0,0.9030512167143063,0.5218594446120421,0.31235118156539776,0.6083928643267434,0.0598763640873018,0.1401311721369208,0.8278249596487314,-29.32968513220147
74,75.0,0.8166260708709863,0.38792738223365536,0.31235118694135566,0.6083928562218753,0.05987636408730168,0.14013117213692067,0.8278249596487315,-29.329685132201483
75,76.0,0.39227596175872703,2.923454022782013,0.3123512240629873,0.6083927664165307,0.059876364087308946,0.14013117213692916,0.827824959648713,-29.329685132200638
76,77.0,0.22521470882758787,9.479966609639046,0.31235143045595015,0.6083922562026165,0.05987636408760804,0.14013117213727916,0.8278249596479239,-29.32968513216567
77,78.0,0.8126359260541723,6.113030830127896,0.31235122491460965,0.6083927645392345,0.05987636408730923,0.14013117213692952,0.8278249596487123,-29.329685132200595
78,79.0,0.7033729582233745,5.851205512993594,0.312351235587931,0.6083927387215895,0.059876364087313866,0.14013117213693496,0.8278249596487002,-29.329685132200055
79,80.0,0.7091640326174808,8.859852004259537,0.312351287073019,0.6083926131899923,0.05987636408735236,0.14013117213697998,0.8278249596485985,-29.329685132195557
80,81.0,0.5123254486704358,5.066105768710539,0.31235125688972837,0.6083926873536634,0.0598763640873264,0.14013117213694962,0.827824959648667,-29.3296851321986
81,82.0,0.6691797638818103,7.751567045284978,0.3123512773815839,0.6083926369614862,0.05987636408734302,0.14013117213696905,0.8278249596486231,-29.32968513219665
82,83.0,0.8377751680910325,9.440806072263209,0.3123512734167532,0.6083926467069902,0.05987636408733947,0.14013117213696488,0.8278249596486325,-29.329685132197064
83,84.0,0.09580600002878503,3.775802111458536,0.3123514244771536,0.6083922710858307,0.05987636408759309,0.1401311721372617,0.8278249596479634,-29.329685132167413
84,85.0,0.033603553011817056,7.344911264493605,0.31235150471424034,0.6083920665297907,0.05987636408783376,0.1401311721375433,0.8278249596473335,-29.329685132139275
85,86.0,0.9309177810825809,0.2385694275529267,0.3123511875094744,0.6083928522904654,0.0598763640873018,0.1401311721369208,0.8278249596487314,-29.32968513220147
86,87.0,0.18202066474105694,4.558386626804529,0.312351378595768,0.6083923866515398,0.05987636408748931,0.14013117213714024,0.8278249596482363,-29.32968513217955
87,88.0,0.5796109404955208,1.5585276887360409,0.3123516128606898,0.6083932582198277,0.0598763640901429,0.1401311721402454,0.8278249596483718,-29.329685131869326
88,89.0,0.7058495501794703,0.8371069092815501,0.3123511821650905,0.6083928628417775,0.05987636408730179,0.1401311721369208,0.8278249596487315,-29.32968513220147
89,90.0,0.931660732063407,0.38182443192540233,0.3123511854395832,0.6083928534867749,0.059876364087301896,0.14013117213692092,0.8278249596487315,-29.329685132201455
90,91.0,0.944562768463249,0.4559588672062863,0.3123511821286081,0.6083928704241602,0.05987636408730174,0.14013117213692075,0.827824959648731,-29.329685132201476
91,92.0,0.6275192920372158,3.1352651576748296,0.31235119291537855,0.6083928393108394,0.0598763640873021,0.14013117213692117,0.8278249596487308,-29.329685132201433
92,93.0,0.3581987834872463,0.1131971627232005,0.3123511811709123,0.6083928668150926,0.05987636408730177,0.1401311721369208,0.8278249596487313,-29.329685132201476
93,94.0,0.7592119462467286,8.495729044288144,0.3123512728490385,0.6083926485912299,0.059876364087338756,0.14013117213696405,0.8278249596486342,-29.32968513219715
94,95.0,0.6136345036770733,4.489022930444228,0.3123512224779694,0.6083927703530837,0.05987636408730833,0.14013117213692847,0.8278249596487146,-29.3296851322007
95,96.0,0.26808886174057533,9.137136464189298,0.3123514113034105,0.6083923041206003,0.05987636408756114,0.1401311721372243,0.8278249596480475,-29.32968513217115
96,97.0,0.43582024843322587,7.845133047809618,0.312351336971767,0.608392489678986,0.059876364087416284,0.14013117213705478,0.8278249596484295,-29.329685132188082
97,98.0,0.15305151226568292,2.3805682634418717,0.3123513175841694,0.6083925387057115,0.05987636408738764,0.14013117213702125,0.8278249596485048,-29.329685132191436
98,99.0,0.4469021113245072,9.856723461091876,0.3123513635186738,0.6083924242686163,0.059876364087460505,0.14013117213710652,0.8278249596483124,-29.329685132182917
99,100.0,0.32384265101025866,0.5141449466493947,0.31235118114084204,0.6083928655292202,0.05987636408730179,0.1401311721369208,0.8278249596487314,-29.32968513220147
100,101.0,0.9962326302869731,0.5533290011788066,0.31235118255003747,0.6083928620573811,0.05987636408730178,0.1401311721369208,0.8278249596487315,-29.329685132201476
101,102.0,0.10409682278649701,0.7201529646814978,0.31235117930071,0.6083928681347458,0.05987636408730189,0.14013117213692092,0.8278249596487312,-29.329685132201462
102,103.0,0.9046665621459895,2.2130318492051098,0.3123516196300861,0.6083932760754593,0.05987636409029293,0.14013117214042095,0.8278249596483389,-29.329685131851782
103,104.0,0.08027590128319673,1.5468483689313255,0.31235134655947155,0.6083924666629255,0.05987636408743088,0.14013117213707188,0.8278249596483905,-29.329685132186377
104,105.0,0.2483904012155902,4.748034666326437,0.3123513452452301,0.6083924700229066,0.05987636408742864,0.14013117213706924,0.8278249596483964,-29.32968513218664
105,106.0,0.5407368351126284,2.328230856010902,0.3123511867847291,0.6083928536753397,0.05987636408730178,0.1401311721369208,0.8278249596487315,-29.329685132201476
106,107.0,0.8709152341927318,0.40163976736257845,0.31235118310765836,0.6083928562644112,0.059876364087301986,0.14013117213692103,0.8278249596487315,-29.329685132201448
107,108.0,0.2529346441559399,2.610663329199025,0.31235126195785706,0.6083926751543882,0.059876364087330006,0.14013117213695384,0.8278249596486573,-29.329685132198172
108,109.0,0.1920877070740512,8.507405327094526,0.31235143401397064,0.6083922466586973,0.0598763640876181,0.14013117213729095,0.8278249596478979,-29.329685132164485
109,110.0,0.35926307675728697,8.42080052654403,0.31235137041138217,0.6083924062976445,0.059876364087474127,0.14013117213712248,0.827824959648277,-29.329685132181325
110,111.0,0.14816958164473737,5.647500287997007,0.31235142145569345,0.6083922790092667,0.05987636408758513,0.14013117213725235,0.8278249596479841,-29.32968513216835
111,112.0,0.5495691260165617,3.8355328714849386,0.31235121694801027,0.6083927830207817,0.059876364087306615,0.14013117213692644,0.8278249596487193,-29.329685132200908
112,113.0,0.2935899349685126,5.799720533984072,0.3123513488274018,0.608392460514489,0.0598763640874351,0.14013117213707682,0.8278249596483797,-29.32968513218588
113,114.0,0.43457029762260657,5.021886175275436,0.31235127751721403,0.6083926375065888,0.059876364087342704,0.14013117213696868,0.8278249596486237,-29.329685132196687
114,115.0,0.7612443185678217,5.758154682939938,0.31235122557248574,0.6083927624731849,0.05987636408730958,0.1401311721369299,0.8278249596487115,-29.32968513220056
115,116.0,0.8772711847595169,6.384029077360161,0.31235122058199916,0.6083927738704011,0.05987636408730788,0.14013117213692794,0.8278249596487159,-29.32968513220076
116,117.0,0.5800382373434482,2.9371228533054627,0.31235119365656216,0.6083928375997139,0.05987636408730217,0.14013117213692125,0.8278249596487306,-29.329685132201426
117,118.0,0.1844922549866994,0.12124514129164506,0.3123511791887339,0.608392871079951,0.05987636408730185,0.1401311721369209,0.827824959648731,-29.329685132201462
118,119.0,0.9620056814533399,0.052147178947708976,0.31235118434151643,0.6083928608026598,0.059876364087301695,0.1401311721369207,0.8278249596487315,-29.329685132201483
119,120.0,0.8521086702581535,8.0753714989072,0.31235125084745524,0.6083927019837695,0.05987636408732236,0.14013117213694487,0.8278249596486776,-29.329685132199067
120,121.0,0.4998727046841942,1.9814185456368678,0.31235118484816726,0.6083928576639984,0.05987636408730177,0.1401311721369208,0.8278249596487315,-29.329685132201476
121,122.0,0.9637074236793933,9.965337698941006,0.3123512623638502,0.6083926738619349,0.05987636408733041,0.1401311721369543,0.8278249596486564,-29.329685132198122
122,123.0,0.2418117594206627,8.068389429365585,0.3123514089732744,0.6083923100863228,0.05987636408755554,0.14013117213721774,0.8278249596480621,-29.329685132171804
123,124.0,0.8847336640487184,1.5713284463515724,0.3123513689693377,0.6083930621370256,0.059876364087886935,0.14013117213760554,0.8278249596486376,-29.329685132133058
124,125.0,0.0660801166528826,0.6482348348706028,0.31235118218816227,0.6083928675215692,0.0598763640873017,0.14013117213692072,0.8278249596487313,-29.329685132201483
125,126.0,0.031677610104568044,0.7139173594074778,0.3123511703361891,0.6083928886859674,0.05987636408730246,0.14013117213692158,0.8278249596487293,-29.32968513220139
126,127.0,0.3932498602657615,4.634791721036552,0.31235127973477067,0.6083926311477361,0.059876364087345244,0.14013117213697165,0.8278249596486172,-29.32968513219639
127,128.0,0.04878028977825388,6.5476325755403,0.3123514921634717,0.6083920981820098,0.05987636408779195,0.14013117213749438,0.8278249596474432,-29.32968513214417
128,129.0,0.20454741598359583,7.110672090213589,0.3123514129536731,0.608392300087491,0.0598763640875649,0.1401311721372287,0.8278249596480375,-29.32968513217071
129,130.0,0.9515894781286807,1.333008861650912,0.3123512180212069,0.6083929067820224,0.05987636408732267,0.14013117213694526,0.8278249596487259,-29.32968513219903
130,131.0,0.5597717918744582,9.453380239004513,0.3123513288773848,0.6083925107573643,0.05987636408740334,0.14013117213703966,0.8278249596484633,-29.329685132189596
131,132.0,0.8647813461247722,1.342622835267693,0.31235126803791197,0.6083929596625824,0.0598763640874259,0.14013117213706602,0.8278249596487081,-29.329685132186967
132,133.0,0.8530525451729816,4.010171041327115,0.3123511901904369,0.6083928455021516,0.05987636408730193,0.140131172136921,0.8278249596487312,-29.329685132201455
133,134.0,0.6119776147836892,2.071100246272255,0.31235121776096664,0.6083928943977909,0.05987636408731741,0.1401311721369391,0.8278249596487284,-29.329685132199643
134,135.0,0.7344427829808992,2.7909550200939015,0.31235075457947703,0.6083924945123828,0.0598763640900705,0.14013117214016066,0.8278249596484374,-29.32968513187779
135,136.0,0.8374447355685707,3.6261827496619685,0.31235118660036526,0.6083928533925311,0.05987636408730182,0.14013117213692083,0.8278249596487314,-29.32968513220147
136,137.0,0.631068444079969,3.4207745676325145,0.31235119702616965,0.6083928300419312,0.05987636408730247,0.14013117213692158,0.8278249596487299,-29.32968513220139
137,138.0,0.737663439508438,8.359516563910253,0.31235127487858777,0.6083926437412095,0.059876364087340476,0.14013117213696608,0.8278249596486296,-29.32968513219695
138,139.0,0.9137943137913194,0.3321693348816638,0.31235118209961277,0.6083928705656378,0.05987636408730172,0.14013117213692072,0.827824959648731,-29.329685132201476
139,140.0,0.8723496983153252,7.363135639185016,0.31235123787055247,0.6083927333926293,0.05987636408731495,0.1401311721369362,0.8278249596486973,-29.329685132199934
140,141.0,0.01993535052837392,9.679552036280443,0.31235151582620374,0.6083920377530389,0.05987636408787356,0.14013117213758988,0.8278249596472299,-29.329685132134628
141,142.0,0.1447793478690319,1.9035770095459736,0.3123512944803023,0.6083925954575875,0.059876364087359864,0.14013117213698878,0.8278249596485784,-29.329685132194676
142,143.0,0.030319609140907366,5.555661939811431,0.3123515013017304,0.608392075301703,0.05987636408782192,0.14013117213752943,0.8278249596473644,-29.32968513214066
143,144.0,0.7264524104966964,4.603673156168166,0.3123512081849187,0.6083928038486831,0.059876364087304346,0.1401311721369238,0.8278249596487252,-29.32968513220117
144,145.0,0.9124026009949856,8.983103180932815,0.31235125641269074,0.608392688251731,0.05987636408732616,0.14013117213694934,0.8278249596486678,-29.32968513219862
145,146.0,0.42844896782145847,2.5931297334110956,0.3123512053117591,0.6083928104838439,0.05987636408730377,0.14013117213692314,0.8278249596487266,-29.329685132201234
146,147.0,0.2060435360457873,5.240973620682549,0.3123513798620893,0.6083923833844666,0.059876364087491946,0.14013117213714332,0.8278249596482294,-29.329685132179243
147,148.0,0.04496275832741847,9.862151500748954,0.31235150527946093,0.608392064846209,0.05987636408783611,0.14013117213754606,0.8278249596473276,-29.329685132139005
148,149.0,0.583181355417853,5.012487349302317,0.3123512397476027,0.6083927291323649,0.05987636408731583,0.14013117213693724,0.8278249596486948,-29.329685132199828
149,150.0,0.6540427534419493,1.8230758103649194,0.312351589937818,0.6083932350235721,0.05987636408983614,0.14013117213988643,0.8278249596484122,-29.329685131905187
150,151.0,0.002805060342230048,9.889006604627431,0.31235152439788466,0.6083920158844112,0.05987636408790466,0.14013117213762627,0.8278249596471486,-29.32968513213099
151,152.0,0.8602681475413637,7.90179592443701,0.3123512467937628,0.6083927112522557,0.059876364087320055,0.14013117213694218,0.8278249596486839,-29.329685132199337
152,153.0,0.5927384297660259,1.5722642646511444,0.31235161806204864,0.6083932653064715,0.05987636409022416,0.1401311721403405,0.8278249596483589,-29.329685131859826
153,154.0,0.1024623772123634,4.741230100514374,0.3123514380678323,0.6083922366573039,0.059876364087628496,0.1401311721373031,0.8278249596478704,-29.329685132163277
154,155.0,0.1306697665859048,7.451625571506963,0.3123514523060198,0.6083921993997837,0.05987636408766953,0.14013117213735113,0.8278249596477638,-29.329685132158474
155,156.0,0.6845790603303156,6.882552534821063,0.31235125844184103,0.6083926830220847,0.059876364087327716,0.14013117213695114,0.8278249596486636,-29.329685132198442
156,157.0,0.7997896897299748,4.397024110305127,0.3123511982527307,0.6083928270801989,0.059876364087302646,0.1401311721369218,0.8278249596487295,-29.32968513220137
157,158.0,0.5735108070395288,9.377900916034587,0.3123513236723631,0.6083925226913781,0.05987636408739667,0.14013117213703183,0.8278249596484814,-29.329685132190377
158,159.0,0.6299883985668115,0.3538399227477623,0.3123511837415431,0.6083928604556389,0.05987636408730175,0.14013117213692075,0.8278249596487315,-29.329685132201476
159,160.0,0.3675342037061884,7.014054622780953,0.3123513453275096,0.6083924699549256,0.05987636408742867,0.1401311721370693,0.8278249596483962,-29.329685132186633
160,161.0,0.07157224457007905,3.3833505579588032,0.31235143821066197,0.6083922351418406,0.05987636408763049,0.14013117213730544,0.8278249596478663,-29.329685132163043
161,162.0,0.7162763117146528,7.830770270993497,0.31235126902542026,0.6083926575584456,0.0598763640873357,0.1401311721369605,0.8278249596486424,-29.32968513219751
162,163.0,0.7440213586604378,9.363360806676368,0.3123512889205721,0.60839260929959,0.05987636408735387,0.14013117213698176,0.8278249596485941,-29.32968513219538
163,164.0,0.8208954201110121,7.50571894304272,0.31235124724476443,0.6083927108215452,0.05987636408732011,0.14013117213694223,0.8278249596486836,-29.32968513219933
164,165.0,0.7928031751159578,0.4169399670461248,0.3123511820789987,0.6083928630667581,0.059876364087301785,0.1401311721369208,0.8278249596487315,-29.32968513220147
165,166.0,0.9164430140481367,6.9957624898967055,0.3123512254086034,0.6083927622987687,0.05987636408730964,0.14013117213693002,0.8278249596487114,-29.329685132200552
166,167.0,0.8132975364146107,5.080946959333104,0.31235120682522566,0.6083928068298288,0.05987636408730408,0.1401311721369235,0.8278249596487258,-29.3296851322012
167,168.0,0.9553554117875008,6.2231111265189405,0.31235121146315853,0.6083927961826396,0.05987636408730508,0.14013117213692466,0.8278249596487233,-29.329685132201085
168,169.0,0.8465602949192792,0.7388259125915441,0.31235118130505984,0.6083928642449866,0.05987636408730182,0.14013117213692083,0.8278249596487315,-29.32968513220147
169,170.0,0.686880967674522,0.8269424506230009,0.3123511832522625,0.6083928607820469,0.05987636408730179,0.1401311721369208,0.8278249596487315,-29.32968513220147
170,171.0,0.9423571637675885,8.670528696344403,0.31235124721455804,0.6083927107058071,0.059876364087320125,0.14013117213694226,0.8278249596486836,-29.32968513219933
171,172.0,0.1515890383108499,2.3149683753636556,0.3123513155595167,0.6083925441881411,0.05987636408738463,0.14013117213701776,0.8278249596485125,-29.329685132191784
172,173.0,0.04757642306940946,8.299431664708436,0.31235150014549734,0.6083920779810627,0.05987636408781845,0.14013117213752538,0.8278249596473738,-29.329685132141066
173,174.0,0.05719128551063413,6.236515146806269,0.3123514861514066,0.6083921141670713,0.05987636408777113,0.14013117213747003,0.8278249596474969,-29.3296851321466
174,175.0,0.7931202933454545,5.296871476975488,0.31235121303283164,0.6083927922119651,0.05987636408730553,0.1401311721369252,0.827824959648722,-29.329685132201035
175,176.0,0.55426993415367,2.467259513709728,0.31235118815643964,0.608392850526225,0.05987636408730179,0.1401311721369208,0.8278249596487315,-29.32968513220147
176,177.0,0.06811783439391972,9.321958845022943,0.31235149364733544,0.6083920950192817,0.059876364087795786,0.14013117213749887,0.8278249596474325,-29.329685132143716
177,178.0,0.5796485067262901,2.0979453272361113,0.3123509729344701,0.6083926822041453,0.0598763640879766,0.14013117213771045,0.8278249596486631,-29.329685132122577
178,179.0,0.0835549488399443,4.366200273324861,0.31235144690889854,0.6083922142003094,0.05987636408765268,0.14013117213733142,0.827824959647807,-29.32968513216045
179,180.0,0.33130195033442444,3.9843302597984493,0.3123512821927638,0.6083926250126481,0.05987636408734762,0.14013117213697443,0.827824959648611,-29.32968513219612
180,181.0,0.27652946614483453,9.403513991234519,0.3123514111927882,0.608392304614773,0.059876364087560606,0.14013117213722368,0.8278249596480487,-29.329685132171214
181,182.0,0.7558529055849162,1.9624536213710693,0.312351622920024,0.6083932729984783,0.0598763640903066,0.14013117214043694,0.8278249596483447,-29.329685131850184
182,183.0,0.3318486785844261,8.890523779482972,0.31235138608952817,0.6083923675817148,0.059876364087504914,0.1401311721371585,0.8278249596481954,-29.329685132177723
183,184.0,0.6566548196130819,9.8060556739502,0.3123513123477327,0.60839255150411,0.059876364087380916,0.1401311721370134,0.8278249596485225,-29.329685132192225
184,185.0,0.15398601100480103,5.685574051561102,0.31235141869930566,0.608392285788119,0.059876364087578585,0.14013117213724471,0.8278249596480014,-29.329685132169104
185,186.0,0.07777510957079814,7.164624994815983,0.31235147848505634,0.6083921334758087,0.05987636408774701,0.1401311721374418,0.8278249596475603,-29.329685132149415
186,187.0,0.8485289987824843,5.075952977851756,0.31235120445950115,0.6083928127754727,0.05987636408730357,0.1401311721369229,0.827824959648727,-29.329685132201263
187,188.0,0.355937254822143,5.700713535053251,0.3123513210617333,0.6083925295968331,0.05987636408739272,0.14013117213702722,0.8278249596484916,-29.329685132190846
188,189.0,0.7075131793803666,7.689106876322567,0.312351268965089,0.6083926579146655,0.05987636408733555,0.1401311721369603,0.8278249596486428,-29.329685132197525
189,190.0,0.16453816601737936,4.847370431247514,0.31235139660460814,0.6083923415830684,0.05987636408752697,0.14013117213718432,0.8278249596481371,-29.329685132175143
190,191.0,0.11196362923343606,7.733962482800625,0.31235146494392024,0.6083921681437415,0.05987636408770512,0.14013117213739276,0.8278249596476698,-29.329685132154317
191,192.0,0.7779839526176077,2.6930232395781646,0.31235114247593637,0.6083928285034012,0.05987636408732938,0.14013117213695309,0.8278249596487297,-29.32968513219825
192,193.0,0.17798897834092398,9.391790540862909,0.3123514476902103,0.6083922119782849,0.05987636408765522,0.14013117213733436,0.8278249596478006,-29.32968513216015
193,194.0,0.8091810426516975,3.0650406525780136,0.31235076985405447,0.6083925081278717,0.05987636408987556,0.14013117213993256,0.827824959648459,-29.329685131900575
194,195.0,0.15521734079706684,5.123681044382461,0.3123514072226977,0.6083923142111812,0.0598763640875518,0.14013117213721338,0.8278249596480722,-29.329685132172244
195,196.0,0.06762741734444211,9.851142279382863,0.3123514948849134,0.6083920915699792,0.059876364087800414,0.14013117213750428,0.8278249596474208,-29.329685132143176
196,197.0,0.2632273898524933,6.981540778730573,0.31235138437014326,0.6083923719694643,0.05987636408750124,0.1401311721371542,0.827824959648205,-29.329685132178156
197,198.0,0.919262105486034,4.05624497366585,0.3123511878270115,0.6083928510806078,0.059876364087301834,0.14013117213692086,0.8278249596487314,-29.329685132201462
198,199.0,0.9719245435749307,7.8757748767045594,0.3123512324684145,0.608392746176081,0.059876364087312436,0.14013117213693327,0.827824959648704,-29.329685132200225
199,200.0,0.9956202316678314,1.6925932030999091,0.31235133190844083,0.6083930261189955,0.05987636408768105,0.14013117213736462,0.8278249596486676,-29.32968513215713
200,201.0,0.09483624623225317,8.956916605426079,0.31235148026721626,0.6083921294099096,0.05987636408775188,0.14013117213744747,0.8278249596475471,-29.329685132148853
201,202.0,0.10803133016000532,8.657457258691654,0.3123514721308429,0.6083921495572066,0.05987636408772741,0.14013117213741885,0.8278249596476117,-29.32968513215171
202,203.0,0.46342128518776515,6.688914764257473,0.31235130677157946,0.6083925648105495,0.0598763640873743,0.14013117213700566,0.8278249596485403,-29.329685132192992
203,204.0,0.8477213617927232,4.185995731319253,0.3123511926858149,0.6083928401550986,0.05987636408730207,0.14013117213692114,0.8278249596487308,-29.329685132201433
204,205.0,0.486574741415556,3.3466244694920477,0.3123512163475086,0.608392784615882,0.05987636408730643,0.14013117213692625,0.8278249596487197,-29.32968513220093
205,206.0,0.12574665941809415,5.205597332373381,0.3123514278927579,0.608392261382998,0.05987636408760324,0.14013117213727355,0.8278249596479377,-29.329685132166226
206,207.0,0.16798875942938296,5.377835764926319,0.3123514051403127,0.6083923198926009,0.059876364087546444,0.1401311721372071,0.827824959648086,-29.32968513217287
207,208.0,0.25572422843000686,9.252320283938868,0.3123514169947969,0.6083922898716172,0.05987636408757468,0.14013117213724013,0.8278249596480118,-29.329685132169566
208,209.0,0.5124939263888301,6.186231530915565,0.3123512829312552,0.6083926240152027,0.0598763640873479,0.14013117213697476,0.8278249596486099,-29.329685132196076
209,210.0,0.404514839007598,0.888570387336582,0.3123511798502523,0.6083928700464226,0.05987636408730182,0.14013117213692083,0.8278249596487312,-29.32968513220147
210,211.0,0.9828397831837581,0.6562360001102187,0.3123511814040528,0.6083928635244669,0.05987636408730183,0.14013117213692083,0.8278249596487315,-29.32968513220147
211,212.0,0.3627311749532045,2.943914463644423,0.31235123315538166,0.6083927449467378,0.05987636408731261,0.1401311721369335,0.8278249596487033,-29.329685132200204
212,213.0,0.5467655910389022,4.404379605777398,0.31235123189552105,0.608392747549798,0.059876364087312166,0.14013117213693296,0.8278249596487046,-29.329685132200254
213,214.0,0.3197045585402535,8.064890279097357,0.31235137858525713,0.6083923856378303,0.05987636408749035,0.14013117213714146,0.8278249596482343,-29.329685132179428
214,215.0,0.14585956530637056,4.283656105440749,0.31235139624784386,0.6083923426301566,0.059876364087526,0.14013117213718318,0.8278249596481395,-29.329685132175257
215,216.0,0.20200104899329452,4.846127622430032,0.3123513733548233,0.6083923995509122,0.05987636408747918,0.1401311721371284,0.8278249596482632,-29.329685132180735
216,217.0,0.8349508779071728,7.729496512022024,0.3123512485283463,0.6083927077075331,0.059876364087320874,0.14013117213694315,0.8278249596486815,-29.329685132199238
217,218.0,0.4898814848016254,9.827305785194689,0.3123513510473817,0.6083924547437779,0.05987636408743906,0.14013117213708143,0.8278249596483693,-29.329685132185418
218,219.0,0.7760305252203601,4.883584050844368,0.3123512078420203,0.60839280446587,0.05987636408730428,0.14013117213692372,0.8278249596487253,-29.329685132201185
219,220.0,0.1630658982341301,9.618448731494373,0.31235145469073783,0.6083921941725889,0.0598763640876751,0.14013117213735765,0.8278249596477485,-29.329685132157827
220,221.0,0.22693131436678204,8.882773868739,0.3123514240045635,0.6083922719155054,0.05987636408759238,0.14013117213726084,0.8278249596479655,-29.329685132167498
221,222.0,0.11787811723866604,9.477591102328917,0.3123514726354743,0.6083921486003768,0.05987636408772843,0.14013117213742007,0.8278249596476087,-29.329685132151596
222,223.0,0.7768926289186469,1.2554308816825568,0.31235129404749806,0.6083929871901821,0.05987636408751369,0.14013117213716877,0.8278249596486937,-29.3296851321767
223,224.0,0.022431624810503648,6.569932856454628,0.31235151044370546,0.6083920519870856,0.059876364087853545,0.14013117213756646,0.8278249596472816,-29.329685132136966
224,225.0,0.9743292887565994,8.741170035945679,0.3123512444118116,0.6083927177342839,0.05987636408731841,0.14013117213694026,0.8278249596486881,-29.32968513219953
225,226.0,0.5326230028987858,5.7834189101268425,0.31235126858343326,0.6083926591786585,0.05987636408733509,0.14013117213695978,0.8278249596486438,-29.329685132197575
226,227.0,0.27815140912223746,5.521021274628388,0.3123513497629173,0.6083924588487865,0.05987636408743607,0.14013117213707793,0.8278249596483768,-29.329685132185773
227,228.0,0.3064935084554843,7.843798877197505,0.31235138095400866,0.6083923803424456,0.05987636408749446,0.14013117213714626,0.827824959648223,-29.329685132178945
228,229.0,0.2715774254804967,8.654809247347337,0.31235140451388427,0.6083923215255156,0.05987636408754494,0.14013117213720533,0.8278249596480899,-29.32968513217304
229,230.0,0.054530845712115306,8.961837279621019,0.3123514984981395,0.6083920823927902,0.05987636408781249,0.1401311721375184,0.827824959647389,-29.329685132141762
230,231.0,0.6445135348563646,2.8565707574804757,0.3123511881104639,0.6083928506901292,0.05987636408730181,0.14013117213692083,0.8278249596487315,-29.32968513220147
231,232.0,0.360192702732833,9.699787860097475,0.3123513865514569,0.6083923663437164,0.05987636408750595,0.1401311721371597,0.8278249596481928,-29.3296851321776
232,233.0,0.7367292734400915,5.744934937899617,0.31235122893986317,0.6083927551387984,0.05987636408731076,0.1401311721369313,0.8278249596487083,-29.329685132200424
233,234.0,0.670784710337672,7.326926781009029,0.3123512692362951,0.6083926570625418,0.05987636408733587,0.1401311721369607,0.827824959648642,-29.329685132197483
234,235.0,0.0119257629131434,5.475319552838923,0.31235151543337497,0.6083920382617616,0.059876364087873085,0.14013117213758933,0.8278249596472318,-29.329685132134685
235,236.0,0.6922851743591298,7.050582422009187,0.31235126035452837,0.6083926793950247,0.05987636408732868,0.14013117213695228,0.8278249596486609,-29.32968513219833
236,237.0,0.445039064035878,2.5937391256542215,0.31235120114384507,0.6083928197305822,0.05987636408730312,0.14013117213692236,0.8278249596487284,-29.329685132201313
237,238.0,0.9768467697421799,5.196115560664783,0.31235119602572226,0.6083928320448145,0.05987636408730241,0.14013117213692153,0.82782495964873,-29.329685132201398
238,239.0,0.6714840821451685,3.8421751608275705,0.3123512007189095,0.6083928212808897,0.05987636408730297,0.1401311721369222,0.8278249596487286,-29.329685132201334
239,240.0,0.48726214534594336,5.72858161839901,0.31235127860143447,0.6083926340714051,0.0598763640873441,0.14013117213697032,0.8278249596486202,-29.329685132196524
240,241.0,0.7607768670855748,6.988134134473902,0.31235124756111515,0.6083927097365512,0.05987636408732039,0.1401311721369426,0.827824959648683,-29.3296851321993
241,242.0,0.9017772629022306,4.486896454819177,0.31235119275656326,0.6083928397804947,0.059876364087302084,0.14013117213692117,0.8278249596487308,-29.329685132201433
242,243.0,0.8517694937513767,0.7654383158503131,0.31235118436334264,0.6083928580172953,0.059876364087301785,0.1401311721369208,0.8278249596487315,-29.32968513220147
243,244.0,0.2642036945047608,3.192950657818857,0.31235128342559776,0.6083926231574798,0.0598763640873482,0.14013117213697512,0.827824959648609,-29.329685132196047
244,245.0,0.7973617811859615,9.682699636878862,0.3123512841814668,0.6083926211737027,0.059876364087349004,0.14013117213697607,0.8278249596486069,-29.329685132195955
245,246.0,0.4549315860614953,5.589222936438448,0.31235128496667686,0.6083926190573602,0.05987636408734988,0.14013117213697707,0.8278249596486047,-29.32968513219585
246,247.0,0.5444404062346626,3.7282720549990067,0.31235121478851446,0.6083927877611447,0.05987636408730607,0.14013117213692583,0.8278249596487207,-29.32968513220097
247,248.0,0.06796524149372907,2.5853833593410114,0.31235142083732437,0.6083922801080778,0.059876364087584226,0.1401311721372513,0.8278249596479867,-29.32968513216845
248,249.0,0.9824291755922708,7.8870142578425515,0.3123512316785104,0.6083927477851221,0.05987636408731213,0.1401311721369329,0.8278249596487047,-29.32968513220026
249,250.0,0.016068578371140396,5.879751428040556,0.31235151360989166,0.6083920434508121,0.059876364087865584,0.14013117213758053,0.8278249596472507,-29.32968513213556
250,251.0,0.5396960945029402,8.39261934707741,0.31235131701332675,0.6083925396216014,0.059876364087387245,0.1401311721370208,0.8278249596485061,-29.329685132191486
251,252.0,0.24337810812559146,4.826638115528091,0.31235135008146386,0.6083924581739887,0.05987636408743649,0.14013117213707843,0.8278249596483755,-29.329685132185716
252,253.0,0.4677591727360977,1.3234912822004896,0.31235157676354125,0.6083932218218439,0.05987636408966836,0.14013117213969012,0.8278249596484341,-29.329685131924798
253,254.0,0.004405720815047531,5.5326735523059085,0.3123515221401212,0.6083920216021468,0.05987636408789645,0.14013117213761667,0.8278249596471702,-29.329685132131956
254,255.0,0.026866938495677894,4.392511051735177,0.3123514977718515,0.6083920838402156,0.059876364087810746,0.14013117213751636,0.8278249596473941,-29.329685132141968
255,256.0,0.20255976614456728,7.1615204152253025,0.3123514151608987,0.6083922946276623,0.059876364087570064,0.14013117213723472,0.8278249596480238,-29.329685132170106
256,257.0,0.4424166688313572,7.337189782112677,0.31235132620303363,0.6083925169019565,0.059876364087399894,0.1401311721370356,0.8278249596484726,-29.32968513219
257,258.0,0.9288488385259831,1.2741054644005019,0.3123512113223986,0.608392897551366,0.05987636408731462,0.14013117213693582,0.8278249596487278,-29.32968513219997
258,259.0,0.8019510099325308,9.371156164763715,0.31235127860474027,0.608392634519378,0.05987636408734385,0.14013117213697002,0.8278249596486207,-29.329685132196552
259,260.0,0.061563998822740884,5.834276263186581,0.3123514796194592,0.6083921301065605,0.0598763640877514,0.14013117213744694,0.8278249596475493,-29.32968513214891
260,261.0,0.04821467953823333,9.439806994497754,0.3123515026364313,0.6083920712029431,0.059876364087827705,0.1401311721375362,0.82782495964735,-29.329685132139986
261,262.0,0.4217923539906817,5.649854582530258,0.31235129715279314,0.6083925885259672,0.059876364087363035,0.14013117213699247,0.8278249596485701,-29.329685132194314
262,263.0,0.819603157520889,1.398026288272555,0.3123513342463408,0.6083930299896425,0.05987636408769573,0.14013117213738177,0.8278249596486646,-29.32968513215542
263,264.0,0.4574880280930219,7.587130283367444,0.3123513266968055,0.6083925164532709,0.05987636408739999,0.14013117213703571,0.8278249596484719,-29.329685132189994
264,265.0,0.783289501416588,3.6663940125525025,0.3123511901943968,0.6083928460712988,0.05987636408730189,0.14013117213692092,0.8278249596487313,-29.329685132201462
265,266.0,0.9643163818219165,0.5556576450193879,0.3123511813913427,0.6083928659836424,0.05987636408730177,0.1401311721369208,0.8278249596487314,-29.329685132201476
266,267.0,0.6351015947998466,5.224351514125608,0.3123512336045769,0.6083927434694247,0.05987636408731292,0.14013117213693382,0.8278249596487026,-29.32968513220017
267,268.0,0.8578579269104702,3.6546148742158286,0.31235118692626385,0.6083928530031448,0.059876364087301785,0.1401311721369208,0.8278249596487315,-29.32968513220147
268,269.0,0.8529115518580594,8.316902185969369,0.31235125488258464,0.6083926920060096,0.059876364087325086,0.14013117213694806,0.8278249596486705,-29.329685132198748
269,270.0,0.7785618430820035,4.608712751513519,0.31235120282304724,0.608392816083027,0.05987636408730336,0.14013117213692264,0.8278249596487277,-29.32968513220129
270,271.0,0.8293204011335211,9.431328739523089,0.31235127519632483,0.6083926430041667,0.05987636408734072,0.14013117213696635,0.827824959648629,-29.329685132196914
271,272.0,0.2025050097835237,2.680408650468989,0.3123512955754618,0.6083925931676407,0.05987636408736083,0.1401311721369899,0.8278249596485756,-29.32968513219457
272,273.0,0.4420698037583196,1.2170742634608913,0.31235159959361336,0.6083932430443354,0.05987636408995478,0.14013117214002527,0.8278249596483984,-29.329685131891317
273,274.0,0.9760479366931856,7.521861461121012,0.31235122763502154,0.6083927575983223,0.05987636408731038,0.14013117213693088,0.8278249596487093,-29.329685132200467
274,275.0,0.0026159274585689785,3.5333445425264265,0.3123515216511398,0.6083920227492348,0.05987636408789486,0.14013117213761478,0.8278249596471745,-29.329685132132134
275,276.0,0.8568507696389147,7.821062373361155,0.31235124683229815,0.6083927115900309,0.05987636408731995,0.14013117213694207,0.8278249596486841,-29.329685132199344
276,277.0,0.257047000345324,4.186749219733109,0.31235132417111167,0.6083925226054577,0.05987636408739651,0.14013117213703163,0.8278249596484812,-29.32968513219039
277,278.0,0.6418379989706506,1.7306903227077255,0.3123516109353627,0.6083932579438167,0.05987636409012477,0.14013117214022416,0.8278249596483722,-29.329685131871443
278,279.0,0.5120554502506655,4.009832021058205,0.31235122830529455,0.6083927556060008,0.05987636408731075,0.1401311721369313,0.8278249596487084,-29.329685132200424
279,280.0,0.3880713326117794,7.998651621014793,0.3123513545737834,0.6083924466736756,0.05987636408744445,0.14013117213708773,0.8278249596483547,-29.329685132184792
280,281.0,0.32209379397371196,3.6471284518032143,0.31235127430130327,0.6083926448298655,0.05987636408734011,0.14013117213696566,0.8278249596486307,-29.329685132196992
281,282.0,0.5913125961925373,1.9915930366506434,0.3123512329825805,0.6083929074933107,0.0598763640873356,0.14013117213696036,0.8278249596487258,-29.32968513219752
282,283.0,0.5269203403869696,9.607995629992404,0.31235133832485124,0.6083924871970146,0.05987636408741765,0.1401311721370564,0.8278249596484255,-29.329685132187926
283,284.0,0.20655420287458892,8.995524569215121,0.3123514332520914,0.6083922486247337,0.05987636408761601,0.14013117213728848,0.8278249596479034,-29.329685132164734
284,285.0,0.2001597194937147,6.360693070558704,0.31235140459235217,0.6083923211996227,0.059876364087545285,0.14013117213720575,0.8278249596480891,-29.329685132173005
285,286.0,0.8709725889630907,2.9017995136175365,0.31235126544774683,0.6083929368742467,0.059876364087398826,0.14013117213703435,0.8278249596487173,-29.32968513219013
286,287.0,0.6767971913710974,2.6371172785218824,0.3123511836663408,0.6083928603125323,0.059876364087301744,0.14013117213692075,0.8278249596487315,-29.329685132201476
287,288.0,0.12974410868532726,2.4566425673702716,0.3123513437605231,0.608392473112256,0.05987636408742676,0.14013117213706705,0.8278249596484017,-29.32968513218686
288,289.0,0.5611389162955551,7.665409319301793,0.3123512999027459,0.6083925822866658,0.0598763640873658,0.14013117213699572,0.8278249596485625,-29.329685132193987
289,290.0,0.9490244256972679,5.710457852403275,0.31235120403509437,0.6083928131911244,0.05987636408730354,0.14013117213692286,0.8278249596487273,-29.329685132201263
290,291.0,0.4693184629558297,5.315283635482153,0.3123512744953053,0.6083926442798748,0.05987636408734031,0.14013117213696588,0.8278249596486302,-29.329685132196964
291,292.0,0.97533224983155,2.0850050050063262,0.3123515384919237,0.608393217435306,0.05987636408935521,0.14013117213932366,0.8278249596484412,-29.329685131961405
292,293.0,0.10891413792775007,6.382761192183717,0.31235145490069277,0.6083921937897004,0.059876364087675465,0.14013117213735807,0.8278249596477474,-29.329685132157785
293,294.0,0.9680020901461888,4.981002588742711,0.3123511945774157,0.6083928357898444,0.05987636408730221,0.1401311721369213,0.8278249596487305,-29.32968513220142
294,295.0,0.8661367630507746,9.654887219388536,0.312351272553167,0.6083926493242324,0.0598763640873385,0.14013117213696374,0.8278249596486349,-29.329685132197177
295,296.0,0.09258120702078065,1.7782883372419254,0.31235134619219646,0.6083924675622114,0.05987636408743029,0.14013117213707116,0.8278249596483921,-29.329685132186448
296,297.0,0.32365665092538876,2.6564755846330024,0.31235123377403284,0.6083927430880289,0.059876364087313005,0.14013117213693393,0.8278249596487024,-29.329685132200154
297,298.0,0.8156350289454365,9.129153117548709,0.31235127332211815,0.6083926475953871,0.05987636408733907,0.14013117213696444,0.8278249596486333,-29.329685132197113
298,299.0,0.21357106447676066,3.8843060255321644,0.31235133844659047,0.6083924863326728,0.0598763640874183,0.14013117213705714,0.8278249596484241,-29.329685132187848
299,300.0,0.8725124975152408,2.998493792664104,0.3123511676362948,0.6083928497544181,0.05987636408730654,0.14013117213692636,0.8278249596487314,-29.329685132200915
300,301.0,0.952103135721611,6.572738692857436,0.31235121621833667,0.608392784808193,0.059876364087306386,0.1401311721369262,0.8278249596487198,-29.329685132200936
301,302.0,0.4365588654846918,8.33787607602878,0.3123513455341138,0.6083924697609029,0.059876364087428725,0.14013117213706933,0.8278249596483959,-29.329685132186633
302,303.0,0.4532757788235824,2.803797905999894,0.31235120656318244,0.6083928074298449,0.059876364087304026,0.14013117213692342,0.8278249596487259,-29.329685132201206
303,304.0,0.5329701969713964,2.6002925920330284,0.31235119122091415,0.6083928427355078,0.05987636408730204,0.1401311721369211,0.8278249596487309,-29.32968513220144
304,305.0,0.6961593736956614,4.468662392368894,0.3123512093268482,0.6083928009727354,0.05987636408730462,0.1401311721369241,0.8278249596487245,-29.329685132201135
305,306.0,0.15831994502777347,1.701982391618246,0.31235126762993676,0.608392660978335,0.05987636408733456,0.14013117213695916,0.8278249596486454,-29.32968513219764
306,307.0,0.7244299075225991,4.0912384504739645,0.31235119999998195,0.6083928230777045,0.05987636408730287,0.14013117213692208,0.8278249596487289,-29.32968513220134
307,308.0,0.6231239032366087,9.492870322639108,0.31235131493825585,0.6083925449527655,0.059876364087384365,0.14013117213701745,0.8278249596485135,-29.32968513219182
308,309.0,0.11635001753505614,3.565328810714762,0.3123514002090102,0.6083923318746972,0.059876364087535744,0.1401311721371946,0.8278249596481144,-29.32968513217412
309,310.0,0.5749388976872083,8.49799688957876,0.31235131016595485,0.6083925570764338,0.05987636408737804,0.14013117213701004,0.8278249596485301,-29.32968513219256
310,311.0,0.3995298994641876,5.8059392683632645,0.312351308849292,0.6083925600343787,0.059876364087376614,0.14013117213700838,0.827824959648534,-29.329685132192722
311,312.0,0.271671216064971,8.678706235013063,0.31235140363160563,0.6083923229194381,0.059876364087543904,0.14013117213720414,0.8278249596480932,-29.329685132173168
312,313.0,0.636763307306598,2.4884627830244774,0.3123511850043238,0.6083928576067603,0.059876364087301744,0.14013117213692075,0.8278249596487316,-29.329685132201476
313,314.0,0.3961469280451825,3.056659833167379,0.3123512273692565,0.6083927585068765,0.05987636408731022,0.1401311721369307,0.8278249596487097,-29.32968513220049
314,315.0,0.13599920943158228,0.9643512556387471,0.31235119052740024,0.6083928498326818,0.059876364087301695,0.1401311721369207,0.8278249596487315,-29.329685132201483
315,316.0,0.12054705623843565,1.3314924472818181,0.3123512711913353,0.6083926524004115,0.05987636408733746,0.14013117213696252,0.8278249596486378,-29.329685132197305
316,317.0,0.13951804233800957,7.851200443061804,0.3123514516352781,0.6083922019118151,0.0598763640876664,0.14013117213734747,0.8278249596477714,-29.329685132158843
317,318.0,0.20427164834659295,8.277314342503933,0.3123514261677873,0.6083922659396337,0.05987636408759853,0.14013117213726803,0.8278249596479498,-29.32968513216678
318,319.0,0.525624598298415,6.255861193109753,0.3123512806950973,0.6083926292105541,0.059876364087345924,0.14013117213697246,0.8278249596486154,-29.32968513219631
319,320.0,0.28589106532101793,4.425152570707511,0.3123513171124479,0.6083925398819882,0.05987636408738702,0.14013117213702056,0.8278249596485063,-29.329685132191507
320,321.0,0.4701930038714639,0.5487792456309769,0.3123511803314297,0.6083928658645834,0.05987636408730185,0.1401311721369209,0.8278249596487314,-29.329685132201462
321,322.0,0.4171932765157551,8.245254983501189,0.3123513490398116,0.6083924605504591,0.05987636408743495,0.14013117213707663,0.8278249596483798,-29.3296851321859
322,323.0,0.12900862574027083,6.627165096127744,0.31235144520961344,0.6083922178958482,0.05987636408764886,0.14013117213732693,0.8278249596478175,-29.329685132160897
323,324.0,0.2591204421831518,7.058875454381616,0.3123513876028461,0.6083923635913947,0.0598763640875083,0.14013117213716247,0.8278249596481866,-29.329685132177325
324,325.0,0.7196369182251117,9.500478081239002,0.3123512953195846,0.6083925933641391,0.05987636408736081,0.14013117213698986,0.8278249596485758,-29.32968513219457
325,326.0,0.2386553477216269,2.2855657011059556,0.3123512522066057,0.6083926983752612,0.05987636408732333,0.140131172136946,0.8278249596486752,-29.329685132198946
326,327.0,0.3544356416821818,1.5389121709191977,0.3123511868599269,0.608392853227525,0.05987636408730182,0.14013117213692083,0.8278249596487314,-29.32968513220147
327,328.0,0.5938909144815346,4.42043241674113,0.3123512234408609,0.6083927671638294,0.05987636408730888,0.1401311721369291,0.8278249596487134,-29.329685132200638
328,329.0,0.8267326767640425,8.946746031247574,0.31235126871120444,0.6083926586473228,0.059876364087335314,0.14013117213696002,0.8278249596486433,-29.329685132197554
329,330.0,0.41142431364326615,0.6115562620289118,0.3123511789558415,0.6083928700156434,0.05987636408730188,0.14013117213692092,0.8278249596487312,-29.329685132201462
330,331.0,0.0018874033735222229,1.4509176575073952,0.31235151949140433,0.6083920286046521,0.059876364087886366,0.14013117213760487,0.8278249596471962,-29.32968513213313
331,332.0,0.231638488306823,6.202240848892817,0.3123513860697413,0.6083923676966364,0.05987636408750477,0.14013117213715834,0.8278249596481958,-29.329685132177737
332,333.0,0.6404008354242449,8.831547123392573,0.31235130020020724,0.6083925808803502,0.05987636408736657,0.14013117213699663,0.8278249596485608,-29.329685132193895
333,334.0,0.5904754480036989,6.766974293438619,0.31235127563283893,0.6083926419230966,0.05987636408734113,0.14013117213696685,0.8278249596486279,-29.32968513219687
334,335.0,0.724022225886949,6.32101673190302,0.31235124103412604,0.6083927253016777,0.05987636408731673,0.1401311721369383,0.8278249596486926,-29.32968513219972
335,336.0,0.3033520299941824,3.6272382622336834,0.31235128153529307,0.6083926274006718,0.05987636408734657,0.1401311721369732,0.8278249596486135,-29.329685132196232
336,337.0,0.0821751876534923,1.3625877725668407,0.31235132664640136,0.608392516167365,0.05987636408740024,0.14013117213703602,0.8278249596484715,-29.329685132189958
337,338.0,0.9200085824539088,9.858781084044713,0.31235126700075017,0.6083926624543013,0.05987636408733406,0.14013117213695855,0.8278249596486468,-29.329685132197703
338,339.0,0.11111450278773438,9.629506778837477,0.3123514753977307,0.6083921406125116,0.05987636408773853,0.14013117213743187,0.8278249596475833,-29.32968513215041
339,340.0,0.4240848423269832,1.8658509910824033,0.3123511872825236,0.6083928521961901,0.0598763640873018,0.1401311721369208,0.8278249596487315,-29.32968513220147
340,341.0,0.7825809836905048,6.17497247449831,0.31235122855130165,0.6083927548996021,0.05987636408731087,0.14013117213693144,0.8278249596487082,-29.32968513220041
341,342.0,0.476260148603579,4.456761836497207,0.31235124988455093,0.6083927042975287,0.05987636408732176,0.14013117213694418,0.8278249596486792,-29.32968513219914
342,343.0,0.30808270959721096,2.512646643337264,0.31235123340536275,0.6083927441056257,0.0598763640873128,0.14013117213693368,0.827824959648703,-29.329685132200183
343,344.0,0.35903319174438564,2.307038156967237,0.3123512101234644,0.6083927996559256,0.05987636408730471,0.14013117213692422,0.8278249596487242,-29.329685132201128
344,345.0,0.3675603544294379,3.3987967444195872,0.3123512489389327,0.6083927071598443,0.05987636408732097,0.14013117213694326,0.8278249596486812,-29.32968513219923
345,346.0,0.5383255775548437,4.065235590575595,0.3123512251587876,0.6083927635986062,0.05987636408730941,0.14013117213692974,0.8278249596487119,-29.32968513220058
346,347.0,0.6426358953511403,9.463652098852801,0.3123513096035404,0.6083925579480938,0.059876364087377676,0.1401311721370096,0.8278249596485313,-29.329685132192594
347,348.0,0.7810413069367118,0.8710947108522348,0.31235118090083974,0.6083928657721365,0.05987636408730183,0.14013117213692083,0.8278249596487313,-29.32968513220147
348,349.0,0.1912369953037898,8.216105083663184,0.3123514312708438,0.6083922534622277,0.059876364087611086,0.14013117213728274,0.8278249596479165,-29.32968513216531
349,350.0,0.4759354215330829,8.965840348362281,0.3123513428441422,0.6083924754442743,0.05987636408742524,0.14013117213706527,0.8278249596484056,-29.329685132187038
350,351.0,0.11041239048893337,6.195997019028748,0.3123514521702263,0.6083922008459992,0.05987636408766747,0.14013117213734871,0.8278249596477683,-29.329685132158716
351,352.0,0.5549164521946535,8.949555925091863,0.3123513227797665,0.6083925256092256,0.059876364087394884,0.14013117213702975,0.8278249596484857,-29.32968513219059
352,353.0,0.49855950430095575,4.601282051712083,0.3123512478406695,0.6083927095794468,0.05987636408732038,0.14013117213694257,0.8278249596486829,-29.3296851321993
353,354.0,0.2675094354700659,1.7433952084258504,0.312351211602187,0.6083927957533584,0.05987636408730513,0.14013117213692472,0.827824959648723,-29.329685132201085
354,355.0,0.5860617444097929,2.0425338299137454,0.31235111853234176,0.6083928083297242,0.059876364087368406,0.14013117213699877,0.8278249596487262,-29.32968513219368
355,356.0,0.6463157879950181,1.4437264550782842,0.31235157339588393,0.6083932441346837,0.05987636408974385,0.14013117213977844,0.8278249596483964,-29.329685131915973
356,357.0,0.8318452614956734,7.6219701627732785,0.31235124619495447,0.608392712789584,0.05987636408731967,0.1401311721369417,0.8278249596486849,-29.32968513219938
357,358.0,0.40240716515029606,4.9751282739042635,0.31235128591744055,0.6083926166425293,0.05987636408735085,0.14013117213697823,0.8278249596486021,-29.329685132195735
358,359.0,0.7920093192313535,4.5759015926412,0.3123512015276097,0.6083928192347101,0.05987636408730313,0.1401311721369224,0.8278249596487283,-29.329685132201313
359,360.0,0.44789069169797413,5.9329495047914,0.31235129512398013,0.6083925937733452,0.05987636408736065,0.1401311721369897,0.8278249596485763,-29.32968513219459
360,361.0,0.45199742966901246,4.521674300904564,0.31235125768675986,0.6083926854088905,0.05987636408732693,0.14013117213695023,0.8278249596486655,-29.329685132198527
361,362.0,0.9244806928898524,7.572245549432922,0.3123512332012104,0.6083927437088344,0.05987636408731295,0.14013117213693385,0.8278249596487027,-29.32968513220016
362,363.0,0.33884547825798905,9.20404659125429,0.31235138766728765,0.6083923634561592,0.059876364087508384,0.14013117213716256,0.8278249596481865,-29.329685132177318
363,364.0,0.5807184549534958,5.50734245791663,0.31235125077316817,0.6083927022251004,0.059876364087322324,0.14013117213694484,0.8278249596486777,-29.329685132199067
364,365.0,0.06412103923187706,1.5534771824807878,0.31235137462156165,0.608392396328953,0.05987636408748171,0.14013117213713133,0.8278249596482565,-29.329685132180437
365,366.0,0.6260015104172109,7.72392669338363,0.312351286188557,0.6083926159709067,0.05987636408735114,0.14013117213697857,0.8278249596486014,-29.3296851321957
366,367.0,0.3987673849349568,0.11895543089818789,0.3123511808263158,0.6083928662471858,0.059876364087301834,0.14013117213692086,0.8278249596487313,-29.329685132201462
367,368.0,0.8463406546190115,1.0738234348230282,0.3123511921717817,0.6083928764415383,0.05987636408730276,0.14013117213692194,0.8278249596487307,-29.329685132201355
368,369.0,0.46694156421863786,7.432765513228073,0.31235131969943,0.6083925325988947,0.059876364087391144,0.14013117213702536,0.8278249596484959,-29.329685132191024
369,370.0,0.8842616280468631,6.631621643938465,0.312351224556117,0.6083927651047735,0.059876364087309134,0.1401311721369294,0.8278249596487126,-29.32968513220061
370,371.0,0.8815002368608654,5.431784930374391,0.312351206555219,0.6083928075460909,0.05987636408730401,0.14013117213692342,0.8278249596487259,-29.329685132201213
371,372.0,0.28917247138471047,9.927591279210816,0.3123514112901653,0.6083923038894693,0.059876364087561446,0.14013117213722465,0.8278249596480469,-29.329685132171115
372,373.0,0.8065435342310291,5.170643444650349,0.31235120949508727,0.6083928010102849,0.05987636408730459,0.14013117213692408,0.8278249596487244,-29.329685132201142
373,374.0,0.35800754912196797,0.7378621708705984,0.31235118506799525,0.6083928592974931,0.059876364087301695,0.1401311721369207,0.8278249596487315,-29.329685132201483
374,375.0,0.43115891800502815,7.27136184812989,0.3123513274331263,0.6083925133058311,0.05987636408740206,0.14013117213703813,0.8278249596484671,-29.329685132189752
375,376.0,0.7448681395752842,4.332857423053469,0.31235120265700217,0.6083928169698632,0.05987636408730326,0.14013117213692253,0.8278249596487279,-29.3296851322013
376,377.0,0.6207193872172142,2.435636167352831,0.31235118520561045,0.6083928569976392,0.059876364087301764,0.14013117213692078,0.8278249596487315,-29.329685132201476
377,378.0,0.39207110857466243,2.726769698288124,0.31235121721931897,0.6083927827412335,0.05987636408730662,0.14013117213692644,0.8278249596487192,-29.3296851322009
378,379.0,0.9336291060157675,3.415278612785507,0.31235092815984394,0.6083926437141848,0.05987636408829028,0.14013117213807752,0.8278249596486296,-29.329685132085906
379,380.0,0.8836313745932249,5.852626966432634,0.31235121214649725,0.6083927940508487,0.05987636408730535,0.14013117213692497,0.8278249596487226,-29.32968513220105
380,381.0,0.446323682273421,7.294714544181948,0.31235132425029805,0.6083925220681312,0.05987636408739688,0.14013117213703208,0.8278249596484804,-29.32968513219035
381,382.0,0.19834107872191997,5.129233770408684,0.31235138175328986,0.6083923788463814,0.059876364087495554,0.14013117213714754,0.8278249596482199,-29.329685132178817
382,383.0,0.1649282773592018,7.884896150416058,0.3123514396923894,0.6083922321785245,0.05987636408763339,0.14013117213730883,0.827824959647858,-29.3296851321627
383,384.0,0.42062882567013815,5.669814217299847,0.3123512977201968,0.6083925875599453,0.0598763640873634,0.1401311721369929,0.827824959648569,-29.32968513219427
384,385.0,0.0153384280933615,4.9203011893371125,0.3123515111944156,0.6083920490899801,0.05987636408785798,0.14013117213757165,0.8278249596472712,-29.329685132136447
385,386.0,0.751430055084164,5.9752347996994795,0.3123512313451711,0.6083927492985847,0.059876364087311805,0.14013117213693252,0.8278249596487055,-29.329685132200296
386,387.0,0.9693672089289634,9.347163368785175,0.3123512531647312,0.6083926957287372,0.05987636408732412,0.14013117213694692,0.8278249596486732,-29.329685132198854
387,388.0,0.75543113004877,1.7441622536241914,0.31235159512944316,0.6083932595383493,0.059876364089996886,0.14013117214007453,0.8278249596483693,-29.329685131886393
388,389.0,0.17095586618538816,1.1761344177727642,0.3123511799039138,0.6083928705771693,0.059876364087301806,0.1401311721369208,0.827824959648731,-29.32968513220147
389,390.0,0.3606463028642707,3.949880224026191,0.31235126982962386,0.6083926555934273,0.05987636408733637,0.14013117213696127,0.8278249596486407,-29.329685132197426
390,391.0,0.8627984398099743,6.3470940591457765,0.3123512226773722,0.6083927698620674,0.059876364087308405,0.14013117213692855,0.8278249596487144,-29.329685132200694
391,392.0,0.05353211531960145,7.848177483032129,0.312351496177411,0.6083920886063657,0.059876364087804175,0.1401311721375087,0.8278249596474105,-29.329685132142743
392,393.0,0.7691832899218577,5.940099272945864,0.3123512269680988,0.6083927594497203,0.05987636408731006,0.1401311721369305,0.8278249596487102,-29.329685132200503
393,394.0,0.9865553028707128,2.645586416559887,0.31235161287169033,0.6083932614168185,0.05987636409015897,0.1401311721402642,0.827824959648366,-29.32968513186745
394,395.0,0.47324316477121253,5.316353059526081,0.3123512739128846,0.6083926461160394,0.05987636408733964,0.1401311721369651,0.8278249596486319,-29.32968513219705
395,396.0,0.5625841323940161,8.242944814556997,0.31235130934433675,0.6083925587082196,0.05987636408737727,0.14013117213700912,0.8278249596485323,-29.329685132192644
396,397.0,0.7870558823861403,0.023610650859865284,0.31235118221106317,0.6083928657070289,0.05987636408730172,0.14013117213692072,0.8278249596487314,-29.329685132201476
397,398.0,0.7243838445737757,6.116899011884593,0.31235123736823245,0.6083927342495321,0.05987636408731479,0.14013117213693602,0.8278249596486977,-29.32968513219995
398,399.0,0.11211435579034279,8.700081969533816,0.31235147065904734,0.6083921532142014,0.059876364087723025,0.14013117213741372,0.8278249596476233,-29.32968513215223
399,400.0,0.754923526189152,9.61127354512219,0.31235129056206085,0.6083926051276868,0.059876364087355666,0.14013117213698387,0.8278249596485895,-29.329685132195166
400,401.0,0.5482308474302723,0.29916567093085916,0.31235118116247473,0.6083928652774154,0.05987636408730182,0.14013117213692083,0.8278249596487313,-29.32968513220147
401,402.0,0.8010144637006669,2.6483689700369206,0.3123512871980975,0.6083929571406709,0.05987636408746004,0.140131172137106,0.8278249596487092,-29.329685132182973
402,403.0,0.17405435852788553,1.1361401518742527,0.31235118313924226,0.6083928623792518,0.059876364087301744,0.14013117213692075,0.8278249596487315,-29.329685132201476
403,404.0,0.8223380958503165,7.558510039907647,0.31235124747380666,0.6083927103733135,0.059876364087320194,0.14013117213694234,0.8278249596486833,-29.329685132199316
404,405.0,0.8224559016530086,2.005969827740077,0.3123516178174561,0.608393277815787,0.059876364090285655,0.14013117214041246,0.8278249596483357,-29.329685131852628
405,406.0,0.5809251903281328,1.5071352405888656,0.31235162349893186,0.6083932726269392,0.05987636409030988,0.1401311721404408,0.8278249596483455,-29.3296851318498
406,407.0,0.6306362838374133,0.5811118281532762,0.3123511836879261,0.608392860946666,0.05987636408730175,0.14013117213692075,0.8278249596487315,-29.329685132201476
407,408.0,0.18774319058196498,5.287770190379067,0.312351391184448,0.6083923546418123,0.05987636408751586,0.1401311721371713,0.8278249596481667,-29.329685132176444
408,409.0,0.25700600161324305,5.989654758361894,0.31235136993825785,0.6083924086881147,0.059876364087472,0.14013117213711998,0.8278249596482817,-29.329685132181574
409,410.0,0.06000568337508683,2.2687004455298863,0.3123514203244407,0.6083922815858654,0.059876364087582706,0.14013117213724954,0.8278249596479906,-29.329685132168628
410,411.0,0.05973714809566255,1.9495839657836267,0.31235140623378405,0.6083923163555539,0.05987636408754992,0.14013117213721116,0.8278249596480775,-29.329685132172465
411,412.0,0.8650699690644303,7.069424637177771,0.3123512333649004,0.6083927439831434,0.05987636408731284,0.14013117213693374,0.8278249596487028,-29.329685132200183
412,413.0,0.3316148579471092,5.5068896110680035,0.31235132593433484,0.6083925171309635,0.05987636408739984,0.14013117213703555,0.8278249596484729,-29.329685132190008
413,414.0,0.344308533122926,3.567246465307635,0.3123512621280904,0.6083926743607171,0.059876364087330276,0.14013117213695414,0.8278249596486568,-29.329685132198144
414,415.0,0.06899921349687943,3.5757908060301054,0.31235144543659743,0.60839221757131,0.05987636408764913,0.14013117213732726,0.8278249596478167,-29.32968513216086
415,416.0,0.09141738095818686,8.092475565979164,0.31235147650051365,0.6083921383129262,0.059876364087741184,0.14013117213743498,0.8278249596475757,-29.329685132150104
416,417.0,0.46523478655426354,2.009003268925345,0.312351187159212,0.6083928524235632,0.05987636408730181,0.14013117213692083,0.8278249596487315,-29.32968513220147
417,418.0,0.724457418178945,0.7512339241881955,0.3123511804927243,0.608392869435283,0.05987636408730177,0.1401311721369208,0.8278249596487313,-29.329685132201476
418,419.0,0.2144437558829817,5.596172558560768,0.31235138320944134,0.608392374739636,0.059876364087498996,0.14013117213715157,0.827824959648211,-29.329685132178412
419,420.0,0.26144271155232635,6.753392746701843,0.3123513817790547,0.6083923783408888,0.05987636408749607,0.14013117213714815,0.8278249596482188,-29.329685132178753
420,421.0,0.4448617541768022,6.918731438672521,0.3123513182860074,0.608392536904754,0.059876364087388625,0.14013117213702242,0.8278249596485021,-29.329685132191322
421,422.0,0.9492982644821301,4.610166245689246,0.3123511916707961,0.6083928421140604,0.05987636408730201,0.14013117213692108,0.827824959648731,-29.32968513220144
422,423.0,0.07547887160902766,7.524668492054182,0.31235148227065745,0.6083921239880953,0.05987636408775879,0.14013117213745557,0.8278249596475293,-29.329685132148043
423,424.0,0.9739883534632505,3.0656947685941667,0.3123514116125647,0.6083930666021475,0.05987636408807901,0.14013117213783027,0.8278249596486333,-29.329685132110612
424,425.0,0.014663904553857243,1.7545552399195807,0.3123514887156057,0.6083921066044583,0.059876364087781256,0.14013117213748186,0.8278249596474716,-29.32968513214542
425,426.0,0.372594580896492,0.3160263868556998,0.3123511834984706,0.6083928620990343,0.05987636408730172,0.14013117213692072,0.8278249596487315,-29.329685132201476
426,427.0,0.7966860660138251,9.782511127509759,0.3123512848654168,0.6083926187548794,0.0598763640873501,0.14013117213697734,0.8278249596486044,-29.32968513219582
427,428.0,0.679749124102821,8.310172603018922,0.31235128500909376,0.6083926187481646,0.05987636408735003,0.14013117213697726,0.8278249596486044,-29.329685132195827
428,429.0,0.5111164360849761,2.2910867814535743,0.3123511888301698,0.6083928487118294,0.05987636408730187,0.1401311721369209,0.8278249596487314,-29.329685132201462
429,430.0,0.6457957408547154,7.474929144803692,0.3123512771659765,0.6083926378323716,0.05987636408734267,0.14013117213696866,0.8278249596486239,-29.329685132196694
430,431.0,0.8583562396574639,4.217638880362244,0.3123511924335445,0.6083928406889727,0.05987636408730205,0.1401311721369211,0.8278249596487309,-29.32968513220144
431,432.0,0.7883866402916413,4.594366259393066,0.3123512020636383,0.608392818373352,0.05987636408730316,0.14013117213692242,0.8278249596487282,-29.329685132201313
432,433.0,0.2756563247674544,0.49490161191818605,0.31235118258492445,0.6083928631547346,0.05987636408730175,0.14013117213692075,0.8278249596487315,-29.329685132201476
433,434.0,0.22629760323485282,0.07757659662838197,0.31235117652001987,0.608392876179159,0.059876364087301986,0.14013117213692103,0.8278249596487307,-29.329685132201448
434,435.0,0.5518497540748227,0.09929373187487536,0.31235118179348875,0.6083928646624357,0.05987636408730177,0.1401311721369208,0.8278249596487314,-29.329685132201476
435,436.0,0.14076421416107276,9.076922370098385,0.31235145975836326,0.6083921810658626,0.05987636408769016,0.14013117213737528,0.8278249596477093,-29.329685132156065
436,437.0,0.9849009805203733,6.3560983466186585,0.31235120977899566,0.6083927999565261,0.05987636408730474,0.14013117213692428,0.8278249596487242,-29.329685132201128
437,438.0,0.09969600728247363,6.39647110442651,0.3123514606342631,0.6083921791673501,0.059876364087692244,0.14013117213737772,0.8278249596477035,-29.329685132155824
438,439.0,0.849906958241819,4.787835373017513,0.3123512000074496,0.6083928229013024,0.05987636408730288,0.14013117213692208,0.8278249596487289,-29.32968513220134
439,440.0,0.07959569103959896,7.029625192496607,0.3123514765541658,0.6083921375805558,0.05987636408774231,0.14013117213743628,0.8278249596475735,-29.32968513214997
440,441.0,0.9360726225241529,3.7096347362014312,0.31235118452089433,0.6083928584160979,0.05987636408730176,0.14013117213692075,0.8278249596487315,-29.329685132201476
441,442.0,0.9633691656780289,1.4763170855271064,0.3123512594830217,0.6083929530803545,0.0598763640874045,0.14013117213704102,0.827824959648711,-29.32968513218946
442,443.0,0.6933589798087085,4.129665293832757,0.3123512042115086,0.6083928135394446,0.059876364087303485,0.1401311721369228,0.8278249596487273,-29.32968513220127
443,444.0,0.645750658236492,7.961430411387629,0.31235128512095756,0.6083926184798996,0.05987636408735013,0.14013117213697737,0.8278249596486041,-29.32968513219582
444,445.0,0.5009065215838068,3.816443084849197,0.31235122630091616,0.6083927607560065,0.05987636408730985,0.14013117213693024,0.8278249596487107,-29.32968513220053
445,446.0,0.730348632058923,4.507041057678066,0.31235120640594194,0.6083928079869081,0.05987636408730396,0.14013117213692333,0.8278249596487262,-29.329685132201213
446,447.0,0.32358807877856033,3.2634934199389467,0.31235125835168104,0.6083926837786301,0.05987636408732741,0.14013117213695078,0.8278249596486642,-29.329685132198478
447,448.0,0.8356783945180125,4.137988603775852,0.3123511925321681,0.6083928401379566,0.059876364087302084,0.14013117213692117,0.8278249596487309,-29.329685132201433
448,449.0,0.8618563934323926,2.0816146222701803,0.31235161584390186,0.6083932739918362,0.05987636409024856,0.14013117214036902,0.8278249596483429,-29.32968513185697
449,450.0,0.4857672545837718,3.5267067354569743,0.31235122061546416,0.6083927747429787,0.0598763640873077,0.14013117213692772,0.8278249596487163,-29.32968513220078
450,451.0,0.12843485291576417,5.2085195039639745,0.312351426875803,0.6083922649957806,0.05987636408759921,0.14013117213726883,0.8278249596479473,-29.329685132166702
451,452.0,0.5383342515424822,3.214116584624579,0.31235120478819794,0.6083928120917694,0.059876364087303624,0.14013117213692294,0.8278249596487269,-29.329685132201256
452,453.0,0.5193341289611253,9.102322549990374,0.31235133361776696,0.608392499221063,0.05987636408741018,0.14013117213704762,0.827824959648445,-29.3296851321888
453,454.0,0.3921490164881001,0.07449163323449727,0.3123511815072897,0.6083928635707163,0.05987636408730183,0.14013117213692083,0.8278249596487315,-29.32968513220147
454,455.0,0.5870179215642188,0.9190898904437028,0.3123511778851223,0.608392866666748,0.059876364087302056,0.1401311721369211,0.8278249596487313,-29.329685132201433
455,456.0,0.18869240849830327,1.2546784889060698,0.31235121272382443,0.608392793399515,0.059876364087305345,0.14013117213692497,0.8278249596487225,-29.32968513220105
456,457.0,0.45024913623249174,3.8694102154370458,0.31235123940318293,0.6083927297453756,0.059876364087315725,0.14013117213693713,0.8278249596486952,-29.32968513219984
457,458.0,0.4577949037708192,3.8913568570514636,0.312351237341589,0.6083927336165031,0.059876364087314976,0.14013117213693624,0.8278249596486974,-29.329685132199927
458,459.0,0.9507628728082161,1.4730495958897984,0.31235126656494455,0.6083929585643554,0.059876364087422106,0.14013117213706158,0.8278249596487085,-29.329685132187407
459,460.0,0.3603547467267266,6.225178899468505,0.3123513311652538,0.6083925045477814,0.05987636408740714,0.14013117213704407,0.8278249596484535,-29.329685132189155
460,461.0,0.7278177584911358,5.714727861973705,0.3123512290927367,0.608392754377516,0.05987636408731092,0.1401311721369315,0.827824959648708,-29.329685132200403
461,462.0,0.5586713706887193,1.1348472658461752,0.31235149416407987,0.6083931769125519,0.05987636408888541,0.1401311721387739,0.8278249596485028,-29.32968513201633
462,463.0,0.3005407940233632,6.310674752836746,0.3123513568316156,0.6083924413230769,0.05987636408744813,0.14013117213709206,0.8278249596483448,-29.32968513218436
463,464.0,0.3040366218036411,4.559736216629537,0.31235131252207476,0.6083925505068007,0.05987636408738154,0.14013117213701415,0.8278249596485212,-29.329685132192147
464,465.0,0.6995673899106973,2.771800867769211,0.3123511841922482,0.608392858623883,0.05987636408730178,0.1401311721369208,0.8278249596487315,-29.329685132201476
465,466.0,0.014266900236535207,6.451652121399555,0.31235151556311525,0.6083920386671465,0.0598763640878722,0.14013117213758827,0.8278249596472331,-29.329685132134784
466,467.0,0.06630647600476347,6.142604249079598,0.3123514791438414,0.6083921319436543,0.059876364087748865,0.14013117213744394,0.8278249596475553,-29.32968513214921
467,468.0,0.9330148903262258,8.640712499338619,0.31235124788877233,0.6083927090204468,0.05987636408732057,0.1401311721369428,0.8278249596486824,-29.329685132199273
468,469.0,0.6774621625156617,5.672157373211179,0.3123512367863848,0.6083927362585232,0.059876364087314324,0.14013117213693546,0.8278249596486988,-29.329685132200005
469,470.0,0.9202548609126389,5.690153898299507,0.3123512064531738,0.6083928081484287,0.05987636408730394,0.14013117213692333,0.8278249596487262,-29.32968513220122
470,471.0,0.8088253113345688,3.3987102636556235,0.31235118615325563,0.6083928547313364,0.05987636408730177,0.1401311721369208,0.8278249596487315,-29.329685132201476
471,472.0,0.10029911508445921,3.003169663648435,0.3123513978616479,0.6083923375227769,0.0598763640875308,0.1401311721371888,0.8278249596481276,-29.329685132174696
472,473.0,0.334193378858892,8.630373847871217,0.3123513816683356,0.6083923785499448,0.05987636408749594,0.14013117213714799,0.8278249596482192,-29.329685132178767
473,474.0,0.23385100344577237,6.244503525791794,0.3123513856068438,0.6083923687860593,0.05987636408750389,0.14013117213715728,0.8278249596481981,-29.329685132177843
474,475.0,0.33002873266417165,8.391872197985663,0.3123513794151262,0.6083923840557536,0.0598763640874915,0.1401311721371428,0.827824959648231,-29.329685132179293
475,476.0,0.6360245024795815,2.9896274430196863,0.31235118986771554,0.6083928464726229,0.05987636408730189,0.14013117213692092,0.8278249596487313,-29.329685132201462
476,477.0,0.9813448392286128,2.9064904965159606,0.31235152096214985,0.6083931706647114,0.059876364089039895,0.14013117213895468,0.8278249596485117,-29.329685131998268
477,478.0,0.6445156693941626,6.343885297317722,0.31235125529953744,0.6083926906302038,0.059876364087325516,0.14013117213694856,0.8278249596486695,-29.329685132198698
478,479.0,0.4411051648904104,3.5327053816829728,0.31235123086183375,0.6083927501733886,0.05987636408731168,0.14013117213693238,0.8278249596487058,-29.32968513220031
479,480.0,0.418086753650594,0.586428425287737,0.31235118908523934,0.6083928529267424,0.059876364087301674,0.14013117213692067,0.8278249596487314,-29.329685132201483
480,481.0,0.39616318675621476,5.651497388568896,0.31235130572900427,0.6083925677456226,0.05987636408737276,0.14013117213700385,0.8278249596485443,-29.329685132193177
481,482.0,0.06602022501219962,9.60226057220204,0.312351495354629,0.6083920906916621,0.05987636408780142,0.14013117213750545,0.8278249596474176,-29.329685132143055
482,483.0,0.04207681015892262,3.9085892636764683,0.3123514794868092,0.6083921310155688,0.059876364087750045,0.14013117213744536,0.8278249596475523,-29.329685132149066
483,484.0,0.9164729211623394,4.98306015109093,0.3123511969489936,0.6083928298590784,0.0598763640873025,0.14013117213692164,0.8278249596487298,-29.32968513220139
484,485.0,0.9575115144757771,0.8879481468889054,0.3123511805810298,0.6083928609232481,0.05987636408730203,0.14013117213692108,0.8278249596487315,-29.32968513220144
485,486.0,0.7310352653045094,7.549628071675867,0.31235126190494744,0.6083926748868533,0.05987636408733012,0.14013117213695395,0.8278249596486572,-29.329685132198158
486,487.0,0.5126244274449873,3.9337087116845004,0.3123512266574023,0.6083927599715715,0.05987636408730998,0.1401311721369304,0.8278249596487104,-29.32968513220051
487,488.0,0.06027596507111843,5.271398171668082,0.31235147588867057,0.6083921396551515,0.0598763640877396,0.14013117213743312,0.8278249596475802,-29.32968513215029
488,489.0,0.1741989648668143,9.274539629649459,0.3123514480526601,0.6083922112187014,0.059876364087655995,0.14013117213733528,0.8278249596477983,-29.32968513216006
489,490.0,0.9625014325994657,8.886657809620472,0.31235124727782637,0.6083927101350974,0.05987636408732032,0.1401311721369425,0.8278249596486832,-29.3296851321993
490,491.0,0.30331127984155737,9.938460324121582,0.3123514070437654,0.6083923150766514,0.05987636408755088,0.1401311721372123,0.8278249596480743,-29.32968513217235
491,492.0,0.033312018731583404,0.2825546840615335,0.3123511845141721,0.6083928556159219,0.05987636408730189,0.14013117213692092,0.8278249596487315,-29.329685132201462
492,493.0,0.6322893281985913,0.9474549846311707,0.31235118602107226,0.6083928579324431,0.05987636408730167,0.14013117213692067,0.8278249596487316,-29.32968513220149
493,494.0,0.25246851488700794,3.5784580764741003,0.3123513048328862,0.6083925701497732,0.05987636408737157,0.14013117213700246,0.8278249596485473,-29.329685132193312
494,495.0,0.7611673537007025,5.4854144684971216,0.31235121986744707,0.6083927758814306,0.05987636408730758,0.14013117213692758,0.8278249596487167,-29.329685132200794
495,496.0,0.019942445876440673,3.0715563180759347,0.31235149625707365,0.6083920880203063,0.05987636408780509,0.14013117213750975,0.8278249596474085,-29.32968513214263
496,497.0,0.5889499658348308,6.386217397555176,0.31235126848804307,0.6083926588648341,0.05987636408733525,0.14013117213695997,0.8278249596486437,-29.329685132197554
497,498.0,0.2088843529317368,5.3883954139840755,0.31235138208162033,0.6083923778568192,0.05987636408749641,0.14013117213714854,0.8278249596482177,-29.329685132178717
498,499.0,0.19786489906288107,3.23038783963101,0.3123513243898136,0.60839252160405,0.05987636408739714,0.14013117213703238,0.8278249596484798,-29.32968513219032
499,500.0,0.194848248002764,3.878614124332777,0.3123513496333864,0.6083924581115688,0.059876364087436816,0.14013117213707882,0.8278249596483753,-29.32968513218568
500,501.0,0.2011600396190384,2.3198828657344834,0.31235127580794997,0.6083926406258154,0.05987636408734172,0.14013117213696752,0.8278249596486267,-29.329685132196808
501,502.0,0.9856858351983393,7.276349403214623,0.31235122214862715,0.608392770145752,0.05987636408730844,0.1401311721369286,0.8278249596487145,-29.329685132200694
502,503.0,0.09467371595309326,4.634703711691581,0.3123514416197141,0.6083922276083311,0.05987636408763813,0.14013117213731438,0.8278249596478452,-29.329685132162147
503,504.0,0.7616899955132583,7.642994025479612,0.3123512580785775,0.6083926844015675,0.05987636408732724,0.1401311721369506,0.8278249596486648,-29.3296851321985
504,505.0,0.37609282112060416,2.885782303075252,0.3123512269836437,0.6083927593984099,0.05987636408731008,0.14013117213693052,0.8278249596487101,-29.329685132200495
505,506.0,0.9297724893524597,1.6470203232170795,0.312351367006693,0.6083930592983472,0.05987636408787281,0.140131172137589,0.8278249596486401,-29.329685132134713
506,507.0,0.6010667049222645,4.15770124110357,0.3123512164495816,0.6083927846068278,0.059876364087306386,0.1401311721369262,0.8278249596487197,-29.329685132200936
507,508.0,0.7845435937951962,9.151457128109225,0.31235127867206003,0.6083926346254191,0.059876364087343786,0.14013117213696996,0.8278249596486208,-29.32968513219656
508,509.0,0.3289528330193664,5.597032843740552,0.3123513303605517,0.6083925071603229,0.05987636408740547,0.14013117213704215,0.8278249596484575,-29.329685132189354
509,510.0,0.6336770163158775,5.745616152127948,0.31235124541358583,0.6083927147476735,0.059876364087319195,0.14013117213694118,0.8278249596486862,-29.329685132199437
510,511.0,0.04857455018443202,7.0495172681690725,0.3123514944598452,0.6083920921954887,0.05987636408779981,0.1401311721375036,0.8278249596474228,-29.329685132143247
511,512.0,0.38404650413651475,7.168132779359926,0.3123513415233823,0.6083924790234815,0.059876364087422876,0.1401311721370625,0.8278249596484117,-29.329685132187308
512,513.0,0.1012316246035807,1.484906214866903,0.31235130897974095,0.6083925592105164,0.0598763640873771,0.14013117213700893,0.827824959648533,-29.329685132192665
513,514.0,0.9673219604553067,9.036643393192106,0.3123512494009058,0.6083927056891212,0.05987636408732139,0.14013117213694373,0.8278249596486802,-29.32968513219918
514,515.0,0.4681204584014651,4.765827518468793,0.31235126077556735,0.6083926779584209,0.05987636408732914,0.1401311721369528,0.8278249596486598,-29.32968513219827
515,516.0,0.13358185634856834,4.070119640745196,0.3123514002767188,0.6083923321856944,0.059876364087535314,0.14013117213719406,0.8278249596481152,-29.32968513217417
516,517.0,0.017699719459225327,8.590795555513354,0.31235151620711293,0.608392036600329,0.05987636408787524,0.14013117213759185,0.8278249596472257,-29.32968513213443
517,518.0,0.07952380054305463,6.753485643564798,0.3123514758104704,0.6083921409007933,0.059876364087737645,0.14013117213743082,0.8278249596475842,-29.329685132150516
518,519.0,0.9260226696678691,2.7475295108701547,0.3123515196592344,0.6083931658250561,0.05987636408901222,0.14013117213892232,0.8278249596485184,-29.329685132001508
519,520.0,0.32096378074544873,3.333073808002889,0.3123512626702196,0.6083926733711699,0.05987636408733056,0.14013117213695447,0.8278249596486559,-29.329685132198108
520,521.0,0.9178141593517656,0.8640026189338388,0.31235118121379296,0.6083928650598994,0.0598763640873018,0.1401311721369208,0.8278249596487314,-29.32968513220147
521,522.0,0.16604318911380211,8.086965371266285,0.31235144175319696,0.6083922270410497,0.05987636408763884,0.1401311721373152,0.8278249596478435,-29.329685132162062
522,523.0,0.4483372321469876,1.7898514013712095,0.31235118534560047,0.6083928569141326,0.05987636408730175,0.14013117213692075,0.8278249596487315,-29.329685132201476
523,524.0,0.9294763406662685,1.9041173724942824,0.3123515018286787,0.6083931836749857,0.059876364088961326,0.14013117213886275,0.827824959648493,-29.329685132007455
524,525.0,0.9878559515331371,1.9799603098456513,0.31235148120583156,0.6083931673125287,0.059876364088767633,0.1401311721386361,0.8278249596485164,-29.3296851320301
525,526.0,0.51931397952722,0.3135835080114072,0.3123511804944391,0.6083928656708593,0.05987636408730185,0.1401311721369209,0.8278249596487314,-29.329685132201462
526,527.0,0.2595273065256648,7.545761148137405,0.3123513946234059,0.6083923465523353,0.05987636408752266,0.14013117213717927,0.8278249596481484,-29.329685132175648
527,528.0,0.7591567536648972,8.267270165969713,0.3123512690704844,0.6083926577897063,0.059876364087335585,0.14013117213696036,0.8278249596486427,-29.32968513219752
528,529.0,0.2722517134845759,5.435817770830798,0.3123513512198074,0.6083924552497199,0.05987636408743851,0.1401311721370808,0.8278249596483702,-29.32968513218549
529,530.0,0.07971577670378693,3.5955358356202898,0.31235143569507495,0.608392242553298,0.059876364087622314,0.14013117213729587,0.8278249596478867,-29.329685132163995
530,531.0,0.7291169902159397,5.926056810363452,0.3123512332242968,0.6083927444874311,0.05987636408731272,0.1401311721369336,0.8278249596487032,-29.329685132200197
531,532.0,0.2804856259706795,0.8007620041092098,0.3123511799326403,0.6083928669133015,0.059876364087301875,0.1401311721369209,0.8278249596487313,-29.329685132201462
532,533.0,0.8718805310181728,0.5901368024807568,0.3123511835191605,0.6083928615601052,0.05987636408730173,0.14013117213692072,0.8278249596487315,-29.329685132201476
533,534.0,0.7309358914246598,9.216436936509027,0.31235128825484143,0.6083926105617697,0.05987636408735342,0.14013117213698123,0.8278249596485956,-29.32968513219543
534,535.0,0.5665163749819728,7.903869466872271,0.3123513032050481,0.6083925740217604,0.05987636408736972,0.1401311721370003,0.8278249596485523,-29.329685132193532
535,536.0,0.03146811201310862,3.646948435376878,0.3123514879507824,0.608392109073809,0.059876364087777856,0.1401311721374779,0.8278249596474799,-29.329685132145812
536,537.0,0.49263357970252575,6.708313098879496,0.3123512997186641,0.6083925825314431,0.059876364087365755,0.14013117213699566,0.8278249596485628,-29.329685132193987
537,538.0,0.06649487875872384,9.033676601518653,0.31235149352322805,0.6083920955920951,0.05987636408779493,0.14013117213749787,0.8278249596474344,-29.329685132143815
538,539.0,0.42439409129895056,1.0075657311685984,0.3123511867077139,0.6083928554710328,0.05987636408730172,0.14013117213692072,0.8278249596487315,-29.329685132201476
539,540.0,0.0006502593627403241,9.605657254344122,0.3123515243544979,0.6083920150264432,0.05987636408790632,0.1401311721376282,0.8278249596471454,-29.3296851321308
540,541.0,0.4126476917638633,9.351230476793026,0.3123513666244459,0.6083924166256239,0.0598763640874661,0.14013117213711307,0.8278249596482975,-29.329685132182263
541,542.0,0.8995964948527384,0.30955811623968393,0.3123511830925006,0.6083928639613742,0.059876364087301695,0.1401311721369207,0.8278249596487314,-29.329685132201483
542,543.0,0.4996877502566768,3.628427526703826,0.31235122113449393,0.60839277301341,0.05987636408730799,0.14013117213692808,0.8278249596487156,-29.329685132200744
543,544.0,0.09168788661040417,4.622069074615994,0.3123514441005305,0.6083922213274021,0.05987636408764492,0.14013117213732232,0.8278249596478273,-29.32968513216135
544,545.0,0.8054785436989294,0.5569991046972224,0.31235118161057196,0.6083928649669359,0.059876364087301785,0.1401311721369208,0.8278249596487314,-29.32968513220147
545,546.0,0.3184194513490236,7.931985389970319,0.3123513777869519,0.6083923886184217,0.05987636408748772,0.14013117213713838,0.8278249596482405,-29.329685132179733
546,547.0,0.8234915413932234,7.681321203783783,0.31235124949175724,0.6083927053977338,0.05987636408732145,0.1401311721369438,0.8278249596486801,-29.329685132199174
547,548.0,0.18642011228275468,3.714813586976839,0.31235135077951165,0.6083924561812809,0.059876364087437906,0.14013117213708007,0.8278249596483719,-29.32968513218556
548,549.0,0.2435595915934975,2.0447027681410366,0.3123512361127274,0.6083927369935394,0.059876364087314254,0.14013117213693538,0.8278249596486992,-29.329685132200012
549,550.0,0.14700624973541543,7.150584788106339,0.312351441518549,0.6083922275042088,0.05987636408763837,0.14013117213731466,0.8278249596478449,-29.32968513216212
550,551.0,0.3956265768576467,3.7392484114430813,0.31235125026098703,0.608392702933575,0.059876364087322165,0.14013117213694465,0.8278249596486783,-29.32968513219909
551,552.0,0.7722785472626601,1.4756315303668803,0.3123514362555792,0.6083931257550935,0.059876364088368925,0.14013117213816953,0.8278249596485702,-29.329685132076712
552,553.0,0.050407157331694985,5.134806831294758,0.31235148340484215,0.6083921211067771,0.05987636408776241,0.14013117213745982,0.8278249596475198,-29.329685132147617
553,554.0,0.518291815596556,4.524352060949846,0.31235124002127584,0.60839272730204,0.059876364087316336,0.14013117213693782,0.8278249596486938,-29.32968513219977
554,555.0,0.6299553790841402,4.201386566703268,0.31235121303837715,0.6083927920275113,0.05987636408730555,0.14013117213692522,0.827824959648722,-29.329685132201035
555,556.0,0.6619058503536793,4.287415595626261,0.3123512097516941,0.608392799692888,0.059876364087304755,0.14013117213692428,0.8278249596487242,-29.329685132201128
556,557.0,0.919037988211878,8.362352874974748,0.31235124610315557,0.608392713463099,0.059876364087319486,0.1401311721369415,0.8278249596486853,-29.3296851321994
557,558.0,0.5920824349694847,4.7481377959795426,0.31235123132880865,0.6083927487100506,0.059876364087311965,0.1401311721369327,0.8278249596487052,-29.329685132200282
558,559.0,0.668077710523021,8.050742075198357,0.31235128206669105,0.6083926255873696,0.05987636408734739,0.14013117213697415,0.8278249596486115,-29.32968513219614
559,560.0,0.12038767532533479,5.685744577640942,0.31235143900750345,0.6083922339087184,0.05987636408763154,0.1401311721373067,0.8278249596478628,-29.329685132162922
560,561.0,0.19147778381375724,5.151429805917315,0.31235138650554656,0.6083923664351145,0.05987636408750588,0.14013117213715962,0.827824959648193,-29.329685132177616
561,562.0,0.9465940281655845,6.30660782638137,0.31235121288987455,0.60839279316674,0.059876364087305414,0.14013117213692505,0.8278249596487223,-29.329685132201043
562,563.0,0.45953267149576194,8.280207475239589,0.31235133695229134,0.6083924904035348,0.05987636408741573,0.14013117213705412,0.8278249596484306,-29.329685132188153
563,564.0,0.42625969959081544,8.520749893734553,0.31235135103518397,0.6083924559035726,0.05987636408743803,0.14013117213708023,0.8278249596483713,-29.32968513218554
564,565.0,0.2056893051236236,0.16337253638541763,0.3123511828969872,0.6083928619969848,0.059876364087301764,0.14013117213692078,0.8278249596487315,-29.329685132201476
565,566.0,0.4091283552937348,1.686653198356644,0.312351185487601,0.608392855735311,0.059876364087301806,0.1401311721369208,0.8278249596487315,-29.32968513220147
566,567.0,0.4493954517811327,8.448142182230717,0.3123513425586696,0.6083924763594601,0.05987636408742461,0.14013117213706452,0.8278249596484073,-29.32968513218711
567,568.0,0.19608621170955798,8.64913031548219,0.3123514336384427,0.6083922479560108,0.05987636408761661,0.1401311721372892,0.8278249596479015,-29.32968513216467
568,569.0,0.057643595707500994,6.283774908872979,0.31235148519862466,0.6083921163220123,0.05987636408776852,0.14013117213746695,0.827824959647504,-29.329685132146906
569,570.0,0.15056353104752773,7.643801439086976,0.31235144486995914,0.6083922190910881,0.059876364087647446,0.14013117213732526,0.827824959647821,-29.32968513216106
570,571.0,0.12326219864610832,4.317949649065551,0.3123514134719242,0.6083922988207341,0.059876364087566095,0.1401311721372301,0.8278249596480343,-29.329685132170567
571,572.0,0.42546052836422366,6.252340936960649,0.31235130948224554,0.6083925583651169,0.05987636408737744,0.14013117213700932,0.8278249596485319,-29.32968513219263
572,573.0,0.2917638342950448,2.0815019823348377,0.3123512192683954,0.608392777841161,0.05987636408730729,0.14013117213692725,0.8278249596487174,-29.32968513220083
573,574.0,0.484268322635084,9.217754929460082,0.31235134495817446,0.6083924709019075,0.05987636408742806,0.14013117213706858,0.8278249596483979,-29.32968513218671
574,575.0,0.4511146717845579,1.0581721706546874,0.31235118856049393,0.608392851881507,0.05987636408730175,0.14013117213692075,0.8278249596487314,-29.329685132201476
575,576.0,0.29640474028159014,6.838697097640183,0.3123513673014656,0.6083924137596993,0.059876364087468555,0.14013117213711596,0.8278249596482918,-29.32968513218198
576,577.0,0.21310629879228393,6.608179281474166,0.31235140113399334,0.6083923299812876,0.05987636408753731,0.14013117213719642,0.82782495964811,-29.329685132173935
577,578.0,0.9016892718242251,7.150468431461231,0.31235123032717904,0.6083927511785675,0.05987636408731151,0.14013117213693219,0.8278249596487064,-29.32968513220034
578,579.0,0.882115086300126,7.410140524457505,0.31235123543812776,0.6083927382378704,0.05987636408731401,0.14013117213693513,0.8278249596487,-29.32968513220004
579,580.0,0.8090639117877063,5.5816393886570435,0.3123512158898476,0.608392786023841,0.05987636408730622,0.140131172136926,0.8278249596487202,-29.32968513220095
580,581.0,0.686451372055913,4.8337813527759055,0.3123512177267022,0.6083927813786393,0.059876364087306816,0.1401311721369267,0.8278249596487186,-29.329685132200886
581,582.0,0.06331664637513934,6.129835665333399,0.31235148039860156,0.6083921284906019,0.059876364087753264,0.14013117213744913,0.8278249596475441,-29.32968513214869
582,583.0,0.36124325814601743,7.059209693039154,0.31235134830595096,0.6083924621942762,0.05987636408743391,0.1401311721370754,0.8278249596483825,-29.32968513218602
583,584.0,0.02265864375285309,3.790242135018371,0.3123514987807769,0.6083920809178516,0.05987636408781479,0.1401311721375211,0.8278249596473839,-29.3296851321415
584,585.0,0.5253917126539718,0.39063149314164564,0.3123511806277603,0.6083928658198972,0.05987636408730186,0.1401311721369209,0.8278249596487313,-29.329685132201462
585,586.0,0.959468580720881,1.4849912956997446,0.3123512661099644,0.6083929575439773,0.05987636408742026,0.14013117213705942,0.8278249596487088,-29.32968513218762
586,587.0,0.9957595529015965,1.4624184756698744,0.31235123836370576,0.6083929273383287,0.0598763640873536,0.14013117213698145,0.8278249596487205,-29.329685132195415
587,588.0,0.592797403887022,4.761120951613967,0.3123512311577488,0.6083927493186473,0.05987636408731183,0.14013117213693255,0.8278249596487055,-29.329685132200296
588,589.0,0.16581022796880585,2.7251733151646005,0.3123513258089713,0.6083925188768962,0.05987636408739855,0.14013117213703402,0.8278249596484757,-29.329685132190157
589,590.0,0.6619166904857275,0.1537235942433296,0.3123511831026977,0.6083928619944523,0.05987636408730176,0.14013117213692075,0.8278249596487315,-29.329685132201476
590,591.0,0.316570953635537,8.844465979979082,0.3123513908145276,0.6083923560745361,0.05987636408751449,0.1401311721371697,0.8278249596481699,-29.329685132176607
591,592.0,0.013703421686267037,9.865929479621581,0.3123515185002354,0.6083920309254812,0.05987636408788317,0.1401311721376011,0.8278249596472048,-29.3296851321335
592,593.0,0.681730366216214,4.322181955056458,0.31235120922970716,0.6083928014099357,0.05987636408730457,0.14013117213692405,0.8278249596487245,-29.329685132201142
593,594.0,0.980252103535603,5.059144904951791,0.31235119477468865,0.6083928352387106,0.05987636408730226,0.14013117213692136,0.8278249596487304,-29.329685132201412
594,595.0,0.848719463268839,0.07709632013683329,0.31235117949580915,0.6083928696938867,0.05987636408730185,0.1401311721369209,0.8278249596487312,-29.329685132201462
595,596.0,0.5335321888709211,0.5605393579335648,0.3123511836342473,0.608392861308089,0.05987636408730174,0.14013117213692075,0.8278249596487315,-29.329685132201476
596,597.0,0.1851993473631346,9.310984858781538,0.3123514436752352,0.6083922223233706,0.05987636408764385,0.14013117213732107,0.8278249596478302,-29.32968513216148
597,598.0,0.6816201913645675,7.459020795673296,0.3123512696568762,0.6083926564662309,0.059876364087336015,0.14013117213696086,0.8278249596486414,-29.32968513219747
598,599.0,0.9162485276687855,0.7687394375667529,0.3123511817823917,0.6083928632420484,0.05987636408730181,0.14013117213692083,0.8278249596487314,-29.32968513220147
599,600.0,0.7833418833799247,4.447538453470488,0.3123512001251877,0.6083928226894287,0.0598763640873029,0.1401311721369221,0.8278249596487288,-29.329685132201334
600,601.0,0.06968670983198799,1.521064694293993,0.31235136176512507,0.6083924288229152,0.059876364087457126,0.14013117213710258,0.8278249596483211,-29.329685132183307
601,602.0,0.3027962567235256,2.738301591946905,0.3123512453574389,0.6083927152722595,0.059876364087319035,0.14013117213694098,0.8278249596486864,-29.32968513219945
602,603.0,0.4991345425625783,4.7768646814631746,0.31235125196389646,0.6083926994113641,0.059876364087323025,0.14013117213694565,0.8278249596486759,-29.32968513219899
603,604.0,0.6849317704953648,0.41714625473310507,0.31235118329832046,0.6083928626214397,0.059876364087301716,0.14013117213692072,0.8278249596487315,-29.329685132201483
604,605.0,0.2302932375294754,8.719825955648158,0.3123514206394674,0.6083922805495247,0.05987636408758383,0.14013117213725085,0.8278249596479879,-29.3296851321685
605,606.0,0.7313256430806839,9.686879483743557,0.3123512954730589,0.6083925928055912,0.05987636408736107,0.1401311721369902,0.8278249596485753,-29.32968513219454
606,607.0,0.802235663988745,6.3305105198064044,0.3123512292772116,0.6083927536307595,0.05987636408731108,0.14013117213693166,0.8278249596487075,-29.32968513220039
607,608.0,0.2985259970264711,1.5424795830250493,0.3123511944929926,0.6083928352284255,0.059876364087302264,0.14013117213692136,0.8278249596487305,-29.329685132201412
608,609.0,0.44958326194212184,9.844633289668447,0.31235136277322506,0.6083924262436946,0.059876364087459014,0.14013117213710477,0.8278249596483163,-29.329685132183087
609,610.0,0.8593604874339021,3.772107317929576,0.31235118795614936,0.6083928510633381,0.059876364087301806,0.1401311721369208,0.8278249596487314,-29.32968513220147
610,611.0,0.7121401912643975,3.2748020526259456,0.3123511898770923,0.6083928463930273,0.0598763640873019,0.14013117213692092,0.8278249596487313,-29.329685132201455
611,612.0,0.46536162351904076,5.90266983583829,0.31235128966529835,0.6083926072246669,0.059876364087354805,0.14013117213698284,0.8278249596485918,-29.329685132195266
612,613.0,0.9954136594000771,7.082653499022462,0.31235121899647345,0.6083927783999104,0.05987636408730722,0.14013117213692713,0.8278249596487177,-29.329685132200837
613,614.0,0.056568516262986535,7.129796977000625,0.31235149126823436,0.6083921011705037,0.05987636408778778,0.1401311721374895,0.8278249596474534,-29.329685132144654
614,615.0,0.4621714015908358,7.731018733782848,0.312351327594066,0.6083925140004565,0.059876364087401435,0.1401311721370374,0.8278249596484683,-29.329685132189823
615,616.0,0.7155833531845197,8.143613307908218,0.3123512744652469,0.6083926439737373,0.05987636408734047,0.14013117213696608,0.8278249596486299,-29.32968513219695
616,617.0,0.15173977838641972,6.804441768408429,0.312351435729285,0.6083922426469536,0.05987636408762216,0.1401311721372957,0.8278249596478869,-29.329685132164016
617,618.0,0.4221174599834592,3.13793326625133,0.3123512235915847,0.608392767387504,0.059876364087308814,0.14013117213692905,0.8278249596487134,-29.329685132200645
618,619.0,0.046928055641084154,6.453631127624889,0.31235149365479714,0.6083920948317414,0.059876364087796105,0.14013117213749926,0.8278249596474319,-29.32968513214368
619,620.0,0.1876581774127446,5.241112775848824,0.3123513901068474,0.6083923572557733,0.05987636408751365,0.14013117213716872,0.8278249596481726,-29.329685132176706
620,621.0,0.2989620348499147,4.92992061544701,0.3123513252143882,0.6083925196028147,0.059876364087398284,0.14013117213703374,0.8278249596484767,-29.329685132190193
621,622.0,0.31526965311412336,2.3953962527080663,0.3123512260347712,0.6083927615193615,0.05987636408730973,0.1401311721369301,0.8278249596487111,-29.329685132200538
622,623.0,0.8052795006471992,0.16951248693800808,0.31235118200282064,0.608392863995605,0.05987636408730177,0.1401311721369208,0.8278249596487314,-29.329685132201476
623,624.0,0.8517995046398055,0.034858400376300454,0.3123511842801091,0.608392859333099,0.05987636408730174,0.14013117213692075,0.8278249596487315,-29.329685132201476
624,625.0,0.1543630488743306,1.2495381240989196,0.3123512317844303,0.6083927470582956,0.0598763640873123,0.1401311721369331,0.8278249596487044,-29.32968513220024
625,626.0,0.5502557634330122,5.49249798858541,0.312351257718062,0.6083926850717108,0.059876364087327064,0.1401311721369504,0.8278249596486653,-29.329685132198513
626,627.0,0.5162904925508077,7.977463625782106,0.31235131744338224,0.6083925392425886,0.05987636408738735,0.14013117213702092,0.8278249596485054,-29.329685132191464
627,628.0,0.8189823766796358,2.2979965027822127,0.31235158358386106,0.6083932304935942,0.05987636408976302,0.14013117213980086,0.8278249596484197,-29.329685131913735
628,629.0,0.7546430316033529,4.339877310465374,0.31235120084687723,0.6083928206240251,0.059876364087303034,0.14013117213692228,0.8278249596487285,-29.329685132201327
629,630.0,0.17310852745605554,7.2546009076960365,0.31235142874333943,0.608392259400853,0.059876364087605174,0.14013117213727583,0.8278249596479323,-29.329685132166006
630,631.0,0.5060091078347267,3.915867019495278,0.3123512277695068,0.6083927572713274,0.05987636408731043,0.14013117213693094,0.8278249596487093,-29.32968513220046
631,632.0,0.3159257364527769,0.6608072339318055,0.3123511813534133,0.6083928623799552,0.059876364087301875,0.1401311721369209,0.8278249596487315,-29.329685132201462
632,633.0,0.46863257265269476,9.946445701016412,0.31235135882511794,0.6083924365533274,0.05987636408745147,0.14013117213709597,0.8278249596483358,-29.329685132183975
633,634.0,0.20095590898329574,8.072511081119426,0.31235142597777843,0.6083922670885338,0.05987636408759716,0.14013117213726645,0.8278249596479528,-29.329685132166937
634,635.0,0.8433563323634831,4.352889188285065,0.31235119472366163,0.6083928352750361,0.059876364087302236,0.14013117213692133,0.8278249596487305,-29.32968513220142
635,636.0,0.5684044990494689,2.509607491035435,0.31235118825054803,0.6083928505409263,0.059876364087301806,0.1401311721369208,0.8278249596487315,-29.32968513220147
636,637.0,0.17827975816751085,1.4149004772672034,0.31235123041878504,0.6083927512134505,0.05987636408731148,0.14013117213693216,0.8278249596487064,-29.32968513220034
637,638.0,0.22938920702576537,6.419480012021953,0.31235139076199897,0.6083923562714317,0.05987636408751431,0.1401311721371695,0.8278249596481704,-29.32968513217662
638,639.0,0.25088798153900127,9.733825969714962,0.3123514230705092,0.6083922746032302,0.05987636408758959,0.1401311721372576,0.8278249596479725,-29.329685132167825
639,640.0,0.7341696205444017,7.150966391277232,0.3123512545668165,0.608392692982026,0.0598763640873248,0.14013117213694773,0.8278249596486712,-29.329685132198783
640,641.0,0.7409230492086747,7.6682258237183,0.3123512621346975,0.6083926738746946,0.05987636408733047,0.1401311721369544,0.8278249596486564,-29.329685132198115
641,642.0,0.01910980885177893,7.936922106762734,0.3123515134830863,0.608392043044048,0.059876364087866486,0.1401311721375816,0.8278249596472492,-29.329685132135452
642,643.0,0.8424590193082157,5.150132621038145,0.3123512050655774,0.6083928107196301,0.059876364087303784,0.14013117213692314,0.8278249596487266,-29.329685132201234
643,644.0,0.6995097456153141,5.831565316402038,0.31235123512720286,0.6083927390157302,0.059876364087313866,0.14013117213693496,0.8278249596487003,-29.329685132200055
644,645.0,0.8903000925708051,6.0329604808604715,0.31235121438710656,0.608392788960847,0.05987636408730591,0.1401311721369256,0.827824959648721,-29.329685132200993
645,646.0,0.5817848188738167,1.211033114307422,0.31235151609979867,0.6083931965159362,0.059876364089108486,0.14013117213903495,0.8278249596484739,-29.329685131990253
646,647.0,0.29607213506674845,2.7010524016437207,0.31235124586236657,0.6083927134945771,0.05987636408731951,0.14013117213694154,0.8278249596486853,-29.3296851321994
647,648.0,0.013316484357620229,2.129453346142011,0.31235149742416735,0.608392084179489,0.05987636408781054,0.14013117213751614,0.8278249596473952,-29.329685132141996
648,649.0,0.5916130772639303,8.021989797092237,0.31235129847274484,0.6083925846869177,0.05987636408736489,0.14013117213699464,0.8278249596485655,-29.329685132194093
649,650.0,0.09642340348819411,8.650377525890375,0.31235147717218265,0.6083921360965087,0.059876364087744084,0.14013117213743836,0.8278249596475687,-29.329685132149763
650,651.0,0.25481769409537236,5.333223760573129,0.31235135673839354,0.6083924414552762,0.05987636408744807,0.14013117213709197,0.827824959648345,-29.329685132184373
651,652.0,0.8618187028042336,3.3474257095449333,0.31235118337392875,0.608392860804837,0.059876364087301764,0.14013117213692078,0.8278249596487315,-29.329685132201476
652,653.0,0.46276966838298594,1.6380078364137993,0.3123510611746037,0.6083927590701221,0.059876364087531685,0.1401311721371898,0.82782495964871,-29.32968513217459
653,654.0,0.6950850840068908,5.882237788232225,0.3123512378699528,0.6083927333786067,0.05987636408731494,0.14013117213693618,0.8278249596486973,-29.329685132199934
654,655.0,0.17890948952026542,8.918057309047699,0.3123514435393722,0.6083922225718887,0.059876364087643644,0.14013117213732085,0.8278249596478309,-29.3296851321615
655,656.0,0.7202531158337749,8.497625341401035,0.31235127953222663,0.608392632470976,0.059876364087344626,0.14013117213697096,0.8278249596486186,-29.32968513219646
656,657.0,0.844925216884087,3.664035178629416,0.31235118683169977,0.6083928534883498,0.05987636408730178,0.1401311721369208,0.8278249596487315,-29.329685132201476
657,658.0,0.7263688599013216,7.407275276603736,0.3123512600199539,0.6083926793035714,0.059876364087328805,0.14013117213695242,0.8278249596486608,-29.329685132198307
658,659.0,0.791343225703466,2.9523711299679083,0.31235084047236233,0.6083925696874138,0.05987636408907223,0.14013117213899254,0.8278249596485467,-29.329685131994488
659,660.0,0.8191438688443059,5.432207201452557,0.3123512129622482,0.6083927925759196,0.05987636408730546,0.1401311721369251,0.8278249596487223,-29.329685132201035
660,661.0,0.6634575398664264,9.17595221774147,0.3123513011374687,0.6083925787843345,0.059876364087367503,0.14013117213699772,0.8278249596485583,-29.329685132193788
661,662.0,0.9165246346992608,4.704775946329209,0.31235119397693256,0.6083928367189397,0.0598763640873022,0.14013117213692128,0.8278249596487306,-29.329685132201426
662,663.0,0.4485210747668038,1.8158587763986547,0.3123511856154475,0.6083928562085135,0.059876364087301764,0.14013117213692078,0.8278249596487315,-29.329685132201476
663,664.0,0.19218636573062098,2.7864003899300838,0.31235130873661904,0.608392560977699,0.05987636408737601,0.14013117213700765,0.8278249596485354,-29.329685132192793
664,665.0,0.9742225592979251,0.8622734729022556,0.31235118113144694,0.6083928620608836,0.05987636408730192,0.14013117213692097,0.8278249596487315,-29.329685132201455
665,666.0,0.580938782201759,8.09657998238944,0.3123513024418136,0.6083925761281269,0.059876364087368676,0.14013117213699908,0.827824959648555,-29.329685132193653
666,667.0,0.44348653417254624,3.6967000167559476,0.3123512361315254,0.6083927376519764,0.05987636408731406,0.14013117213693518,0.8278249596486996,-29.329685132200034
667,668.0,0.21256936030819884,0.7390446712553403,0.3123511786856811,0.6083928710879897,0.05987636408730187,0.1401311721369209,0.8278249596487312,-29.329685132201462
668,669.0,0.08329140307015293,9.563970439474144,0.312351487456115,0.6083921103836396,0.05987636408777618,0.14013117213747592,0.8278249596474843,-29.32968513214601
669,670.0,0.5540079992194166,3.6085334432108995,0.31235121150230977,0.608392796284487,0.05987636408730507,0.14013117213692464,0.8278249596487233,-29.329685132201092
670,671.0,0.23777123528107136,9.368947229915749,0.3123514242467602,0.6083922717445972,0.05987636408759241,0.1401311721372609,0.8278249596479651,-29.329685132167498
671,672.0,0.9061865307776095,2.553955908675042,0.31235158101267585,0.6083932242072553,0.05987636408971324,0.1401311721397426,0.8278249596484302,-29.329685131919554
672,673.0,0.8759359416843764,3.1483121919192096,0.31235100189732373,0.6083927056312477,0.059876364087808505,0.14013117213751375,0.8278249596486802,-29.32968513214223
673,674.0,0.5651374956071652,0.1525904491960559,0.3123511816625462,0.608392863451171,0.05987636408730181,0.14013117213692083,0.8278249596487315,-29.32968513220147
674,675.0,0.5323249092282747,4.588255866798279,0.3123512401543591,0.6083927280399216,0.05987636408731608,0.14013117213693754,0.8278249596486942,-29.3296851321998
675,676.0,0.8870774397670774,6.85328953083864,0.31235122693142064,0.6083927594458866,0.05987636408731006,0.1401311721369305,0.8278249596487102,-29.329685132200503
676,677.0,0.927205589631675,3.32498452223278,0.31235101005136684,0.6083927155633312,0.059876364087758906,0.1401311721374557,0.8278249596486866,-29.32968513214803
677,678.0,0.3363244729741187,7.915375017228074,0.3123513707972459,0.608392405847786,0.05987636408747435,0.14013117213712273,0.827824959648276,-29.329685132181297
678,679.0,0.15106823743111653,5.956412595336065,0.3123514238838487,0.6083922718671614,0.05987636408759253,0.140131172137261,0.8278249596479654,-29.329685132167477
679,680.0,0.1846493773873682,9.225303716588714,0.3123514431440994,0.6083922229156973,0.059876364087643505,0.14013117213732068,0.8278249596478319,-29.329685132161522
680,681.0,0.012830108897218806,3.8986240320720102,0.312351510595694,0.6083920512765216,0.05987636408785468,0.1401311721375678,0.8278249596472791,-29.32968513213683
681,682.0,0.754431462465708,3.17058383537145,0.31235118605643414,0.6083928554188642,0.05987636408730176,0.14013117213692075,0.8278249596487315,-29.329685132201476
682,683.0,0.8105935822893711,5.48206530028632,0.31235121422568596,0.6083927896624928,0.05987636408730581,0.1401311721369255,0.8278249596487214,-29.329685132201
683,684.0,0.5629008706814457,1.2820138081852117,0.31235158529350493,0.6083932562272015,0.059876364089898285,0.14013117213995915,0.8278249596483753,-29.329685131897925
684,685.0,0.11975319504057813,9.841005124316887,0.31235147374168065,0.6083921457709814,0.05987636408773188,0.1401311721374241,0.8278249596475997,-29.32968513215119
685,686.0,0.7026716441466163,8.731228669502139,0.3123512871333347,0.6083926135590231,0.05987636408735214,0.14013117213697973,0.8278249596485988,-29.32968513219558
686,687.0,0.2791878548946537,5.828381402444658,0.3123513567549329,0.6083924411749094,0.05987636408744831,0.14013117213709225,0.8278249596483445,-29.329685132184338
687,688.0,0.8962434688737776,0.202817481701889,0.31235118005715073,0.6083928623666153,0.059876364087302,0.14013117213692106,0.8278249596487315,-29.32968513220144
688,689.0,0.8215425526422299,4.8234325731792875,0.3123512027907416,0.608392816357653,0.05987636408730332,0.1401311721369226,0.8278249596487278,-29.32968513220129
689,690.0,0.6338132352056646,9.95735466294629,0.31235131979566216,0.6083925332560404,0.059876364087390596,0.14013117213702472,0.8278249596484969,-29.329685132191088
690,691.0,0.7771083676283206,2.3182730335691746,0.31235151099181135,0.6083931585561483,0.059876364088926576,0.1401311721388221,0.8278249596485283,-29.32968513201152
691,692.0,0.2758830934962617,3.1000271472093743,0.3123512731753099,0.6083926475071254,0.059876364087339165,0.14013117213696452,0.8278249596486332,-29.329685132197106
692,693.0,0.8713144991396705,7.194603527917114,0.3123512350141506,0.6083927402795571,0.05987636408731353,0.14013117213693455,0.827824959648701,-29.329685132200098
693,694.0,0.1636021431223701,5.430821630304374,0.3123514090508589,0.608392310300336,0.059876364087555194,0.14013117213721732,0.8278249596480627,-29.329685132171846
694,695.0,0.28091832093631475,7.712147126591175,0.3123513890576225,0.6083923606707509,0.05987636408751053,0.14013117213716506,0.8278249596481803,-29.32968513217706
695,696.0,0.4117060802288032,2.129390901439506,0.31235119472591255,0.6083928353015551,0.05987636408730225,0.14013117213692133,0.8278249596487304,-29.32968513220142
696,697.0,0.5050863112518444,4.410817419336435,0.31235124068341874,0.6083927256627137,0.05987636408731669,0.14013117213693824,0.8278249596486928,-29.329685132199728
697,698.0,0.9421294175666106,9.65249627138755,0.3123512607720634,0.6083926775578555,0.05987636408732931,0.140131172136953,0.8278249596486593,-29.32968513219825
698,699.0,0.9790226907479921,0.5133115497170191,0.3123511830176134,0.6083928625559899,0.059876364087301744,0.14013117213692075,0.8278249596487315,-29.329685132201476
699,700.0,0.5381252183514608,3.7797869041882435,0.31235121782683345,0.6083927809651144,0.0598763640873069,0.1401311721369268,0.8278249596487185,-29.329685132200872
700,701.0,0.600981437735922,7.841452328797026,0.3123512930490013,0.6083925986158246,0.059876364087358525,0.1401311721369872,0.827824959648582,-29.32968513219484
701,702.0,0.8686322822209398,6.987979510801204,0.312351231083793,0.6083927489737664,0.05987636408731196,0.14013117213693269,0.8278249596487053,-29.329685132200282
702,703.0,0.20158312335761341,1.9163429275355703,0.3123512521576815,0.6083926987398566,0.059876364087323226,0.14013117213694587,0.8278249596486754,-29.32968513219896
703,704.0,0.8184398989705371,7.84028116562593,0.3123512531129673,0.608392696758901,0.05987636408732374,0.14013117213694648,0.827824959648674,-29.329685132198904
704,705.0,0.142266837848675,7.580873484176237,0.31235144825738104,0.6083922108387578,0.059876364087656356,0.1401311721373357,0.8278249596477973,-29.329685132160016
705,706.0,0.34554771029737497,9.88684546276263,0.31235139312218113,0.6083923495124227,0.05987636408752031,0.14013117213717652,0.8278249596481553,-29.329685132175925
706,707.0,0.014576825463795906,4.095869451411537,0.3123515098754242,0.6083920531015198,0.05987636408785217,0.14013117213756485,0.8278249596472856,-29.32968513213713
707,708.0,0.009031164839183647,5.7208510401793475,0.3123515186354891,0.6083920309555813,0.05987636408788295,0.14013117213760087,0.8278249596472049,-29.329685132133527
708,709.0,0.7507572355997387,9.67068354979638,0.31235129118141547,0.6083926033293627,0.05987636408735647,0.14013117213698478,0.8278249596485874,-29.329685132195074
709,710.0,0.17130923035190604,4.667614922323469,0.31235138742704044,0.6083923643402346,0.05987636408750756,0.14013117213716159,0.8278249596481884,-29.329685132177417
710,711.0,0.5163134048047877,5.733114089045834,0.3123512716526565,0.608392651069118,0.05987636408733792,0.14013117213696308,0.8278249596486366,-29.32968513219725
711,712.0,0.1617846555642909,9.224242777229774,0.31235145243244544,0.6083921996328809,0.05987636408766903,0.14013117213735055,0.8278249596477647,-29.329685132158538
712,713.0,0.32776324832311454,3.8947108577477145,0.31235128046778565,0.6083926294313396,0.05987636408734587,0.14013117213697238,0.8278249596486156,-29.329685132196317
713,714.0,0.6218073109643966,2.002620040628458,0.31235135792292706,0.6083930178418296,0.05987636408775147,0.14013117213744702,0.8278249596486738,-29.329685132148903
714,715.0,0.9067091118284122,8.397082988831261,0.3123512484049027,0.6083927076069692,0.05987636408732093,0.1401311721369432,0.8278249596486815,-29.32968513219923
715,716.0,0.8142887926264978,4.48553035768642,0.3123511981819372,0.6083928272773781,0.05987636408730263,0.14013117213692178,0.8278249596487295,-29.329685132201377
716,717.0,0.03595343965528974,7.8639067078728075,0.31235150533388883,0.6083920648501465,0.059876364087836045,0.14013117213754597,0.8278249596473276,-29.329685132139012
717,718.0,0.4531563605973131,6.975968732182746,0.3123513162183135,0.6083925416176212,0.05987636408738617,0.14013117213701953,0.8278249596485089,-29.329685132191607
718,719.0,0.21208148007663896,6.521571391307131,0.3123514003678033,0.6083923313051557,0.05987636408753631,0.14013117213719525,0.8278249596481131,-29.329685132174056
719,720.0,0.5178353716845333,5.447028917188624,0.31235126443741074,0.6083926693284433,0.05987636408733178,0.14013117213695592,0.8278249596486527,-29.32968513219796
720,721.0,0.6344160218208099,8.426068415239966,0.3123512955838004,0.608392593137282,0.059876364087360835,0.14013117213698992,0.8278249596485756,-29.32968513219457
721,722.0,0.950197419090793,3.773310806021139,0.31235118420685987,0.6083928589214848,0.05987636408730178,0.1401311721369208,0.8278249596487315,-29.329685132201476
722,723.0,0.908154503382855,6.644331664405085,0.31235122127761233,0.608392772785542,0.05987636408730802,0.1401311721369281,0.8278249596487155,-29.329685132200737
723,724.0,0.7799757320938923,8.967100297397621,0.312351276275668,0.6083926400859855,0.05987636408734183,0.14013117213696766,0.8278249596486261,-29.329685132196794
724,725.0,0.06666861438085514,7.221170119714704,0.31235148596980244,0.6083921145951621,0.0598763640877706,0.1401311721374694,0.8278249596474984,-29.329685132146665
725,726.0,0.14431669587006712,8.400798438810984,0.3123514542683602,0.608392195635698,0.05987636408767333,0.14013117213735557,0.8278249596477527,-29.329685132158033
726,727.0,0.19670350054811825,5.698612711654551,0.3123513939869747,0.6083923473224725,0.05987636408752221,0.14013117213717874,0.8278249596481502,-29.329685132175705
727,728.0,0.6334656581520832,0.5250281590334736,0.3123511845020448,0.6083928586032249,0.05987636408730178,0.1401311721369208,0.8278249596487315,-29.329685132201476
728,729.0,0.49035434088732255,2.4752478934562046,0.3123511936729539,0.6083928379537357,0.059876364087302125,0.1401311721369212,0.8278249596487307,-29.329685132201433
729,730.0,0.9204556072155136,3.066377724097067,0.3123512663053549,0.6083929358792504,0.05987636408739927,0.14013117213703488,0.8278249596487176,-29.329685132190072
730,731.0,0.06743125764109037,2.911943849470135,0.3123514318614507,0.6083922519356391,0.059876364087612675,0.1401311721372846,0.8278249596479124,-29.329685132165125
731,732.0,0.7641990923240679,2.047575213688074,0.31235161436186304,0.6083932602197641,0.059876364090166,0.14013117214027243,0.8278249596483682,-29.32968513186662
732,733.0,0.7686742267599059,4.961446937023087,0.3123512097828661,0.6083928003717117,0.05987636408730465,0.14013117213692416,0.8278249596487243,-29.329685132201135
733,734.0,0.7655522260487684,9.535032071304165,0.31235128742362,0.6083926129294241,0.059876364087352384,0.14013117213698,0.827824959648598,-29.329685132195557
734,735.0,0.8544536007471494,5.768570886933473,0.3123512145919207,0.6083927888378289,0.0598763640873059,0.1401311721369256,0.827824959648721,-29.329685132200993
735,736.0,0.6800683359006424,8.191320246693607,0.31235128250688204,0.6083926251245363,0.059876364087347464,0.14013117213697424,0.8278249596486111,-29.329685132196133
736,737.0,0.7942268777545456,9.938257848098877,0.3123512874242761,0.6083926129368424,0.059876364087352384,0.14013117213698,0.8278249596485981,-29.329685132195557
737,738.0,0.47649484147607657,2.1100233125912937,0.3123511874931589,0.6083928518419355,0.05987636408730183,0.14013117213692083,0.8278249596487314,-29.32968513220147
738,739.0,0.47463232631607244,1.3866078501422188,0.31235154017695227,0.6083931877422817,0.05987636408924314,0.14013117213919252,0.827824959648487,-29.329685131974514
739,740.0,0.48859652310003643,4.385563841773999,0.31235124491373617,0.6083927165103902,0.05987636408731872,0.14013117213694062,0.8278249596486873,-29.329685132199494
740,741.0,0.49768612029922255,5.159336996945255,0.3123512632616719,0.608392671798216,0.059876364087331053,0.14013117213695506,0.8278249596486547,-29.32968513219805
741,742.0,0.9427633461196339,0.3471552656171665,0.31235117590846156,0.6083928782349582,0.05987636408730203,0.14013117213692108,0.8278249596487305,-29.32968513220144
742,743.0,0.2911827151308276,9.054204829255786,0.3123514020620898,0.6083923275430755,0.059876364087539546,0.14013117213719903,0.8278249596481042,-29.32968513217368
743,744.0,0.45597416315695405,1.5113149066743679,0.31235128029644965,0.6083929507022957,0.05987636408743899,0.14013117213708137,0.8278249596487119,-29.329685132185425
744,745.0,0.4534913790734424,4.351733135572616,0.3123512526301718,0.6083926975339542,0.05987636408732355,0.14013117213694626,0.8278249596486745,-29.329685132198925
745,746.0,0.8114977841502398,1.0460864405135883,0.3123511946510065,0.6083928806597534,0.05987636408730378,0.14013117213692314,0.8278249596487303,-29.329685132201234
746,747.0,0.4131495950492631,9.125830849329663,0.31235136347468073,0.6083924245846374,0.05987636408746021,0.14013117213710619,0.827824959648313,-29.329685132182945
747,748.0,0.6644731896488731,0.2533328478858901,0.31235118162379455,0.608392864907462,0.05987636408730178,0.1401311721369208,0.8278249596487314,-29.329685132201476
748,749.0,0.13735870061234046,0.10761675863068183,0.31235118093515934,0.6083928664215748,0.05987636408730179,0.1401311721369208,0.8278249596487313,-29.32968513220147
749,750.0,0.16110304612955129,6.918125266529775,0.3123514311251417,0.6083922539561504,0.059876364087610524,0.14013117213728207,0.8278249596479178,-29.32968513216538
750,751.0,0.18630827139590178,8.90224972825471,0.3123514404607345,0.60839223069636,0.05987636408763479,0.14013117213731047,0.8278249596478537,-29.32968513216254
751,752.0,0.22942014852740777,8.906912842576796,0.3123514231145015,0.6083922741103999,0.059876364087590214,0.14013117213725831,0.8278249596479712,-29.329685132167754
752,753.0,0.8585175120944939,7.675168056753931,0.31235124399801334,0.6083927187818038,0.059876364087318154,0.14013117213693996,0.8278249596486887,-29.329685132199558
753,754.0,0.02413926909619024,3.9363219775360117,0.312351498954019,0.6083920815182357,0.05987636408781352,0.14013117213751963,0.8278249596473861,-29.32968513214165
754,755.0,0.1557054073737567,8.579412649560647,0.31235145048157587,0.6083922050004483,0.059876364087662906,0.14013117213734338,0.8278249596477804,-29.329685132159256
755,756.0,0.3909279212828022,5.965653984937628,0.3123513157339875,0.6083925435564747,0.05987636408738501,0.14013117213701817,0.8278249596485117,-29.32968513219174
756,757.0,0.3838332841490252,6.116194163157991,0.3123513210935061,0.6083925297765562,0.05987636408739257,0.14013117213702703,0.8278249596484919,-29.329685132190853
757,758.0,0.269378109345651,5.186486818797318,0.31235134564886397,0.6083924688346681,0.05987636408742947,0.14013117213707021,0.8278249596483942,-29.32968513218654
758,759.0,0.5871398055090571,7.730483122075842,0.3123512943328958,0.6083925956949712,0.0598763640873598,0.1401311721369887,0.8278249596485786,-29.32968513219469
759,760.0,0.08128403494069547,6.225883518719167,0.312351470037376,0.6083921554948126,0.05987636408772,0.1401311721374102,0.8278249596476305,-29.329685132152576
760,761.0,0.17492685816800257,4.056454771420911,0.31235136918199874,0.6083924102211867,0.059876364087470935,0.14013117213711873,0.8278249596482848,-29.329685132181694
761,762.0,0.05956653468559092,1.586202013889282,0.3123513844033529,0.6083923712127218,0.05987636408750204,0.14013117213715515,0.8278249596482035,-29.329685132178057
762,763.0,0.3636243940292345,8.930342407808622,0.3123513760275234,0.6083923927573553,0.059876364087484514,0.1401311721371346,0.8278249596482492,-29.329685132180103
763,764.0,0.6708711426717534,5.982562883503289,0.31235124401151465,0.6083927184374702,0.05987636408731828,0.1401311721369401,0.8278249596486884,-29.329685132199543
764,765.0,0.009362077358424759,9.827518156532456,0.3123515205837802,0.6083920252901492,0.05987636408789133,0.14013117213761067,0.8278249596471839,-29.329685132132553
765,766.0,0.25028449134781205,8.392961763385877,0.3123514088398297,0.6083923097083731,0.05987636408755609,0.14013117213721837,0.8278249596480612,-29.329685132171747
766,767.0,0.34970827708101504,7.487987826791677,0.31235135984882134,0.608392433451069,0.05987636408745381,0.1401311721370987,0.82782495964833,-29.329685132183698
767,768.0,0.3873007356471546,5.835432956410696,0.31235131273621464,0.6083925505415448,0.05987636408738142,0.14013117213701398,0.8278249596485212,-29.32968513219216
768,769.0,0.4418548341950078,4.3546777853686365,0.3123512553642347,0.6083926900070067,0.05987636408732573,0.14013117213694884,0.827824959648669,-29.32968513219867
769,770.0,0.5088632706290642,9.930856693473022,0.3123513483752804,0.6083924624984914,0.05987636408743357,0.14013117213707502,0.8278249596483832,-29.329685132186064
770,771.0,0.9066596632116263,5.256024331207678,0.31235120144491196,0.6083928196396733,0.059876364087303104,0.14013117213692233,0.8278249596487284,-29.32968513220132
771,772.0,0.45927212067442946,8.540534302539404,0.31235134118577995,0.6083924797258821,0.05987636408742246,0.14013117213706203,0.827824959648413,-29.329685132187365
772,773.0,0.6092184917193105,6.860988759050065,0.3123512728057125,0.608392647677902,0.05987636408733919,0.14013117213696458,0.8278249596486333,-29.3296851321971
773,774.0,0.3495660066227465,4.4685835547558,0.31235128997771655,0.6083926056850972,0.05987636408735556,0.14013117213698373,0.82782495964859,-29.32968513219518
774,775.0,0.3480357914300083,6.603473194094294,0.3123513433251036,0.6083924736733338,0.05987636408742651,0.14013117213706675,0.8278249596484026,-29.32968513218689
775,776.0,0.4417993351206494,7.895161717086961,0.3123513364065292,0.608392491778465,0.05987636408741484,0.1401311721370531,0.827824959648433,-29.32968513218826
776,777.0,0.10624405007724869,3.0478738268659176,0.3123513928226556,0.6083923507828545,0.05987636408751906,0.14013117213717505,0.8278249596481582,-29.329685132176067
777,778.0,0.9664241496777141,7.79622231009191,0.31235123180152014,0.608392747043318,0.05987636408731231,0.14013117213693313,0.8278249596487044,-29.32968513220024
778,779.0,0.4919372238396721,5.767669763035598,0.31235127834082915,0.6083926349865657,0.05987636408734372,0.14013117213696988,0.8278249596486211,-29.329685132196566
779,780.0,0.4351550981726532,0.5229779338164547,0.3123511803889806,0.6083928660753041,0.05987636408730185,0.1401311721369209,0.8278249596487313,-29.329685132201462
780,781.0,0.9250342199248736,9.191772457553196,0.3123512570708544,0.6083926869094352,0.05987636408732651,0.14013117213694973,0.8278249596486666,-29.329685132198577
781,782.0,0.06353590749884852,9.126654383670695,0.3123514947364984,0.6083920921149366,0.059876364087799644,0.14013117213750337,0.8278249596474225,-29.32968513214327
782,783.0,0.18410879270867642,6.135551343031086,0.31235140881716267,0.6083923101859872,0.0598763640875555,0.14013117213721768,0.8278249596480625,-29.32968513217181
783,784.0,0.19907262443376428,6.698113435507195,0.3123514091651246,0.6083923087835129,0.059876364087556984,0.14013117213721943,0.827824959648059,-29.32968513217164
784,785.0,0.5965075548588407,7.652491293311157,0.31235129160136593,0.6083926027355416,0.059876364087356665,0.140131172136985,0.8278249596485867,-29.329685132195053
785,786.0,0.23079925815026503,3.3053498198108704,0.3123513060347863,0.6083925666915171,0.059876364087373346,0.14013117213700454,0.8278249596485427,-29.329685132193106
786,787.0,0.83765535796428,9.810174767248283,0.3123512790437098,0.6083926331386493,0.05987636408734445,0.1401311721369707,0.8278249596486192,-29.32968513219648
787,788.0,0.5133969498662108,2.5796648097952417,0.3123511931589928,0.6083928388785788,0.05987636408730211,0.1401311721369212,0.8278249596487308,-29.329685132201433
788,789.0,0.6327916220007967,9.755848307013826,0.31235131662139615,0.6083925408321024,0.05987636408738656,0.14013117213702,0.8278249596485077,-29.329685132191557
789,790.0,0.9899760631782486,1.4596110107027496,0.3123512396635953,0.6083929303753126,0.05987636408735729,0.14013117213698575,0.8278249596487195,-29.32968513219498
790,791.0,0.9443006289654116,4.654777374765743,0.3123511916113573,0.6083928416170236,0.05987636408730207,0.14013117213692114,0.8278249596487309,-29.329685132201433
791,792.0,0.7418543617807374,1.119365195697453,0.31235125179617573,0.6083929423383422,0.0598763640873828,0.1401311721370156,0.8278249596487153,-29.329685132191997
792,793.0,0.551749695520884,6.423479816640835,0.3123512779775894,0.6083926357964545,0.05987636408734341,0.14013117213696952,0.827824959648622,-29.32968513219661
793,794.0,0.8126373250932817,6.4023638164847645,0.3123512291239514,0.6083927538761977,0.05987636408731105,0.14013117213693166,0.8278249596487076,-29.32968513220039
794,795.0,0.2509421744849487,2.936269839846224,0.3123512786662651,0.608392633916043,0.05987636408734415,0.14013117213697035,0.8278249596486201,-29.329685132196516
795,796.0,0.38273929031120624,1.1662328337324719,0.31235147674875646,0.6083931244939355,0.059876364088591656,0.14013117213843018,0.8278249596485716,-29.329685132050678
796,797.0,0.255042728736538,3.5926638344789925,0.3123513042229017,0.6083925712046037,0.05987636408737112,0.1401311721370019,0.8278249596485487,-29.32968513219337
797,798.0,0.9352315925131066,4.06117376046344,0.3123511876886632,0.6083928516102347,0.05987636408730181,0.14013117213692083,0.8278249596487314,-29.32968513220147
798,799.0,0.20669650737808032,9.518070364318858,0.31235143747062294,0.6083922375912283,0.0598763640876277,0.14013117213730217,0.8278249596478731,-29.32968513216337
799,800.0,0.32259123499513975,8.391080507714323,0.31235138284179975,0.6083923759482445,0.05987636408749793,0.14013117213715032,0.8278249596482137,-29.32968513217854
800,801.0,0.8229289204620105,4.241965653266318,0.31235119428165065,0.608392836266984,0.05987636408730221,0.1401311721369213,0.8278249596487305,-29.32968513220142
801,802.0,0.854462672075154,2.2628129437741893,0.31235161880105744,0.6083932651390955,0.059876364090229846,0.14013117214034715,0.8278249596483592,-29.329685131859158
802,803.0,0.07158177575405289,4.89052254170955,0.312351463885923,0.608392171042968,0.059876364087701625,0.14013117213738868,0.8278249596476788,-29.32968513215473
803,804.0,0.056304028090877645,1.5907454493882203,0.31235139189883765,0.6083923532509795,0.05987636408751693,0.14013117213717255,0.8278249596481635,-29.329685132176323
804,805.0,0.8504804675362299,2.4944235537868162,0.3123515359386048,0.6083931811246447,0.05987636408918576,0.14013117213912538,0.8278249596484968,-29.329685131981222
805,806.0,0.31038146061639804,8.463349909287297,0.3123513881491586,0.6083923624271185,0.059876364087509196,0.1401311721371635,0.8278249596481841,-29.329685132177218
806,807.0,0.39481448970653643,3.6246184744030887,0.31235124759277993,0.6083927099478592,0.05987636408732032,0.1401311721369425,0.8278249596486831,-29.3296851321993
807,808.0,0.45338934607665615,6.849116084032566,0.3123513133296176,0.6083925493691008,0.05987636408738198,0.14013117213701465,0.8278249596485197,-29.32968513219209
808,809.0,0.8157531758440318,1.0975057938648227,0.31235120478869205,0.6083928921058638,0.059876364087309605,0.14013117213692997,0.8278249596487287,-29.329685132200552
809,810.0,0.683914263026476,7.939895314244912,0.3123512777968276,0.6083926363159623,0.05987636408734323,0.1401311721369693,0.8278249596486225,-29.329685132196623
810,811.0,0.09462123441871373,6.232841444115763,0.31235146197388963,0.6083921758840862,0.059876364087696,0.1401311721373821,0.8278249596476935,-29.329685132155383
811,812.0,0.1776337987999025,7.268768409084813,0.31235142765470414,0.6083922627792528,0.05987636408760154,0.14013117213727158,0.8278249596479414,-29.329685132166425
812,813.0,0.4600967367265,7.2112425703121525,0.3123513186421102,0.6083925359098423,0.0598763640873892,0.14013117213702309,0.8278249596485008,-29.32968513219125
813,814.0,0.7614889530265752,7.58792484861406,0.31235125806612135,0.6083926850515942,0.05987636408732701,0.1401311721369503,0.8278249596486652,-29.32968513219852
814,815.0,0.25230161928732375,6.0638415992998755,0.3123513727770382,0.60839240022041,0.05987636408747887,0.14013117213712803,0.8278249596482645,-29.32968513218077
815,816.0,0.3622854124383498,4.489076705776282,0.31235128679383517,0.6083926142692284,0.05987636408735186,0.1401311721369794,0.8278249596485996,-29.32968513219562
816,817.0,0.5551488598334485,4.82145063517498,0.3123512405415899,0.6083927265366511,0.05987636408731645,0.14013117213693796,0.8278249596486934,-29.329685132199756
817,818.0,0.5036772673424709,9.434786091252038,0.31235134286031974,0.6083924759253485,0.05987636408742482,0.14013117213706477,0.8278249596484065,-29.329685132187088
818,819.0,0.38336714174423514,2.898308330704064,0.3123512250859402,0.6083927638598366,0.05987636408730934,0.14013117213692966,0.827824959648712,-29.329685132200588
819,820.0,0.028758972374591685,3.225906787061243,0.312351486690826,0.6083921126528447,0.05987636408777311,0.14013117213747234,0.8278249596474919,-29.329685132146373
820,821.0,0.5802759132999166,9.181956379089062,0.3123513196899336,0.6083925325954365,0.05987636408739116,0.1401311721370254,0.8278249596484959,-29.329685132191024
821,822.0,0.6655539172633899,5.978774068354559,0.31235124442400425,0.6083927172428658,0.059876364087318584,0.14013117213694046,0.8278249596486877,-29.329685132199508
822,823.0,0.8398805589854437,9.312825650860665,0.31235127134581187,0.6083926522991393,0.059876364087337444,0.14013117213696252,0.8278249596486377,-29.329685132197305
823,824.0,0.39183371398249234,5.385003972908864,0.31235130090052926,0.6083925798654779,0.05987636408736691,0.14013117213699702,0.8278249596485596,-29.32968513219386
824,825.0,0.8280817141286136,7.111711542069372,0.31235123916861457,0.6083927298732531,0.05987636408731573,0.14013117213693713,0.8278249596486953,-29.32968513219984
825,826.0,0.2444809396700396,7.787960575188528,0.3123514044746472,0.6083923212940432,0.05987636408754526,0.14013117213720572,0.8278249596480893,-29.329685132173005
826,827.0,0.609863206062483,1.2486707078904884,0.3123515014815554,0.6083931832665923,0.05987636408895747,0.14013117213885823,0.8278249596484937,-29.32968513200791
827,828.0,0.10274771776257385,5.94550787324708,0.31235145349908044,0.6083921972869233,0.05987636408767155,0.1401311721373535,0.8278249596477577,-29.32968513215824
828,829.0,0.09576800893977855,0.12537130422005865,0.3123511803394168,0.6083928645124539,0.059876364087301896,0.14013117213692092,0.8278249596487314,-29.329685132201455
829,830.0,0.54329498052288,4.636871847909092,0.3123512383933451,0.6083927317001221,0.05987636408731533,0.14013117213693665,0.8278249596486963,-29.32968513219989
830,831.0,0.9033466344701018,0.5595074663183799,0.3123511808218024,0.6083928663080941,0.059876364087301806,0.1401311721369208,0.8278249596487313,-29.32968513220147
831,832.0,0.11586721424813262,9.443364711117923,0.31235147231852506,0.608392148547806,0.05987636408772884,0.14013117213742052,0.8278249596476086,-29.329685132151546
832,833.0,0.5213574038296178,3.6322374488156246,0.3123512171212213,0.6083927824873425,0.05987636408730668,0.14013117213692655,0.827824959648719,-29.329685132200893
833,834.0,0.5637010046955181,3.60993820434273,0.3123512090735733,0.6083928017201662,0.059876364087304526,0.140131172136924,0.8278249596487246,-29.32968513220115
834,835.0,0.854837461535352,9.477162447201925,0.31235127154329334,0.6083926517774626,0.059876364087337625,0.14013117213696274,0.8278249596486372,-29.329685132197284
835,836.0,0.3049359274833213,3.2124215189586605,0.3123512643310139,0.6083926684481813,0.059876364087332205,0.1401311721369564,0.8278249596486519,-29.32968513219791
836,837.0,0.7805903077784551,0.5896369849005535,0.31235118017120894,0.6083928664274675,0.059876364087301855,0.1401311721369209,0.8278249596487313,-29.329685132201462
837,838.0,0.5492162717441584,1.1938534295059033,0.31235155246530844,0.6083932279612059,0.05987636408950603,0.14013117213950016,0.827824959648424,-29.329685131943776
838,839.0,0.05078016223125004,1.1932372950277677,0.3123511865530785,0.6083928553441602,0.05987636408730171,0.14013117213692072,0.8278249596487315,-29.329685132201483
839,840.0,0.5536232466636889,5.943085990344671,0.312351267299495,0.6083926618269704,0.059876364087334266,0.1401311721369588,0.8278249596486462,-29.329685132197675
840,841.0,0.06698562627304416,5.330338857383715,0.3123514716717451,0.6083921508028118,0.05987636408772587,0.14013117213741705,0.8278249596476157,-29.329685132151894
841,842.0,0.8625618856929894,2.4841709833180765,0.31235155856413105,0.6083932027450017,0.0598763640894424,0.1401311721394257,0.8278249596484644,-29.329685131951216
842,843.0,0.581296892217108,9.496061360300148,0.3123513231320175,0.6083925241835327,0.059876364087395814,0.14013117213703083,0.8278249596484836,-29.329685132190477
843,844.0,0.02266455292349734,7.105270868853143,0.31235151091673485,0.6083920501723623,0.059876364087856314,0.14013117213756968,0.8278249596472751,-29.32968513213664
844,845.0,0.7853554259767056,8.614316409637533,0.31235126967365134,0.6083926564912757,0.05987636408733603,0.14013117213696089,0.8278249596486413,-29.32968513219746
845,846.0,0.5771015815056606,9.710180242361789,0.3123513279686424,0.6083925127724847,0.059876364087402226,0.14013117213703835,0.8278249596484664,-29.32968513218973
846,847.0,0.8142104444361731,9.44724037791671,0.31235127772083837,0.608392636951475,0.05987636408734294,0.14013117213696896,0.827824959648623,-29.32968513219666
847,848.0,0.47678751715810697,1.1542376658568134,0.3123516159398299,0.6083932756989512,0.05987636409025811,0.1401311721403802,0.8278249596483397,-29.329685131855854
848,849.0,0.05679412516651372,4.644209536379044,0.3123514727058323,0.6083921479566321,0.05987636408772941,0.14013117213742118,0.8278249596476066,-29.329685132151482
849,850.0,0.27508889870195796,8.584897150396433,0.31235140263903005,0.6083923259018478,0.059876364087541066,0.1401311721372008,0.8278249596481003,-29.329685132173495
850,851.0,0.3270075643552488,4.592065365608973,0.3123513035655394,0.6083925728777339,0.05987636408737031,0.140131172137001,0.8278249596485507,-29.32968513219346
851,852.0,0.21871294673972408,6.518687039078367,0.31235139728067873,0.6083923398949199,0.05987636408752847,0.14013117213718607,0.8278249596481331,-29.329685132174973
852,853.0,0.05416069658553868,6.753147877928677,0.3123514906203192,0.6083921025775607,0.05987636408778606,0.14013117213748746,0.8278249596474582,-29.329685132144853
853,854.0,0.5919407429904753,0.1774774881055117,0.31235118313379073,0.608392862085534,0.059876364087301764,0.14013117213692078,0.8278249596487314,-29.329685132201476
854,855.0,0.17061860099965287,8.619551865131633,0.31235144393280695,0.6083922213417017,0.05987636408764506,0.14013117213732249,0.8278249596478273,-29.329685132161345
855,856.0,0.14617632499013378,2.9607825780413264,0.312351353051572,0.6083924504217559,0.05987636408744186,0.1401311721370847,0.8278249596483616,-29.32968513218509
856,857.0,0.29225700938867416,7.771537530690378,0.3123513852842366,0.6083923696702576,0.059876364087503145,0.14013117213715642,0.8278249596482001,-29.32968513217793
857,858.0,0.6255365124811041,9.844923064688022,0.3123513193827759,0.6083925340197476,0.05987636408739023,0.14013117213702428,0.827824959648498,-29.32968513219113
858,859.0,0.40036368366362174,8.342766668097026,0.312351356338998,0.6083924426495614,0.0598763640874472,0.14013117213709098,0.8278249596483472,-29.329685132184473
859,860.0,0.6035662996479337,8.642399738348278,0.3123513065250374,0.6083925657949599,0.059876364087373735,0.140131172137005,0.8278249596485416,-29.329685132193056
860,861.0,0.8669216645091273,3.532452059222426,0.31235118565308684,0.6083928560347285,0.05987636408730176,0.14013117213692075,0.8278249596487316,-29.329685132201476
861,862.0,0.6914067767147271,4.995444278137216,0.31235122087215295,0.6083927738160724,0.05987636408730786,0.1401311721369279,0.8278249596487159,-29.32968513220076
862,863.0,0.9134194507187005,4.906858068508504,0.3123511971971755,0.6083928296492322,0.05987636408730249,0.14013117213692164,0.8278249596487298,-29.32968513220139
863,864.0,0.3418437114909907,5.083365836134625,0.31235131108831515,0.6083925545799637,0.05987636408737937,0.1401311721370116,0.8278249596485268,-29.329685132192402
864,865.0,0.4071282533430126,4.2330344740874475,0.31235126340615793,0.6083926714078354,0.059876364087331164,0.14013117213695517,0.8278249596486544,-29.329685132198037
865,866.0,0.2709602284948087,8.784487149415895,0.3123514060922661,0.6083923176228453,0.05987636408754849,0.14013117213720946,0.8278249596480804,-29.329685132172628
866,867.0,0.45364420199294975,0.2666472099337947,0.3123511808291326,0.6083928636667317,0.05987636408730188,0.14013117213692092,0.8278249596487314,-29.329685132201462
867,868.0,0.3817909354906064,7.9078035101437205,0.3123513554081203,0.6083924447452994,0.05987636408744576,0.14013117213708925,0.8278249596483511,-29.329685132184636
868,869.0,0.8638443272742953,6.568716195573301,0.31235122582178343,0.6083927619112798,0.05987636408730969,0.14013117213693005,0.8278249596487112,-29.329685132200545
869,870.0,0.859470273020685,2.5418767295194464,0.3123515238809967,0.6083931714059547,0.05987636408906277,0.14013117213898146,0.8278249596485105,-29.329685131995596
870,871.0,0.35577634398713975,1.6708188729153217,0.31235118954389485,0.608392847169254,0.05987636408730188,0.14013117213692092,0.8278249596487313,-29.329685132201462
871,872.0,0.8582495112307873,0.8280784452134974,0.31235118628570674,0.6083928544481745,0.05987636408730176,0.14013117213692075,0.8278249596487315,-29.329685132201476
872,873.0,0.4458760105234234,1.046907268062631,0.31235118182043875,0.6083928646180736,0.05987636408730178,0.1401311721369208,0.8278249596487314,-29.329685132201476
873,874.0,0.4089761184038101,2.1312669014939316,0.31235119516892634,0.6083928344760366,0.05987636408730226,0.14013117213692136,0.8278249596487304,-29.329685132201412
874,875.0,0.14446226009832563,0.3775412499380882,0.3123511800467597,0.6083928636553001,0.05987636408730195,0.140131172136921,0.8278249596487315,-29.329685132201448
875,876.0,0.6403257144945397,5.927408491916976,0.31235124857074775,0.6083927073084009,0.059876364087321,0.1401311721369433,0.8278249596486813,-29.329685132199224
876,877.0,0.7777722142534741,8.53731094186869,0.3123512703234876,0.6083926547734936,0.0598763640873366,0.14013117213696155,0.8278249596486399,-29.329685132197405
877,878.0,0.45676654303555486,6.911775067804188,0.3123513144191006,0.6083925468025716,0.05987636408738332,0.14013117213701623,0.827824959648516,-29.32968513219194
878,879.0,0.6165499937260597,3.544312690984635,0.31235120128096444,0.6083928196648396,0.05987636408730307,0.14013117213692228,0.8278249596487284,-29.32968513220132
879,880.0,0.5334046658142279,4.835389504315452,0.31235124553368787,0.6083927147271232,0.05987636408731919,0.14013117213694118,0.8278249596486861,-29.329685132199437
880,881.0,0.9796494663957854,3.3335265793086095,0.31235120051854925,0.6083928783341953,0.0598763640873049,0.14013117213692444,0.8278249596487305,-29.329685132201107
881,882.0,0.9261250534509807,8.437068226191354,0.31235124528628205,0.6083927147245054,0.059876364087319216,0.1401311721369412,0.8278249596486862,-29.329685132199437
882,883.0,0.19606404215172912,4.559587758294782,0.3123513696871619,0.6083924090028728,0.05987636408747185,0.1401311721371198,0.8278249596482823,-29.329685132181595
883,884.0,0.9952100931495858,4.276239978638567,0.312351186636126,0.6083928536763245,0.05987636408730179,0.1401311721369208,0.8278249596487315,-29.32968513220147
884,885.0,0.7422206686269449,4.765185801020421,0.3123512088196233,0.608392801862069,0.05987636408730454,0.14013117213692403,0.8278249596487247,-29.32968513220115
885,886.0,0.35093331578851494,2.4614787553822572,0.3123512177715766,0.6083927815126958,0.059876364087306795,0.14013117213692666,0.8278249596487187,-29.329685132200886
886,887.0,0.600729512611733,3.553935113113871,0.3123512035359357,0.6083928150157524,0.05987636408730338,0.14013117213692267,0.8278249596487275,-29.329685132201284
887,888.0,0.11740884044652145,8.50231693352949,0.3123514666028096,0.6083921636672699,0.059876364087710514,0.1401311721373991,0.8278249596476559,-29.329685132153685
888,889.0,0.487620645894392,6.567289283515653,0.31235129755827723,0.6083925875489008,0.05987636408736347,0.14013117213699297,0.827824959648569,-29.329685132194257
889,890.0,0.5140399462795444,2.968876103285732,0.31235120153538165,0.6083928188915176,0.05987636408730317,0.14013117213692242,0.8278249596487282,-29.329685132201305
890,891.0,0.737756111276211,2.913358167909304,0.3123511845854486,0.6083928582835233,0.059876364087301764,0.14013117213692078,0.8278249596487315,-29.329685132201476
891,892.0,0.4878525767784273,6.90454730202522,0.31235130444093356,0.6083925703251029,0.05987636408737161,0.14013117213700252,0.8278249596485475,-29.329685132193305
892,893.0,0.7513490453930683,8.008978065727648,0.31235126659139767,0.6083926638205361,0.059876364087333586,0.14013117213695803,0.8278249596486479,-29.329685132197753
893,894.0,0.6893077885869694,3.5405857355054513,0.3123511946407717,0.6083928354326401,0.059876364087302236,0.14013117213692133,0.8278249596487305,-29.32968513220142
894,895.0,0.17088428768882247,2.501415348035635,0.3123513101063783,0.6083925575093915,0.05987636408737776,0.1401311721370097,0.8278249596485308,-29.329685132192587
895,896.0,0.09408279315904489,7.3979065561880155,0.3123514716468336,0.608392151254592,0.05987636408772519,0.14013117213741624,0.827824959647617,-29.329685132151972
896,897.0,0.28088445099031256,6.2611307764950785,0.31235136528992563,0.6083924200358373,0.05987636408746357,0.14013117213711013,0.8278249596483042,-29.329685132182554
897,898.0,0.3144133669611694,1.6019954767829463,0.3123511940597794,0.6083928370716202,0.05987636408730217,0.14013117213692125,0.8278249596487306,-29.329685132201426
898,899.0,0.5056920111379919,3.2963150115007664,0.3123512114424171,0.6083927963634037,0.059876364087305074,0.14013117213692466,0.8278249596487232,-29.329685132201085
899,900.0,0.9314227874006601,2.0761682852738086,0.31235157160408245,0.6083932428727281,0.05987636408972355,0.14013117213975468,0.8278249596483989,-29.329685131918346
900,901.0,0.3851489918409421,2.112744274580464,0.3123511981514074,0.6083928274526097,0.05987636408730261,0.14013117213692178,0.8278249596487295,-29.329685132201377
901,902.0,0.009817124188628568,5.696355428223059,0.312351518002985,0.608392032589104,0.059876364087880635,0.14013117213759815,0.8278249596472109,-29.329685132133797
902,903.0,0.7722426370319473,5.582222281776792,0.3123512203330819,0.6083927752223683,0.05987636408730766,0.14013117213692766,0.8278249596487165,-29.329685132200787
903,904.0,0.704242822850129,7.483672313019736,0.3123512652228397,0.6083926664671362,0.05987636408733284,0.14013117213695714,0.8278249596486501,-29.329685132197838
904,905.0,0.047594821426118705,0.4574723749101108,0.31235117987233446,0.6083928673115585,0.05987636408730185,0.1401311721369209,0.8278249596487313,-29.329685132201462
905,906.0,0.43078003817788524,5.202574596367372,0.3123512834046743,0.6083926230004801,0.05987636408734826,0.1401311721369752,0.8278249596486089,-29.32968513219604
906,907.0,0.05328685902305097,6.171051860879692,0.31235148809015395,0.6083921092532656,0.059876364087777384,0.14013117213747733,0.8278249596474805,-29.32968513214587
907,908.0,0.5669128815690063,1.6794576493437443,0.31235152221232554,0.6083931678473888,0.059876364089037425,0.1401311721389518,0.8278249596485157,-29.32968513199856
908,909.0,0.06939660142189774,7.214977135443882,0.3123514833638197,0.6083921209444451,0.059876364087762715,0.14013117213746015,0.8278249596475193,-29.32968513214758
909,910.0,0.05033062433560975,4.627955192391533,0.3123514783681554,0.6083921335587674,0.05987636408774702,0.1401311721374418,0.8278249596475605,-29.329685132149415
910,911.0,0.3518283731845878,3.04894792194323,0.3123512405756494,0.6083927265847257,0.05987636408731642,0.14013117213693793,0.8278249596486934,-29.329685132199756
911,912.0,0.9813289478060128,0.4967605178051681,0.31235117898457976,0.6083928655527854,0.059876364087301986,0.14013117213692103,0.8278249596487314,-29.329685132201448
912,913.0,0.27957996185741907,2.55654003363045,0.31235124601134445,0.6083927127358354,0.05987636408731973,0.14013117213694182,0.8278249596486849,-29.329685132199373
913,914.0,0.6175179320022341,3.4359637276583324,0.3123511986978939,0.608392825485896,0.05987636408730274,0.14013117213692194,0.8278249596487293,-29.329685132201355
914,915.0,0.736346620611925,5.727581106795205,0.31235122798613546,0.6083927570163766,0.05987636408731047,0.14013117213693096,0.8278249596487091,-29.329685132200453
915,916.0,0.20697876110567093,1.1989189099788842,0.3123511815871157,0.608392863722597,0.05987636408730181,0.14013117213692083,0.8278249596487315,-29.32968513220147
916,917.0,0.7196788461028694,7.96222578054315,0.31235127118244416,0.6083926526604251,0.05987636408733733,0.14013117213696238,0.827824959648638,-29.329685132197312
917,918.0,0.618752744801048,6.180011865979832,0.31235125767995203,0.6083926856854502,0.05987636408732685,0.14013117213695014,0.8278249596486658,-29.32968513219854
918,919.0,0.8363078088745793,5.581039337945198,0.31235121232808755,0.6083927933687135,0.05987636408730543,0.14013117213692505,0.8278249596487224,-29.329685132201043
919,920.0,0.4104635696624399,1.723709029293797,0.3123511863423823,0.6083928546255799,0.05987636408730177,0.1401311721369208,0.8278249596487315,-29.329685132201476
920,921.0,0.8000977093399516,9.726715519805754,0.3123512843705463,0.6083926205081805,0.05987636408734928,0.14013117213697637,0.8278249596486063,-29.32968513219592
921,922.0,0.04265728698411564,1.2038019262117803,0.3123511792246522,0.6083928670311317,0.05987636408730191,0.14013117213692095,0.8278249596487313,-29.329685132201455
922,923.0,0.4188775612342569,8.972506697034428,0.31235135900117617,0.608392435589963,0.059876364087452276,0.1401311721370969,0.827824959648334,-29.329685132183883
923,924.0,0.9490135839161137,1.4053196474534868,0.3123512418479147,0.608392932278294,0.05987636408736134,0.14013117213699047,0.8278249596487188,-29.329685132194513
924,925.0,0.8916961437999888,9.726153098529219,0.3123512691164862,0.6083926573004454,0.05987636408733581,0.1401311721369606,0.8278249596486422,-29.329685132197497
925,926.0,0.30627006440899307,7.719738127909632,0.31235137836206606,0.6083923865195828,0.059876364087489586,0.14013117213714055,0.8278249596482361,-29.329685132179513
926,927.0,0.7474596871459067,1.88095737649614,0.3123516242901843,0.6083932774866809,0.059876364090342006,0.14013117214047838,0.8278249596483364,-29.32968513184605
927,928.0,0.1455236012614306,6.255893065488309,0.31235143185784514,0.6083922520816389,0.059876364087612495,0.14013117213728438,0.8278249596479127,-29.329685132165146
928,929.0,0.0028077502484116224,4.951265391654967,0.3123515223815153,0.6083920208963178,0.05987636408789751,0.14013117213761792,0.8278249596471675,-29.32968513213182
929,930.0,0.3893640894643874,3.4512731643926036,0.31235124331020936,0.6083927197316473,0.059876364087318015,0.1401311721369398,0.8278249596486893,-29.32968513219957
930,931.0,0.4080849689993561,2.0806939949388346,0.3123511939301512,0.6083928373585029,0.05987636408730217,0.14013117213692125,0.8278249596487306,-29.329685132201426
931,932.0,0.8863783334225678,2.1741005853951205,0.31235162008237766,0.6083932766372204,0.059876364090299866,0.14013117214042906,0.8278249596483379,-29.329685131850972
932,933.0,0.5160523029371219,3.5813930663070894,0.31235121629092594,0.6083927843440309,0.05987636408730648,0.1401311721369263,0.8278249596487196,-29.32968513220092
933,934.0,0.963044001096961,9.551910587765589,0.31235125700177957,0.6083926871321569,0.059876364087326446,0.14013117213694967,0.8278249596486669,-29.32968513219859
934,935.0,0.32693680209114573,6.172338931310569,0.3123513432640527,0.6083924742077946,0.059876364087426075,0.14013117213706625,0.8278249596484035,-29.32968513218694
935,936.0,0.7995356487206786,2.8379512887212215,0.31235104990367046,0.6083927501267078,0.05987636408757415,0.1401311721372395,0.8278249596487058,-29.32968513216963
936,937.0,0.1685841732511596,9.984807155976718,0.31235145537068304,0.6083921929268981,0.059876364087676305,0.14013117213735907,0.8278249596477448,-29.329685132157685
937,938.0,0.641839205008399,1.119850700367187,0.3123513538400293,0.6083930468139205,0.059876364087796216,0.14013117213749937,0.8278249596486511,-29.329685132143666
938,939.0,0.9070580716022953,0.6005483016803813,0.31235118064589584,0.6083928654699378,0.059876364087301834,0.14013117213692086,0.8278249596487314,-29.329685132201462
939,940.0,0.22785996369441652,3.70543613356827,0.31235132398159093,0.6083925227020948,0.05987636408739652,0.14013117213703166,0.8278249596484814,-29.32968513219039
940,941.0,0.9218958585429256,1.8194382118367787,0.3123514670258769,0.6083931532121702,0.05987636408863165,0.14013117213847695,0.8278249596485354,-29.329685132046002
941,942.0,0.6153489629685291,8.864843035390647,0.3123513072278139,0.6083925642587832,0.059876364087374456,0.14013117213700582,0.8278249596485396,-29.329685132192978
942,943.0,0.8356207260069197,2.0271977144589926,0.3123516163572643,0.6083932763223721,0.05987636409026499,0.14013117214038825,0.8278249596483386,-29.32968513185505
943,944.0,0.4462523718113218,4.824426121890918,0.31235126770857247,0.6083926605694133,0.05987636408733473,0.14013117213695936,0.8278249596486451,-29.329685132197618
944,945.0,0.4836414312233309,9.373847637779035,0.3123513472835667,0.6083924648095884,0.059876364087432125,0.1401311721370733,0.8278249596483873,-29.329685132186235
945,946.0,0.3850702645233338,7.477125349166398,0.31235134701811446,0.6083924653652051,0.059876364087431806,0.14013117213707296,0.8278249596483882,-29.32968513218627
946,947.0,0.8037347860519571,8.559282675492053,0.3123512664876401,0.608392664229192,0.05987636408733345,0.14013117213695786,0.8278249596486482,-29.329685132197767
947,948.0,0.3768532869581134,4.941787881502922,0.31235129380320475,0.6083925971105245,0.05987636408735915,0.14013117213698795,0.8278249596485803,-29.32968513219477
948,949.0,0.8615797129423641,3.816866849975532,0.3123511879116158,0.608392850521921,0.05987636408730184,0.14013117213692086,0.8278249596487314,-29.329685132201462
949,950.0,0.26720722015224885,6.569451200211875,0.31235137622569376,0.608392392536151,0.05987636408748462,0.14013117213713475,0.8278249596482488,-29.329685132180103
950,951.0,0.2781919038402121,1.293675679746917,0.31235118963396663,0.6083928470886206,0.05987636408730189,0.14013117213692092,0.8278249596487313,-29.329685132201462
951,952.0,0.14454180998312172,8.885212132079968,0.31235145653597024,0.6083921887513194,0.05987636408768154,0.14013117213736517,0.8278249596477323,-29.329685132157074
952,953.0,0.36914816879194545,6.868206683597892,0.3123513417822216,0.608392478752906,0.059876364087422994,0.14013117213706264,0.8278249596484113,-29.3296851321873
953,954.0,0.44899656283677203,8.58781853840165,0.31235134539294984,0.6083924694751143,0.059876364087429065,0.14013117213706974,0.8278249596483954,-29.32968513218659
954,955.0,0.7711893563558282,7.6800949002934615,0.3123512566308442,0.6083926870759722,0.05987636408732655,0.14013117213694978,0.8278249596486669,-29.329685132198577
955,956.0,0.5477244602092207,5.2179254687451895,0.3123512513533272,0.6083927007672155,0.05987636408732269,0.14013117213694526,0.8278249596486768,-29.329685132199025
956,957.0,0.05676987075806983,7.715718347574114,0.31235149322661454,0.6083920956877572,0.059876364087795106,0.14013117213749807,0.8278249596474347,-29.329685132143794
957,958.0,0.3655132351533601,4.141748372183619,0.3123512739539413,0.6083926451299483,0.05987636408734008,0.1401311721369656,0.8278249596486309,-29.329685132196992
958,959.0,0.21237241270096663,8.677729596807499,0.3123514272735188,0.6083922636142723,0.05987636408760071,0.1401311721372706,0.8278249596479437,-29.329685132166517
959,960.0,0.10552154486449306,8.369032115056067,0.31235147161101523,0.6083921507793831,0.05987636408772598,0.1401311721374172,0.8278249596476156,-29.32968513215188
960,961.0,0.9675567679204048,9.254204838269287,0.31235125222715915,0.6083926982750166,0.059876364087323386,0.1401311721369461,0.8278249596486751,-29.329685132198946
961,962.0,0.3513119025784879,0.11696871568643949,0.31235118052076083,0.608392867652122,0.059876364087301806,0.1401311721369208,0.8278249596487313,-29.32968513220147
962,963.0,0.7963023257701145,8.603353804323318,0.3123512681694367,0.6083926597244289,0.059876364087334974,0.14013117213695964,0.8278249596486443,-29.32968513219759
963,964.0,0.6464601960885191,6.880509108321291,0.3123512659711169,0.608392665036748,0.059876364087333225,0.14013117213695758,0.8278249596486489,-29.329685132197795
964,965.0,0.4377810283500393,5.757929196803189,0.3123512947258554,0.6083925949846382,0.05987636408736006,0.140131172136989,0.8278249596485778,-29.329685132194662
965,966.0,0.3901741028553267,9.82992218265858,0.3123513790323527,0.6083923853868481,0.059876364087490336,0.14013117213714144,0.8278249596482338,-29.329685132179428
966,967.0,0.15048402424864038,9.991765664368724,0.31235146154209326,0.6083921765100128,0.059876364087695456,0.14013117213738147,0.8278249596476954,-29.329685132155447
967,968.0,0.08596117106409584,8.860562350760532,0.3123514838427932,0.6083921197320936,0.05987636408776423,0.14013117213746196,0.8278249596475153,-29.32968513214741
968,969.0,0.3352187896461213,8.793026795304804,0.31235138317439315,0.6083923741577616,0.059876364087499676,0.14013117213715237,0.8278249596482098,-29.329685132178334
969,970.0,0.8586789925265269,2.3814923388549367,0.3123515931729521,0.6083932398732386,0.05987636408988585,0.1401311721399446,0.827824959648404,-29.329685131899375
970,971.0,0.9733418541608465,8.680848010759162,0.3123512436102319,0.6083927194789797,0.059876364087318036,0.14013117213693982,0.8278249596486891,-29.32968513219957
971,972.0,0.27526917339339285,0.3297544062481996,0.31235118117643895,0.6083928666265663,0.05987636408730177,0.1401311721369208,0.8278249596487313,-29.329685132201476
972,973.0,0.833993183708064,1.180507580339488,0.3123512215182239,0.6083929122686845,0.05987636408732795,0.14013117213695142,0.8278249596487247,-29.329685132198406
973,974.0,0.2813517376727992,1.289708622598639,0.3123511893181376,0.6083928479432492,0.05987636408730185,0.1401311721369209,0.8278249596487314,-29.329685132201462
974,975.0,0.19695623326599587,7.296834695352181,0.3123514187299987,0.6083922856367305,0.05987636408757875,0.14013117213724488,0.827824959648001,-29.32968513216909
975,976.0,0.573654026933623,9.357266268277055,0.31235132455070713,0.6083925215219591,0.05987636408739715,0.14013117213703238,0.8278249596484796,-29.32968513219032
976,977.0,0.7517010381771198,2.342193477220025,0.3123514331410448,0.6083930863778325,0.059876364088235975,0.14013117213801396,0.827824959648614,-29.32968513209226
977,978.0,0.3591741816698233,8.096062227737848,0.31235136529656743,0.6083924189481213,0.05987636408746463,0.14013117213711138,0.827824959648302,-29.329685132182433
978,979.0,0.2967434803660537,5.88121774036209,0.31235134964374994,0.6083924583272269,0.059876364087436636,0.1401311721370786,0.8278249596483758,-29.32968513218571
979,980.0,0.1014386404467299,7.6515897766000105,0.3123514685711556,0.6083921584667754,0.059876364087716794,0.14013117213740645,0.8278249596476397,-29.329685132152953
980,981.0,0.5694225339972281,9.170496773199838,0.31235132225064766,0.6083925271471909,0.05987636408739402,0.14013117213702872,0.8278249596484879,-29.32968513219069
981,982.0,0.6834969470836961,6.398891004597067,0.31235125025169147,0.6083927034591223,0.059876364087321984,0.14013117213694443,0.8278249596486786,-29.32968513219911
982,983.0,0.6354758679114991,9.725003223729926,0.31235131537146477,0.6083925438217536,0.059876364087384976,0.14013117213701815,0.8278249596485119,-29.32968513219174
983,984.0,0.9723488531623902,4.941717182223262,0.31235119402329486,0.6083928366399394,0.05987636408730221,0.1401311721369213,0.8278249596487306,-29.32968513220142
984,985.0,0.21622924560346457,4.897420905701259,0.31235136536980357,0.6083924187620537,0.05987636408746476,0.14013117213711151,0.8278249596483017,-29.32968513218242
985,986.0,0.2946400578158498,1.284337623177576,0.31235118729538563,0.6083928518275225,0.059876364087301806,0.1401311721369208,0.8278249596487315,-29.32968513220147
986,987.0,0.3215098520699874,9.25036897003275,0.3123513931706907,0.608392349089165,0.05987636408752076,0.14013117213717705,0.8278249596481543,-29.329685132175868
987,988.0,0.5682585117337837,1.4412212470509245,0.31235162430330254,0.6083932781535686,0.05987636409034557,0.14013117214048254,0.8278249596483351,-29.32968513184563
988,989.0,0.061081588733117864,0.3404983550565918,0.3123511786035598,0.6083928739280433,0.05987636408730187,0.1401311721369209,0.8278249596487309,-29.329685132201462
989,990.0,0.9196740895478264,2.22625775904291,0.3123516158370046,0.6083932756497602,0.059876364090256935,0.14013117214037882,0.8278249596483398,-29.32968513185599
990,991.0,0.904563006864271,1.9069241610641705,0.3123515268041968,0.608393207215464,0.059876364089227335,0.14013117213917403,0.8278249596484574,-29.329685131976362
991,992.0,0.0655102535671771,3.350233690014915,0.3123514447829871,0.6083922191177343,0.05987636408764748,0.14013117213732532,0.8278249596478211,-29.329685132161053
992,993.0,0.9240043507686558,8.721283862175849,0.31235125051764573,0.6083927025851383,0.059876364087322206,0.14013117213694468,0.8278249596486781,-29.32968513219909
993,994.0,0.04361805971043753,2.5969865491910182,0.3123514556362522,0.6083921916457646,0.059876364087678,0.14013117213736104,0.827824959647741,-29.329685132157486
994,995.0,0.003785202361007989,8.534579385906754,0.31235152370987,0.6083920180123934,0.059876364087901396,0.14013117213762244,0.8278249596471567,-29.329685132131367
995,996.0,0.7196138289429391,5.478697216665698,0.3123512262583835,0.6083927611584362,0.059876364087309765,0.14013117213693013,0.827824959648711,-29.329685132200538
996,997.0,0.4993032083522372,8.766495344143635,0.31235133357308154,0.6083924981342179,0.05987636408741108,0.14013117213704868,0.8278249596484433,-29.329685132188693
997,998.0,0.3922175428559249,1.4794448081991913,0.3123507901935144,0.6083925255437179,0.05987636408963022,0.14013117213964546,0.8278249596484857,-29.32968513192926
998,999.0,0.1905970124624662,2.461740450105766,0.3123512920111926,0.6083926017584347,0.059876364087357074,0.1401311721369855,0.8278249596485856,-29.32968513219501
999,1000.0,0.3181528375891216,3.232476933452477,0.31235125927617,0.6083926811818896,0.05987636408732821,0.14013117213695173,0.8278249596486623,-29.329685132198378
