,iteration,init_slope,init_intercept,est_intercept,est_slope,ss_res,nrmse,r_squared,aic
0,1.0,0.0659473337907116,2.932107340536638,0.42877975487655834,0.3405357181036741,0.010664260912698616,0.12974493271143822,0.8942655740671885,-41.40737165144727
1,2.0,0.5795082050513792,9.04163395217595,0.428779753924808,0.34053572025589873,0.0106642609126986,0.12974493271143814,0.8942655740671887,-41.40737165144728
2,3.0,0.7009815024237315,9.925564447500882,0.42877921173397987,0.3405354632175069,0.010664260915943477,0.12974493273117726,0.8942655740667027,-41.40737164931735
3,4.0,0.26194977953997745,3.8804752544763286,0.4287791811887569,0.34053544792912444,0.010664260916321106,0.12974493273347443,0.8942655740666416,-41.407371649069475
4,5.0,0.8257651537849644,4.522011539510504,0.42877969315272485,0.3405356917065609,0.010664260912743655,0.1297449327117122,0.8942655740671849,-41.407371651417705
5,6.0,0.9588421247641962,5.618997818442051,0.42877967550704565,0.34053568343950263,0.010664260912771718,0.12974493271188292,0.8942655740671815,-41.40737165139929
6,7.0,0.8061373148168055,3.5685385514740418,0.4287797309714105,0.3405357094360975,0.010664260912706221,0.1297449327114845,0.8942655740671887,-41.407371651442276
7,8.0,0.19382140688381166,2.111766335854297,0.42877938430211393,0.3405355457625961,0.010664260914213722,0.12974493272065488,0.8942655740669698,-41.40737165045275
8,9.0,0.7293289006205972,5.89122886526786,0.42877955205271895,0.34053562539975013,0.010664260913157222,0.12974493271422802,0.8942655740671278,-41.40737165114624
9,10.0,0.5347405158654711,9.724617747872289,0.4287797539592933,0.34053572003451976,0.010664260912698613,0.12974493271143822,0.8942655740671885,-41.40737165144727
10,11.0,0.7417598959566377,3.7207560662152503,0.42877971211648,0.3405356998750096,0.010664260912721303,0.12974493271157625,0.8942655740671872,-41.40737165143238
11,12.0,0.35254980666715297,3.330488548620314,0.4287794698549468,0.34053558547840485,0.010664260913600726,0.12974493271692591,0.8942655740670609,-41.407371650855126
12,13.0,0.4274516605007772,6.262324907691935,0.42877918920337843,0.34053545109660627,0.010664260916224503,0.1297449327328868,0.8942655740666547,-41.40737164913289
13,14.0,0.20171725366219806,3.75800775601776,0.42877975434173865,0.34053571917923703,0.010664260912698616,0.12974493271143822,0.8942655740671885,-41.40737165144727
14,15.0,0.676466174345281,3.023656828110798,0.4287797301396802,0.340535707940731,0.010664260912707,0.12974493271148924,0.8942655740671883,-41.407371651441764
15,16.0,0.14683903473078808,6.020738623404676,0.42877975452883277,0.34053571887113715,0.010664260912698606,0.12974493271143817,0.8942655740671887,-41.40737165144728
16,17.0,0.5780834952534454,2.180503394459324,0.42877974524425716,0.3405357158163017,0.010664260912700172,0.12974493271144769,0.8942655740671889,-41.40737165144625
17,18.0,0.9953964261238755,9.722980568944381,0.42877945093241315,0.3405355756570082,0.010664260913725675,0.129744932717686,0.8942655740670407,-41.40737165077311
18,19.0,0.18512023312553372,8.36400803593136,0.42877975485318065,0.3405357181492595,0.010664260912698606,0.12974493271143817,0.8942655740671887,-41.40737165144728
19,20.0,0.9937067577860584,5.7671580855595375,0.42877967859338856,0.34053568385680205,0.010664260912767091,0.12974493271185478,0.8942655740671815,-41.40737165140232
20,21.0,0.9044899250725384,1.0427940483871794,0.42877975300378474,0.340535722557129,0.010664260912698623,0.12974493271143828,0.8942655740671883,-41.407371651447264
21,22.0,0.9484460810584301,1.3127847669532429,0.4287797537968423,0.3405357198737854,0.010664260912698635,0.12974493271143836,0.8942655740671885,-41.40737165144726
22,23.0,0.7204123950597958,0.06501153374933426,0.4287797515196469,0.34053572314013747,0.010664260912698714,0.12974493271143883,0.8942655740671883,-41.40737165144721
23,24.0,0.5478914878483273,1.7766973057353364,0.42877975108078265,0.3405357192471393,0.010664260912698911,0.12974493271144003,0.8942655740671887,-41.40737165144707
24,25.0,0.21157713336309047,9.60055896350638,0.4287797550753706,0.34053571736828225,0.010664260912698606,0.12974493271143817,0.8942655740671888,-41.40737165144728
25,26.0,0.7619662808136042,7.963342028561481,0.42877941038458167,0.34053555714496403,0.010664260914012458,0.12974493271943055,0.8942655740669985,-41.407371650584864
26,27.0,0.6622537057794758,7.459105282248147,0.42877936341210265,0.34053553572588163,0.010664260914388664,0.12974493272171905,0.894265574066943,-41.40737165033793
27,28.0,0.7315499591228647,8.12233605579385,0.42877937250878867,0.34053553993451313,0.01066426091431189,0.12974493272125207,0.8942655740669545,-41.40737165038832
28,29.0,0.9907403418348577,5.664600357296701,0.4287796824949205,0.3405356864161522,0.01066426091276001,0.1297449327118117,0.8942655740671828,-41.40737165140697
29,30.0,0.4831204075209331,0.03260212970873462,0.4287797534491448,0.34053572088229156,0.010664260912698623,0.12974493271143828,0.8942655740671885,-41.407371651447264
30,31.0,0.14022190913159238,6.598108047601163,0.4287797548197672,0.3405357182782465,0.010664260912698606,0.12974493271143817,0.8942655740671887,-41.40737165144728
31,32.0,0.20767659652122084,7.4490865706804374,0.4287797549571766,0.34053571803419624,0.010664260912698615,0.12974493271143822,0.8942655740671885,-41.40737165144727
32,33.0,0.49892348872189607,0.8791833543634415,0.4287797535644605,0.34053572106217966,0.010664260912698623,0.12974493271143828,0.8942655740671884,-41.407371651447264
33,34.0,0.5456988289187146,7.031814843490656,0.4287792754048106,0.3405354939424598,0.01066426091522829,0.12974493272682666,0.8942655740668144,-41.407371649786796
34,35.0,0.019656012762745756,1.7266609117375848,0.4287797554823992,0.3405357164938829,0.010664260912698613,0.12974493271143822,0.8942655740671888,-41.40737165144727
35,36.0,0.6311235953995875,1.2117200663508128,0.4287798586511499,0.34053575290646215,0.010664260912793858,0.12974493271201762,0.8942655740671773,-41.40737165138475
36,37.0,0.9381038568941764,7.275942464463251,0.42877957155163166,0.340535633745886,0.010664260913075764,0.1297449327137325,0.8942655740671388,-41.40737165119971
37,38.0,0.17864869584335163,5.776141435500335,0.42877975476090824,0.34053571834061086,0.010664260912698604,0.12974493271143817,0.8942655740671888,-41.40737165144728
38,39.0,0.7076224503764745,0.4404207567885455,0.42877975493574716,0.34053571828555995,0.010664260912698597,0.1297449327114381,0.8942655740671887,-41.407371651447285
39,40.0,0.2937182439808004,6.047704482702134,0.4287797540552666,0.3405357200913888,0.010664260912698623,0.12974493271143828,0.8942655740671884,-41.407371651447264
40,41.0,0.48268340442868884,2.3165954821756047,0.42877972021383215,0.3405357026298774,0.01066426091271433,0.1297449327115338,0.8942655740671877,-41.40737165143696
41,42.0,0.6965747776340708,3.3365508366197427,0.4287797198137956,0.34053570430761065,0.010664260912714,0.1297449327115318,0.8942655740671881,-41.407371651437174
42,43.0,0.377009143322254,8.106520077369346,0.4287797544450457,0.34053571895596424,0.010664260912698603,0.12974493271143817,0.8942655740671888,-41.40737165144728
43,44.0,0.08353218550543506,6.3201101146274326,0.42877975506736904,0.3405357174346152,0.010664260912698606,0.12974493271143817,0.8942655740671888,-41.40737165144728
44,45.0,0.5546360067159386,4.536748477349679,0.42877954618403447,0.3405356216513587,0.010664260913185725,0.1297449327144014,0.8942655740671227,-41.407371651127534
45,46.0,0.9767205979923294,5.477332438016564,0.42877968761223184,0.3405356887102995,0.010664260912752,0.129744932711763,0.8942655740671838,-41.40737165141223
46,47.0,0.5830489808533517,4.694205803270959,0.4287795537746923,0.34053562598410775,0.010664260913149995,0.12974493271418405,0.8942655740671287,-41.40737165115099
47,48.0,0.32901288504862414,2.089152555925124,0.42877965114240635,0.3405356714438031,0.01066426091282216,0.1297449327121898,0.8942655740671746,-41.40737165136618
48,49.0,0.6445324689913998,4.900133543914525,0.4287795806600951,0.34053563808948667,0.010664260913039698,0.1297449327135131,0.8942655740671441,-41.407371651223386
49,50.0,0.5692303809594134,0.11144869991781214,0.42877975385041595,0.3405357198488203,0.010664260912698625,0.1297449327114383,0.8942655740671885,-41.407371651447264
50,51.0,0.4681505731630048,5.505800417868529,0.42877933548120656,0.3405355229645084,0.010664260914634885,0.12974493272321688,0.8942655740669065,-41.4073716501763
51,52.0,0.7719828622455972,4.755964765286533,0.4287796607518635,0.34053567610642,0.010664260912800741,0.12974493271205947,0.8942655740671777,-41.40737165138024
52,53.0,0.13101810992833918,6.407112176746453,0.4287797549595491,0.34053571789493664,0.010664260912698613,0.12974493271143822,0.8942655740671887,-41.40737165144727
53,54.0,0.7657557104793178,7.151993196340615,0.42877947636092445,0.34053558849755994,0.010664260913560576,0.1297449327166817,0.8942655740670669,-41.40737165088149
54,55.0,0.0423355294139911,4.858884028146783,0.42877975604231244,0.3405357155572325,0.010664260912698608,0.1297449327114382,0.8942655740671888,-41.40737165144728
55,56.0,0.4314472118006042,5.761854055065909,0.4287792517341821,0.34053548146666257,0.010664260915488787,0.1297449327284113,0.8942655740667709,-41.407371649615804
56,57.0,0.8358018810081437,5.72556316574487,0.4287796238959051,0.34053565881240333,0.0106642609128931,0.1297449327126213,0.8942655740671651,-41.407371651319615
57,58.0,0.2024306340871076,2.1326948433552992,0.4287794054516903,0.3405355549662528,0.010664260914049501,0.1297449327196559,0.8942655740669931,-41.40737165056055
58,59.0,0.9942646071248185,0.5240555817264048,0.42877975248052436,0.3405357229897613,0.010664260912698648,0.12974493271143844,0.8942655740671882,-41.40737165144725
59,60.0,0.23227980442742502,3.6253364702888664,0.4287797538731673,0.34053572019925404,0.010664260912698616,0.12974493271143822,0.8942655740671885,-41.40737165144727
60,61.0,0.5125269532319521,7.743894712931366,0.42877975416083164,0.34053571940567434,0.010664260912698627,0.1297449327114383,0.8942655740671885,-41.407371651447264
61,62.0,0.6666947381221634,6.364190870677567,0.4287794636250899,0.34053558293570163,0.01066426091363908,0.12974493271715923,0.8942655740670556,-41.40737165082995
62,63.0,0.6892669535429812,7.6093036454876835,0.4287793759800989,0.3405355418253421,0.010664260914282055,0.12974493272107054,0.8942655740669594,-41.4073716504079
63,64.0,0.6245199323240805,0.35261820932085275,0.4287797532352292,0.34053572123207104,0.010664260912698653,0.12974493271143847,0.8942655740671883,-41.40737165144725
64,65.0,0.5564491431817672,0.7230799283423259,0.428779753424095,0.3405357203976896,0.01066426091269866,0.1297449327114385,0.8942655740671884,-41.40737165144724
65,66.0,0.28943152958861285,5.550894105379224,0.4287797548250817,0.3405357182750989,0.010664260912698606,0.12974493271143817,0.8942655740671887,-41.40737165144728
66,67.0,0.12478399574048604,7.005190050259985,0.42877975484124914,0.3405357180524342,0.010664260912698606,0.12974493271143817,0.8942655740671888,-41.40737165144728
67,68.0,0.27284860545968337,5.271354643091992,0.42877975458205414,0.3405357187232276,0.010664260912698616,0.12974493271143822,0.8942655740671885,-41.40737165144727
68,69.0,0.19124052124333601,1.0988497546992129,0.4287797524829072,0.3405357224196115,0.01066426091269866,0.1297449327114385,0.8942655740671883,-41.40737165144724
69,70.0,0.3363985275436103,4.650263349604829,0.4287792283877001,0.34053547090335906,0.010664260915749567,0.12974493272999768,0.894265574066732,-41.407371649444634
70,71.0,0.9691258300816854,1.3095615571572579,0.42877975382407335,0.3405357197990314,0.010664260912698625,0.1297449327114383,0.8942655740671887,-41.407371651447264
71,72.0,0.8844454460444495,7.126072886083839,0.4287795535540115,0.3405356256464347,0.010664260913151409,0.12974493271419266,0.8942655740671283,-41.40737165115006
72,73.0,0.9845969248712166,8.456042538384335,0.4287795213721948,0.34053561058317267,0.0106642609133052,0.1297449327151282,0.8942655740671058,-41.407371651049104
73,74.0,0.21840939431934903,4.639531439187308,0.42877975479846664,0.340535718555671,0.010664260912698597,0.1297449327114381,0.8942655740671887,-41.407371651447285
74,75.0,0.38845071948828636,2.554591207551652,0.42877963918039974,0.340535665321919,0.010664260912851964,0.12974493271237109,0.8942655740671703,-41.407371651346615
75,76.0,0.2431879474844657,7.875516498608111,0.42877975448537337,0.34053571882849015,0.010664260912698606,0.12974493271143817,0.8942655740671888,-41.40737165144728
76,77.0,0.6959689126029841,0.14232241241996607,0.4287797510886735,0.34053572553188394,0.010664260912698698,0.12974493271143875,0.8942655740671879,-41.407371651447214
77,78.0,0.4771287621322897,8.161650322334582,0.4287797542318753,0.3405357192113381,0.010664260912698623,0.12974493271143828,0.8942655740671885,-41.407371651447264
78,79.0,0.11526812530419694,0.33585016625860786,0.4287797529199256,0.3405357228118366,0.010664260912698625,0.1297449327114383,0.8942655740671882,-41.407371651447264
79,80.0,0.4096952416322026,2.4227408274010314,0.42877967296070846,0.340535682528624,0.010664260912776103,0.1297449327119096,0.8942655740671811,-41.40737165139641
80,81.0,0.6638452395178409,1.2377084439718713,0.42877981635703255,0.3405357434310027,0.010664260912732421,0.1297449327116439,0.8942655740671822,-41.40737165142508
81,82.0,0.8960437213111505,8.047255462209513,0.4287794976736895,0.34053559938198785,0.010664260913433036,0.12974493271590581,0.8942655740670871,-41.407371650965196
82,83.0,0.27018113561088497,6.4239880442419715,0.4287797545828684,0.3405357185273628,0.010664260912698615,0.12974493271143822,0.8942655740671887,-41.40737165144727
83,84.0,0.48803856797499756,7.230336577365739,0.42877918113081614,0.3405354478841747,0.010664260916321921,0.1297449327334794,0.8942655740666416,-41.407371649068935
84,85.0,0.9502415662793371,7.844143583588298,0.4287795414958393,0.34053562017163197,0.010664260913206073,0.1297449327145252,0.8942655740671205,-41.407371651114175
85,86.0,0.4649393718504271,6.328273788039371,0.42877923868476303,0.3405354761405124,0.010664260915630294,0.12974493272927212,0.8942655740667516,-41.40737164952292
86,87.0,0.8274801256878782,2.0341807621503483,0.42877975366909055,0.3405357204290008,0.010664260912698634,0.12974493271143836,0.8942655740671884,-41.40737165144726
87,88.0,0.45199284162260267,5.534774139565589,0.42877930945004405,0.3405355093586091,0.010664260914886621,0.12974493272474824,0.8942655740668649,-41.40737165001107
88,89.0,0.061037513501816965,2.3168502632005383,0.42877975483925795,0.34053571820644063,0.010664260912698608,0.1297449327114382,0.8942655740671887,-41.40737165144728
89,90.0,0.9407441267382143,3.2232244231090452,0.4287797493421466,0.340535718867949,0.01066426091269917,0.1297449327114416,0.8942655740671885,-41.40737165144691
90,91.0,0.7705527556697132,0.49189499611316084,0.4287797521314146,0.340535723761243,0.01066426091269867,0.12974493271143858,0.894265574067188,-41.407371651447235
91,92.0,0.3639780313113343,2.779660681499376,0.4287795789536244,0.3405356366731664,0.010664260913047332,0.12974493271355952,0.8942655740671424,-41.40737165121837
92,93.0,0.14217768014682786,8.36323396489254,0.42877975528816803,0.3405357173119891,0.010664260912698599,0.12974493271143814,0.8942655740671888,-41.40737165144728
93,94.0,0.17572463478370803,1.4839892211821826,0.42877953036114785,0.3405356141161162,0.010664260913261418,0.12974493271486184,0.8942655740671114,-41.40737165107785
94,95.0,0.9776815904382079,6.226497634936771,0.42877965007952734,0.3405356709799706,0.010664260912824578,0.12974493271220447,0.8942655740671744,-41.407371651364585
95,96.0,0.6122960481059068,2.6978267506517923,0.4287797316064647,0.34053570914582887,0.010664260912705987,0.12974493271148307,0.8942655740671887,-41.40737165144243
96,97.0,0.6510938407513298,7.82153170773562,0.4287793218874917,0.3405355160302937,0.010664260914763737,0.1297449327240007,0.8942655740668856,-41.40737165009173
97,98.0,0.9701831671243223,1.4423605455003476,0.4287797540187855,0.34053571835265184,0.010664260912698651,0.12974493271143844,0.8942655740671888,-41.40737165144725
98,99.0,0.9692512302905547,1.0892714348374959,0.42877975374493404,0.3405357213292366,0.010664260912698603,0.12974493271143817,0.8942655740671884,-41.40737165144728
99,100.0,0.7124649555982229,3.3500091634686413,0.42877972363517664,0.3405357038758082,0.01066426091271172,0.12974493271151794,0.894265574067188,-41.407371651438666
100,101.0,0.5700476574615463,6.009786088449368,0.428779404496047,0.3405355557445114,0.010664260914052797,0.12974493271967594,0.8942655740669948,-41.40737165055839
101,102.0,0.9426007441267571,7.4379105659330005,0.4287795631585001,0.34053563092039396,0.010664260913108457,0.12974493271393137,0.8942655740671352,-41.40737165117825
102,103.0,0.7689811803701389,5.328571109731549,0.42877961953115495,0.34053565665237845,0.010664260912906134,0.1297449327127006,0.8942655740671632,-41.40737165131106
103,104.0,0.503034598632514,8.285242920807752,0.4287797543177781,0.34053571936939914,0.010664260912698606,0.12974493271143817,0.8942655740671887,-41.40737165144728
104,105.0,0.2836020039666547,7.823662809684142,0.4287797544534684,0.34053571886646267,0.010664260912698606,0.12974493271143817,0.8942655740671888,-41.40737165144728
105,106.0,0.6190427813955331,6.089562602385313,0.42877944601910206,0.34053557542727153,0.010664260913752673,0.12974493271785023,0.8942655740670402,-41.407371650755394
106,107.0,0.5120091996177685,7.589236603348749,0.4287791809638611,0.34053544736546604,0.010664260916326412,0.12974493273350673,0.8942655740666393,-41.40737164906599
107,108.0,0.9997365854124892,4.856178753878589,0.4287797174040485,0.34053570332781563,0.010664260912716005,0.129744932711544,0.8942655740671878,-41.40737165143586
108,109.0,0.8793190313622385,4.531609101445408,0.4287797068555459,0.3405356972874673,0.010664260912726906,0.12974493271161033,0.8942655740671865,-41.407371651428704
109,110.0,0.10876162344208629,8.34017337756994,0.42877975532789836,0.34053571709072844,0.010664260912698622,0.12974493271143828,0.8942655740671887,-41.407371651447264
110,111.0,0.5209979640236858,1.6914145779649654,0.42877975103140253,0.34053571924310816,0.010664260912698918,0.12974493271144008,0.8942655740671887,-41.40737165144707
111,112.0,0.7141250884037089,6.565736110024867,0.42877948462042864,0.34053559329742333,0.010664260913508448,0.12974493271636459,0.894265574067076,-41.4073716509157
112,113.0,0.476764269415335,4.0320657974859815,0.4287795296145304,0.3405356135063517,0.010664260913265675,0.12974493271488774,0.8942655740671104,-41.40737165107505
113,114.0,0.7650920658768804,6.147661517646255,0.4287795547605555,0.34053562646797597,0.01066426091314561,0.12974493271415735,0.8942655740671293,-41.40737165115386
114,115.0,0.8158677507565482,9.578444381739937,0.42877933699106485,0.3405355224189299,0.010664260914626023,0.12974493272316298,0.8942655740669049,-41.40737165018212
115,116.0,0.2920725185757497,8.875767935311549,0.4287797551753002,0.34053571764886936,0.010664260912698592,0.12974493271143808,0.8942655740671888,-41.407371651447285
116,117.0,0.3418368089476842,1.9809145335732705,0.4287796790461551,0.34053568432266307,0.010664260912766113,0.1297449327118488,0.8942655740671819,-41.40737165140297
117,118.0,0.43803126066035514,4.176538805321613,0.4287794642838136,0.34053558380574195,0.01066426091363334,0.1297449327171243,0.8942655740670574,-41.407371650833724
118,119.0,0.13181540244275947,7.9893876923023415,0.4287797549883879,0.34053571766706786,0.010664260912698603,0.12974493271143817,0.8942655740671888,-41.40737165144728
119,120.0,0.478712684827595,5.706827632086833,0.4287793268787904,0.34053551827764905,0.010664260914717144,0.1297449327237173,0.8942655740668924,-41.407371650122315
120,121.0,0.8708566282538619,7.138763475546003,0.4287795451317938,0.34053562133345977,0.01066426091319023,0.1297449327144288,0.8942655740671221,-41.40737165112458
121,122.0,0.3822083396352137,3.5662492046813448,0.428779476927456,0.34053558873180073,0.010664260913557204,0.12974493271666115,0.8942655740670673,-41.4073716508837
122,123.0,0.40754805924825177,1.7737330433789285,0.4287797330892272,0.3405357100824952,0.010664260912705113,0.12974493271147777,0.8942655740671888,-41.40737165144301
123,124.0,0.6882466577988491,6.189767332585179,0.42877949693100775,0.3405355987463279,0.010664260913437935,0.12974493271593562,0.8942655740670858,-41.407371650961984
124,125.0,0.5750792545153695,0.33750444992424244,0.4287797547943897,0.34053571851236436,0.010664260912698599,0.12974493271143814,0.8942655740671887,-41.40737165144728
125,126.0,0.11151577000507173,3.6709415221083765,0.4287797549030706,0.3405357180760207,0.010664260912698603,0.12974493271143817,0.8942655740671888,-41.40737165144728
126,127.0,0.702579976832206,1.594715248566471,0.42877975334366975,0.34053572149906264,0.010664260912698627,0.1297449327114383,0.8942655740671883,-41.407371651447264
127,128.0,0.8333992161712477,0.19503019709774355,0.42877976621863056,0.34053569526078387,0.010664260912698884,0.12974493271143986,0.894265574067186,-41.4073716514471
128,129.0,0.6034609282217852,8.451042306270578,0.428779219637984,0.3405354664268691,0.010664260915852921,0.1297449327306264,0.894265574066715,-41.40737164937679
129,130.0,0.9894647641638677,8.955450948045904,0.42877949378010166,0.3405355966854055,0.010664260913457324,0.12974493271605358,0.8942655740670822,-41.40737165094926
130,131.0,0.3088523481395653,0.7867659791722157,0.42877975211292363,0.34053572404966903,0.010664260912698655,0.12974493271143847,0.8942655740671881,-41.40737165144725
131,132.0,0.5153517080554918,4.354675493818914,0.42877952993562674,0.34053561439840496,0.010664260913262497,0.12974493271486842,0.8942655740671118,-41.40737165107714
132,133.0,0.8571369429730437,9.379537879828728,0.4287793817073293,0.3405355440236788,0.010664260914236673,0.1297449327207945,0.8942655740669653,-41.40737165043769
133,134.0,0.44657292789309744,3.5177591914338984,0.4287795649323693,0.3405356293371848,0.010664260913105364,0.12974493271391255,0.8942655740671331,-41.40737165118028
134,135.0,0.27238318481928225,0.840649832187403,0.4287797540950351,0.34053571977095015,0.010664260912698611,0.12974493271143822,0.8942655740671887,-41.40737165144727
135,136.0,0.4881471808049067,1.745665197036768,0.4287797482823736,0.34053571659237214,0.010664260912699496,0.12974493271144358,0.8942655740671889,-41.407371651446695
136,137.0,0.03206129660103885,7.3824141272515895,0.4287797559099197,0.3405357159837792,0.0106642609126986,0.12974493271143814,0.8942655740671888,-41.40737165144728
137,138.0,0.878102430684868,7.593291464185085,0.4287795178144551,0.3405356088427723,0.010664260913323738,0.12974493271524096,0.894265574067103,-41.40737165103694
138,139.0,0.9085221215609502,2.9520183474576682,0.42877975096345883,0.34053571923988163,0.010664260912698937,0.1297449327114402,0.8942655740671885,-41.40737165144706
139,140.0,0.15659661306723094,4.70588815271882,0.42877975440670624,0.340535719270986,0.010664260912698613,0.12974493271143822,0.8942655740671885,-41.40737165144727
140,141.0,0.501450147550037,4.869671268910488,0.428779454010849,0.34053557798197515,0.010664260913702735,0.12974493271754645,0.8942655740670455,-41.40737165078817
141,142.0,0.7406622135257649,9.967936277360595,0.42877924639346837,0.3405354797921,0.010664260915543865,0.12974493272874638,0.8942655740667648,-41.40737164957965
142,143.0,0.1378171789573055,4.57040682019715,0.4287797543585363,0.3405357192819919,0.010664260912698615,0.12974493271143822,0.8942655740671885,-41.40737165144727
143,144.0,0.46808734545537,1.2065778235514006,0.42877975338012225,0.3405357208632035,0.01066426091269863,0.12974493271143833,0.8942655740671885,-41.40737165144726
144,145.0,0.2305947961436864,0.44446074393815305,0.42877975450552097,0.34053571945546174,0.010664260912698589,0.12974493271143808,0.8942655740671887,-41.40737165144729
145,146.0,0.2761521434198059,8.930725872123134,0.42877975473223373,0.3405357184520185,0.010664260912698604,0.12974493271143817,0.8942655740671887,-41.40737165144728
146,147.0,0.6305506839128235,8.653409599279234,0.42877923334508844,0.3405354731681747,0.010664260915693108,0.12974493272965423,0.8942655740667405,-41.40737164948169
147,148.0,0.4032590727664449,2.4693266397074725,0.4287796629135252,0.3405356770017149,0.010664260912796358,0.12974493271203283,0.894265574067178,-41.407371651383116
148,149.0,0.002990643831800033,8.306339270376183,0.42877975574224186,0.3405357160975894,0.010664260912698616,0.12974493271143822,0.8942655740671887,-41.40737165144727
149,150.0,0.6142053336838816,0.5905411037629481,0.42877975332072366,0.34053572127479115,0.010664260912698637,0.12974493271143836,0.8942655740671884,-41.40737165144725
150,151.0,0.6830281736074651,2.8748509449976614,0.42877973677417675,0.3405357113604319,0.010664260912703359,0.1297449327114671,0.8942655740671888,-41.40737165144416
151,152.0,0.8202815643902206,8.774588424625057,0.42877939554055217,0.3405355513304713,0.010664260914122998,0.12974493272010298,0.894265574066984,-41.40737165051231
152,153.0,0.2862536279184025,2.6254279488655343,0.42877948641053076,0.34053559342345663,0.010664260913499696,0.12974493271631135,0.8942655740670761,-41.40737165092144
153,154.0,0.5553529007676962,3.3992279734999493,0.428779663621666,0.3405356757136207,0.010664260912796339,0.1297449327120327,0.8942655740671772,-41.40737165138312
154,155.0,0.4223181545601645,6.983972326616466,0.4287797542477236,0.34053571916436715,0.010664260912698618,0.12974493271143825,0.8942655740671887,-41.40737165144727
155,156.0,0.6249377924596526,2.5147570865640803,0.4287797403964508,0.34053571444140646,0.010664260912701624,0.12974493271145654,0.8942655740671889,-41.407371651445295
156,157.0,0.8913961302019744,0.017172768275855926,0.4287797446019088,0.34053573712923707,0.010664260912699059,0.12974493271144094,0.8942655740671848,-41.40737165144698
157,158.0,0.5897064363709387,3.2827854650634327,0.4287796893193767,0.34053568976145526,0.010664260912749272,0.1297449327117464,0.8942655740671842,-41.407371651414024
158,159.0,0.7199110248082536,6.1879253087504,0.4287795209526441,0.3405356104921447,0.010664260913307112,0.12974493271513982,0.8942655740671057,-41.40737165104785
159,160.0,0.4653958897128414,0.7742461799100765,0.42877975398136653,0.3405357205022455,0.010664260912698606,0.12974493271143817,0.8942655740671885,-41.40737165144728
160,161.0,0.5124306562410766,6.217940115453381,0.42877931502080546,0.34053551343469957,0.010664260914826623,0.12974493272438326,0.8942655740668777,-41.40737165005045
161,162.0,0.7150818492488469,0.3728173735850039,0.4287797546183565,0.3405357185544583,0.010664260912698616,0.12974493271143822,0.8942655740671887,-41.40737165144727
162,163.0,0.9979898844172289,3.4170741854365687,0.42877975012195424,0.3405357171630624,0.010664260912699158,0.12974493271144152,0.8942655740671889,-41.407371651446915
163,164.0,0.6306054958067682,7.480156605653767,0.42877932995883544,0.3405355197404909,0.010664260914688344,0.12974493272354207,0.894265574066897,-41.407371650141215
164,165.0,0.4669977622372301,5.20815941346872,0.4287793693630333,0.34053553930969355,0.010664260914335224,0.12974493272139398,0.8942655740669527,-41.40737165037301
165,166.0,0.29212273871341,9.915676489630085,0.42877975470407553,0.3405357184834848,0.010664260912698599,0.12974493271143814,0.8942655740671888,-41.40737165144728
166,167.0,0.8624744791104725,3.8205091828140603,0.4287797309709867,0.34053570898463653,0.010664260912706327,0.12974493271148516,0.8942655740671885,-41.40737165144221
167,168.0,0.02033359545886959,7.116162706484934,0.4287797557500639,0.3405357158040301,0.010664260912698616,0.12974493271143822,0.8942655740671888,-41.40737165144727
168,169.0,0.029321603544617325,6.744111978127527,0.4287797559969023,0.34053571546373185,0.010664260912698613,0.12974493271143822,0.8942655740671888,-41.40737165144727
169,170.0,0.8582946559690492,9.889189364441943,0.4287793492531228,0.34053552792259684,0.01066426091451651,0.1297449327224968,0.8942655740669209,-41.40737165025401
170,171.0,0.8750742855584893,6.317309769906442,0.4287796028755298,0.34053564889551446,0.010664260912959031,0.12974493271302237,0.8942655740671559,-41.407371651276335
171,172.0,0.3968348279047307,6.441219842435669,0.4287797543027845,0.3405357195160654,0.010664260912698606,0.12974493271143817,0.8942655740671887,-41.40737165144728
172,173.0,0.5593350778753563,0.6168292616837507,0.42877975482118214,0.34053571809970395,0.010664260912698611,0.12974493271143822,0.8942655740671887,-41.40737165144727
173,174.0,0.11798837647862959,9.403842574151868,0.4287797553021838,0.34053571720516246,0.010664260912698616,0.12974493271143822,0.8942655740671885,-41.40737165144727
174,175.0,0.932095506980911,6.22344750549836,0.42877963315805523,0.34053566396869894,0.010664260912866192,0.12974493271245763,0.8942655740671692,-41.40737165133728
175,176.0,0.052586742941840736,9.375846215174947,0.4287797557474275,0.3405357162857822,0.010664260912698611,0.12974493271143822,0.8942655740671887,-41.40737165144727
176,177.0,0.38588310276439386,0.984506749718232,0.4287797532526389,0.3405357218784241,0.01066426091269862,0.12974493271143825,0.8942655740671884,-41.407371651447264
177,178.0,0.5778978933674757,5.2483331638408215,0.4287794913627149,0.34053559664529137,0.01066426091346854,0.1297449327161218,0.894265574067082,-41.40737165094189
178,179.0,0.3046335101749822,8.476079215986944,0.428779754918612,0.3405357178963452,0.0106642609126986,0.12974493271143814,0.8942655740671888,-41.40737165144728
179,180.0,0.8063222252464496,3.8933300581003274,0.4287797186133217,0.3405357035843124,0.010664260912715074,0.12974493271153836,0.8942655740671879,-41.40737165143646
180,181.0,0.6807800276751865,5.594168272695758,0.42877954362008525,0.34053562147854427,0.010664260913195531,0.12974493271446105,0.8942655740671224,-41.407371651121096
181,182.0,0.4666152789392076,0.6184422937437464,0.42877975418047737,0.34053571944893263,0.010664260912698627,0.1297449327114383,0.8942655740671885,-41.407371651447264
182,183.0,0.8474342594450098,4.287256763315082,0.428779710335094,0.340535699556133,0.01066426091272289,0.1297449327115859,0.8942655740671872,-41.40737165143133
183,184.0,0.2765860254617606,2.689270811721908,0.4287794529471263,0.3405355785142613,0.010664260913706827,0.12974493271757134,0.8942655740670467,-41.407371650785485
184,185.0,0.9334746658656417,0.8051657376023026,0.42878001558751083,0.3405361410404347,0.010664260914367082,0.1297449327215878,0.8942655740657843,-41.40737165035209
185,186.0,0.5671732094526879,0.07934421294812016,0.4287797557017783,0.3405357168796054,0.010664260912698578,0.129744932711438,0.8942655740671888,-41.4073716514473
186,187.0,0.1263003699048567,7.879960761811251,0.42877975492055614,0.34053571810115457,0.010664260912698608,0.1297449327114382,0.8942655740671887,-41.40737165144728
187,188.0,0.9630992983291984,6.43098337904868,0.4287796337491723,0.3405356626653566,0.010664260912866421,0.12974493271245902,0.8942655740671682,-41.40737165133712
188,189.0,0.595790027639877,8.557706149098617,0.4287792025458946,0.3405354578066581,0.010664260916059116,0.12974493273188073,0.8942655740666815,-41.40737164924144
189,190.0,0.4432163757885885,1.6570738003611964,0.42877974543344105,0.34053571680780187,0.010664260912700027,0.12974493271144683,0.8942655740671889,-41.40737165144635
190,191.0,0.33289951416086727,7.785834840603792,0.4287797542471495,0.34053571928149734,0.010664260912698618,0.12974493271143825,0.8942655740671887,-41.40737165144727
191,192.0,0.19879234736063456,3.6403976684396957,0.4287797543972245,0.34053571911662556,0.010664260912698611,0.12974493271143822,0.8942655740671887,-41.40737165144727
192,193.0,0.06824972939541973,8.107820033743204,0.4287797556200112,0.3405357163291517,0.0106642609126986,0.12974493271143814,0.8942655740671889,-41.40737165144728
193,194.0,0.9322487800883547,1.0927581780352975,0.42877975364059395,0.3405357208845381,0.010664260912698618,0.12974493271143825,0.8942655740671884,-41.40737165144727
194,195.0,0.49286022687276665,0.5612090026490171,0.4287797535877355,0.34053571958268186,0.010664260912698655,0.12974493271143847,0.8942655740671887,-41.40737165144725
195,196.0,0.347712052444054,8.396748751083257,0.42877975429182996,0.3405357191579992,0.010664260912698615,0.12974493271143822,0.8942655740671887,-41.40737165144727
196,197.0,0.7790460811164143,9.86395939745867,0.4287792874581996,0.3405354990655567,0.010664260915105965,0.12974493272608253,0.8942655740668316,-41.40737164986709
197,198.0,0.6678919456258666,1.6535394450094738,0.42877975358994014,0.340535720813089,0.010664260912698618,0.12974493271143825,0.8942655740671885,-41.40737165144727
198,199.0,0.793811153539408,3.461022112054488,0.42877973288474613,0.34053570987832993,0.010664260912705247,0.12974493271147858,0.8942655740671887,-41.40737165144292
199,200.0,0.1459536947764648,2.7974715401902475,0.4287797549458962,0.34053571816796274,0.0106642609126986,0.12974493271143814,0.8942655740671887,-41.40737165144728
200,201.0,0.6113505446002007,3.8158061368893943,0.4287796566472575,0.34053567419739483,0.01066426091280957,0.12974493271211318,0.8942655740671763,-41.40737165137444
201,202.0,0.8606806947005013,6.365056057031339,0.4287795929735609,0.3405356434784901,0.010664260912994581,0.12974493271323864,0.8942655740671501,-41.407371651253
202,203.0,0.6179579406042657,0.18823530800818492,0.42877975062309565,0.3405357272505094,0.010664260912698715,0.12974493271143883,0.8942655740671874,-41.40737165144721
203,204.0,0.2555060225910797,0.42184238705479105,0.42877975498157933,0.3405357186666609,0.01066426091269859,0.12974493271143808,0.8942655740671885,-41.407371651447285
204,205.0,0.5230119863505657,2.446405011941944,0.428779723413062,0.34053570614766726,0.010664260912711132,0.12974493271151438,0.8942655740671884,-41.40737165143905
205,206.0,0.5954839728550292,9.820405035641,0.42877975408034424,0.34053571984995346,0.010664260912698611,0.12974493271143822,0.8942655740671887,-41.40737165144727
206,207.0,0.7188362970040871,7.400355033389669,0.4287794193722428,0.34053556169160615,0.01066426091394445,0.12974493271901685,0.8942655740670092,-41.40737165062951
207,208.0,0.2951597228549362,5.036944773445991,0.42877975421322656,0.34053571938320204,0.010664260912698622,0.12974493271143828,0.8942655740671885,-41.407371651447264
208,209.0,0.9921867902809279,4.95869962703126,0.42877971324786907,0.3405356994967578,0.010664260912720581,0.12974493271157186,0.894265574067187,-41.407371651432854
209,210.0,0.7420587902150985,4.59973529712388,0.428779659160096,0.340535674828081,0.01066426091280462,0.12974493271208307,0.8942655740671768,-41.40737165137769
210,211.0,0.7237425372543054,7.588781392116726,0.42877940847843743,0.34053555607315356,0.01066426091402747,0.12974493271952187,0.8942655740669958,-41.40737165057501
211,212.0,0.007492931004904002,2.2449092919812323,0.4287797559976818,0.3405357156911416,0.01066426091269861,0.12974493271143822,0.8942655740671888,-41.40737165144727
212,213.0,0.5371492909818139,4.408162732057706,0.4287795445362011,0.34053562109585184,0.0106642609131929,0.12974493271444504,0.8942655740671219,-41.40737165112282
213,214.0,0.41331843267159774,7.906828135337501,0.4287797545548032,0.3405357190902617,0.010664260912698596,0.1297449327114381,0.8942655740671887,-41.407371651447285
214,215.0,0.49351654168608605,9.243356577158044,0.4287797539361818,0.3405357202378077,0.010664260912698616,0.12974493271143822,0.8942655740671885,-41.40737165144727
215,216.0,0.2455355242260624,1.160196224741046,0.42877972211123544,0.3405357049886202,0.010664260912712307,0.12974493271152152,0.8942655740671881,-41.40737165143828
216,217.0,0.2679836002085244,2.7540123863559582,0.4287794209965919,0.3405355612797989,0.010664260913936234,0.1297449327189669,0.8942655740670084,-41.4073716506349
217,218.0,0.7983310701137,9.218888163016778,0.42877934747072766,0.34053552810343135,0.010664260914528437,0.12974493272256934,0.8942655740669215,-41.407371650246176
218,219.0,0.5443351439949237,0.26832109278291044,0.42877975368322435,0.3405357211204686,0.010664260912698615,0.12974493271143822,0.8942655740671883,-41.40737165144727
219,220.0,0.7426830835960432,1.331815677621272,0.4287797816255129,0.34053573348438165,0.01066426091270471,0.1297449327114753,0.894265574067186,-41.40737165144327
220,221.0,0.1285514201608401,6.5045501124159175,0.4287797548649436,0.34053571816612394,0.010664260912698604,0.12974493271143817,0.8942655740671887,-41.40737165144728
221,222.0,0.308093910655038,2.025502423653954,0.4287796391832569,0.34053566577957806,0.010664260912851458,0.129744932712368,0.8942655740671706,-41.40737165134694
222,223.0,0.5955586353187253,0.8435392061149823,0.428779753216543,0.34053572146964645,0.01066426091269863,0.12974493271143833,0.8942655740671884,-41.40737165144726
223,224.0,0.1334920001351273,6.48501705981817,0.4287797552688149,0.34053571745589417,0.0106642609126986,0.12974493271143814,0.8942655740671887,-41.40737165144728
224,225.0,0.5452649433319102,2.151686135030131,0.4287797420575501,0.3405357146359585,0.010664260912701118,0.12974493271145346,0.8942655740671888,-41.40737165144563
225,226.0,0.022750540754123305,0.706604189646879,0.42877975542241514,0.3405357173588809,0.010664260912698596,0.1297449327114381,0.8942655740671887,-41.407371651447285
226,227.0,0.06479202551822849,0.24483149092614293,0.42877975289555675,0.34053572298194673,0.010664260912698618,0.12974493271143825,0.8942655740671882,-41.40737165144727
227,228.0,0.6962126166312197,1.569186500463546,0.4287797536886831,0.3405357207052048,0.010664260912698625,0.1297449327114383,0.8942655740671884,-41.407371651447264
228,229.0,0.16360849423043022,5.4584613132744915,0.4287797545824411,0.34053571857516324,0.010664260912698627,0.1297449327114383,0.8942655740671885,-41.407371651447264
229,230.0,0.7849527447043343,6.709608570831281,0.4287795238830911,0.3405356117379602,0.01066426091329243,0.1297449327150505,0.8942655740671077,-41.407371651057495
230,231.0,0.5870900702330916,0.7130951227379875,0.4287797545474262,0.3405357189460993,0.010664260912698613,0.12974493271143822,0.8942655740671885,-41.40737165144727
231,232.0,0.03045860379632992,9.45253510513596,0.42877975575028493,0.3405357161217718,0.010664260912698604,0.12974493271143817,0.8942655740671888,-41.40737165144728
232,233.0,0.6839987816662327,5.070639408573071,0.42877959140001853,0.3405356442188317,0.010664260912997952,0.12974493271325915,0.894265574067151,-41.407371651250784
233,234.0,0.8254672462590705,6.490937449382992,0.42877956489733776,0.34053563107620705,0.010664260913102346,0.12974493271389417,0.8942655740671355,-41.40737165118226
234,235.0,0.008943637801274607,3.013796537863163,0.4287797554158492,0.34053571683249173,0.010664260912698597,0.1297449327114381,0.8942655740671889,-41.407371651447285
235,236.0,0.5954214601332668,6.286081110840627,0.42877940424947425,0.3405355539304296,0.010664260914060305,0.12974493271972162,0.8942655740669904,-41.40737165055346
236,237.0,0.38281650392305977,9.674621743676022,0.42877975408743696,0.3405357198133161,0.010664260912698622,0.12974493271143828,0.8942655740671885,-41.407371651447264
237,238.0,0.32590696993252044,0.13169248956113774,0.4287797538941922,0.3405357195227774,0.010664260912698635,0.12974493271143836,0.8942655740671885,-41.40737165144726
238,239.0,0.10569759580567972,6.711788435369759,0.42877975513707167,0.3405357173761669,0.010664260912698604,0.12974493271143817,0.8942655740671888,-41.40737165144728
239,240.0,0.3834773889579248,3.706469441119607,0.42877945641745624,0.3405355799845318,0.010664260913684444,0.1297449327174352,0.8942655740670498,-41.40737165080017
240,241.0,0.43011829580364525,3.264949062502813,0.42877958118154824,0.34053563835749884,0.010664260913037665,0.1297449327135007,0.8942655740671444,-41.40737165122472
241,242.0,0.9666488761822215,3.4605919043117623,0.42877974803060953,0.3405357170628729,0.010664260912699496,0.12974493271144358,0.8942655740671889,-41.407371651446695
242,243.0,0.5458926289982166,1.0449268916254375,0.42877985362066057,0.3405357511423369,0.010664260912784385,0.12974493271195997,0.8942655740671783,-41.407371651390974
243,244.0,0.8934247283540376,5.3922675919359495,0.42877966700421183,0.34053567937849344,0.01066426091278773,0.12974493271198032,0.8942655740671793,-41.40737165138877
244,245.0,0.6751870486628235,5.042918790727482,0.4287795884476762,0.34053564189353014,0.010664260913010154,0.12974493271333337,0.8942655740671485,-41.407371651242784
245,246.0,0.8428852240627677,4.249846825545679,0.42877971091822537,0.3405356995201554,0.010664260912722441,0.1297449327115832,0.894265574067187,-41.40737165143163
246,247.0,0.8503624863733172,1.8558988498445483,0.4287803150027416,0.3405358390610212,0.010664260915362274,0.1297449327276417,0.8942655740670687,-41.40737164969885
247,248.0,0.058488137860764455,9.19004853786056,0.42877975560092774,0.34053571608046135,0.010664260912698613,0.12974493271143822,0.8942655740671889,-41.40737165144727
248,249.0,0.5051391914134356,5.283261943343482,0.42877940954005744,0.3405355576646682,0.010664260914015863,0.12974493271945128,0.8942655740669996,-41.40737165058263
249,250.0,0.03466955006920369,5.821949138383394,0.42877975565693394,0.3405357163059928,0.010664260912698608,0.1297449327114382,0.8942655740671888,-41.40737165144728
250,251.0,0.4281859505068132,9.75847901867556,0.42877975437187255,0.3405357192614536,0.010664260912698606,0.12974493271143817,0.8942655740671887,-41.40737165144728
251,252.0,0.3233706175769049,3.6376358003373825,0.42877936389327886,0.34053553688670946,0.010664260914381107,0.12974493272167312,0.8942655740669461,-41.40737165034288
252,253.0,0.2271314523370972,5.443604810904124,0.4287797543389223,0.34053571930464566,0.010664260912698608,0.1297449327114382,0.8942655740671887,-41.40737165144728
253,254.0,0.13995340567865877,8.787731902550144,0.4287797556343208,0.3405357164410666,0.010664260912698596,0.1297449327114381,0.8942655740671889,-41.407371651447285
254,255.0,0.11606941364028611,7.243487427753245,0.4287797550304192,0.3405357175198459,0.010664260912698604,0.12974493271143817,0.8942655740671888,-41.40737165144728
255,256.0,0.23023733967994997,5.2555111572303375,0.4287797545247438,0.3405357186444689,0.010664260912698608,0.1297449327114382,0.8942655740671888,-41.40737165144728
256,257.0,0.2328018909042271,8.31069591076935,0.42877975464555296,0.34053571855787684,0.010664260912698603,0.12974493271143817,0.8942655740671888,-41.40737165144728
257,258.0,0.65989547191157,1.5007283759804222,0.4287797536699111,0.3405357206082522,0.010664260912698622,0.12974493271143828,0.8942655740671885,-41.407371651447264
258,259.0,0.8190472700098753,1.6169576749978933,0.4287799146111495,0.3405357658264813,0.010664260912923459,0.129744932712806,0.8942655740671682,-41.407371651299684
259,260.0,0.5837739819848659,2.698934376996632,0.42877972490155897,0.34053570750638784,0.010664260912709861,0.12974493271150664,0.8942655740671885,-41.40737165143989
260,261.0,0.30510292023589525,7.745331727165421,0.4287797543290529,0.34053571909263736,0.010664260912698623,0.12974493271143828,0.8942655740671885,-41.407371651447264
261,262.0,0.5179569218636502,6.539908702089238,0.4287792890793539,0.34053550014798695,0.010664260915088026,0.12974493272597343,0.8942655740668352,-41.40737164987887
262,263.0,0.3643262316729977,0.6887791100946749,0.42877975385232764,0.34053572024728274,0.01066426091269862,0.12974493271143825,0.8942655740671885,-41.407371651447264
263,264.0,0.5973694621257584,3.5528976768560048,0.42877967228251834,0.3405356797027053,0.010664260912779352,0.12974493271192936,0.8942655740671797,-41.40737165139428
264,265.0,0.6957039826424529,6.525160695614573,0.42877947380410686,0.34053558777120124,0.010664260913575032,0.1297449327167696,0.8942655740670653,-41.407371650871994
265,266.0,0.7186971665839806,8.265565830460309,0.4287793503406035,0.34053552897677364,0.01066426091450478,0.12974493272242543,0.8942655740669239,-41.4073716502617
266,267.0,0.3205216037978008,7.7457997470235895,0.4287797549047292,0.3405357179962249,0.010664260912698615,0.12974493271143822,0.8942655740671887,-41.40737165144727
267,268.0,0.27846830492702723,8.790312491756044,0.42877975495225684,0.3405357179206446,0.010664260912698618,0.12974493271143825,0.8942655740671885,-41.40737165144727
268,269.0,0.20398001014799383,9.411942398120248,0.4287797546188007,0.3405357186784619,0.010664260912698604,0.12974493271143817,0.8942655740671887,-41.40737165144728
269,270.0,0.7970917818110197,4.403266398014516,0.42877969124387577,0.3405356905264367,0.010664260912746549,0.12974493271172982,0.8942655740671843,-41.40737165141581
270,271.0,0.37745452486267494,5.319844796461491,0.4287792153129609,0.3405354643003513,0.010664260915904193,0.1297449327309383,0.8942655740667069,-41.40737164934313
271,272.0,0.8780907324459232,6.6452454550824855,0.428779582142381,0.34053564021303473,0.010664260913031702,0.12974493271346446,0.8942655740671464,-41.40737165122864
272,273.0,0.6555281916959078,7.092563009336452,0.4287793888099785,0.340535547728296,0.010664260914177933,0.12974493272043716,0.8942655740669748,-41.40737165047625
273,274.0,0.914253416488443,1.936945926692289,0.4287801558620863,0.34053581533966293,0.010664260914089323,0.12974493271989812,0.8942655740671099,-41.407371650534415
274,275.0,0.09368559744995353,5.122638356711803,0.42877975502004617,0.34053571785186715,0.010664260912698618,0.12974493271143825,0.8942655740671885,-41.40737165144727
275,276.0,0.8717440549946053,5.724279674807541,0.4287796395678693,0.3405356662486993,0.010664260912850143,0.12974493271236,0.894265574067171,-41.40737165134781
276,277.0,0.8293714765308804,6.538530656575811,0.42877956430657194,0.340535629544247,0.010664260913107093,0.12974493271392307,0.8942655740671334,-41.40737165117915
277,278.0,0.6488282995005867,5.020031581575152,0.4287795729268017,0.3405356337757887,0.010664260913071271,0.12974493271370516,0.894265574067139,-41.40737165120266
278,279.0,0.17530638125033893,2.6227375104041695,0.42877975444265937,0.34053571915000463,0.0106642609126986,0.12974493271143814,0.8942655740671887,-41.40737165144728
279,280.0,0.9596238864572467,5.411452101852952,0.4287796860154734,0.3405356882719355,0.010664260912754263,0.12974493271177676,0.8942655740671835,-41.40737165141074
280,281.0,0.5390483560486619,6.242685058452143,0.42877934577743687,0.34053552699829376,0.010664260914544752,0.12974493272266857,0.8942655740669184,-41.40737165023547
281,282.0,0.5088340991064331,3.0944467075304716,0.42877966476733,0.3405356780688043,0.010664260912792416,0.12974493271200885,0.8942655740671785,-41.4073716513857
282,283.0,0.9356711652832267,0.1859497145075266,0.4287797689312366,0.3405356907573817,0.010664260912698993,0.12974493271144052,0.8942655740671845,-41.40737165144702
283,284.0,0.2284503695009601,1.9730405502790236,0.4287795187055382,0.34053560872462174,0.010664260913320312,0.1297449327152201,0.8942655740671028,-41.40737165103919
284,285.0,0.03378842895447509,9.961000651790798,0.428779755668914,0.34053571621051043,0.010664260912698594,0.12974493271143808,0.894265574067189,-41.407371651447285
285,286.0,0.0196202331056331,7.567427969747965,0.42877975611466645,0.34053571535189847,0.010664260912698606,0.12974493271143817,0.8942655740671888,-41.40737165144728
286,287.0,0.5204796173206941,1.669844621195471,0.4287797512809723,0.3405357192825276,0.010664260912698885,0.12974493271143986,0.8942655740671887,-41.40737165144709
287,288.0,0.770780193788824,5.091689085877657,0.4287796371371784,0.34053566552469305,0.010664260912855984,0.1297449327123955,0.8942655740671703,-41.40737165134397
288,289.0,0.49811170559839923,3.978712060511053,0.4287795576640238,0.3405356273487605,0.010664260913133819,0.12974493271408566,0.8942655740671304,-41.407371651161604
289,290.0,0.4089333621663168,1.4386327681576276,0.4287797481627015,0.34053571873067695,0.010664260912699352,0.12974493271144272,0.8942655740671887,-41.40737165144679
290,291.0,0.013912511028014385,1.2171690904941364,0.4287797567912971,0.34053571421109097,0.010664260912698597,0.1297449327114381,0.8942655740671888,-41.407371651447285
291,292.0,0.7718728844666948,0.6215723053033699,0.42877975357703463,0.34053572069638405,0.01066426091269863,0.12974493271143833,0.8942655740671884,-41.40737165144726
292,293.0,0.9158555084789279,6.491608209217858,0.42877961031946693,0.34053565247741324,0.01066426091293451,0.1297449327128732,0.8942655740671592,-41.40737165129243
293,294.0,0.011939141836908473,5.830851021378981,0.4287797561260899,0.3405357151374967,0.010664260912698615,0.12974493271143822,0.8942655740671888,-41.40737165144727
294,295.0,0.7267315161564873,6.820031457443491,0.428779473301004,0.340535587790904,0.010664260913577459,0.12974493271678436,0.8942655740670653,-41.407371650870395
295,296.0,0.22541426585504443,6.553043497402277,0.4287797546715068,0.34053571867922683,0.010664260912698596,0.1297449327114381,0.8942655740671888,-41.407371651447285
296,297.0,0.8723299962349689,0.7190779101762427,0.4287797529884896,0.3405357221584797,0.010664260912698634,0.12974493271143836,0.8942655740671883,-41.40737165144726
297,298.0,0.44706562617926726,8.371377154935212,0.42877975408229696,0.3405357196743634,0.010664260912698615,0.12974493271143822,0.8942655740671885,-41.40737165144727
298,299.0,0.49948715209311134,6.622575511510804,0.4287792567925879,0.34053548346469226,0.010664260915435188,0.12974493272808527,0.894265574066778,-41.40737164965099
299,300.0,0.7347575304033536,2.467534587513661,0.42877975046835076,0.34053571815384664,0.010664260912699057,0.12974493271144094,0.8942655740671887,-41.40737165144698
300,301.0,0.7136756957563821,8.253647874036062,0.4287793462084209,0.3405355283455342,0.010664260914536492,0.12974493272261833,0.8942655740669222,-41.40737165024089
301,302.0,7.084906051557649e-05,9.317405615812108,0.4287797559697385,0.3405357153176095,0.010664260912698622,0.12974493271143828,0.8942655740671888,-41.407371651447264
302,303.0,0.33130398355874613,2.8410739617106033,0.4287795219995085,0.34053561106109,0.010664260913301589,0.1297449327151062,0.8942655740671065,-41.407371651051484
303,304.0,0.13724679791355832,7.5473136669550005,0.4287797549939652,0.340535717817914,0.010664260912698608,0.1297449327114382,0.8942655740671888,-41.40737165144728
304,305.0,0.5483008041935066,7.6626609518211275,0.4287792215019824,0.34053546622710473,0.010664260915836549,0.12974493273052679,0.8942655740667144,-41.407371649387535
305,306.0,0.40347865195349364,3.9237181287428022,0.4287794526541952,0.3405355788577451,0.010664260913707393,0.1297449327175748,0.8942655740670473,-41.40737165078511
306,307.0,0.9338664223156319,0.7765050268056789,0.42877975286419046,0.3405357226560616,0.010664260912698637,0.12974493271143836,0.8942655740671882,-41.40737165144725
307,308.0,0.0391781311889291,7.980752595167475,0.4287797556554704,0.3405357162161423,0.010664260912698604,0.12974493271143817,0.8942655740671888,-41.40737165144728
308,309.0,0.04612039618957331,8.746760667475764,0.42877975572086063,0.34053571604877575,0.010664260912698615,0.12974493271143822,0.8942655740671888,-41.40737165144727
309,310.0,0.21338045595661415,3.781793483805906,0.4287797541059985,0.34053571988820996,0.010664260912698613,0.12974493271143822,0.8942655740671885,-41.40737165144727
310,311.0,0.780161596839558,3.7635371946082814,0.42877971874975773,0.3405357037022429,0.010664260912714935,0.1297449327115375,0.8942655740671879,-41.40737165143656
311,312.0,0.6854631795782398,7.033549108612373,0.4287794211441283,0.3405355630634255,0.010664260913929746,0.12974493271892742,0.8942655740670126,-41.40737165063916
312,313.0,0.6596229837870764,2.0745615715951184,0.4287797517306588,0.340535719555929,0.010664260912698823,0.1297449327114395,0.8942655740671887,-41.407371651447136
313,314.0,0.6280548028578578,3.8577061481483024,0.42877966230136877,0.3405356755095546,0.010664260912798706,0.1297449327120471,0.8942655740671771,-41.40737165138157
314,315.0,0.797529875095072,6.4132309295515455,0.42877955441878124,0.3405356261810303,0.010664260913147348,0.12974493271416795,0.8942655740671289,-41.40737165115272
315,316.0,0.9478630977341679,0.6907503818610692,0.428779753779362,0.34053571935757804,0.01066426091269865,0.12974493271143844,0.8942655740671887,-41.40737165144725
316,317.0,0.7473564329448834,2.5973412427855482,0.42877974885656656,0.34053571803861094,0.0106642609126993,0.1297449327114424,0.8942655740671887,-41.407371651446816
317,318.0,0.5121388362737173,0.29369940798648214,0.42877975612877833,0.3405357151438149,0.010664260912698603,0.12974493271143817,0.8942655740671889,-41.40737165144728
318,319.0,0.06974158237904626,0.19924015162833147,0.4287797542692352,0.34053571852400766,0.010664260912698639,0.12974493271143836,0.8942655740671887,-41.40737165144725
319,320.0,0.33665511195656794,4.97060087766932,0.42877918363374495,0.3405354486840987,0.010664260916292644,0.12974493273330132,0.8942655740666448,-41.407371649088155
320,321.0,0.9250986830877519,2.04863610516444,0.42877975357585535,0.3405357207486686,0.010664260912698613,0.12974493271143822,0.8942655740671885,-41.40737165144727
321,322.0,0.2830310026007202,5.489404305078026,0.428779754444768,0.34053571919546977,0.010664260912698603,0.12974493271143817,0.8942655740671887,-41.40737165144728
322,323.0,0.9616283892326766,8.675165972717512,0.42877949572882595,0.3405355971994474,0.01066426091344718,0.12974493271599188,0.894265574067083,-41.40737165095591
323,324.0,0.4380672957603743,4.493172743903035,0.4287794215429011,0.3405355627147305,0.010664260913928535,0.12974493271892004,0.8942655740670116,-41.40737165063996
324,325.0,0.398314426151519,1.3957542909236484,0.428779748859339,0.340535717645468,0.010664260912699326,0.12974493271144255,0.8942655740671887,-41.40737165144681
325,326.0,0.9688038700465329,1.600126792710191,0.42877975453640327,0.3405357240712333,0.010664260912698542,0.1297449327114378,0.8942655740671879,-41.40737165144732
326,327.0,0.08387235054475362,2.7801436334251814,0.4287797546955084,0.3405357183599285,0.010664260912698613,0.12974493271143822,0.8942655740671887,-41.40737165144727
327,328.0,0.6182835659060851,5.433654330508967,0.42877950964250416,0.34053560397572524,0.01066426091336942,0.12974493271551885,0.8942655740670948,-41.407371651006954
328,329.0,0.21104294912917776,6.8087040365454135,0.4287797548689653,0.34053571827161155,0.010664260912698594,0.12974493271143808,0.8942655740671888,-41.407371651447285
329,330.0,0.40637384798405685,5.1578132392541045,0.4287792857646865,0.340535498180607,0.010664260915123704,0.12974493272619045,0.8942655740668286,-41.40737164985544
330,331.0,0.4010450806549519,7.48545427589433,0.42877975431255777,0.34053571941343064,0.010664260912698616,0.12974493271143822,0.8942655740671885,-41.40737165144727
331,332.0,0.366912110245579,7.354907700587895,0.4287797545244423,0.3405357189080951,0.010664260912698608,0.1297449327114382,0.8942655740671887,-41.40737165144728
332,333.0,0.8861833376647708,8.956992857053178,0.42877943007970726,0.34053556756154624,0.01066426091386439,0.12974493271852983,0.8942655740670228,-41.40737165068206
333,334.0,0.7923132518664535,4.112162527811529,0.4287797052441831,0.34053569672889333,0.010664260912728625,0.1297449327116208,0.8942655740671864,-41.40737165142757
334,335.0,0.2425423007221046,8.451433910013046,0.4287797548618736,0.34053571804093846,0.010664260912698603,0.12974493271143817,0.8942655740671888,-41.40737165144728
335,336.0,0.28740041425408924,0.3290383930988725,0.42877975375584876,0.3405357198472081,0.010664260912698639,0.12974493271143836,0.8942655740671885,-41.40737165144725
336,337.0,0.8750973890737234,1.9307073208665309,0.4287803815896461,0.3405358531677287,0.010664260916037664,0.12974493273175022,0.8942655740670402,-41.40737164925552
337,338.0,0.9319023063569015,2.709732956877318,0.4287797530767404,0.34053571962754386,0.010664260912698701,0.12974493271143875,0.8942655740671885,-41.407371651447214
338,339.0,0.7710349360776126,0.9703669046403688,0.42877975339348395,0.34053572133169374,0.010664260912698625,0.1297449327114383,0.8942655740671884,-41.407371651447264
339,340.0,0.4367211939261407,1.3530824703563147,0.4287797521084964,0.34053571930858517,0.010664260912698809,0.12974493271143941,0.8942655740671885,-41.40737165144714
340,341.0,0.47836898347078327,1.874797534407582,0.42877974304145244,0.34053571391125353,0.010664260912700944,0.1297449327114524,0.8942655740671889,-41.40737165144574
341,342.0,0.698141318686181,4.216521595054766,0.4287796669784194,0.34053567883941843,0.010664260912788224,0.12974493271198334,0.894265574067179,-41.40737165138845
342,343.0,0.9283640579275909,1.4596050010078956,0.4287797545927579,0.3405357169897093,0.010664260912698674,0.12974493271143858,0.8942655740671887,-41.407371651447235
343,344.0,0.904486736165745,2.1560901227317273,0.4287797539084848,0.34053572031848495,0.010664260912698613,0.12974493271143822,0.8942655740671885,-41.40737165144727
344,345.0,0.14018073477477277,8.794856700489179,0.42877975505748256,0.3405357176566254,0.010664260912698615,0.12974493271143822,0.8942655740671887,-41.40737165144727
345,346.0,0.6290724999699839,9.40016100868311,0.42877975405558055,0.3405357200299883,0.010664260912698608,0.1297449327114382,0.8942655740671885,-41.40737165144728
346,347.0,0.1429824557815843,1.057281617043315,0.4287797533857351,0.34053572104677243,0.010664260912698623,0.12974493271143828,0.8942655740671885,-41.407371651447264
347,348.0,0.02952195822488557,8.727452483765793,0.42877975591861245,0.34053571589473236,0.0106642609126986,0.12974493271143814,0.8942655740671888,-41.40737165144728
348,349.0,0.5995013906006922,6.505802857246794,0.4287793870821416,0.34053554591194846,0.010664260914195292,0.12974493272054277,0.8942655740669702,-41.40737165046485
349,350.0,0.4453738660345671,9.708264275384632,0.4287797545938909,0.3405357188371627,0.010664260912698606,0.12974493271143817,0.8942655740671887,-41.40737165144728
350,351.0,0.05806409080887198,5.570697957190682,0.42877975593136264,0.3405357160292604,0.01066426091269859,0.12974493271143808,0.8942655740671888,-41.407371651447285
351,352.0,0.7252730073903508,4.7301080919666925,0.4287796420641176,0.3405356668275508,0.010664260912844451,0.12974493271232537,0.8942655740671714,-41.407371651351546
352,353.0,0.621274100816072,9.942477849231462,0.42877975377749505,0.34053572057467296,0.010664260912698608,0.1297449327114382,0.8942655740671885,-41.40737165144728
353,354.0,0.622693861973518,3.339347572351091,0.4287796984433052,0.3405356932165818,0.010664260912737077,0.1297449327116722,0.8942655740671854,-41.407371651422025
354,355.0,0.5257973283402322,5.756206112391395,0.428779381336695,0.34053554440501305,0.010664260914237743,0.129744932720801,0.8942655740669663,-41.407371650436986
355,356.0,0.08004372381001568,2.8170744042294817,0.42877975519486894,0.34053571754583495,0.010664260912698599,0.12974493271143814,0.8942655740671888,-41.40737165144728
356,357.0,0.8013748749779127,8.359881529661658,0.4287794113204871,0.34053555831360377,0.010664260914003038,0.12974493271937326,0.8942655740670012,-41.40737165059105
357,358.0,0.8693550524825948,0.5454074719139983,0.4287797529854266,0.3405357221092661,0.010664260912698639,0.12974493271143836,0.8942655740671883,-41.40737165144725
358,359.0,0.0073852502748698035,6.838760133075212,0.4287797565467251,0.34053571456144305,0.010664260912698608,0.1297449327114382,0.8942655740671888,-41.40737165144728
359,360.0,0.8214678988102423,0.21778441246782765,0.4287797489079489,0.34053572006443467,0.01066426091269916,0.12974493271144152,0.8942655740671884,-41.40737165144691
360,361.0,0.3075030446965178,1.7603862075070553,0.4287796824935928,0.34053568550917823,0.010664260912760645,0.12974493271181556,0.8942655740671824,-41.40737165140656
361,362.0,0.193290801980461,5.001601513568585,0.4287797550090595,0.3405357178459876,0.010664260912698608,0.1297449327114382,0.8942655740671887,-41.40737165144728
362,363.0,0.6639060592134001,4.013717516575397,0.4287796669536857,0.3405356782564487,0.010664260912788756,0.12974493271198656,0.8942655740671788,-41.407371651388104
363,364.0,0.3797308980373345,9.834053993232535,0.4287797545064685,0.3405357190256215,0.010664260912698592,0.12974493271143808,0.8942655740671888,-41.407371651447285
364,365.0,0.8571729730172879,4.349586997451957,0.42877970943284366,0.3405356999276389,0.010664260912723485,0.12974493271158952,0.8942655740671871,-41.40737165143094
365,366.0,0.7984283236196319,1.3127584617804575,0.428779755426913,0.34053572116210457,0.01066426091269851,0.1297449327114376,0.8942655740671884,-41.40737165144734
366,367.0,0.13949420500093757,1.4322720475999193,0.4287794208930624,0.3405355626699981,0.010664260913932463,0.12974493271894394,0.8942655740670116,-41.40737165063737
367,368.0,0.30575910944600604,1.8697010072090794,0.42877966328827855,0.3405356766924796,0.010664260912796014,0.12974493271203072,0.8942655740671779,-41.40737165138334
368,369.0,0.3502031043256757,0.028118362004495967,0.42877975398159496,0.340535720072731,0.010664260912698618,0.12974493271143825,0.8942655740671885,-41.40737165144727
369,370.0,0.5188732148171732,9.082434837939223,0.42877975418872366,0.34053571952625,0.010664260912698606,0.12974493271143817,0.8942655740671887,-41.40737165144728
370,371.0,0.26954802330151906,7.924455501091881,0.4287797547511312,0.34053571855406295,0.01066426091269861,0.12974493271143822,0.8942655740671885,-41.40737165144727
371,372.0,0.8262412762975236,0.006829772414618421,0.42877975500468846,0.34053571848917774,0.010664260912698589,0.12974493271143808,0.8942655740671887,-41.40737165144729
372,373.0,0.14149552597077464,8.188853300498756,0.42877975522070727,0.34053571721691356,0.0106642609126986,0.12974493271143814,0.8942655740671888,-41.40737165144728
373,374.0,0.1576208852754195,9.592969617971638,0.42877975583785355,0.3405357161603074,0.0106642609126986,0.12974493271143814,0.8942655740671888,-41.40737165144728
374,375.0,0.9310148569722335,0.5763811124580115,0.42877975570373045,0.34053571627420687,0.010664260912698615,0.12974493271143822,0.8942655740671887,-41.40737165144727
375,376.0,0.9207795436368273,4.8943440253225505,0.4287797002990026,0.34053569410277507,0.010664260912734718,0.12974493271165785,0.8942655740671857,-41.407371651423574
376,377.0,0.09839383130837287,5.633074139769729,0.42877975499803844,0.34053571779539504,0.010664260912698615,0.12974493271143822,0.8942655740671887,-41.40737165144727
377,378.0,0.22003340990624543,6.144309108557676,0.4287797546994982,0.3405357187411147,0.010664260912698594,0.12974493271143808,0.8942655740671888,-41.407371651447285
378,379.0,0.46173821108791924,3.198037457028446,0.4287796196490914,0.34053565693697957,0.010664260912905489,0.1297449327126967,0.8942655740671634,-41.40737165131148
379,380.0,0.3288638447792319,1.5270586696236608,0.42877972481897786,0.340535706222889,0.010664260912710298,0.1297449327115093,0.8942655740671883,-41.4073716514396
380,381.0,0.8239650451763547,1.4517123074993512,0.42877977323191496,0.34053572753820815,0.010664260912700809,0.1297449327114516,0.8942655740671874,-41.40737165144583
381,382.0,0.21120104258727346,5.5202950358099,0.42877975470343543,0.34053571868409893,0.0106642609126986,0.12974493271143814,0.8942655740671887,-41.40737165144728
382,383.0,0.8755988291036177,5.659821993720845,0.4287796451409859,0.3405356682812007,0.010664260912836813,0.1297449327122789,0.8942655740671723,-41.407371651356556
383,384.0,0.9080964257833429,1.9137924956651318,0.4287801310719235,0.34053581196160865,0.01066426091392893,0.12974493271892246,0.8942655740671153,-41.407371650639696
384,385.0,0.8521158454736477,8.812251350134613,0.4287794167062371,0.3405355604620685,0.01066426091396406,0.12974493271913615,0.8942655740670062,-41.40737165061663
385,386.0,0.3037594919065051,9.354185296039725,0.4287797547952937,0.34053571816991335,0.010664260912698608,0.1297449327114382,0.8942655740671888,-41.40737165144728
386,387.0,0.8143305262747405,7.830559593716273,0.42877945975795917,0.34053558048184834,0.010664260913665709,0.1297449327173212,0.8942655740670508,-41.40737165081247
387,388.0,0.2492296728322374,1.2698994332869071,0.42877970909899804,0.34053569843391873,0.01066426091272443,0.12974493271159526,0.8942655740671868,-41.407371651430324
388,389.0,0.6009316909890666,4.683581963053196,0.428779569349934,0.34053563249725355,0.010664260913085116,0.12974493271378937,0.8942655740671371,-41.40737165119357
389,390.0,0.9719629938443002,7.971085588423699,0.42877954526096834,0.34053562071416815,0.010664260913190978,0.12974493271443335,0.8942655740671214,-41.40737165112409
390,391.0,0.250680910318711,7.002881162410846,0.4287797546829382,0.34053571850619646,0.010664260912698615,0.12974493271143822,0.8942655740671887,-41.40737165144727
391,392.0,0.6167436460676116,6.01905643430368,0.42877945087423125,0.3405355771293677,0.010664260913721753,0.12974493271766216,0.8942655740670438,-41.40737165077569
392,393.0,0.21297625109961216,7.432033004689836,0.4287797549013313,0.34053571789749265,0.010664260912698599,0.12974493271143814,0.8942655740671888,-41.40737165144728
393,394.0,0.27522790542196074,2.1583304707737923,0.42877956670946765,0.3405356307818351,0.010664260913096843,0.12974493271386073,0.894265574067135,-41.407371651185876
394,395.0,0.9606606517570013,9.13231629782056,0.4287794655794551,0.3405355852970943,0.010664260913622672,0.12974493271705942,0.8942655740670606,-41.40737165084072
395,396.0,0.024195757056602485,4.659834832936462,0.4287797557841456,0.34053571615459605,0.010664260912698597,0.1297449327114381,0.8942655740671889,-41.407371651447285
396,397.0,0.36172097879367926,3.9235092823299467,0.4287793873217181,0.34053554667635266,0.010664260914191094,0.12974493272051724,0.8942655740669722,-41.40737165046761
397,398.0,0.6108663762162806,0.3523398085902726,0.4287797535274945,0.34053572045008584,0.010664260912698635,0.12974493271143836,0.8942655740671885,-41.40737165144726
398,399.0,0.0006127214539137782,9.402554973215501,0.4287797557502991,0.3405357158454384,0.01066426091269862,0.12974493271143825,0.8942655740671888,-41.407371651447264
399,400.0,0.06208906163408057,1.7635855491208001,0.42877975478601127,0.3405357184739702,0.010664260912698597,0.1297449327114381,0.8942655740671888,-41.407371651447285
400,401.0,0.4475364367727924,6.1621350072559675,0.42877923102098764,0.340535471981232,0.010664260915720128,0.1297449327298186,0.8942655740667361,-41.407371649463954
401,402.0,0.5764518405417564,6.511413807724734,0.4287793616283024,0.3405355344148565,0.010664260914405721,0.12974493272182283,0.8942655740669394,-41.40737165032673
402,403.0,0.19274015231946717,6.4630970145301,0.4287797547256856,0.3405357183306099,0.010664260912698599,0.12974493271143814,0.8942655740671888,-41.40737165144728
403,404.0,0.18362669026771838,3.803296706198388,0.4287797547530846,0.34053571862763665,0.010664260912698599,0.12974493271143814,0.8942655740671887,-41.40737165144728
404,405.0,0.9052379797599251,8.95038969948401,0.4287794429145732,0.3405355742667785,0.010664260913772898,0.12974493271797327,0.8942655740670377,-41.407371650742114
405,406.0,0.2478419196630507,2.7001794765580196,0.42877938418339095,0.3405355460607708,0.010664260914213453,0.12974493272065324,0.8942655740669706,-41.40737165045294
406,407.0,0.2692175807319178,4.237150355960172,0.42877975454386147,0.34053571909404057,0.01066426091269859,0.12974493271143808,0.8942655740671888,-41.407371651447285
407,408.0,0.8637538389915197,0.1828581546167238,0.4287797501972922,0.34053573354643224,0.01066426091269873,0.12974493271143892,0.894265574067186,-41.4073716514472
408,409.0,0.22938383012050056,6.947877811974383,0.42877975458188966,0.3405357187752036,0.010664260912698611,0.12974493271143822,0.8942655740671887,-41.40737165144727
409,410.0,0.5212757974076018,2.3160233968421227,0.42877973033764016,0.34053570949650747,0.010664260912706511,0.12974493271148627,0.8942655740671885,-41.407371651442084
410,411.0,0.5345013045065693,8.139981450587342,0.42877975420061454,0.3405357196099465,0.010664260912698596,0.1297449327114381,0.8942655740671888,-41.407371651447285
411,412.0,0.8571968786294508,8.960305140736288,0.4287794100695684,0.3405355574369242,0.010664260914013408,0.12974493271943632,0.8942655740669991,-41.407371650584246
412,413.0,0.6556203978075167,5.771074635716935,0.4287795083335633,0.34053560454603743,0.01066426091337373,0.12974493271554505,0.894265574067096,-41.40737165100413
413,414.0,0.1688732421900686,5.469457842198686,0.42877975499153453,0.34053571785764886,0.010664260912698592,0.12974493271143808,0.8942655740671889,-41.407371651447285
414,415.0,0.8446688286280521,8.233763137555556,0.4287794515262577,0.34053557712042076,0.010664260913718332,0.12974493271764131,0.8942655740670437,-41.40737165077793
415,416.0,0.5504048675509658,6.701414043062731,0.42877931280626796,0.34053551233553986,0.010664260914848197,0.1297449327245145,0.8942655740668743,-41.40737165003628
416,417.0,0.9391744168490024,4.004080607358162,0.4287797353189592,0.34053571093306156,0.010664260912704008,0.12974493271147103,0.8942655740671888,-41.407371651443725
417,418.0,0.6395783717741966,6.880162860326882,0.42877939267747933,0.34053554847688905,0.010664260914150752,0.12974493272027182,0.8942655740669768,-41.40737165049409
418,419.0,0.22153640901817828,3.9597942483167317,0.42877975430486504,0.3405357194543856,0.01066426091269861,0.12974493271143822,0.8942655740671885,-41.40737165144727
419,420.0,0.024971188928399224,5.041711131710688,0.4287797558674187,0.3405357158176007,0.010664260912698611,0.12974493271143822,0.8942655740671888,-41.40737165144727
420,421.0,0.27676730187070653,9.981274544788555,0.4287797549078031,0.34053571815081546,0.01066426091269861,0.12974493271143822,0.8942655740671887,-41.40737165144727
421,422.0,0.7828222548027888,1.3856346673807904,0.4287797760813919,0.340535726932479,0.01066426091270148,0.12974493271145568,0.8942655740671875,-41.40737165144539
422,423.0,0.22752522053940705,2.5567934841273767,0.42877936497366165,0.3405355362377214,0.010664260914376146,0.12974493272164292,0.8942655740669442,-41.40737165034614
423,424.0,0.8972189031345852,2.5103127854446785,0.42877975315696026,0.3405357204654001,0.010664260912698677,0.1297449327114386,0.8942655740671884,-41.40737165144723
424,425.0,0.7529486889435479,6.416673376853464,0.4287795253547658,0.34053561256951326,0.010664260913284682,0.1297449327150034,0.894265574067109,-41.407371651062576
425,426.0,0.657066594831307,7.2113682059264725,0.4287793794443466,0.34053554420637805,0.010664260914250795,0.1297449327208804,0.8942655740669658,-41.407371650428416
426,427.0,0.9004955494066836,0.17771230292209042,0.42877976085557806,0.3405357082762217,0.010664260912698547,0.1297449327114378,0.8942655740671887,-41.40737165144731
427,428.0,0.11142632318885803,4.908382246452264,0.4287797550895964,0.3405357175563452,0.01066426091269861,0.12974493271143822,0.8942655740671887,-41.40737165144727
428,429.0,0.06216514772270376,9.408003262567984,0.4287797556201627,0.34053571603595556,0.010664260912698623,0.12974493271143828,0.8942655740671888,-41.407371651447264
429,430.0,0.841134708019133,5.16944438468116,0.4287796617628261,0.3405356760697226,0.010664260912799097,0.12974493271204948,0.8942655740671774,-41.40737165138131
430,431.0,0.14051704764216222,5.646237644535368,0.42877975494832216,0.340535718179471,0.010664260912698597,0.1297449327114381,0.8942655740671888,-41.407371651447285
431,432.0,0.10396582601375826,8.865241838883373,0.4287797553176882,0.3405357167209931,0.010664260912698615,0.12974493271143822,0.8942655740671888,-41.40737165144727
432,433.0,0.43446003841247216,0.7262620401824212,0.4287797550557885,0.34053571835527213,0.010664260912698597,0.1297449327114381,0.8942655740671885,-41.407371651447285
433,434.0,0.3621307145477458,3.540279316409809,0.428779449956055,0.3405355765680797,0.010664260913728258,0.1297449327177017,0.8942655740670427,-41.40737165077141
434,435.0,0.07720252532211946,3.962475751439248,0.42877975506008725,0.3405357173016046,0.010664260912698615,0.12974493271143822,0.8942655740671888,-41.40737165144727
435,436.0,0.36106818811056485,6.848605186295369,0.4287797542163165,0.3405357195243563,0.010664260912698622,0.12974493271143828,0.8942655740671885,-41.407371651447264
436,437.0,0.5733215115504321,7.868867535442263,0.42877923323466827,0.3405354732054131,0.010664260915693936,0.12974493272965926,0.8942655740667406,-41.40737164948115
437,438.0,0.924731001855479,7.434109452758899,0.42877955482853036,0.34053562549462135,0.010664260913147218,0.12974493271416715,0.8942655740671279,-41.40737165115281
438,439.0,0.5933407301136528,9.142372683985023,0.4287797540454101,0.3405357195722063,0.010664260912698622,0.12974493271143828,0.8942655740671887,-41.407371651447264
439,440.0,0.5554275995011542,6.652728878122108,0.4287793237340072,0.3405355168162282,0.010664260914746617,0.12974493272389656,0.8942655740668881,-41.40737165010297
440,441.0,0.7072132083128041,6.601353488293662,0.4287794766122315,0.34053558842518816,0.01066426091355955,0.12974493271667542,0.8942655740670666,-41.407371650882155
441,442.0,0.8260177884753906,0.9521366560646968,0.42877975296715926,0.3405357230114958,0.010664260912698625,0.1297449327114383,0.8942655740671881,-41.407371651447264
442,443.0,0.08877365956309602,3.1737230261068645,0.428779755124718,0.3405357174020449,0.010664260912698604,0.12974493271143817,0.8942655740671888,-41.40737165144728
443,444.0,0.2980475888917449,6.968011107430335,0.42877975520053757,0.3405357176980239,0.01066426091269858,0.12974493271143803,0.8942655740671889,-41.4073716514473
444,445.0,0.36222472813624673,4.668975908318648,0.42877927519708275,0.34053549351337753,0.010664260915231965,0.129744932726849,0.894265574066813,-41.40737164978439
445,446.0,0.9142037513394188,4.0273841327530375,0.42877973177915457,0.34053570919128145,0.010664260912705902,0.12974493271148257,0.8942655740671887,-41.40737165144249
446,447.0,0.5979316878740468,0.47994595968540926,0.42877975319942263,0.340535721632301,0.010664260912698637,0.12974493271143836,0.8942655740671883,-41.40737165144725
447,448.0,0.1875364519669841,4.213446193150477,0.428779754094788,0.34053571972655017,0.0106642609126986,0.12974493271143814,0.8942655740671888,-41.40737165144728
448,449.0,0.7320235001719998,7.1817892064655,0.4287794478848279,0.34053557566777176,0.010664260913741936,0.12974493271778492,0.8942655740670407,-41.407371650762435
449,450.0,0.6821694222296306,8.701993352011668,0.4287792824538359,0.34053549624834184,0.010664260915159462,0.12974493272640797,0.8942655740668222,-41.40737164983197
450,451.0,0.24296793006714512,3.8946240048007863,0.4287797541360434,0.34053571962928014,0.010664260912698615,0.12974493271143822,0.8942655740671885,-41.40737165144727
451,452.0,0.9768702096485942,7.575301069856858,0.42877957127833843,0.34053563480727445,0.010664260913074807,0.12974493271372667,0.89426557406714,-41.40737165120034
452,453.0,0.625454656986955,4.970254804590035,0.42877956007922485,0.34053562873312865,0.01066426091312291,0.1297449327140193,0.8942655740671324,-41.407371651168766
453,454.0,0.8747018444903037,5.672180209533961,0.4287796436067977,0.3405356689425291,0.010664260912839115,0.12974493271229293,0.894265574067173,-41.40737165135504
454,455.0,0.4656430161513452,5.816698747423284,0.4287792964329132,0.34053550309605163,0.010664260915015926,0.1297449327255348,0.8942655740668448,-41.40737164992619
455,456.0,0.012861648014334648,2.377079500960277,0.4287797557035823,0.3405357163572855,0.0106642609126986,0.12974493271143814,0.8942655740671888,-41.40737165144728
456,457.0,0.30127860123617856,0.8840174191522159,0.42877975398501783,0.3405357200050962,0.010664260912698623,0.12974493271143828,0.8942655740671885,-41.407371651447264
457,458.0,0.03543673312747897,4.897948120750335,0.42877975552720854,0.34053571647186975,0.010664260912698606,0.12974493271143817,0.8942655740671888,-41.40737165144728
458,459.0,0.6413352828176373,7.719264847776739,0.4287793205803169,0.3405355153075064,0.010664260914776557,0.1297449327240787,0.8942655740668836,-41.40737165008331
459,460.0,0.8697892903877905,4.814505421143612,0.4287796907563236,0.34053569022967195,0.010664260912747303,0.12974493271173443,0.8942655740671842,-41.40737165141531
460,461.0,0.6703851397548487,1.4565687523684103,0.42878028935164575,0.3405358347639066,0.010664260915127332,0.12974493272621251,0.8942655740670769,-41.40737164985306
461,462.0,0.6942835893990486,6.86204190854836,0.42877944360405673,0.34053557357090053,0.01066426091377119,0.1297449327179629,0.8942655740670362,-41.40737165074324
462,463.0,0.10347425914955588,6.466328920724229,0.42877975526757683,0.34053571692974954,0.010664260912698613,0.12974493271143822,0.8942655740671888,-41.40737165144727
463,464.0,0.09299411188495665,4.649849491302485,0.4287797548598298,0.34053571798223164,0.010664260912698611,0.12974493271143822,0.8942655740671888,-41.40737165144727
464,465.0,0.30906049007178815,1.652719548196026,0.4287796987798979,0.3405356943070032,0.010664260912736149,0.12974493271166657,0.8942655740671857,-41.407371651422636
465,466.0,0.3283274713987485,9.832740566317087,0.428779754679114,0.34053571858084225,0.010664260912698616,0.12974493271143822,0.8942655740671885,-41.40737165144727
466,467.0,0.7506818927329811,3.202861345055757,0.4287797351126008,0.34053571130728993,0.01066426091270402,0.1297449327114711,0.8942655740671887,-41.407371651443725
467,468.0,0.02341180772310858,4.13861011842485,0.42877975620697417,0.3405357151552818,0.010664260912698616,0.12974493271143822,0.8942655740671887,-41.40737165144727
468,469.0,0.2971001433693957,3.2168715958128473,0.4287793882742585,0.34053554744260434,0.010664260914182334,0.12974493272046392,0.8942655740669742,-41.40737165047336
469,470.0,0.6999250797463226,3.87859448628492,0.4287796907085144,0.3405356895824121,0.01066426091274775,0.12974493271173715,0.8942655740671841,-41.40737165141502
470,471.0,0.6766244343395504,5.468192395859453,0.428779551756353,0.3405356253632818,0.01066426091315835,0.12974493271423487,0.8942655740671277,-41.407371651145496
471,472.0,0.6989012372926525,6.205777109898402,0.4287795037585082,0.34053560244285425,0.010664260913398615,0.12974493271569643,0.8942655740670923,-41.40737165098779
472,473.0,0.6741892510357348,6.211857503716106,0.42877948386094433,0.3405355922525483,0.010664260913514726,0.12974493271640278,0.894265574067074,-41.40737165091157
473,474.0,0.38357649154204765,9.957231134272975,0.4287797547133714,0.34053571862524773,0.01066426091269861,0.12974493271143822,0.8942655740671885,-41.40737165144727
474,475.0,0.07434030240098854,5.275376275062779,0.42877975513677463,0.3405357173126508,0.01066426091269862,0.12974493271143825,0.8942655740671887,-41.407371651447264
475,476.0,0.6967245127378203,6.39093632375297,0.4287794865299561,0.34053559275028344,0.01066426091350084,0.12974493271631832,0.894265574067075,-41.40737165092069
476,477.0,0.3669061099866856,0.7600802652231357,0.42877975435640914,0.34053572058545023,0.010664260912698578,0.129744932711438,0.8942655740671885,-41.4073716514473
477,478.0,0.5069791607396268,0.5098924977114999,0.4287797528851708,0.34053572202057136,0.010664260912698644,0.12974493271143842,0.8942655740671883,-41.40737165144725
478,479.0,0.5465660396254022,3.9527111784625744,0.42877960236253126,0.3405356484449562,0.010664260912961064,0.12974493271303475,0.8942655740671555,-41.407371651275
479,480.0,0.017264384521430975,8.26988358394816,0.4287797561276597,0.3405357151879927,0.0106642609126986,0.12974493271143814,0.8942655740671889,-41.40737165144728
480,481.0,0.8457374322427619,7.07454870232659,0.42877953488489595,0.34053561690833245,0.010664260913237892,0.12974493271471874,0.8942655740671157,-41.40737165109329
481,482.0,0.15130706642755276,5.811385209429108,0.4287797549175845,0.3405357178907656,0.0106642609126986,0.12974493271143814,0.8942655740671888,-41.40737165144728
482,483.0,0.37095228037726513,8.25247996289818,0.4287797544531979,0.34053571930228077,0.010664260912698594,0.12974493271143808,0.8942655740671887,-41.407371651447285
483,484.0,0.8724958154323108,7.799873750151122,0.4287795003128247,0.3405355999835506,0.010664260913419751,0.12974493271582502,0.8942655740670881,-41.407371650973914
484,485.0,0.2765891356452965,4.4393221559267495,0.4287797541795983,0.34053571982803116,0.010664260912698613,0.12974493271143822,0.8942655740671885,-41.40737165144727
485,486.0,0.011122905189986598,1.353336014073192,0.4287797552594738,0.3405357170845997,0.010664260912698618,0.12974493271143825,0.8942655740671887,-41.40737165144727
486,487.0,0.515178482364403,9.983427235044894,0.4287797544311119,0.34053571920847314,0.010664260912698613,0.12974493271143822,0.8942655740671885,-41.40737165144727
487,488.0,0.08905341616882156,8.599860600475006,0.42877975555713965,0.3405357165602625,0.010664260912698604,0.12974493271143817,0.8942655740671888,-41.40737165144728
488,489.0,0.972780953377907,5.172660444479526,0.42877970008738353,0.3405356947314835,0.010664260912734584,0.12974493271165702,0.8942655740671859,-41.40737165142366
489,490.0,0.2073284753056579,2.293827273299768,0.4287793753457888,0.3405355397633622,0.010664260914293625,0.12974493272114096,0.8942655740669541,-41.40737165040031
490,491.0,0.044566348103452946,5.049776140594016,0.42877975539198754,0.34053571685192807,0.01066426091269861,0.12974493271143822,0.8942655740671888,-41.40737165144727
491,492.0,0.5269643847947029,3.6899920890291007,0.4287796154127109,0.34053565470696107,0.010664260912918694,0.129744932712777,0.8942655740671615,-41.40737165130281
492,493.0,0.8043319856076422,1.8734720046345958,0.4287797533943986,0.34053572121218817,0.010664260912698637,0.12974493271143836,0.8942655740671883,-41.40737165144725
493,494.0,0.8318447193757555,1.5442654649036784,0.4287798116004256,0.34053574133899456,0.010664260912726967,0.1297449327116107,0.8942655740671831,-41.40737165142866
494,495.0,0.6569545545949509,7.999614824032637,0.42877931292304106,0.34053551161646284,0.010664260914850288,0.1297449327245272,0.8942655740668721,-41.40737165003492
495,496.0,0.7816730186862041,3.4638205141525065,0.4287797308632217,0.3405357092834202,0.010664260912706315,0.12974493271148507,0.8942655740671885,-41.40737165144222
496,497.0,0.9187834236142903,6.42594947291202,0.428779615499544,0.3405356557401353,0.010664260912917122,0.12974493271276746,0.8942655740671623,-41.40737165130384
497,498.0,0.698991018511967,2.9230818713147713,0.4287797371806814,0.34053571199935295,0.010664260912703111,0.12974493271146556,0.8942655740671887,-41.40737165144432
498,499.0,0.2398639842579252,1.417632983620322,0.4287796735144859,0.3405356815656505,0.010664260912776046,0.12974493271190926,0.8942655740671805,-41.407371651396446
499,500.0,0.3330011156566306,4.398239561744874,0.42877925956694435,0.3405354848735534,0.010664260915404539,0.12974493272789883,0.894265574066783,-41.407371649671106
500,501.0,0.4925794453581308,5.594571606036827,0.42877935806885753,0.3405355328189057,0.010664260914436213,0.12974493272200832,0.8942655740669349,-41.407371650306715
501,502.0,0.7780875121074547,1.4769721407744814,0.42877983945517767,0.3405357504985522,0.010664260912763483,0.12974493271183285,0.8942655740671787,-41.40737165140469
502,503.0,0.9368226038049489,9.83074724232429,0.4287794072453031,0.34053555717464795,0.010664260914031339,0.1297449327195454,0.8942655740669985,-41.40737165057247
503,504.0,0.010702114982782396,1.432832675163187,0.42877975536686136,0.3405357167331895,0.01066426091269861,0.12974493271143822,0.8942655740671888,-41.40737165144727
504,505.0,0.03001586805909573,0.6135298456883088,0.4287797572919657,0.34053571422006135,0.010664260912698564,0.12974493271143794,0.8942655740671888,-41.407371651447306
505,506.0,0.5923729147822095,5.813972297218508,0.42877944781103544,0.34053557528246936,0.010664260913743465,0.12974493271779422,0.8942655740670398,-41.407371650761434
506,507.0,0.43930902001713024,4.775768885686464,0.42877938563354845,0.3405355464962845,0.01066426091420258,0.1297449327205871,0.8942655740669717,-41.40737165046007
507,508.0,0.336006134489816,1.4273354805771334,0.42877973591270213,0.3405357110758301,0.010664260912703748,0.12974493271146947,0.8942655740671888,-41.4073716514439
508,509.0,0.8446264817525159,7.667218079244153,0.42877949163190593,0.34053559661822613,0.010664260913467364,0.12974493271611467,0.894265574067082,-41.407371650942665
509,510.0,0.07788182042660063,9.369363331101463,0.42877975564518545,0.3405357165811968,0.010664260912698592,0.12974493271143808,0.8942655740671888,-41.407371651447285
510,511.0,0.6778324160943895,5.966097640490543,0.4287795085900776,0.34053560393552235,0.010664260913374034,0.12974493271554693,0.894265574067095,-41.40737165100393
511,512.0,0.7910576421932083,9.87580919350783,0.42877929668442505,0.340535503700595,0.010664260915011303,0.1297449327255067,0.8942655740668468,-41.407371649929225
512,513.0,0.12108305331626368,7.965768042412101,0.4287797554894894,0.3405357167502643,0.010664260912698611,0.12974493271143822,0.8942655740671887,-41.40737165144727
513,514.0,0.05213062957022385,9.099093070669001,0.4287797562097955,0.34053571517610803,0.010664260912698611,0.12974493271143822,0.8942655740671888,-41.40737165144727
514,515.0,0.006385571496640208,9.74678289183415,0.4287797555975737,0.3405357163155439,0.010664260912698616,0.12974493271143822,0.8942655740671887,-41.40737165144727
515,516.0,0.8290520667783887,0.47547056806799937,0.4287797542555447,0.34053571976314884,0.01066426091269861,0.12974493271143822,0.8942655740671885,-41.40737165144727
516,517.0,0.25400444202125416,1.129398622797509,0.42877975293119575,0.34053572266784393,0.01066426091269862,0.12974493271143825,0.8942655740671883,-41.407371651447264
517,518.0,0.22154288188440696,8.52358823638079,0.42877975518669115,0.3405357173101452,0.010664260912698604,0.12974493271143817,0.8942655740671888,-41.40737165144728
518,519.0,0.3604923602442368,7.671883555435378,0.4287797543546244,0.3405357194013221,0.010664260912698608,0.1297449327114382,0.8942655740671885,-41.40737165144728
519,520.0,0.8211436270745889,4.830603441016793,0.4287796742806232,0.34053568344758683,0.010664260912773478,0.12974493271189363,0.8942655740671814,-41.40737165139813
520,521.0,0.1560924836530102,3.8124909391428203,0.4287797544843573,0.3405357189803188,0.010664260912698608,0.1297449327114382,0.8942655740671887,-41.40737165144728
521,522.0,0.6001779106499634,3.143057217151131,0.4287797033791348,0.3405356962013865,0.01066426091273063,0.129744932711633,0.8942655740671862,-41.40737165142626
522,523.0,0.8338522786687335,7.079360587935165,0.4287795272179122,0.3405356133624634,0.010664260913275495,0.12974493271494747,0.8942655740671103,-41.40737165106861
523,524.0,0.9891053105910232,0.7396118769866435,0.4287797534816185,0.34053572075169247,0.010664260912698635,0.12974493271143836,0.8942655740671884,-41.40737165144726
524,525.0,0.5248739587424548,3.1825807647229953,0.4287796658654503,0.34053567797183937,0.010664260912790723,0.12974493271199855,0.8942655740671787,-41.40737165138681
525,526.0,0.11718061081939801,3.0399688582073954,0.42877975441738725,0.34053571905729274,0.010664260912698606,0.12974493271143817,0.8942655740671887,-41.40737165144728
526,527.0,0.321978927472527,8.3446991650099,0.42877975427354853,0.34053571925839504,0.010664260912698618,0.12974493271143825,0.8942655740671885,-41.40737165144727
527,528.0,0.7330850779490232,7.987999109745427,0.428779384448535,0.3405355451487215,0.010664260914214936,0.12974493272066226,0.8942655740669682,-41.40737165045196
528,529.0,0.07820899658358316,4.0790724678595565,0.42877975502623894,0.3405357178298863,0.010664260912698596,0.1297449327114381,0.8942655740671888,-41.407371651447285
529,530.0,0.11030954734897269,3.5881177806331843,0.42877975515937916,0.3405357175047072,0.01066426091269859,0.12974493271143808,0.8942655740671889,-41.407371651447285
530,531.0,0.2647180160102227,3.669931064247916,0.42877922653740325,0.3405354694668814,0.010664260915773712,0.12974493273014456,0.8942655740667267,-41.40737164942878
531,532.0,0.8107429208169069,8.3394504094225,0.4287794194775643,0.34053556266134205,0.010664260913940751,0.12974493271899434,0.8942655740670116,-41.40737165063194
532,533.0,0.19643345871040485,5.472112601333579,0.4287797545450279,0.3405357187142335,0.01066426091269861,0.12974493271143822,0.8942655740671887,-41.40737165144727
533,534.0,0.9929945656914743,9.017211127274136,0.4287794915101606,0.34053559683388945,0.01066426091346739,0.1297449327161148,0.8942655740670824,-41.40737165094265
534,535.0,0.3216938078983014,5.309638002025801,0.4287797540656486,0.34053571989976344,0.010664260912698608,0.1297449327114382,0.8942655740671887,-41.40737165144728
535,536.0,0.9877716332956191,2.4890141468103395,0.42877975395805706,0.340535719644028,0.010664260912698629,0.1297449327114383,0.8942655740671885,-41.40737165144726
536,537.0,0.5618775802577306,2.8636454985918856,0.42877970875565335,0.34053569886864943,0.010664260912724509,0.12974493271159573,0.8942655740671871,-41.407371651430275
537,538.0,0.47838369677713044,4.595400663669549,0.428779459832406,0.340535581817671,0.010664260913661608,0.12974493271729626,0.8942655740670534,-41.407371650815165
538,539.0,0.29002803744152794,5.405681885472557,0.4287797543827117,0.34053571925531306,0.010664260912698606,0.12974493271143817,0.8942655740671887,-41.40737165144728
539,540.0,0.9800681043147881,8.732115281525,0.42877950213868266,0.3405356009681745,0.010664260913409279,0.12974493271576132,0.8942655740670897,-41.40737165098079
540,541.0,0.2807748559255243,6.551229256683719,0.428779754540279,0.3405357187392789,0.010664260912698616,0.12974493271143822,0.8942655740671887,-41.40737165144727
541,542.0,0.7854337273502296,2.6151579612797082,0.4287797505090116,0.340535718688142,0.01066426091269901,0.12974493271144064,0.8942655740671888,-41.40737165144701
542,543.0,0.45348498209708166,6.429342567890016,0.4287792112980519,0.3405354619371582,0.01066426091595416,0.12974493273124224,0.8942655740666978,-41.407371649310335
543,544.0,0.04917677969866019,3.2036134666221705,0.4287797551467039,0.34053571732186094,0.010664260912698616,0.12974493271143822,0.8942655740671887,-41.40737165144727
544,545.0,0.3140561265854347,6.505597682830966,0.4287797541678639,0.3405357196946406,0.010664260912698611,0.12974493271143822,0.8942655740671885,-41.40737165144727
545,546.0,0.5718084073441781,8.539540427701779,0.42877975390296524,0.3405357199874563,0.010664260912698629,0.1297449327114383,0.8942655740671885,-41.40737165144726
546,547.0,0.7732584706944092,9.866648120405982,0.42877928210896,0.3405354966021894,0.010664260915160727,0.12974493272641566,0.8942655740668234,-41.40737164983115
547,548.0,0.6638381473384445,8.437504655373798,0.42877928478495997,0.3405354980503233,0.010664260915132314,0.12974493272624282,0.894265574066828,-41.40737164984979
548,549.0,0.7308787988345524,2.2906211465648645,0.428779751507386,0.3405357200833278,0.010664260912698821,0.12974493271143947,0.8942655740671887,-41.407371651447136
549,550.0,0.7062077834746072,2.6093579357875303,0.4287797464951882,0.340535716445362,0.010664260912699853,0.12974493271144574,0.8942655740671888,-41.407371651446454
550,551.0,0.23353889869874433,9.967462206838428,0.42877975481549896,0.34053571822362977,0.010664260912698604,0.12974493271143817,0.8942655740671887,-41.40737165144728
551,552.0,0.3040375861809005,0.6785822420927969,0.4287797528774312,0.3405357214446226,0.010664260912698674,0.12974493271143858,0.8942655740671883,-41.407371651447235
552,553.0,0.35944720267989405,7.886004488305494,0.42877975435459803,0.340535719432968,0.010664260912698596,0.1297449327114381,0.8942655740671887,-41.407371651447285
553,554.0,0.3556138833263047,9.601112887490492,0.4287797545706263,0.3405357186257154,0.01066426091269861,0.12974493271143822,0.8942655740671887,-41.40737165144727
554,555.0,0.19239860560775046,4.5516030957152624,0.42877975441325844,0.34053571913795183,0.010664260912698608,0.1297449327114382,0.8942655740671887,-41.40737165144728
555,556.0,0.4794235294832071,2.2891426329964446,0.4287797209393316,0.3405357033553677,0.0106642609127136,0.1297449327115294,0.8942655740671879,-41.40737165143744
556,557.0,0.6903003795822884,7.126637510499757,0.4287794173007208,0.3405355616189096,0.010664260913956844,0.12974493271909224,0.8942655740670092,-41.40737165062137
557,558.0,0.5396022508424425,8.391043072324177,0.4287797542499973,0.3405357195076201,0.010664260912698616,0.12974493271143822,0.8942655740671885,-41.40737165144727
558,559.0,0.509044274218613,1.8888499063591806,0.42877974574863364,0.3405357173770869,0.010664260912699909,0.1297449327114461,0.8942655740671888,-41.40737165144642
559,560.0,0.4049575557788935,6.733386146091821,0.4287797541318618,0.34053571985419673,0.01066426091269861,0.12974493271143822,0.8942655740671887,-41.40737165144727
560,561.0,0.019354506097624347,7.416717885393532,0.4287797559066554,0.34053571590030524,0.010664260912698589,0.12974493271143808,0.894265574067189,-41.40737165144729
561,562.0,0.22556031313681957,6.7907787054898225,0.42877975459640666,0.34053571835478447,0.010664260912698611,0.12974493271143822,0.8942655740671888,-41.40737165144727
562,563.0,0.022630530264322934,2.8052486204137246,0.42877975529153173,0.3405357170609709,0.01066426091269861,0.12974493271143822,0.8942655740671888,-41.40737165144727
563,564.0,0.7921540245776494,9.258942078865235,0.42877933948185826,0.3405355247966713,0.010664260914598562,0.12974493272299592,0.894265574066912,-41.40737165020015
564,565.0,0.8822931639931101,7.2574158776962445,0.4287795439980599,0.3405356193937969,0.010664260913198305,0.12974493271447793,0.8942655740671193,-41.40737165111928
565,566.0,0.1602816677565213,4.6412237328842005,0.4287797545846606,0.3405357187813397,0.010664260912698613,0.12974493271143822,0.8942655740671885,-41.40737165144727
566,567.0,0.014138575364131989,4.3254539612787735,0.4287797560649339,0.3405357153398024,0.010664260912698615,0.12974493271143822,0.8942655740671888,-41.40737165144727
567,568.0,0.06208217651278125,5.821908225418366,0.428779755990936,0.3405357159515644,0.010664260912698589,0.12974493271143808,0.8942655740671889,-41.40737165144729
568,569.0,0.6184218595681189,7.0058690017382785,0.428779359461055,0.34053553406833253,0.010664260914421929,0.12974493272192145,0.8942655740669383,-41.407371650316094
569,570.0,0.050336735187175186,6.236143706032825,0.4287797554302472,0.3405357168811804,0.01066426091269861,0.12974493271143822,0.8942655740671887,-41.40737165144727
570,571.0,0.20896490798432799,9.076061269140872,0.42877975514880257,0.34053571748660977,0.010664260912698606,0.12974493271143817,0.8942655740671888,-41.40737165144728
571,572.0,0.39691207736324474,3.1370039580647493,0.42877956243924337,0.3405356301503143,0.010664260913112275,0.1297449327139546,0.8942655740671343,-41.407371651175744
572,573.0,0.7379677202045539,4.713271104728828,0.4287796492058303,0.3405356705237813,0.010664260912826686,0.1297449327122173,0.894265574067174,-41.4073716513632
573,574.0,0.9479426977285059,4.059047421508882,0.42877973493065524,0.3405357109935072,0.01066426091270416,0.12974493271147197,0.8942655740671887,-41.407371651443626
574,575.0,0.5231596420329293,9.306967177344225,0.42877975457165785,0.34053571889119144,0.010664260912698608,0.1297449327114382,0.8942655740671887,-41.40737165144728
575,576.0,0.9553898000155892,7.089760647186394,0.4287795913246174,0.34053564278783804,0.010664260913000384,0.12974493271327392,0.8942655740671495,-41.40737165124919
576,577.0,0.9042673812049247,4.418560713736676,0.42877971675157395,0.3405357023314587,0.01066426091271683,0.12974493271154905,0.8942655740671877,-41.40737165143531
577,578.0,0.659936525042893,5.103474914984788,0.42877957327574967,0.34053563357113964,0.010664260913070532,0.12974493271370066,0.8942655740671385,-41.40737165120314
578,579.0,0.8463081123721784,1.993240661656355,0.42877975388386375,0.3405357202489034,0.010664260912698625,0.1297449327114383,0.8942655740671884,-41.407371651447264
579,580.0,0.06969311245738463,9.636829210878977,0.42877975527307266,0.34053571707993624,0.01066426091269861,0.12974493271143822,0.8942655740671888,-41.40737165144727
580,581.0,0.09614212005559475,5.395998568667042,0.42877975491020526,0.3405357177597984,0.010664260912698623,0.12974493271143828,0.8942655740671885,-41.407371651447264
581,582.0,0.3511590054908541,6.916318286037192,0.42877975430184234,0.34053571949165784,0.01066426091269861,0.12974493271143822,0.8942655740671885,-41.40737165144727
582,583.0,0.2486851565764865,1.2377359997448882,0.4287797130171781,0.34053570181375076,0.010664260912719818,0.1297449327115672,0.8942655740671874,-41.40737165143335
583,584.0,0.10896375125595537,4.676080617944597,0.42877975493699005,0.3405357178385957,0.010664260912698615,0.12974493271143822,0.8942655740671887,-41.40737165144727
584,585.0,0.641055845096946,2.4368576087713514,0.42877974423596077,0.3405357168683481,0.010664260912700304,0.1297449327114485,0.8942655740671887,-41.40737165144616
585,586.0,0.9481987429264938,3.6464863070830305,0.4287797446198478,0.3405357142120044,0.010664260912700514,0.1297449327114498,0.8942655740671888,-41.40737165144602
586,587.0,0.7358713412178662,1.5570524658422193,0.42878014944999854,0.34053581619303797,0.010664260914052459,0.12974493271967388,0.8942655740671087,-41.40737165055861
587,588.0,0.7547409161665375,4.493058210557518,0.4287796711498758,0.3405356812383331,0.01066426091277982,0.12974493271193221,0.8942655740671804,-41.407371651393966
588,589.0,0.4579797365211785,8.878665410176103,0.4287797545460469,0.3405357188589099,0.010664260912698599,0.12974493271143814,0.8942655740671888,-41.40737165144728
589,590.0,0.7287192207305715,1.2758217286554028,0.4287797712095742,0.3405357252345903,0.010664260912700042,0.1297449327114469,0.8942655740671878,-41.40737165144633
590,591.0,0.40428214392297435,1.118468296495867,0.4287797534375699,0.34053571992255893,0.01066426091269866,0.1297449327114385,0.8942655740671885,-41.40737165144724
591,592.0,0.3835453809197944,6.071669770003427,0.4287797542888529,0.34053571957762424,0.010664260912698599,0.12974493271143814,0.8942655740671887,-41.40737165144728
592,593.0,0.12159626334350504,0.9083841865752642,0.428779754078879,0.34053572054099535,0.010664260912698592,0.12974493271143808,0.8942655740671885,-41.407371651447285
593,594.0,0.5022801021815334,6.271729009023551,0.42877929703979184,0.3405355023408679,0.01066426091501434,0.12974493272552517,0.8942655740668424,-41.407371649927235
594,595.0,0.9704002798217787,0.8417479055314495,0.4287799964084111,0.3405361046530133,0.010664260914109365,0.12974493272002005,0.8942655740660135,-41.407371650521256
595,596.0,0.08185556502111868,7.914528523594559,0.4287797551612398,0.3405357172036036,0.01066426091269862,0.12974493271143825,0.8942655740671887,-41.407371651447264
596,597.0,0.1254309919950951,9.120924644543955,0.4287797554285383,0.3405357167410919,0.01066426091269862,0.12974493271143825,0.8942655740671887,-41.407371651447264
597,598.0,0.23516112671067602,7.361547977216036,0.42877975473690355,0.34053571845878433,0.01066426091269862,0.12974493271143825,0.8942655740671885,-41.407371651447264
598,599.0,0.9697830197623155,2.321636166928294,0.42877975382832506,0.34053572043542435,0.010664260912698608,0.1297449327114382,0.8942655740671885,-41.40737165144728
599,600.0,0.4396900563856543,1.7503218559318152,0.42877974165626037,0.34053571389026493,0.01066426091270134,0.12974493271145482,0.8942655740671888,-41.40737165144548
600,601.0,0.5337828848608489,7.802321381269391,0.4287791902779405,0.3405354523901575,0.010664260916207027,0.12974493273278048,0.89426557406666,-41.40737164914436
601,602.0,0.5495929264568039,5.063465486075039,0.42877948369364577,0.34053559249601,0.010664260913514894,0.12974493271640378,0.8942655740670744,-41.40737165091147
602,603.0,0.13672418411292353,7.597579277773668,0.42877975507875526,0.3405357175138609,0.010664260912698606,0.12974493271143817,0.8942655740671888,-41.40737165144728
603,604.0,0.06320149625748506,5.0245647254503,0.42877975495737436,0.34053571792831494,0.010664260912698599,0.12974493271143814,0.8942655740671888,-41.40737165144728
604,605.0,0.41466643683962534,6.625955174372777,0.4287797539384762,0.34053572013932276,0.010664260912698623,0.12974493271143828,0.8942655740671884,-41.407371651447264
605,606.0,0.980432131217227,4.645221061080507,0.4287797217590101,0.34053570454540305,0.01066426091271266,0.12974493271152365,0.8942655740671881,-41.407371651438055
606,607.0,0.17196711896766026,2.4986673371831505,0.42877919473460446,0.34053545383272643,0.010664260916155703,0.12974493273246826,0.8942655740666657,-41.407371649178046
607,608.0,0.05129362337810195,7.443326443630178,0.42877975571745647,0.3405357164435009,0.010664260912698604,0.12974493271143817,0.8942655740671888,-41.40737165144728
608,609.0,0.9347781747131974,0.6078449124271732,0.4287797531782169,0.340535721722236,0.010664260912698629,0.1297449327114383,0.8942655740671884,-41.40737165144726
609,610.0,0.12832090856645795,1.660819366778503,0.4287792727906661,0.3405354917698697,0.01066426091526005,0.12974493272701987,0.894265574066807,-41.40737164976595
610,611.0,0.2926473645590313,4.290675651022419,0.4287791888106201,0.3405354503278529,0.010664260916232486,0.12974493273293536,0.8942655740666516,-41.40737164912765
611,612.0,0.05878969991010152,0.787742156178023,0.4287797541348094,0.34053572055249004,0.010664260912698597,0.1297449327114381,0.8942655740671884,-41.407371651447285
612,613.0,0.6205292407709722,5.779996612385048,0.42877947744862754,0.34053558973787385,0.010664260913552027,0.12974493271662968,0.8942655740670692,-41.40737165088709
613,614.0,0.610804890115757,6.300854056363298,0.42877941795360536,0.34053556164271553,0.010664260913952926,0.12974493271906842,0.8942655740670092,-41.40737165062394
614,615.0,0.07836273779606762,6.357840917269089,0.42877975519309086,0.3405357173614494,0.0106642609126986,0.12974493271143814,0.8942655740671888,-41.40737165144728
615,616.0,0.48767867633431616,4.734510053528128,0.4287794538049798,0.340535578818718,0.01066426091370143,0.12974493271753854,0.8942655740670473,-41.407371650789024
616,617.0,0.7651238776842055,9.44487675508515,0.42877930414138293,0.3405355071445182,0.010664260914937464,0.12974493272505752,0.8942655740668578,-41.40737164997769
617,618.0,0.5677164783515526,2.709114043177494,0.4287797207149746,0.3405357040602307,0.010664260912713507,0.12974493271152884,0.8942655740671879,-41.407371651437494
618,619.0,0.8374830155932396,1.6529947434315964,0.4287799140120751,0.34053576659242074,0.010664260912922977,0.12974493271280307,0.8942655740671677,-41.4073716513
619,620.0,0.11987262046302061,4.378928447363685,0.4287797548611896,0.34053571799437715,0.010664260912698606,0.12974493271143817,0.8942655740671888,-41.40737165144728
620,621.0,0.7650790916564568,3.081847630076635,0.4287797404465536,0.34053571390627924,0.010664260912701702,0.129744932711457,0.8942655740671888,-41.407371651445246
621,622.0,0.5410668491999816,2.100142208511591,0.42877974365520977,0.3405357143570025,0.010664260912700736,0.12974493271145113,0.8942655740671888,-41.40737165144588
622,623.0,0.7345845874994262,0.9911813678775513,0.4287797528277312,0.3405357225395522,0.010664260912698634,0.12974493271143836,0.8942655740671883,-41.40737165144726
623,624.0,0.3397874613074613,8.359842829317092,0.4287797544174216,0.34053571913234515,0.0106642609126986,0.12974493271143814,0.8942655740671887,-41.40737165144728
624,625.0,0.022773951852143814,4.370086148423989,0.4287797558260544,0.3405357160023399,0.010664260912698613,0.12974493271143822,0.8942655740671887,-41.40737165144727
625,626.0,0.9506806956665053,2.4998837748282767,0.42877975375918687,0.34053571977917957,0.010664260912698637,0.12974493271143836,0.8942655740671885,-41.40737165144725
626,627.0,0.48095079819849673,8.127692368731486,0.42877975472385516,0.34053571852886483,0.0106642609126986,0.12974493271143814,0.8942655740671887,-41.40737165144728
627,628.0,0.6704910490748681,0.9214671689486628,0.4287797534321662,0.3405357211450858,0.010664260912698618,0.12974493271143825,0.8942655740671885,-41.40737165144727
628,629.0,0.9820555673197554,5.539014625381341,0.4287796859975737,0.34053568817534363,0.01066426091275433,0.12974493271177714,0.8942655740671837,-41.4073716514107
629,630.0,0.3037478382055401,4.474507351280373,0.42877918523637537,0.3405354498717389,0.010664260916270313,0.12974493273316545,0.8942655740666497,-41.407371649102814
630,631.0,0.8938659327718477,8.229993557917126,0.42877948436172564,0.3405355923828949,0.01066426091351203,0.12974493271638637,0.8942655740670741,-41.40737165091335
631,632.0,0.2673588048321557,0.8709061569734814,0.4287797546097753,0.34053571803323646,0.010664260912698629,0.1297449327114383,0.8942655740671887,-41.40737165144726
632,633.0,0.1953109428592198,4.967122435208717,0.42877975469501084,0.3405357187308501,0.010664260912698599,0.12974493271143814,0.8942655740671887,-41.40737165144728
633,634.0,0.23945804816653582,4.245804690015175,0.42877975456739276,0.3405357187173583,0.010664260912698611,0.12974493271143822,0.8942655740671887,-41.40737165144727
634,635.0,0.48894432413739597,7.361441005177774,0.4287797542938036,0.3405357195854291,0.010664260912698603,0.12974493271143817,0.8942655740671887,-41.40737165144728
635,636.0,0.34053733386592866,2.584922391421141,0.4287795816533398,0.34053563781287843,0.010664260913037125,0.12974493271349744,0.8942655740671437,-41.40737165122508
636,637.0,0.9793200935822297,9.316785698893908,0.4287794655043737,0.3405355842554481,0.010664260913625902,0.12974493271707907,0.8942655740670585,-41.407371650838606
637,638.0,0.1360749822937608,6.264625446056152,0.4287797549952951,0.34053571780186703,0.0106642609126986,0.12974493271143814,0.8942655740671888,-41.40737165144728
638,639.0,0.7717871135948781,0.7090469251366425,0.4287797535090822,0.3405357203647772,0.010664260912698634,0.12974493271143836,0.8942655740671885,-41.40737165144726
639,640.0,0.02699525253941426,1.5023610908965468,0.4287797551554735,0.34053571712880587,0.010664260912698622,0.12974493271143828,0.8942655740671888,-41.407371651447264
640,641.0,0.6929320179234427,2.376149023940673,0.4287797495232926,0.34053571849236164,0.01066426091269917,0.1297449327114416,0.8942655740671887,-41.40737165144691
641,642.0,0.7769620402328519,4.117701339319243,0.42877970052670644,0.3405356956846752,0.010664260912733647,0.12974493271165133,0.8942655740671861,-41.40737165142427
642,643.0,0.2710884673428715,0.8518042254596848,0.42877975325905604,0.34053572177573227,0.010664260912698629,0.1297449327114383,0.8942655740671883,-41.40737165144726
643,644.0,0.30044175352564373,0.7123545829362377,0.428779753277156,0.3405357215135156,0.010664260912698629,0.1297449327114383,0.8942655740671884,-41.40737165144726
644,645.0,0.3197828278480407,1.3807659153393672,0.4287797338086142,0.3405357109814102,0.01066426091270461,0.1297449327114747,0.8942655740671888,-41.407371651443334
645,646.0,0.07423756420576066,7.901341732793256,0.42877975536226126,0.340535716792056,0.010664260912698615,0.12974493271143822,0.8942655740671888,-41.40737165144727
646,647.0,0.023163156770603655,7.17367443670983,0.4287797559821438,0.3405357156677288,0.010664260912698608,0.1297449327114382,0.8942655740671888,-41.40737165144728
647,648.0,0.6892131217061369,2.0180615892697586,0.4287797527066519,0.34053572029563417,0.010664260912698703,0.12974493271143875,0.8942655740671885,-41.407371651447214
648,649.0,0.19426630636509767,8.00490615851027,0.4287797547635039,0.34053571829976026,0.010664260912698603,0.12974493271143817,0.8942655740671888,-41.40737165144728
649,650.0,0.14169081182358434,0.8118842421294702,0.42877975397461154,0.34053571964747636,0.010664260912698637,0.12974493271143836,0.8942655740671884,-41.40737165144725
650,651.0,0.8945294780634013,8.216282290814302,0.4287794852863248,0.3405355934183789,0.010664260913504997,0.12974493271634358,0.8942655740670762,-41.40737165091796
651,652.0,0.8503016261222581,1.8627759893769884,0.4287803371556915,0.34053584427861794,0.010664260915580974,0.1297449327289721,0.8942655740670584,-41.407371649555294
652,653.0,0.39361619137135684,7.958384578769147,0.42877975436500787,0.34053571928490123,0.010664260912698597,0.1297449327114381,0.8942655740671888,-41.407371651447285
653,654.0,0.9498768029972152,9.042771593391178,0.42877946530234773,0.34053558393930905,0.010664260913627786,0.12974493271709053,0.8942655740670579,-41.40737165083736
654,655.0,0.6978552662553185,0.9168184120421632,0.42877975350006914,0.34053572128809456,0.010664260912698613,0.12974493271143822,0.8942655740671884,-41.40737165144727
655,656.0,0.4206635034275934,1.3527280709622442,0.4287797508853996,0.3405357201364001,0.010664260912698908,0.12974493271144,0.8942655740671884,-41.40737165144708
656,657.0,0.8592779823405334,2.5778531156452367,0.42877975221647424,0.34053572031161733,0.010664260912698745,0.12974493271143903,0.8942655740671885,-41.407371651447185
657,658.0,0.497606766678533,2.587579536170641,0.4287797048988595,0.34053569682592827,0.010664260912728894,0.12974493271162243,0.8942655740671864,-41.4073716514274
658,659.0,0.4192496221806109,3.2872106359976687,0.42877956693415453,0.3405356307176779,0.010664260913096218,0.1297449327138569,0.8942655740671349,-41.40737165118628
659,660.0,0.6363286872359533,6.384958436469499,0.4287794344698889,0.3405355695071023,0.010664260913833722,0.12974493271834328,0.8942655740670272,-41.40737165070219
660,661.0,0.5725382423467146,4.839065159413583,0.4287795299612153,0.3405356136398532,0.010664260913264011,0.12974493271487764,0.8942655740671107,-41.40737165107615
661,662.0,0.8723516148193068,1.330030023054737,0.42877975517521943,0.34053571670536076,0.01066426091269862,0.12974493271143825,0.8942655740671889,-41.407371651447264
662,663.0,0.8757907330221302,0.9122508570669079,0.4287797602381951,0.3405357277999969,0.010664260912698734,0.12974493271143894,0.8942655740671874,-41.40737165144719
663,664.0,0.9350850114344864,8.407859300466175,0.4287794970341159,0.34053559858557164,0.01066426091343786,0.12974493271593518,0.8942655740670856,-41.407371650962034
664,665.0,0.13145259334280823,2.4745599722543865,0.4287797542584323,0.3405357193716079,0.010664260912698627,0.1297449327114383,0.8942655740671884,-41.407371651447264
665,666.0,0.4859702534718263,0.5249373906720552,0.42877975402018753,0.3405357201927422,0.01066426091269862,0.12974493271143825,0.8942655740671884,-41.407371651447264
666,667.0,0.14484149035231597,5.150279212805501,0.42877975480768615,0.34053571826330004,0.010664260912698603,0.12974493271143817,0.8942655740671888,-41.40737165144728
667,668.0,0.7899427088899111,3.384349220647705,0.4287797344165303,0.3405357118720445,0.010664260912704176,0.12974493271147206,0.8942655740671888,-41.407371651443626
668,669.0,0.01135377020124595,5.614095312938662,0.42877975567778104,0.34053571628384915,0.010664260912698608,0.1297449327114382,0.8942655740671888,-41.40737165144728
669,670.0,0.40722207107557884,2.532540893020294,0.4287796583220446,0.340535673843369,0.01066426091280697,0.1297449327120974,0.8942655740671762,-41.407371651376145
670,671.0,0.041791789050818484,9.161750547028847,0.42877975579339145,0.3405357161366896,0.010664260912698596,0.1297449327114381,0.8942655740671889,-41.407371651447285
671,672.0,0.7937749044014224,6.046259518968554,0.42877957981354314,0.34053563747385324,0.010664260913043344,0.12974493271353527,0.8942655740671432,-41.40737165122099
672,673.0,0.06900755347701559,4.5117350938082295,0.4287797549535525,0.34053571781116876,0.01066426091269861,0.12974493271143822,0.8942655740671888,-41.40737165144727
673,674.0,0.8864660630932423,3.0988301143874155,0.42877974886428755,0.3405357177263432,0.010664260912699317,0.1297449327114425,0.8942655740671888,-41.40737165144681
674,675.0,0.5159525761072298,9.103168651083566,0.42877975435585974,0.3405357193817812,0.010664260912698599,0.12974493271143814,0.8942655740671887,-41.40737165144728
675,676.0,0.7208451373473858,9.86599831007348,0.42877923509033095,0.3405354739580362,0.010664260915673402,0.12974493272953436,0.8942655740667433,-41.40737164949463
676,677.0,0.24401644364570796,5.703003436420719,0.42877975444261796,0.3405357189597958,0.010664260912698611,0.12974493271143822,0.8942655740671887,-41.40737165144727
677,678.0,0.2991033674936434,6.552824501433628,0.42877975448737093,0.34053571886853606,0.010664260912698611,0.12974493271143822,0.8942655740671887,-41.40737165144727
678,679.0,0.6082176757441441,0.2976637100451392,0.42877975241749183,0.34053572360289275,0.01066426091269864,0.1297449327114384,0.8942655740671881,-41.40737165144725
679,680.0,0.10529963675707765,7.713915018782555,0.428779755555759,0.34053571671943655,0.010664260912698611,0.12974493271143822,0.8942655740671887,-41.40737165144727
680,681.0,0.47253560640828063,1.9233574732500618,0.42877974011208075,0.34053571272572924,0.01066426091270199,0.12974493271145876,0.8942655740671887,-41.407371651445054
681,682.0,0.7121857537434608,1.7136559336560842,0.42877975374896615,0.34053572057580206,0.010664260912698611,0.12974493271143822,0.8942655740671885,-41.40737165144727
682,683.0,0.03733043703870664,5.822922113013947,0.42877975600048734,0.34053571582795067,0.010664260912698603,0.12974493271143817,0.8942655740671888,-41.40737165144728
683,684.0,0.5513824553951531,2.4736733583992705,0.4287797289998507,0.34053570932315563,0.010664260912707188,0.12974493271149037,0.8942655740671887,-41.40737165144164
684,685.0,0.06943455844489999,0.748518142454612,0.42877975318460965,0.34053572165345625,0.010664260912698637,0.12974493271143836,0.8942655740671883,-41.40737165144725
685,686.0,0.3028508368713463,4.218447174071538,0.42877922348767317,0.3405354675341496,0.010664260915811541,0.12974493273037468,0.8942655740667194,-41.407371649403956
686,687.0,0.011222401751424305,1.1672235862351377,0.42877975500800425,0.3405357187604481,0.01066426091269858,0.12974493271143803,0.8942655740671887,-41.4073716514473
687,688.0,0.33097686903374013,4.24226784749746,0.428779279161765,0.3405354953562067,0.010664260915190666,0.1297449327265978,0.8942655740668192,-41.407371649811495
688,689.0,0.3308190910058939,3.1259852276409954,0.4287794694189741,0.34053558598212297,0.01066426091360154,0.12974493271693086,0.894265574067062,-41.40737165085459
689,690.0,0.7669568005416391,1.1216042694243007,0.4287797533945288,0.3405357201223064,0.010664260912698665,0.12974493271143853,0.8942655740671884,-41.40737165144724
690,691.0,0.243230678896733,6.988671437054185,0.4287797544209966,0.34053571889181,0.010664260912698613,0.12974493271143822,0.8942655740671887,-41.40737165144727
691,692.0,0.37641885110060014,0.01460222089384225,0.4287797539327823,0.3405357192687292,0.010664260912698646,0.12974493271143842,0.8942655740671885,-41.40737165144725
692,693.0,0.4632980260398988,8.568179115906817,0.42877975396372026,0.34053572001890964,0.010664260912698615,0.12974493271143822,0.8942655740671885,-41.40737165144727
693,694.0,0.44084892077239046,9.1119677610791,0.42877975413470815,0.3405357195508552,0.010664260912698632,0.12974493271143836,0.8942655740671884,-41.40737165144726
694,695.0,0.5459939629017426,1.8851138747722538,0.42877974942722435,0.3405357180157923,0.010664260912699215,0.12974493271144188,0.8942655740671887,-41.40737165144687
695,696.0,0.6335867505157942,2.2034971492427675,0.42877974898741417,0.34053571809604993,0.010664260912699279,0.12974493271144227,0.8942655740671887,-41.40737165144684
696,697.0,0.21250769143396875,5.883670562882359,0.42877975451710015,0.3405357188448423,0.01066426091269861,0.12974493271143822,0.8942655740671887,-41.40737165144727
697,698.0,0.30166227888759634,4.83475634697704,0.4287797543656106,0.3405357192929415,0.010664260912698611,0.12974493271143822,0.8942655740671885,-41.40737165144727
698,699.0,0.08135168856171271,7.110168449829579,0.4287797553860209,0.3405357169954523,0.010664260912698611,0.12974493271143822,0.8942655740671887,-41.40737165144727
699,700.0,0.6211009503412105,6.376490897516191,0.4287794209217196,0.3405355625886369,0.010664260913932563,0.12974493271894455,0.8942655740670112,-41.40737165063731
700,701.0,0.9794259291203764,6.233255218950927,0.4287796509372623,0.34053566989523415,0.010664260912824079,0.12974493271220144,0.8942655740671736,-41.40737165136492
701,702.0,0.1818979773007381,5.537414017250378,0.42877975470910445,0.3405357183584188,0.01066426091269861,0.12974493271143822,0.8942655740671887,-41.40737165144727
702,703.0,0.9239136029503628,8.067984133791924,0.42877951277680826,0.34053560604444416,0.010664260913351226,0.12974493271540816,0.8942655740670986,-41.4073716510189
703,704.0,0.6722504204346831,7.274771206506513,0.4287793886283389,0.34053554723986545,0.010664260914180781,0.1297449327204545,0.8942655740669736,-41.407371650474374
704,705.0,0.46548662172492816,5.202712427303337,0.42877936822787033,0.34053553823552796,0.01066426091434677,0.12974493272146423,0.8942655740669498,-41.40737165036543
705,706.0,0.3873173303860685,4.1586567354285195,0.4287793933914815,0.34053555006635855,0.010664260914140824,0.12974493272021143,0.8942655740669807,-41.40737165050061
706,707.0,0.9292217161813618,6.084118777217503,0.42877964036778476,0.34053566718492256,0.010664260912847483,0.12974493271234383,0.8942655740671718,-41.40737165134956
707,708.0,0.9215185869457806,5.833070303023916,0.4287796519978735,0.34053567233948245,0.010664260912819691,0.12974493271217477,0.8942655740671752,-41.4073716513678
708,709.0,0.4027984947683254,0.6822892523554105,0.42877975288117626,0.34053572237574714,0.01066426091269863,0.12974493271143833,0.8942655740671883,-41.40737165144726
709,710.0,0.42919460740856985,5.283026523185053,0.4287793062621896,0.3405355074240901,0.010664260914919638,0.12974493272494908,0.8942655740668588,-41.40737164998939
710,711.0,0.3177659423129249,5.078968693027805,0.42877975398747875,0.34053571989643416,0.010664260912698625,0.1297449327114383,0.8942655740671885,-41.407371651447264
711,712.0,0.7024977937498027,2.6570818672877556,0.4287797447699443,0.34053571629294355,0.010664260912700242,0.12974493271144813,0.8942655740671887,-41.407371651446205
712,713.0,0.3477544719066975,9.983707075078854,0.42877975468067453,0.340535718443737,0.010664260912698604,0.12974493271143817,0.8942655740671888,-41.40737165144728
713,714.0,0.08517317304901562,6.20035315124083,0.4287797558500008,0.3405357162111034,0.010664260912698597,0.1297449327114381,0.8942655740671888,-41.407371651447285
714,715.0,0.3113873880866336,3.230617165830272,0.4287794145539842,0.3405355594365655,0.010664260913980098,0.1297449327192337,0.8942655740670039,-41.40737165060611
715,716.0,0.9261009329072706,5.848053667326104,0.428779653081626,0.3405356718741444,0.010664260912818174,0.1297449327121655,0.8942655740671748,-41.40737165136879
716,717.0,0.10972106095951695,1.5643071799090265,0.42877920774242506,0.3405354599273956,0.010664260915998314,0.12974493273151083,0.8942655740666899,-41.40737164928136
717,718.0,0.688048171112005,1.8324133602939823,0.42877975386934253,0.3405357196721929,0.010664260912698639,0.12974493271143836,0.8942655740671885,-41.40737165144725
718,719.0,0.2915705030350332,5.961556617427029,0.42877975433665455,0.34053571892555173,0.010664260912698629,0.1297449327114383,0.8942655740671885,-41.40737165144726
719,720.0,0.4890699852384257,5.364502993595834,0.4287793802860291,0.34053554318903984,0.010664260914248888,0.1297449327208688,0.8942655740669632,-41.407371650429674
720,721.0,0.10018583530095027,6.4111635004909076,0.4287797548010982,0.34053571828738105,0.010664260912698606,0.12974493271143817,0.8942655740671887,-41.40737165144728
721,722.0,0.975491541237006,8.161798948501179,0.4287795348981493,0.3405356166577459,0.010664260913238353,0.12974493271472154,0.8942655740671154,-41.40737165109299
722,723.0,0.5991942204164441,5.022112665549455,0.42877953397624147,0.34053561639258423,0.01066426091324249,0.1297449327147467,0.8942655740671148,-41.40737165109027
723,724.0,0.19245938598063927,9.792820920559627,0.4287797550791455,0.3405357176671321,0.010664260912698611,0.12974493271143822,0.8942655740671887,-41.40737165144727
724,725.0,0.8282178595578441,3.4501343611450457,0.42877973790213586,0.34053571160516116,0.010664260912702919,0.12974493271146442,0.8942655740671887,-41.40737165144444
725,726.0,0.996437993397462,6.4507034640162155,0.4287796446442434,0.3405356684543442,0.01066426091283759,0.12974493271228363,0.8942655740671726,-41.407371651356044
726,727.0,0.4176903249652638,9.73066911151747,0.42877975428521403,0.3405357193863019,0.010664260912698611,0.12974493271143822,0.8942655740671885,-41.40737165144727
727,728.0,0.8310371794339378,5.615524297651503,0.4287796289195628,0.34053566155516085,0.010664260912878308,0.12974493271253132,0.8942655740671676,-41.40737165132932
728,729.0,0.0046513575567598275,4.210466042382824,0.4287797558834528,0.3405357160462209,0.010664260912698604,0.12974493271143817,0.8942655740671887,-41.40737165144728
729,730.0,0.8143037741006164,2.076975022989416,0.4287797541354133,0.3405357193857292,0.01066426091269862,0.12974493271143825,0.8942655740671887,-41.407371651447264
730,731.0,0.6745503029316501,1.3080390584991304,0.42877987563715214,0.34053575762621596,0.01066426091282821,0.1297449327122266,0.8942655740671743,-41.4073716513622
731,732.0,0.36690721153037464,7.163694994531846,0.4287797545036049,0.340535719086051,0.010664260912698606,0.12974493271143817,0.8942655740671887,-41.40737165144728
732,733.0,0.7556987267546642,6.459707406633047,0.4287795239829999,0.34053561137624744,0.010664260913292827,0.1297449327150529,0.894265574067107,-41.40737165105723
733,734.0,0.32182549394254034,6.432135068329913,0.42877975422754816,0.34053571955273154,0.010664260912698603,0.12974493271143817,0.8942655740671887,-41.40737165144728
734,735.0,0.7009528945064043,2.729897492567624,0.4287797428785146,0.34053571572253205,0.010664260912700748,0.1297449327114512,0.8942655740671889,-41.40737165144587
735,736.0,0.3380687324328453,3.442886485997181,0.42877942554760334,0.34053556539631535,0.010664260913896972,0.12974493271872803,0.8942655740670178,-41.40737165066067
736,737.0,0.7800598478467424,0.6858824847523453,0.42877975366505644,0.340535719741186,0.010664260912698644,0.12974493271143842,0.8942655740671887,-41.40737165144725
737,738.0,0.8978067771504168,0.1662603552539686,0.42877975622928444,0.34053571407935135,0.010664260912698639,0.12974493271143836,0.8942655740671889,-41.40737165144725
738,739.0,0.7405404742083324,0.23213375455314586,0.4287797530302809,0.3405357198862214,0.010664260912698686,0.12974493271143867,0.8942655740671887,-41.40737165144722
739,740.0,0.8102853783494516,7.248585659687329,0.42877949998798875,0.34053559994914295,0.01066426091342128,0.12974493271583432,0.8942655740670881,-41.40737165097291
740,741.0,0.5530244859554394,3.2958278388359563,0.428779671416318,0.34053568007944207,0.01066426091278035,0.12974493271193543,0.8942655740671798,-41.407371651393625
741,742.0,0.15271853065859764,7.4217954025578,0.4287797550540077,0.34053571766588875,0.010664260912698606,0.12974493271143817,0.8942655740671888,-41.40737165144728
742,743.0,0.05531594521516214,0.8586068225616649,0.4287797524143503,0.34053572316412684,0.010664260912698653,0.12974493271143847,0.8942655740671882,-41.40737165144725
743,744.0,0.19073583849596865,5.913929724192891,0.42877975449949535,0.34053571870024757,0.010664260912698618,0.12974493271143825,0.8942655740671887,-41.40737165144727
744,745.0,0.7062244738405669,8.112610192506038,0.42877935125498584,0.3405355292351846,0.01066426091449734,0.12974493272238016,0.8942655740669248,-41.40737165026659
745,746.0,0.6868942240363595,5.0368523132518686,0.4287795965547095,0.340535645233563,0.01066426091298177,0.1297449327131607,0.894265574067152,-41.40737165126141
746,747.0,0.9773408266892772,0.5622924518429772,0.42877975463810664,0.3405357190664233,0.010664260912698599,0.12974493271143814,0.8942655740671887,-41.40737165144728
747,748.0,0.11103121787392722,7.4866867005146895,0.42877975475903063,0.3405357183742726,0.0106642609126986,0.12974493271143814,0.8942655740671888,-41.40737165144728
748,749.0,0.443041378855744,4.225165767062809,0.4287794646739995,0.3405355825323382,0.010664260913634848,0.1297449327171335,0.8942655740670549,-41.40737165083273
749,750.0,0.9456813325439641,4.735282909171459,0.4287797125213446,0.34053569980669207,0.010664260912721019,0.1297449327115745,0.8942655740671872,-41.40737165143257
750,751.0,0.9803227972026364,0.2733330514317037,0.4287797526936697,0.34053572391593095,0.010664260912698615,0.12974493271143822,0.8942655740671881,-41.40737165144727
751,752.0,0.4865863489250717,8.81896977251705,0.42877975418781794,0.3405357197499924,0.010664260912698599,0.12974493271143814,0.8942655740671887,-41.40737165144728
752,753.0,0.4904012327755962,2.8306675949310875,0.42877968025635677,0.34053568423475067,0.010664260912764532,0.12974493271183923,0.8942655740671819,-41.407371651404
753,754.0,0.2891673235959721,5.309894940831838,0.4287797545026079,0.34053571907875724,0.010664260912698606,0.12974493271143817,0.8942655740671887,-41.40737165144728
754,755.0,0.56233644562441,0.5758016443388497,0.42877975448365546,0.3405357195460242,0.010664260912698604,0.12974493271143817,0.8942655740671884,-41.40737165144728
755,756.0,0.6369325048923064,5.38022409970303,0.4287795302754911,0.3405356136289268,0.0106642609132628,0.12974493271487028,0.8942655740671106,-41.40737165107694
756,757.0,0.7286129726058507,6.166022089096459,0.4287795287873807,0.3405356146062159,0.01066426091326659,0.12974493271489332,0.8942655740671122,-41.407371651074456
757,758.0,0.7333659663421442,6.409817396168318,0.4287795122364042,0.34053560618186807,0.010664260913353223,0.1297449327154203,0.8942655740670986,-41.407371651017584
758,759.0,0.7064576066112794,0.08587625243055379,0.42877975533905166,0.34053571780893205,0.010664260912698576,0.129744932711438,0.8942655740671888,-41.4073716514473
759,760.0,0.5050385919580406,8.933956031530885,0.42877975418184583,0.34053571928366566,0.010664260912698615,0.12974493271143822,0.8942655740671887,-41.40737165144727
760,761.0,0.6231267446325548,4.79429632521951,0.42877957512559506,0.34053563563501205,0.010664260913061096,0.12974493271364326,0.894265574067141,-41.40737165120934
761,762.0,0.1249742965714361,0.5601293622412303,0.4287797515692906,0.34053572471873883,0.010664260912698686,0.12974493271143867,0.8942655740671879,-41.40737165144722
762,763.0,0.41871485309422096,1.406079768389373,0.42877975000824997,0.34053571903112484,0.010664260912699066,0.12974493271144097,0.8942655740671887,-41.40737165144697
763,764.0,0.47799920136686735,1.1710779133378177,0.4287797540463882,0.34053571981999387,0.010664260912698618,0.12974493271143825,0.8942655740671885,-41.40737165144727
764,765.0,0.07590662195237619,1.6318430243074413,0.4287797540287745,0.3405357200588886,0.010664260912698604,0.12974493271143817,0.8942655740671887,-41.40737165144728
765,766.0,0.7896732935849031,6.788247741421759,0.4287795213319609,0.340535609571859,0.010664260913307596,0.12974493271514276,0.8942655740671042,-41.407371651047534
766,767.0,0.4143955761171394,4.546400853979081,0.42877938033115887,0.34053554305278433,0.010664260914249072,0.12974493272086993,0.8942655740669628,-41.40737165042955
767,768.0,0.18651465976026338,8.776758702435197,0.42877975494623943,0.34053571790022596,0.010664260912698608,0.1297449327114382,0.8942655740671887,-41.40737165144728
768,769.0,0.710805630315366,8.39371748319334,0.4287793328645096,0.34053552161844713,0.010664260914659413,0.1297449327233661,0.8942655740669024,-41.40737165016021
769,770.0,0.658725601796003,4.995281575992666,0.42877958169295727,0.3405356388133361,0.010664260913035364,0.12974493271348672,0.8942655740671447,-41.40737165122623
770,771.0,0.15841757317519212,6.135125174079565,0.42877975496209236,0.34053571819069955,0.010664260912698604,0.12974493271143817,0.8942655740671887,-41.40737165144728
771,772.0,0.29535602050000487,7.432164258214738,0.4287797548705353,0.34053571800853877,0.01066426091269861,0.12974493271143822,0.8942655740671887,-41.40737165144727
772,773.0,0.9850064174531185,5.562997642458538,0.4287796858942705,0.3405356875284402,0.010664260912754901,0.12974493271178061,0.8942655740671832,-41.40737165141032
773,774.0,0.35644480817371416,1.8897217886076796,0.4287797005910696,0.3405356953795912,0.010664260912733745,0.12974493271165194,0.8942655740671861,-41.407371651424214
774,775.0,0.09990412842830965,3.971896050492791,0.4287797548625122,0.34053571800927973,0.010664260912698603,0.12974493271143817,0.8942655740671888,-41.40737165144728
775,776.0,0.2771429376720992,0.411568154379399,0.4287797545660641,0.3405357192586344,0.0106642609126986,0.12974493271143814,0.8942655740671885,-41.40737165144728
776,777.0,0.8441796411838445,9.013555434320017,0.4287793971645154,0.34053555137324937,0.010664260914112707,0.1297449327200404,0.894265574066984,-41.40737165051906
777,778.0,0.8995175842819202,2.720691969643095,0.4287797519939704,0.34053572068840104,0.01066426091269875,0.12974493271143903,0.8942655740671885,-41.407371651447185
778,779.0,0.47589784165850046,1.4255426493316703,0.4287797524644919,0.3405357200975975,0.010664260912698743,0.12974493271143903,0.8942655740671884,-41.407371651447185
779,780.0,0.7793002787674391,3.605931824327321,0.4287797247453522,0.3405357075698053,0.010664260912709934,0.12974493271150708,0.8942655740671885,-41.407371651439846
780,781.0,0.4346932383765135,1.8324427794480898,0.42877973643431905,0.3405357117987961,0.01066426091270342,0.12974493271146745,0.8942655740671887,-41.40737165144412
781,782.0,0.6307009663496591,1.1972996928809394,0.42877984061936064,0.3405357478812363,0.010664260912763146,0.1297449327118308,0.8942655740671801,-41.407371651404915
782,783.0,0.7470532130218541,2.266228151952456,0.4287797527159621,0.3405357190123791,0.010664260912698759,0.1297449327114391,0.8942655740671885,-41.40737165144718
783,784.0,0.6384331992422807,0.029311069810250622,0.4287797534196369,0.340535721887929,0.010664260912698613,0.12974493271143822,0.8942655740671883,-41.40737165144727
784,785.0,0.008624125143845474,8.798652505345045,0.4287797558462513,0.34053571590698756,0.010664260912698618,0.12974493271143825,0.8942655740671887,-41.40737165144727
785,786.0,0.1420988518055495,9.015010407956142,0.428779755343646,0.340535717193906,0.010664260912698596,0.1297449327114381,0.8942655740671888,-41.407371651447285
786,787.0,0.9975785178304516,7.290831160193389,0.4287795984031928,0.3405356450863095,0.010664260912976852,0.12974493271313078,0.8942655740671518,-41.40737165126463
787,788.0,0.17540761685459338,0.19985807214421455,0.42877975241485533,0.34053572369052304,0.010664260912698644,0.12974493271143842,0.8942655740671881,-41.40737165144725
788,789.0,0.3737016189490443,0.8883387039404889,0.42877975234067434,0.3405357220366056,0.010664260912698679,0.12974493271143864,0.8942655740671884,-41.40737165144723
789,790.0,0.4547291293310344,0.811739876791329,0.42877975222318904,0.34053572307123803,0.010664260912698665,0.12974493271143853,0.8942655740671882,-41.40737165144724
790,791.0,0.6935605899029457,5.8057778251209475,0.42877953482808423,0.34053561622570544,0.010664260913239538,0.12974493271472876,0.8942655740671146,-41.40737165109221
791,792.0,0.47014839771593564,3.941344384106913,0.42877953379489403,0.34053561640795427,0.010664260913243165,0.12974493271475082,0.8942655740671148,-41.40737165108983
792,793.0,0.34036394157748895,4.234055268218511,0.4287792990328106,0.34053550442120306,0.010664260914989477,0.12974493272537393,0.8942655740668491,-41.407371649943556
793,794.0,0.29698791562857474,0.5847671350261284,0.4287797547408734,0.3405357190970367,0.010664260912698599,0.12974493271143814,0.8942655740671885,-41.40737165144728
794,795.0,0.9069761560008667,0.8533295399981475,0.4287798190919536,0.34053581251158926,0.010664260912785021,0.12974493271196386,0.8942655740671144,-41.40737165139055
795,796.0,0.044324043941277425,0.6727569730911914,0.4287797550504717,0.34053571747445643,0.01066426091269862,0.12974493271143825,0.8942655740671887,-41.407371651447264
796,797.0,0.5869612148640594,7.68432925811734,0.4287792648285727,0.3405354887412872,0.010664260915341381,0.1297449327275146,0.8942655740667965,-41.407371649712566
797,798.0,0.7365516226438902,1.555003074628024,0.4287801381970581,0.3405358144441384,0.010664260913978764,0.12974493271922558,0.8942655740671114,-41.40737165060698
798,799.0,0.1753719616990399,9.490637419278345,0.42877975544350216,0.3405357168051755,0.010664260912698608,0.1297449327114382,0.8942655740671888,-41.40737165144728
799,800.0,0.15252015399432783,5.298138721593526,0.42877975452914985,0.3405357186769933,0.010664260912698613,0.12974493271143822,0.8942655740671887,-41.40737165144727
800,801.0,0.3310430677204895,3.6305014977717662,0.42877938035315377,0.34053554343005993,0.01066426091424762,0.1297449327208611,0.8942655740669636,-41.407371650430505
801,802.0,0.2811234859006252,8.401544468086373,0.4287797546219769,0.34053571863942383,0.010664260912698604,0.12974493271143817,0.8942655740671887,-41.40737165144728
802,803.0,0.14953569881806927,8.13289160478566,0.4287797553373201,0.3405357171292521,0.010664260912698606,0.12974493271143817,0.8942655740671887,-41.40737165144728
803,804.0,0.869588458917672,7.694343822246888,0.4287795056311851,0.3405356028444726,0.010664260913389454,0.12974493271564072,0.8942655740670931,-41.4073716509938
804,805.0,0.10909174398526678,1.350648383182025,0.42877930237239703,0.3405355057979479,0.010664260914957127,0.12974493272517712,0.8942655740668536,-41.40737164996479
805,806.0,0.9514138973081023,6.555143832120759,0.42877962154791055,0.340535658036196,0.01066426091289956,0.1297449327126606,0.8942655740671646,-41.40737165131537
806,807.0,0.681042095165826,6.443588329573071,0.42877946937631517,0.3405355843374281,0.010664260913606194,0.1297449327169592,0.8942655740670586,-41.40737165085154
807,808.0,0.7363314807281954,3.6033785587741427,0.42877971658094205,0.34053570199891653,0.010664260912717055,0.1297449327115504,0.8942655740671878,-41.40737165143517
808,809.0,0.9258619890706026,3.218567547948875,0.4287797495128736,0.3405357170228531,0.010664260912699274,0.12974493271144222,0.8942655740671887,-41.40737165144684
809,810.0,0.8329158683280632,9.27386401533937,0.4287793710205886,0.3405355381622857,0.010664260914328276,0.12974493272135174,0.8942655740669495,-41.40737165037756
810,811.0,0.20266751008984618,3.6552735541011927,0.42877975421812525,0.34053571969618146,0.010664260912698599,0.12974493271143814,0.8942655740671887,-41.40737165144728
811,812.0,0.8661068191629812,3.6552398006858042,0.42877973650504353,0.3405357114316681,0.010664260912703468,0.12974493271146775,0.8942655740671885,-41.40737165144408
812,813.0,0.30466723005302576,3.5473752744945504,0.4287793421653925,0.3405355253358197,0.010664260914577096,0.12974493272286533,0.8942655740669134,-41.407371650214245
813,814.0,0.774067049643037,3.875701913901803,0.4287797125363836,0.3405356999231999,0.010664260912720954,0.12974493271157414,0.8942655740671872,-41.407371651432605
814,815.0,0.1622128960914856,8.248329670809701,0.4287797551742842,0.34053571726969745,0.01066426091269861,0.12974493271143822,0.8942655740671888,-41.40737165144727
815,816.0,0.23517529032686613,9.661767659734487,0.42877975456032164,0.340535718793964,0.01066426091269861,0.12974493271143822,0.8942655740671887,-41.40737165144727
816,817.0,0.16657402346603256,2.9235534101166225,0.42877975420703757,0.34053571961433876,0.010664260912698618,0.12974493271143825,0.8942655740671885,-41.40737165144727
817,818.0,0.5278526753697479,0.44672893192339413,0.42877975346926683,0.3405357202038191,0.010664260912698639,0.12974493271143836,0.8942655740671887,-41.40737165144725
818,819.0,0.2855051791672857,4.768766423069797,0.42877975458806744,0.34053571898424617,0.010664260912698599,0.12974493271143814,0.8942655740671887,-41.40737165144728
819,820.0,0.2964004797446339,6.872583863902012,0.42877975431532966,0.34053571918994313,0.010664260912698599,0.12974493271143814,0.8942655740671888,-41.40737165144728
820,821.0,0.5239140667071157,6.370642221760262,0.42877931375126493,0.3405355126152749,0.010664260914839767,0.1297449327244632,0.8942655740668751,-41.407371650041824
821,822.0,0.8719461070637907,3.7087678816269016,0.42877973524182067,0.3405357119670501,0.010664260912703834,0.12974493271146997,0.8942655740671888,-41.407371651443846
822,823.0,0.19368162021146873,3.77936140576181,0.428779754234087,0.3405357195637968,0.010664260912698613,0.12974493271143822,0.8942655740671885,-41.40737165144727
823,824.0,0.2879851775557061,6.133900704461994,0.4287797545603275,0.3405357188740909,0.010664260912698613,0.12974493271143822,0.8942655740671885,-41.40737165144727
824,825.0,0.16097670827760724,3.4772823826790367,0.4287797543327868,0.3405357190894509,0.01066426091269862,0.12974493271143825,0.8942655740671887,-41.407371651447264
825,826.0,0.9365419456776382,1.5725736158885428,0.4287797574196311,0.3405357236110027,0.01066426091269848,0.1297449327114374,0.8942655740671881,-41.407371651447356
826,827.0,0.7861502385837189,4.8435857640615785,0.428779660885006,0.34053567606946733,0.010664260912800575,0.12974493271205847,0.8942655740671774,-41.407371651380345
827,828.0,0.3859149116345586,4.386472903988508,0.4287793574695054,0.34053553346744975,0.010664260914437937,0.1297449327220188,0.8942655740669366,-41.407371650305585
828,829.0,0.7512707629981492,2.7733324662147125,0.42877974631229726,0.34053571696862034,0.010664260912699838,0.12974493271144566,0.8942655740671888,-41.40737165144647
829,830.0,0.5111323915959,5.478454283929591,0.42877939454637803,0.3405355500687821,0.01066426091413353,0.12974493272016704,0.8942655740669808,-41.4073716505054
830,831.0,0.25865939013574024,3.204073653322581,0.42877930162525296,0.34053550664214355,0.010664260914959424,0.1297449327251911,0.8942655740668563,-41.40737164996328
831,832.0,0.32785274365182504,9.813394216317702,0.42877975464212453,0.34053571873504923,0.0106642609126986,0.12974493271143814,0.8942655740671887,-41.40737165144728
832,833.0,0.2723094767770071,6.8012216300719714,0.428779754904438,0.34053571827457124,0.01066426091269861,0.12974493271143822,0.8942655740671885,-41.40737165144727
833,834.0,0.6432643446011934,3.3533919216255366,0.4287797042551123,0.34053569680936985,0.010664260912729501,0.12974493271162613,0.8942655740671864,-41.407371651427
834,835.0,0.8174310926192973,2.5129931753314105,0.42877975196464807,0.3405357201010551,0.010664260912698786,0.12974493271143928,0.8942655740671885,-41.40737165144716
835,836.0,0.9971112017489078,9.268554541674781,0.42877947858331145,0.3405355904547389,0.010664260913544664,0.12974493271658488,0.8942655740670705,-41.40737165089193
836,837.0,0.9365835864730807,5.759220022136538,0.42877966170627524,0.34053567607094276,0.01066426091279917,0.12974493271204993,0.8942655740671777,-41.40737165138127
837,838.0,0.03934524095602021,6.039394097852794,0.42877975584864986,0.34053571595920656,0.010664260912698611,0.12974493271143822,0.8942655740671888,-41.40737165144727
838,839.0,0.99881119951432,7.533835217164869,0.4287795840391072,0.3405356399435875,0.010664260913026394,0.12974493271343215,0.8942655740671461,-41.40737165123212
839,840.0,0.1256779192774915,6.237528548964927,0.42877975486370634,0.34053571790889064,0.010664260912698627,0.1297449327114383,0.8942655740671885,-41.407371651447264
840,841.0,0.651618562889519,4.5733786287336615,0.4287796141924166,0.3405356546080315,0.010664260912921846,0.1297449327127962,0.8942655740671615,-41.40737165130074
841,842.0,0.9550268049399534,6.196405025964279,0.4287796437445794,0.3405356682514919,0.010664260912839575,0.12974493271229573,0.8942655740671724,-41.407371651354744
842,843.0,0.7616093713098041,9.316452007774526,0.42877931043360545,0.34053550965171975,0.010664260914877762,0.12974493272469434,0.8942655740668658,-41.407371650016884
843,844.0,0.7454685951928605,8.374665311608034,0.4287793649278356,0.3405355365633513,0.010664260914375247,0.12974493272163745,0.8942655740669452,-41.40737165034673
844,845.0,0.719875955173913,2.138765356955152,0.4287797526706581,0.340535719678339,0.010664260912698724,0.1297449327114389,0.8942655740671887,-41.4073716514472
845,846.0,0.859379423599273,9.166814398518218,0.42877939744804844,0.3405355522980952,0.010664260914107798,0.12974493272001053,0.8942655740669865,-41.407371650522286
846,847.0,0.9064504597135636,0.35350306016903055,0.42877977091844355,0.34053568928904077,0.010664260912698984,0.12974493271144047,0.894265574067184,-41.40737165144703
847,848.0,0.48991613566273773,4.298999222556565,0.4287795102687806,0.34053560482136075,0.010664260913364766,0.12974493271549054,0.8942655740670964,-41.40737165101001
848,849.0,0.9401702655060211,6.380057553516004,0.4287796278789437,0.34053565943534314,0.010664260912883208,0.12974493271256113,0.8942655740671657,-41.4073716513261
849,850.0,0.4789673239811123,5.852138636039231,0.4287793111739791,0.34053550960035883,0.01066426091487223,0.1297449327246607,0.8942655740668657,-41.407371650020515
850,851.0,0.42809637690292435,1.0392458278748498,0.42877975180219097,0.3405357248712787,0.010664260912698663,0.12974493271143853,0.8942655740671879,-41.40737165144724
851,852.0,0.24597321236997205,3.6032157794377144,0.4287791888827465,0.34053545185249995,0.01066426091622364,0.12974493273288154,0.8942655740666576,-41.40737164913345
852,853.0,0.6464865767462286,3.2894345913416725,0.42877970946704624,0.3405356984393593,0.010664260912724103,0.1297449327115933,0.894265574067187,-41.40737165143054
853,854.0,0.19250637888210043,4.907513355302245,0.4287797551363478,0.34053571761217727,0.010664260912698604,0.12974493271143817,0.8942655740671887,-41.40737165144728
854,855.0,0.9614677012532733,1.0083860856715752,0.42877976112611527,0.3405357230423479,0.01066426091269857,0.12974493271143794,0.8942655740671881,-41.407371651447306
855,856.0,0.896109912806736,4.0633988071714375,0.42877972839341744,0.3405357070538403,0.010664260912708105,0.12974493271149595,0.8942655740671883,-41.40737165144104
856,857.0,0.5447812960098335,1.2321003700454531,0.4287797537099434,0.34053572051401054,0.010664260912698615,0.12974493271143822,0.8942655740671885,-41.40737165144727
857,858.0,0.488049713025809,4.5903329157392285,0.4287794721505945,0.34053558714168813,0.010664260913584859,0.12974493271682938,0.8942655740670641,-41.40737165086554
858,859.0,0.07628710495542756,5.273311302721699,0.42877975487545766,0.3405357180756826,0.010664260912698599,0.12974493271143814,0.8942655740671888,-41.40737165144728
859,860.0,0.25485053759396104,4.94292506222877,0.428779754220581,0.3405357196342413,0.010664260912698604,0.12974493271143817,0.8942655740671887,-41.40737165144728
860,861.0,0.30399188012550504,0.4196846249136581,0.4287797529376555,0.3405357217629193,0.010664260912698646,0.12974493271143842,0.8942655740671884,-41.40737165144725
861,862.0,0.2537067922060303,1.5267904302564477,0.42877966864616807,0.3405356783319904,0.010664260912786017,0.1297449327119699,0.894265574067179,-41.4073716513899
862,863.0,0.2424775368715082,8.129359238299898,0.4287797549370546,0.3405357181296936,0.0106642609126986,0.12974493271143814,0.8942655740671888,-41.40737165144728
863,864.0,0.37108987159802487,1.1080528934282674,0.4287797526467627,0.3405357198683807,0.010664260912698736,0.12974493271143897,0.8942655740671885,-41.40737165144719
864,865.0,0.8349410833958116,2.676738923406705,0.4287797513735315,0.3405357192876432,0.010664260912698877,0.12974493271143983,0.8942655740671887,-41.4073716514471
865,866.0,0.47510779043727525,1.915539073588012,0.4287797406949289,0.34053571331317006,0.010664260912701716,0.1297449327114571,0.8942655740671888,-41.40737165144523
866,867.0,0.3943420287440066,8.54758590624496,0.42877975447088584,0.34053571870738797,0.010664260912698625,0.1297449327114383,0.8942655740671885,-41.407371651447264
867,868.0,0.5642419509887372,4.612834894006411,0.42877954645064315,0.3405356222969827,0.010664260913183472,0.1297449327143877,0.8942655740671236,-41.40737165112901
868,869.0,0.1662027912785018,8.165912383096158,0.42877975510447475,0.34053571732815824,0.010664260912698611,0.12974493271143822,0.8942655740671888,-41.40737165144727
869,870.0,0.5511706368283742,9.156697515373013,0.4287797542450152,0.3405357192346772,0.010664260912698625,0.1297449327114383,0.8942655740671885,-41.407371651447264
870,871.0,0.1313030401468427,8.318248634828993,0.42877975531927387,0.34053571696988943,0.010664260912698616,0.12974493271143822,0.8942655740671887,-41.40737165144727
871,872.0,0.07382394033760176,6.738646019315144,0.42877975524444667,0.3405357171257083,0.0106642609126986,0.12974493271143814,0.8942655740671889,-41.40737165144728
872,873.0,0.649105362652351,6.493678081799987,0.4287794363055485,0.3405355701382805,0.010664260913821584,0.12974493271826942,0.8942655740670284,-41.407371650710154
873,874.0,0.3049394886841107,8.653917769877026,0.4287797542700846,0.34053571935029125,0.01066426091269861,0.12974493271143822,0.8942655740671887,-41.40737165144727
874,875.0,0.485154239340145,9.90066761351539,0.4287797546639028,0.3405357184746714,0.010664260912698613,0.12974493271143822,0.8942655740671887,-41.40737165144727
875,876.0,0.5312960747147188,2.940794224029892,0.42877969088064527,0.34053568983842186,0.010664260912747388,0.12974493271173493,0.8942655740671842,-41.407371651415254
876,877.0,0.876597109149987,6.6422673174681375,0.4287795822277897,0.3405356387579993,0.010664260913033803,0.12974493271347723,0.8942655740671449,-41.40737165122726
877,878.0,0.5470629994387504,8.926649504722572,0.4287797547623996,0.34053571847655795,0.010664260912698597,0.1297449327114381,0.8942655740671888,-41.407371651447285
878,879.0,0.8383891227877367,8.90610720709403,0.42877940016347793,0.3405355531151087,0.010664260914088177,0.12974493271989115,0.8942655740669886,-41.40737165053516
879,880.0,0.9278897809353405,6.247748720344158,0.42877963048356527,0.3405356614121461,0.010664260912875013,0.12974493271251128,0.8942655740671673,-41.40737165133148
880,881.0,0.40233213140078405,6.67791766624433,0.42877975382167627,0.3405357205643385,0.010664260912698615,0.12974493271143822,0.8942655740671885,-41.40737165144727
881,882.0,0.7784150444633321,0.2607332630759024,0.4287797588442603,0.34053571251358794,0.010664260912698533,0.12974493271143772,0.8942655740671887,-41.40737165144733
882,883.0,0.25780482283661743,6.67729914450226,0.4287797543883534,0.3405357191755068,0.010664260912698611,0.12974493271143822,0.8942655740671887,-41.40737165144727
883,884.0,0.13863962534301422,9.65834731002322,0.42877975526676426,0.3405357169132333,0.010664260912698611,0.12974493271143822,0.8942655740671888,-41.40737165144727
884,885.0,0.6005148771285538,5.17931008566991,0.4287795191527896,0.34053560949942013,0.010664260913316723,0.12974493271519827,0.8942655740671042,-41.407371651041544
885,886.0,0.31548023138987313,8.677551063592249,0.4287797544191448,0.3405357189013205,0.010664260912698611,0.12974493271143822,0.8942655740671887,-41.40737165144727
886,887.0,0.517602355315258,8.157214728945714,0.4287797544044913,0.340535719082943,0.010664260912698611,0.12974493271143822,0.8942655740671887,-41.40737165144727
887,888.0,0.7696395961744887,8.657605202594079,0.4287793644742231,0.3405355355962382,0.010664260914381898,0.12974493272167792,0.8942655740669426,-41.40737165034237
888,889.0,0.9302589298678071,2.6636035575970562,0.42877975312612127,0.3405357200107558,0.010664260912698684,0.12974493271143864,0.8942655740671885,-41.40737165144723
889,890.0,0.5160223342338205,8.154636751476193,0.42877975416136627,0.3405357197308975,0.01066426091269861,0.12974493271143822,0.8942655740671885,-41.40737165144727
890,891.0,0.0641726776485455,3.6402997441311444,0.4287797551726874,0.34053571708846614,0.0106642609126986,0.12974493271143814,0.8942655740671889,-41.40737165144728
891,892.0,0.13861352485086265,5.389663730848514,0.4287797544460405,0.3405357190390567,0.010664260912698608,0.1297449327114382,0.8942655740671887,-41.40737165144728
892,893.0,0.38214415683602165,0.9864089934364441,0.4287797532653608,0.3405357210796352,0.010664260912698635,0.12974493271143836,0.8942655740671885,-41.40737165144726
893,894.0,0.5914226246101082,0.6604790609901681,0.4287797530539582,0.34053572228993156,0.01066426091269862,0.12974493271143825,0.8942655740671884,-41.407371651447264
894,895.0,0.43217529288486134,4.24839062761049,0.42877944671653034,0.3405355750694411,0.010664260913749958,0.12974493271783372,0.8942655740670394,-41.40737165075717
895,896.0,0.1381971538106218,2.675436879656071,0.42877975461603574,0.3405357185942213,0.0106642609126986,0.12974493271143814,0.8942655740671888,-41.40737165144728
896,897.0,0.9611492238987399,1.8103329469540028,0.4287798285978623,0.34053574720544677,0.01066426091274765,0.1297449327117365,0.8942655740671805,-41.40737165141508
897,898.0,0.17582192220744708,3.075880302505027,0.4287797541752782,0.34053571952975775,0.010664260912698622,0.12974493271143828,0.8942655740671885,-41.407371651447264
898,899.0,0.4645817855894586,3.3954825382830514,0.42877959772940505,0.34053564655318436,0.010664260912976514,0.12974493271312873,0.8942655740671535,-41.40737165126486
899,900.0,0.46850606455247645,2.7787945967547882,0.42877967248095405,0.3405356810454447,0.010664260912777989,0.12974493271192108,0.8942655740671803,-41.407371651395174
900,901.0,0.8705333453779742,2.1905991020416247,0.42877975387413464,0.3405357201912432,0.010664260912698616,0.12974493271143822,0.8942655740671885,-41.40737165144727
901,902.0,0.2629134584647419,6.396881126090119,0.4287797549794344,0.340535718075482,0.010664260912698592,0.12974493271143808,0.8942655740671888,-41.407371651447285
902,903.0,0.2669018483068871,6.217045000343699,0.42877975415819974,0.3405357197713034,0.010664260912698611,0.12974493271143822,0.8942655740671885,-41.40737165144727
903,904.0,0.0782418819554469,5.776885208973986,0.4287797555541155,0.340535716735954,0.0106642609126986,0.12974493271143814,0.8942655740671888,-41.40737165144728
904,905.0,0.8583237149896574,0.5264069071846248,0.4287797516229227,0.34053572389044984,0.010664260912698696,0.12974493271143872,0.8942655740671881,-41.407371651447214
905,906.0,0.16705507979911027,9.346956211651637,0.42877975491842063,0.34053571806289273,0.010664260912698606,0.12974493271143817,0.8942655740671887,-41.40737165144728
906,907.0,0.5852076451778981,4.868364736638782,0.428779537670784,0.3405356181324001,0.010664260913224676,0.12974493271463836,0.8942655740671175,-41.40737165110197
907,908.0,0.5370248320705527,8.109383591359563,0.4287797540582414,0.34053571987558073,0.010664260912698616,0.12974493271143822,0.8942655740671885,-41.40737165144727
908,909.0,0.9463583982381685,8.256222434935886,0.4287795131770428,0.34053560626588125,0.010664260913349035,0.12974493271539483,0.8942655740670988,-41.407371651020334
909,910.0,0.01075744740695972,8.983690470200573,0.42877975570969196,0.3405357159966988,0.010664260912698615,0.12974493271143822,0.8942655740671888,-41.40737165144727
910,911.0,0.8549636622642229,2.0812993156959045,0.428779753483865,0.3405357209351042,0.010664260912698623,0.12974493271143828,0.8942655740671884,-41.407371651447264
911,912.0,0.8716805768063092,7.610073268335658,0.4287795128527025,0.3405356061623108,0.010664260913350659,0.12974493271540471,0.8942655740670985,-41.40737165101927
912,913.0,0.9068998344197698,4.467841831034143,0.4287797155512,0.3405357010739923,0.010664260912718191,0.12974493271155732,0.8942655740671873,-41.40737165143442
913,914.0,0.6600030434040975,9.997986331764492,0.42877975430660203,0.3405357196186509,0.010664260912698606,0.12974493271143817,0.8942655740671885,-41.40737165144728
914,915.0,0.8469353919704359,3.4985239339918666,0.4287797382570149,0.3405357125941894,0.01066426091270262,0.1297449327114626,0.8942655740671888,-41.40737165144464
915,916.0,0.6561722363574233,2.5320963298708508,0.4287797432419062,0.34053571639318253,0.010664260912700584,0.1297449327114502,0.8942655740671888,-41.40737165144598
916,917.0,0.9803503067114194,0.06171258218917665,0.42877975321552375,0.34053572179839636,0.010664260912698623,0.12974493271143828,0.8942655740671884,-41.407371651447264
917,918.0,0.8302481284869724,9.560864379161808,0.42877934931703465,0.34053552891613975,0.010664260914512242,0.1297449327224708,0.8942655740669238,-41.40737165025681
918,919.0,0.27158284250875586,0.6887764449150556,0.428779752294128,0.34053572456102404,0.010664260912698618,0.12974493271143825,0.8942655740671881,-41.40737165144727
919,920.0,0.19705445483397976,0.023578641205998004,0.4287797548121935,0.34053571829281004,0.010664260912698608,0.1297449327114382,0.8942655740671887,-41.40737165144728
920,921.0,0.7162146136666485,8.616274778079958,0.42877932103531025,0.3405355151864583,0.010664260914773613,0.12974493272406076,0.8942655740668831,-41.407371650085246
921,922.0,0.7994107822325696,4.810894560931692,0.4287796683468853,0.3405356788717702,0.010664260912786057,0.12974493271197016,0.894265574067179,-41.40737165138987
922,923.0,0.2631454416134007,3.1215454440683104,0.4287793302634149,0.34053551972489937,0.010664260914686152,0.12974493272352874,0.894265574066897,-41.40737165014266
923,924.0,0.23636899270291145,2.637066550497497,0.428779369450005,0.3405355386475618,0.01066426091433704,0.12974493272140505,0.894265574066951,-41.407371650371815
924,925.0,0.5175857723928992,6.785662351647359,0.428779264018082,0.34053548797860683,0.010664260915351833,0.12974493272757817,0.8942655740667939,-41.4073716497057
925,926.0,0.2945561746909813,9.970505690323922,0.42877975528479045,0.3405357172418343,0.010664260912698596,0.1297449327114381,0.8942655740671888,-41.407371651447285
926,927.0,0.43769571018057785,3.6054179657032908,0.428779542267144,0.3405356213082574,0.01066426091320091,0.12974493271449378,0.894265574067122,-41.407371651117565
927,928.0,0.8804317720466506,7.812167570314605,0.42877950406963494,0.34053560258058835,0.01066426091339692,0.12974493271568616,0.8942655740670925,-41.40737165098891
928,929.0,0.13658769101730206,2.2940525975097072,0.42877975422694803,0.3405357198138187,0.010664260912698604,0.12974493271143817,0.8942655740671885,-41.40737165144728
929,930.0,0.9810886562782354,6.3164751903896255,0.4287796464356342,0.3405356693095798,0.010664260912833217,0.12974493271225704,0.8942655740671731,-41.407371651358915
930,931.0,0.7472234384801371,1.8634084341747394,0.42877975336299046,0.34053572104378654,0.01066426091269863,0.12974493271143833,0.8942655740671885,-41.40737165144726
931,932.0,0.9915074104648948,4.989717161897109,0.4287797109557245,0.34053570077553713,0.010664260912721872,0.1297449327115797,0.8942655740671873,-41.407371651432
932,933.0,0.23629180562404173,4.99646013768229,0.42877975450931627,0.34053571884692163,0.010664260912698627,0.1297449327114383,0.8942655740671885,-41.407371651447264
933,934.0,0.1800638232843319,7.126243322530329,0.4287797546439118,0.3405357183668397,0.01066426091269861,0.12974493271143822,0.8942655740671888,-41.40737165144727
934,935.0,0.3541078542969376,9.330690986783756,0.4287797546907519,0.34053571866773596,0.010664260912698603,0.12974493271143817,0.8942655740671887,-41.40737165144728
935,936.0,0.299078250966064,0.32932767511675504,0.42878749673600663,0.34052131745645026,0.010664261075921591,0.12974493370435064,0.8942655724688278,-41.407371544308035
936,937.0,0.16029812092727835,0.8717241904391939,0.42877975483874603,0.34053571847943487,0.010664260912698587,0.12974493271143808,0.8942655740671888,-41.40737165144729
937,938.0,0.9448484094458517,9.908001350901605,0.42877940792023256,0.3405355566763509,0.010664260914028867,0.1297449327195304,0.8942655740669974,-41.4073716505741
938,939.0,0.8850562549065827,4.458806136360896,0.42877971113768165,0.34053569998458116,0.010664260912722054,0.1297449327115808,0.8942655740671872,-41.40737165143189
939,940.0,0.6764502126992047,0.9805704814808941,0.42877975340912405,0.34053572068271953,0.010664260912698635,0.12974493271143836,0.8942655740671885,-41.40737165144726
940,941.0,0.7007855105541836,1.7374289139916774,0.4287797537477197,0.3405357204918927,0.010664260912698634,0.12974493271143836,0.8942655740671883,-41.40737165144726
941,942.0,0.4477224887802579,4.444778824900101,0.4287794409884868,0.34053557207524876,0.010664260913789919,0.1297449327180768,0.8942655740670327,-41.40737165073094
942,943.0,0.24923141142096972,3.8994558160781776,0.4287797545491008,0.3405357187545887,0.010664260912698613,0.12974493271143822,0.8942655740671887,-41.40737165144727
943,944.0,0.6048603954320292,7.419897521684982,0.428779308036484,0.34053550890958034,0.010664260914899516,0.12974493272482668,0.8942655740668634,-41.4073716500026
944,945.0,0.20494973523459825,7.961043352246746,0.42877975500918414,0.3405357177941914,0.010664260912698611,0.12974493271143822,0.8942655740671887,-41.40737165144727
945,946.0,0.4171536404701559,1.1550366313641387,0.42877975311436417,0.3405357206066003,0.01066426091269866,0.1297449327114385,0.8942655740671885,-41.40737165144724
946,947.0,0.1836717304066242,0.7283341038750464,0.42877975416077,0.3405357193456191,0.010664260912698613,0.12974493271143822,0.8942655740671887,-41.40737165144727
947,948.0,0.5848376994351928,9.06823545229659,0.42877975431564924,0.3405357195163738,0.010664260912698613,0.12974493271143822,0.8942655740671885,-41.40737165144727
948,949.0,0.7652222573208675,9.959913778185951,0.42877926929804494,0.3405354894841473,0.010664260915299945,0.12974493272726256,0.8942655740667992,-41.40737164973976
949,950.0,0.5894799625407042,5.9724904494853925,0.4287794287613295,0.340535566543096,0.010664260913875016,0.12974493271859447,0.8942655740670205,-41.40737165067508
950,951.0,0.19114602021727722,7.321876262084687,0.42877975465223206,0.3405357185579176,0.010664260912698615,0.12974493271143822,0.8942655740671887,-41.40737165144727
951,952.0,0.6865628180053334,1.8780228133329866,0.4287797529673206,0.3405357210186405,0.010664260912698658,0.1297449327114385,0.8942655740671885,-41.40737165144724
952,953.0,0.09505549381744904,6.499849991099878,0.42877975520094125,0.3405357173357586,0.010664260912698604,0.12974493271143817,0.8942655740671888,-41.40737165144728
953,954.0,0.8123452545815137,4.253332502599254,0.4287797036282905,0.3405356957048471,0.010664260912730629,0.12974493271163298,0.8942655740671862,-41.40737165142626
954,955.0,0.749544838055782,3.7925811102307465,0.42877971012847454,0.34053569961798524,0.010664260912723043,0.12974493271158682,0.8942655740671871,-41.407371651431234
955,956.0,0.19666319151526335,2.05012093085292,0.428779411835773,0.3405355581402635,0.010664260914000504,0.12974493271935783,0.8942655740670009,-41.40737165059271
956,957.0,0.6255007982816116,1.9045677048964365,0.42877975214254216,0.340535720104373,0.010664260912698752,0.12974493271143905,0.8942655740671887,-41.40737165144718
957,958.0,0.0001181528208485938,8.716180550601528,0.4287797558302727,0.3405357155265507,0.01066426091269862,0.12974493271143825,0.8942655740671888,-41.407371651447264
958,959.0,0.15557262368480795,3.2816222986018264,0.4287797542645708,0.3405357194577277,0.010664260912698604,0.12974493271143817,0.8942655740671887,-41.40737165144728
959,960.0,0.9038361255714222,3.200219214822878,0.4287797483868015,0.34053571735848176,0.010664260912699411,0.12974493271144308,0.8942655740671889,-41.40737165144675
960,961.0,0.10117191845024853,0.5371789949883796,0.4287797546919254,0.34053571993228215,0.010664260912698566,0.12974493271143794,0.8942655740671887,-41.407371651447306
961,962.0,0.3973284096051233,7.1578885064560325,0.4287797549592784,0.3405357181874952,0.010664260912698589,0.12974493271143808,0.8942655740671888,-41.40737165144729
962,963.0,0.45700452359005583,2.2349241812514706,0.42877971661936287,0.34053570238818903,0.010664260912716909,0.12974493271154952,0.8942655740671877,-41.40737165143526
963,964.0,0.23029633550799367,7.6646403833496235,0.4287797546176911,0.3405357186743675,0.010664260912698611,0.12974493271143822,0.8942655740671887,-41.40737165144727
964,965.0,0.15767672920038367,1.646393892977539,0.42877941047018986,0.3405355584149042,0.010664260914007814,0.12974493271940232,0.8942655740670015,-41.40737165058792
965,966.0,0.19721806330261327,8.259341968410869,0.4287797548864227,0.3405357181242069,0.010664260912698615,0.12974493271143822,0.8942655740671885,-41.40737165144727
966,967.0,0.19020570865492248,2.4513173405196826,0.4287792759417384,0.34053549248527126,0.0106642609152304,0.1297449327268395,0.8942655740668094,-41.40737164978541
967,968.0,0.11607184817459515,1.0042269112751734,0.4287797553383479,0.3405357171795961,0.010664260912698596,0.1297449327114381,0.8942655740671888,-41.407371651447285
968,969.0,0.4660998553238801,3.1118037866053316,0.42877963361587323,0.340535663270648,0.010664260912866012,0.12974493271245652,0.8942655740671687,-41.407371651337385
969,970.0,0.792563157006781,5.361832101984721,0.42877962858282215,0.3405356610674595,0.010664260912879671,0.12974493271253962,0.8942655740671668,-41.40737165132843
970,971.0,0.674896501784276,9.875295396924448,0.42877918967449796,0.34053545199733853,0.01066426091621507,0.12974493273282942,0.8942655740666583,-41.40737164913907
971,972.0,0.7448457089980456,2.439487776632055,0.4287797507823697,0.34053571933119914,0.010664260912698939,0.1297449327114402,0.8942655740671887,-41.40737165144706
972,973.0,0.5074828232302737,7.05509277708617,0.4287792247389161,0.34053546852303784,0.010664260915795016,0.12974493273027415,0.8942655740667231,-41.4073716494148
973,974.0,0.38302190218447096,4.909268018280115,0.428779279447001,0.3405354945203842,0.010664260915192032,0.12974493272660612,0.8942655740668165,-41.4073716498106
974,975.0,0.6726379564134078,9.329137967790839,0.42877922585709305,0.3405354706126247,0.010664260915774281,0.129744932730148,0.8942655740667309,-41.407371649428406
975,976.0,0.09877037802362276,3.9251904578074814,0.4287797546826089,0.3405357185491007,0.010664260912698604,0.12974493271143817,0.8942655740671887,-41.40737165144728
976,977.0,0.8484154083473997,0.6475356237133896,0.42877975465343543,0.3405357185760296,0.01066426091269861,0.12974493271143822,0.8942655740671887,-41.40737165144727
977,978.0,0.05552718443827731,7.765316281171171,0.4287797559800599,0.3405357157618742,0.010664260912698606,0.12974493271143817,0.8942655740671888,-41.40737165144728
978,979.0,0.799130908218464,5.203286842567663,0.4287796429321778,0.3405356664530381,0.010664260912843119,0.12974493271231727,0.8942655740671711,-41.40737165135242
979,980.0,0.9824072133255659,8.851430341356501,0.4287794959278505,0.34053559834021874,0.01066426091344347,0.1297449327159693,0.8942655740670852,-41.407371650958346
980,981.0,0.9916247891465978,4.538458641007876,0.4287797264166908,0.3405357077715722,0.010664260912708955,0.12974493271150114,0.8942655740671884,-41.407371651440485
981,982.0,0.13951091740461796,4.9282194659176675,0.4287797550913699,0.3405357175485301,0.01066426091269861,0.12974493271143822,0.8942655740671887,-41.40737165144727
982,983.0,0.7729396674454249,1.819631858040647,0.4287797536796738,0.3405357204581767,0.010664260912698627,0.1297449327114383,0.8942655740671884,-41.407371651447264
983,984.0,0.5818053064096573,6.49192173346986,0.42877936964517405,0.34053553799461106,0.01066426091433811,0.12974493272141155,0.8942655740669491,-41.40737165037111
984,985.0,0.5565473662698619,6.972396885637646,0.42877929453404595,0.340535502300524,0.01066426091503457,0.12974493272564824,0.8942655740668424,-41.407371649913955
985,986.0,0.28480631786457955,2.1094748778064796,0.42877959260192694,0.34053564252383617,0.010664260912997115,0.12974493271325405,0.8942655740671491,-41.40737165125134
986,987.0,0.5206892861388995,2.7827164778284454,0.4287796989573839,0.340535694248816,0.010664260912735994,0.12974493271166562,0.8942655740671857,-41.407371651422736
987,988.0,0.8108605130991151,8.459196891062867,0.428779411041504,0.3405355587493185,0.010664260914003309,0.1297449327193749,0.8942655740670021,-41.40737165059087
988,989.0,0.93493156029503,4.781876232915996,0.4287797083733648,0.34053569818957674,0.010664260912725152,0.12974493271159968,0.8942655740671869,-41.40737165142985
989,990.0,0.33607585610853286,9.241332074990686,0.42877975480735936,0.34053571845050096,0.010664260912698589,0.12974493271143808,0.8942655740671888,-41.40737165144729
990,991.0,0.6277634304689877,0.052866584631934055,0.4287797533515625,0.34053572105828206,0.010664260912698627,0.1297449327114383,0.8942655740671885,-41.407371651447264
991,992.0,0.29096285996246163,1.9119338091676985,0.42877963966246835,0.3405356653188705,0.01066426091285098,0.1297449327123651,0.8942655740671702,-41.407371651347255
992,993.0,0.7731387746757951,6.111836146895129,0.4287795626877057,0.3405356295935319,0.010664260913112466,0.12974493271395574,0.8942655740671335,-41.40737165117562
993,994.0,0.9422273724004367,7.204091988570798,0.4287795776281785,0.34053563803870424,0.010664260913049173,0.12974493271357074,0.8942655740671439,-41.40737165121716
994,995.0,0.09083798765275453,1.1659847974736746,0.4287797549039113,0.3405357188531657,0.010664260912698582,0.12974493271143803,0.8942655740671887,-41.40737165144729
995,996.0,0.22484189747398897,6.912989536884804,0.4287797548329179,0.3405357182466172,0.010664260912698597,0.1297449327114381,0.8942655740671888,-41.407371651447285
996,997.0,0.16882918492714682,4.016451832451302,0.4287797543036177,0.34053571913968445,0.010664260912698615,0.12974493271143822,0.8942655740671887,-41.40737165144727
997,998.0,0.5135655368581955,2.583919507507655,0.4287797115245738,0.34053569987986626,0.010664260912721785,0.1297449327115792,0.8942655740671872,-41.407371651432065
998,999.0,0.7478010876916568,9.62915355600259,0.4287792762571055,0.3405354937771534,0.010664260915221924,0.12974493272678794,0.8942655740668138,-41.407371649790974
999,1000.0,0.4416477655582599,2.139708603886901,0.428779718158067,0.34053570266997557,0.010664260912715696,0.12974493271154214,0.8942655740671879,-41.40737165143606
