,iteration,init_sigma,init_center,est_sigma,est_center,ss_res,nrmse,r_squared,aic
0,1.0,0.5056369765531136,1.8162844938216118,0.0,0.37229399621297876,0.1263978351292702,0.1343757180069961,0.8948952533030431,-24.099617515292497
1,2.0,0.8760632451608068,2.147927622063378,0.06860584541029278,0.4205293076133001,0.018666365088980532,0.051639360802977374,0.9856200226184815,-37.488595274338735
2,3.0,0.9788710443204341,2.2161260995589007,0.06860584541029278,0.4205293076133001,0.018666365088980532,0.051639360802977374,0.9856200226184815,-37.488595274338735
3,4.0,0.2332131852762045,6.960491367047457,0.2332131852762045,6.960491367047457,3.5711681185803243,0.7142596685260225,9.118594768153798e-12,-0.7111218188945623
4,5.0,0.1706120770644265,8.00254779352263,0.1706120770644265,8.00254779352263,3.571168118609231,0.7142596685289133,0.0,-0.7111218188379018
5,6.0,0.6535417894088368,5.29791512071855,0.0,0.4158429695315251,0.1263978351292702,0.1343757180069961,0.8948952533030431,-24.099617515292497
6,7.0,0.7383864430451077,5.534394223953557,0.0,0.636099061938435,0.643504384493884,0.3031982813025836,0.6004171759615555,-12.7071561125992
7,8.0,0.937051037847118,4.851188367606333,0.0,0.4795522669288863,0.1263978351292702,0.1343757180069961,0.8948952533030431,-24.099617515292497
8,9.0,0.565310815551062,9.15302449853236,0.5653871100769309,9.153019302689035,3.5711651910646043,0.7142593757637151,6.287276858030211e-07,-0.7111275572462059
9,10.0,0.9188293272217508,5.036518206544919,0.0,0.6642661712182597,0.643504384493884,0.3031982813025836,0.6004171759615555,-12.7071561125992
10,11.0,0.114952299574263,8.827507265098284,0.114952299574263,8.827507265098284,3.571168118609231,0.7142596685289133,0.0,-0.7111218188379018
11,12.0,0.5508438751383584,2.833313597082709,0.06860572337599342,0.42052929294040403,0.018666365088673215,0.051639360802552284,0.9856200203456523,-37.48859527445398
12,13.0,0.1137034530395925,6.602683927055881,0.1137034530395925,6.602683927055881,3.571168118609231,0.7142596685289133,0.0,-0.7111218188379018
13,14.0,0.24662063030382753,1.2623706804647212,0.0,0.6577985728726775,0.643504384493884,0.3031982813025836,0.6004171759615555,-12.7071561125992
14,15.0,0.794860809240733,8.384874962251834,0.06860571895746154,0.4205293037512492,0.018666365088674128,0.051639360802553554,0.9856200219127319,-37.488595274453644
15,16.0,0.011735604047665604,8.787375650999111,0.011735604047665604,8.787375650999111,3.571168118609231,0.7142596685289133,0.0,-0.7111218188379018
16,17.0,0.3524249754924721,7.2518250258600325,0.3524249754924721,7.2518250258600325,3.571168030954876,0.7142596597631582,2.4084893635034632e-08,-0.7111219906529698
17,18.0,0.7215128981994285,4.107334873393235,0.06860572701168165,0.42052929100595443,0.018666365088673014,0.051639360802552006,0.9856200200684939,-37.48859527445406
18,19.0,0.6121065647681604,6.607912605486132,0.06860568316523144,0.4205291975426935,0.01866636508886541,0.051639360802818134,0.9856200064267797,-37.48859527438191
19,20.0,0.2890508104760183,2.3179812868214444,0.06860571868292056,0.4205292827558669,0.01866636508867838,0.05163936080255943,0.9856200188592436,-37.488595274452045
20,21.0,0.7738479630485058,4.351283387654147,0.06860572813901121,0.4205292879226217,0.018666365088673843,0.05163936080255316,0.9856200196213989,-37.48859527445375
21,22.0,0.27574758367742047,3.2368587312362957,0.0,0.40200751511424876,0.1263978351292702,0.1343757180069961,0.8948952533030431,-24.099617515292497
22,23.0,0.6387069462685495,1.8258474909865863,0.06860571165304569,0.42052927297845366,0.018666365088688873,0.05163936080257394,0.9856200174293673,-37.48859527444811
23,24.0,0.6599430666174538,8.478116049981232,0.0,0.4387300357547008,0.1263978351292702,0.1343757180069961,0.8948952533030431,-24.099617515292497
24,25.0,0.3258510346003176,9.919250532214237,0.3258510346003176,9.919250532214237,3.571168118603688,0.714259668528359,1.5726309143815342e-12,-0.711121818848766
25,26.0,0.02910420472026609,9.505229293253453,0.02910420472026609,9.505229293253453,3.571168118609231,0.7142596685289133,0.0,-0.7111218188379018
26,27.0,0.8837921871930202,5.7733308315709975,0.0,0.4260265575715222,0.1263978351292702,0.1343757180069961,0.8948952533030431,-24.099617515292497
27,28.0,0.38651912916897724,9.32225217764619,0.38651912916897724,9.32225217764619,3.5711681165501825,0.7142596683230009,5.430145222362626e-10,-0.711121822873932
28,29.0,0.14315876840214647,4.107466961801122,0.14315876840214647,4.107466961801122,3.571168117541489,0.7142596684221352,3.634640366456665e-10,-0.7111218209308285
29,30.0,0.7351353753891766,3.040868495648307,0.0686057270995753,0.4205295123194934,0.018666365089279355,0.0516393608033907,0.9856200522519456,-37.488595274226675
30,31.0,0.34290890477848623,8.599497368218561,0.34290890477848623,8.599497368218561,3.5711681175698473,0.7142596684249711,2.88885138033379e-10,-0.7111218208752419
31,32.0,0.008722341656793975,8.30102654010961,0.008722341656793975,8.30102654010961,3.571168118609231,0.7142596685289133,0.0,-0.7111218188379018
32,33.0,0.6567327326320321,3.482162455487659,0.06860570188737199,0.42052927266027884,0.018666365088699084,0.051639360802588075,0.9856200173719393,-37.48859527444428
33,34.0,0.328993364496902,5.361113788188515,0.0,0.5053875088880866,0.643504384493884,0.3031982813025836,0.6004171759615555,-12.7071561125992
34,35.0,0.30726756632871977,5.920203335946158,0.30729234650664244,5.9202018704517565,3.5711676554131024,0.7142596222076099,1.3434854539973173e-07,-0.7111227267685836
35,36.0,0.2996609673147179,3.3597910493358807,0.06860568898411186,0.4205292667481856,0.018666365088723942,0.051639360802622464,0.9856200164974439,-37.488595274434964
36,37.0,0.08335963603122809,3.4748380126616483,0.08335963603122809,3.4748380126616483,3.571168118608936,0.7142596685288838,1.0225154056797692e-13,-0.7111218188384782
37,38.0,0.8506423889404037,8.89425829365848,0.0,0.18975726262404144,0.6826050687558586,0.3122739339462478,0.529779861142549,-12.294242761523385
38,39.0,0.16755581472543957,1.7873589379215462,0.06860535948565226,0.4205297599881453,0.018666365094459424,0.05163936081055589,0.9856200878448005,-37.48859527228412
39,40.0,0.4143526580229425,9.157524305494558,0.4143526580229425,9.157524305494558,3.5711681052041464,0.714259667188356,3.4194775899720753e-09,-0.7111218451137828
40,41.0,0.7216839580274321,5.8662110758578425,0.0,0.38645205088625334,0.1263978351292702,0.1343757180069961,0.8948952533030431,-24.099617515292497
41,42.0,0.16394360028927346,7.776361162977066,0.16394360028927346,7.776361162977066,3.571168118609231,0.7142596685289133,0.0,-0.7111218188379018
42,43.0,0.5650702648558251,5.581327591618554,0.0,0.6242258106285293,0.643504384493884,0.3031982813025836,0.6004171759615555,-12.7071561125992
43,44.0,0.8732744660665163,6.956404015816871,0.0,0.48756796238376965,0.1263978351292702,0.1343757180069961,0.8948952533030431,-24.099617515292497
44,45.0,0.8644419999688253,7.4732662175047855,0.06860572344453947,0.4205292953811837,0.01866636508867278,0.05163936080255168,0.9856200207006718,-37.48859527445415
45,46.0,0.8053294856985787,2.707419931592946,0.06860584541029278,0.4205293076133001,0.018666365088980532,0.051639360802977374,0.9856200226184815,-37.488595274338735
46,47.0,0.9507917695046013,9.36893491319529,0.0,0.17692349915006098,0.6826050687558586,0.3122739339462478,0.529779861142549,-12.294242761523385
47,48.0,0.6039507966399685,5.261061918880545,0.0,0.39919175070562796,0.1263978351292702,0.1343757180069961,0.8948952533030431,-24.099617515292497
48,49.0,0.11490190706923442,8.766715526454517,0.11490190706923442,8.766715526454517,3.571168118609231,0.7142596685289133,0.0,-0.7111218188379018
49,50.0,0.2757510787744899,2.9716190826769924,0.06860571705768198,0.4205292792897452,0.018666365088681042,0.05163936080256312,0.9856200183533388,-37.48859527445104
50,51.0,0.6735846535165251,3.1748923371091076,0.0686057138015469,0.4205292717379287,0.018666365088688214,0.051639360802573024,0.9856200172514228,-37.48859527444836
51,52.0,0.877760448024366,7.887179994689962,0.0,0.18391846158636715,0.6826050687558586,0.3122739339462478,0.529779861142549,-12.294242761523385
52,53.0,0.2624128157542971,9.979477810298876,0.2624128157542971,9.979477810298876,3.571168118609226,0.7142596685289127,1.4432899320127035e-15,-0.7111218188379107
53,54.0,0.03202816985282564,2.2996753412685913,0.03202816985282564,2.2996753412685913,3.571168118609231,0.7142596685289133,0.0,-0.7111218188379018
54,55.0,0.7402553290568791,1.010838950708934,0.0686057136661166,0.4205291717529341,0.018666365088901567,0.05163936080286814,0.9856200027112231,-37.48859527436835
55,56.0,0.7770714201671026,6.425820997784728,0.06860572467084207,0.420529294722695,0.0186663650886726,0.05163936080255143,0.985620020606314,-37.48859527445421
56,57.0,0.24353636988156957,3.669647159852401,0.06860571011847022,0.4205293676609798,0.018666365088740054,0.05163936080264473,0.9856200311964299,-37.48859527442892
57,58.0,0.2566076594785166,2.217894520189434,0.06860584541029278,0.4205293076133001,0.018666365088980532,0.051639360802977374,0.9856200226184815,-37.488595274338735
58,59.0,0.8315004280076472,5.802193873267899,0.0,0.44839880308889285,0.1263978351292702,0.1343757180069961,0.8948952533030431,-24.099617515292497
59,60.0,0.21808046341993192,9.573991419549115,0.21808046341993192,9.573991419549115,3.571168118609231,0.7142596685289133,0.0,-0.7111218188379018
60,61.0,0.55422243507255,3.125498375248813,0.06860572615125818,0.42052929892578617,0.018666365088671984,0.05163936080255058,0.9856200212192231,-37.48859527445445
61,62.0,0.5761345024925812,9.384340545125218,0.5762012046915655,9.384336015415652,3.5711655331021728,0.7142594099687326,5.48846778691825e-07,-0.7111268868031608
62,63.0,0.65693273129423,1.5626413186125225,0.06860577539757083,0.42052917641638143,0.01866636508892267,0.05163936080289734,0.9856200034598468,-37.488595274360435
63,64.0,0.5581807064644195,5.866876472646616,0.0,0.3626123121177971,0.1263978351292702,0.1343757180069961,0.8948952533030431,-24.099617515292497
64,65.0,0.37327459290349474,0.5706082049032769,0.0,0.35427411587677105,0.1263978351292702,0.1343757180069961,0.8948952533030431,-24.099617515292497
65,66.0,0.8288064944487622,8.632294130524249,0.0,0.4469352464450477,0.1263978351292702,0.1343757180069961,0.8948952533030431,-24.099617515292497
66,67.0,0.6729562353116145,9.160906355302037,0.06860579787516373,0.42052929422548413,0.01866636508877969,0.05163936080269956,0.9856200206175029,-37.48859527441405
67,68.0,0.6396287569595779,7.119503534728883,0.06860572955650637,0.4205292924830428,0.018666365088672608,0.05163936080255144,0.9856200202861997,-37.48859527445421
68,69.0,0.9801028395835362,2.2678242948499645,0.0686057418015304,0.4205292965648667,0.01866636508867574,0.051639360802555774,0.9856200208937616,-37.48859527445303
69,70.0,0.43421293388179616,9.536729058838482,0.43421293388179616,9.536729058838482,3.5711681045667514,0.7142596671246141,3.4987698294131064e-09,-0.7111218463631692
70,71.0,0.5649043864463816,2.8468511579339033,0.06860572339026676,0.4205292929118976,0.01866636508867321,0.05163936080255228,0.9856200203415232,-37.488595274453985
71,72.0,0.9175541273694743,0.6197270884468781,0.0,0.478460029403564,0.1263978351292702,0.1343757180069961,0.8948952533030431,-24.099617515292497
72,73.0,0.3657624130090724,5.183219145799539,0.0,0.3913451914635092,0.1263978351292702,0.1343757180069961,0.8948952533030431,-24.099617515292497
73,74.0,0.9244535567620817,1.8441668421415733,0.06860571680346383,0.4205293013182918,0.018666365088675058,0.05163936080255484,0.9856200215564682,-37.48859527445329
74,75.0,0.47169585867165853,5.294708752884042,0.0,0.4135646369934046,0.1263978351292702,0.1343757180069961,0.8948952533030431,-24.099617515292497
75,76.0,0.30491994035571723,0.024471699310842157,0.06860553407031424,0.42052976764064215,0.01866636509239962,0.05163936080770672,0.9856200891587446,-37.48859527305656
76,77.0,0.4321377729696185,6.581490773633677,0.0,0.3373936711060717,0.1263978351292702,0.1343757180069961,0.8948952533030431,-24.099617515292497
77,78.0,0.49534984116395264,0.7683336949467299,0.06860597130215372,0.42052948861845046,0.018666365090520866,0.051639360805107996,0.985620049083069,-37.488595273761106
78,79.0,0.9763131586328944,5.116547934941902,0.0,0.41128068880611657,0.1263978351292702,0.1343757180069961,0.8948952533030431,-24.099617515292497
79,80.0,0.3469058812044258,8.291266105350273,0.3469058812044258,8.291266105350273,3.5711681153295687,0.7142596682009351,9.07168895558641e-10,-0.7111218252665088
80,81.0,0.4944783661723525,0.9991356915063314,0.0,0.4004353103620343,0.1263978351292702,0.1343757180069961,0.8948952533030431,-24.099617515292497
81,82.0,0.6608482285408515,9.509674014625322,0.06860572806544181,0.4205292891481521,0.018666365088673458,0.051639360802552624,0.9856200197995332,-37.48859527445389
82,83.0,0.9192159702278146,8.091051075061879,0.0,0.4309515975778248,0.1263978351292702,0.1343757180069961,0.8948952533030431,-24.099617515292497
83,84.0,0.39677322227519773,2.5111298761075256,0.06860578138096247,0.42052929710775544,0.018666365088734215,0.05163936080263667,0.9856200210178513,-37.488595274431106
84,85.0,0.07327406165638628,6.888183994905517,0.07327406165638628,6.888183994905517,3.571168118609231,0.7142596685289133,0.0,-0.7111218188379018
85,86.0,0.8206258527047238,9.349929084416702,0.0,0.475877835196176,0.1263978351292702,0.1343757180069961,0.8948952533030431,-24.099617515292497
86,87.0,0.24899599951051787,1.6565945326304492,0.0,0.5484033994789334,0.643504384493884,0.3031982813025836,0.6004171759615555,-12.7071561125992
87,88.0,0.29965480264699107,7.537121173634319,0.29965480264699107,7.537121173634319,3.5711681172291168,0.7142596683908968,4.0393255407167317e-10,-0.7111218215431228
88,89.0,0.553188214691072,8.70515760954178,0.0,0.44965056411145576,0.1263978351292702,0.1343757180069961,0.8948952533030431,-24.099617515292497
89,90.0,0.17829081075679754,5.304139781834766,0.17829081075679754,5.304139781834766,3.5711681185051085,0.7142596685185005,3.458988651061645e-11,-0.7111218190419972
90,91.0,0.07139819240967449,7.000820456803258,0.07139819240967449,7.000820456803258,3.571168118609231,0.7142596685289133,0.0,-0.7111218188379018
91,92.0,0.4989857809665882,5.803330655650023,0.0,0.39643187419415427,0.1263978351292702,0.1343757180069961,0.8948952533030431,-24.099617515292497
92,93.0,0.2235678588537624,5.8337630121823985,0.2235678588537624,5.8337630121823985,3.571168117158391,0.714259668383824,4.6226966698981187e-10,-0.7111218216817559
93,94.0,0.4430192908305598,8.296006716929806,0.44303239146225726,8.29600600638713,3.5711677740962977,0.7142596340763628,8.495137460151625e-08,-0.71112249413253
94,95.0,0.5611493055493837,3.2226723196159464,0.0686057240717671,0.4205292953737095,0.018666365088672632,0.051639360802551486,0.9856200207003012,-37.488595274454205
95,96.0,0.534185161484736,8.989862937139872,0.5342332563459211,8.989859784106743,3.571166439066855,0.7142595005685314,3.7320193224665843e-07,-0.7111251109818175
96,97.0,0.151784256672153,3.2195888299933917,0.0,0.4371370091983289,0.1263978351292702,0.1343757180069961,0.8948952533030431,-24.099617515292497
97,98.0,0.9241331521808892,5.370347059270391,0.0,0.5057280490265226,0.643504384493884,0.3031982813025836,0.6004171759615555,-12.7071561125992
98,99.0,0.5480088149986342,1.0108633793682649,0.0,0.3350506261605671,0.1263978351292702,0.1343757180069961,0.8948952533030431,-24.099617515292497
99,100.0,0.36704734919524906,2.519003992806977,0.06860580063263338,0.42052929772320563,0.01866636508878828,0.05163936080271145,0.9856200211292867,-37.488595274410834
100,101.0,0.9501212412957408,7.849145042591733,0.06860574295067597,0.4205292249335048,0.018666365088751878,0.05163936080266109,0.9856200104783185,-37.48859527442448
101,102.0,0.9320754413636867,6.626627196798274,0.06860572442797508,0.42052931214918143,0.01866636508867411,0.05163936080255354,0.9856200231402156,-37.488595274453644
102,103.0,0.13276615482487397,3.487055775971891,0.13276615482487397,3.487055775971891,3.5711680984318743,0.7142596665111041,6.906648475357713e-09,-0.7111218583884042
103,104.0,0.7811117091033839,9.620479869966776,0.06860570901002525,0.420529287436142,0.01866636508868309,0.05163936080256594,0.9856200195288056,-37.48859527445028
104,105.0,0.5529038374898778,5.424403266684294,0.0,0.35059974628409474,0.1263978351292702,0.1343757180069961,0.8948952533030431,-24.099617515292497
105,106.0,0.4582325354118232,7.737013033178264,0.4582999037449929,7.73700863669506,3.5711660718968488,0.7142594638501821,4.957587427245613e-07,-0.7111258306878909
106,107.0,0.4911226830433454,3.8455190354516615,0.06860572364842221,0.4205292952703828,0.01866636508867275,0.05163936080255164,0.9856200206847918,-37.48859527445416
107,108.0,0.28192717654681776,8.155732057422007,0.28192717654681776,8.155732057422007,3.571168118571343,0.7142596685251243,1.1321166226707646e-11,-0.7111218189121669
108,109.0,0.7600239573086689,0.53622238655975,0.0,0.39354164190505814,0.1263978351292702,0.1343757180069961,0.8948952533030431,-24.099617515292497
109,110.0,0.9934671749914119,3.198459784505484,0.06860575137095609,0.4205295241446161,0.018666365089365245,0.051639360803509525,0.9856200539992322,-37.488595274194466
110,111.0,0.5823200210556824,3.1901763022972514,0.0,0.33440734914547243,0.1263978351292702,0.1343757180069961,0.8948952533030431,-24.099617515292497
111,112.0,0.7096343289830543,4.3793886920190115,0.06860572354278809,0.4205292989318989,0.01866636508867244,0.051639360802551215,0.9856200212171333,-37.48859527445427
112,113.0,0.6142435872257663,4.411904681628111,0.06860572761121209,0.4205292887987511,0.018666365088673594,0.05163936080255281,0.9856200197482041,-37.48859527445384
113,114.0,0.6720010050520844,9.501796287581309,0.06860571986919006,0.4205292951278739,0.01866636508867399,0.051639360802553366,0.985620020659752,-37.488595274453694
114,115.0,0.6817662704351946,4.373008353040632,0.06860572805123022,0.4205292884178095,0.018666365088673684,0.051639360802552936,0.9856200196933095,-37.48859527445381
115,116.0,0.3916837407021493,7.071287717798501,0.3917187349319039,7.071285497352439,3.571167255813521,0.7142595822461908,2.2612214600759017e-07,-0.7111235100410314
116,117.0,0.33162579978560636,8.725408569664616,0.33162579978560636,8.725408569664616,3.5711681182797963,0.7142596684959687,9.281331259103354e-11,-0.7111218194836413
117,118.0,0.2889397826615563,1.8769664984702155,0.06860572868645337,0.4205292689578044,0.01866636508868497,0.05163936080256855,0.9856200168641326,-37.48859527444957
118,119.0,0.14655779096757282,2.423392227383257,0.06860580199469705,0.4205292977894858,0.018666365088792734,0.0516393608027176,0.9856200211404768,-37.488595274409164
119,120.0,0.2524359866694371,3.837089350815853,0.06860572838485254,0.42052928753095153,0.018666365088673975,0.05163936080255333,0.9856200195647223,-37.4885952744537
120,121.0,0.7347853068338863,3.796535761192877,0.06860572564116241,0.42052929335828804,0.018666365088672678,0.051639360802551534,0.9856200204090083,-37.488595274454184
121,122.0,0.48356648405919234,3.5125092068280948,0.0,0.4099283458327948,0.1263978351292702,0.1343757180069961,0.8948952533030431,-24.099617515292497
122,123.0,0.6934314011948534,5.7658885184684845,0.0,0.48698161263073414,0.1263978351292702,0.1343757180069961,0.8948952533030431,-24.099617515292497
123,124.0,0.49594837189266994,9.835795896044147,0.49594837189266994,9.835795896044147,3.571168025052435,0.7142596591728926,2.170082991082012e-08,-0.7111220022225977
124,125.0,0.5477617988745421,3.7057087078058344,0.06860570613978259,0.4205292757081498,0.018666365088692013,0.051639360802578284,0.9856200178200247,-37.488595274446936
125,126.0,0.0999652518026195,4.628422935975546,0.0999652518026195,4.628422935975546,3.571168118609231,0.7142596685289131,0.0,-0.7111218188379018
126,127.0,0.958762606749968,8.103147661835377,0.0,0.22840805609204246,0.6826050687558586,0.3122739339462478,0.529779861142549,-12.294242761523385
127,128.0,0.1483797660506928,7.124413886353237,0.1483797660506928,7.124413886353237,3.571168118609231,0.7142596685289133,0.0,-0.7111218188379018
128,129.0,0.02570004801473369,1.156771696398715,0.0,0.33898073665597717,0.1263978351292702,0.1343757180069961,0.8948952533030431,-24.099617515292497
129,130.0,0.05634905193114459,8.730293256569603,0.05634905193114459,8.730293256569603,3.571168118609231,0.7142596685289133,0.0,-0.7111218188379018
130,131.0,0.7944931536327764,7.33919204573948,0.0686057230246757,0.42052929537491474,0.01866636508867289,0.05163936080255184,0.9856200206992807,-37.488595274454106
131,132.0,0.679570940887073,6.668249525231995,0.06860573614468593,0.42052934265394826,0.018666365088697637,0.05163936080258606,0.9856200275896192,-37.488595274444826
132,133.0,0.6135301641244104,1.8378030914063845,0.06860585343732924,0.4205293246076024,0.018666365089033535,0.05163936080305067,0.985620025098936,-37.48859527431886
133,134.0,0.49345797557055293,1.5883743621321256,0.0,0.6500699067085973,0.643504384493884,0.3031982813025836,0.6004171759615555,-12.7071561125992
134,135.0,0.8941909924250793,3.9107482607299757,0.06860572328543788,0.4205292954107064,0.018666365088672823,0.051639360802551736,0.9856200207047834,-37.48859527445413
135,136.0,0.17343417677982986,9.4989177751706,0.17343417677982986,9.4989177751706,3.571168118609231,0.7142596685289133,0.0,-0.7111218188379018
136,137.0,0.9408201285406481,7.013141293651765,0.0,0.4917411712665898,0.1263978351292702,0.1343757180069961,0.8948952533030431,-24.099617515292497
137,138.0,0.5367484917570324,2.7586265745761125,0.0686057236835998,0.420529294182802,0.018666365088672907,0.051639360802551854,0.9856200205266747,-37.4885952744541
138,139.0,0.37955265288306106,3.238084827359189,0.0,0.3361341809337292,0.1263978351292702,0.1343757180069961,0.8948952533030431,-24.099617515292497
139,140.0,0.7903716090178312,4.794312819941022,0.0,0.46560152039986513,0.1263978351292702,0.1343757180069961,0.8948952533030431,-24.099617515292497
140,141.0,0.9431473166473363,2.8943228386048276,0.06860578068424594,0.42052929709736664,0.01866636508873258,0.05163936080263439,0.9856200210155464,-37.488595274431724
141,142.0,0.20831663960204083,3.1983297098017074,0.0,0.4212313413717272,0.1263978351292702,0.1343757180069961,0.8948952533030431,-24.099617515292497
142,143.0,0.29230203883134953,8.506255460735177,0.29230203883134953,8.506255460735177,3.571168118580621,0.7142596685260522,8.446243704440803e-12,-0.7111218188939814
143,144.0,0.37845862791218576,6.16647931068579,0.06860569693131358,0.4205292711429951,0.018666365088706994,0.05163936080259901,0.9856200171456292,-37.488595274441316
144,145.0,0.13307021601574243,1.7897612620631915,0.0,0.4732501333845712,0.1263978351292702,0.1343757180069961,0.8948952533030431,-24.099617515292497
145,146.0,0.590594765755762,3.238737431094076,0.0,0.6619627928208207,0.643504384493884,0.3031982813025836,0.6004171759615555,-12.7071561125992
146,147.0,0.6700267633688349,0.22586335453716744,0.06860571957747075,0.42052917941694334,0.018666365088871772,0.05163936080282693,0.9856200038324983,-37.48859527437952
147,148.0,0.9028501088912356,6.782733421192814,0.06860571700673469,0.42052923740307374,0.01866636508872887,0.051639360802629264,0.9856200122620475,-37.488595274433116
148,149.0,0.6855563573913475,6.239235653983689,0.06860558459496813,0.4205289778327243,0.018666365090586973,0.05163936080519942,0.9856199743627183,-37.48859527373631
149,150.0,0.5979352172746676,9.66972576451011,0.5980035626037201,9.66972114598271,3.571165356893749,0.714259392347241,5.728277255867553e-07,-0.7111272321971187
150,151.0,0.7115670434404816,1.8553063421544616,0.06860573490475723,0.4205294123616772,0.018666365088843184,0.051639360802787374,0.9856200377251054,-37.48859527439025
151,152.0,0.8027732369256686,0.1842248018477863,0.0,0.47820108366606395,0.1263978351292702,0.1343757180069961,0.8948952533030431,-24.099617515292497
152,153.0,0.4608839635344737,8.517558607569423,0.4608987961140905,8.517557719391077,3.5711677088474483,0.7142596275512396,9.895375607804624e-08,-0.7111226220296158
153,154.0,0.5097220607500638,0.8349958838674809,0.0,0.3952337775251688,0.1263978351292702,0.1343757180069961,0.8948952533030431,-24.099617515292497
154,155.0,0.8105501874756349,9.015203817633555,0.06860566114752176,0.42052935655469803,0.018666365088814797,0.05163936080274813,0.9856200295253584,-37.48859527440089
155,156.0,0.13711206155332412,0.06656493624657644,0.06860573451803907,0.4205293146048806,0.018666365088675405,0.05163936080255531,0.9856200235088461,-37.48859527445316
156,157.0,0.7165870223936709,3.0327658004989884,0.06860572806406307,0.4205295168587556,0.01866636508930578,0.05163936080342726,0.9856200529131377,-37.48859527421676
157,158.0,0.3086737607972889,2.967492500117494,0.06860575604528785,0.420529382971248,0.018666365088783103,0.05163936080270429,0.9856200334752797,-37.48859527441277
158,159.0,0.7920560541668159,7.776005960617429,0.06860572896827286,0.4205291969666992,0.018666365088815726,0.051639360802749404,0.9856200063953564,-37.488595274400545
159,160.0,0.5147022488238419,5.097831722618479,0.0,0.4086873562228913,0.1263978351292702,0.1343757180069961,0.8948952533030431,-24.099617515292497
160,161.0,0.7899994831920355,2.836086118754455,0.06860577945487373,0.42052929701596653,0.01866636508872974,0.05163936080263047,0.9856200210023078,-37.48859527443278
161,162.0,0.903553546977251,3.083103492660819,0.06860572310210517,0.4205292919588661,0.018666365088673486,0.051639360802552665,0.9856200202026031,-37.48859527445388
162,163.0,0.35648833757329856,7.172882058550195,0.35648833757329856,7.172882058550195,3.5711679840256183,0.7142596550700612,3.6799058356074e-08,-0.711122082641026
163,164.0,0.8743172790772639,8.929284207977265,0.06860570357315655,0.42052926729171153,0.01866636508870156,0.0516393608025915,0.9856200165931601,-37.488595274443355
164,165.0,0.14941357289127133,2.0335667219274622,0.06860572261039069,0.4205293073768669,0.018666365088673323,0.05163936080255243,0.9856200224441451,-37.48859527445394
165,166.0,0.060013606528729335,1.593703929748322,0.0,0.40123582809779856,0.1263978351292702,0.1343757180069961,0.8948952533030431,-24.099617515292497
166,167.0,0.43152610506735556,5.391481682308601,0.0,0.3668236961220306,0.1263978351292702,0.1343757180069961,0.8948952533030431,-24.099617515292497
167,168.0,0.8755562717940519,5.366543712748009,0.0,0.5155411459030159,0.643504384493884,0.3031982813025836,0.6004171759615555,-12.7071561125992
168,169.0,0.9090609765350938,6.6523343412353215,0.06860572543662037,0.42052932096451556,0.018666365088677812,0.05163936080255864,0.9856200244233014,-37.48859527445226
169,170.0,0.7583660881414509,0.9601493975479757,0.0,0.3680855599157786,0.1263978351292702,0.1343757180069961,0.8948952533030431,-24.099617515292497
170,171.0,0.931357953455181,9.365449827095716,0.0,0.18476883374554975,0.6826050687558586,0.3122739339462478,0.529779861142549,-12.294242761523385
171,172.0,0.8469597186423943,6.916841115757906,0.0,0.35258108723251846,0.1263978351292702,0.1343757180069961,0.8948952533030431,-24.099617515292497
172,173.0,0.557647855089288,5.660328076411796,0.06860571978605291,0.4205293006441,0.018666365088673635,0.05163936080255287,0.9856200214618331,-37.48859527445382
173,174.0,0.7786097865803278,3.6174321719540257,0.06860564228587838,0.42052924005007,0.018666365088894517,0.05163936080285839,0.9856200125615224,-37.488595274370994
174,175.0,0.6067651910989067,5.033435909904676,0.0,0.42483361820790577,0.1263978351292702,0.1343757180069961,0.8948952533030431,-24.099617515292497
175,176.0,0.6901286867720268,3.73132071111626,0.06860587485229384,0.42052901742850374,0.018666365090197163,0.051639360804660236,0.9856199804524012,-37.48859527388249
176,177.0,0.5207466604086295,9.291747172880196,0.5207663779694478,9.291745840612677,3.571167485574034,0.7142596052230824,1.4278496196507007e-07,-0.7111230596774885
177,178.0,0.06998002000352355,0.7404819275689122,0.06860572802591684,0.4205292936445175,0.018666365088672393,0.05163936080255115,0.9856200204533552,-37.48859527445429
178,179.0,0.718523627080098,6.778717316551871,0.06860556865820396,0.4205293522954339,0.01866636508928076,0.05163936080339266,0.9856200287999753,-37.48859527422615
179,180.0,0.1546531087063897,8.781401491287141,0.1546531087063897,8.781401491287141,3.571168118609231,0.7142596685289133,0.0,-0.7111218188379018
180,181.0,0.35317155091563246,5.5036632879840095,0.06860572124911983,0.4205292969147379,0.018666365088673264,0.05163936080255236,0.9856200209211758,-37.48859527445397
181,182.0,0.15490775373635013,5.795138010724648,0.15490775373635013,5.795138010724648,3.571168118609124,0.7142596685289025,3.597122599785507e-14,-0.7111218188381123
182,183.0,0.677056316657333,8.830375261330829,0.0,0.4546952833922743,0.1263978351292702,0.1343757180069961,0.8948952533030431,-24.099617515292497
183,184.0,0.6049756752182635,4.2320582281452985,0.06860572701812911,0.4205292910533234,0.018666365088673007,0.051639360802552,0.9856200200753897,-37.48859527445406
184,185.0,0.6105316149523852,8.064364979040747,0.0,0.5274426980345891,0.643504384493884,0.3031982813025836,0.6004171759615555,-12.7071561125992
185,186.0,0.3646132532942219,0.10175670274889377,0.0,0.3719247681036549,0.1263978351292702,0.1343757180069961,0.8948952533030431,-24.099617515292497
186,187.0,0.5814812816586922,1.1451135368337397,0.06860572047791937,0.42052923892264815,0.01866636508872453,0.05163936080262326,0.9856200124869919,-37.488595274434736
187,188.0,0.5844364222411272,6.053289590615048,0.06860571886611079,0.42052928312230176,0.01866636508867811,0.051639360802559056,0.9856200189127402,-37.488595274452145
188,189.0,0.27345359232625255,7.943608807418476,0.27345359232625255,7.943608807418476,3.5711681185723023,0.7142596685252204,1.1142975431255309e-11,-0.7111218189102875
189,190.0,0.6240395722184549,3.196398732383971,0.06860574988737407,0.42052929427582864,0.018666365088682194,0.0516393608025647,0.985620020570114,-37.48859527445062
190,191.0,0.15620502379006163,0.5904450424143651,0.06860568094486155,0.42052931082202594,0.018666365088724657,0.05163936080262345,0.9856200228975281,-37.488595274434694
191,192.0,0.7702334001694112,4.3835333466051365,0.0686057237682696,0.42052929630777913,0.018666365088672587,0.05163936080255142,0.9856200208357881,-37.48859527445421
192,193.0,0.9058023526041235,8.568381685706392,0.0,0.444192309641751,0.1263978351292702,0.1343757180069961,0.8948952533030431,-24.099617515292497
193,194.0,0.14291475574642964,2.7495392535513496,0.06860576198664463,0.4205295155362052,0.018666365089329395,0.051639360803459926,0.9856200527595226,-37.48859527420791
194,195.0,0.3404623490427764,4.559773725178231,0.0,0.47550679669162604,0.1263978351292702,0.1343757180069961,0.8948952533030431,-24.099617515292497
195,196.0,0.9852328907611513,9.787750256649367,0.0,0.4875361817436346,0.1263978351292702,0.1343757180069961,0.8948952533030431,-24.099617515292497
196,197.0,0.7209162601883732,2.641760441911428,0.06860584541029278,0.4205293076133001,0.018666365088980532,0.051639360802977374,0.9856200226184815,-37.488595274338735
197,198.0,0.9603375093599424,9.401932802759225,0.068605677515249,0.4205294019216964,0.01866636508886642,0.051639360802819535,0.9856200361413547,-37.48859527438153
198,199.0,0.19135127843852207,6.2369965619823295,0.19135127843852207,6.2369965619823295,3.571168118604952,0.7142596685284853,1.4057643937803732e-12,-0.7111218188462889
199,200.0,0.07951053088444882,9.835315708157625,0.07951053088444882,9.835315708157625,3.571168118609231,0.7142596685289133,0.0,-0.7111218188379018
200,201.0,0.937383963262869,9.876462511612596,0.0,0.4892915477274339,0.1263978351292702,0.1343757180069961,0.8948952533030431,-24.099617515292497
201,202.0,0.4987287183723704,7.426011787970907,0.06860583749518451,0.42052926611832797,0.018666365088951115,0.05163936080293668,0.9856200165752259,-37.48859527434976
202,203.0,0.8727426302802841,1.4782703787895082,0.06860572206082284,0.42052930196601385,0.018666365088672855,0.051639360802551784,0.9856200216566653,-37.48859527445411
203,204.0,0.9254675728068386,2.5978939344443748,0.06860582010203103,0.4205292971872559,0.018666365088859996,0.051639360802810653,0.9856200210735181,-37.48859527438394
204,205.0,0.2475016114702825,1.255301163949926,0.0,0.5441626529676105,0.643504384493884,0.3031982813025836,0.6004171759615555,-12.7071561125992
205,206.0,0.8447740434065688,9.952144417485176,0.0,0.4904102394260934,0.1263978351292702,0.1343757180069961,0.8948952533030431,-24.099617515292497
206,207.0,0.9913121152418476,6.717863755956777,0.06860573966879653,0.4205292986035502,0.01866636508867447,0.05163936080255402,0.9856200211877951,-37.488595274453516
207,208.0,0.05819085298535864,7.8429293740470944,0.05819085298535864,7.8429293740470944,3.571168118609231,0.7142596685289133,0.0,-0.7111218188379018
208,209.0,0.5181759445419288,6.781494534817833,0.06860557317103916,0.42052947876763913,0.018666365089625343,0.05163936080386927,0.9856200471966924,-37.48859527409693
209,210.0,0.6490371783657686,7.6905381401047235,0.06860588409453318,0.42052925921105877,0.01866636508923375,0.051639360803327636,0.9856200156237344,-37.48859527424378
210,211.0,0.3114822429649593,1.1131536556227473,0.0,0.526492423603456,0.643504384493884,0.3031982813025836,0.6004171759615555,-12.7071561125992
211,212.0,0.335025936022303,6.202915882788357,0.33506319510702903,6.202913573524452,3.571167336681533,0.7142595903332878,2.1938905725438218e-07,-0.7111233515281317
212,213.0,0.2168999813068696,9.401296765775689,0.2168999813068696,9.401296765775689,3.571168118609231,0.7142596685289133,0.0,-0.7111218188379018
213,214.0,0.8799997219572836,6.712329884347345,0.06860572819143126,0.4205292971800208,0.018666365088671925,0.0516393608025505,0.9856200209676814,-37.48859527445447
214,215.0,0.01906530748192925,0.024360103453868166,0.06860580136886654,0.4205292911622711,0.018666365088791274,0.051639360802715584,0.9856200201760265,-37.48859527440971
215,216.0,0.43594712586542284,0.13367012137659298,0.06860592818633192,0.4205294805369535,0.018666365090041395,0.05163936080444478,0.9856200478590064,-37.48859527394091
216,217.0,0.42607530112073333,0.5389074603097027,0.0,0.3626920240047943,0.1263978351292702,0.1343757180069961,0.8948952533030431,-24.099617515292497
217,218.0,0.4089930999523015,3.471619764785929,0.06860570465224819,0.42052927449047833,0.01866636508869447,0.05163936080258169,0.9856200176412493,-37.48859527444601
218,219.0,0.44259375143345425,1.9457619370051282,0.06860578378083994,0.42052925884035675,0.018666365088761145,0.05163936080267392,0.9856200154556864,-37.48859527442101
219,220.0,0.17281904152014782,9.001261268086783,0.17281904152014782,9.001261268086783,3.571168118609231,0.7142596685289133,0.0,-0.7111218188379018
220,221.0,0.22724798873124152,6.013635444764769,0.22724798873124152,6.013635444764769,3.571168117668415,0.7142596684348281,2.9863511663563713e-10,-0.7111218206820356
221,222.0,0.2293767367599665,4.456994192724225,0.22944645876594966,4.456989663014257,3.571167086263201,0.7142595652905384,3.2694351892459395e-07,-0.7111238423839836
222,223.0,0.01476604388343239,7.031119173355442,0.01476604388343239,7.031119173355442,3.571168118609231,0.7142596685289133,0.0,-0.7111218188379018
223,224.0,0.1781310562418006,3.9070692081713494,0.1781555255572762,3.9070676982680266,3.571167858534455,0.7142596425204868,8.640787785285653e-08,-0.7111223286216566
224,225.0,0.8149189923049004,3.351008112847232,0.0,0.3353218541779296,0.1263978351292702,0.1343757180069961,0.8948952533030431,-24.099617515292497
225,226.0,0.7730843000273099,6.8329633172272395,0.06860578676666731,0.4205292942079302,0.01866636508874786,0.05163936080265554,0.9856200206022934,-37.48859527442599
226,227.0,0.277064487918657,9.409926845431274,0.277064487918657,9.409926845431274,3.5711681186089708,0.7142596685288873,7.815970093361102e-14,-0.7111218188384116
227,228.0,0.8228344017677168,4.496110453500855,0.0,0.42373490776848904,0.1263978351292702,0.1343757180069961,0.8948952533030431,-24.099617515292497
228,229.0,0.2084443977337458,5.9481681069603125,0.2084443977337458,5.9481681069603125,3.5711681184407307,0.7142596685120627,5.449840578819476e-11,-0.7111218191681861
229,230.0,0.6557083925496615,5.866503308341046,0.06860574936880906,0.420529319717245,0.018666365088686843,0.05163936080257113,0.9856200242692397,-37.488595274448876
230,231.0,0.6664128948077662,4.157744213205061,0.06860572757222619,0.4205292894988205,0.018666365088673385,0.05163936080255252,0.9856200198499646,-37.488595274453914
231,232.0,0.27457608941477263,7.889356081403118,0.27457608941477263,7.889356081403118,3.5711681185592137,0.7142596685239114,1.5073164938428363e-11,-0.7111218189359416
232,233.0,0.400100652943435,1.3207703413785057,0.0,0.42482389747319943,0.1263978351292702,0.1343757180069961,0.8948952533030431,-24.099617515292497
233,234.0,0.7733042532449321,6.744988357524276,0.0686054374648345,0.4205296259817195,0.01866636509193959,0.051639360807070406,0.985620068448148,-37.48859527322907
234,235.0,0.6739283119956196,6.224041751076896,0.06860567449439227,0.4205292970751846,0.018666365088738757,0.05163936080264294,0.9856200208910696,-37.4885952744294
235,236.0,0.9299614265032893,6.971305427968399,0.06860572414701904,0.4205292953565078,0.018666365088672615,0.051639360802551465,0.9856200206978857,-37.48859527445421
236,237.0,0.9414038108189734,5.049206581038921,0.0,0.42706011777019287,0.1263978351292702,0.1343757180069961,0.8948952533030431,-24.099617515292497
237,238.0,0.5575956396092457,0.3789611052766064,0.06860570453040185,0.4205292146423787,0.018666365088785837,0.05163936080270806,0.9856200089378826,-37.48859527441175
238,239.0,0.9772926048091046,6.947684165208126,0.06860573064605623,0.42052929548665074,0.018666365088672168,0.051639360802550834,0.985620020724232,-37.488595274454376
239,240.0,0.8481341874615828,7.9930757292423085,0.06860568927063601,0.4205294109651935,0.01866636508886898,0.05163936080282307,0.9856200374698988,-37.48859527438057
240,241.0,0.2903223952477222,5.916254357333367,0.2903331422066062,5.91625378001739,3.5711679392497033,0.7142596505923063,5.3073358929900394e-08,-0.711122170408224
241,242.0,0.936014689937496,2.581814615572915,0.0686057442430288,0.4205293058757448,0.018666365088677687,0.05163936080255846,0.9856200222505463,-37.48859527445231
242,243.0,0.3792953763433887,5.1262308429292345,0.0,0.40134432692518385,0.1263978351292702,0.1343757180069961,0.8948952533030431,-24.099617515292497
243,244.0,0.5772491277977224,6.082337597875328,0.06860571749159154,0.42052928021523495,0.018666365088680286,0.051639360802562075,0.9856200184884205,-37.48859527445133
244,245.0,0.04822262396184496,2.574715879949037,0.04822262396184496,2.574715879949037,3.5711681186092177,0.7142596685289119,4.551914400963142e-15,-0.7111218188379276
245,246.0,0.34053867057783294,1.7641601248242342,0.0,0.335273244762371,0.1263978351292702,0.1343757180069961,0.8948952533030431,-24.099617515292497
246,247.0,0.29871966445853504,4.492470514910108,0.0,0.4789764026499315,0.1263978351292702,0.1343757180069961,0.8948952533030431,-24.099617515292497
247,248.0,0.6783952403044919,6.34487211052877,0.06860572325663285,0.4205293114647375,0.01866636508867415,0.05163936080255358,0.9856200230393455,-37.48859527445363
248,249.0,0.9966682207303749,8.48926652335615,0.0,0.44059952118731266,0.1263978351292702,0.1343757180069961,0.8948952533030431,-24.099617515292497
249,250.0,0.7664875579807914,5.9028099300368435,0.06860572855543443,0.4205292983962505,0.01866636508867183,0.05163936080255037,0.9856200211449626,-37.488595274454504
250,251.0,0.5883671618964448,3.4469153315132273,0.06860570490930151,0.42052927472353063,0.018666365088694015,0.05163936080258106,0.9856200176754338,-37.48859527444618
251,252.0,0.7318155872394596,3.9788189113322847,0.0686057297561178,0.4205292863615328,0.01866636508867438,0.0516393608025539,0.9856200193962297,-37.488595274453544
252,253.0,0.9143319357140163,2.339245148770122,0.06860584541029278,0.4205293076133001,0.018666365088980532,0.051639360802977374,0.9856200226184815,-37.488595274338735
253,254.0,0.00559559503168372,9.499747601760653,0.00559559503168372,9.499747601760653,3.571168118609231,0.7142596685289133,0.0,-0.7111218188379018
254,255.0,0.6340424267760131,5.097376697622311,0.0,0.408456221578817,0.1263978351292702,0.1343757180069961,0.8948952533030431,-24.099617515292497
255,256.0,0.6552618493002608,8.128396503873326,0.0,0.41645701707070376,0.1263978351292702,0.1343757180069961,0.8948952533030431,-24.099617515292497
256,257.0,0.6665558723295318,5.007573624079158,0.06860567768390342,0.42052943493746076,0.018666365088969995,0.051639360802962816,0.9856200409426836,-37.48859527434269
257,258.0,0.6663973161012563,7.266255022662813,0.06860572354487339,0.420529295499438,0.01866636508867274,0.05163936080255164,0.985620020717983,-37.48859527445416
258,259.0,0.36791321957043477,7.484983211858668,0.36791321957043477,7.484983211858668,3.5711680185654937,0.7142596585241746,2.6980834788581376e-08,-0.7111220149379314
259,260.0,0.6251551345129223,1.9951328440610048,0.0686058933123848,0.42052919312906095,0.018666365089422526,0.051639360803588746,0.9856200060244199,-37.48859527417299
260,261.0,0.5507404540256856,6.780201399251288,0.06860561240352606,0.4205294355561861,0.01866636508921157,0.05163936080329696,0.9856200409579199,-37.4885952742521
261,262.0,0.6362289280411108,7.755857094510843,0.06860572878109793,0.42052919204416467,0.018666365088829802,0.05163936080276888,0.9856200056792946,-37.488595274395266
262,263.0,0.7888871026364329,5.546379880696324,0.0,0.4472656943813323,0.1263978351292702,0.1343757180069961,0.8948952533030431,-24.099617515292497
263,264.0,0.364321095356518,9.855164726451498,0.364321095356518,9.855164726451498,3.571168118484085,0.7142596685163982,3.389699632094789e-11,-0.711121819083206
264,265.0,0.46803288730001924,3.973716182406518,0.06860572898303058,0.4205292869262686,0.01866636508867417,0.05163936080255361,0.9856200194774716,-37.48859527445362
265,266.0,0.7579251983684836,9.725580311132699,0.0,0.48546543791484215,0.1263978351292702,0.1343757180069961,0.8948952533030431,-24.099617515292497
266,267.0,0.9922155773986419,2.333490007934896,0.0,0.4465673904932238,0.1263978351292702,0.1343757180069961,0.8948952533030431,-24.099617515292497
267,268.0,0.2989465078749687,3.4968408404962354,0.06860568410917586,0.42052926432218,0.01866636508873577,0.05163936080263881,0.9856200161390761,-37.48859527443052
268,269.0,0.9359167837665674,3.226438204712753,0.06860572220561754,0.420529291271449,0.018666365088673913,0.05163936080255324,0.9856200201016142,-37.488595274453715
269,270.0,0.12455805703527845,2.5797005526251033,0.06860572340148988,0.42052929297321917,0.018666365088673195,0.05163936080255225,0.9856200203504535,-37.48859527445399
270,271.0,0.7534470225561287,9.22359328662827,0.0,0.4705800557187286,0.1263978351292702,0.1343757180069961,0.8948952533030431,-24.099617515292497
271,272.0,0.6414469436355342,1.9316995907334285,0.0,0.38057022115942113,0.1263978351292702,0.1343757180069961,0.8948952533030431,-24.099617515292497
272,273.0,0.2499595878835159,4.3816580924550115,0.06860572322047376,0.42052930141102324,0.01866636508867251,0.05163936080255131,0.9856200215772823,-37.48859527445425
273,274.0,0.20668633551941218,3.0712931428103287,0.0,0.33541851600073674,0.1263978351292702,0.1343757180069961,0.8948952533030431,-24.099617515292497
274,275.0,0.5804651125934184,4.728987848740784,0.0,0.4828329124797044,0.1263978351292702,0.1343757180069961,0.8948952533030431,-24.099617515292497
275,276.0,0.77383342790235,3.452325149947615,0.0,0.43840692631105954,0.1263978351292702,0.1343757180069961,0.8948952533030431,-24.099617515292497
276,277.0,0.29132168279893267,0.3171993398347438,0.06860576999441055,0.42052942719493713,0.018666365088932626,0.051639360802911115,0.985620039922181,-37.488595274356705
277,278.0,0.3462715458660488,0.9195734100065727,0.06860572085878944,0.4205292948111938,0.018666365088673656,0.05163936080255289,0.9856200206148301,-37.488595274453814
278,279.0,0.6716376172132318,9.244981832655778,0.0,0.4711651140393088,0.1263978351292702,0.1343757180069961,0.8948952533030431,-24.099617515292497
279,280.0,0.17930152516261233,5.440759859626672,0.17930152516261233,5.440759859626672,3.5711681185533886,0.7142596685233289,1.85357285076293e-11,-0.7111218189473618
280,281.0,0.5179260856135208,6.47557777442772,0.06860570073657372,0.4205293537916911,0.018666365088727075,0.0516393608026268,0.9856200291688336,-37.488595274433784
281,282.0,0.5925347119074874,2.456009764469011,0.06860577284344398,0.42052933293869404,0.018666365088731363,0.05163936080263272,0.9856200262186868,-37.48859527443218
282,283.0,0.13807346969751833,3.669201229305786,0.13807346969751833,3.669201229305786,3.57116810732536,0.714259667400485,3.851902574680821e-09,-0.7111218409559017
283,284.0,0.5491168205135931,8.00875886468815,0.06860570615472428,0.4205291816501825,0.018666365088875633,0.05163936080283227,0.9856200041419274,-37.48859527437807
284,285.0,0.4227594919656348,7.405328792665539,0.42280589928808854,7.405325772858894,3.571166854853871,0.7142595421487578,3.191483319842092e-07,-0.7111242959794959
285,286.0,0.3532651025076846,3.0630183089471275,0.06860572404271047,0.4205292954449842,0.01866636508867263,0.05163936080255148,0.9856200207106329,-37.488595274454205
286,287.0,0.4328162546895199,6.571825925718746,0.0,0.33820051793155925,0.1263978351292702,0.1343757180069961,0.8948952533030431,-24.099617515292497
287,288.0,0.25111801188045046,5.149034230035841,0.2511349760882757,5.1490331642217315,3.5711678663764697,0.7142596433047169,7.804630119956357e-08,-0.7111223132501872
288,289.0,0.7286017682752817,2.455534920642293,0.06860584541029278,0.4205293076133001,0.018666365088980532,0.051639360802977374,0.9856200226184815,-37.488595274338735
289,290.0,0.5780788916131963,9.860931027229206,0.5781111324896694,9.860928940010092,3.5711669276755504,0.7142595494311924,2.5229278688421175e-07,-0.7111241532385453
290,291.0,0.3567907711506374,8.754096825095985,0.3567907711506374,8.754096825095985,3.571168116984289,0.7142596683664132,4.44144276912084e-10,-0.7111218220230198
291,292.0,0.07533416961006156,3.4694253772773864,0.07533416961006156,3.4694253772773864,3.5711681186092177,0.7142596685289119,4.3298697960381105e-15,-0.7111218188379276
292,293.0,0.2375319722891963,8.119973610134934,0.2375319722891963,8.119973610134934,3.571168118608879,0.714259668528878,1.1057821325266559e-13,-0.711121818838591
293,294.0,0.9807243685962665,8.161692133003752,0.06860572360845096,0.42052934780596357,0.018666365088702806,0.051639360802593216,0.9856200283245151,-37.488595274442886
294,295.0,0.7895392195791946,5.239442408634021,0.0,0.39299586281463683,0.1263978351292702,0.1343757180069961,0.8948952533030431,-24.099617515292497
295,296.0,0.9273031779137081,3.8036602467722314,0.06860572397171515,0.4205292979045882,0.018666365088672403,0.05163936080255116,0.9856200210682303,-37.48859527445429
296,297.0,0.19607071194747272,0.35761832388941506,0.06860572003901443,0.42052959522871475,0.018666365089847033,0.051639360804175936,0.9856200643003401,-37.48859527401379
297,298.0,0.8052307256002257,5.408979384480491,0.0,0.49741882264380566,0.1263978351292702,0.1343757180069961,0.8948952533030431,-24.099617515292497
298,299.0,0.952513204594111,0.3499308366702323,0.06860523120033997,0.42052984324422565,0.01866636509801155,0.05163936081546926,0.9856200998028788,-37.488595270952054
299,300.0,0.7782423364504032,3.984635261181676,0.06860572920292501,0.4205292887166817,0.018666365088673576,0.05163936080255278,0.9856200197380869,-37.48859527445385
300,301.0,0.7083636016359672,5.387141490705757,0.0,0.46713189994690113,0.1263978351292702,0.1343757180069961,0.8948952533030431,-24.099617515292497
301,302.0,0.0677423533728313,3.6788249098557624,0.0677423533728313,3.6788249098557624,3.571168118609231,0.7142596685289133,0.0,-0.7111218188379018
302,303.0,0.5091112149694018,0.6307641497481654,0.06860564314040363,0.4205291520127288,0.018666365089145605,0.051639360803205706,0.9856199997598754,-37.48859527427683
303,304.0,0.9331284614841873,2.2549059575249313,0.06860584541029278,0.4205293076133001,0.018666365088980532,0.051639360802977374,0.9856200226184815,-37.488595274338735
304,305.0,0.6811757311261166,8.852142610155214,0.0,0.45563228268148237,0.1263978351292702,0.1343757180069961,0.8948952533030431,-24.099617515292497
305,306.0,0.30564795206512396,4.47964898409235,0.06860572978083947,0.42052929120866694,0.018666365088672903,0.051639360802551854,0.9856200201011345,-37.4885952744541
306,307.0,0.4343466075368919,5.146006408291048,0.0,0.39808157241766107,0.1263978351292702,0.1343757180069961,0.8948952533030431,-24.099617515292497
307,308.0,0.6027473235098015,9.602945460097018,0.6028313895968037,9.602939731346686,3.571164644158034,0.7142593210710392,7.170126296029977e-07,-0.7111286292622223
308,309.0,0.6517003517763985,4.465688400015162,0.06860572168427423,0.42052931515694003,0.01866636508867587,0.051639360802555954,0.9856200235744734,-37.48859527445298
309,310.0,0.9099548953560784,2.7061769962263202,0.06860584541029278,0.4205293076133001,0.018666365088980532,0.051639360802977374,0.9856200226184815,-37.488595274338735
310,311.0,0.724767020072739,2.1980595393063793,0.06860584541029278,0.4205293076133001,0.018666365088980532,0.051639360802977374,0.9856200226184815,-37.488595274338735
311,312.0,0.8694185236207593,4.4900681492249035,0.06860572375059638,0.4205292944841061,0.018666365088672834,0.05163936080255176,0.9856200205705672,-37.48859527445413
312,313.0,0.28504332981281344,0.560304133858567,0.06860577181014477,0.4205293201831023,0.018666365088719723,0.05163936080261662,0.9856200243625809,-37.48859527443654
313,314.0,0.8602321591517872,4.747377244580164,0.0,0.4840036410050624,0.1263978351292702,0.1343757180069961,0.8948952533030431,-24.099617515292497
314,315.0,0.646292290496776,7.7756651898428295,0.06860572889514488,0.42052919543820966,0.01866636508882003,0.051639360802755364,0.9856200061729959,-37.488595274398925
315,316.0,0.7567998856980237,9.375356127370162,0.0,0.1901313385362062,0.6826050687558586,0.3122739339462478,0.529779861142549,-12.294242761523385
316,317.0,0.11916245331340247,7.220918382062861,0.11916245331340247,7.220918382062861,3.571168118609231,0.7142596685289133,0.0,-0.7111218188379018
317,318.0,0.8040458794989983,8.614068307317556,0.0,0.4459741338894206,0.1263978351292702,0.1343757180069961,0.8948952533030431,-24.099617515292497
318,319.0,0.32926244014429684,4.365040026178751,0.06860572367286827,0.42052929757392593,0.018666365088672497,0.0516393608025513,0.9856200210198038,-37.488595274454255
319,320.0,0.401985081540709,5.891267552023267,0.0,0.41654417161055335,0.1263978351292702,0.1343757180069961,0.8948952533030431,-24.099617515292497
320,321.0,0.518489650048585,7.3375540108036095,0.0,0.4416382200119204,0.1263978351292702,0.1343757180069961,0.8948952533030431,-24.099617515292497
321,322.0,0.29562572618690686,9.460423591407256,0.29562572618690686,9.460423591407256,3.571168118607709,0.714259668528761,4.475309012264006e-13,-0.7111218188408843
322,323.0,0.23640345994367895,4.877441581477407,0.2364232219135277,4.877440426845454,3.5711678424764304,0.7142596409146258,8.681241980834642e-08,-0.7111223600976837
323,324.0,0.4741101497132181,6.239475790219352,0.06860570565078544,0.4205291425221553,0.018666365089023,0.05163936080303612,0.9856199984512317,-37.488595274322805
324,325.0,0.4622810415608192,1.710743801917537,0.0686055980941171,0.42052923897372707,0.018666365089115743,0.051639360803164405,0.9856200123543577,-37.48859527428804
325,326.0,0.020089523969324397,4.70147137164682,0.020089523969324397,4.70147137164682,3.571168118609231,0.7142596685289133,0.0,-0.7111218188379018
326,327.0,0.27075077299016703,8.956494065950007,0.27075077299016703,8.956494065950007,3.571168118608554,0.7142596685288456,2.0461410343841635e-13,-0.7111218188392288
327,328.0,0.8969478176160965,2.9520492697916736,0.06860581475149921,0.4205292982143792,0.018666365088838587,0.05163936080278104,0.9856200212167923,-37.48859527439197
328,329.0,0.3174967194467808,3.1104567832230026,0.0,0.33435318357099325,0.1263978351292702,0.1343757180069961,0.8948952533030431,-24.099617515292497
329,330.0,0.5163787922579163,7.992038079144601,0.06860573915241945,0.4205294714180168,0.018666365089071792,0.0516393608031036,0.9856200463178756,-37.48859527430451
330,331.0,0.5659186457457809,2.4114612558576605,0.0,0.4226938964084935,0.1263978351292702,0.1343757180069961,0.8948952533030431,-24.099617515292497
331,332.0,0.1246198776704801,3.1939427641070277,0.1246198776704801,3.1939427641070277,3.571168058035735,0.7142596624713428,2.0812663703573264e-08,-0.7111219375706135
332,333.0,0.2931080492356535,6.418181987579354,0.2931080492356535,6.418181987579354,3.571168080447339,0.714259664712585,1.1255634202456122e-08,-0.7111218936406658
333,334.0,0.667407243268666,7.9030869984066845,0.0,0.1839357161619254,0.6826050687558586,0.3122739339462478,0.529779861142549,-12.294242761523385
334,335.0,0.9180134962435834,2.566896354237096,0.06860573055165607,0.42052930089006774,0.01866636508867187,0.05163936080255042,0.9856200215098956,-37.48859527445449
335,336.0,0.5537687550024468,6.623783647754168,0.06860570246565699,0.42052934111910184,0.01866636508870915,0.051639360802602,0.9856200273279554,-37.488595274440506
336,337.0,0.3423648503684382,3.8402234812899225,0.06860572784574452,0.4205292884366506,0.018666365088673687,0.051639360802552936,0.9856200196958148,-37.48859527445381
337,338.0,0.3928970447564515,1.7264442539439284,0.0,0.19237258974487495,0.6826050687558586,0.3122739339462478,0.529779861142549,-12.294242761523385
338,339.0,0.6519425423161906,0.7456484600292304,0.06860539509835813,0.4205290930553396,0.018666365091829826,0.051639360806918576,0.985619990900865,-37.488595273270235
339,340.0,0.4038193737239911,0.7617720331228887,0.06860578124578438,0.4205294028930479,0.018666365088881164,0.051639360802839936,0.9856200364010385,-37.488595274376
340,341.0,0.11922772801703863,3.435826266448713,0.11922772801703863,3.435826266448713,3.571168115084477,0.714259668176425,1.2137868488082404e-09,-0.7111218257469227
341,342.0,0.9165635540084734,5.092456105633143,0.0,0.4132124512879478,0.1263978351292702,0.1343757180069961,0.8948952533030431,-24.099617515292497
342,343.0,0.2790928715119606,6.907068616655917,0.2790928715119606,6.907068616655917,3.571168116053864,0.7142596682733672,7.660936329756396e-10,-0.7111218238467867
343,344.0,0.15894482913715757,5.042726102316456,0.15894482913715757,5.042726102316456,3.571168118582251,0.714259668526215,9.093392705494807e-12,-0.7111218188907857
344,345.0,0.8928485592981021,2.3516833614747497,0.06860584541029278,0.4205293076133001,0.018666365088980532,0.051639360802977374,0.9856200226184815,-37.488595274338735
345,346.0,0.4819136704589678,7.804932136909566,0.06860572806908269,0.4205292113253462,0.018666365088778558,0.05163936080269801,0.9856200084824002,-37.48859527441448
346,347.0,0.8583351425871186,0.34190251696399687,0.06860572714006861,0.42052932414837524,0.018666365088679568,0.05163936080256108,0.9856200248882461,-37.4885952744516
347,348.0,0.700044841830717,5.179309361078379,0.0,0.3942156318936718,0.1263978351292702,0.1343757180069961,0.8948952533030431,-24.099617515292497
348,349.0,0.9019118372710578,8.588624518493372,0.0,0.445168875784197,0.1263978351292702,0.1343757180069961,0.8948952533030431,-24.099617515292497
349,350.0,0.5298339364544079,8.937461134264627,0.52988127636394,8.937458070049333,3.571166483652292,0.7142595050272387,3.6505084288762646e-07,-0.7111250235879476
350,351.0,0.7087435927453245,7.294966662217111,0.0,0.42047469069568394,0.1263978351292702,0.1343757180069961,0.8948952533030431,-24.099617515292497
351,352.0,0.3905537329980705,0.8063626734015283,0.0,0.40978795631323073,0.1263978351292702,0.1343757180069961,0.8948952533030431,-24.099617515292497
352,353.0,0.10520805971057867,3.458621838598435,0.10520805971057867,3.458621838598435,3.5711681184319755,0.7142596685111872,6.133427099541677e-11,-0.7111218191853474
353,354.0,0.981892735242275,2.2452698471326915,0.06860584541029278,0.4205293076133001,0.018666365088980532,0.051639360802977374,0.9856200226184815,-37.488595274338735
354,355.0,0.662687636136726,7.29365557125779,0.0,0.4922499876733044,0.1263978351292702,0.1343757180069961,0.8948952533030431,-24.099617515292497
355,356.0,0.8755112670179508,0.5623156866341255,0.06860576832792764,0.4205292949781127,0.018666365088707258,0.05163936080259938,0.985620020693275,-37.48859527444122
356,357.0,0.4139936625870104,6.895058838731767,0.0,0.3561652229656891,0.1263978351292702,0.1343757180069961,0.8948952533030431,-24.099617515292497
357,358.0,0.9415863373119961,0.1106236896743484,0.06860575374648073,0.4205293000555668,0.018666365088685837,0.051639360802569735,0.9856200214150133,-37.488595274449246
358,359.0,0.22754496188457873,6.606026575801577,0.22754496188457873,6.606026575801577,3.5711681185375093,0.7142596685217408,2.2759016893303397e-11,-0.7111218189784854
359,360.0,0.453067448424857,1.628996270372101,0.0,0.34525271366745364,0.1263978351292702,0.1343757180069961,0.8948952533030431,-24.099617515292497
360,361.0,0.3411200475070886,6.970843066809214,0.3411200475070886,6.970843066809214,3.571168009269265,0.7142596575945179,3.0455341915036627e-08,-0.7111220331598673
361,362.0,0.14083460734967046,8.795101743200618,0.14083460734967046,8.795101743200618,3.571168118609231,0.7142596685289133,0.0,-0.7111218188379018
362,363.0,0.35968301256406954,9.26261645580118,0.35968301256406954,9.26261645580118,3.5711681181368493,0.7142596684816733,1.2866629983676603e-10,-0.7111218197638376
363,364.0,0.9564270725515704,8.352524792359219,0.06860571828082304,0.4205293055015413,0.018666365088674634,0.05163936080255425,0.9856200221664885,-37.48859527445345
364,365.0,0.6878290631011035,9.134017206904856,0.06860573503549029,0.42052929711027415,0.01866636508867278,0.05163936080255168,0.9856200209653525,-37.48859527445415
365,366.0,0.046338405038605646,2.3602451871554715,0.046338405038605646,2.3602451871554715,3.571168118608864,0.7142596685288766,1.2789769243681803e-13,-0.7111218188386212
366,367.0,0.15309385308280643,6.08787859774421,0.15309385308280643,6.08787859774421,3.57116811860922,0.7142596685289122,3.552713678800501e-15,-0.7111218188379231
367,368.0,0.7845389145450928,3.756570790776384,0.06860572170134722,0.4205293101516615,0.01866636508867421,0.05163936080255365,0.9856200228466204,-37.48859527445361
368,369.0,0.4447299297048972,6.424477611326372,0.0686057228192764,0.42052930089194596,0.018666365088672608,0.05163936080255145,0.9856200215013393,-37.48859527445421
369,370.0,0.5220723702473026,8.19248113319893,0.06860572428804985,0.4205292967006229,0.018666365088672435,0.05163936080255121,0.9856200208935095,-37.488595274454276
370,371.0,0.7978653934169122,6.883349402979041,0.0,0.35593571544258856,0.1263978351292702,0.1343757180069961,0.8948952533030431,-24.099617515292497
371,372.0,0.1093653427936333,5.996753083998472,0.1093653427936333,5.996753083998472,3.571168118609231,0.7142596685289133,0.0,-0.7111218188379018
372,373.0,0.17764967292918865,4.78870823914039,0.17764967292918865,4.78870823914039,3.571168116875494,0.7142596683555332,5.762551547050521e-10,-0.7111218222362741
373,374.0,0.8728893098120857,4.097747119749964,0.06860572832407005,0.42052928790546207,0.01866636508867385,0.051639360802553165,0.9856200196191148,-37.48859527445374
374,375.0,0.6414988178966219,5.61078810010979,0.0,0.3422897940098664,0.1263978351292702,0.1343757180069961,0.8948952533030431,-24.099617515292497
375,376.0,0.445929078318261,4.920327189977579,0.06860572433342498,0.42052929573274206,0.018666365088672532,0.05163936080255133,0.985620020752811,-37.48859527445424
376,377.0,0.9125188972062331,3.138497452348891,0.06860572920540596,0.42052952085917955,0.018666365089329614,0.05163936080346023,0.9856200534961747,-37.488595274207825
377,378.0,0.3754175734586972,9.55793703066271,0.3754175734586972,9.55793703066271,3.5711681180351085,0.7142596684714989,1.534423699212084e-10,-0.7111218199632638
378,379.0,0.1633872733697619,4.844552124505701,0.1633872733697619,4.844552124505701,3.5711681184255744,0.7142596685105469,6.170819411011053e-11,-0.7111218191978956
379,380.0,0.03820714877332143,9.964494322573525,0.03820714877332143,9.964494322573525,3.571168118609231,0.7142596685289133,0.0,-0.7111218188379018
380,381.0,0.30137992536622515,5.1961033250368,0.0,0.38896617898717856,0.1263978351292702,0.1343757180069961,0.8948952533030431,-24.099617515292497
381,382.0,0.20184100868519217,1.0785773101797151,0.0686057452091956,0.42052947784399286,0.018666365089106754,0.051639360803151964,0.9856200472592445,-37.488595274291406
382,383.0,0.7920575291107957,0.28072620419939215,0.06860572378487151,0.42052929532064287,0.018666365088672712,0.051639360802551576,0.9856200206922565,-37.48859527445417
383,384.0,0.5526597760675968,1.9583756489757318,0.0,0.4647211004447379,0.1263978351292702,0.1343757180069961,0.8948952533030431,-24.099617515292497
384,385.0,0.9286722331096456,6.431330817984233,0.06860571766120939,0.4205293109807558,0.018666365088676067,0.05163936080255623,0.9856200229625739,-37.48859527445292
385,386.0,0.6509359524474398,1.9900653705096274,0.06860572957714389,0.42052929855844234,0.018666365088671838,0.05163936080255039,0.9856200211697153,-37.488595274454504
386,387.0,0.5089360213279684,7.807645920257865,0.06860572807813732,0.4205292110849128,0.018666365088779134,0.05163936080269879,0.9856200084474461,-37.488595274414266
387,388.0,0.8833352644075096,2.525636126253026,0.0,0.4202584477576967,0.1263978351292702,0.1343757180069961,0.8948952533030431,-24.099617515292497
388,389.0,0.6318534759830922,5.546376910519805,0.0,0.4393284116395605,0.1263978351292702,0.1343757180069961,0.8948952533030431,-24.099617515292497
389,390.0,0.8683925556165861,0.8244857239871127,0.06860563938392403,0.42052933786324076,0.018666365088868726,0.051639360802822706,0.9856200267823234,-37.488595274380664
390,391.0,0.4192312347449134,3.0717290534385002,0.06860572361743962,0.4205292939176968,0.01866636508867297,0.051639360802551944,0.9856200204880472,-37.48859527445407
391,392.0,0.8247216562433854,3.7032730529819835,0.06860574711589991,0.4205292934156614,0.018666365088679873,0.05163936080256149,0.985620020441865,-37.488595274451484
392,393.0,0.3088367455494825,9.610411595067674,0.3088367455494825,9.610411595067674,3.571168118605978,0.7142596685285879,9.415801471845953e-13,-0.7111218188442789
393,394.0,0.6703441854429887,2.312216055068301,0.06860572380344396,0.42052929563979174,0.018666365088672664,0.05163936080255152,0.9856200207386888,-37.48859527445419
394,395.0,0.24258748610713854,9.734461379026676,0.24258748610713854,9.734461379026676,3.57116811860923,0.7142596685289131,1.1102230246251565e-16,-0.7111218188379027
395,396.0,0.46446972371982154,5.213546949854413,0.0,0.3879731301685603,0.1263978351292702,0.1343757180069961,0.8948952533030431,-24.099617515292497
396,397.0,0.8011990059456615,8.224435749264048,0.06860572693248777,0.42052928847749227,0.018666365088673753,0.051639360802553026,0.9856200197007112,-37.48859527445378
397,398.0,0.6445420749606505,5.784690445491325,0.0,0.44368621920147294,0.1263978351292702,0.1343757180069961,0.8948952533030431,-24.099617515292497
398,399.0,0.9648233169301617,9.830655353154919,0.0,0.48844336570814356,0.1263978351292702,0.1343757180069961,0.8948952533030431,-24.099617515292497
399,400.0,0.7212825836063349,3.7831931984855145,0.0686057250709495,0.42052929399032696,0.018666365088672646,0.0516393608025515,0.985620020500269,-37.4885952744542
400,401.0,0.44881549067335047,3.969310001917479,0.06860572902083004,0.42052928683406193,0.0186663650886742,0.05163936080255365,0.9856200194641059,-37.488595274453616
401,402.0,0.7208799967529634,0.4989885872232714,0.0,0.437714850735605,0.1263978351292702,0.1343757180069961,0.8948952533030431,-24.099617515292497
402,403.0,0.08769348035183444,5.865142628545299,0.08769348035183444,5.865142628545299,3.571168118609231,0.7142596685289133,0.0,-0.7111218188379018
403,404.0,0.07620856083857153,9.879715083866524,0.07620856083857153,9.879715083866524,3.571168118609231,0.7142596685289133,0.0,-0.7111218188379018
404,405.0,0.7077892927759053,6.564757847391927,0.0,0.33830753009370346,0.1263978351292702,0.1343757180069961,0.8948952533030431,-24.099617515292497
405,406.0,0.06314752893499576,8.896435832873747,0.06314752893499576,8.896435832873747,3.571168118609231,0.7142596685289133,0.0,-0.7111218188379018
406,407.0,0.7410776973850713,3.8582366939006407,0.06860571942922479,0.42052928065050754,0.01866636508867911,0.05163936080256043,0.9856200185539316,-37.488595274451775
407,408.0,0.019044500445776102,0.6826993461210851,0.0,0.4851783755800023,0.1263978351292702,0.1343757180069961,0.8948952533030431,-24.099617515292497
408,409.0,0.19253345885083462,8.828672252121978,0.19253345885083462,8.828672252121978,3.571168118609231,0.7142596685289133,0.0,-0.7111218188379018
409,410.0,0.35850876639771423,9.24883597409769,0.35850876639771423,9.24883597409769,3.571168118154582,0.7142596684834467,1.2401168980602506e-10,-0.7111218197290778
410,411.0,0.49324591483231217,5.839338593478957,0.0,0.49965987301254455,0.1263978351292702,0.1343757180069961,0.8948952533030431,-24.099617515292497
411,412.0,0.32285317433168237,0.458061248499068,0.0,0.4082083895365027,0.1263978351292702,0.1343757180069961,0.8948952533030431,-24.099617515292497
412,413.0,0.7697611618813338,1.1509890683717645,0.0686056377167342,0.42052892024614524,0.018666365090840218,0.05163936080554973,0.9856199660490218,-37.488595273641344
413,414.0,0.32024057546527884,8.234374063303534,0.32024057546527884,8.234374063303534,3.571168117953128,0.7142596684633006,1.8738688378761026e-10,-0.7111218201239575
414,415.0,0.19476247549132508,9.297912287271576,0.19476247549132508,9.297912287271576,3.571168118609231,0.7142596685289133,0.0,-0.7111218188379018
415,416.0,0.941047343566632,3.3575720870531223,0.06860562322321279,0.4205291725361785,0.018666365089155916,0.051639360803219965,0.9856200027216454,-37.48859527427297
416,417.0,0.3626550833810257,7.294171023578102,0.3626550833810257,7.294171023578102,3.571167988311055,0.7142596554986205,3.5363496464491107e-08,-0.711122074240957
417,418.0,0.5836390420944798,8.853701902023488,0.0,0.455565976582926,0.1263978351292702,0.1343757180069961,0.8948952533030431,-24.099617515292497
418,419.0,0.2411363899664104,9.128864361874495,0.2411363899664104,9.128864361874495,3.571168118609222,0.7142596685289124,2.4424906541753444e-15,-0.7111218188379187
419,420.0,0.5714345495752458,1.8967798067124035,0.0,0.4536906505737266,0.1263978351292702,0.1343757180069961,0.8948952533030431,-24.099617515292497
420,421.0,0.8667360476430653,6.748044393166358,0.06860545674060703,0.420529146000801,0.01866636509070328,0.051639360805360315,0.9856199986714943,-37.488595273692695
421,422.0,0.2272535247093329,5.480272390577686,0.2272535247093329,5.480272390577686,3.5711681087684317,0.7142596675447974,3.1236648823096402e-09,-0.7111218381272755
422,423.0,0.9107547415902858,7.935428499733902,0.0,0.35378375583468885,0.1263978351292702,0.1343757180069961,0.8948952533030431,-24.099617515292497
423,424.0,0.5741543906868546,3.4379816052996053,0.06860570496305765,0.4205292747348298,0.018666365088693952,0.05163936080258096,0.9856200176771385,-37.48859527444621
424,425.0,0.35447942182009906,1.1720506383012947,0.06860571934941086,0.42052930233763064,0.018666365088673857,0.05163936080255318,0.9856200217076097,-37.48859527445374
425,426.0,0.9719614114163667,0.3772561067963296,0.06860576276192952,0.4205294470148287,0.018666365088993442,0.05163936080299524,0.9856200427961264,-37.488595274333896
426,427.0,0.97529508779218,5.788942001912027,0.0,0.4260295614295956,0.1263978351292702,0.1343757180069961,0.8948952533030431,-24.099617515292497
427,428.0,0.5573791717386006,7.536673832757937,0.06860572133884434,0.42052929567949293,0.018666365088673368,0.0516393608025525,0.9856200207416476,-37.48859527445392
428,429.0,0.9750871811008155,3.270132987788896,0.06860565487982559,0.4205293418599176,0.01866636508881605,0.05163936080274986,0.9856200273812632,-37.48859527440042
429,430.0,0.18671025169154987,4.798996862145046,0.18671025169154987,4.798996862145046,3.571168113873784,0.7142596680553512,1.5621741678017997e-09,-0.7111218281200546
430,431.0,0.313293384675976,4.340179745164894,0.06860572241484306,0.42052931152821205,0.01866636508867438,0.051639360802553914,0.9856200230476146,-37.488595274453544
431,432.0,0.3282122177434902,5.227831259211928,0.0,0.39083672658238716,0.1263978351292702,0.1343757180069961,0.8948952533030431,-24.099617515292497
432,433.0,0.6153186319062156,6.385385909067291,0.06860573084353185,0.42052930192907056,0.018666365088671935,0.05163936080255051,0.9856200216613218,-37.48859527445447
433,434.0,0.5032375956421996,2.9862074851058726,0.06860576107016514,0.42052942546599287,0.018666365088910866,0.051639360802881014,0.9856200396605824,-37.48859527436486
434,435.0,0.9528110388795515,7.450895226782608,0.06860572344141845,0.4205292956291101,0.01866636508867275,0.05163936080255164,0.9856200207367221,-37.48859527445416
435,436.0,0.21483363077056516,6.628073650041605,0.21483363077056516,6.628073650041605,3.5711681185945965,0.7142596685274497,4.703903933034326e-12,-0.7111218188665873
436,437.0,0.4177692900193988,7.509896118174168,0.41780050949086767,7.509894164181633,3.57116730202354,0.7142595868673618,2.0744906403802332e-07,-0.7111234194627674
437,438.0,0.5072334318619968,6.408642219283113,0.06860572505411217,0.4205293022784993,0.018666365088672164,0.051639360802550834,0.9856200217055257,-37.488595274454376
438,439.0,0.367825025329236,8.430791334732488,0.367825025329236,8.430791334732488,3.571168110995739,0.7142596677675362,2.0535038114388726e-09,-0.7111218337614353
439,440.0,0.5484937314080981,6.087505466330151,0.06860571727703914,0.4205292797503487,0.01866636508868066,0.05163936080256259,0.985620018420571,-37.48859527445119
440,441.0,0.8908145130852992,8.836552392705336,0.0,0.45559576365167476,0.1263978351292702,0.1343757180069961,0.8948952533030431,-24.099617515292497
441,442.0,0.9837701710456995,1.1569365383166585,0.0,0.37365022305409645,0.1263978351292702,0.1343757180069961,0.8948952533030431,-24.099617515292497
442,443.0,0.48420442020514765,7.342385312736315,0.0,0.4523672446133355,0.1263978351292702,0.1343757180069961,0.8948952533030431,-24.099617515292497
443,444.0,0.5342070326964699,7.49335476947751,0.06860572343207777,0.42052929541622036,0.018666365088672775,0.05163936080255167,0.9856200207057527,-37.48859527445415
444,445.0,0.5590911277175081,4.861285181342807,0.06860572390424242,0.42052930245540865,0.0186663650886724,0.05163936080255115,0.9856200217299389,-37.48859527445429
445,446.0,0.09580082538869861,2.6667112905073194,0.09581325988658096,2.666710579964579,3.5711680513279305,0.7142596618005378,2.3338891264046424e-08,-0.7111219507188702
446,447.0,0.4863980043877568,5.558209532761387,0.0,0.39458157414976136,0.1263978351292702,0.1343757180069961,0.8948952533030431,-24.099617515292497
447,448.0,0.6911893853899994,5.555361195686873,0.0,0.4921493511608058,0.1263978351292702,0.1343757180069961,0.8948952533030431,-24.099617515292497
448,449.0,0.13434417893781203,8.406008561899965,0.13434417893781203,8.406008561899965,3.571168118609231,0.7142596685289133,0.0,-0.7111218188379018
449,450.0,0.05496606114751068,7.645218684373822,0.05496606114751068,7.645218684373822,3.571168118609231,0.7142596685289133,0.0,-0.7111218188379018
450,451.0,0.476440678352525,4.565082208474266,0.0,0.4759310021762909,0.1263978351292702,0.1343757180069961,0.8948952533030431,-24.099617515292497
451,452.0,0.6855983983371302,8.319929883118895,0.06860571646632234,0.42052931225198364,0.018666365088677063,0.05163936080255761,0.9856200231460722,-37.488595274452535
452,453.0,0.71874331907608,3.7839568206828584,0.06860572544778605,0.42052929365261293,0.01866636508867265,0.05163936080255149,0.9856200204515886,-37.4885952744542
453,454.0,0.4528839426938449,3.682187588094167,0.06860572395761845,0.4205292975203,0.018666365088672435,0.0516393608025512,0.9856200210123306,-37.488595274454276
454,455.0,0.21321655925348448,8.76626899936261,0.21321655925348448,8.76626899936261,3.571168118609231,0.7142596685289131,0.0,-0.7111218188379018
455,456.0,0.1212610575380969,5.748430119387604,0.1212610575380969,5.748430119387604,3.571168118609231,0.7142596685289133,0.0,-0.7111218188379018
456,457.0,0.9552085112180029,4.2166472870218525,0.06860572699878624,0.4205292910667203,0.01866636508867301,0.051639360802552006,0.9856200200773159,-37.48859527445406
457,458.0,0.07941302312376608,8.90638495645105,0.07941302312376608,8.90638495645105,3.571168118609231,0.7142596685289133,0.0,-0.7111218188379018
458,459.0,0.13678474995805479,9.54466047228125,0.13678474995805479,9.54466047228125,3.571168118609231,0.7142596685289133,0.0,-0.7111218188379018
459,460.0,0.9685071686831056,5.150532558032235,0.0,0.4026439030248209,0.1263978351292702,0.1343757180069961,0.8948952533030431,-24.099617515292497
460,461.0,0.43829812626591946,1.7774754994545494,0.0,0.2114934554246911,0.6826050687558586,0.3122739339462478,0.529779861142549,-12.294242761523385
461,462.0,0.1859126556440044,4.352865165775231,0.1859126556440044,4.352865165775231,3.571168070890977,0.7142596637569139,1.575245556217908e-08,-0.7111219123725006
462,463.0,0.5430949654128363,7.604089231888694,0.06860571222230202,0.42052929991314625,0.018666365088678014,0.05163936080255893,0.9856200213468972,-37.48859527445218
463,464.0,0.030993286923559182,3.5825614591620303,0.030993286923559182,3.5825614591620303,3.571168118609231,0.7142596685289133,0.0,-0.7111218188379018
464,465.0,0.11723805916322749,3.29090798459979,0.11723805916322749,3.29090798459979,3.571168110092168,0.7142596676771759,2.9351971964075574e-09,-0.7111218355325626
465,466.0,0.05217518411622857,8.512170492418264,0.05217518411622857,8.512170492418264,3.571168118609231,0.7142596685289133,0.0,-0.7111218188379018
466,467.0,0.07527972909289915,5.179208451934144,0.07527972909289915,5.179208451934144,3.571168118609231,0.7142596685289133,0.0,-0.7111218188379018
467,468.0,0.7885285996072666,8.490531384096439,0.0,0.4397362423998015,0.1263978351292702,0.1343757180069961,0.8948952533030431,-24.099617515292497
468,469.0,0.18006787599189755,6.904528931566423,0.18006787599189755,6.904528931566423,3.5711681186092123,0.7142596685289114,5.995204332975845e-15,-0.7111218188379382
469,470.0,0.18032528866397635,3.2343481560087195,0.0,0.3878188971993507,0.1263978351292702,0.1343757180069961,0.8948952533030431,-24.099617515292497
470,471.0,0.3040130522123343,8.44517618083866,0.3040130522123343,8.44517618083866,3.5711681185133957,0.7142596685193295,2.790501163474346e-11,-0.7111218190257524
471,472.0,0.5632987109586974,1.2356901729525684,0.0,0.5666650475199307,0.643504384493884,0.3031982813025836,0.6004171759615555,-12.7071561125992
472,473.0,0.6205297616376056,7.1002490769148885,0.06860579049595396,0.42052933000530185,0.01866636508877141,0.05163936080268811,0.9856200258122306,-37.488595274417165
473,474.0,0.6430802708623072,0.5340783250032937,0.0,0.46423536824120126,0.1263978351292702,0.1343757180069961,0.8948952533030431,-24.099617515292497
474,475.0,0.1708812204391743,6.585575057754557,0.1708812204391743,6.585575057754557,3.571168118609211,0.7142596685289113,6.5503158452884236e-15,-0.7111218188379409
475,476.0,0.49970937889027445,3.4620601006229474,0.0,0.3354244957063579,0.1263978351292702,0.1343757180069961,0.8948952533030431,-24.099617515292497
476,477.0,0.29268474391783195,6.686839588120671,0.29268474391783195,6.686839588120671,3.5711681037814693,0.7142596670460829,4.375536377665412e-09,-0.7111218479024339
477,478.0,0.21259520665121368,0.8468975794167163,0.0,0.5735417363661505,0.643504384493884,0.3031982813025836,0.6004171759615555,-12.7071561125992
478,479.0,0.35395954752274894,0.07765755742354402,0.0,0.4069562973901127,0.1263978351292702,0.1343757180069961,0.8948952533030431,-24.099617515292497
479,480.0,0.5611093426115018,6.906212842392539,0.0,0.3334705354045981,0.1263978351292702,0.1343757180069961,0.8948952533030431,-24.099617515292497
480,481.0,0.7822455557693516,0.8989382764480188,0.0,0.4777478166711647,0.1263978351292702,0.1343757180069961,0.8948952533030431,-24.099617515292497
481,482.0,0.4048020848684144,4.9109151249779615,0.06860572631636057,0.4205292947044779,0.018666365088672355,0.0516393608025511,0.9856200206055439,-37.488595274454305
482,483.0,0.7885045112057091,0.9003798296657337,0.0,0.4713760638460471,0.1263978351292702,0.1343757180069961,0.8948952533030431,-24.099617515292497
483,484.0,0.7458678633768075,2.189949303014807,0.06860584541029278,0.4205293076133001,0.018666365088980532,0.051639360802977374,0.9856200226184815,-37.488595274338735
484,485.0,0.28925223246795895,6.2952572195385175,0.28925223246795895,6.2952572195385175,3.571168073276364,0.7142596639954614,1.3431183387702106e-08,-0.7111219076968016
485,486.0,0.5739926201412413,6.70198577143159,0.06860555688019188,0.4205288981325762,0.01866636509158505,0.05163936080658,0.9856199627403994,-37.48859527336202
486,487.0,0.10054862649869489,1.3803639492001933,0.06860566369817314,0.4205293821136538,0.01866636508885353,0.0516393608028017,0.9856200332450658,-37.48859527438637
487,488.0,0.6763635731580218,0.1415625901056142,0.06860572322120988,0.42052929536991945,0.018666365088672837,0.05163936080255176,0.9856200206987787,-37.48859527445412
488,489.0,0.45810531842365454,8.424668858501843,0.45812179413334864,8.424667925914578,3.5711676650702318,0.714259623173358,1.0987990617383758e-07,-0.7111227078392286
489,490.0,0.772482608219074,7.389068605034205,0.06860572382514528,0.42052929536532907,0.01866636508867269,0.05163936080255155,0.9856200206988008,-37.48859527445418
490,491.0,0.8156594588622474,2.1058733478363525,0.06860584541029278,0.4205293076133001,0.018666365088980532,0.051639360802977374,0.9856200226184815,-37.488595274338735
491,492.0,0.3420768475236178,4.314277296426492,0.06860572700046456,0.42052929105232184,0.01866636508867301,0.05163936080255199,0.9856200200752239,-37.48859527445406
492,493.0,0.4645997700628145,6.25667648255705,0.06860594179420094,0.4205293190331812,0.018666365089705282,0.051639360803979864,0.9856200243886184,-37.48859527406695
493,494.0,0.28739967894059415,8.37941401426639,0.28739967894059415,8.37941401426639,3.571168118580759,0.7142596685260659,8.453793221008254e-12,-0.7111218188937105
494,495.0,0.23838116149771293,1.7118516639094412,0.068605781062536,0.42052927525812606,0.018666365088740724,0.05163936080264566,0.9856200178400863,-37.48859527442867
495,496.0,0.0943353263257839,3.4009453394473406,0.0943353263257839,3.4009453394473406,3.571168118588001,0.7142596685267902,7.366662835295301e-12,-0.7111218188795165
496,497.0,0.1839215205914605,9.177615523171246,0.1839215205914605,9.177615523171246,3.571168118609231,0.7142596685289133,0.0,-0.7111218188379018
497,498.0,0.8670095020241565,8.499122419955954,0.0,0.44050810752049974,0.1263978351292702,0.1343757180069961,0.8948952533030431,-24.099617515292497
498,499.0,0.5497690063858441,0.6357670362034377,0.06860573225804699,0.42052929873924655,0.01866636508867208,0.05163936080255072,0.9856200211990688,-37.48859527445441
499,500.0,0.7175449366409984,5.865386757593986,0.0,0.3876463212018798,0.1263978351292702,0.1343757180069961,0.8948952533030431,-24.099617515292497
500,501.0,0.055625069224083834,4.139379402560148,0.055625069224083834,4.139379402560148,3.571168118609231,0.7142596685289133,0.0,-0.7111218188379018
501,502.0,0.3528075266655124,8.591000386195724,0.3528075266655124,8.591000386195724,3.571168116600796,0.7142596683280623,5.516057610677194e-10,-0.7111218227747207
502,503.0,0.8034859128581993,3.5598763773109536,0.06860569695399892,0.4205292699921592,0.018666365088707917,0.05163936080260028,0.9856200169782987,-37.48859527444097
503,504.0,0.6243954579373369,1.0511176610360318,0.06860574689720324,0.42052923739264114,0.018666365088731457,0.05163936080263285,0.9856200122946563,-37.48859527443214
504,505.0,0.9834212089326859,7.546971284576811,0.06860571677053934,0.4205292970413322,0.018666365088675235,0.05163936080255507,0.9856200209344701,-37.488595274453225
505,506.0,0.8422625920341837,0.35830476987722637,0.0,0.46032047575326973,0.1263978351292702,0.1343757180069961,0.8948952533030431,-24.099617515292497
506,507.0,0.9952799988900352,7.838076489015166,0.06860573145972418,0.4205292087742298,0.018666365088784637,0.05163936080270641,0.985620008115282,-37.4885952744122
507,508.0,0.3314920030690389,9.63318142547079,0.3314920030690389,9.63318142547079,3.5711681185881297,0.7142596685268031,5.945799408380026e-12,-0.7111218188792634
508,509.0,0.43447736112972113,0.38118867107090293,0.06860571191195543,0.4205293015818354,0.018666365088678263,0.05163936080255926,0.9856200215892053,-37.48859527445209
509,510.0,0.7008428224808585,2.207805787210274,0.06860584541029278,0.4205293076133001,0.018666365088980532,0.051639360802977374,0.9856200226184815,-37.488595274338735
510,511.0,0.8529121997199922,2.2881143244357247,0.06860584541029278,0.4205293076133001,0.018666365088980532,0.051639360802977374,0.9856200226184815,-37.488595274338735
511,512.0,0.1486637116224384,7.67796299371585,0.1486637116224384,7.67796299371585,3.571168118609231,0.7142596685289133,0.0,-0.7111218188379018
512,513.0,0.934072718378123,6.929711013537773,0.06860571475722901,0.42052934164250644,0.01866636508869894,0.051639360802587866,0.9856200274181127,-37.488595274444336
513,514.0,0.6717782785598887,9.129759211197948,0.0686057216642492,0.4205292597876948,0.018666365088695264,0.051639360802582794,0.985620015522581,-37.488595274445714
514,515.0,0.5482545746676188,2.4604786460609898,0.06860584541029278,0.4205293076133001,0.018666365088980532,0.051639360802977374,0.9856200226184815,-37.488595274338735
515,516.0,0.3239759870240242,4.522077874068824,0.0,0.4777773287017943,0.1263978351292702,0.1343757180069961,0.8948952533030431,-24.099617515292497
516,517.0,0.2084914011410972,2.5745332451578715,0.06860572365474575,0.4205292939445578,0.01866636508867295,0.05163936080255192,0.9856200204919959,-37.48859527445408
517,518.0,0.5656354783096108,4.896204277691508,0.06860586064196399,0.42052929523894494,0.018666365089064288,0.051639360803093226,0.9856200208363093,-37.48859527430733
518,519.0,0.2726268249740714,9.575502786861772,0.2726268249740714,9.575502786861772,3.5711681186091453,0.7142596685289047,2.5868196473766147e-14,-0.7111218188380688
519,520.0,0.058150632659651924,7.338747019634772,0.058150632659651924,7.338747019634772,3.571168118609231,0.7142596685289133,0.0,-0.7111218188379018
520,521.0,0.2600790084470066,4.708994615145247,0.0,0.48252184629267525,0.1263978351292702,0.1343757180069961,0.8948952533030431,-24.099617515292497
521,522.0,0.20005318708710995,8.78043753410093,0.20005318708710995,8.78043753410093,3.571168118609231,0.7142596685289133,0.0,-0.7111218188379018
522,523.0,0.7196411059718034,7.251744331791416,0.0,0.39457057473471613,0.1263978351292702,0.1343757180069961,0.8948952533030431,-24.099617515292497
523,524.0,0.9447569112438474,0.4723145085491889,0.06860613051451085,0.4205293051305473,0.018666365092320683,0.051639360807597526,0.9856200225801672,-37.48859527308616
524,525.0,0.3345164276499323,7.758674287399191,0.3345164276499323,7.758674287399191,3.571168111331221,0.7142596678010857,2.0433671421571376e-09,-0.7111218331038422
525,526.0,0.6046802835362931,2.7072440383625955,0.06860577602470881,0.4205292969028518,0.018666365088722162,0.051639360802619994,0.9856200209819483,-37.488595274435625
526,527.0,0.5220928058348626,5.669815133358736,0.0,0.2619245531867486,0.6826050687558586,0.3122739339462478,0.529779861142549,-12.294242761523385
527,528.0,0.9401320421496012,2.012435593225257,0.06860584541029278,0.4205293076133001,0.018666365088980532,0.051639360802977374,0.9856200226184815,-37.488595274338735
528,529.0,0.8596079652882652,7.104386536784462,0.06860572430578497,0.4205292957292338,0.018666365088672546,0.051639360802551354,0.9856200207522692,-37.488595274454234
529,530.0,0.39579750279207837,0.44683921431002316,0.06860520748210396,0.4205294808750913,0.01866636509517163,0.051639360811541024,0.985620047080967,-37.48859527201704
530,531.0,0.701140438543877,8.512165622372965,0.0,0.4405570237845335,0.1263978351292702,0.1343757180069961,0.8948952533030431,-24.099617515292497
531,532.0,0.40477907708269456,7.365412308084332,0.40480687706724583,7.365410576136403,3.571167420280857,0.7142595986935261,1.801739494267096e-07,-0.7111231876614719
532,533.0,0.5640815691427631,3.250529338754446,0.0,0.3501796084797448,0.1263978351292702,0.1343757180069961,0.8948952533030431,-24.099617515292497
533,534.0,0.9092015797775713,0.3226222377476833,0.0686058176244304,0.42052928251140276,0.018666365088852867,0.05163936080280078,0.9856200189365167,-37.48859527438662
534,535.0,0.5463963602192219,9.08110031980712,0.5464518269612535,9.081096678275902,3.5711661167307147,0.7142594683337337,4.3888132728042706e-07,-0.711125742807055
535,536.0,0.68257237787185,7.403216350452354,0.0,0.34307996652560035,0.1263978351292702,0.1343757180069961,0.8948952533030431,-24.099617515292497
536,537.0,0.4676763637885112,4.792005036842978,0.0686057106766009,0.4205293934328537,0.01866636508879515,0.05163936080272096,0.9856200349448141,-37.488595274408254
537,538.0,0.26082594506957524,5.894459390886159,0.26082594506957524,5.894459390886159,3.5711680913601205,0.7142596658039029,8.341082713414494e-09,-0.711121872250053
538,539.0,0.46645229798167065,0.8555060294719357,0.06860570810971078,0.420529355540836,0.01866636508872184,0.05163936080261954,0.9856200294316201,-37.48859527443575
539,540.0,0.5793033186663376,3.3960085904104926,0.06860568118268087,0.42052926419330716,0.01866636508874211,0.05163936080264758,0.9856200161169886,-37.48859527442815
540,541.0,0.06922803391047105,5.1997176813765575,0.06922803391047105,5.1997176813765575,3.571168118609231,0.7142596685289133,0.0,-0.7111218188379018
541,542.0,0.11778806288533616,4.903992459475254,0.11778806288533616,4.903992459475254,3.5711681186092203,0.7142596685289122,3.4416913763379853e-15,-0.7111218188379231
542,543.0,0.30005047635554005,7.718286622919584,0.30005047635554005,7.718286622919584,3.5711681178321575,0.7142596684512033,2.2732815629922243e-10,-0.7111218203610772
543,544.0,0.23288302030571462,7.793934361510558,0.23288302030571462,7.793934361510558,3.5711681186084534,0.7142596685288356,2.4513724383723456e-13,-0.711121818839425
544,545.0,0.8072477456013419,5.831354784592027,0.0,0.4862462386990011,0.1263978351292702,0.1343757180069961,0.8948952533030431,-24.099617515292497
545,546.0,0.2312777475082869,0.3938584028686438,0.06860563748895074,0.42052907817070645,0.018666365089544223,0.0516393608037571,0.9856199890150139,-37.48859527412735
546,547.0,0.8556401472809329,7.820084316957525,0.06860572838030535,0.4205292087522868,0.018666365088784793,0.051639360802706626,0.985620008108575,-37.48859527441214
547,548.0,0.23068640481128866,1.942180560312389,0.06860563321179787,0.42052924812155823,0.018666365088919428,0.051639360802892866,0.985620013724902,-37.48859527436166
548,549.0,0.057985838032515,0.5532203674713594,0.06860554279640325,0.4205292400367066,0.01866636508951269,0.051639360803713466,0.9856200124454669,-37.48859527413917
549,550.0,0.8183537160252047,7.743807458394288,0.06860572879654181,0.420529191983268,0.018666365088829982,0.051639360802769124,0.9856200056704565,-37.488595274395195
550,551.0,0.8696549895357346,3.3083455632085355,0.06860570738478129,0.420529248751867,0.018666365088718908,0.051639360802615476,0.9856200139014188,-37.488595274436854
551,552.0,0.6649128502459443,7.629725355044983,0.06860570855462858,0.4205293052292042,0.01866636508868133,0.0516393608025635,0.985620022115774,-37.48859527445094
552,553.0,0.9544591973068894,0.19698144112170077,0.00033682099841803037,0.4722698555530791,0.1263978351292702,0.1343757180069961,0.8948952533030431,-24.099617515292497
553,554.0,0.3237956337365723,0.8288201753209453,0.0,0.5304803150311335,0.643504384493884,0.3031982813025836,0.6004171759615555,-12.7071561125992
554,555.0,0.899322964083861,0.6348779186691247,0.0,0.4014203918711674,0.1263978351292702,0.1343757180069961,0.8948952533030431,-24.099617515292497
555,556.0,0.9993494463350764,5.914613741186932,0.0,0.4706878236355816,0.1263978351292702,0.1343757180069961,0.8948952533030431,-24.099617515292497
556,557.0,0.31245874336176427,6.491949474789729,0.31245874336176427,6.491949474789729,3.5711680210049086,0.714259658768125,2.8136463381400745e-08,-0.7111220101563287
557,558.0,0.3096844401180968,5.538671860396574,0.30977250300845643,5.538665998418969,3.571166307301496,0.7142594873915118,5.238183948819142e-07,-0.7111253692608832
558,559.0,0.7143351197226151,5.118090913034521,0.0,0.40979252038635355,0.1263978351292702,0.1343757180069961,0.8948952533030431,-24.099617515292497
559,560.0,0.5227363500660384,8.178779809046205,0.0,0.17124267117133135,0.6826050687558586,0.3122739339462478,0.529779861142549,-12.294242761523385
560,561.0,0.32762286776001925,4.524865669448681,0.0,0.4776505296051591,0.1263978351292702,0.1343757180069961,0.8948952533030431,-24.099617515292497
561,562.0,0.013392268887563175,1.2761403049698359,0.013392268887563175,1.2761403049698359,3.571168116390279,0.7142596683070099,7.75399855434955e-10,-0.7111218231873639
562,563.0,0.7641269757919708,3.6153449065413494,0.06860565532853596,0.4205292455443169,0.01866636508883776,0.051639360802779886,0.9856200133754386,-37.48859527439228
563,564.0,0.8749441114684084,3.845987920338771,0.06860570082917831,0.42052937864324097,0.01866636508877067,0.05163936080268709,0.9856200327828576,-37.488595274417435
564,565.0,0.8622836726358172,3.9452112685848837,0.0686057218790014,0.4205293142190659,0.018666365088675446,0.05163936080255537,0.9856200234383093,-37.48859527445315
565,566.0,0.01239740345645346,4.955856945546575,0.01239740345645346,4.955856945546575,3.571168118609231,0.7142596685289133,0.0,-0.7111218188379018
566,567.0,0.6231075976190715,3.0446522927691837,0.06860572223849444,0.4205292912463855,0.018666365088673902,0.05163936080255324,0.985620020098007,-37.48859527445372
567,568.0,0.1075921064542732,2.224741040858724,0.06860577010832063,0.4205295059141812,0.018666365089289542,0.051639360803404796,0.9856200513695664,-37.48859527422285
568,569.0,0.7914482491967011,0.8751051767758611,0.06860588458720644,0.42052937489720527,0.018666365089305893,0.05163936080342743,0.9856200324474691,-37.48859527421672
569,570.0,0.3057392027747581,9.626229618856113,0.3057392027747581,9.626229618856113,3.5711681186069133,0.7142596685286814,6.7346128673762e-13,-0.7111218188424449
570,571.0,0.212158710705874,4.197594553299979,0.21223123047388068,4.197589934772168,3.571167126028245,0.7142595692671883,3.1985796133948696e-07,-0.7111237644387902
571,572.0,0.03072368077135279,3.223039960275873,0.03072368077135279,3.223039960275873,3.571168118609231,0.7142596685289133,0.0,-0.7111218188379018
572,573.0,0.07339277720018778,9.0400350979807,0.07339277720018778,9.0400350979807,3.571168118609231,0.7142596685289133,0.0,-0.7111218188379018
573,574.0,0.4932434845938223,7.6216756005359345,0.06860570979444434,0.420529302791825,0.01866636508868002,0.05163936080256169,0.9856200217627442,-37.48859527445143
574,575.0,0.41162190080628125,3.8575520775380667,0.06860572804580403,0.4205292880810003,0.018666365088673795,0.05163936080255309,0.9856200196443241,-37.48859527445377
575,576.0,0.014883138657526551,4.004493256137838,0.014883138657526551,4.004493256137838,3.571168118609231,0.7142596685289133,0.0,-0.7111218188379018
576,577.0,0.031349617904648075,0.9150295450864081,0.06860575966440427,0.42052929855496746,0.01866636508869329,0.05163936080258005,0.9856200212035451,-37.48859527444645
577,578.0,0.2985443530368408,3.9965625261526787,0.06860572795017195,0.42052928863560707,0.01866636508867362,0.051639360802552846,0.9856200197248666,-37.48859527445383
578,579.0,0.47193692679098465,9.386429240892992,0.47193692679098465,9.386429240892992,3.571168022521744,0.714259658919814,2.290945100291708e-08,-0.7111220071831141
579,580.0,0.7301270915334922,0.2534056388405604,0.0686057338937772,0.42052930921314124,0.01866636508867351,0.0516393608025527,0.9856200227240615,-37.48859527445387
580,581.0,0.3677994414536755,6.270111046106081,0.0,0.35286574832497497,0.1263978351292702,0.1343757180069961,0.8948952533030431,-24.099617515292497
581,582.0,0.0102751083815813,5.234830121864539,0.0102751083815813,5.234830121864539,3.571168118609231,0.7142596685289133,0.0,-0.7111218188379018
582,583.0,0.3919986289504461,6.349107271923435,0.0,0.45256885275945435,0.1263978351292702,0.1343757180069961,0.8948952533030431,-24.099617515292497
583,584.0,0.2610191961741657,7.369371478633352,0.2610191961741657,7.369371478633352,3.571168118512062,0.714259668519196,2.9737212692282355e-11,-0.7111218190283655
584,585.0,0.48213607487490695,3.805297865276605,0.06860572447333532,0.4205292944155626,0.01866636508867269,0.05163936080255156,0.9856200205614248,-37.48859527445418
585,586.0,0.02044752013379192,0.4388475586884094,0.0686057022585899,0.4205292885041073,0.018666365088689855,0.05163936080257529,0.9856200196763959,-37.488595274447746
586,587.0,0.9637674610008775,3.389576032430432,0.06860575169500162,0.4205292941184609,0.018666365088684,0.0516393608025672,0.9856200205492918,-37.488595274449935
587,588.0,0.9421578957325835,7.048169349579837,0.0,0.44369330541159513,0.1263978351292702,0.1343757180069961,0.8948952533030431,-24.099617515292497
588,589.0,0.06609945230823311,3.052586985538719,0.06609945230823311,3.052586985538719,3.57116811860916,0.7142596685289062,2.453592884421596e-14,-0.7111218188380404
589,590.0,0.2796473280664059,4.021055855250428,0.06860572746147019,0.42052928977602944,0.01866636508867331,0.051639360802552416,0.9856200198901502,-37.48859527445395
590,591.0,0.9335609678501605,9.965884125370772,1.1102230246251565e-16,0.20722347756375045,0.6826050687558586,0.3122739339462478,0.529779861142549,-12.294242761523385
591,592.0,0.5404299086144108,9.179594800904887,0.540470320732304,9.179592180778766,3.5711667076879907,0.7142595274316302,3.113624151840355e-07,-0.7111245844457663
592,593.0,0.4053504311470657,7.846789153257953,0.4053504311470657,7.846789153257953,3.5711679009828265,0.7142596467654789,5.611281039819005e-08,-0.7111222454167763
593,594.0,0.3831510522910806,9.477750496138064,0.3831510522910806,9.477750496138064,3.5711681174779506,0.714259668415781,2.9955204983167505e-10,-0.7111218210553734
594,595.0,0.546678130016291,2.0667627695707185,0.06860584541029278,0.4205293076133001,0.018666365088980532,0.051639360802977374,0.9856200226184815,-37.488595274338735
595,596.0,0.24995171618911693,4.939004194217224,0.24998684364563456,4.939002062589004,3.5711675781807175,0.7142596144840893,1.674315908140045e-07,-0.7111228781551207
596,597.0,0.8435099003988452,4.545987319847273,0.0,0.4786542838276042,0.1263978351292702,0.1343757180069961,0.8948952533030431,-24.099617515292497
597,598.0,0.5248173680950315,8.22809243995242,0.06860828023783652,0.420529487912266,0.018666365236690893,0.05163936100729322,0.9856200514943503,-37.48859521894646
598,599.0,0.7049702482329715,8.797991962784884,0.0,0.4536934932371538,0.1263978351292702,0.1343757180069961,0.8948952533030431,-24.099617515292497
599,600.0,0.2072032538593025,1.9087563191789954,0.0,0.4238113534846384,0.1263978351292702,0.1343757180069961,0.8948952533030431,-24.099617515292497
600,601.0,0.7308836424693711,9.588897090508551,0.06860563748557395,0.42052927105645127,0.018666365088874145,0.051639360802830214,0.98562001706503,-37.48859527437863
601,602.0,0.7479838895297553,6.998155513907165,0.0,0.33910754636238394,0.1263978351292702,0.1343757180069961,0.8948952533030431,-24.099617515292497
602,603.0,0.3623967361067211,1.136884490505098,0.06860656679927243,0.4205293775941955,0.018666365104680487,0.05163936082469384,0.9856200336057441,-37.48859526845116
603,604.0,0.143833626126315,6.562594471196468,0.143833626126315,6.562594471196468,3.571168118609231,0.7142596685289133,0.0,-0.7111218188379018
604,605.0,0.4474675262063933,1.0877669190769836,0.06860563394781462,0.42052932970893914,0.018666365088884477,0.0516393608028445,0.9856200255902932,-37.48859527437476
605,606.0,0.976936730473,8.152086471966873,0.0,0.16718026871161829,0.6826050687558586,0.3122739339462478,0.529779861142549,-12.294242761523385
606,607.0,0.3346489697135103,2.375559174452844,0.06860578859952711,0.42052965776255197,0.018666365090498634,0.05163936080507724,0.9856200734719957,-37.48859527376944
607,608.0,0.5926728367386996,0.29546213175196934,0.0,0.38561807006986576,0.1263978351292702,0.1343757180069961,0.8948952533030431,-24.099617515292497
608,609.0,0.15915289589832626,6.232198902168376,0.15915289589832626,6.232198902168376,3.571168118609215,0.7142596685289117,5.10702591327572e-15,-0.711121818837932
609,610.0,0.19034913705876755,9.254653240362055,0.19034913705876755,9.254653240362055,3.571168118609231,0.7142596685289133,0.0,-0.7111218188379018
610,611.0,0.8084777204558772,2.65735980937968,0.06860584541029278,0.4205293076133001,0.018666365088980532,0.051639360802977374,0.9856200226184815,-37.488595274338735
611,612.0,0.7480813598979966,7.921109603548796,0.0,0.16913793036104938,0.6826050687558586,0.3122739339462478,0.529779861142549,-12.294242761523385
612,613.0,0.1266912065695911,1.6124836388966288,0.06860584541029278,0.4205293076133001,0.018666365088980532,0.051639360802977374,0.9856200226184815,-37.488595274338735
613,614.0,0.13184743062646553,0.0262522455649961,0.06860572291964027,0.42052929777984355,0.01866636508867267,0.05163936080255153,0.9856200210488884,-37.488595274454184
614,615.0,0.7735651727796419,7.833016274208153,0.0,0.5770032680981948,0.643504384493884,0.3031982813025836,0.6004171759615555,-12.7071561125992
615,616.0,0.47311469719207566,4.712052985098369,0.0,0.3877164265514754,0.1263978351292702,0.1343757180069961,0.8948952533030431,-24.099617515292497
616,617.0,0.3567292009809395,4.832659294010522,0.0,0.41699483383386804,0.1263978351292702,0.1343757180069961,0.8948952533030431,-24.099617515292497
617,618.0,0.8311457973884062,9.123848326950762,0.0,0.4393906024453882,0.1263978351292702,0.1343757180069961,0.8948952533030431,-24.099617515292497
618,619.0,0.6157814268212445,1.1975979790515299,0.0,0.5968423494091101,0.643504384493884,0.3031982813025836,0.6004171759615555,-12.7071561125992
619,620.0,0.08467093181928576,9.02478640468136,0.08467093181928576,9.02478640468136,3.571168118609231,0.7142596685289133,0.0,-0.7111218188379018
620,621.0,0.1634897205629382,7.362997637646218,0.1634897205629382,7.362997637646218,3.571168118609231,0.7142596685289133,0.0,-0.7111218188379018
621,622.0,0.24954223552117882,5.28088619494132,0.24954223552117882,5.28088619494132,3.571167985208588,0.7142596551883624,4.13493839168666e-08,-0.7111220803222356
622,623.0,0.806099170793149,9.589915260266118,0.06860564690527683,0.42052927625689845,0.018666365088832917,0.05163936080277319,0.9856200178320734,-37.48859527439409
623,624.0,0.10636440852108775,5.001740476829031,0.10636440852108775,5.001740476829031,3.571168118609231,0.7142596685289133,0.0,-0.7111218188379018
624,625.0,0.2022764587390744,0.5614676596778051,0.0,0.3424475415376852,0.1263978351292702,0.1343757180069961,0.8948952533030431,-24.099617515292497
625,626.0,0.9777283815540456,9.253920649585224,0.06860572004750412,0.42052930463637533,0.018666365088673757,0.05163936080255305,0.985620022042693,-37.48859527445378
626,627.0,0.8455282201899272,6.60981110506245,0.06860570422366025,0.4205293894900883,0.018666365088791204,0.051639360802715494,0.9856200343640849,-37.48859527440974
627,628.0,0.7503919065178397,7.627963928185288,0.06860570833463679,0.42052930600209665,0.01866636508868162,0.05163936080256391,0.9856200222279176,-37.48859527445083
628,629.0,0.3674101855069324,3.1222652081612625,0.06860577286348421,0.42052953014763333,0.01866636508943893,0.05163936080361143,0.9856200548966886,-37.48859527416683
629,630.0,0.330781839444679,1.0080276918437865,0.0,0.4899058123558191,0.1263978351292702,0.1343757180069961,0.8948952533030431,-24.099617515292497
630,631.0,0.018339215874113135,8.732639066403554,0.018339215874113135,8.732639066403554,3.571168118609231,0.7142596685289133,0.0,-0.7111218188379018
631,632.0,0.28894921859925227,1.4282592465458719,0.0,0.559453680027915,0.643504384493884,0.3031982813025836,0.6004171759615555,-12.7071561125992
632,633.0,0.44670237883494135,8.408105091079635,0.44671410279008755,8.408104424945876,3.5711678105641647,0.7142596377232827,7.5631716667246e-08,-0.7111224226502912
633,634.0,0.8647899806891991,6.408547796381562,0.06860572340202718,0.4205293022517519,0.0186663650886725,0.0516393608025513,0.9856200216997494,-37.488595274454255
634,635.0,0.9915489983871161,6.553511528925976,0.0,0.33810092969182853,0.1263978351292702,0.1343757180069961,0.8948952533030431,-24.099617515292497
635,636.0,0.5132758447223152,8.817604543614436,0.5133141696209327,8.817602101123985,3.5711668600222626,0.714259542665616,2.8626147396959567e-07,-0.7111242858487064
636,637.0,0.8593084854403841,1.856205304522901,0.06860534030656616,0.4205302067099729,0.01866636510287066,0.05163936082219047,0.9856201527812021,-37.48859526912986
637,638.0,0.32063996785644755,1.9992769403872492,0.06860584541029278,0.4205293076133001,0.018666365088980532,0.051639360802977374,0.9856200226184815,-37.488595274338735
638,639.0,0.7365733869062117,2.071646524384586,0.06860584541029278,0.4205293076133001,0.018666365088980532,0.051639360802977374,0.9856200226184815,-37.488595274338735
639,640.0,0.5226955133093337,7.865591404896307,0.0686057305956318,0.42052920827307166,0.01866636508878586,0.0516393608027081,0.9856200080414158,-37.488595274411736
640,641.0,0.27951903362594654,9.355118394268489,0.27951903362594654,9.355118394268489,3.5711681186088153,0.7142596685288718,1.2434497875801753e-13,-0.7111218188387163
641,642.0,0.5520342669936942,1.8843017553221437,0.0,0.3452901678477697,0.1263978351292702,0.1343757180069961,0.8948952533030431,-24.099617515292497
642,643.0,0.8253671823388067,6.657449385050421,0.06860573836743304,0.4205293435183162,0.018666365088699576,0.05163936080258874,0.9856200277178533,-37.4885952744441
643,644.0,0.8201442533243682,7.601561496115674,0.06860571045767504,0.42052930173435493,0.018666365088679415,0.051639360802560874,0.9856200216097234,-37.48859527445166
644,645.0,0.7627337466314907,2.9478155417237524,0.06860572362835575,0.42052929390212385,0.018666365088672966,0.051639360802551944,0.985620020485795,-37.48859527445408
645,646.0,0.7068351852021527,5.024060286605107,0.06860567284105958,0.42052938620096997,0.01866636508883825,0.051639360802780566,0.9856200338499029,-37.4885952743921
646,647.0,0.17446290054797464,3.261134601220552,0.0,0.36468931666177734,0.1263978351292702,0.1343757180069961,0.8948952533030431,-24.099617515292497
647,648.0,0.21063558966524365,6.169467226307483,0.21063558966524365,6.169467226307483,3.5711681185333966,0.7142596685213295,2.447553271167635e-11,-0.7111218189865474
648,649.0,0.44817893566057854,0.3147502188918159,0.06860572652660148,0.4205292954424214,0.018666365088672223,0.05163936080255092,0.9856200207130966,-37.488595274454354
649,650.0,0.8051032854266925,1.373917879355559,0.06860575245648676,0.4205292957152764,0.018666365088684606,0.051639360802568035,0.9856200207823714,-37.48859527444971
650,651.0,0.5076434106593863,3.2748769008073273,0.0,0.4384212714822184,0.1263978351292702,0.1343757180069961,0.8948952533030431,-24.099617515292497
651,652.0,0.1238161720364771,6.098350194164751,0.1238161720364771,6.098350194164751,3.571168118609231,0.7142596685289133,0.0,-0.7111218188379018
652,653.0,0.8054241934141816,0.854542082486772,0.06860551156577895,0.42052929803338207,0.01866636508973897,0.05163936080402645,0.9856200208435446,-37.48859527405432
653,654.0,0.06897131377192767,5.31360210639528,0.06897131377192767,5.31360210639528,3.571168118609231,0.7142596685289133,0.0,-0.7111218188379018
654,655.0,0.15194765438476676,1.7174130005049912,0.06860584541029278,0.4205293076133001,0.018666365088980532,0.051639360802977374,0.9856200226184815,-37.488595274338735
655,656.0,0.9996701586182362,3.377012557150723,0.06860570229359376,0.42052920019146506,0.01866636508882515,0.05163936080276244,0.9856200068338387,-37.48859527439701
656,657.0,0.7439154835322758,0.810495707720328,0.0,0.3383271870527434,0.1263978351292702,0.1343757180069961,0.8948952533030431,-24.099617515292497
657,658.0,0.712084742845105,7.984051635422357,0.068605725604847,0.42052929623570456,0.01866636508867225,0.05163936080255096,0.9856200208274043,-37.48859527445435
658,659.0,0.24945444492022495,1.0169500245982999,0.0686057228567,0.42052927887035824,0.018666365088678853,0.051639360802560076,0.9856200182989742,-37.48859527445187
659,660.0,0.7201592252089568,2.9130106218146383,0.06860572365942494,0.4205292940523593,0.018666365088672934,0.0516393608025519,0.9856200205076779,-37.48859527445409
660,661.0,0.5965310368928742,4.642433941821827,0.0,0.6381986376863307,0.643504384493884,0.3031982813025836,0.6004171759615555,-12.7071561125992
661,662.0,0.8488973409943713,2.3744551889527155,0.06860584541029278,0.4205293076133001,0.018666365088980532,0.051639360802977374,0.9856200226184815,-37.488595274338735
662,663.0,0.2879433807116346,7.686633886909726,0.2879433807116346,7.686633886909726,3.5711681182775177,0.7142596684957407,9.84299308726122e-11,-0.711121819488107
663,664.0,0.039230154219498936,3.8422186430334277,0.039230154219498936,3.8422186430334277,3.571168118609231,0.7142596685289133,0.0,-0.7111218188379018
664,665.0,0.08532759155310288,9.958142124927502,0.08532759155310288,9.958142124927502,3.571168118609231,0.7142596685289133,0.0,-0.7111218188379018
665,666.0,0.006540352998319454,4.871069560884982,0.006540352998319454,4.871069560884982,3.571168118609231,0.7142596685289133,0.0,-0.7111218188379018
666,667.0,0.7548375385794002,3.4975931334195405,0.0,0.4214943524365464,0.1263978351292702,0.1343757180069961,0.8948952533030431,-24.099617515292497
667,668.0,0.3918921208836771,5.747242135583756,0.06860593257584412,0.42052920723929393,0.01866636508971,0.05163936080398638,0.9856200081209238,-37.48859527406518
668,669.0,0.5091808558414266,1.3328403894762306,0.0,0.35211169166421413,0.1263978351292702,0.1343757180069961,0.8948952533030431,-24.099617515292497
669,670.0,0.845515911360599,1.9915957335961878,0.06860571718063405,0.42052927396404927,0.018666365088684418,0.05163936080256779,0.9856200175790085,-37.488595274449786
670,671.0,0.1544420053415353,5.000561443784491,0.1544420053415353,5.000561443784491,3.5711681185925777,0.714259668527248,5.629718913269244e-12,-0.7111218188705433
671,672.0,0.0869879219401487,3.024687073901478,0.0869879219401487,3.024687073901478,3.5711681184272344,0.7142596685107129,6.324996082440748e-11,-0.7111218191946413
672,673.0,0.07372820978161931,1.2850401913588674,0.06860574766359019,0.42052921712619645,0.018666365088771644,0.05163936080268843,0.9856200093483405,-37.48859527441707
673,674.0,0.2093260762370398,4.151683445235642,0.2094001947262028,4.1516787378899895,3.5711671172961252,0.7142595683939444,3.235593848405216e-07,-0.7111237815549991
674,675.0,0.046661617368341735,2.861539511451428,0.046661617368341735,2.861539511451428,3.571168118609231,0.7142596685289133,0.0,-0.7111218188379018
675,676.0,0.21459681319126955,2.0714367166311676,0.06860572756808568,0.4205293015034868,0.01866636508867185,0.0516393608025504,0.9856200215956931,-37.4885952744545
676,677.0,0.3460080811630667,4.430461989312534,0.06860572715886343,0.4205292890999688,0.01866636508867353,0.05163936080255272,0.985620019791491,-37.488595274453864
677,678.0,0.5182107718875564,3.473748521656866,0.06860574095655608,0.4205292948931984,0.01866636508867545,0.05163936080255538,0.9856200206497011,-37.48859527445315
678,679.0,0.8236933496650243,4.645979020589184,0.0,0.3352853741589807,0.1263978351292702,0.1343757180069961,0.8948952533030431,-24.099617515292497
679,680.0,0.3840360411185937,5.34501826786542,0.0,0.4391522900686814,0.1263978351292702,0.1343757180069961,0.8948952533030431,-24.099617515292497
680,681.0,0.46281348067900074,2.8006407342686503,0.06860572254224007,0.42052929041828285,0.01866636508867403,0.051639360802553415,0.9856200199779301,-37.48859527445367
681,682.0,0.10871901516031113,3.2911694545421226,0.10871901516031113,3.2911694545421226,3.571168116827439,0.7142596683507274,6.158776821862944e-10,-0.711121822330469
682,683.0,0.06275317884366582,1.3424366184560432,0.0,0.4518502300469235,0.1263978351292702,0.1343757180069961,0.8948952533030431,-24.099617515292497
683,684.0,0.33070831409670265,5.855818353113887,0.3307911811433043,5.855812846407651,3.5711663021754045,0.7142594868788839,5.12267266716826e-07,-0.7111253793087604
684,685.0,0.13751738770852762,6.5836446984056245,0.13751738770852762,6.5836446984056245,3.571168118609231,0.7142596685289133,0.0,-0.7111218188379018
685,686.0,0.9694213897445525,2.1678950619983355,0.06860584541029278,0.4205293076133001,0.018666365088980532,0.051639360802977374,0.9856200226184815,-37.488595274338735
686,687.0,0.0826705567449546,1.9261868929809491,0.06860572351438068,0.42052929693876895,0.01866636508867259,0.05163936080255142,0.9856200209272575,-37.48859527445421
687,688.0,0.8539829298890468,5.946248264067866,0.0,0.4665539253725786,0.1263978351292702,0.1343757180069961,0.8948952533030431,-24.099617515292497
688,689.0,0.2303269084918117,5.198193111488315,0.2303269084918117,5.198193111488315,3.571168074746619,0.714259664142492,1.3878543980716529e-08,-0.7111219048148918
689,690.0,0.40791468352883264,3.090119556497829,0.06860572318069436,0.42052929221772145,0.01866636508867341,0.051639360802552554,0.9856200202403359,-37.488595274453914
690,691.0,0.7207132749658821,7.670643762134149,0.06860585259566987,0.4205279107039357,0.01866636511494546,0.05163936083889257,0.9856198194728958,-37.48859526460173
691,692.0,0.4337371339102827,3.926491348146745,0.06860572920606496,0.42052928920689064,0.018666365088673424,0.05163936080255258,0.9856200198093773,-37.48859527445391
692,693.0,0.6809536951705768,0.1829107941443179,0.06860568367930453,0.42052921994582043,0.018666365088808062,0.05163936080273881,0.9856200096852857,-37.488595274403416
693,694.0,0.13462660927587666,1.0994921693385014,0.0686057113637336,0.42052927401477896,0.018666365088688353,0.05163936080257322,0.9856200175797408,-37.48859527444831
694,695.0,0.8238724448449181,7.555228994432769,0.06860571756537842,0.42052929667309513,0.018666365088674846,0.05163936080255455,0.9856200208818285,-37.488595274453374
695,696.0,0.6724596000761541,9.301304527346513,0.0686058824076982,0.42052910712024355,0.01866636508968215,0.05163936080394787,0.9856199935043571,-37.48859527407562
696,697.0,0.6374873786230663,4.75863567941142,0.06860577367600863,0.4205292164517307,0.018666365088808666,0.05163936080273965,0.9856200092799284,-37.48859527440319
697,698.0,0.2652816627977542,0.7075892806759956,0.0686055435397253,0.4205294926225572,0.018666365089916096,0.051639360804271464,0.9856200491774345,-37.4885952739879
698,699.0,0.9970565965068573,9.72502965051071,0.0,0.48598309089967046,0.1263978351292702,0.1343757180069961,0.8948952533030431,-24.099617515292497
699,700.0,0.4260686945888129,5.1474792805737,0.0,0.39774200454763853,0.1263978351292702,0.1343757180069961,0.8948952533030431,-24.099617515292497
700,701.0,0.27412686320319235,7.8859787476490695,0.27412686320319235,7.8859787476490695,3.5711681185606725,0.7142596685240572,1.4641066137244252e-11,-0.7111218189330826
701,702.0,0.5806008395895444,7.897846017100053,0.0,0.18928216046190288,0.6826050687558586,0.3122739339462478,0.529779861142549,-12.294242761523385
702,703.0,0.715210809011169,8.82102413405167,0.0,0.4546155590370442,0.1263978351292702,0.1343757180069961,0.8948952533030431,-24.099617515292497
703,704.0,0.9134955382046431,7.785648828588858,0.06860572807976878,0.42052921089601075,0.018666365088779585,0.051639360802699416,0.9856200084199773,-37.488595274414095
704,705.0,0.3859703177561984,2.2876040832498608,0.06860570441652922,0.4205292952067658,0.0186663650886857,0.05163936080256954,0.9856200206535711,-37.4885952744493
705,706.0,0.5962476895961066,2.4278370980203072,0.0,0.41736230615469444,0.1263978351292702,0.1343757180069961,0.8948952533030431,-24.099617515292497
706,707.0,0.5124429728841176,6.575701853062233,0.0,0.3379398906760237,0.1263978351292702,0.1343757180069961,0.8948952533030431,-24.099617515292497
707,708.0,0.7870990305825104,7.740863299230695,0.06860572877548525,0.4205291910394039,0.018666365088832747,0.05163936080277296,0.9856200055331732,-37.48859527439416
708,709.0,0.06301548828890158,3.3576092043879275,0.06301548828890158,3.3576092043879275,3.571168118609231,0.7142596685289133,0.0,-0.7111218188379018
709,710.0,0.24037534898341073,0.7236662793673558,0.06860572784290053,0.42052935799361124,0.018666365088716885,0.051639360802612694,0.9856200298108421,-37.4885952744376
710,711.0,0.5586410032157824,6.889883432059929,0.0,0.3506332124567002,0.1263978351292702,0.1343757180069961,0.8948952533030431,-24.099617515292497
711,712.0,0.6394962493480949,2.8352186274532087,0.06860572370452615,0.4205292942853545,0.01866636508867288,0.05163936080255182,0.9856200205416119,-37.48859527445411
712,713.0,0.9668393059566104,0.5482276790880585,0.0,0.3629454771299452,0.1263978351292702,0.1343757180069961,0.8948952533030431,-24.099617515292497
713,714.0,0.2747472108848704,9.110799729626784,0.2747472108848704,9.110799729626784,3.571168118608635,0.7142596685288536,1.795230630818878e-13,-0.7111218188390698
714,715.0,0.5883617931784064,5.9246933914928155,0.0,0.39306357728844826,0.1263978351292702,0.1343757180069961,0.8948952533030431,-24.099617515292497
715,716.0,0.3944776771927332,1.8001888865117535,0.06860571587540493,0.42052909081881096,0.018666365089270182,0.051639360803378026,0.9856199909440192,-37.488595274230114
716,717.0,0.3847494623840251,0.14585976226206762,0.00011888220117023396,0.4034820043865773,0.1263978351292702,0.1343757180069961,0.8948952533030431,-24.099617515292497
717,718.0,0.6455169797936513,3.402613861260886,0.0,0.4983148295059169,0.1263978351292702,0.1343757180069961,0.8948952533030431,-24.099617515292497
718,719.0,0.8693348901238307,4.167638750757157,0.06860572706850691,0.42052929088753105,0.018666365088673042,0.05163936080255205,0.9856200200513375,-37.48859527445405
719,720.0,0.7315066083187012,6.867560433688449,0.0686057384041121,0.42052929571915154,0.0186663650886741,0.05163936080255351,0.985620020766899,-37.48859527445365
720,721.0,0.7221660888097834,3.7305721015160906,0.06860554191394416,0.42052943627250744,0.018666365089688806,0.05163936080395706,0.9856200409812034,-37.48859527407313
721,722.0,0.48202019730572954,3.3780058685864454,0.06860571123755577,0.4205292646584131,0.01866636508869639,0.051639360802584335,0.985620016218979,-37.488595274445295
722,723.0,0.7176414113266253,6.118350578275713,0.06860571526799111,0.42052927536471085,0.018666365088684567,0.05163936080256799,0.9856200177805101,-37.48859527444973
723,724.0,0.022774829656658446,2.5638197952420847,0.022774829656658446,2.5638197952420847,3.571168118609231,0.7142596685289133,0.0,-0.7111218188379018
724,725.0,0.506027231954049,3.938540526587705,0.06860572883460618,0.4205292868491484,0.018666365088674204,0.05163936080255365,0.9856200194660872,-37.488595274453616
725,726.0,0.778679065777549,4.9085241492961105,0.06860577917281983,0.42052930916033315,0.018666365088730586,0.051639360802631644,0.9856200227680333,-37.48859527443247
726,727.0,0.40800464620152854,8.362730447133599,0.40800464620152854,8.362730447133599,3.5711680498327327,0.7142596616510127,1.7677254549042232e-08,-0.7111219536496698
727,728.0,0.04913727377089505,8.64132265326216,0.04913727377089505,8.64132265326216,3.571168118609231,0.7142596685289133,0.0,-0.7111218188379018
728,729.0,0.3947650572693109,3.7796754635080334,0.06860572368549113,0.4205292951802494,0.018666365088672747,0.05163936080255163,0.9856200206717269,-37.48859527445416
729,730.0,0.9553050173630985,8.46863127933313,0.0,0.43944058732190044,0.1263978351292702,0.1343757180069961,0.8948952533030431,-24.099617515292497
730,731.0,0.38704324024201386,8.434962199664296,0.38704324024201386,8.434962199664296,3.571168097610381,0.7142596664289517,5.534356861680578e-09,-0.7111218599986495
731,732.0,0.8663809516117315,9.951299498762381,0.0,0.4904300537531043,0.1263978351292702,0.1343757180069961,0.8948952533030431,-24.099617515292497
732,733.0,0.4674130503633984,4.008644684400023,0.0686057282155155,0.4205292881415143,0.018666365088673767,0.05163936080255305,0.9856200196533179,-37.48859527445377
733,734.0,0.004007450728060635,7.797118420051481,0.004007450728060635,7.797118420051481,3.571168118609231,0.7142596685289133,0.0,-0.7111218188379018
734,735.0,0.8389801627944923,0.9973029460577975,0.06860572665394962,0.4205292953270049,0.018666365088672227,0.05163936080255092,0.985620020696458,-37.488595274454354
735,736.0,0.7601077800652457,5.034846782560468,0.0,0.442701982958808,0.1263978351292702,0.1343757180069961,0.8948952533030431,-24.099617515292497
736,737.0,0.08861432177172202,5.473875307359133,0.08861432177172202,5.473875307359133,3.571168118609231,0.7142596685289133,0.0,-0.7111218188379018
737,738.0,0.9664685222019501,0.36781395889365226,0.06860571976047239,0.42052928266252054,0.018666365088677937,0.05163936080255883,0.9856200188468996,-37.488595274452216
738,739.0,0.02351810479439398,2.3102300816185064,0.02351810479439398,2.3102300816185064,3.571168118609231,0.7142596685289133,0.0,-0.7111218188379018
739,740.0,0.8017684897728279,1.6570322856462165,0.0,0.4814218299386487,0.1263978351292702,0.1343757180069961,0.8948952533030431,-24.099617515292497
740,741.0,0.5569523615626243,6.9455895173399185,0.06860568968628243,0.42052929384942384,0.018666365088707164,0.051639360802599246,0.9856200204393482,-37.48859527444125
741,742.0,0.4825519819064864,9.408929204711844,0.4825519819064864,9.408929204711844,3.5711679818617097,0.7142596548536624,3.2207933542416356e-08,-0.7111220868825967
742,743.0,0.9348611113359871,8.139751170215009,0.0,0.18803093598985998,0.6826050687558586,0.3122739339462478,0.529779861142549,-12.294242761523385
743,744.0,0.05081453054649265,4.1574399500028685,0.05081453054649265,4.1574399500028685,3.571168118609231,0.7142596685289133,0.0,-0.7111218188379018
744,745.0,0.5039787013171481,0.8564644251427703,0.0,0.4542157682165392,0.1263978351292702,0.1343757180069961,0.8948952533030431,-24.099617515292497
745,746.0,0.8012194053600843,5.928991623444378,0.0,0.4601811319894161,0.1263978351292702,0.1343757180069961,0.8948952533030431,-24.099617515292497
746,747.0,0.11466119741731218,9.282031654463099,0.11466119741731218,9.282031654463099,3.571168118609231,0.7142596685289133,0.0,-0.7111218188379018
747,748.0,0.8431662991336657,2.649285726907916,0.0686057312838377,0.4205295958891079,0.01866636508985365,0.051639360804185096,0.9856200644092112,-37.48859527401131
748,749.0,0.35535831501753057,9.541267812206753,0.35535831501753057,9.541267812206753,3.571168118447056,0.7142596685126953,4.4403702936790523e-11,-0.7111218191557889
749,750.0,0.03848409136513453,9.856240994551065,0.03848409136513453,9.856240994551065,3.571168118609231,0.7142596685289133,0.0,-0.7111218188379018
750,751.0,0.0475457416207431,9.579629485488336,0.0475457416207431,9.579629485488336,3.571168118609231,0.7142596685289133,0.0,-0.7111218188379018
751,752.0,0.9606661785825168,9.127975348724474,0.06860570006573348,0.4205292959934224,0.018666365088690816,0.05163936080257663,0.9856200207629956,-37.488595274447384
752,753.0,0.21762320684025604,7.527808506891532,0.21762320684025604,7.527808506891532,3.5711681186089006,0.7142596685288802,1.056932319443149e-13,-0.7111218188385493
753,754.0,0.4629072498765987,7.477214532078903,0.06860570671823808,0.42052931210406547,0.018666365088684505,0.05163936080256791,0.9856200231134253,-37.48859527444975
754,755.0,0.6237720577676902,9.206687589802359,0.0,0.46980150740186105,0.1263978351292702,0.1343757180069961,0.8948952533030431,-24.099617515292497
755,756.0,0.2986518072318466,8.109858569635534,0.2986518072318466,8.109858569635534,3.571168118421067,0.7142596685100963,5.513711709426161e-11,-0.7111218192067303
756,757.0,0.548792740451133,5.484111839799031,0.06860572900156255,0.42052929671568773,0.018666365088671952,0.051639360802550535,0.9856200209010825,-37.48859527445446
757,758.0,0.2075176066471044,9.623454533626823,0.2075176066471044,9.623454533626823,3.571168118609231,0.7142596685289133,0.0,-0.7111218188379018
758,759.0,0.06454027103184934,5.665976085501431,0.06454027103184934,5.665976085501431,3.571168118609231,0.7142596685289133,0.0,-0.7111218188379018
759,760.0,0.46078319469089846,8.049860104196714,0.4608215639986497,8.049857617297345,3.571166991171527,0.7142595557810227,2.7229041532628173e-07,-0.7111240287773137
760,761.0,0.9060662881523545,7.7989497657878095,0.06860572814348538,0.42052920983594005,0.018666365088782163,0.051639360802703,0.985620008265892,-37.48859527441313
761,762.0,0.6583565056828077,2.1680941655964707,0.06860584541029278,0.4205293076133001,0.018666365088980532,0.051639360802977374,0.9856200226184815,-37.488595274338735
762,763.0,0.6396889382958013,1.5968155493975789,0.0,0.43984393027117624,0.1263978351292702,0.1343757180069961,0.8948952533030431,-24.099617515292497
763,764.0,0.25409868610062536,7.249480013892036,0.25409868610062536,7.249480013892036,3.5711681185301583,0.7142596685210055,2.4386936914311264e-11,-0.7111218189928952
764,765.0,0.17409285275926467,6.754191591447517,0.17409285275926467,6.754191591447517,3.5711681186092172,0.7142596685289119,4.551914400963142e-15,-0.7111218188379294
765,766.0,0.7246088680148497,0.36641867743207396,0.06860571957996495,0.4205292718798512,0.01866636508868478,0.051639360802568285,0.9856200172786618,-37.488595274449644
766,767.0,0.9208357904142028,8.389197089955417,0.06860571956559357,0.42052930230788976,0.018666365088673767,0.051639360802553054,0.9856200217035316,-37.48859527445377
767,768.0,0.08592172463885384,4.096888384221263,0.08592172463885384,4.096888384221263,3.571168118609231,0.7142596685289131,0.0,-0.7111218188379018
768,769.0,0.7800694350184271,6.80292948333908,0.0,0.5875965877943725,0.643504384493884,0.3031982813025836,0.6004171759615555,-12.7071561125992
769,770.0,0.21053372868144926,0.4457855450783163,0.06860570651188884,0.4205293170127511,0.01866636508868653,0.05163936080257069,0.9856200238270153,-37.48859527444899
770,771.0,0.6596116466292091,1.9081352303253925,0.06860561928691816,0.42052936665922447,0.01866636508899613,0.05163936080299894,0.9856200309468272,-37.48859527433289
771,772.0,0.8915656291941761,1.0523244586744636,0.0,0.40126546902771687,0.1263978351292702,0.1343757180069961,0.8948952533030431,-24.099617515292497
772,773.0,0.2690750839485262,2.4220325512962484,0.06860575287371962,0.42052925473597974,0.018666365088711813,0.05163936080260567,0.985620014823577,-37.488595274439504
773,774.0,0.11839080020385306,5.414149322431957,0.11839080020385306,5.414149322431957,3.571168118609231,0.7142596685289133,0.0,-0.7111218188379018
774,775.0,0.03782709408203844,3.011923020967735,0.03782709408203844,3.011923020967735,3.571168118609231,0.7142596685289133,0.0,-0.7111218188379018
775,776.0,0.22867559391574643,0.7251448540708453,0.06860573848288364,0.4205291449700671,0.018666365088998056,0.05163936080300161,0.9856199988447137,-37.48859527433216
776,777.0,0.8530210505168947,4.121290310651479,0.06860572758469569,0.420529289485585,0.018666365088673392,0.051639360802552534,0.9856200198480541,-37.488595274453914
777,778.0,0.2645945392131167,6.060613185286019,0.2645945392131167,6.060613185286019,3.5711680994762887,0.7142596666155493,5.831874205775023e-09,-0.7111218563412045
778,779.0,0.2871399964423744,8.54941244611583,0.2871399964423744,8.54941244611583,3.571168118593849,0.7142596685273749,4.568567746332519e-12,-0.7111218188680519
779,780.0,0.3404217851981911,5.940019834279266,0.0,0.43097458114713455,0.1263978351292702,0.1343757180069961,0.8948952533030431,-24.099617515292497
780,781.0,0.1486764130520256,1.3629164427244282,0.0,0.496573329863645,0.1263978351292702,0.1343757180069961,0.8948952533030431,-24.099617515292497
781,782.0,0.16060529062716233,1.5212625995003208,0.0,0.272298615623746,0.6826050687558586,0.3122739339462478,0.529779861142549,-12.294242761523385
782,783.0,0.08863835393995978,5.231125391784944,0.08863835393995978,5.231125391784944,3.571168118609231,0.7142596685289133,0.0,-0.7111218188379018
783,784.0,0.0938092010849384,3.5427828398025367,0.0938092010849384,3.5427828398025367,3.571168118605181,0.7142596685285083,1.4055423491754482e-12,-0.7111218188458395
784,785.0,0.17648147166163075,7.417209412578253,0.17648147166163075,7.417209412578253,3.571168118609231,0.7142596685289131,0.0,-0.7111218188379018
785,786.0,0.36396525001054947,7.3566800261325715,0.36396525001054947,7.3566800261325715,3.571168001611281,0.7142596568286916,3.170366402738267e-08,-0.711122048170612
786,787.0,0.23541284384715988,7.695366816759491,0.23541284384715988,7.695366816759491,3.571168118607605,0.7142596685287507,5.114797474448096e-13,-0.7111218188410886
787,788.0,0.4103841940795222,1.5141408430265118,0.06860528306934681,0.4205303511131403,0.01866636510766473,0.051639360828821715,0.9856201737122801,-37.48859526733205
788,789.0,0.6116974031185971,6.356903127555223,0.06860570627831332,0.4205292417760276,0.018666365088730548,0.05163936080263159,0.9856200128857144,-37.488595274432484
789,790.0,0.3404501999051104,9.076858438422429,0.3404501999051104,9.076858438422429,3.5711681183920105,0.7142596685071904,6.055278500838313e-11,-0.7111218192636848
790,791.0,0.6305722213938937,9.250894760862531,0.0,0.47131292986338086,0.1263978351292702,0.1343757180069961,0.8948952533030431,-24.099617515292497
791,792.0,0.12717644913385484,7.477307558111514,0.12717644913385484,7.477307558111514,3.571168118609231,0.7142596685289133,0.0,-0.7111218188379018
792,793.0,0.9326099276753655,8.37487939083482,0.06860571907613436,0.42052930345458256,0.018666365088674048,0.05163936080255345,0.9856200218697259,-37.48859527445367
793,794.0,0.2817964416699231,2.8822512522428063,0.06860569140130453,0.4205292889017264,0.018666365088705533,0.05163936080259698,0.9856200197218083,-37.48859527444186
794,795.0,0.9767823249979098,9.618647515925984,1.1102230246251565e-16,0.5301931592366818,0.643504384493884,0.3031982813025836,0.6004171759615555,-12.7071561125992
795,796.0,0.6813591735211564,3.580477176641081,0.0686056764501597,0.420529257768995,0.01866636508876006,0.05163936080267242,0.9856200151773414,-37.488595274421414
796,797.0,0.2580183286559252,1.378074341351507,0.0,0.3860274738950213,0.1263978351292702,0.1343757180069961,0.8948952533030431,-24.099617515292497
797,798.0,0.3664198927412877,8.993354080724226,0.3664198927412877,8.993354080724226,3.5711681170941527,0.7142596683773998,4.0933767486706074e-10,-0.711121821807672
798,799.0,0.1885049063549019,3.7398251989187448,0.06860572372276254,0.4205292951220764,0.018666365088672743,0.05163936080255163,0.9856200206633099,-37.48859527445416
799,800.0,0.987940767741014,0.5194512583003099,0.06860573201688909,0.42052929199942274,0.01866636508867291,0.05163936080255186,0.9856200202186801,-37.4885952744541
800,801.0,0.34500226745826734,2.3290726960195878,0.06860584541029278,0.4205293076133001,0.018666365088980532,0.051639360802977374,0.9856200226184815,-37.488595274338735
801,802.0,0.4475950288117402,1.215513259798626,0.0,0.4760433271109641,0.1263978351292702,0.1343757180069961,0.8948952533030431,-24.099617515292497
802,803.0,0.8853438057443508,0.29272785939340296,0.06860572611290408,0.420529297096738,0.018666365088672095,0.05163936080255073,0.9856200209531969,-37.488595274454404
803,804.0,0.10498554973649787,9.58098513476557,0.10498554973649787,9.58098513476557,3.571168118609231,0.7142596685289133,0.0,-0.7111218188379018
804,805.0,0.27594679085868423,3.0823745017046265,0.068605732509253,0.42052929523694216,0.018666365088672414,0.05163936080255118,0.9856200206900463,-37.48859527445428
805,806.0,0.4208767759683132,2.476869924417729,0.06860577757675755,0.42052957025957205,0.018666365089722442,0.0516393608040036,0.9856200607350424,-37.488595274060515
806,807.0,0.910323707984983,7.272484946477602,0.06860572024979043,0.42052929725566646,0.018666365088673587,0.0516393608025528,0.9856200209696128,-37.48859527445384
807,808.0,0.9958406854801295,9.489981941267612,0.0686057274942466,0.42052928974295917,0.018666365088673316,0.05163936080255242,0.9856200198853785,-37.48859527445394
808,809.0,0.07747554860243822,6.9578895287238325,0.07747554860243822,6.9578895287238325,3.571168118609231,0.7142596685289133,0.0,-0.7111218188379018
809,810.0,0.017634012689028644,3.5063903574726587,0.017634012689028644,3.5063903574726587,3.571168118609231,0.7142596685289133,0.0,-0.7111218188379018
810,811.0,0.6623579034923617,2.527109748996502,0.06860584541029278,0.4205293076133001,0.018666365088980532,0.051639360802977374,0.9856200226184815,-37.488595274338735
811,812.0,0.7810521150564,8.710123547157655,0.0,0.45027427426263805,0.1263978351292702,0.1343757180069961,0.8948952533030431,-24.099617515292497
812,813.0,0.23311297321094948,0.9231330471532558,0.0686057255604672,0.42052929600097244,0.01866636508867229,0.05163936080255099,0.9856200207932185,-37.488595274454326
813,814.0,0.37036511213385426,9.984568635403459,0.37036511213385426,9.984568635403459,3.5711681184770723,0.7142596685156969,3.553657368371432e-11,-0.7111218190969515
814,815.0,0.047900633105108614,3.9422395400333694,0.047900633105108614,3.9422395400333694,3.571168118609231,0.7142596685289133,0.0,-0.7111218188379018
815,816.0,0.4209185254906044,7.745930508898673,0.42093899800318924,7.745929221039956,3.571167593464948,0.714259616012568,1.329137475636344e-07,-0.7111228481958394
816,817.0,0.9931908210927898,9.460414682767368,0.06860554122659887,0.42052958724237033,0.01866636509053225,0.05163936080512373,0.9856200629341876,-37.488595273756836
817,818.0,0.28456694080818945,4.5887651706018255,0.06860569715899,0.4205294798557262,0.018666365089125392,0.05163936080317774,0.9856200474969157,-37.48859527428441
818,819.0,0.24766240335140133,8.78416238321483,0.24766240335140133,8.78416238321483,3.571168118609147,0.7142596685289049,2.609024107869118e-14,-0.7111218188380661
819,820.0,0.34701877085760624,9.8162946108125,0.34701877085760624,9.8162946108125,3.5711681185684663,0.7142596685248366,1.127409277046354e-11,-0.7111218189178068
820,821.0,0.5505861382400743,1.8131632447871897,0.0,0.5600765645582713,0.643504384493884,0.3031982813025836,0.6004171759615555,-12.7071561125992
821,822.0,0.5158715607518444,3.775928838753856,0.06860572398027937,0.42052929784615983,0.018666365088672407,0.05163936080255116,0.9856200210597434,-37.48859527445428
822,823.0,0.14062895073526427,0.7392741130651198,0.0,0.43338767385740096,0.1263978351292702,0.1343757180069961,0.8948952533030431,-24.099617515292497
823,824.0,0.4522060399886124,4.119760334835507,0.06860572700279106,0.42052929096013403,0.018666365088673025,0.05163936080255202,0.9856200200618205,-37.488595274454056
824,825.0,0.44134107944812884,6.26086212753349,0.06860574222679415,0.4205293081222765,0.0186663650886768,0.05163936080255723,0.9856200225749383,-37.488595274452635
825,826.0,0.9282985658772699,1.4813597410835158,0.06860568168427701,0.42052937312715816,0.018666365088790795,0.051639360802714925,0.9856200319588225,-37.488595274409896
826,827.0,0.7672123412460597,9.553757056906692,0.0686058513426646,0.4205292686580512,0.018666365089021083,0.05163936080303346,0.985620016960307,-37.48859527432353
827,828.0,0.5347804958678721,9.987908666082605,0.5347804958678721,9.987908666082605,3.5711678546819696,0.7142596421352243,5.86103544586436e-08,-0.7111223361730801
828,829.0,0.14312104732709452,1.7051278339175264,0.06860572974684881,0.42052915262956303,0.018666365088965846,0.05163936080295707,0.9856199999486093,-37.48859527434425
829,830.0,0.44127914064771534,3.6821700739978707,0.06860572133181311,0.42052930807194155,0.018666365088673836,0.051639360802553144,0.9856200225437635,-37.48859527445375
830,831.0,0.531591213785724,2.0376747791155876,0.0,0.4401760443977154,0.1263978351292702,0.1343757180069961,0.8948952533030431,-24.099617515292497
831,832.0,0.7115823474858703,0.14101190589135096,0.06860571114838991,0.420528954527385,0.018666365090298346,0.0516393608048002,0.9856199711184253,-37.488595273844545
832,833.0,0.39483025124104276,1.896952187159393,0.0,0.620463852071055,0.643504384493884,0.3031982813025836,0.6004171759615555,-12.7071561125992
833,834.0,0.5190698004855611,9.388682696506704,0.5190856988791938,9.38868176391944,3.571167620389201,0.7142596187050917,1.1258788779056061e-07,-0.7111227954204473
834,835.0,0.09187696658460676,3.6891575533955234,0.09187696658460676,3.6891575533955234,3.5711681186087683,0.714259668528867,1.6042722705833512e-13,-0.7111218188388087
835,836.0,0.19627424331487342,9.685438503952524,0.19627424331487342,9.685438503952524,3.571168118609231,0.7142596685289133,0.0,-0.7111218188379018
836,837.0,0.7514136599021952,5.834925822594472,0.0,0.49349543071553914,0.1263978351292702,0.1343757180069961,0.8948952533030431,-24.099617515292497
837,838.0,0.7816930874570175,9.13474444047773,0.06860592380938259,0.4205296046342081,0.018666365090835843,0.051639360805543676,0.985620065899968,-37.488595273642986
838,839.0,0.9064379096325842,5.414681844609029,0.06860572070114798,0.4205292755896229,0.018666365088681636,0.05163936080256392,0.985620017819423,-37.48859527445083
839,840.0,0.7544797301969335,7.255355082772117,0.06860571109102684,0.4205291992739991,0.018666365088818075,0.05163936080275266,0.985620006710471,-37.48859527439966
840,841.0,0.4396837698382975,7.673953627912348,0.43972795671470083,7.673950785741388,3.571166869743372,0.7142595436377623,3.0914825588368444e-07,-0.7111242667939353
841,842.0,0.29866675897501027,9.243639850105447,0.29866675897501027,9.243639850105447,3.571168118605,0.7142596685284901,1.2396750292964498e-12,-0.7111218188461947
842,843.0,0.25555888673913696,6.719989181724784,0.25555888673913696,6.719989181724784,3.5711681178846195,0.7142596684564494,2.2311574809918966e-10,-0.711121820258243
843,844.0,0.6623627478576116,6.259308421131018,0.06860575878541333,0.42052930499870617,0.01866636508869253,0.051639360802579005,0.9856200221395982,-37.488595274446745
844,845.0,0.33666572315774945,1.8455633046592033,0.0,0.3441704357072698,0.1263978351292702,0.1343757180069961,0.8948952533030431,-24.099617515292497
845,846.0,0.7211943505355141,3.3954317265340968,0.0,0.35393238494398416,0.1263978351292702,0.1343757180069961,0.8948952533030431,-24.099617515292497
846,847.0,0.2095804721637945,0.21875022530883192,0.068605743847996,0.420529299878323,0.0186663650886769,0.05163936080255737,0.9856200213779438,-37.4885952744526
847,848.0,0.00899649961779636,1.0422585116317726,0.06860559615663417,0.420529403368342,0.018666365089201154,0.05163936080328254,0.9856200362585528,-37.48859527425601
848,849.0,0.26033624298332525,5.499527265003631,0.26033624298332525,5.499527265003631,3.5711679988118123,0.7142596565487346,3.669071801937207e-08,-0.711122053657971
849,850.0,0.49117750714262265,2.822628436213173,0.06860572269148556,0.4205292907726773,0.018666365088673895,0.05163936080255323,0.985620020029637,-37.48859527445372
850,851.0,0.3604354509773313,8.61809804400776,0.3604354509773313,8.61809804400776,3.5711681156436175,0.7142596682323411,8.070364376777661e-10,-0.7111218246509292
851,852.0,0.3038730667048888,1.0038030240182305,0.06860571787497033,0.4205292485948905,0.018666365088710966,0.051639360802604506,0.9856200138905753,-37.48859527443983
852,853.0,0.6355715331383118,1.8266763220037776,0.06860551909850601,0.4205296277025883,0.018666365091053638,0.051639360805844935,0.9856200687923589,-37.48859527356131
853,854.0,0.09615643485212855,0.4630211342592841,0.0686057003707297,0.42052931400999866,0.018666365088692308,0.05163936080257869,0.9856200233833344,-37.48859527444682
854,855.0,0.8952330412156145,2.3817143539579173,0.0,0.43353097406990604,0.1263978351292702,0.1343757180069961,0.8948952533030431,-24.099617515292497
855,856.0,0.13997162573062827,3.4955527583167805,0.13997162573062827,3.4955527583167805,3.5711680675766564,0.7142596634254698,1.740276889261594e-08,-0.7111219188690425
856,857.0,0.7938243816723233,1.324573403857612,0.0,0.6607789926237615,0.643504384493884,0.3031982813025836,0.6004171759615555,-12.7071561125992
857,858.0,0.8349239679466074,8.879199180592817,0.0,0.2034806595214151,0.6826050687558586,0.3122739339462478,0.529779861142549,-12.294242761523385
858,859.0,0.553647644695385,5.750957830324584,0.06860571125467557,0.4205293905768433,0.018666365088787686,0.05163936080271062,0.9856200345301538,-37.488595274411054
859,860.0,0.5327349445685302,4.401553705295618,0.0686057233644758,0.42052930043152437,0.018666365088672466,0.05163936080255125,0.9856200214350069,-37.48859527445427
860,861.0,0.15760354764032114,1.5977164548568357,0.0,0.23417869404087702,0.6826050687558586,0.3122739339462478,0.529779861142549,-12.294242761523385
861,862.0,0.7974723489903075,4.066901385917901,0.0686057282222759,0.420529288108528,0.018666365088673777,0.05163936080255307,0.9856200196485287,-37.48859527445377
862,863.0,0.9600542956579428,9.200795482012008,0.0,0.470399479628095,0.1263978351292702,0.1343757180069961,0.8948952533030431,-24.099617515292497
863,864.0,0.8756718209105983,9.17849215312708,0.0,0.46934656160653665,0.1263978351292702,0.1343757180069961,0.8948952533030431,-24.099617515292497
864,865.0,0.28057437389215634,8.82358273087905,0.28057437389215634,8.82358273087905,3.5711681186061366,0.7142596685286038,9.26037024839843e-13,-0.7111218188439681
865,866.0,0.6109287575345641,1.973445749877348,0.06860575189929781,0.4205294579537207,0.01866636508902325,0.05163936080303646,0.9856200443744587,-37.48859527432271
866,867.0,0.614357456990734,9.269567245960456,0.06860574424599925,0.4205293125455922,0.018666365088679394,0.051639360802560846,0.9856200232204857,-37.48859527445167
867,868.0,0.5725397127234358,4.226127312155552,0.06860572742128206,0.42052928992658284,0.018666365088673274,0.05163936080255236,0.985620019911998,-37.488595274453964
868,869.0,0.17237647797103073,2.7905472498763224,0.06860584256282928,0.42052945864721925,0.01866636508931936,0.051639360803446055,0.9856200445785822,-37.488595274211676
869,870.0,0.22445582912849504,8.939235094477462,0.22445582912849504,8.939235094477462,3.5711681186092292,0.7142596685289131,3.3306690738754696e-16,-0.7111218188379045
870,871.0,0.8381436143432722,0.7422453802199831,0.06860560705557064,0.42052918003737505,0.0186663650892149,0.05163936080330156,0.9856200037939611,-37.48859527425085
871,872.0,0.2360282002919718,8.288412249703292,0.2360282002919718,8.288412249703292,3.571168118609089,0.714259668528899,4.463096558993129e-14,-0.7111218188381798
872,873.0,0.743383690010074,9.499995968693105,0.06860590452850221,0.42052940008339973,0.01866636508951995,0.05163936080372351,0.9856200361326836,-37.48859527413645
873,874.0,0.3687400800392179,4.666289173263589,0.0,0.5187940640217698,0.643504384493884,0.3031982813025836,0.6004171759615555,-12.7071561125992
874,875.0,0.11793026575063759,8.997784661149147,0.11793026575063759,8.997784661149147,3.571168118609231,0.7142596685289133,0.0,-0.7111218188379018
875,876.0,0.24333468774107925,3.046353561558618,0.06860574922326215,0.4205292943514896,0.018666365088681552,0.05163936080256382,0.9856200205803589,-37.48859527445086
876,877.0,0.22549800192704428,8.33553481611041,0.22549800192704428,8.33553481611041,3.5711681186092044,0.7142596685289104,8.326672684688674e-15,-0.7111218188379533
877,878.0,0.40567267949817587,4.960297443306654,0.0,0.43397509295751413,0.1263978351292702,0.1343757180069961,0.8948952533030431,-24.099617515292497
878,879.0,0.8570897773136302,2.6287211657750507,0.06860577034319058,0.42052934965966277,0.018666365088745637,0.05163936080265247,0.9856200286474085,-37.48859527442682
879,880.0,0.6934388394881639,2.255673829697474,0.06860584541029278,0.4205293076133001,0.018666365088980532,0.051639360802977374,0.9856200226184815,-37.488595274338735
880,881.0,0.10332303298210266,3.2954008366501713,0.10332303298210266,3.2954008366501713,3.5711681180514194,0.71425966847313,1.931208526428918e-10,-0.7111218199312921
881,882.0,0.08272080527240055,2.0378558601444,0.06860584541029278,0.4205293076133001,0.018666365088980532,0.051639360802977374,0.9856200226184815,-37.488595274338735
882,883.0,0.604859221085586,0.049640098599257346,0.0,0.34005858346751583,0.1263978351292702,0.1343757180069961,0.8948952533030431,-24.099617515292497
883,884.0,0.1370709681614064,0.8940811649981026,0.06860562156625374,0.4205292499469465,0.018666365088970658,0.05163936080296372,0.9856200139770118,-37.488595274342444
884,885.0,0.9266783745401748,4.406759210596586,0.06860572837956772,0.4205292874574272,0.018666365088673992,0.051639360802553366,0.9856200195540243,-37.488595274453694
885,886.0,0.46930942865783243,0.7946733812856611,0.06860587758504785,0.42052908746915313,0.01866636508975514,0.05163936080404883,0.9856199906411387,-37.48859527404825
886,887.0,0.15205836836173703,0.8962434759399436,0.06860572365109917,0.42052929350965573,0.01866636508867303,0.05163936080255204,0.9856200204287479,-37.488595274454056
887,888.0,0.10257689942455916,0.8388885458347077,0.0,0.33662633395423447,0.1263978351292702,0.1343757180069961,0.8948952533030431,-24.099617515292497
888,889.0,0.36653402894761833,8.919161403915217,0.36653402894761833,8.919161403915217,3.5711681167413314,0.7142596683421165,5.045920348223376e-10,-0.7111218224992513
889,890.0,0.3226313816260242,1.9656586137025438,0.06860579828914458,0.42052916260240164,0.018666365089028122,0.0516393608030432,0.9856200014770654,-37.48859527432089
890,891.0,0.7524556269897548,4.309143653074617,0.0686057291942639,0.42052928720734517,0.01866636508867407,0.05163936080255347,0.9856200195185874,-37.488595274453665
891,892.0,0.23056660426337816,3.348275511656307,0.06860569375010753,0.4205292686093632,0.018666365088714047,0.05163936080260877,0.9856200167735479,-37.48859527443867
892,893.0,0.8269599409044741,9.663743635932471,0.0,0.48383611237622287,0.1263978351292702,0.1343757180069961,0.8948952533030431,-24.099617515292497
893,894.0,0.548744327620259,3.8367993821329103,0.06860550817320392,0.42052925091857113,0.018666365089814542,0.05163936080413099,0.98562001398813,-37.488595274025975
894,895.0,0.3620525059504799,7.450147376590697,0.3620525059504799,7.450147376590697,3.5711680363899623,0.7142596603066865,2.2330880145027265e-08,-0.7111219799994233
895,896.0,0.87249605072567,9.735710815589739,0.0,0.4859594582256471,0.1263978351292702,0.1343757180069961,0.8948952533030431,-24.099617515292497
896,897.0,0.47819786216421545,1.9314215832125223,0.0,0.4742256383539878,0.1263978351292702,0.1343757180069961,0.8948952533030431,-24.099617515292497
897,898.0,0.8291202537703101,1.731633489693766,0.0,0.4325332975457462,0.1263978351292702,0.1343757180069961,0.8948952533030431,-24.099617515292497
898,899.0,0.6979992743640642,4.395016466497405,0.06860550944462132,0.42052924418293314,0.01866636508981272,0.05163936080412848,0.9856200130100823,-37.488595274026665
899,900.0,0.00961388585812395,7.246711604754486,0.00961388585812395,7.246711604754486,3.571168118609231,0.7142596685289133,0.0,-0.7111218188379018
900,901.0,0.44987681570047044,1.4291614011808718,0.06860572206288722,0.42052929500465014,0.018666365088673212,0.051639360802552284,0.985620020644338,-37.488595274453985
901,902.0,0.8207856993835039,3.157247068166271,0.06860585383160393,0.4205294530165066,0.01866636508935745,0.05163936080349873,0.9856200437725849,-37.488595274197394
902,903.0,0.6479654821430307,7.11637168074792,0.06860572783369777,0.4205292944254845,0.01866636508867227,0.05163936080255097,0.9856200205667048,-37.48859527445433
903,904.0,0.29787033501166904,3.7376666909425205,0.06860572405600034,0.42052929520335974,0.018666365088672664,0.05163936080255153,0.9856200206755107,-37.48859527445419
904,905.0,0.5625571890617341,5.405818707920353,0.0,0.48605773126754037,0.1263978351292702,0.1343757180069961,0.8948952533030431,-24.099617515292497
905,906.0,0.9719772867805956,0.585368926797,0.06860560539304607,0.4205295530352933,0.018666365089851887,0.051639360804182646,0.9856200580335157,-37.48859527401197
906,907.0,0.013437437733295865,4.639851192985848,0.013437437733295865,4.639851192985848,3.571168118609231,0.7142596685289133,0.0,-0.7111218188379018
907,908.0,0.09416977084560552,4.593950654111738,0.09416977084560552,4.593950654111738,3.571168118609231,0.7142596685289133,0.0,-0.7111218188379018
908,909.0,0.4338498663904301,5.271973482454187,0.0,0.40420461610437997,0.1263978351292702,0.1343757180069961,0.8948952533030431,-24.099617515292497
909,910.0,0.20973560082324916,0.06239694376860856,0.06860570812961275,0.4205293909169765,0.018666365088790972,0.051639360802715174,0.9856200345760457,-37.488595274409825
910,911.0,0.043049101550759916,3.8680324673182573,0.043049101550759916,3.8680324673182573,3.571168118609231,0.7142596685289133,0.0,-0.7111218188379018
911,912.0,0.13736056365396254,4.73356595027389,0.13736056365396254,4.73356595027389,3.57116811860484,0.7142596685284741,1.499800283966124e-12,-0.7111218188465083
912,913.0,0.1031237889485247,0.20539421626978546,0.06860566739827231,0.42052933181487506,0.018666365088768826,0.05163936080268453,0.9856200259348317,-37.488595274418124
913,914.0,0.48525717965799176,2.387177400036226,0.0,0.3801430567663638,0.1263978351292702,0.1343757180069961,0.8948952533030431,-24.099617515292497
914,915.0,0.9847329129098622,3.224861650970755,0.06860584573758276,0.42052945698645283,0.018666365089329114,0.051639360803459544,0.9856200443406862,-37.488595274208016
915,916.0,0.7404338957515572,7.133508694613398,0.06860557551703904,0.4205291841441313,0.018666365089400665,0.05163936080355851,0.9856200043550011,-37.488595274181186
916,917.0,0.7334506152378583,4.492849785092667,0.0,0.4792833577241888,0.1263978351292702,0.1343757180069961,0.8948952533030431,-24.099617515292497
917,918.0,0.8764832260020523,4.004861480929711,0.06860572901464401,0.4205292868310368,0.018666365088674204,0.05163936080255365,0.985620019463659,-37.488595274453616
918,919.0,0.674697321878112,1.2613532954795854,0.06860561682922135,0.4205294727887858,0.018666365089340435,0.0516393608034752,0.9856200463773204,-37.488595274203774
919,920.0,0.9698773739982245,3.655574319257241,0.06860570316480107,0.4205292734532022,0.018666365088696932,0.05163936080258509,0.9856200174887072,-37.48859527444509
920,921.0,0.13227393719674319,1.1161165798093882,0.06860572038300691,0.4205292728783483,0.018666365088683693,0.05163936080256677,0.985620017424782,-37.488595274450056
921,922.0,0.6873970689073924,7.025838676197666,0.06860574104854504,0.4205292810603603,0.018666365088679915,0.05163936080256156,0.9856200186382166,-37.48859527445147
922,923.0,0.20842529193094395,4.539945739230185,0.20843737115745822,4.539945073096366,3.5711679739381514,0.7142596540612777,4.67916333457552e-08,-0.7111221024139045
923,924.0,0.8220868654783797,4.819558946309637,0.0,0.37952542654784865,0.1263978351292702,0.1343757180069961,0.8948952533030431,-24.099617515292497
924,925.0,0.006091191558852849,5.399742666114753,0.006091191558852849,5.399742666114753,3.571168118609231,0.7142596685289133,0.0,-0.7111218188379018
925,926.0,0.614518385995593,8.102845297823443,0.0,0.5127710513091936,0.643504384493884,0.3031982813025836,0.6004171759615555,-12.7071561125992
926,927.0,0.9552324848382527,4.12358940539375,0.06860572855528838,0.4205292874910704,0.01866636508867398,0.051639360802553345,0.9856200195591174,-37.4885952744537
927,928.0,0.2561309212933942,2.5328091940931405,0.06860584541029278,0.4205293076133001,0.018666365088980532,0.051639360802977374,0.9856200226184815,-37.488595274338735
928,929.0,0.6922665507930281,0.40268179992879394,0.06860572384427822,0.42052929629952723,0.018666365088672563,0.051639360802551396,0.9856200208346749,-37.48859527445423
929,930.0,0.21814128429685276,4.116895804718088,0.0686057272614586,0.4205292903026982,0.018666365088673184,0.05163936080255225,0.9856200199665107,-37.48859527445399
930,931.0,0.11263064655853705,5.847124545706668,0.11263064655853705,5.847124545706668,3.571168118609231,0.7142596685289133,0.0,-0.7111218188379018
931,932.0,0.6963010336398432,9.19697520256867,0.0,0.46956853249538355,0.1263978351292702,0.1343757180069961,0.8948952533030431,-24.099617515292497
932,933.0,0.4749912679064938,3.7919658095131634,0.0686057249112503,0.4205292939945545,0.018666365088672678,0.05163936080255154,0.9856200205007014,-37.488595274454184
933,934.0,0.8427526222977338,3.5194094912238603,0.0,0.38237442590423376,0.1263978351292702,0.1343757180069961,0.8948952533030431,-24.099617515292497
934,935.0,0.9004835933549532,4.4459296057386055,0.06860572361617594,0.4205292980586499,0.018666365088672473,0.05163936080255125,0.9856200210902282,-37.48859527445426
935,936.0,0.8779817809653124,1.3135413612291802,0.0,0.3137176449200787,0.6826050687558586,0.3122739339462478,0.529779861142549,-12.294242761523385
936,937.0,0.7239023640705146,9.647408717528467,0.0,0.532203538394209,0.643504384493884,0.3031982813025836,0.6004171759615555,-12.7071561125992
937,938.0,0.9820950574323296,1.2777584521610141,0.06860565755803757,0.4205294553578787,0.01866636508910193,0.0516393608031453,0.9856200438891787,-37.48859527429322
938,939.0,0.39636835550680083,2.4762976341756073,0.06860571419985875,0.4205292727428519,0.01866636508868716,0.05163936080257157,0.9856200173980153,-37.48859527444875
939,940.0,0.4562446391540127,4.988236405148258,0.0686056809633326,0.42052937778408456,0.018666365088801557,0.05163936080272981,0.9856200326352088,-37.48859527440585
940,941.0,0.5480768850545021,5.146120211191833,0.0,0.398607215003436,0.1263978351292702,0.1343757180069961,0.8948952533030431,-24.099617515292497
941,942.0,0.13938168615006874,9.838122083950312,0.13938168615006874,9.838122083950312,3.571168118609231,0.7142596685289133,0.0,-0.7111218188379018
942,943.0,0.6979981356519002,0.13445273770013252,0.06860571567029483,0.4205293146961985,0.018666365088678364,0.0516393608025594,0.9856200235006031,-37.48859527445205
943,944.0,0.6210526048631397,6.725307229214258,0.06860572770266593,0.4205292969862072,0.018666365088671956,0.05163936080255055,0.9856200209389387,-37.488595274454454
944,945.0,0.28491600151687335,1.9894977462460353,0.06860584541029278,0.4205293076133001,0.018666365088980532,0.051639360802977374,0.9856200226184815,-37.488595274338735
945,946.0,0.02611177568267664,3.0320378688278447,0.02611177568267664,3.0320378688278447,3.571168118609231,0.7142596685289133,0.0,-0.7111218188379018
946,947.0,0.7181070346854498,9.846778757542081,0.0,0.48838747699318524,0.1263978351292702,0.1343757180069961,0.8948952533030431,-24.099617515292497
947,948.0,0.9105988262550471,0.2590042460196366,0.0,0.4163407168117633,0.1263978351292702,0.1343757180069961,0.8948952533030431,-24.099617515292497
948,949.0,0.321576901215896,0.5833257729270828,0.06860572502242335,0.4205292743590272,0.018666365088681226,0.051639360802563365,0.9856200176454029,-37.48859527445098
949,950.0,0.8970423380187154,1.1861990705730459,0.0,0.17464659715168407,0.6826050687558586,0.3122739339462478,0.529779861142549,-12.294242761523385
950,951.0,0.6013934493002325,8.50385905893319,0.0,0.4399362283163546,0.1263978351292702,0.1343757180069961,0.8948952533030431,-24.099617515292497
951,952.0,0.7139320593543693,0.8327737149630468,0.0,0.39654339365593066,0.1263978351292702,0.1343757180069961,0.8948952533030431,-24.099617515292497
952,953.0,0.279270889131746,3.6461507322010362,0.06860579497529802,0.42052929473962,0.0186663650887708,0.05163936080268726,0.9856200206889655,-37.488595274417385
953,954.0,0.6872410766373644,3.2004577002934123,0.0686057074935847,0.4205292493023858,0.01866636508871802,0.051639360802614276,0.9856200139816006,-37.48859527443718
954,955.0,0.25948656034008155,8.632281703827209,0.25948656034008155,8.632281703827209,3.5711681186085853,0.7142596685288487,1.978417429882029e-13,-0.7111218188391675
955,956.0,0.3590956588735952,2.9733180936547363,0.06860572342146037,0.4205292929954058,0.018666365088673188,0.05163936080255224,0.9856200203537027,-37.48859527445399
956,957.0,0.45113123181549564,9.713304668144993,0.45113123181549564,9.713304668144993,3.5711680984556313,0.7142596665134798,4.922633967119339e-09,-0.7111218583418379
957,958.0,0.12687544993925393,8.072593687146028,0.12687544993925393,8.072593687146028,3.571168118609231,0.7142596685289133,0.0,-0.7111218188379018
958,959.0,0.4989279885068838,0.8058458505895689,0.0,0.36934059126904795,0.1263978351292702,0.1343757180069961,0.8948952533030431,-24.099617515292497
959,960.0,0.9237078356675154,9.41197468167572,0.06860572999885088,0.42052929352621365,0.01866636508867241,0.05163936080255118,0.9856200204384039,-37.48859527445428
960,961.0,0.17099344421677876,3.2442527328244632,0.06860575569848437,0.4205290084587497,0.01866636508983086,0.05163936080415357,0.9856199790122965,-37.48859527401986
961,962.0,0.9750477270992641,3.640631438778822,0.06860569555816737,0.42052926937617396,0.01866636508871054,0.05163936080260392,0.9856200168871256,-37.48859527443999
962,963.0,0.20160600329603817,7.5786011650463125,0.20160600329603817,7.5786011650463125,3.571168118609208,0.714259668528911,7.327471962526033e-15,-0.7111218188379471
963,964.0,0.21131618806075547,9.632780999535997,0.21131618806075547,9.632780999535997,3.571168118609231,0.7142596685289133,0.0,-0.7111218188379018
964,965.0,0.40208776577529004,4.326782320712647,0.06860572812713352,0.42052928788852495,0.018666365088673854,0.05163936080255317,0.9856200196164269,-37.48859527445374
965,966.0,0.4216805533497743,8.859318428138645,0.4216805533497743,8.859318428138645,3.5711680800489782,0.7142596646727473,9.750997898017033e-09,-0.7111218944215105
966,967.0,0.5192803091662946,7.360296864362491,0.06860572255382011,0.42052929536518074,0.018666365088673018,0.05163936080255201,0.9856200206973275,-37.488595274454056
967,968.0,0.4353537113641872,0.44604716597736527,0.06860572012807849,0.42052930159210905,0.018666365088673517,0.0516393608025527,0.9856200216000843,-37.48859527445387
968,969.0,0.7220860717906206,0.08005476797153929,0.06860589214085384,0.4205287617176381,0.018666365093113327,0.05163936080869394,0.9856199432848083,-37.48859527278891
969,970.0,0.33854064247424187,1.750257581045288,0.06860581803077925,0.4205292973315462,0.018666365088851555,0.051639360802798975,0.9856200210921431,-37.48859527438711
970,971.0,0.8075957743807027,8.863930965812992,0.0,0.4576777656530696,0.1263978351292702,0.1343757180069961,0.8948952533030431,-24.099617515292497
971,972.0,0.5885796657966004,7.36613837072126,0.06860572203196591,0.4205292953954887,0.01866636508867318,0.051639360802552235,0.9856200207011389,-37.488595274454
972,973.0,0.07827795108624958,1.8272012774732986,0.0,0.41799000395823305,0.1263978351292702,0.1343757180069961,0.8948952533030431,-24.099617515292497
973,974.0,0.5824012311560114,2.8091523001312324,0.06860572368427327,0.4205292940962461,0.01866636508867292,0.05163936080255189,0.9856200205140884,-37.48859527445409
974,975.0,0.03418159452506264,3.753990352743182,0.03418159452506264,3.753990352743182,3.571168118609231,0.7142596685289133,0.0,-0.7111218188379018
975,976.0,0.6222334720761339,7.056701343823184,0.06860572520906147,0.4205292953294633,0.018666365088672428,0.05163936080255119,0.9856200206951656,-37.488595274454276
976,977.0,0.44065121482493386,1.988085453767158,0.06860576146969666,0.42052935129082053,0.01866636508873264,0.051639360802634475,0.9856200288744933,-37.488595274431695
977,978.0,0.438882712036743,3.1931148015077984,0.06860573492325871,0.4205295296760894,0.018666365089385233,0.05163936080353716,0.9856200547848388,-37.48859527418698
978,979.0,0.23467650985474864,1.6286062622996111,0.0,0.4888077058496854,0.1263978351292702,0.1343757180069961,0.8948952533030431,-24.099617515292497
979,980.0,0.02345800193086578,3.6719521865137823,0.02345800193086578,3.6719521865137823,3.571168118609231,0.7142596685289133,0.0,-0.7111218188379018
980,981.0,0.7130150033652513,7.097246730524724,0.06860572152912822,0.4205292937835443,0.018666365088673594,0.0516393608025528,0.9856200204661537,-37.48859527445384
981,982.0,0.6949765785607231,5.830549450505191,0.0,0.3495944326859228,0.1263978351292702,0.1343757180069961,0.8948952533030431,-24.099617515292497
982,983.0,0.6146557375975455,0.7673850808107483,0.06860571608049383,0.42052929569495073,0.018666365088675793,0.05163936080255586,0.9856200207378895,-37.48859527445302
983,984.0,0.951985044163211,5.676951750619303,0.0,0.2539351210824413,0.6826050687558586,0.3122739339462478,0.529779861142549,-12.294242761523385
984,985.0,0.32283081180600937,0.21578114509777535,0.0,0.45039811215782444,0.1263978351292702,0.1343757180069961,0.8948952533030431,-24.099617515292497
985,986.0,0.15569255659002634,9.182009904663028,0.15569255659002634,9.182009904663028,3.571168118609231,0.7142596685289133,0.0,-0.7111218188379018
986,987.0,0.9313780738247955,2.1193387734719833,0.06860584541029278,0.4205293076133001,0.018666365088980532,0.051639360802977374,0.9856200226184815,-37.488595274338735
987,988.0,0.9416427408071267,1.8586791732037966,0.0,0.3743120391498752,0.1263978351292702,0.1343757180069961,0.8948952533030431,-24.099617515292497
988,989.0,0.9474571377825383,3.954410105793073,0.06860572315617197,0.4205292906004396,0.01866636508867381,0.05163936080255311,0.9856200200051207,-37.488595274453765
989,990.0,0.5884323370300953,6.442332089333199,0.06860572775349884,0.42052929696896607,0.018666365088671956,0.051639360802550556,0.9856200209364895,-37.488595274454454
990,991.0,0.6227000963469922,7.435460795076281,0.0686056856140449,0.4205293056563973,0.018666365088714176,0.05163936080260893,0.9856200221516762,-37.48859527443862
991,992.0,0.3549391946888657,5.940410711097827,0.0,0.4311344056306299,0.1263978351292702,0.1343757180069961,0.8948952533030431,-24.099617515292497
992,993.0,0.766747736289468,4.926246894236,0.06860582803514068,0.4205293388926793,0.01866636508891791,0.051639360802890756,0.9856200271473853,-37.48859527436222
993,994.0,0.596967125141872,6.830626474025383,0.0,0.4935914103608347,0.1263978351292702,0.1343757180069961,0.8948952533030431,-24.099617515292497
994,995.0,0.11269799677945325,8.03122796676607,0.11269799677945325,8.03122796676607,3.571168118609231,0.7142596685289133,0.0,-0.7111218188379018
995,996.0,0.30270106831890287,0.431714579667262,0.06860551305367876,0.420529256367181,0.01866636508975828,0.05163936080405318,0.9856200147860903,-37.48859527404708
996,997.0,0.5121817038119495,2.7555932299343793,0.06860572360612845,0.42052929390552213,0.01866636508867297,0.05163936080255195,0.9856200204862638,-37.48859527445407
997,998.0,0.4928906981681366,8.066152626805835,0.0,0.5274324732625761,0.643504384493884,0.3031982813025836,0.6004171759615555,-12.7071561125992
998,999.0,0.510998495763151,6.182995459765888,0.06860572426898294,0.4205293078570533,0.01866636508867302,0.05163936080255202,0.9856200225158684,-37.488595274454056
999,1000.0,0.4835299938793163,4.555472562649772,0.0,0.47661644167211736,0.1263978351292702,0.1343757180069961,0.8948952533030431,-24.099617515292497
