,iteration,init_sigma,init_center,est_sigma,est_center,ss_res,nrmse,r_squared,aic
0,1.0,0.4716054838323278,6.311440122842279,0.0,0.40101845864082897,0.3528969931167733,0.22453030120573714,0.7065109080645651,-16.912424525223415
1,2.0,0.29469271685497556,2.242701257697134,0.14035735548896522,0.5086175322791596,0.019532901118006128,0.0528243735924,0.9814856195082493,-37.170956032023525
2,3.0,0.9390974032327167,9.448712666361944,0.0,0.4840877335429648,0.3528969931167733,0.22453030120573714,0.7065109080645651,-16.912424525223415
3,4.0,0.07100899037198216,5.703189931281812,0.07100899037198216,5.703189931281812,2.6408090810288622,0.6142136762943171,2.220446049250313e-16,-2.823773661339337
4,5.0,0.9325248281722701,1.0379144075389717,0.14035745046851897,0.5086177161331813,0.019532901117828967,0.05282437359216045,0.9814855972487279,-37.17095603208702
5,6.0,0.8800787344439617,7.152174906153192,0.0,0.43007072701386045,0.3528969931167733,0.22453030120573714,0.7065109080645651,-16.912424525223415
6,7.0,0.14465907840946646,2.513644014949184,0.1403573185632919,0.5086174592042487,0.01953290111824033,0.052824373592716696,0.9814856283562629,-37.1709560319396
7,8.0,0.6083228677194928,7.3554770754793335,0.0,0.43997042031904177,0.3528969931167733,0.22453030120573714,0.7065109080645651,-16.912424525223415
8,9.0,0.19792816885870923,3.893028868252228,0.14035736624909786,0.5086176402752398,0.019532901117819114,0.0528243735921471,0.9814856063904294,-37.17095603209055
9,10.0,0.08298402716306597,5.847253811131726,0.08298402716306597,5.847253811131726,2.6408090810288622,0.6142136762943171,2.220446049250313e-16,-2.823773661339337
10,11.0,0.5297912944786143,9.249527129542992,0.5298151864779842,9.249525619639803,2.640808284370095,0.6142135836487052,2.4399774878336444e-07,-2.8237757730452744
11,12.0,0.5448665409594464,8.373732588607773,0.0,0.5474400716662345,0.48036952058930077,0.26196224389602973,0.5456161466404716,-14.753768500215731
12,13.0,0.38892356066180356,1.972150481503063,0.14035740155321305,0.5086177147911003,0.01953290111778586,0.052824373592102174,0.9814855973656482,-37.17095603210247
13,14.0,0.5975467831494059,7.797759073638325,0.0,0.4550445582322468,0.3528969931167733,0.22453030120573714,0.7065109080645651,-16.912424525223415
14,15.0,0.5135124420988796,5.825105206304363,0.0,0.39319057527682494,0.3528969931167733,0.22453030120573714,0.7065109080645651,-16.912424525223415
15,16.0,0.8245295493573666,9.989728072465994,0.0,0.3605275248016441,0.3528969931167733,0.22453030120573714,0.7065109080645651,-16.912424525223415
16,17.0,0.6717240601557631,9.914604999222291,0.1403573784127095,0.5086177067683294,0.01953290111778314,0.05282437359209848,0.9814855983190154,-37.17095603210345
17,18.0,0.2783364941926557,9.29927840265022,0.2783364941926557,9.29927840265022,2.640809081028454,0.6142136762942697,1.687538997430238e-13,-2.82377366134042
18,19.0,0.7498079810357305,4.770974229853608,0.0,0.36351653514872295,0.3528969931167733,0.22453030120573714,0.7065109080645651,-16.912424525223415
19,20.0,0.2075654802337602,8.360051482554155,0.2075654802337602,8.360051482554155,2.6408090810288605,0.614213676294317,5.551115123125783e-16,-2.8237736613393425
20,21.0,0.6260290645730243,9.954179137927738,0.6260983868983336,9.954174386173586,2.6408061022301874,0.6142133298816563,8.237603484895217e-07,-2.823781557253751
21,22.0,0.2587932100791076,1.9146304620074557,0.0,0.4636660137286065,0.3528969931167733,0.22453030120573714,0.7065109080645651,-16.912424525223415
22,23.0,0.5148886231168059,4.588956387002203,0.0,0.3821092905667937,0.3528969931167733,0.22453030120573714,0.7065109080645651,-16.912424525223415
23,24.0,0.577764407857437,1.3163533512098242,0.0,0.5828229563712969,0.48036952058930077,0.26196224389602973,0.5456161466404716,-14.753768500215731
24,25.0,0.6936361342891602,4.848175369277374,0.0,0.3786781570259642,0.3528969931167733,0.22453030120573714,0.7065109080645651,-16.912424525223415
25,26.0,0.10698288555799307,6.040610063793041,0.10698288555799307,6.040610063793041,2.6408090810288622,0.6142136762943171,2.220446049250313e-16,-2.823773661339337
26,27.0,0.3444046292603219,0.839962249484879,0.14035729607994124,0.5086175172507632,0.019532901118094213,0.052824373592519104,0.9814856212788569,-37.17095603199196
27,28.0,0.31673126222857007,1.3933831761745246,0.14035718266642308,0.5086180842441205,0.019532901119341178,0.05282437359420523,0.981485552246867,-37.17095603154509
28,29.0,0.08704367649159062,9.363063866630684,0.08704367649159062,9.363063866630684,2.6408090810288622,0.6142136762943171,2.220446049250313e-16,-2.823773661339337
29,30.0,0.24275316190437202,9.348544312648214,0.24275316190437202,9.348544312648214,2.6408090810288583,0.6142136762943167,1.6653345369377348e-15,-2.8237736613393487
30,31.0,0.048002346384499406,0.33264720839035017,0.14035727237063872,0.5086177401136761,0.01953290111792757,0.0528243735922938,0.9814855941651023,-37.170956032051684
31,32.0,0.7002668594266794,2.2343486322206987,0.14035735548896522,0.5086175322791596,0.019532901118006128,0.0528243735924,0.9814856195082493,-37.170956032023525
32,33.0,0.2685715857291703,1.4344065206426642,0.14035735780419986,0.5086176460563543,0.019532901117816602,0.05282437359214376,0.9814856056796857,-37.17095603209145
33,34.0,0.797705476755817,5.990335503766307,0.0,0.4050912666865814,0.3528969931167733,0.22453030120573714,0.7065109080645651,-16.912424525223415
34,35.0,0.8527899941666187,3.1699676054301276,0.140357530052833,0.5086177954360243,0.019532901118032586,0.052824373592435775,0.9814855876837456,-37.17095603201405
35,36.0,0.06731266674887793,0.4123561680052047,0.14035691610473597,0.508618418321296,0.019532901124291582,0.05282437360089913,0.981485511381,-37.17095602977101
36,37.0,0.7576136455063575,4.239899288979594,0.0,0.34911521213171204,0.3528969931167733,0.22453030120573714,0.7065109080645651,-16.912424525223415
37,38.0,0.5905914993621362,5.03080526315151,0.0,0.3964411587269485,0.3528969931167733,0.22453030120573714,0.7065109080645651,-16.912424525223415
38,39.0,0.917104098247813,2.191544442571598,0.14035735548896522,0.5086175322791596,0.019532901118006128,0.0528243735924,0.9814856195082493,-37.170956032023525
39,40.0,0.5243827124973772,4.102181660124754,0.14035738113915727,0.508617704627237,0.019532901117783073,0.0528243735920984,0.9814855985818666,-37.17095603210347
40,41.0,0.5549265814238878,0.007569895291407473,0.14035735284931916,0.5086177081515096,0.019532901117792933,0.05282437359211175,0.9814855981266868,-37.17095603209993
41,42.0,0.027606592196926072,6.321200202217172,0.027606592196926072,6.321200202217172,2.6408090810288622,0.6142136762943171,2.220446049250313e-16,-2.823773661339337
42,43.0,0.3810406499814948,3.76255120409298,0.1403576100772395,0.5086178557327835,0.019532901118402703,0.05282437359293626,0.9814855804294359,-37.17095603188141
43,44.0,0.9247641203963571,3.20065961514403,0.1403575653828487,0.5086172778205733,0.01953290111961288,0.05282437359457263,0.9814856506380335,-37.170956031447716
44,45.0,0.06732404100296885,3.3917842611489983,0.06732404100296885,3.3917842611489983,2.6408090810288614,0.614213676294317,7.771561172376096e-16,-2.82377366133934
45,46.0,0.152631799571183,4.076196621642777,0.152631799571183,4.076196621642777,2.640809076074242,0.6142136757181309,2.3616033573148343e-09,-2.823773674472564
46,47.0,0.9755691547276483,3.053762397511445,0.0,0.44408407841039177,0.3528969931167733,0.22453030120573714,0.7065109080645651,-16.912424525223415
47,48.0,0.0695251857761211,9.943118176978361,0.0695251857761211,9.943118176978361,2.6408090810288622,0.6142136762943171,2.220446049250313e-16,-2.823773661339337
48,49.0,0.9189602299668981,1.1315417677072264,0.0,0.3492694121992846,0.3528969931167733,0.22453030120573714,0.7065109080645651,-16.912424525223415
49,50.0,0.1559778203642327,7.963654234939794,0.1559778203642327,7.963654234939794,2.6408090810288622,0.6142136762943171,2.220446049250313e-16,-2.823773661339337
50,51.0,0.2286714384899302,9.129319925785165,0.2286714384899302,9.129319925785165,2.640809081028861,0.614213676294317,5.551115123125783e-16,-2.8237736613393407
51,52.0,0.6553963779524216,5.926364227999894,0.0,0.3764863599199107,0.3528969931167733,0.22453030120573714,0.7065109080645651,-16.912424525223415
52,53.0,0.5966905770969786,7.124298040528401,0.0,0.426472566591596,0.3528969931167733,0.22453030120573714,0.7065109080645651,-16.912424525223415
53,54.0,0.6218518511227649,3.9214969822357526,0.14035730678316802,0.5086186034173357,0.01953290112355586,0.05282437359990431,0.9814854892523115,-37.170956030034674
54,55.0,0.47751863683667184,3.1175293202682903,0.0,0.4468626046623203,0.3528969931167733,0.22453030120573714,0.7065109080645651,-16.912424525223415
55,56.0,0.2417504327393114,4.174354087663184,0.0,0.40506017525489524,0.3528969931167733,0.22453030120573714,0.7065109080645651,-16.912424525223415
56,57.0,0.7636812432824256,6.192772683719708,0.0,0.3965838727407495,0.3528969931167733,0.22453030120573714,0.7065109080645651,-16.912424525223415
57,58.0,0.18620964334056123,5.5781860476435945,0.18620964334056123,5.5781860476435945,2.6408090809647593,0.6142136762868625,2.953137734351685e-11,-2.8237736615092555
58,59.0,0.4263243821056535,9.07825538951243,0.4263243821056535,9.07825538951243,2.6408090557603785,0.6142136733557769,8.714782562257994e-09,-2.823773728318578
59,60.0,0.21578686770743627,7.443702747711572,0.21578686770743627,7.443702747711572,2.6408090810285123,0.6142136762942765,1.5587531265737198e-13,-2.8237736613402653
60,61.0,0.44462581629791575,6.763374662882798,0.0,0.39973991925163077,0.3528969931167733,0.22453030120573714,0.7065109080645651,-16.912424525223415
61,62.0,0.6069291799835015,0.8748576842482612,0.14035733360016595,0.5086179581586988,0.019532901118260837,0.05282437359274442,0.9814855677173219,-37.17095603193225
62,63.0,0.30730710096471003,4.107490857569925,0.14035774915638827,0.5086172132999086,0.01953290112131494,0.05282437359687415,0.9814856586536194,-37.17095603083776
63,64.0,0.4010446878085905,1.787226190690475,0.1403573779632261,0.5086177077125298,0.019532901117783132,0.05282437359209847,0.9814855982038129,-37.17095603210345
64,65.0,0.8803834940889248,9.381003038553594,0.0,0.48191070125517854,0.3528969931167733,0.22453030120573714,0.7065109080645651,-16.912424525223415
65,66.0,0.5452589823977798,5.427495582236338,0.0,0.37577812596168453,0.3528969931167733,0.22453030120573714,0.7065109080645651,-16.912424525223415
66,67.0,0.9475109033310459,4.215180559920066,0.1403573560943886,0.5086175728476456,0.019532901117917934,0.05282437359228077,0.9814856145773238,-37.17095603205514
67,68.0,0.4158322492359462,7.965056934525072,0.4158322492359462,7.965056934525072,2.6408088552450524,0.6142136500373061,7.885121355855063e-08,-2.8237742598251385
68,69.0,0.0662739587179556,5.54618534870865,0.0662739587179556,5.54618534870865,2.6408090810288622,0.6142136762943171,2.220446049250313e-16,-2.823773661339337
69,70.0,0.8242928798964191,2.252990852561928,0.14035735548896522,0.5086175322791596,0.019532901118006128,0.0528243735924,0.9814856195082493,-37.170956032023525
70,71.0,0.10610475487763416,0.8152892426765556,0.14035737947819246,0.5086177068774494,0.019532901117782997,0.05282437359209831,0.9814855983067586,-37.1709560321035
71,72.0,0.57738344438278,1.4204326562372485,0.14035737135284418,0.5086177792423113,0.019532901117818115,0.05282437359214576,0.9814855895023552,-37.17095603209091
72,73.0,0.8982675075633566,3.314584318072141,0.1403574153447145,0.5086177038388638,0.019532901117793957,0.05282437359211312,0.9814855987100438,-37.17095603209957
73,74.0,0.7591766183325812,2.0596458184244386,0.0,0.5263368102646955,0.48036952058930077,0.26196224389602973,0.5456161466404716,-14.753768500215731
74,75.0,0.9138880576201003,3.447994364927058,0.14035745777215447,0.508617694423404,0.019532901117845013,0.05282437359218218,0.9814855998946717,-37.170956032081264
75,76.0,0.7147023228731425,2.891124427117649,0.14035708754717865,0.508618223216426,0.019532901120863626,0.0528243735962639,0.9814855352624456,-37.17095603099949
76,77.0,0.7502384181098757,4.962857953423538,0.0,0.38818123775208613,0.3528969931167733,0.22453030120573714,0.7065109080645651,-16.912424525223415
77,78.0,0.4289508049944589,5.424306543000373,0.0,0.37575700649394506,0.3528969931167733,0.22453030120573714,0.7065109080645651,-16.912424525223415
78,79.0,0.09147285741953814,1.1033912426123322,0.14035746704303012,0.5086176127389612,0.019532901117941325,0.05282437359231238,0.9814856098329883,-37.17095603204675
79,80.0,0.49507656347869133,5.497797693649714,0.0,0.5950248070972041,0.48036952058930077,0.26196224389602973,0.5456161466404716,-14.753768500215731
80,81.0,0.3815191824200944,9.96788951963899,0.3815191824200944,9.96788951963899,2.6408090807742792,0.6142136762647111,9.267431266835047e-11,-2.823773662014161
81,82.0,0.966658306411514,3.4173533275884473,0.0,0.39050298374256776,0.3528969931167733,0.22453030120573714,0.7065109080645651,-16.912424525223415
82,83.0,0.11379516685378499,9.096571943980171,0.11379516685378499,9.096571943980171,2.6408090810288622,0.6142136762943171,2.220446049250313e-16,-2.823773661339337
83,84.0,0.23840072932283873,7.409480672962478,0.23840072932283873,7.409480672962478,2.6408090810217026,0.6142136762934847,3.107736290530738e-12,-2.8237736613583158
84,85.0,0.6609792011592474,3.281183584219734,0.14035741126688472,0.5086179697275443,0.019532901118242022,0.05282437359271901,0.9814855663845152,-37.17095603193899
85,86.0,0.2987794610102241,8.765988836157332,0.2987794610102241,8.765988836157332,2.640809081009628,0.6142136762920803,7.754907827006718e-12,-2.823773661390322
86,87.0,0.3557701857985295,1.614665015105249,0.14035730294774235,0.5086179292328339,0.019532901118220567,0.05282437359268997,0.9814855712045462,-37.17095603194668
87,88.0,0.786243512674772,5.013132387919883,0.0,0.3907018989887418,0.3528969931167733,0.22453030120573714,0.7065109080645651,-16.912424525223415
88,89.0,0.39181129172683915,2.5106648856350753,0.14035739302723768,0.5086177292920783,0.01953290111778535,0.052824373592101466,0.9814855955948406,-37.17095603210265
89,90.0,0.1631348900423898,8.275996560247172,0.1631348900423898,8.275996560247172,2.6408090810288622,0.6142136762943171,2.220446049250313e-16,-2.823773661339337
90,91.0,0.2987105879846972,6.426008243262878,0.2987105879846972,6.426008243262878,2.640809032777057,0.614213670682984,1.94558573696213e-08,-2.8237737892405343
91,92.0,0.20644012782655152,1.8274277566175503,0.14035739045085205,0.5086177678426281,0.019532901117804424,0.05282437359212726,0.9814855909061763,-37.170956032095816
92,93.0,0.2638287461017308,2.342704559948526,0.14035735548896522,0.5086175322791596,0.019532901118006128,0.0528243735924,0.9814856195082493,-37.170956032023525
93,94.0,0.35020207472841747,5.114443813121177,0.0,0.6117109343070345,0.48036952058930077,0.26196224389602973,0.5456161466404716,-14.753768500215731
94,95.0,0.6756848585275963,1.5436406107209775,0.0,0.4954387434795702,0.3528969931167733,0.22453030120573714,0.7065109080645651,-16.912424525223415
95,96.0,0.89787321350015,1.6246670038564088,0.14035720756654207,0.5086178604981997,0.019532901118323353,0.05282437359282894,0.9814855794695218,-37.170956031909846
96,97.0,0.7017873743872532,9.666382129501866,0.0,0.486155516846527,0.3528969931167733,0.22453030120573714,0.7065109080645651,-16.912424525223415
97,98.0,0.21024650510479004,3.8685044862934297,0.1403574761967103,0.5086184205159326,0.019532901121254387,0.05282437359679226,0.9814855116470027,-37.17095603085946
98,99.0,0.624521801936406,8.719894650950291,0.1403573880576815,0.508617710579363,0.019532901117782865,0.052824373592098114,0.9814855978648672,-37.17095603210354
99,100.0,0.6126784895506794,3.0260801594198328,0.0,0.6518146694947464,0.48036952058930077,0.26196224389602973,0.5456161466404716,-14.753768500215731
100,101.0,0.001933112117503244,0.2740921412262941,0.001933112117503244,0.2740921412262941,0.9023475425672466,0.3590359199235098,0.48113423840119574,-10.340659760025675
101,102.0,0.13440484780116957,0.8288837772649865,0.1403574273244349,0.5086176408086902,0.019532901117844056,0.05282437359218083,0.9814856063833253,-37.17095603208161
102,103.0,0.2901699373172113,2.5734904993297274,0.14035727274968673,0.5086179033076901,0.019532901118215727,0.05282437359268342,0.9814855743274097,-37.17095603194842
103,104.0,0.4277271042574323,8.540213448779136,0.4277271042574323,8.540213448779136,2.6408089863230546,0.6142136652807223,3.260841097141309e-08,-2.823773912376291
104,105.0,0.7668114726118832,9.399207015416216,0.0,0.5150265869112909,0.48036952058930077,0.26196224389602973,0.5456161466404716,-14.753768500215731
105,106.0,0.8941081395412706,8.282318151846672,0.0,0.46635253029348844,0.3528969931167733,0.22453030120573714,0.7065109080645651,-16.912424525223415
106,107.0,0.8194170492625596,0.4814174674613276,0.14035757111491443,0.5086175510225535,0.019532901118397256,0.052824373592928894,0.9814856174333239,-37.170956031883364
107,108.0,0.9957234338932638,4.14428464374978,0.14035739534607844,0.5086176191639172,0.019532901117846124,0.05282437359218366,0.9814856089842421,-37.170956032080866
108,109.0,0.7046514242772128,3.25897249800875,0.1403570018760686,0.5086173448817722,0.019532901119985895,0.052824373595077,0.9814856419524398,-37.17095603131404
109,110.0,0.15242554969187738,0.64688037296964,0.14035738069219994,0.5086177011873253,0.019532901117783504,0.052824373592098954,0.9814855989996009,-37.17095603210331
110,111.0,0.9256215256331798,8.950591059518887,0.0,0.4781341257555314,0.3528969931167733,0.22453030120573714,0.7065109080645651,-16.912424525223415
111,112.0,0.3168358211477885,5.585032567635626,0.0,0.5384578313037971,0.48036952058930077,0.26196224389602973,0.5456161466404716,-14.753768500215731
112,113.0,0.7719639462914127,6.775183785361317,0.0,0.3982660211553331,0.3528969931167733,0.22453030120573714,0.7065109080645651,-16.912424525223415
113,114.0,0.7569143039043812,5.994445093637738,0.0,0.40483742886575497,0.3528969931167733,0.22453030120573714,0.7065109080645651,-16.912424525223415
114,115.0,0.6106319312586891,1.5644900781237874,0.14035759992323,0.508617710935346,0.019532901118277723,0.05282437359276727,0.9814855980214965,-37.170956031926195
115,116.0,0.9578915571731733,1.4360807453296602,0.14035736826773856,0.508617276781767,0.01953290111909529,0.052824373593872764,0.98148565057839,-37.17095603163321
116,117.0,0.0517119022673429,1.7016555929196242,0.14035749768666786,0.5086180688828709,0.019532901118728557,0.052824373593376855,0.9814855544127012,-37.17095603176463
117,118.0,0.646626370768042,5.88563806192226,0.0,0.3852484762229793,0.3528969931167733,0.22453030120573714,0.7065109080645651,-16.912424525223415
118,119.0,0.4326145276717076,9.827575425329373,0.4326145276717076,9.827575425329373,2.640809075109786,0.6142136756059716,2.026227630125277e-09,-2.8237736770290507
119,120.0,0.20673262763565126,8.020111970855293,0.20673262763565126,8.020111970855293,2.6408090810288565,0.6142136762943164,2.4424906541753444e-15,-2.8237736613393523
120,121.0,0.8183964505199387,9.934829264454864,0.14035724853171902,0.5086177196640616,0.019532901117980672,0.052824373592365595,0.981485596628363,-37.170956032032656
121,122.0,0.6679948735911975,3.3894143897279583,0.14035737406710602,0.5086177066455527,0.01953290111778382,0.052824373592099384,0.9814855983298293,-37.1709560321032
122,123.0,0.5052314604664442,6.7054727649013595,1.1102230246251565e-16,0.5013960299904534,0.48036952058930077,0.26196224389602973,0.5456161466404716,-14.753768500215731
123,124.0,0.06994919863693894,1.1583707601954436,0.14035744872230266,0.508617748462483,0.019532901117831524,0.052824373592163916,0.9814855933171157,-37.1709560320861
124,125.0,0.8452758035539631,5.043456288176566,0.0,0.4323547568980994,0.3528969931167733,0.22453030120573714,0.7065109080645651,-16.912424525223415
125,126.0,0.5568044992061538,4.9829958791032585,0.0,0.38981162744314274,0.3528969931167733,0.22453030120573714,0.7065109080645651,-16.912424525223415
126,127.0,0.859824819997432,3.502949197037075,0.1403574486155324,0.508617522910074,0.019532901118101683,0.05282437359252921,0.981485620735164,-37.170956031989284
127,128.0,0.06415565773100496,7.211770555259932,0.06415565773100496,7.211770555259932,2.6408090810288622,0.6142136762943171,2.220446049250313e-16,-2.823773661339337
128,129.0,0.8138306482845338,6.209000571910638,0.0,0.39769399486804147,0.3528969931167733,0.22453030120573714,0.7065109080645651,-16.912424525223415
129,130.0,0.031031743525255284,0.6174517025581889,0.14035726048662203,0.508617772763928,0.019532901117986817,0.0528243735923739,0.9814855901848379,-37.17095603203045
130,131.0,0.5562638591073967,2.1489534897318583,0.14035737278713364,0.508617672118656,0.019532901117794082,0.05282437359211327,0.981485602525721,-37.170956032099525
131,132.0,0.5360697853782206,1.2264265354499608,0.14035723264233674,0.5086174979407065,0.01953290111827916,0.052824373592769196,0.98148562356605,-37.170956031925684
132,133.0,0.11718064106728199,1.2221519570185682,0.0,0.3840351021094744,0.3528969931167733,0.22453030120573714,0.7065109080645651,-16.912424525223415
133,134.0,0.32232233511739306,9.955628970469327,0.32232233511739306,9.955628970469327,2.640809081025558,0.6142136762939329,1.294186979805545e-12,-2.8237736613480964
134,135.0,0.06890130045104637,3.077579912547586,0.06890130045104637,3.077579912547586,2.6408090810286877,0.6142136762942969,8.826273045769994e-14,-2.823773661339801
135,136.0,0.5174072943600704,5.712779410206908,0.0,0.3833366456364465,0.3528969931167733,0.22453030120573714,0.7065109080645651,-16.912424525223415
136,137.0,0.8493546839903726,5.666864002969341,0.0,0.5408518280188952,0.48036952058930077,0.26196224389602973,0.5456161466404716,-14.753768500215731
137,138.0,0.8125381097594335,8.792945340336235,0.0,0.40577622840994976,0.3528969931167733,0.22453030120573714,0.7065109080645651,-16.912424525223415
138,139.0,0.9375563237529226,6.565222095590486,0.0,0.3783027402802685,0.3528969931167733,0.22453030120573714,0.7065109080645651,-16.912424525223415
139,140.0,0.5469472961472553,6.367941165920204,0.0,0.40229959013382866,0.3528969931167733,0.22453030120573714,0.7065109080645651,-16.912424525223415
140,141.0,0.19260990908016307,5.701344410520017,0.19260990908016307,5.701344410520017,2.640809080951178,0.614213676285283,3.55407925312079e-11,-2.823773661545255
141,142.0,0.1965757437884007,6.855075300812881,0.1965757437884007,6.855075300812881,2.6408090810285,0.614213676294275,1.6486811915683575e-13,-2.823773661340298
142,143.0,0.164772285158016,1.1063508717030024,0.14035775111996324,0.5086176861291133,0.019532901119237583,0.052824373594065166,0.981485601179017,-37.170956031582215
143,144.0,0.03989916333700838,5.526319950911926,0.03989916333700838,5.526319950911926,2.6408090810288622,0.6142136762943171,2.220446049250313e-16,-2.823773661339337
144,145.0,0.30092984760364494,0.7328998945938398,0.1403573942534662,0.5086178516598607,0.01953290111791795,0.05282437359228077,0.981485580720879,-37.17095603205513
145,146.0,0.47890097723982916,9.770210803278708,0.47890097723982916,9.770210803278708,2.6408090313763712,0.6142136705200946,1.610391409112566e-08,-2.823773792953335
146,147.0,0.004854534296839463,5.201482791653404,0.004854534296839463,5.201482791653404,2.6408090810288622,0.6142136762943171,2.220446049250313e-16,-2.823773661339337
147,148.0,0.44363337824116666,1.3774193750555228,0.14035737822102692,0.5086177059748289,0.01953290111778318,0.05282437359209854,0.9814855984152924,-37.170956032103426
148,149.0,0.5859010117713203,3.640775747063308,0.14035718549151927,0.5086175151583062,0.019532901118391247,0.05282437359292076,0.9814856214283295,-37.17095603188552
149,150.0,0.4338868906736364,8.656345465800419,0.4338868906736364,8.656345465800419,2.640808987483801,0.6142136654157088,3.197427245194007e-08,-2.823773909299497
150,151.0,0.7914825329022195,6.587157530084582,0.0,0.3707219909107933,0.3528969931167733,0.22453030120573714,0.7065109080645651,-16.912424525223415
151,152.0,0.1750616534170485,1.1856266405538245,0.1403574094565547,0.5086180066202008,0.019532901118382826,0.05282437359290938,0.9814855618980737,-37.17095603188854
152,153.0,0.38562887048607775,7.521277924704165,0.38562887048607775,7.521277924704165,2.640808894076563,0.6142136545531278,6.771517802039995e-08,-2.823774156894337
153,154.0,0.6332495436670619,3.443836225875393,0.14035737629654543,0.5086177080828795,0.019532901117783354,0.05282437359209875,0.9814855981572163,-37.17095603210336
154,155.0,0.9521069667500373,6.864333629362,0.0,0.33913689814007714,0.3528969931167733,0.22453030120573714,0.7065109080645651,-16.912424525223415
155,156.0,0.5168701820355862,5.4570442297561295,0.0,0.376260869275697,0.3528969931167733,0.22453030120573714,0.7065109080645651,-16.912424525223415
156,157.0,0.5552348442663293,9.280246252869475,0.5552775212391814,9.280243410698766,2.640807519149748,0.6142134946591393,4.652535864346774e-07,-2.8237778014178874
157,158.0,0.46642265044453624,9.798938951280297,0.46642265044453624,9.798938951280297,2.640809052678482,0.6142136729973747,9.328120054163946e-09,-2.8237737364877695
158,159.0,0.14883038763482104,2.2280756839062272,0.14035735548896522,0.5086175322791596,0.019532901118006128,0.0528243735924,0.9814856195082493,-37.170956032023525
159,160.0,0.03403118085919543,8.632810690074427,0.03403118085919543,8.632810690074427,2.6408090810288622,0.6142136762943171,2.220446049250313e-16,-2.823773661339337
160,161.0,0.7104948852517106,6.673515543035858,0.0,0.45326249968059157,0.3528969931167733,0.22453030120573714,0.7065109080645651,-16.912424525223415
161,162.0,0.1575158693320614,2.2106885567750796,0.14035735548896522,0.5086175322791596,0.019532901118006128,0.0528243735924,0.9814856195082493,-37.170956032023525
162,163.0,0.4398437694637861,7.298816523636596,0.0,0.43802186696728684,0.3528969931167733,0.22453030120573714,0.7065109080645651,-16.912424525223415
163,164.0,0.7832582065399712,1.8366351765997095,0.14035741575807573,0.5086177800868313,0.019532901117821556,0.05282437359215043,0.9814855894416925,-37.17095603208968
164,165.0,0.7697935597831136,9.932323172373838,0.14035737851036986,0.5086177719906155,0.01953290111780915,0.052824373592133635,0.9814855903906489,-37.17095603209412
165,166.0,0.3593083015575741,1.1099996824178717,0.1403573946503937,0.5086177878578672,0.019532901117822778,0.052824373592152064,0.9814855884770814,-37.17095603208924
166,167.0,0.1883531097382387,2.319885276515201,0.14035735548896522,0.5086175322791596,0.019532901118006128,0.0528243735924,0.9814856195082493,-37.170956032023525
167,168.0,0.9044017764521357,8.273740559154072,0.0,0.46596128223671573,0.3528969931167733,0.22453030120573714,0.7065109080645651,-16.912424525223415
168,169.0,0.13595701937631866,3.4767809844578186,0.13595701937631866,3.4767809844578186,2.6408090482251914,0.6142136724794895,1.587409326209155e-08,-2.82377374829212
169,170.0,0.001248394827139676,3.770992358679307,0.001248394827139676,3.770992358679307,2.6408090810288622,0.6142136762943171,2.220446049250313e-16,-2.823773661339337
170,171.0,0.9287176289022876,0.7355456959704232,0.14035737210753924,0.5086177483531138,0.019532901117794547,0.052824373592113914,0.9814855932579817,-37.170956032099355
171,172.0,0.8817881617817803,4.657069590427782,0.0,0.4452118746097677,0.3528969931167733,0.22453030120573714,0.7065109080645651,-16.912424525223415
172,173.0,0.19451811305783162,8.7871507163267,0.19451811305783162,8.7871507163267,2.6408090810288622,0.6142136762943171,2.220446049250313e-16,-2.823773661339337
173,174.0,0.10435262057796335,4.987175993992309,0.10435262057796335,4.987175993992309,2.6408090810288622,0.6142136762943171,2.220446049250313e-16,-2.823773661339337
174,175.0,0.6201923905112265,5.9079821013266045,0.0,0.3780041767694424,0.3528969931167733,0.22453030120573714,0.7065109080645651,-16.912424525223415
175,176.0,0.8947690265681382,8.817784781271314,0.14035738758329988,0.5086177061792085,0.01953290111778304,0.05282437359209835,0.9814855983993033,-37.170956032103476
176,177.0,0.9789866452586968,3.5332126454908783,0.14035738366307873,0.5086176576023419,0.01953290111780309,0.052824373592125426,0.9814856043006153,-37.17095603209629
177,178.0,0.050341516727478997,2.853690729039757,0.050341516727478997,2.853690729039757,2.640809081028862,0.6142136762943171,2.220446049250313e-16,-2.82377366133934
178,179.0,0.6464488448050565,1.7135707381322725,0.14035737793385228,0.508617705117577,0.019532901117783302,0.05282437359209874,0.9814855985192286,-37.17095603210338
179,180.0,0.7869095933644994,2.6661795385445215,0.14035735548896522,0.5086175322791596,0.019532901118006128,0.0528243735924,0.9814856195082493,-37.170956032023525
180,181.0,0.29848331069033174,3.665780899205217,0.14035729081525097,0.5086178417463547,0.01953290111801874,0.05282437359241709,0.9814855818280205,-37.170956032019006
181,182.0,0.1403447629581437,2.935364364377113,0.14035734496285449,0.5086179614441613,0.019532901118255872,0.05282437359273769,0.9814855673286996,-37.17095603193403
182,183.0,0.9433552078852655,9.670761561391176,0.0,0.4861777298961778,0.3528969931167733,0.22453030120573714,0.7065109080645651,-16.912424525223415
183,184.0,0.7559152188836089,6.562258273313942,0.0,0.399733929729429,0.3528969931167733,0.22453030120573714,0.7065109080645651,-16.912424525223415
184,185.0,0.6341700272133719,0.7009032432482883,0.14035700186893577,0.5086171948101426,0.019532901120795306,0.052824373596171544,0.9814856601950456,-37.17095603102398
185,186.0,0.04017997875705315,6.65392571739221,0.04017997875705315,6.65392571739221,2.6408090810288622,0.6142136762943171,2.220446049250313e-16,-2.823773661339337
186,187.0,0.888943232905025,0.45596217065173456,0.0,0.40341179643482783,0.3528969931167733,0.22453030120573714,0.7065109080645651,-16.912424525223415
187,188.0,0.9504511901111861,9.228662147640836,1.1102230246251565e-16,0.48744014067607877,0.3528969931167733,0.22453030120573714,0.7065109080645651,-16.912424525223415
188,189.0,0.8253243236572539,5.3955931519005595,0.0,0.4486374686967929,0.3528969931167733,0.22453030120573714,0.7065109080645651,-16.912424525223415
189,190.0,0.6087327383125674,8.086279906341453,0.14035736502254786,0.508617750826381,0.0195329011177988,0.05282437359211966,0.9814855929506255,-37.170956032097834
190,191.0,0.07742839568426862,3.7311838254902674,0.07742839568426862,3.7311838254902674,2.640809081028861,0.614213676294317,7.771561172376096e-16,-2.8237736613393407
191,192.0,0.2083044813445305,9.265377349209619,0.2083044813445305,9.265377349209619,2.6408090810288622,0.6142136762943171,2.220446049250313e-16,-2.823773661339337
192,193.0,0.5862631224187278,6.152147331267046,0.0,0.39364614807318477,0.3528969931167733,0.22453030120573714,0.7065109080645651,-16.912424525223415
193,194.0,0.22147718931509053,5.310152855523367,0.22147718931509053,5.310152855523367,2.6408090694035438,0.6142136749423774,5.147719583931121e-09,-2.823773692154602
194,195.0,0.04811394722192708,9.482074692936903,0.04811394722192708,9.482074692936903,2.6408090810288622,0.6142136762943171,2.220446049250313e-16,-2.823773661339337
195,196.0,0.6355068318624562,6.620871439292884,0.0,0.505539925745585,0.48036952058930077,0.26196224389602973,0.5456161466404716,-14.753768500215731
196,197.0,0.46583827710139025,3.162880498592965,0.0,0.4440996580531418,0.3528969931167733,0.22453030120573714,0.7065109080645651,-16.912424525223415
197,198.0,0.46731123304980027,4.1716062865696735,0.1403567654971233,0.5086161740927508,0.0195329011364252,0.05282437361730608,0.9814857840449743,-37.1709560254227
198,199.0,0.38633443213155627,0.09597845519555913,0.0,0.4188056289819979,0.3528969931167733,0.22453030120573714,0.7065109080645651,-16.912424525223415
199,200.0,0.4816455990952828,1.131281355178551,0.14035741387078451,0.5086174347734881,0.019532901118346078,0.052824373592859686,0.9814856314161794,-37.1709560319017
200,201.0,0.17168457425517913,1.1892590654890478,0.1403574994881327,0.5086180445762135,0.019532901118620005,0.052824373593230084,0.9814855573691602,-37.170956031803534
201,202.0,0.513840720749533,2.287312138570433,0.14035737617026167,0.5086177097347433,0.01953290111778333,0.052824373592098725,0.9814855979562955,-37.170956032103376
202,203.0,0.9613842948075211,4.972612046059175,0.0,0.3913323441647077,0.3528969931167733,0.22453030120573714,0.7065109080645651,-16.912424525223415
203,204.0,0.4580892597691335,4.7204714299767545,0.0,0.42307221609003276,0.3528969931167733,0.22453030120573714,0.7065109080645651,-16.912424525223415
204,205.0,0.7359752043897769,3.071678623310897,0.0,0.6262517857398433,0.48036952058930077,0.26196224389602973,0.5456161466404716,-14.753768500215731
205,206.0,0.7881330843092453,1.2550133716568688,0.14035741933569854,0.5086176611812806,0.0195329011178174,0.05282437359214481,0.9814856038992824,-37.17095603209117
206,207.0,0.8081146902137397,9.950104177946372,0.0,0.4711218041828652,0.3528969931167733,0.22453030120573714,0.7065109080645651,-16.912424525223415
207,208.0,0.24922144151805936,3.9298294400846197,0.1403576847868496,0.5086177972501884,0.019532901118740814,0.05282437359339346,0.9814855876088717,-37.17095603176024
208,209.0,0.3313978901123771,0.9047319899414952,0.0,0.4400047641488656,0.3528969931167733,0.22453030120573714,0.7065109080645651,-16.912424525223415
209,210.0,0.6697205974371847,7.33359250916602,0.0,0.4394514558917101,0.3528969931167733,0.22453030120573714,0.7065109080645651,-16.912424525223415
210,211.0,0.42574843433863263,1.9155258673645874,0.0,0.45536222503455726,0.3528969931167733,0.22453030120573714,0.7065109080645651,-16.912424525223415
211,212.0,0.7328926894484161,7.754740430415503,0.1403573476934893,0.5086177262855903,0.01953290111779936,0.05282437359212042,0.9814855959174178,-37.170956032097635
212,213.0,0.9590799351959843,2.112451790835551,0.14035735548896522,0.5086175322791596,0.019532901118006128,0.0528243735924,0.9814856195082493,-37.170956032023525
213,214.0,0.5571570210560683,0.8436100474899276,0.14035737935718895,0.508617689136131,0.019532901117786258,0.0528243735921027,0.9814856004632859,-37.170956032102325
214,215.0,0.39084368514201273,7.182492945135013,0.3908668665987791,7.182491524049532,2.640808520293467,0.6142136110848765,2.0181241400241134e-07,-2.8237751476823734
215,216.0,0.9107582399920041,0.6841579266784814,0.14035732434045659,0.5086172321078157,0.019532901119371365,0.052824373594246084,0.9814856559673512,-37.17095603153427
216,217.0,0.9306249894618805,0.970945643934984,0.0,0.39107757080416544,0.3528969931167733,0.22453030120573714,0.7065109080645651,-16.912424525223415
217,218.0,0.7943728212725631,1.20710029840028,0.1403571232524024,0.508617808157817,0.019532901118622995,0.052824373593234136,0.9814855857519376,-37.17095603180246
218,219.0,0.36442320078741175,8.674385433935733,0.36442320078741175,8.674385433935733,2.6408090781388815,0.6142136759582336,1.0742698952626029e-09,-2.8237736689998183
219,220.0,0.5793057988019982,4.832742867194727,0.0,0.37985737937853625,0.3528969931167733,0.22453030120573714,0.7065109080645651,-16.912424525223415
220,221.0,0.061144770428991024,2.1173085535807177,0.061144770428991024,2.1173085535807177,2.6408090564137052,0.6142136734317539,1.2493698076099236e-08,-2.8237737265868033
221,222.0,0.4151834424771561,9.480400541735914,0.4151834424771561,9.480400541735914,2.6408090753142632,0.614213675629751,1.997279119869688e-09,-2.8237736764870407
222,223.0,0.7800603815524226,1.3886589252573203,0.1403573746261417,0.5086176870893417,0.019532901117787396,0.05282437359210424,0.9814856007076191,-37.17095603210191
223,224.0,0.40584773519272477,2.774212069414147,0.7053756273274449,0.7274897262601046,0.5377695965834907,0.2771718385466962,0.4923519181198899,-13.96364653120306
224,225.0,0.32239509876334227,8.194859498307157,0.32239509876334227,8.194859498307157,2.640809080245926,0.6142136762032674,3.0655078475660957e-10,-2.82377366341467
225,226.0,0.5767239568717892,8.272067550784383,0.0,0.46477578094271654,0.3528969931167733,0.22453030120573714,0.7065109080645651,-16.912424525223415
226,227.0,0.169272415636479,1.4568874076796008,0.0,0.49506104194227213,0.3528969931167733,0.22453030120573714,0.7065109080645651,-16.912424525223415
227,228.0,0.6053720936776427,1.168663038885351,0.14035737571776172,0.5086176936085385,0.019532901117785367,0.05282437359210151,0.9814855999161758,-37.170956032102644
228,229.0,0.3233128313267869,4.034820320108329,0.14035739419116836,0.5086177171945918,0.019532901117783833,0.05282437359209943,0.9814855970665175,-37.1709560321032
229,230.0,0.16188841319254965,3.730998857514046,0.16190284609187738,3.730997969335621,2.6408089452361456,0.6142136605026143,6.414770470364317e-08,-2.8237740212854803
230,231.0,0.4382702783903577,1.48038368624321,0.14035743854569718,0.5086176492573524,0.019532901117848486,0.05282437359218683,0.9814856053669059,-37.17095603208003
231,232.0,0.921819408652938,2.017558784269422,0.0,0.5146444387642158,0.48036952058930077,0.26196224389602973,0.5456161466404716,-14.753768500215731
232,233.0,0.6459583760388558,1.2953929886252222,0.14035749296615674,0.5086181689136486,0.0195329011192686,0.05282437359410711,0.981485542248307,-37.1709560315711
233,234.0,0.5158172034107642,0.20412897905665897,0.1403575103512675,0.5086177177484317,0.019532901117950585,0.052824373592324884,0.9814855971088969,-37.170956032043435
234,235.0,0.5189992012214549,9.219685191328193,0.5190181194216995,9.21968408110526,2.6408084746559175,0.6142136057775617,1.8795190059872624e-07,-2.8237752686539785
235,236.0,0.8343975194529596,8.480336939470682,0.0,0.46921100651899206,0.3528969931167733,0.22453030120573714,0.7065109080645651,-16.912424525223415
236,237.0,0.6477014324580517,2.936507965355721,0.0,0.4438688685620847,0.3528969931167733,0.22453030120573714,0.7065109080645651,-16.912424525223415
237,238.0,0.9243450313415823,9.19442434399476,0.0,0.5498359896441408,0.48036952058930077,0.26196224389602973,0.5456161466404716,-14.753768500215731
238,239.0,0.03258302000475011,9.658266686006934,0.03258302000475011,9.658266686006934,2.6408090810288622,0.6142136762943171,2.220446049250313e-16,-2.823773661339337
239,240.0,0.1416141671258333,2.508585252108173,0.14035727227496222,0.5086173528573535,0.019532901118733768,0.05282437359338392,0.9814856412398828,-37.17095603176276
240,241.0,0.2735153419854537,7.403941145027944,0.2735153419854537,7.403941145027944,2.640809080784456,0.6142136762658945,1.0166256725341327e-10,-2.823773661987185
241,242.0,0.4762511984195422,4.504393252813066,0.0,0.3537226234869352,0.3528969931167733,0.22453030120573714,0.7065109080645651,-16.912424525223415
242,243.0,0.8335883466721598,3.443012701628968,0.1403575640723392,0.5086182178965065,0.019532901119731313,0.05282437359473277,0.9814855363609545,-37.17095603140528
243,244.0,0.8654016872913357,0.9367434768911256,0.0,0.33503154018483955,0.3528969931167733,0.22453030120573714,0.7065109080645651,-16.912424525223415
244,245.0,0.8231497995201614,6.872191322527826,0.0,0.359890148479512,0.3528969931167733,0.22453030120573714,0.7065109080645651,-16.912424525223415
245,246.0,0.707074561459685,1.7417275582924674,0.14035729805723854,0.5086176018546957,0.019532901117926223,0.052824373592291946,0.9814856109962773,-37.17095603205217
246,247.0,0.5431163722221531,3.9538153828287697,0.14035764972097023,0.5086178771520388,0.01953290111863245,0.05282437359324692,0.9814855778630036,-37.17095603179907
247,248.0,0.7845863949712045,2.6550229416220548,0.14035735548896522,0.5086175322791596,0.019532901118006128,0.0528243735924,0.9814856195082493,-37.170956032023525
248,249.0,0.20221140228164802,1.3281711216662206,0.14035700198166567,0.508617457911263,0.0195329011195837,0.05282437359453319,0.9814856282126837,-37.170956031458175
249,250.0,0.26189273971812566,0.05244596863853562,0.14035729838278588,0.5086176878728046,0.019532901117860515,0.05282437359220308,0.9814856005401947,-37.170956032075715
250,251.0,0.7765008038303809,4.598262155997031,0.0,0.40469234479059063,0.3528969931167733,0.22453030120573714,0.7065109080645651,-16.912424525223415
251,252.0,0.06927367140498752,1.6816143451255232,0.14035736974342247,0.508617712930382,0.019532901117784905,0.05282437359210086,0.9814855975617519,-37.17095603210281
252,253.0,0.543702490592735,9.881931958105065,0.5437139480942915,9.881931291971306,2.6408087073461104,0.6142136328377367,1.1271889766018006e-07,-2.82377465186132
253,254.0,0.3955187882669242,3.9269367348012794,0.14035736627277823,0.508617640566666,0.01953290111781888,0.05282437359214679,0.9814856063550259,-37.17095603209063
254,255.0,0.9921163398629945,4.812832967237333,0.0,0.37515465119355396,0.3528969931167733,0.22453030120573714,0.7065109080645651,-16.912424525223415
255,256.0,0.5808252667788938,4.985196254238721,0.0,0.38731322859848033,0.3528969931167733,0.22453030120573714,0.7065109080645651,-16.912424525223415
256,257.0,0.6101539063017388,5.702053766717419,0.0,0.38209763448167217,0.3528969931167733,0.22453030120573714,0.7065109080645651,-16.912424525223415
257,258.0,0.7940672744315177,2.107064647054902,0.0,0.502065890939212,0.48036952058930077,0.26196224389602973,0.5456161466404716,-14.753768500215731
258,259.0,0.8526660430980212,5.295222642902524,0.0,0.44134116047279,0.3528969931167733,0.22453030120573714,0.7065109080645651,-16.912424525223415
259,260.0,0.6363394685513829,6.289591756673385,0.0,0.4004168535921369,0.3528969931167733,0.22453030120573714,0.7065109080645651,-16.912424525223415
260,261.0,0.27053773305190065,9.98598887300373,0.27053773305190065,9.98598887300373,2.6408090810288485,0.6142136762943156,5.773159728050814e-15,-2.8237736613393745
261,262.0,0.028779410257768645,7.356914991510811,0.028779410257768645,7.356914991510811,2.6408090810288622,0.6142136762943171,2.220446049250313e-16,-2.823773661339337
262,263.0,0.4250052260654458,9.398770928320781,0.4250052260654458,9.398770928320781,2.6408090698335305,0.6142136749923818,3.867195563778125e-09,-2.8237736910148348
263,264.0,0.9788540011746468,0.7065420669515012,0.1403575662076968,0.5086173947941717,0.019532901118957766,0.05282437359368681,0.9814856364196776,-37.17095603168249
264,265.0,0.3470563584176637,7.450132153551655,0.3470563584176637,7.450132153551655,2.6408090473755097,0.6142136723806777,1.278025707485142e-08,-2.8237737505443734
265,266.0,0.17821012628813904,6.528182163870647,0.17821012628813904,6.528182163870647,2.640809081028761,0.6142136762943055,4.707345624410664e-14,-2.8237736613396063
266,267.0,0.001825262706974362,2.378300772525618,0.001825262706974362,2.378300772525618,2.6408090810288622,0.6142136762943171,2.220446049250313e-16,-2.823773661339337
267,268.0,0.8963178696525509,2.7802785768138714,0.1403575638989115,0.5086177884200318,0.019532901118138563,0.05282437359257908,0.9814855885685159,-37.170956031976075
268,269.0,0.1798661177844988,6.300834014181616,0.1798661177844988,6.300834014181616,2.6408090810283844,0.6142136762942616,2.2171153801764376e-13,-2.8237736613406037
269,270.0,0.5324287998801119,6.530585343664467,0.0,0.5680090209560997,0.48036952058930077,0.26196224389602973,0.5456161466404716,-14.753768500215731
270,271.0,0.11745421369577536,6.3291553113923085,0.11745421369577536,6.3291553113923085,2.6408090810288622,0.6142136762943171,2.220446049250313e-16,-2.823773661339337
271,272.0,0.18526609773150038,2.0467993674730236,0.14035745354183268,0.5086175924256106,0.019532901117950648,0.052824373592324975,0.9814856122895304,-37.170956032043414
272,273.0,0.3587576662100952,0.2753611620729068,0.1403573777051587,0.5086177003842899,0.019532901117783847,0.05282437359209944,0.9814855990943927,-37.17095603210319
273,274.0,0.75330584780825,5.849320488622872,0.0,0.39088832377064464,0.3528969931167733,0.22453030120573714,0.7065109080645651,-16.912424525223415
274,275.0,0.42477139468501013,1.222536286511097,0.1403573753456203,0.5086177586095851,0.01953290111779975,0.052824373592120964,0.981485592014262,-37.170956032097486
275,276.0,0.24664728092584454,0.8487961930623025,0.1403573792413606,0.508617666903472,0.019532901117796497,0.052824373592116544,0.9814856031657855,-37.17095603209866
276,277.0,0.2068479742937075,1.0116435481600834,0.1403573600172189,0.50861768014331,0.019532901117794224,0.05282437359211347,0.9814856015381593,-37.17095603209947
277,278.0,0.2630183321902193,6.894554573504678,0.2630183321902193,6.894554573504678,2.6408090803739075,0.6142136762181507,2.759584782907609e-10,-2.8237736630754275
278,279.0,0.7832529434359269,1.4980729218534787,0.0,0.3665994794609268,0.3528969931167733,0.22453030120573714,0.7065109080645651,-16.912424525223415
279,280.0,0.10495980873287325,2.9706834311755173,0.10495980873287325,2.9706834311755173,2.640809063956042,0.6142136743088727,8.464122513984762e-09,-2.8237737065943094
280,281.0,0.0736795210404183,9.340766353253136,0.0736795210404183,9.340766353253136,2.6408090810288622,0.6142136762943171,2.220446049250313e-16,-2.823773661339337
281,282.0,0.4712320672202416,8.943242110485242,0.4712320672202416,8.943242110485242,2.6408088690447626,0.6142136516421118,6.936252228140205e-08,-2.823774223246204
282,283.0,0.9626475916254567,3.0750957734893984,0.0,0.4438786348791311,0.3528969931167733,0.22453030120573714,0.7065109080645651,-16.912424525223415
283,284.0,0.7996991249646306,5.840769563257717,0.0,0.39204951707696467,0.3528969931167733,0.22453030120573714,0.7065109080645651,-16.912424525223415
284,285.0,0.15273873222238965,0.18745781996354705,0.14035759071083773,0.5086174667582619,0.019532901118761156,0.052824373593420945,0.9814856276948674,-37.17095603175295
285,286.0,0.14810003710106234,5.604641298475874,0.14810003710106234,5.604641298475874,2.6408090810287748,0.614213676294307,4.196643033083092e-14,-2.8237736613395708
286,287.0,0.7802129504838442,4.451320615032406,0.0,0.34952921773225004,0.3528969931167733,0.22453030120573714,0.7065109080645651,-16.912424525223415
287,288.0,0.3781155104590036,2.462273011676529,0.1403572415965769,0.5086175858157377,0.0195329011180722,0.05282437359248936,0.9814856128924518,-37.17095603199985
288,289.0,0.1479572050546445,0.4712928948053638,0.14035736157919007,0.5086179533123448,0.019532901118208,0.05282437359267297,0.9814855683329516,-37.170956031951185
289,290.0,0.6179559817078761,8.846738507304915,0.14035774825070546,0.5086183792608288,0.019532901121806265,0.052824373597538506,0.9814855169185019,-37.17095603066168
290,291.0,0.6805940295254488,0.3641961423988413,0.14035727755299796,0.5086176893162164,0.01953290111790188,0.05282437359225907,0.9814856003449901,-37.170956032060886
291,292.0,0.8909778692416443,6.046007299338125,0.1403573734151618,0.5086177184742371,0.01953290111778438,0.05282437359210016,0.981485596891312,-37.170956032103
292,293.0,0.5049618092269852,1.816961756172515,0.1403572533784939,0.5086186271448258,0.019532901124079398,0.05282437360061222,0.9814854863171615,-37.170956029847055
293,294.0,0.2879212547841976,0.14002285551383192,0.1403571316107846,0.5086177630517283,0.019532901118505426,0.05282437359307515,0.9814855912430442,-37.1709560318446
294,295.0,0.7942003671574885,9.324462019234215,0.1403573780083584,0.5086177058899807,0.01953290111778324,0.052824373592098614,0.9814855984254054,-37.170956032103405
295,296.0,0.870715230250842,2.0710503276369803,0.0,0.5052230772091174,0.48036952058930077,0.26196224389602973,0.5456161466404716,-14.753768500215731
296,297.0,0.3494422980192885,8.931335467398874,0.3494422980192885,8.931335467398874,2.6408090804762407,0.6142136762300513,2.0924695309787467e-10,-2.8237736628041734
297,298.0,0.9719673535467777,5.97707783340211,0.0,0.39918962777602157,0.3528969931167733,0.22453030120573714,0.7065109080645651,-16.912424525223415
298,299.0,0.8845522001132137,4.77517790819467,0.0,0.3746288605870354,0.3528969931167733,0.22453030120573714,0.7065109080645651,-16.912424525223415
299,300.0,0.36581102313790925,6.9222459083197405,0.3658280761635765,6.922244886914552,2.6408087037022043,0.614213632413977,1.4001893366977214e-07,-2.8237746615202344
300,301.0,0.8176415863907888,5.253545624042955,0.0,0.43563170987432953,0.3528969931167733,0.22453030120573714,0.7065109080645651,-16.912424525223415
301,302.0,0.4875617192412912,9.323815799202979,0.4875617192412912,9.323815799202979,2.640808908274546,0.6142136562042496,5.547773951342094e-08,-2.823774119259701
302,303.0,0.880674501740942,2.7131383906311495,0.14035735548896522,0.5086175322791596,0.019532901118006128,0.0528243735924,0.9814856195082493,-37.170956032023525
303,304.0,0.7840314986117292,2.997250162150522,0.0,0.4439522762775121,0.3528969931167733,0.22453030120573714,0.7065109080645651,-16.912424525223415
304,305.0,0.15885675129806265,2.3778477490866985,0.14035634982785836,0.5086163756207578,0.01953290113877597,0.052824373620484796,0.9814857591489097,-37.17095602458025
305,306.0,0.9646786599256971,1.0164372325600461,0.0,0.45155062090793746,0.3528969931167733,0.22453030120573714,0.7065109080645651,-16.912424525223415
306,307.0,0.7752407745891715,1.747273820857154,0.0,0.6235973651790643,0.48036952058930077,0.26196224389602973,0.5456161466404716,-14.753768500215731
307,308.0,0.6283381848843252,7.246432129436163,0.0,0.4353200739077005,0.3528969931167733,0.22453030120573714,0.7065109080645651,-16.912424525223415
308,309.0,0.8050497786148738,9.891759755205868,0.140357301018598,0.508617699123185,0.019532901117854988,0.05282437359219566,0.9814855991750899,-37.17095603207769
309,310.0,0.6854231480237305,7.094191713392438,0.0,0.5652969554935867,0.48036952058930077,0.26196224389602973,0.5456161466404716,-14.753768500215731
310,311.0,0.05421477269016073,0.9575420323245007,0.0,0.34773282735913547,0.3528969931167733,0.22453030120573714,0.7065109080645651,-16.912424525223415
311,312.0,0.26607577929150106,3.7631912711568574,0.14035741057113912,0.5086176877478482,0.01953290111779545,0.05282437359211515,0.9814856006615609,-37.17095603209903
312,313.0,0.8713790418114771,9.426802232240693,0.0,0.5131235854919112,0.48036952058930077,0.26196224389602973,0.5456161466404716,-14.753768500215731
313,314.0,0.8532347813270921,7.888102702020189,0.1403567884006135,0.5086183911386885,0.019532901125624696,0.052824373602701764,0.9814855145630441,-37.170956029293265
314,315.0,0.3759096968326435,4.153577701172386,0.0,0.35531973337897194,0.3528969931167733,0.22453030120573714,0.7065109080645651,-16.912424525223415
315,316.0,0.521795693461086,7.888232247640365,0.0,0.45607502304653585,0.3528969931167733,0.22453030120573714,0.7065109080645651,-16.912424525223415
316,317.0,0.33934599892714234,8.74090238581909,0.33934599892714234,8.74090238581909,2.640809080541464,0.6142136762376362,1.8686852065741277e-10,-2.823773662631284
317,318.0,0.8463151375083378,6.770510076276514,0.0,0.39874107499553624,0.3528969931167733,0.22453030120573714,0.7065109080645651,-16.912424525223415
318,319.0,0.4167119627232362,0.6395371350588565,0.14035752229951096,0.5086177007833683,0.01953290111798947,0.05282437359237748,0.9814855991824407,-37.170956032029494
319,320.0,0.4035907972013706,8.465826621766979,0.4035907972013706,8.465826621766979,2.640809042170706,0.614213671775397,1.377164771110273e-08,-2.8237737643407614
320,321.0,0.935669162278603,9.952675255465728,0.1403573788685793,0.5086177052332664,0.019532901117783153,0.05282437359209851,0.9814855985060497,-37.17095603210344
321,322.0,0.015035855036463541,4.317067436612022,0.015035855036463541,4.317067436612022,2.6408090810288622,0.6142136762943171,2.220446049250313e-16,-2.823773661339337
322,323.0,0.4041683147209346,8.390221723936774,0.4041683147209346,8.390221723936774,2.6408090328974247,0.6142136706969821,1.7046301259426855e-08,-2.823773788921474
323,324.0,0.13046021642521388,4.712582878574633,0.13046021642521388,4.712582878574633,2.6408090810277094,0.6142136762941831,5.606626274357041e-13,-2.8237736613423934
324,325.0,0.3240435977976941,0.285594846263228,0.14035744593692434,0.508617908998005,0.019532901118070423,0.05282437359248695,0.9814855737996551,-37.17095603200049
325,326.0,0.2671723980871955,4.099409996261718,0.14035718848732895,0.5086173864344681,0.01953290111879789,0.05282437359347061,0.9814856370788118,-37.170956031739784
326,327.0,0.42547083577207556,9.362266539183953,0.42547083577207556,9.362266539183953,2.6408090685590584,0.6142136748441699,4.305048983965776e-09,-2.823773694393082
327,328.0,0.9329048917885657,8.71158045962002,0.14035737620831815,0.5086176805050645,0.019532901117789617,0.052824373592107246,0.9814856015095029,-37.17095603210112
328,329.0,0.7686620148320172,2.2081011671527575,0.14035735548896522,0.5086175322791596,0.019532901118006128,0.0528243735924,0.9814856195082493,-37.170956032023525
329,330.0,0.6517730423555026,5.081031063661947,0.0,0.6378872603718372,0.48036952058930077,0.26196224389602973,0.5456161466404716,-14.753768500215731
330,331.0,0.08684400980355311,8.532096550137807,0.08684400980355311,8.532096550137807,2.6408090810288622,0.6142136762943171,2.220446049250313e-16,-2.823773661339337
331,332.0,0.6109911061380007,0.6547774211036531,0.14035735228937563,0.5086176493551472,0.019532901117816536,0.05282437359214363,0.9814856052734648,-37.170956032091475
332,333.0,0.3559894038601641,7.1904107245742725,0.3559894038601641,7.1904107245742725,2.6408089686441145,0.6142136632247904,4.221163341089351e-08,-2.8237739592379087
333,334.0,0.9028200467884939,3.0335671986265207,0.0,0.44415106096200374,0.3528969931167733,0.22453030120573714,0.7065109080645651,-16.912424525223415
334,335.0,0.7278845783134025,8.977407094029356,0.0,0.4783005156639749,0.3528969931167733,0.22453030120573714,0.7065109080645651,-16.912424525223415
335,336.0,0.12494450036087279,7.869289257846037,0.12494450036087279,7.869289257846037,2.6408090810288622,0.6142136762943171,2.220446049250313e-16,-2.823773661339337
336,337.0,0.10414156979732037,4.50916340064751,0.10414156979732037,4.50916340064751,2.6408090810288565,0.6142136762943164,2.886579864025407e-15,-2.8237736613393523
337,338.0,0.23424567976913913,7.783407689690189,0.23424567976913913,7.783407689690189,2.6408090810279683,0.6142136762942132,3.8979930394589246e-13,-2.8237736613417077
338,339.0,0.7710491718105399,4.26578485531206,0.14035742681461444,0.5086172878856187,0.01953290111909709,0.0528243735938752,0.9814856492839285,-37.170956031632564
339,340.0,0.5591429832355662,9.517029007418241,0.5591746023871487,9.517027009016962,2.6408079439129697,0.614213544056017,3.3730390602837446e-07,-2.823776675496255
340,341.0,0.030237854563707867,0.5040614831764906,0.14035771862632881,0.5086178088915729,0.019532901118969985,0.05282437359370332,0.9814855862255308,-37.17095603167812
341,342.0,0.899076442128553,8.979609847160017,0.0,0.47852811849563437,0.3528969931167733,0.22453030120573714,0.7065109080645651,-16.912424525223415
342,343.0,0.607748026141508,2.9113265860540767,0.0,0.4438942469084997,0.3528969931167733,0.22453030120573714,0.7065109080645651,-16.912424525223415
343,344.0,0.3139915430606478,6.9465662862781885,0.3139915430606478,6.9465662862781885,2.6408090583159267,0.6142136736529684,8.986242971964487e-09,-2.8237737215445797
344,345.0,0.8299998142253112,7.273525767918049,0.0,0.4375840024691444,0.3528969931167733,0.22453030120573714,0.7065109080645651,-16.912424525223415
345,346.0,0.21594141287452107,4.088370157010799,0.14035736592100084,0.5086176531461847,0.01953290111780801,0.05282437359213211,0.9814856048255242,-37.17095603209453
346,347.0,0.8901420927469712,8.253625028337966,0.0,0.46482978204151437,0.3528969931167733,0.22453030120573714,0.7065109080645651,-16.912424525223415
347,348.0,0.7978852313459475,2.601870269423426,0.14035737660681483,0.508618407390802,0.019532901121182212,0.05282437359669469,0.9814855131482839,-37.17095603088532
348,349.0,0.3310773297305578,5.165965243621956,0.0,0.6001025476687964,0.48036952058930077,0.26196224389602973,0.5456161466404716,-14.753768500215731
349,350.0,0.8680018593223885,0.7366237133606474,0.14035739925382215,0.508617692985911,0.01953290111778812,0.052824373592105206,0.9814856000141214,-37.17095603210166
350,351.0,0.7854111496479883,2.4127456497079964,0.14035735548896522,0.5086175322791596,0.019532901118006128,0.0528243735924,0.9814856195082493,-37.170956032023525
351,352.0,0.4701550915440077,6.740922593717152,0.0,0.39794468440741193,0.3528969931167733,0.22453030120573714,0.7065109080645651,-16.912424525223415
352,353.0,0.5891050555370291,9.847130998189604,0.5891420925769445,9.847128511290235,2.6408076497565114,0.6142135098477577,4.1123753513616634e-07,-2.8237774552179804
353,354.0,0.5895992844551725,0.41142302121110835,0.140357572244105,0.5086167931908595,0.01953290112442361,0.05282437360107766,0.981485709554713,-37.1709560297237
354,355.0,0.7170166404373363,6.945781156944338,0.0,0.4320859701205196,0.3528969931167733,0.22453030120573714,0.7065109080645651,-16.912424525223415
355,356.0,0.4716096209318309,7.923113061878867,0.4716691288859821,7.923109065075955,2.640807208102336,0.6142134584865818,6.125243670052072e-07,-2.8237786259126674
356,357.0,0.21773576894645008,6.5703951694265434,0.21773576894645008,6.5703951694265434,2.640809081003552,0.6142136762913738,1.1256218179767075e-11,-2.8237736614064275
357,358.0,0.9970679805220481,9.189167611718515,0.0,0.5504108886066076,0.48036952058930077,0.26196224389602973,0.5456161466404716,-14.753768500215731
358,359.0,0.27720611923372007,4.7461298980227395,0.0,0.3745834593023732,0.3528969931167733,0.22453030120573714,0.7065109080645651,-16.912424525223415
359,360.0,0.3138580401537543,1.220021436977304,0.1403573658399198,0.5086176366915066,0.019532901117822785,0.052824373592152085,0.9814856068256814,-37.17095603208924
360,361.0,0.5969233236573472,8.880268896840583,0.14035730895719328,0.5086181759480783,0.019532901119423903,0.05282437359431712,0.9814855412190301,-37.170956031515445
361,362.0,0.44379719012307606,3.9392895471778475,0.14035738671942002,0.508617706203944,0.019532901117782966,0.05282437359209826,0.9814855983954793,-37.170956032103504
362,363.0,0.31313875334071883,8.662713455041517,0.31313875334071883,8.662713455041517,2.6408090809390656,0.6142136762838745,3.556521743774965e-11,-2.823773661577362
363,364.0,0.03370621099887261,5.172160367081949,0.03370621099887261,5.172160367081949,2.6408090810288622,0.6142136762943171,2.220446049250313e-16,-2.823773661339337
364,365.0,0.36569104919882545,1.8987474782933103,0.0,0.3981153379879278,0.3528969931167733,0.22453030120573714,0.7065109080645651,-16.912424525223415
365,366.0,0.355239287794036,3.6974711405676497,0.1403568666710019,0.508617248113981,0.019532901121633837,0.052824373597305366,0.9814856535864556,-37.170956030723474
366,367.0,0.41400777013333556,9.680376097574413,0.41400777013333556,9.680376097574413,2.640809077705507,0.6142136759078352,1.163165674888944e-09,-2.823773670148565
367,368.0,0.5967659546607512,4.168692611064814,0.14035736938792784,0.5086176570528737,0.019532901117804223,0.052824373592126994,0.981485604353906,-37.17095603209589
368,369.0,0.9463501475380285,3.853984189871458,0.0,0.34410056471182926,0.3528969931167733,0.22453030120573714,0.7065109080645651,-16.912424525223415
369,370.0,0.6553905813509103,7.596382505377741,0.0,0.4629824013969055,0.3528969931167733,0.22453030120573714,0.7065109080645651,-16.912424525223415
370,371.0,0.7489354571415147,8.780227041061506,0.14035772420647158,0.5086179181402425,0.01953290111916392,0.05282437359396556,0.9814855729504599,-37.17095603160861
371,372.0,0.6215293644663749,9.019962336190453,0.0,0.4788583484531824,0.3528969931167733,0.22453030120573714,0.7065109080645651,-16.912424525223415
372,373.0,0.6628057767471416,9.30920971395162,0.1403573880503427,0.5086177032369107,0.019532901117783392,0.052824373592098836,0.9814855987574119,-37.17095603210335
373,374.0,0.5904019880533872,0.7636886600597292,0.14035736875457747,0.5086177887037819,0.019532901117829116,0.052824373592160655,0.9814855883497526,-37.17095603208697
374,375.0,0.3075573622076989,0.36012021235202635,0.1403573866714157,0.5086177458043672,0.0195329011177907,0.05282437359210872,0.9814855935815865,-37.17095603210073
375,376.0,0.1443709188927662,0.7346636518097627,0.1403571479490581,0.5086179034014606,0.01953290111872646,0.05282437359337402,0.9814855741974647,-37.170956031765385
376,377.0,0.8498942206750429,0.22166554953052392,0.14035734380544618,0.5086178058040478,0.01953290111786981,0.05282437359221566,0.9814855862474126,-37.17095603207238
377,378.0,0.8688377743920525,0.8586231661385707,0.14035737486895006,0.508617675544744,0.019532901117792052,0.05282437359211055,0.981485602111214,-37.17095603210025
378,379.0,0.4186319113893199,5.397034285874944,0.0,0.3752367884989608,0.3528969931167733,0.22453030120573714,0.7065109080645651,-16.912424525223415
379,380.0,0.7848912960286006,4.2786020152429485,0.14035781667196967,0.5086178440430027,0.01953290111977407,0.052824373594790586,0.9814855820444889,-37.170956031389956
380,381.0,0.6855980634825316,0.6336451392678387,0.14035737290012645,0.5086177104684082,0.019532901117784007,0.052824373592099634,0.9814855978640172,-37.170956032103135
381,382.0,0.2407519859115771,5.395841650552795,0.2407519859115771,5.395841650552795,2.640809040928379,0.6142136716309234,1.7357049131305757e-08,-2.823773767633802
382,383.0,0.8184196887699207,7.893062186755078,0.0,0.395956362009162,0.3528969931167733,0.22453030120573714,0.7065109080645651,-16.912424525223415
383,384.0,0.13364291132196637,8.643575767428281,0.13364291132196637,8.643575767428281,2.6408090810288622,0.6142136762943171,2.220446049250313e-16,-2.823773661339337
384,385.0,0.0070413914741896955,4.05154653398249,0.0070413914741896955,4.05154653398249,2.6408090810288622,0.6142136762943171,2.220446049250313e-16,-2.823773661339337
385,386.0,0.49322586637235044,3.5842202061928656,0.14035738748431278,0.5086177671040871,0.019532901117803897,0.05282437359212655,0.9814855909931479,-37.170956032096
386,387.0,0.43865135069158734,5.694029241389141,0.0,0.4211856202473985,0.3528969931167733,0.22453030120573714,0.7065109080645651,-16.912424525223415
387,388.0,0.28783040078188527,8.190263606994396,0.28783040078188527,8.190263606994396,2.6408090809767852,0.6142136762882611,2.128297538206425e-11,-2.8237736614773787
388,389.0,0.9631315336091598,2.392609542736406,0.14035728295037425,0.5086171806812505,0.019532901119754004,0.05282437359476348,0.981485662179511,-37.17095603139715
389,390.0,0.20358770175659047,6.72937891354263,0.20358770175659047,6.72937891354263,2.6408090810269593,0.614213676294096,8.600897771771088e-13,-2.823773661344383
390,391.0,0.386652310643655,9.25622164966837,0.386652310643655,9.25622164966837,2.6408090788265373,0.6142136760382028,7.96701482563833e-10,-2.823773667177047
391,392.0,0.44136884695251943,0.2551031409455378,0.14035724335499242,0.5086176992209782,0.019532901117990626,0.052824373592379036,0.9814855991085277,-37.17095603202909
392,393.0,0.48325500219892537,3.333084004072033,0.14035604327353182,0.5086172028138998,0.01953290113727918,0.05282437361846083,0.9814856582991414,-37.17095602511665
393,394.0,0.30921668092750076,1.8827970908827192,0.0,0.5569194192850064,0.48036952058930077,0.26196224389602973,0.5456161466404716,-14.753768500215731
394,395.0,0.568741870271054,7.520279227056644,0.1403569592027781,0.5086173764666104,0.01953290112019196,0.05282437359535568,0.9814856380723013,-37.170956031240195
395,396.0,0.25749283544275414,2.588202278472623,0.14035737076985064,0.5086177787712913,0.019532901117817907,0.05282437359214549,0.9814855895590611,-37.170956032090984
396,397.0,0.9305167844136493,8.381007951519587,0.0,0.46715571217165097,0.3528969931167733,0.22453030120573714,0.7065109080645651,-16.912424525223415
397,398.0,0.44419149891149334,7.733349968541221,0.44423111166903284,7.73334743723271,2.6408079449583135,0.614213544177583,3.8360563270334325e-07,-2.8237766727253586
398,399.0,0.11008699726512206,1.853946280883661,0.14035738087334504,0.5086177065905236,0.019532901117782917,0.05282437359209817,0.9814855983429571,-37.17095603210352
399,400.0,0.6329984732363203,0.01566645566197284,0.14035739166844405,0.5086177194687606,0.01953290111778356,0.05282437359209907,0.9814855967876829,-37.1709560321033
400,401.0,0.5243220920771602,2.649600907546858,0.14035703255400436,0.508617018361771,0.019532901121955187,0.052824373597739886,0.9814856816730906,-37.17095603060831
401,402.0,0.4267634179921368,2.869116931809744,0.1403572091946292,0.5086185448052211,0.019532901123269022,0.05282437359951647,0.9814854962847203,-37.17095603013747
402,403.0,0.9239532324051849,1.8078606973919664,0.1403575044392987,0.5086179766451979,0.019532901118361656,0.05282437359288071,0.9814855656316286,-37.17095603189612
403,404.0,0.2564610567584027,5.040367101740397,0.25649285354584467,5.040365147747862,2.640808575821386,0.614213617542369,2.1456228926908238e-07,-2.823775000494333
404,405.0,0.6147916969919472,4.316722880194467,0.14035733376704265,0.5086174168374312,0.01953290111838749,0.052824373592915676,0.9814856335207383,-37.17095603188686
405,406.0,0.0862291585281304,3.6431190690022786,0.0862291585281304,3.6431190690022786,2.6408090810287503,0.6142136762943042,5.6288307348495437e-14,-2.823773661339634
406,407.0,0.4324438817690549,9.274240817553997,0.4324438817690549,9.274240817553997,2.640809059923195,0.6142136738398821,7.2263856010224e-09,-2.8237737172841904
407,408.0,0.2090485650038828,7.466907581377107,0.2090485650038828,7.466907581377107,2.6408090810287437,0.6142136762943035,5.3179682879545e-14,-2.8237736613396525
408,409.0,0.2039851475455674,1.1650868857941556,0.1403573019447143,0.5086172903147818,0.01953290111902567,0.05282437359377861,0.981485648870594,-37.17095603165816
409,410.0,0.4515703714057667,0.17209625979947699,0.14035738645419188,0.5086177241115228,0.019532901117783726,0.05282437359209929,0.9814855962183751,-37.170956032103234
410,411.0,0.38744083264052265,1.267020445423313,0.14035740135155103,0.5086176524788989,0.019532901117812494,0.052824373592138194,0.9814856049401471,-37.170956032092924
411,412.0,0.7568337923976233,3.6692320060126176,0.14035747799764325,0.5086179794462328,0.019532901118325934,0.05282437359283244,0.9814855652661661,-37.17095603190892
412,413.0,0.6377733763208263,6.457459791849313,0.0,0.40314764781224277,0.3528969931167733,0.22453030120573714,0.7065109080645651,-16.912424525223415
413,414.0,0.035861037433929654,5.653856252265774,0.035861037433929654,5.653856252265774,2.6408090810288622,0.6142136762943171,2.220446049250313e-16,-2.823773661339337
414,415.0,0.9195522762108033,3.2805121023287223,0.1403573555915714,0.5086175567336516,0.01953290111795027,0.05282437359232447,0.9814856165356632,-37.17095603204355
415,416.0,0.6290248216134564,6.231969468946781,0.0,0.39808948187936194,0.3528969931167733,0.22453030120573714,0.7065109080645651,-16.912424525223415
416,417.0,0.6575563045970804,7.867118231832577,0.0,0.45707706263940556,0.3528969931167733,0.22453030120573714,0.7065109080645651,-16.912424525223415
417,418.0,0.03463640908796761,2.873461412136182,0.03463640908796761,2.873461412136182,2.6408090810288622,0.6142136762943171,2.220446049250313e-16,-2.823773661339337
418,419.0,0.1968266779465221,9.260957600740799,0.1968266779465221,9.260957600740799,2.6408090810288622,0.6142136762943171,2.220446049250313e-16,-2.823773661339337
419,420.0,0.8660491291194441,0.09334443715409788,0.1403575774226483,0.5086179270546674,0.019532901118417836,0.05282437359295672,0.9814855717287374,-37.17095603187599
420,421.0,0.13443885006970324,5.8157814315340595,0.13443885006970324,5.8157814315340595,2.6408090810288614,0.6142136762943171,5.551115123125783e-16,-2.82377366133934
421,422.0,0.09735971490230233,0.6067799707888868,0.14035729387104556,0.5086174857905159,0.019532901118184214,0.05282437359264082,0.981485625101064,-37.170956031959705
422,423.0,0.4985485655288463,4.659559895557505,0.0,0.36132499764586445,0.3528969931167733,0.22453030120573714,0.7065109080645651,-16.912424525223415
423,424.0,0.9888990648434055,0.24272196055077408,0.0,0.6183172441377975,0.48036952058930077,0.26196224389602973,0.5456161466404716,-14.753768500215731
424,425.0,0.4895436233102236,1.4697100071487859,0.14035763298292966,0.5086172158130836,0.019532901120418292,0.0528243735956617,0.98148565823911,-37.17095603115908
425,426.0,0.7049954162314048,1.2037185360487337,0.1403574362662827,0.5086175139687602,0.019532901118106703,0.05282437359253602,0.9814856218104053,-37.17095603198749
426,427.0,0.960662702783702,9.630899948355992,0.0,0.48605893543136214,0.3528969931167733,0.22453030120573714,0.7065109080645651,-16.912424525223415
427,428.0,0.014810058045312657,6.1527292425724065,0.014810058045312657,6.1527292425724065,2.6408090810288622,0.6142136762943171,2.220446049250313e-16,-2.823773661339337
428,429.0,0.9093837922384291,5.860517090066833,0.0,0.386663308530411,0.3528969931167733,0.22453030120573714,0.7065109080645651,-16.912424525223415
429,430.0,0.47980793488638096,6.103124265307161,0.0,0.39054260963815823,0.3528969931167733,0.22453030120573714,0.7065109080645651,-16.912424525223415
430,431.0,0.15303211774933279,8.794313409282381,0.15303211774933279,8.794313409282381,2.6408090810288622,0.6142136762943171,2.220446049250313e-16,-2.823773661339337
431,432.0,0.5255364148740655,3.1486713420886945,0.0,0.630606556634003,0.48036952058930077,0.26196224389602973,0.5456161466404716,-14.753768500215731
432,433.0,0.8970968461723905,4.301100806408467,0.0,0.5134585881877126,0.48036952058930077,0.26196224389602973,0.5456161466404716,-14.753768500215731
433,434.0,0.981308467545718,8.78360412179419,0.1403574249510538,0.5086178871587783,0.019532901118000986,0.05282437359239306,0.9814855764346214,-37.17095603202537
434,435.0,0.1723417153294471,3.3686684648909266,0.14035743660831576,0.5086176923156354,0.019532901117816703,0.052824373592143876,0.9814856001309037,-37.17095603209141
435,436.0,0.17590373181333363,0.02443507918316534,0.1403572846984648,0.5086179298496342,0.019532901118265847,0.052824373592751196,0.9814855711122631,-37.17095603193046
436,437.0,0.2948219152905788,1.6728962033712675,0.14035741818408745,0.5086176973479648,0.019532901117797437,0.052824373592117814,0.9814855995017633,-37.17095603209832
437,438.0,0.5626063542557067,3.580398552118707,0.14035739562988833,0.5086176060610992,0.019532901117864737,0.052824373592208804,0.9814856105772891,-37.1709560320742
438,439.0,0.028413876559319373,8.030668574675124,0.028413876559319373,8.030668574675124,2.6408090810288622,0.6142136762943171,2.220446049250313e-16,-2.823773661339337
439,440.0,0.8919458471254089,7.4571133245290655,0.0,0.4408300811126741,0.3528969931167733,0.22453030120573714,0.7065109080645651,-16.912424525223415
440,441.0,0.9850006819113619,3.6508974164453636,0.1403577053497642,0.5086179213606007,0.019532901119046757,0.052824373593807095,0.9814855725412782,-37.1709560316506
441,442.0,0.601761252261061,5.2317614698962815,0.0,0.5949820966922728,0.48036952058930077,0.26196224389602973,0.5456161466404716,-14.753768500215731
442,443.0,0.622498149771868,6.246591431119148,0.0,0.3987399979968964,0.3528969931167733,0.22453030120573714,0.7065109080645651,-16.912424525223415
443,444.0,0.5658038678937256,7.625397878171174,0.0,0.4208230814875374,0.3528969931167733,0.22453030120573714,0.7065109080645651,-16.912424525223415
444,445.0,0.03485248616914827,4.152648364125713,0.03485248616914827,4.152648364125713,2.6408090810288622,0.6142136762943171,2.220446049250313e-16,-2.823773661339337
445,446.0,0.3488555883719191,2.524102278166715,0.1403571488783364,0.5086179273249186,0.019532901118801335,0.052824373593475256,0.9814855712901699,-37.170956031738555
446,447.0,0.3926115167748344,8.314340297305483,0.3926115167748344,8.314340297305483,2.6408090473013197,0.6142136723720498,1.211309685889006e-08,-2.8237737507410294
447,448.0,0.65477142925182,3.381269228773463,0.14035738711434584,0.5086176732098875,0.01953290111779338,0.05282437359211232,0.981485602406622,-37.17095603209977
448,449.0,0.40727451862098685,8.981636890364301,0.40727451862098685,8.981636890364301,2.6408090680405243,0.6142136747838683,4.582792811902436e-09,-2.823773695767562
449,450.0,0.4259173940465262,2.2785097803437915,0.14035735548896522,0.5086175322791596,0.019532901118006128,0.0528243735924,0.9814856195082493,-37.170956032023525
450,451.0,0.9770837562364587,9.419605440559897,0.0,0.5146836974397512,0.48036952058930077,0.26196224389602973,0.5456161466404716,-14.753768500215731
451,452.0,0.9446576143434331,6.645777712123833,0.0,0.45242979191012644,0.3528969931167733,0.22453030120573714,0.7065109080645651,-16.912424525223415
452,453.0,0.5069920576994222,2.9981006999371216,0.0,0.4884129446665334,0.3528969931167733,0.22453030120573714,0.7065109080645651,-16.912424525223415
453,454.0,0.1221730207349283,8.33581447316547,0.1221730207349283,8.33581447316547,2.6408090810288622,0.6142136762943171,2.220446049250313e-16,-2.823773661339337
454,455.0,0.40127375961450495,1.5855224230004106,0.1403572361172611,0.5086178668998663,0.019532901118231666,0.052824373592704976,0.9814855787184366,-37.1709560319427
455,456.0,0.6107181248477701,0.9424426769968207,0.14035733759792915,0.5086179701629399,0.01953290111829825,0.052824373592794995,0.9814855662618542,-37.17095603191884
456,457.0,0.3905466464408025,4.957658526678964,0.0,0.39236179382577646,0.3528969931167733,0.22453030120573714,0.7065109080645651,-16.912424525223415
457,458.0,0.34840625116937773,3.0775290523011494,0.14035724254994497,0.5086184208194129,0.019532901121724167,0.052824373597427504,0.9814855113886515,-37.170956030691094
458,459.0,0.6795200431064257,5.992546997107678,0.0,0.400985530060557,0.3528969931167733,0.22453030120573714,0.7065109080645651,-16.912424525223415
459,460.0,0.9039282032873187,3.9414942566051825,0.14035738488769697,0.5086177359922468,0.01953290111778675,0.05282437359210336,0.9814855947726663,-37.17095603210215
460,461.0,0.03198633603412615,8.204811510871702,0.03198633603412615,8.204811510871702,2.6408090810288622,0.6142136762943171,2.220446049250313e-16,-2.823773661339337
461,462.0,0.48545681863373147,6.127111420484821,0.0,0.3920449664858447,0.3528969931167733,0.22453030120573714,0.7065109080645651,-16.912424525223415
462,463.0,0.9405831927934276,1.440400999837922,0.14035751578518985,0.5086176232794062,0.019532901118045735,0.05282437359245356,0.9814856085976768,-37.170956032009336
463,464.0,0.1878935189894363,5.736638649264626,0.1878935189894363,5.736638649264626,2.6408090809943463,0.6142136762903033,1.5871748360041238e-11,-2.8237736614308293
464,465.0,0.33007732805761714,9.32137856182982,0.33007732805761714,9.32137856182982,2.6408090809850915,0.614213676289227,1.697564311342603e-11,-2.823773661455361
465,466.0,0.35293186419983935,8.149410732442334,0.35293186419983935,8.149410732442334,2.6408090746645665,0.614213675554196,2.3994511932912133e-09,-2.823773678209194
466,467.0,0.05146667171666586,5.4427600986936815,0.05146667171666586,5.4427600986936815,2.6408090810288622,0.6142136762943171,2.220446049250313e-16,-2.823773661339337
467,468.0,0.9397874990894618,7.101562369802211,0.0,0.4261297416034448,0.3528969931167733,0.22453030120573714,0.7065109080645651,-16.912424525223415
468,469.0,0.7718485358158352,8.280327269265376,0.0,0.46567708814850084,0.3528969931167733,0.22453030120573714,0.7065109080645651,-16.912424525223415
469,470.0,0.6163067697147235,2.9909038152907343,0.0,0.608410542711459,0.48036952058930077,0.26196224389602973,0.5456161466404716,-14.753768500215731
470,471.0,0.9747409170434228,6.868792080646712,0.14035778067070237,0.5086181544657005,0.01953290112046107,0.05282437359571955,0.9814855442754945,-37.17095603114376
471,472.0,0.24019414802097006,3.2292524981878383,0.14035754331284775,0.5086177469856188,0.019532901118048923,0.05282437359245786,0.9814855935858966,-37.1709560320082
472,473.0,0.43118572934254995,5.994312068420614,0.0,0.40007506272491317,0.3528969931167733,0.22453030120573714,0.7065109080645651,-16.912424525223415
473,474.0,0.3230267972078237,1.4804069473467107,0.1403573990844417,0.5086177491459722,0.019532901117793686,0.05282437359211274,0.9814855931871185,-37.17095603209967
474,475.0,0.05058300404306648,3.5941232681662907,0.05058300404306648,3.5941232681662907,2.6408090810288622,0.6142136762943171,2.220446049250313e-16,-2.823773661339337
475,476.0,0.8199768161355578,5.207436332356056,1.1102230246251565e-16,0.5953583378382263,0.48036952058930077,0.26196224389602973,0.5456161466404716,-14.753768500215731
476,477.0,0.5651027416107743,9.166225259125525,0.565167711861849,9.166220818233795,2.640806586866676,0.614213386241375,7.350975614883737e-07,-2.8237802726251253
477,478.0,0.8766532636803991,9.356182031841696,0.0,0.48383685795835096,0.3528969931167733,0.22453030120573714,0.7065109080645651,-16.912424525223415
478,479.0,0.8259186105284452,3.8426847724662485,0.14035733378430545,0.5086180519002121,0.01953290111865532,0.052824373593277824,0.981485556322109,-37.17095603179088
479,480.0,0.055864767377869384,1.6853329145429647,0.14035730099204508,0.508617759519714,0.01953290111788034,0.052824373592229905,0.9814855918332206,-37.17095603206861
480,481.0,0.5445573840723618,8.3328882369217,0.0,0.46787577022161475,0.3528969931167733,0.22453030120573714,0.7065109080645651,-16.912424525223415
481,482.0,0.562064654831478,9.806141443184561,0.5620855270242361,9.806140110917042,2.64080834420476,0.6142135906070414,2.1788160087243824e-07,-2.8237756144413133
482,483.0,0.814065118272549,5.1395618338481,1.1102230246251565e-16,0.6013578704975602,0.48036952058930077,0.26196224389602973,0.5456161466404716,-14.753768500215731
483,484.0,0.9256577266976235,6.246840894345261,0.0,0.3997430802650154,0.3528969931167733,0.22453030120573714,0.7065109080645651,-16.912424525223415
484,485.0,0.36205205841381005,4.655166833655371,0.0,0.3613131006534796,0.3528969931167733,0.22453030120573714,0.7065109080645651,-16.912424525223415
485,486.0,0.9117868516941678,7.344234362706763,0.0,0.4402416143841942,0.3528969931167733,0.22453030120573714,0.7065109080645651,-16.912424525223415
486,487.0,0.40097651867428385,1.1977528386150493,0.14035758256056755,0.508617696881311,0.019532901118208625,0.05282437359267383,0.9814855997135581,-37.17095603195096
487,488.0,0.9017025953330208,0.17423173189406904,0.14035738311788362,0.5086176315897585,0.01953290111782744,0.05282437359215836,0.9814856074621936,-37.17095603208757
488,489.0,0.522111932941939,1.6964303105608547,0.14035670037821238,0.5086142548111611,0.019532901201501664,0.05282437370530181,0.981486017273792,-37.170956002101256
489,490.0,0.6747798920001545,6.391188901327412,0.0,0.40269462774181347,0.3528969931167733,0.22453030120573714,0.7065109080645651,-16.912424525223415
490,491.0,0.4446630042151011,9.073391604191622,0.4446630042151011,9.073391604191622,2.6408090243855717,0.6142136697071156,1.911646907437614e-08,-2.8237738114838677
491,492.0,0.8138037528516806,5.769811274935183,0.0,0.3903031008750446,0.3528969931167733,0.22453030120573714,0.7065109080645651,-16.912424525223415
492,493.0,0.25671343860062956,3.6962193641211565,0.0,0.4797380308923206,0.3528969931167733,0.22453030120573714,0.7065109080645651,-16.912424525223415
493,494.0,0.3532673726152783,1.7267438121981629,0.14035751456869738,0.5086175386120018,0.01953290111822006,0.05282437359268929,0.9814856188886674,-37.170956031946865
494,495.0,0.8849935981865019,1.4636780704860552,0.14035697714190185,0.5086160290716529,0.019532901137941518,0.052824373619356456,0.9814858018747133,-37.17095602487929
495,496.0,0.5752591105563929,6.970911995241128,0.0,0.431553190325626,0.3528969931167733,0.22453030120573714,0.7065109080645651,-16.912424525223415
496,497.0,0.877326235831498,7.562794347144103,0.0,0.48789971248378494,0.3528969931167733,0.22453030120573714,0.7065109080645651,-16.912424525223415
497,498.0,0.8222666188207689,4.99677755823117,0.1403571608377869,0.5086162127923421,0.01953290113334632,0.05282437361314286,0.981485779717017,-37.17095602652607
498,499.0,0.6405645677623447,7.632519541798372,0.0,0.40516284412399173,0.3528969931167733,0.22453030120573714,0.7065109080645651,-16.912424525223415
499,500.0,0.3947564113609906,2.7163537547473107,0.0,0.44390261848661183,0.3528969931167733,0.22453030120573714,0.7065109080645651,-16.912424525223415
500,501.0,0.8621105734428153,4.991039278021549,0.1403566248434986,0.5086176211291238,0.019532901123821927,0.05282437360026406,0.981485608010683,-37.170956029939326
501,502.0,0.254073075226268,9.135104591691812,0.254073075226268,9.135104591691812,2.6408090810288183,0.6142136762943121,1.8540724511240114e-14,-2.8237736613394544
502,503.0,0.563492212046927,1.9931579557627124,0.1403575805130346,0.5086177742997269,0.01953290111819431,0.052824373592654454,0.9814855903006363,-37.17095603195609
503,504.0,0.7292755054325943,4.672853435696095,0.0,0.37531734419893537,0.3528969931167733,0.22453030120573714,0.7065109080645651,-16.912424525223415
504,505.0,0.5472078835976991,9.36333883308969,0.5472383481173417,9.363336790279494,2.64080800797163,0.6142135515055737,3.224405522583851e-07,-2.823776505695715
505,506.0,0.9354325082129555,2.6087560776078704,0.0,0.5111376126296509,0.48036952058930077,0.26196224389602973,0.5456161466404716,-14.753768500215731
506,507.0,0.5584305009705589,9.91623518183338,0.5584463993641916,9.916234249246116,2.640808535836095,0.6142136128923709,1.6184803974805817e-07,-2.8237751064834775
507,508.0,0.3346112580330235,6.595499935627981,0.33462222703651257,6.595499358312004,2.6408088671970282,0.6142136514272337,8.246402116718343e-08,-2.823774228144
508,509.0,0.12513963166754816,5.445946839434243,0.12513963166754816,5.445946839434243,2.6408090810288614,0.614213676294317,7.771561172376096e-16,-2.82377366133934
509,510.0,0.13997208214711365,5.706709067526111,0.13997208214711365,5.706709067526111,2.6408090810288556,0.6142136762943163,3.219646771412954e-15,-2.823773661339356
510,511.0,0.8660681502983575,0.8159893904905157,0.14035712097882933,0.5086177750395667,0.01953290111858099,0.052824373593177334,0.9814855897756729,-37.17095603181752
511,512.0,0.29990157071601,4.946000137967933,0.0,0.39194910511495085,0.3528969931167733,0.22453030120573714,0.7065109080645651,-16.912424525223415
512,513.0,0.6523673259353275,5.316993254046049,0.0,0.4423273626694157,0.3528969931167733,0.22453030120573714,0.7065109080645651,-16.912424525223415
513,514.0,0.12062444209057288,7.744602475758874,0.12062444209057288,7.744602475758874,2.6408090810288622,0.6142136762943171,2.220446049250313e-16,-2.823773661339337
514,515.0,0.8040964834256659,4.643764836059983,0.0,0.4484228364899262,0.3528969931167733,0.22453030120573714,0.7065109080645651,-16.912424525223415
515,516.0,0.7375276567439495,8.898720176823561,0.14035737863678116,0.5086177051282402,0.019532901117783216,0.052824373592098586,0.9814855985185974,-37.17095603210341
516,517.0,0.5003017513617555,7.347757079496955,0.0,0.4397335911540257,0.3528969931167733,0.22453030120573714,0.7065109080645651,-16.912424525223415
517,518.0,0.6774403616270608,5.470111141032907,0.0,0.3749306073254598,0.3528969931167733,0.22453030120573714,0.7065109080645651,-16.912424525223415
518,519.0,0.3427747080862079,4.364743940120276,0.0,0.6555136100191928,0.48036952058930077,0.26196224389602973,0.5456161466404716,-14.753768500215731
519,520.0,0.7440542002442347,9.463171415427736,0.0,0.4840766751601917,0.3528969931167733,0.22453030120573714,0.7065109080645651,-16.912424525223415
520,521.0,0.84688388365596,8.667839093381035,0.0,0.381330950219375,0.3528969931167733,0.22453030120573714,0.7065109080645651,-16.912424525223415
521,522.0,0.07232708646244768,2.4461943799329475,0.07232708646244768,2.4461943799329475,2.640809076484489,0.6142136757658396,2.2959085743678997e-09,-2.82377367338512
522,523.0,0.8802348260574925,2.289644229793322,0.14035735548896522,0.5086175322791596,0.019532901118006128,0.0528243735924,0.9814856195082493,-37.170956032023525
523,524.0,0.5068371346912053,9.536059173124475,0.5068371346912053,9.536059173124475,2.640808860715799,0.614213650673514,6.922445616730499e-08,-2.823774245323814
524,525.0,0.2728747183545479,3.472747560114904,0.14035738249047727,0.5086177053966328,0.019532901117782945,0.05282437359209821,0.9814855984896167,-37.17095603210351
525,526.0,0.20794410843013356,7.238458481344085,0.20794410843013356,7.238458481344085,2.6408090810285625,0.6142136762942824,1.34781075189494e-13,-2.823773661340132
526,527.0,0.16950294651898756,7.952526015421287,0.16950294651898756,7.952526015421287,2.6408090810288622,0.6142136762943171,2.220446049250313e-16,-2.823773661339337
527,528.0,0.6463866915761836,5.689719613011932,0.14035728712779164,0.5086171868014463,0.01953290111970582,0.052824373594698305,0.9814856614395051,-37.17095603141441
528,529.0,0.07793945222933929,7.927894794492141,0.07793945222933929,7.927894794492141,2.6408090810288622,0.6142136762943171,2.220446049250313e-16,-2.823773661339337
529,530.0,0.30674981433507775,6.174618153879252,0.30675985075122564,6.174617620972197,2.640808902730197,0.6142136555594824,7.117870970407836e-08,-2.823774133956123
530,531.0,0.34669359981530434,5.264030783611578,0.0,0.43462891464300135,0.3528969931167733,0.22453030120573714,0.7065109080645651,-16.912424525223415
531,532.0,0.48570477853203653,5.879799885772415,0.0,0.3873984249809112,0.3528969931167733,0.22453030120573714,0.7065109080645651,-16.912424525223415
532,533.0,0.8589532100545525,0.13476713548820754,0.1403573704622087,0.5086178283476239,0.019532901117883205,0.052824373592233784,0.9814855835322278,-37.170956032067586
533,534.0,0.806691267062805,6.325016239514417,0.0,0.4017664686233506,0.3528969931167733,0.22453030120573714,0.7065109080645651,-16.912424525223415
534,535.0,0.4616847912397891,1.0674338731668327,0.14035731317989592,0.5086176930404106,0.01953290111783585,0.05282437359216975,0.9814855999260372,-37.17095603208455
535,536.0,0.21615298305288944,1.7940023543172396,0.140357380901079,0.5086176805543623,0.01953290111778937,0.0528243735921069,0.9814856015079491,-37.170956032101216
536,537.0,0.46954574425200135,5.214506140102382,1.1102230246251565e-16,0.5970871443011723,0.48036952058930077,0.26196224389602973,0.5456161466404716,-14.753768500215731
537,538.0,0.09681533252902041,3.4314601195440715,0.09681533252902041,3.4314601195440715,2.640809080999482,0.6142136762909005,1.4644618850923052e-11,-2.823773661417216
538,539.0,0.4343581375502402,7.892880279669764,0.4343788321074301,7.892878991811047,2.640808527434849,0.6142136119153672,1.891116589991526e-07,-2.823775128752687
539,540.0,0.3739861856939133,5.550353746132487,0.0,0.3958419005259029,0.3528969931167733,0.22453030120573714,0.7065109080645651,-16.912424525223415
540,541.0,0.6811530762712468,2.472020519373885,0.1403573110293064,0.5086177461903774,0.019532901117852983,0.05282437359219293,0.9814855934630562,-37.170956032078415
541,542.0,0.781144286475343,1.1700670403807678,0.14035772718241005,0.5086183704485643,0.019532901121601633,0.052824373597261824,0.9814855179699429,-37.17095603073501
542,543.0,0.6463126099778731,9.883022622994035,0.0,0.4221683977159916,0.3528969931167733,0.22453030120573714,0.7065109080645651,-16.912424525223415
543,544.0,0.7602085505335988,4.548619921996056,0.0,0.3621965678329681,0.3528969931167733,0.22453030120573714,0.7065109080645651,-16.912424525223415
544,545.0,0.1651697523727843,4.443693753688294,0.1651697523727843,4.443693753688294,2.640809078473347,0.6142136759971295,1.2033010143852607e-09,-2.8237736681132493
545,546.0,0.16121223975850107,1.9781285297182294,0.0,0.4428109687950097,0.3528969931167733,0.22453030120573714,0.7065109080645651,-16.912424525223415
546,547.0,0.13992488744152842,9.699877229597591,0.13992488744152842,9.699877229597591,2.6408090810288622,0.6142136762943171,2.220446049250313e-16,-2.823773661339337
547,548.0,0.9506694860254283,4.31313136823892,0.14035737431509626,0.5086177057521507,0.01953290111778383,0.05282437359209943,0.9814855984386662,-37.1709560321032
548,549.0,0.9656226780749968,8.459565540529127,0.0,0.4690509065045199,0.3528969931167733,0.22453030120573714,0.7065109080645651,-16.912424525223415
549,550.0,0.5283579275637499,7.254106632395538,0.0,0.4356456866316002,0.3528969931167733,0.22453030120573714,0.7065109080645651,-16.912424525223415
550,551.0,0.17111949136006566,9.835894202059349,0.17111949136006566,9.835894202059349,2.6408090810288622,0.6142136762943171,2.220446049250313e-16,-2.823773661339337
551,552.0,0.4971068321670128,9.100129171657493,0.4971194443005792,9.10012837229698,2.640808702439825,0.6142136322671714,1.2026643125828684e-07,-2.823774664866427
552,553.0,0.5972467106114571,0.9938716340139445,0.1403576627395214,0.5086179630891267,0.019532901118904305,0.052824373593614485,0.98148556742867,-37.17095603170165
553,554.0,0.45678412603498,4.6873964143404185,0.0,0.3655453150683108,0.3528969931167733,0.22453030120573714,0.7065109080645651,-16.912424525223415
554,555.0,0.713525045494865,6.626121993682014,0.0,0.4951628756320168,0.3528969931167733,0.22453030120573714,0.7065109080645651,-16.912424525223415
555,556.0,0.43530907592601653,6.489808897654089,0.0,0.4031899602547478,0.3528969931167733,0.22453030120573714,0.7065109080645651,-16.912424525223415
556,557.0,0.2341312292609522,5.66607273830389,0.2341312292609522,5.66607273830389,2.6408090735740535,0.6142136754273774,3.2522760040620824e-09,-2.823773681099821
557,558.0,0.7710672001305626,8.691419686916335,0.0,0.3396890695682604,0.3528969931167733,0.22453030120573714,0.7065109080645651,-16.912424525223415
558,559.0,0.11753379864993219,4.337961816442215,0.11753379864993219,4.337961816442215,2.6408090810276876,0.6142136762941807,5.769829058976939e-13,-2.823773661342451
559,560.0,0.013571194997487712,8.88998454369153,0.013571194997487712,8.88998454369153,2.6408090810288622,0.6142136762943171,2.220446049250313e-16,-2.823773661339337
560,561.0,0.6653468330237372,2.917078024681791,0.0,0.44445326483060693,0.3528969931167733,0.22453030120573714,0.7065109080645651,-16.912424525223415
561,562.0,0.5608400783132433,0.6440178425849352,0.14035850693673418,0.5086187488519034,0.019532901136288684,0.052824373617121494,0.981485472697197,-37.17095602547162
562,563.0,0.6069342791357247,2.466698794194181,0.14035735548896522,0.5086175322791596,0.019532901118006128,0.0528243735924,0.9814856195082493,-37.170956032023525
563,564.0,0.8362750968266812,9.229084352482772,1.1102230246251565e-16,0.5169634001893005,0.48036952058930077,0.26196224389602973,0.5456161466404716,-14.753768500215731
564,565.0,0.42399928088835825,8.735321719282618,0.42399928088835825,8.735321719282618,2.640809029993974,0.6142136703593318,1.765007862086776e-08,-2.823773796617661
565,566.0,0.6471108616805459,3.2904851444632643,0.14035736439934957,0.5086176893706467,0.019532901117789384,0.05282437359210693,0.9814856004206273,-37.17095603210121
566,567.0,0.9451267929116263,8.778303417972115,0.0,0.4143139742459575,0.3528969931167733,0.22453030120573714,0.7065109080645651,-16.912424525223415
567,568.0,0.13130456487066267,3.3436029106202967,0.13130456487066267,3.3436029106202967,2.6408090342374217,0.6142136708528139,2.2733106397332392e-08,-2.82377378536954
568,569.0,0.6920624129464705,8.744022205743798,0.1403574074323562,0.5086174433479811,0.019532901118305607,0.052824373592804945,0.981485630367788,-37.170956031916205
569,570.0,0.2907493348865482,9.171060592905839,0.2907493348865482,9.171060592905839,2.6408090810265583,0.6142136762940493,9.380274335057948e-13,-2.823773661345445
570,571.0,0.17345005650542145,4.456328556830563,0.17345005650542145,4.456328556830563,2.640809074465451,0.6142136755310403,3.0645994630873474e-09,-2.8237736787369903
571,572.0,0.26811191696475944,4.614429608119909,0.0,0.4400158516960724,0.3528969931167733,0.22453030120573714,0.7065109080645651,-16.912424525223415
572,573.0,0.7239758971930274,8.13617635767187,0.0,0.5188514128357855,0.48036952058930077,0.26196224389602973,0.5456161466404716,-14.753768500215731
573,574.0,0.7811811175542646,8.53753233322205,0.0,0.4716334371905794,0.3528969931167733,0.22453030120573714,0.7065109080645651,-16.912424525223415
574,575.0,0.9796686535037962,9.528706824996151,0.0,0.5025265004660886,0.48036952058930077,0.26196224389602973,0.5456161466404716,-14.753768500215731
575,576.0,0.4164688798225312,9.764631184654437,0.4164688798225312,9.764631184654437,2.6408090779495588,0.6142136759362167,1.074575983750492e-09,-2.823773669501655
576,577.0,0.7160170001600278,2.6627353333447594,0.0,0.39290198237678137,0.3528969931167733,0.22453030120573714,0.7065109080645651,-16.912424525223415
577,578.0,0.5344831697185543,4.6930197907937705,0.0,0.36644457878770226,0.3528969931167733,0.22453030120573714,0.7065109080645651,-16.912424525223415
578,579.0,0.6814830360973609,5.852134708861276,0.0,0.3912902826034855,0.3528969931167733,0.22453030120573714,0.7065109080645651,-16.912424525223415
579,580.0,0.527100260940791,5.249437723274641,1.1102230246251565e-16,0.5921662387818161,0.48036952058930077,0.26196224389602973,0.5456161466404716,-14.753768500215731
580,581.0,0.4357040860882093,3.3821012147634955,0.14035728202106068,0.5086176266229175,0.019532901117926074,0.052824373592291744,0.9814856079702505,-37.17095603205222
581,582.0,0.6626078592429887,7.959552087628903,0.14035740005120156,0.508617559648059,0.019532901117952285,0.05282437359232719,0.9814856162234318,-37.170956032042824
582,583.0,0.8065486444836424,4.716324886965168,0.0,0.4322777063564954,0.3528969931167733,0.22453030120573714,0.7065109080645651,-16.912424525223415
583,584.0,0.7226809240171357,0.018236476306037128,0.1403573826583572,0.5086177069545214,0.01953290111778285,0.05282437359209811,0.9814855983003978,-37.17095603210355
584,585.0,0.512244388508839,0.7913966056949827,0.14035769114897434,0.5086179919528896,0.01953290111915525,0.05282437359395385,0.9814855639466751,-37.17095603161172
585,586.0,0.3513750889818811,2.840817228631645,0.14035738742647197,0.5086183000531678,0.019532901120201975,0.052824373595369206,0.9814855262068372,-37.17095603123661
586,587.0,0.45954508837213337,3.4278216368198438,0.14035738315408994,0.5086177096419967,0.01953290111778271,0.05282437359209791,0.981485597974176,-37.170956032103604
587,588.0,0.13687428826466108,1.6608020379540618,0.14035720746792194,0.5086184245425623,0.01953290112193282,0.05282437359770966,0.9814855109027002,-37.170956030616324
588,589.0,0.7995320708482112,4.095736295653653,0.1403576888022608,0.5086176709351916,0.019532901118806255,0.052824373593481945,0.9814856029674845,-37.170956031736786
589,590.0,0.1341166524781714,7.051471022757402,0.1341166524781714,7.051471022757402,2.6408090810288622,0.6142136762943171,2.220446049250313e-16,-2.823773661339337
590,591.0,0.49099081982342074,0.7920352030318578,0.14035744228958863,0.5086177119744798,0.019532901117818573,0.05282437359214641,0.9814855977465357,-37.17095603209074
591,592.0,0.08056394755101681,7.7205934244515655,0.08056394755101681,7.7205934244515655,2.6408090810288622,0.6142136762943171,2.220446049250313e-16,-2.823773661339337
592,593.0,0.9650735810969144,4.449570059314038,0.14035737479955723,0.5086177098769847,0.01953290111778357,0.052824373592099065,0.9814855979377078,-37.17095603210329
593,594.0,0.6839067954221436,7.008215046649693,0.0,0.42298657527976546,0.3528969931167733,0.22453030120573714,0.7065109080645651,-16.912424525223415
594,595.0,0.1773405746473493,9.481506347208365,0.1773405746473493,9.481506347208365,2.6408090810288622,0.6142136762943171,2.220446049250313e-16,-2.823773661339337
595,596.0,0.24518679468472115,4.7963626203627765,0.2452288055239951,4.7963599114185795,2.6408084308704263,0.6142136006856279,2.7990752482498493e-07,-2.8237753847163303
596,597.0,0.2931419164823327,7.581659679125805,0.2931419164823327,7.581659679125805,2.64080908037095,0.6142136762178068,2.6711610701113386e-10,-2.8237736630832675
597,598.0,0.08141143487849622,6.7872313079249675,0.08141143487849622,6.7872313079249675,2.6408090810288622,0.6142136762943171,2.220446049250313e-16,-2.823773661339337
598,599.0,0.7631119479763935,7.0766017313121345,0.0,0.43565021216958505,0.3528969931167733,0.22453030120573714,0.7065109080645651,-16.912424525223415
599,600.0,0.6657880534462018,1.7982680668626732,0.0,0.4226113978266601,0.3528969931167733,0.22453030120573714,0.7065109080645651,-16.912424525223415
600,601.0,0.08084936903764917,1.6178221053933588,0.0,0.5853017429276373,0.48036952058930077,0.26196224389602973,0.5456161466404716,-14.753768500215731
601,602.0,0.9910768669888974,1.4286668518718302,0.1403574586688129,0.5086177402329636,0.019532901117842998,0.052824373592179424,0.9814855943268936,-37.17095603208199
602,603.0,0.1527747347178705,3.4829685776929247,0.15280155770615958,3.482967023380681,2.640808834981618,0.6142136476808163,1.1725874993206986e-07,-2.823774313537485
603,604.0,0.16226257524015064,1.6121720983264984,0.14035736555206954,0.5086176907483055,0.019532901117788607,0.05282437359210591,0.9814856002542492,-37.170956032101486
604,605.0,0.028506681933537004,8.801424043396295,0.028506681933537004,8.801424043396295,2.6408090810288622,0.6142136762943171,2.220446049250313e-16,-2.823773661339337
605,606.0,0.671056336457684,2.0504977950603727,0.0,0.49199544517124516,0.3528969931167733,0.22453030120573714,0.7065109080645651,-16.912424525223415
606,607.0,0.14529114096851248,0.263614183440515,0.14035737470246032,0.5086177311209338,0.019532901117786626,0.0528243735921032,0.9814855953551908,-37.1709560321022
607,608.0,0.9727360411777065,0.7347386980284809,0.14035757150521333,0.5086173998398649,0.01953290111895788,0.05282437359368694,0.9814856358113162,-37.17095603168245
608,609.0,0.5595385215113856,1.1535338720885038,0.14035651050455933,0.5086182230317217,0.01953290112864831,0.05282437360679025,0.9814855347314155,-37.170956028209694
609,610.0,0.979679972742835,6.934067792403855,0.0,0.4320215258099395,0.3528969931167733,0.22453030120573714,0.7065109080645651,-16.912424525223415
610,611.0,0.2499105479067626,8.464775687863593,0.2499105479067626,8.464775687863593,2.6408090810284923,0.6142136762942743,1.5798473640415978e-13,-2.8237736613403177
611,612.0,0.1762476899173877,9.205734302897993,0.1762476899173877,9.205734302897993,2.6408090810288622,0.6142136762943171,2.220446049250313e-16,-2.823773661339337
612,613.0,0.8976938869361728,3.919195037600904,0.14035738424986494,0.508617691998257,0.0195329011177854,0.052824373592101535,0.9814856001199926,-37.17095603210263
613,614.0,0.724223626308609,8.555304658891577,0.14035731648599958,0.5086167805155422,0.019532901123770964,0.052824373600195144,0.9814857108543887,-37.17095602995759
614,615.0,0.4850445924569039,2.4151118832997454,0.14035738221536692,0.5086176794977816,0.019532901117789832,0.052824373592107524,0.9814856016376304,-37.170956032101046
615,616.0,0.7657814554803641,9.826348082153443,0.14035767327425966,0.5086177302135073,0.019532901118662144,0.05282437359328706,0.9814855957470354,-37.170956031788435
616,617.0,0.7964791943332722,5.219740127948312,0.0,0.6000155086572783,0.48036952058930077,0.26196224389602973,0.5456161466404716,-14.753768500215731
617,618.0,0.33045701424278084,9.25564581040884,0.33045701424278084,9.25564581040884,2.6408090809738627,0.6142136762879212,2.131994580878427e-11,-2.8237736614851254
618,619.0,0.33591711834116056,3.6388407351547913,0.140356819362626,0.5086169690537399,0.019532901124161617,0.0528243736007234,0.98148568746352,-37.17095602981759
619,620.0,0.379777525049418,0.8890792233187702,0.1403573729748472,0.5086174826353237,0.019532901118146043,0.05282437359258919,0.981485625559474,-37.17095603197339
620,621.0,0.7950585430068542,1.007808557575605,0.14035742535944695,0.508617722831655,0.019532901117800646,0.05282437359212217,0.9814855964107376,-37.17095603209717
621,622.0,0.24514280808908273,2.765329834134554,0.0,0.44460971357329626,0.3528969931167733,0.22453030120573714,0.7065109080645651,-16.912424525223415
622,623.0,0.15215396096776568,7.389351222820698,0.15215396096776568,7.389351222820698,2.6408090810288622,0.6142136762943171,2.220446049250313e-16,-2.823773661339337
623,624.0,0.2868745769449188,0.19200335697234694,0.14035714513961897,0.5086176552659539,0.019532901118383742,0.05282437359291062,0.9814856043584513,-37.1709560318882
624,625.0,0.24179501792632485,1.7147750511332094,0.0,0.5303055948440858,0.48036952058930077,0.26196224389602973,0.5456161466404716,-14.753768500215731
625,626.0,0.6132353890971556,5.906290422165307,0.0,0.37879163875461963,0.3528969931167733,0.22453030120573714,0.7065109080645651,-16.912424525223415
626,627.0,0.699962916371613,0.9024534229032594,0.14035741126068016,0.5086177109633261,0.019532901117790546,0.05282437359210846,0.9814855978401312,-37.17095603210079
627,628.0,0.9589903650862108,3.2911849256608257,0.1403573802830248,0.508617700984056,0.019532901117783545,0.052824373592099044,0.9814855990239233,-37.1709560321033
628,629.0,0.36360283835502427,1.110348855937478,0.14035746313955688,0.5086178930847413,0.019532901118049527,0.052824373592458694,0.9814855757503413,-37.17095603200798
629,630.0,0.23293612071853087,2.317928245567488,0.14035745078088566,0.5086181590789749,0.01953290111916904,0.05282437359397251,0.9814855434039688,-37.17095603160678
630,631.0,0.971586283060444,9.449246539100713,0.0,0.48412897978262304,0.3528969931167733,0.22453030120573714,0.7065109080645651,-16.912424525223415
631,632.0,0.15466386683882405,5.276784951735815,0.15466386683882405,5.276784951735815,2.6408090810261005,0.614213676293996,1.3137269050389477e-12,-2.8237736613466584
632,633.0,0.6701648599014634,6.939741440855596,0.0,0.43184204091103934,0.3528969931167733,0.22453030120573714,0.7065109080645651,-16.912424525223415
633,634.0,0.17822430052482696,9.621520985597751,0.17822430052482696,9.621520985597751,2.6408090810288622,0.6142136762943171,2.220446049250313e-16,-2.823773661339337
634,635.0,0.7639336769291284,8.3917408380688,0.0,0.4670379994403692,0.3528969931167733,0.22453030120573714,0.7065109080645651,-16.912424525223415
635,636.0,0.4836063815318934,1.3408802152328425,0.1403574712862302,0.5086175857395804,0.019532901117997277,0.052824373592388035,0.9814856131190323,-37.17095603202671
636,637.0,0.5349894716927991,2.2100068614563644,0.0,0.4074650883576413,0.3528969931167733,0.22453030120573714,0.7065109080645651,-16.912424525223415
637,638.0,0.1539378743769636,5.083744837630926,0.1539378743769636,5.083744837630926,2.640809081020384,0.6142136762933312,4.035882739117369e-12,-2.8237736613618107
638,639.0,0.8950542995506445,7.9626450584419315,0.0,0.5482058071217145,0.48036952058930077,0.26196224389602973,0.5456161466404716,-14.753768500215731
639,640.0,0.02629020219430034,2.57683660497577,0.02629020219430034,2.57683660497577,2.6408090810288622,0.6142136762943171,2.220446049250313e-16,-2.823773661339337
640,641.0,0.8822514257239622,9.329826320334847,0.14035735560019408,0.5086177890534151,0.019532901117837786,0.05282437359217236,0.9814855882948008,-37.17095603208386
641,642.0,0.6205365367442116,1.4342596560740608,0.14035733347872195,0.5086176168986429,0.01953290111786288,0.0528243735922063,0.981485609201079,-37.17095603207486
642,643.0,0.42659882860733656,4.057421332543307,0.14035738073399048,0.5086177383285371,0.01953290111778792,0.05282437359210497,0.9814855944847365,-37.17095603210173
643,644.0,0.3476507944187287,9.485493856970102,0.3476507944187287,9.485493856970102,2.640809080929208,0.6142136762827282,3.7816971776294395e-11,-2.823773661603491
644,645.0,0.3707480352968735,5.746863013504573,0.0,0.38817933586660025,0.3528969931167733,0.22453030120573714,0.7065109080645651,-16.912424525223415
645,646.0,0.6064229082540423,0.8268694960104046,0.14035759077466292,0.5086174186248404,0.01953290111896342,0.05282437359369445,0.981485633545972,-37.17095603168047
646,647.0,0.6160724032471876,0.977743954224262,0.14035777427714896,0.5086181815306273,0.019532901120564508,0.052824373595859425,0.9814855409794389,-37.170956031106684
647,648.0,0.8316642895009173,9.347812945699792,0.0,0.3619823193779216,0.3528969931167733,0.22453030120573714,0.7065109080645651,-16.912424525223415
648,649.0,0.7512462510220534,2.45940531682188,0.0,0.34304622773268784,0.3528969931167733,0.22453030120573714,0.7065109080645651,-16.912424525223415
649,650.0,0.9235278536044627,5.285657571260012,0.0,0.43749870201175417,0.3528969931167733,0.22453030120573714,0.7065109080645651,-16.912424525223415
650,651.0,0.16007971265762544,7.57764261210452,0.16007971265762544,7.57764261210452,2.6408090810288622,0.6142136762943171,2.220446049250313e-16,-2.823773661339337
651,652.0,0.41156918300963663,5.172020280715016,0.0,0.6000344336711944,0.48036952058930077,0.26196224389602973,0.5456161466404716,-14.753768500215731
652,653.0,0.4661057396270273,8.373022193298521,0.4661263897752962,8.373020905439919,2.640808484268743,0.6142136068954633,1.9641921733537515e-07,-2.8237752431732295
653,654.0,0.33082358988992866,3.101561324224945,0.14035761799834534,0.5086177298687643,0.019532901118357242,0.05282437359287477,0.981485595736961,-37.1709560318977
654,655.0,0.860356429564829,4.477068708140732,0.0,0.34952598765721726,0.3528969931167733,0.22453030120573714,0.7065109080645651,-16.912424525223415
655,656.0,0.06431161965523458,0.004940756266969159,0.14035725461394002,0.5086179403739303,0.019532901118388377,0.05282437359291688,0.9814855698043711,-37.17095603188655
656,657.0,0.1829081711108156,2.1586028109595468,0.0,0.42506286677480176,0.3528969931167733,0.22453030120573714,0.7065109080645651,-16.912424525223415
657,658.0,0.6127296975202515,2.2640015605305317,0.0,0.4235963869711318,0.3528969931167733,0.22453030120573714,0.7065109080645651,-16.912424525223415
658,659.0,0.0325230661901349,9.583371212315827,0.0325230661901349,9.583371212315827,2.6408090810288622,0.6142136762943171,2.220446049250313e-16,-2.823773661339337
659,660.0,0.5201289684418177,2.7730931740210893,0.0,0.44723627675816235,0.3528969931167733,0.22453030120573714,0.7065109080645651,-16.912424525223415
660,661.0,0.7070809289966793,0.3774795172107343,0.1403578474164778,0.508618430985008,0.019532901122992927,0.05282437359914309,0.9814855107238578,-37.17095603023641
661,662.0,0.0529447989791938,9.811965155209414,0.0529447989791938,9.811965155209414,2.6408090810288622,0.6142136762943171,2.220446049250313e-16,-2.823773661339337
662,663.0,0.29258439557994376,4.403303488102111,0.1403574299992174,0.5086187218503404,0.01953290112485212,0.05282437360165707,0.9814854749718871,-37.170956029570135
663,664.0,0.6527944486274091,0.48995292722210476,0.14035737572451842,0.5086177057819234,0.019532901117783545,0.05282437359209901,0.9814855984363804,-37.1709560321033
664,665.0,0.20508768045178216,7.418995407527406,0.20508768045178216,7.418995407527406,2.6408090810287805,0.6142136762943077,3.697042672001771e-14,-2.8237736613395548
665,666.0,0.7372727272343219,4.679326112167496,0.0,0.37565860444614624,0.3528969931167733,0.22453030120573714,0.7065109080645651,-16.912424525223415
666,667.0,0.7463267376008622,8.648195087700454,0.0,0.4406781282317149,0.3528969931167733,0.22453030120573714,0.7065109080645651,-16.912424525223415
667,668.0,0.32804563054980207,7.713755415390716,0.32804563054980207,7.713755415390716,2.640809076009888,0.6142136757106472,1.9514039273360595e-09,-2.8237736746431468
668,669.0,0.8079509337338303,5.917846630833959,0.0,0.37606156076066816,0.3528969931167733,0.22453030120573714,0.7065109080645651,-16.912424525223415
669,670.0,0.6346808733642393,8.069370767152105,0.0,0.35941596599477166,0.3528969931167733,0.22453030120573714,0.7065109080645651,-16.912424525223415
670,671.0,0.7766879801989754,5.026858803794121,0.0,0.3926819448953528,0.3528969931167733,0.22453030120573714,0.7065109080645651,-16.912424525223415
671,672.0,0.9023347359136068,0.32014997116000515,0.14035737847053384,0.5086177115436238,0.019532901117783,0.052824373592098316,0.9814855977385832,-37.1709560321035
672,673.0,0.2464424109157678,0.9293533860428711,0.0,0.3632365074545596,0.3528969931167733,0.22453030120573714,0.7065109080645651,-16.912424525223415
673,674.0,0.3786121988534453,5.136887225815287,1.1102230246251565e-16,0.6054865359187158,0.48036952058930077,0.26196224389602973,0.5456161466404716,-14.753768500215731
674,675.0,0.2959185945582625,9.120120993662796,0.2959185945582625,9.120120993662796,2.6408090810243587,0.6142136762937935,1.8222090503172694e-12,-2.823773661351275
675,676.0,0.9712949916875208,5.248562688727132,0.0,0.5937910898643199,0.48036952058930077,0.26196224389602973,0.5456161466404716,-14.753768500215731
676,677.0,0.2397083472054723,7.398275136847611,0.2397083472054723,7.398275136847611,2.6408090810201545,0.6142136762933046,3.77375908300337e-12,-2.823773661362419
677,678.0,0.7616070387957975,6.848412576461821,0.0,0.4568708535585849,0.3528969931167733,0.22453030120573714,0.7065109080645651,-16.912424525223415
678,679.0,0.7112418810957128,7.5351533014589425,0.0,0.4282172009200128,0.3528969931167733,0.22453030120573714,0.7065109080645651,-16.912424525223415
679,680.0,0.5103077936464921,5.044762207180353,0.0,0.6335432207759737,0.48036952058930077,0.26196224389602973,0.5456161466404716,-14.753768500215731
680,681.0,0.9368170631902348,8.375372611383368,0.0,0.46702891653178025,0.3528969931167733,0.22453030120573714,0.7065109080645651,-16.912424525223415
681,682.0,0.8105944931338832,2.182038764000065,0.14035735548896522,0.5086175322791596,0.019532901118006128,0.0528243735924,0.9814856195082493,-37.170956032023525
682,683.0,0.8672395007065433,1.4011843448651649,0.1403573840884917,0.5086177096440608,0.0195329011177827,0.05282437359209786,0.9814855979748089,-37.170956032103604
683,684.0,0.8475140775085556,8.54253205418775,0.0,0.470217415368912,0.3528969931167733,0.22453030120573714,0.7065109080645651,-16.912424525223415
684,685.0,0.3840181289776682,1.9250647022316003,0.0,0.35360788856811054,0.3528969931167733,0.22453030120573714,0.7065109080645651,-16.912424525223415
685,686.0,0.787035896325659,5.17643186828838,0.14035738465023026,0.5086177103404056,0.019532901117782685,0.05282437359209785,0.9814855978906923,-37.170956032103604
686,687.0,0.5375837518349914,6.480768928453074,0.0,0.4031858751410833,0.3528969931167733,0.22453030120573714,0.7065109080645651,-16.912424525223415
687,688.0,0.7019880545746124,4.012635445560015,0.14035738074317297,0.508617704712271,0.019532901117783066,0.05282437359209841,0.9814855985711552,-37.17095603210347
688,689.0,0.6378115674014126,5.270703628222091,0.0,0.43491394910011244,0.3528969931167733,0.22453030120573714,0.7065109080645651,-16.912424525223415
689,690.0,0.11406803504727958,3.969113054308281,0.11406803504727958,3.969113054308281,2.64080908101643,0.6142136762928714,6.1235461146225134e-12,-2.823773661372292
690,691.0,0.026472584893822648,9.78882220022489,0.026472584893822648,9.78882220022489,2.6408090810288622,0.6142136762943171,2.220446049250313e-16,-2.823773661339337
691,692.0,0.6333936551213584,7.704635137688644,0.140357372803983,0.5086177066108005,0.019532901117784093,0.05282437359209976,0.9814855983328589,-37.170956032103106
692,693.0,0.8701641756841285,5.1533223872110145,0.0,0.6010589369731172,0.48036952058930077,0.26196224389602973,0.5456161466404716,-14.753768500215731
693,694.0,0.6938553747461799,2.3753589382586333,0.14035735210430533,0.5086176105629434,0.01953290111785848,0.05282437359220036,0.9814856099888765,-37.17095603207645
694,695.0,0.3925693949096356,8.208935761285602,0.3925693949096356,8.208935761285602,2.6408090370030872,0.6142136711744407,1.5812468667775192e-08,-2.823773778038583
695,696.0,0.18792682513496495,2.7113796825969607,0.0,0.44407884015441257,0.3528969931167733,0.22453030120573714,0.7065109080645651,-16.912424525223415
696,697.0,0.4409094640600678,2.672795078607139,0.14035699638614313,0.5086184480487844,0.0195329011237682,0.05282437360019141,0.9814855078439697,-37.17095602995858
697,698.0,0.5943776781989847,0.3731159583833159,0.1403573297119402,0.5086180864249285,0.019532901118839416,0.0528243735935268,0.9814855521213534,-37.170956031724906
698,699.0,0.9416437240743,6.619264407115057,1.1102230246251565e-16,0.4788339559162742,0.3528969931167733,0.22453030120573714,0.7065109080645651,-16.912424525223415
699,700.0,0.3823722024728107,9.074599803877225,0.3823722024728107,9.074599803877225,2.640809078251992,0.6142136759713874,1.0097960245758486e-09,-2.823773668699996
700,701.0,0.061687907427006694,7.956532406198903,0.061687907427006694,7.956532406198903,2.6408090810288622,0.6142136762943171,2.220446049250313e-16,-2.823773661339337
701,702.0,0.08898887616326345,9.91948196970113,0.08898887616326345,9.91948196970113,2.6408090810288622,0.6142136762943171,2.220446049250313e-16,-2.823773661339337
702,703.0,0.7280408508798719,4.174230703609954,0.14035737866618747,0.5086177059956094,0.019532901117783157,0.05282437359209851,0.9814855984131874,-37.17095603210344
703,704.0,0.21009672238250854,7.102666312330649,0.21009672238250854,7.102666312330649,2.6408090810280815,0.6142136762942264,3.5016434196677437e-13,-2.8237736613414075
704,705.0,0.9429996457839426,6.4398727890749115,0.0,0.4031641169316398,0.3528969931167733,0.22453030120573714,0.7065109080645651,-16.912424525223415
705,706.0,0.2936031829426403,8.292416534100862,0.2936031829426403,8.292416534100862,2.6408090809682685,0.6142136762872706,2.4587443192558567e-11,-2.8237736614999545
706,707.0,0.6876506493908646,1.8358628127982708,0.0,0.5112958665286245,0.48036952058930077,0.26196224389602973,0.5456161466404716,-14.753768500215731
707,708.0,0.9808675709342793,9.00098739193058,0.0,0.47895354551803193,0.3528969931167733,0.22453030120573714,0.7065109080645651,-16.912424525223415
708,709.0,0.9263817526454284,6.992565188436644,0.0,0.4236023657138217,0.3528969931167733,0.22453030120573714,0.7065109080645651,-16.912424525223415
709,710.0,0.6216574350812604,3.6687230110785007,0.14035706604330084,0.5086173683860785,0.01953290111945603,0.05282437359436053,0.9814856391563795,-37.17095603150393
710,711.0,0.6697544604575237,1.8355453001776796,0.14035619476533542,0.5086163649318113,0.019532901142183347,0.05282437362509222,0.9814857602983816,-37.170956023359146
711,712.0,0.8552135139617402,1.2970232275042621,0.14035750237660788,0.5086177323430757,0.019532901117929106,0.05282437359229585,0.9814855953272458,-37.17095603205113
712,713.0,0.5330008999748471,8.381485980044342,0.0,0.46652941692968464,0.3528969931167733,0.22453030120573714,0.7065109080645651,-16.912424525223415
713,714.0,0.608079526966502,9.896698943826259,0.6081317074483972,9.896695479930708,2.640806952971557,0.6142134288167215,5.994528978758851e-07,-2.823779302189047
714,715.0,0.4866388332213424,5.398359848657477,0.0,0.37522237583272594,0.3528969931167733,0.22453030120573714,0.7065109080645651,-16.912424525223415
715,716.0,0.22475836084697687,4.041135139530174,0.14035737552878744,0.5086177066209123,0.019532901117783538,0.052824373592099,0.9814855983342075,-37.170956032103305
716,717.0,0.11305053666200338,4.878598698460947,0.11305053666200338,4.878598698460947,2.6408090810288587,0.6142136762943168,1.6653345369377348e-15,-2.823773661339347
717,718.0,0.3072810105920373,9.74768941733815,0.3072810105920373,9.74768941733815,2.6408090810272253,0.6142136762941269,6.530331830845171e-13,-2.823773661343677
718,719.0,0.9325792967172253,6.64452452019604,0.0,0.45250740237821263,0.3528969931167733,0.22453030120573714,0.7065109080645651,-16.912424525223415
719,720.0,0.5670522288762433,2.124562996704495,0.14035736588647738,0.5086176900817473,0.019532901117788652,0.05282437359210593,0.9814856003355927,-37.170956032101465
720,721.0,0.1917816087588814,7.200153403440336,0.1917816087588814,7.200153403440336,2.640809081028834,0.6142136762943139,1.27675647831893e-14,-2.8237736613394135
721,722.0,0.508424763747838,1.5679054121425438,0.14035734579214515,0.5086177870309303,0.019532901117843983,0.05282437359218074,0.9814855885313706,-37.17095603208164
722,723.0,0.9005578399919905,4.283206221534792,0.0,0.656039418002878,0.48036952058930077,0.26196224389602973,0.5456161466404716,-14.753768500215731
723,724.0,0.16256495967983853,3.0720361148938555,0.0,0.5623281474266143,0.48036952058930077,0.26196224389602973,0.5456161466404716,-14.753768500215731
724,725.0,0.42785654012503493,1.9495568901185094,0.1403575143068098,0.5086176086459525,0.01953290111806492,0.05282437359247951,0.981485610375122,-37.170956032002465
725,726.0,0.8153050530558553,7.482084752590482,0.0,0.4431609064882762,0.3528969931167733,0.22453030120573714,0.7065109080645651,-16.912424525223415
726,727.0,0.9027438582465307,0.8208534566119897,0.0,0.37798984576518857,0.3528969931167733,0.22453030120573714,0.7065109080645651,-16.912424525223415
727,728.0,0.842552782054301,9.62051443559454,0.0,0.48590764729559993,0.3528969931167733,0.22453030120573714,0.7065109080645651,-16.912424525223415
728,729.0,0.07098924780284988,8.810008507885536,0.07098924780284988,8.810008507885536,2.6408090810288622,0.6142136762943171,2.220446049250313e-16,-2.823773661339337
729,730.0,0.3107232712141227,7.474089136489427,0.3107232712141227,7.474089136489427,2.6408090776356885,0.614213675899716,1.3479453109255246e-09,-2.823773670333633
730,731.0,0.8610951340911971,0.6524513442503627,0.1403572061559688,0.5086175888016781,0.01953290111817951,0.05282437359263446,0.9814856124958492,-37.170956031961396
731,732.0,0.814976429963287,0.4673708684762286,0.14035767387083967,0.508617168899965,0.019532901121063706,0.05282437359653441,0.9814856639801582,-37.17095603092779
732,733.0,0.46320735727322526,3.861717475550543,0.14035728882661067,0.5086178739213534,0.019532901118095462,0.0528243735925208,0.9814855779149013,-37.170956031991516
733,734.0,0.910000826188187,3.588087525759637,0.14035747766514445,0.5086178149341476,0.01953290111793017,0.05282437359229729,0.9814855852641129,-37.17095603205075
734,735.0,0.4232605702766611,3.6805474710381723,0.14035797416443427,0.5086174365964424,0.019532901122348005,0.05282437359827103,0.9814856317205694,-37.17095603046753
735,736.0,0.23464423895311026,9.87726329351378,0.23464423895311026,9.87726329351378,2.6408090810288622,0.6142136762943171,2.220446049250313e-16,-2.823773661339337
736,737.0,0.011811092449004024,0.43672212638077773,0.14035736337553928,0.508617630458931,0.019532901117829946,0.05282437359216178,0.9814856075809828,-37.17095603208667
737,738.0,0.31511515161722203,6.24897520822578,0.3151271864348153,6.24897449768304,2.6408088582168503,0.6142136503829045,8.80301441741338e-08,-2.8237742519477846
738,739.0,0.8434295795128285,0.010231256099951198,0.0,0.4306924136703708,0.3528969931167733,0.22453030120573714,0.7065109080645651,-16.912424525223415
739,740.0,0.8163220255178905,9.389655308760918,0.0,0.48294730148994935,0.3528969931167733,0.22453030120573714,0.7065109080645651,-16.912424525223415
740,741.0,0.7781917448038109,0.10564980382878436,0.14035738359369543,0.5086177657896239,0.019532901117803193,0.052824373592125586,0.9814855911492547,-37.17095603209626
741,742.0,0.27202544990098954,0.16609042539480395,0.1403577000678542,0.5086175303876177,0.01953290111919217,0.05282437359400375,0.9814856200629333,-37.17095603159849
742,743.0,0.9217545406087607,6.434539567537544,0.0,0.40315595489402906,0.3528969931167733,0.22453030120573714,0.7065109080645651,-16.912424525223415
743,744.0,0.5074198497242747,1.1050711277259455,0.1403573821952004,0.5086176606167094,0.019532901117800792,0.052824373592122324,0.9814856039327997,-37.170956032097116
744,745.0,0.6812645225536164,8.233683554803076,0.0,0.5152276592866456,0.48036952058930077,0.26196224389602973,0.5456161466404716,-14.753768500215731
745,746.0,0.1343041238881073,6.3737152000352575,0.1343041238881073,6.3737152000352575,2.6408090810288622,0.6142136762943171,2.220446049250313e-16,-2.823773661339337
746,747.0,0.2870862511460883,6.442252951256286,0.2870862511460883,6.442252951256286,2.6408090595314224,0.6142136737943218,8.793702654941171e-09,-2.823773718322662
747,748.0,0.5103267242731735,2.3346848798944726,0.0,0.5135802100494504,0.48036952058930077,0.26196224389602973,0.5456161466404716,-14.753768500215731
748,749.0,0.2700699183692683,0.8426582701587656,0.14035763903788878,0.5086176540226098,0.01953290111852681,0.052824373593104094,0.9814856049766001,-37.17095603183694
749,750.0,0.7156174724701244,8.582410873665362,0.0,0.4712159680159921,0.3528969931167733,0.22453030120573714,0.7065109080645651,-16.912424525223415
750,751.0,0.5720137967688552,6.651171342949702,1.1102230246251565e-16,0.47436691943362264,0.3528969931167733,0.22453030120573714,0.7065109080645651,-16.912424525223415
751,752.0,0.05177845480160359,8.948621978311632,0.05177845480160359,8.948621978311632,2.6408090810288622,0.6142136762943171,2.220446049250313e-16,-2.823773661339337
752,753.0,0.9305505923015301,7.566375858587468,0.0,0.4747981483822777,0.3528969931167733,0.22453030120573714,0.7065109080645651,-16.912424525223415
753,754.0,0.924458085006698,5.754968519669586,0.0,0.39060228950584985,0.3528969931167733,0.22453030120573714,0.7065109080645651,-16.912424525223415
754,755.0,0.4290321253916479,7.973122810117236,0.42904660269989664,7.9731218775298895,2.640808705689467,0.6142136326450811,1.2903168589151193e-07,-2.8237746562525903
755,756.0,0.9699214918157057,8.136148658487981,0.0,0.5385130740608026,0.48036952058930077,0.26196224389602973,0.5456161466404716,-14.753768500215731
756,757.0,0.24558779844607392,6.915377569617069,0.24558779844607392,6.915377569617069,2.6408090809097717,0.6142136762804679,5.1248782995116926e-11,-2.823773661655011
757,758.0,0.14484689570829745,2.363025224291151,0.1403563239076236,0.5086163076591507,0.01953290114043496,0.05282437362272804,0.9814857673850943,-37.17095602398571
758,759.0,0.4868318172472599,7.684857093233651,0.14035738506626017,0.5086176490796482,0.01953290111781026,0.052824373592135175,0.9814856053379626,-37.17095603209372
759,760.0,0.9025255952457157,1.1239857508261848,0.0,0.41252372079964067,0.3528969931167733,0.22453030120573714,0.7065109080645651,-16.912424525223415
760,761.0,0.05309401513171941,8.097902105984296,0.05309401513171941,8.097902105984296,2.6408090810288622,0.6142136762943171,2.220446049250313e-16,-2.823773661339337
761,762.0,0.07868197865534055,7.770661317088952,0.07868197865534055,7.770661317088952,2.6408090810288622,0.6142136762943171,2.220446049250313e-16,-2.823773661339337
762,763.0,0.9938318321929123,8.495805584065971,0.0,0.471812223700898,0.3528969931167733,0.22453030120573714,0.7065109080645651,-16.912424525223415
763,764.0,0.11398368092876099,8.930950217490892,0.11398368092876099,8.930950217490892,2.6408090810288622,0.6142136762943171,2.220446049250313e-16,-2.823773661339337
764,765.0,0.6578760984988296,9.939773133204133,0.14035736880650682,0.5086177611489182,0.019532901117803838,0.052824373592126474,0.9814855916993918,-37.17095603209603
765,766.0,0.46741788124215833,9.745930774825105,0.46741788124215833,9.745930774825105,2.640809047948646,0.6142136724473292,1.0871849198679229e-08,-2.82377374902516
766,767.0,0.04479158410290618,1.8088219885918977,0.04480348569372817,1.808821322458079,2.6408090514895832,0.6142136728591144,1.5064250735719042e-08,-2.8237737396391873
767,768.0,0.35890006481624015,7.866109942409315,0.35890006481624015,7.866109942409315,2.6408090612739796,0.6142136739969685,7.3933719146879184e-09,-2.82377371370366
768,769.0,0.8021267430018612,8.033099941182932,0.0,0.46099647853324155,0.3528969931167733,0.22453030120573714,0.7065109080645651,-16.912424525223415
769,770.0,0.6089991503915075,6.39613532047527,0.0,0.4027175060811078,0.3528969931167733,0.22453030120573714,0.7065109080645651,-16.912424525223415
770,771.0,0.9725439684159597,9.530486318751807,0.0,0.5025221354621933,0.48036952058930077,0.26196224389602973,0.5456161466404716,-14.753768500215731
771,772.0,0.15080187311319904,3.119061335438814,0.0,0.4737051479787167,0.3528969931167733,0.22453030120573714,0.7065109080645651,-16.912424525223415
772,773.0,0.6996139324877285,9.545485327482941,1.1102230246251565e-16,0.5025228610967112,0.48036952058930077,0.26196224389602973,0.5456161466404716,-14.753768500215731
773,774.0,0.7945894064152411,6.30367667936958,0.0,0.40120335148534225,0.3528969931167733,0.22453030120573714,0.7065109080645651,-16.912424525223415
774,775.0,0.4552593984180312,0.5075913810930917,0.14035704388989953,0.5086173033803156,0.019532901119891304,0.05282437359494911,0.9814856470373611,-37.17095603134794
775,776.0,0.4017448624767632,6.498145210236183,0.0,0.4031877244858821,0.3528969931167733,0.22453030120573714,0.7065109080645651,-16.912424525223415
776,777.0,0.7270409018901011,2.4079232683021803,0.0,0.3972436125818995,0.3528969931167733,0.22453030120573714,0.7065109080645651,-16.912424525223415
777,778.0,0.1928014186006708,6.3403286144626305,0.1928014186006708,6.3403286144626305,2.640809081025967,0.6142136762939804,1.3244960683778118e-12,-2.823773661347013
778,779.0,0.2437837397698167,6.226692180965739,0.2437837397698167,6.226692180965739,2.6408090793540597,0.6142136760995499,7.222913378512885e-10,-2.8237736657787416
779,780.0,0.9820037288755957,8.574300805290726,0.0,0.5402873205848073,0.48036952058930077,0.26196224389602973,0.5456161466404716,-14.753768500215731
780,781.0,0.5028091125118689,0.0584036058652077,0.14035781919446752,0.5086176705590246,0.019532901119842554,0.052824373594883185,0.9814856031355192,-37.170956031365414
781,782.0,0.35455647901435894,1.1672340111524158,0.1403575577491379,0.5086175543394909,0.019532901118333012,0.05282437359284198,0.9814856170175321,-37.170956031906385
782,783.0,0.7530156924248229,6.339398651525365,0.0,0.4019555611269801,0.3528969931167733,0.22453030120573714,0.7065109080645651,-16.912424525223415
783,784.0,0.776397308962083,2.1254603667500525,0.14035735548896522,0.5086175322791596,0.019532901118006128,0.0528243735924,0.9814856195082493,-37.170956032023525
784,785.0,0.4415020354185848,7.198988339456785,0.0,0.43193756891820756,0.3528969931167733,0.22453030120573714,0.7065109080645651,-16.912424525223415
785,786.0,0.832492303381998,9.354897615590783,0.0,0.5029197721335487,0.48036952058930077,0.26196224389602973,0.5456161466404716,-14.753768500215731
786,787.0,0.11164637216188789,2.1686884161540783,0.14035735548896522,0.5086175322791596,0.019532901118006128,0.0528243735924,0.9814856195082493,-37.170956032023525
787,788.0,0.6176460984231908,7.375484694821664,0.0,0.4403823745953977,0.3528969931167733,0.22453030120573714,0.7065109080645651,-16.912424525223415
788,789.0,0.6274211589441776,6.4943017102675,0.0,0.403189505470475,0.3528969931167733,0.22453030120573714,0.7065109080645651,-16.912424525223415
789,790.0,0.614254607418193,8.760617017778157,0.14035812546141552,0.5086183515747109,0.01953290112550267,0.05282437360253672,0.9814855206370082,-37.170956029337
790,791.0,0.604456391982646,3.5229455955333244,0.0,0.33836792378152963,0.3528969931167733,0.22453030120573714,0.7065109080645651,-16.912424525223415
791,792.0,0.05776913474879852,6.157291244425513,0.05776913474879852,6.157291244425513,2.6408090810288622,0.6142136762943171,2.220446049250313e-16,-2.823773661339337
792,793.0,0.48614927536987373,8.543032895323382,0.48617600954032075,8.543031252193442,2.640808261900941,0.614213581035706,2.6346793846609984e-07,-2.8237758326043405
793,794.0,0.13463376580976194,0.1469146426899261,0.1403575523023619,0.5086176087406169,0.019532901118193308,0.052824373592653094,0.9814856103994254,-37.17095603195645
794,795.0,0.8429101929807081,6.9737872388377085,0.0,0.42887579649200575,0.3528969931167733,0.22453030120573714,0.7065109080645651,-16.912424525223415
795,796.0,0.2198545057922917,3.3446513015858637,0.14035737811067062,0.5086177054933697,0.01953290111778324,0.052824373592098635,0.9814855984737144,-37.170956032103405
796,797.0,0.3393944535199772,8.387860997824422,0.3393944535199772,8.387860997824422,2.640809079645041,0.614213676133389,5.305249572984394e-10,-2.8237736650074368
797,798.0,0.39785408678523493,7.950755320806929,0.39785408678523493,7.950755320806929,2.6408089729822746,0.6142136637292868,3.855881547387696e-08,-2.8237739477387347
798,799.0,0.9817960040686671,1.7700494040795762,0.0,0.3928441267665617,0.3528969931167733,0.22453030120573714,0.7065109080645651,-16.912424525223415
799,800.0,0.7067091669781889,1.2598746428517522,0.14035747783680771,0.5086176832362248,0.019532901117887188,0.052824373592239175,0.981485601273529,-37.17095603206615
800,801.0,0.9170948896729029,7.289639598566112,0.0,0.4386351914647956,0.3528969931167733,0.22453030120573714,0.7065109080645651,-16.912424525223415
801,802.0,0.10816244046118872,3.0472821087899336,0.10816244046118872,3.0472821087899336,2.640809066217074,0.6142136745718143,7.326752982095286e-09,-2.823773700600987
802,803.0,0.6763662588071943,7.865122424325507,0.0,0.4570463717943991,0.3528969931167733,0.22453030120573714,0.7065109080645651,-16.912424525223415
803,804.0,0.16526247412353612,0.26541325532063265,0.14035738672459153,0.5086178176196523,0.01953290111786069,0.05282437359220333,0.9814855848517174,-37.17095603207565
804,805.0,0.21096028948258583,7.100651250399598,0.21096028948258583,7.100651250399598,2.640809081027973,0.6142136762942138,3.985700658404312e-13,-2.8237736613416944
805,806.0,0.7662128674441271,5.114556785920486,0.0,0.39649083327713835,0.3528969931167733,0.22453030120573714,0.7065109080645651,-16.912424525223415
806,807.0,0.9322486567076371,9.320319915961411,0.14035717771043066,0.5086181061300611,0.019532901119493375,0.05282437359441106,0.9814855495816444,-37.17095603149055
807,808.0,0.6269956786115143,3.3714064368042456,0.1403574515835823,0.5086175199327677,0.019532901118115342,0.05282437359254769,0.9814856210998859,-37.17095603198439
808,809.0,0.4750231089271256,0.6931446368978077,0.1403574061015009,0.5086176609807492,0.019532901117808147,0.05282437359213231,0.9814856039111509,-37.17095603209448
809,810.0,0.8436628692849462,4.557233483958449,0.0,0.35582254661104906,0.3528969931167733,0.22453030120573714,0.7065109080645651,-16.912424525223415
810,811.0,0.8519798069924217,9.001110833438446,0.0,0.4787779798500323,0.3528969931167733,0.22453030120573714,0.7065109080645651,-16.912424525223415
811,812.0,0.07514630098134967,9.605731004853453,0.07514630098134967,9.605731004853453,2.6408090810288622,0.6142136762943171,2.220446049250313e-16,-2.823773661339337
812,813.0,0.9033032634927317,2.1409254353067806,0.14035735548896522,0.5086175322791596,0.019532901118006128,0.0528243735924,0.9814856195082493,-37.170956032023525
813,814.0,0.5231301037128074,3.308601238764716,0.14035745161951516,0.5086175199832337,0.019532901118115273,0.0528243735925476,0.9814856210937852,-37.17095603198442
814,815.0,0.8834146238224271,8.92898245959055,0.0,0.47773779043504616,0.3528969931167733,0.22453030120573714,0.7065109080645651,-16.912424525223415
815,816.0,0.9870104654879612,0.31807363987913556,0.14035728072848605,0.5086182665580933,0.019532901120170514,0.05282437359532666,0.9814855301774401,-37.17095603124788
816,817.0,0.12926396248112149,5.106275049693695,0.12926396248112149,5.106275049693695,2.64080908102882,0.6142136762943122,2.0761170560490427e-14,-2.82377366133945
817,818.0,0.3343227170620908,3.916845771704033,0.14035736619804295,0.5086176406244969,0.019532901117818798,0.0528243735921467,0.9814856063479253,-37.170956032090665
818,819.0,0.6504954739268018,2.0992097175513638,0.14035720723108314,0.5086176667843418,0.01953290111811274,0.052824373592544174,0.9814856030172611,-37.17095603198533
819,820.0,0.27578974675781553,6.80209916746009,0.27578974675781553,6.80209916746009,2.640809078391201,0.6142136759875765,1.0940911510104456e-09,-2.8237736683309933
820,821.0,0.19592969957881734,9.687802543942283,0.19592969957881734,9.687802543942283,2.6408090810288622,0.6142136762943171,2.220446049250313e-16,-2.823773661339337
821,822.0,0.9044726859702534,5.931731714201217,0.0,0.3842363070598855,0.3528969931167733,0.22453030120573714,0.7065109080645651,-16.912424525223415
822,823.0,0.8208061470768917,4.166214630367916,0.140357378523402,0.5086177058148119,0.01953290111778318,0.05282437359209854,0.9814855984350301,-37.170956032103426
823,824.0,0.47062369046561225,5.475915952199596,0.0,0.3746723519395178,0.3528969931167733,0.22453030120573714,0.7065109080645651,-16.912424525223415
824,825.0,0.9076552639196354,9.756320949861538,0.0,0.42654309037431204,0.3528969931167733,0.22453030120573714,0.7065109080645651,-16.912424525223415
825,826.0,0.9965828200882983,9.600755795985,0.0,0.4858628345926495,0.3528969931167733,0.22453030120573714,0.7065109080645651,-16.912424525223415
826,827.0,0.7584503339250326,7.274183052460928,0.0,0.4373019180670017,0.3528969931167733,0.22453030120573714,0.7065109080645651,-16.912424525223415
827,828.0,0.5469027946820515,7.7456241984929175,0.14035741500456722,0.5086181855065732,0.019532901119333937,0.05282437359419546,0.9814855401575325,-37.17095603154768
828,829.0,0.3259812792467637,4.599684181807299,0.0,0.41071919142668983,0.3528969931167733,0.22453030120573714,0.7065109080645651,-16.912424525223415
829,830.0,0.7597087374402529,9.912035150089647,0.1403573807180557,0.5086177319826239,0.019532901117785807,0.052824373592102104,0.9814855952561341,-37.17095603210249
830,831.0,0.35632023315839956,5.319885059269414,0.0,0.4433007808472798,0.3528969931167733,0.22453030120573714,0.7065109080645651,-16.912424525223415
831,832.0,0.5656707826231322,0.9515409651044489,0.14035736785811012,0.5086182313889998,0.019532901119693663,0.05282437359468186,0.9814855345353133,-37.17095603141877
832,833.0,0.3635655936813009,3.6270384103433044,0.14035743924545924,0.5086177179710487,0.01953290111781449,0.05282437359214088,0.981485597014715,-37.17095603209221
833,834.0,0.11490833434635861,2.327547812975746,0.14035619508261488,0.5086159363448639,0.019532901150486004,0.05282437363631898,0.9814858123961286,-37.17095602038373
834,835.0,0.6011933094990353,0.1910619009289762,0.14035703215802686,0.5086171755554034,0.01953290112071943,0.052824373596068924,0.9814856625644804,-37.17095603105116
835,836.0,0.7057227787068713,4.753976707947542,0.0,0.6457171799476891,0.48036952058930077,0.26196224389602973,0.5456161466404716,-14.753768500215731
836,837.0,0.711761872290566,5.750966489949432,0.0,0.3890279114127336,0.3528969931167733,0.22453030120573714,0.7065109080645651,-16.912424525223415
837,838.0,0.9975534468858918,9.315041626430165,0.1403573671862787,0.508617756919241,0.019532901117801604,0.05282437359212346,0.981485592212021,-37.170956032096825
838,839.0,0.7858928819945548,4.001343471545172,0.14035766258386342,0.5086179600153439,0.019532901118894497,0.05282437359360122,0.9814855678021754,-37.17095603170517
839,840.0,0.9559377477024229,3.048036799686507,0.0,0.44412691255387526,0.3528969931167733,0.22453030120573714,0.7065109080645651,-16.912424525223415
840,841.0,0.21406012261802765,6.861497754692233,0.21406012261802765,6.861497754692233,2.640809081024705,0.6142136762938338,1.8565149417781868e-12,-2.823773661350357
841,842.0,0.0005940785294662465,3.858164314288673,0.0005940785294662465,3.858164314288673,2.6408090810288622,0.6142136762943171,2.220446049250313e-16,-2.823773661339337
842,843.0,0.966887091254925,4.246443496205357,0.14035745100385746,0.5086175737699752,0.01953290111798254,0.05282437359236811,0.9814856145549087,-37.17095603203198
843,844.0,0.3622287546671862,1.5014543704801078,0.14035743528871517,0.5086177090879896,0.019532901117810798,0.05282437359213588,0.9814855980908047,-37.17095603209353
844,845.0,0.009207941630258731,5.933842657219398,0.009207941630258731,5.933842657219398,2.6408090810288622,0.6142136762943171,2.220446049250313e-16,-2.823773661339337
845,846.0,0.07071449643513272,9.596485930257705,0.07071449643513272,9.596485930257705,2.6408090810288622,0.6142136762943171,2.220446049250313e-16,-2.823773661339337
846,847.0,0.49134135176037064,5.750912836399487,0.0,0.38822239488474336,0.3528969931167733,0.22453030120573714,0.7065109080645651,-16.912424525223415
847,848.0,0.853107387623102,0.6834608479831655,0.1403569537809797,0.5086172465538474,0.019532901120849336,0.05282437359624457,0.9814856538592778,-37.17095603100461
848,849.0,0.9435095235830914,1.9050704525680446,0.14035732407580903,0.508617468398861,0.019532901118205086,0.05282437359266906,0.9814856272437885,-37.17095603195223
849,850.0,0.1997922815638652,4.8556452812318,0.1997922815638652,4.8556452812318,2.6408090679483616,0.6142136747731504,5.937080493900737e-09,-2.823773696011857
850,851.0,0.5208115221077853,7.986948284655407,0.0,0.548456227510054,0.48036952058930077,0.26196224389602973,0.5456161466404716,-14.753768500215731
851,852.0,0.5424726458211738,0.7119471211494379,0.14035747089134415,0.5086178236673533,0.01953290111793022,0.05282437359229737,0.9814855841961024,-37.17095603205073
852,853.0,0.761071933506636,7.635664253056244,1.1102230246251565e-16,0.38785160315871564,0.3528969931167733,0.22453030120573714,0.7065109080645651,-16.912424525223415
853,854.0,0.016828246553861503,2.5050048617555527,0.016828246553861503,2.5050048617555527,2.6408090810288622,0.6142136762943171,2.220446049250313e-16,-2.823773661339337
854,855.0,0.7342700166213973,3.5572695180999134,0.0,0.4025824624061472,0.3528969931167733,0.22453030120573714,0.7065109080645651,-16.912424525223415
855,856.0,0.008962341578811706,7.397701640132904,0.008962341578811706,7.397701640132904,2.6408090810288622,0.6142136762943171,2.220446049250313e-16,-2.823773661339337
856,857.0,0.9110346026565902,3.172668101192962,0.0,0.6398072241996726,0.48036952058930077,0.26196224389602973,0.5456161466404716,-14.753768500215731
857,858.0,0.9513382583478658,9.56662659706002,0.0,0.48551412943267797,0.3528969931167733,0.22453030120573714,0.7065109080645651,-16.912424525223415
858,859.0,0.20501341295736453,2.181436759980176,0.1403572770666061,0.508617559852079,0.01953290111803212,0.05282437359243514,0.9814856160822288,-37.17095603201422
859,860.0,0.5493252635883197,0.6786758924971269,0.1403567695062181,0.5086173867148156,0.019532901122120565,0.05282437359796352,0.981485636645169,-37.170956030549036
860,861.0,0.9267279810044229,1.0146679570828225,0.0,0.44894984924709713,0.3528969931167733,0.22453030120573714,0.7065109080645651,-16.912424525223415
861,862.0,0.5729709777100426,0.31493632732584137,0.14035738739220924,0.5086176060366097,0.01953290111786169,0.05282437359220472,0.9814856105724775,-37.170956032075296
862,863.0,0.8759973467523628,5.835761025711454,0.0,0.39061347764116267,0.3528969931167733,0.22453030120573714,0.7065109080645651,-16.912424525223415
863,864.0,0.4194794323462171,8.882142160755121,0.4194794323462171,8.882142160755121,2.640809051596378,0.6142136728715338,1.0234064817815636e-08,-2.823773739356106
864,865.0,0.6468242718666761,0.5903760123491242,0.14035736440114285,0.5086177099329279,0.01953290111778675,0.05282437359210337,0.981485597921069,-37.17095603210215
865,866.0,0.9994313114901436,6.5563094838289535,0.0,0.3931914701845915,0.3528969931167733,0.22453030120573714,0.7065109080645651,-16.912424525223415
866,867.0,0.2493375187117881,0.17331739961631673,0.1403573808268461,0.5086177219569202,0.01953290111778359,0.052824373592099114,0.9814855964749668,-37.170956032103284
867,868.0,0.497360715829953,1.8382432958798487,0.14035738245073953,0.5086177990662176,0.019532901117836413,0.05282437359217052,0.9814855871030457,-37.17095603208435
868,869.0,0.24364129205867313,7.15128787915935,0.24364129205867313,7.15128787915935,2.640809080991682,0.6142136762899933,1.603739363531531e-11,-2.823773661437891
869,870.0,0.9891964821559754,9.406457420422289,0.0,0.5088772234290153,0.48036952058930077,0.26196224389602973,0.5456161466404716,-14.753768500215731
870,871.0,0.2988318213885205,0.5526914201551881,0.14035745533537958,0.5086177595598773,0.0195329011178455,0.0528243735921828,0.981485591974357,-37.170956032081094
871,872.0,0.39545109635273856,9.115441107641262,0.39545109635273856,9.115441107641262,2.6408090759302834,0.6142136757013896,1.8248403899079335e-09,-2.823773674854155
872,873.0,0.5258697516985137,7.297691097277924,0.0,0.4379509761619375,0.3528969931167733,0.22453030120573714,0.7065109080645651,-16.912424525223415
873,874.0,0.5421895068522825,3.696211762947608,0.14035763096661832,0.5086176407141254,0.01953290111850163,0.05282437359307001,0.9814856065867843,-37.17095603184596
874,875.0,0.5720076786498646,5.148091000055944,0.0,0.6037598877678931,0.48036952058930077,0.26196224389602973,0.5456161466404716,-14.753768500215731
875,876.0,0.7670106285411782,9.011217164842101,0.0,0.47883332377958,0.3528969931167733,0.22453030120573714,0.7065109080645651,-16.912424525223415
876,877.0,0.1514021761712594,7.599380005217757,0.1514021761712594,7.599380005217757,2.6408090810288622,0.6142136762943171,2.220446049250313e-16,-2.823773661339337
877,878.0,0.553197500052288,8.548016177604245,0.0,0.47162581268367004,0.3528969931167733,0.22453030120573714,0.7065109080645651,-16.912424525223415
878,879.0,0.13811730019129576,6.1291286154404085,0.13811730019129576,6.1291286154404085,2.640809081028862,0.6142136762943171,3.3306690738754696e-16,-2.82377366133934
879,880.0,0.1323525569544708,9.302088859502046,0.1323525569544708,9.302088859502046,2.6408090810288622,0.6142136762943171,2.220446049250313e-16,-2.823773661339337
880,881.0,0.5896347138184731,4.0278810116623145,0.1403574687083621,0.508618523112054,0.01953290112232522,0.052824373598240236,0.9814854991679786,-37.1709560304757
881,882.0,0.805206149207217,2.0492651887839375,0.0,0.5245306295905822,0.48036952058930077,0.26196224389602973,0.5456161466404716,-14.753768500215731
882,883.0,0.03545107132539793,3.4927797529969338,0.03545107132539793,3.4927797529969338,2.6408090810288622,0.6142136762943171,2.220446049250313e-16,-2.823773661339337
883,884.0,0.0807146626598213,0.2867728240764662,0.14035744875699036,0.5086177871085156,0.01953290111785673,0.052824373592198014,0.9814855886193152,-37.17095603207707
884,885.0,0.4636706956360169,5.6289101075231525,0.0,0.5469430391154985,0.48036952058930077,0.26196224389602973,0.5456161466404716,-14.753768500215731
885,886.0,0.030508777040579527,3.7157900772250723,0.030508777040579527,3.7157900772250723,2.6408090810288622,0.6142136762943171,2.220446049250313e-16,-2.823773661339337
886,887.0,0.5723387637570988,3.974781435181619,0.14035735619915637,0.5086177219707475,0.019532901117792274,0.052824373592110827,0.9814855964499836,-37.170956032100165
887,888.0,0.5733110058250663,0.024254432815788422,0.14035739598617153,0.5086176530014058,0.019532901117809736,0.05282437359213444,0.9814856048715587,-37.17095603209391
888,889.0,0.7395456088721816,2.113648143651663,0.0,0.5042634237517074,0.48036952058930077,0.26196224389602973,0.5456161466404716,-14.753768500215731
889,890.0,0.041009314977302314,4.258725367852984,0.041009314977302314,4.258725367852984,2.6408090810288622,0.6142136762943171,2.220446049250313e-16,-2.823773661339337
890,891.0,0.9011978021310044,2.3117438230016703,0.14035735548896522,0.5086175322791596,0.019532901118006128,0.0528243735924,0.9814856195082493,-37.170956032023525
891,892.0,0.49202102606380094,4.606684013664353,0.0,0.40336205605965364,0.3528969931167733,0.22453030120573714,0.7065109080645651,-16.912424525223415
892,893.0,0.6302362210887323,7.506541016936215,0.0,0.44222961349740125,0.3528969931167733,0.22453030120573714,0.7065109080645651,-16.912424525223415
893,894.0,0.5323838239354378,3.6194675118042574,0.14035735410424424,0.5086171958801732,0.01953290111962282,0.05282437359458607,0.9814856603992754,-37.170956031444156
894,895.0,0.03800948022301731,4.714453159035818,0.03800948022301731,4.714453159035818,2.6408090810288622,0.6142136762943171,2.220446049250313e-16,-2.823773661339337
895,896.0,0.15574847586211715,9.827644106909021,0.15574847586211715,9.827644106909021,2.6408090810288622,0.6142136762943171,2.220446049250313e-16,-2.823773661339337
896,897.0,0.13981614976161083,3.5156712051569747,0.13981614976161083,3.5156712051569747,2.6408090395026225,0.6142136714651183,2.0027227765062605e-08,-2.823773771413058
897,898.0,0.21243125425769205,4.613913408546867,0.2124421344433391,4.61391283123089,2.6408089487696906,0.61421366091354,5.9178839939555417e-08,-2.8237740119191024
898,899.0,0.658863585954982,9.925574231455892,0.140357288120131,0.5086178025564289,0.019532901117956483,0.05282437359233284,0.9814855865894365,-37.170956032041325
899,900.0,0.5668907884824319,3.126649128767108,0.14035737936838877,0.5086177067814761,0.01953290111778303,0.05282437359209835,0.9814855983183213,-37.17095603210348
900,901.0,0.4137908916378411,3.1440852420997705,0.14035720975726232,0.508618608044572,0.019532901124054522,0.0528243736005786,0.981485488597596,-37.17095602985597
901,902.0,0.32199851753391073,7.380943073515177,0.32199851753391073,7.380943073515177,2.6408090714933974,0.6142136751854123,3.735352360756394e-09,-2.823773686615021
902,903.0,0.8941393472551176,7.396667185418271,0.0,0.44085329037897186,0.3528969931167733,0.22453030120573714,0.7065109080645651,-16.912424525223415
903,904.0,0.48434652694711644,7.261599077080218,0.0,0.4360977075105686,0.3528969931167733,0.22453030120573714,0.7065109080645651,-16.912424525223415
904,905.0,0.5368712315926403,8.30204197093204,0.0,0.4663100648388465,0.3528969931167733,0.22453030120573714,0.7065109080645651,-16.912424525223415
905,906.0,0.34750707621589383,7.561656831261985,0.34750707621589383,7.561656831261985,2.6408090560058355,0.6142136733843218,9.497499675603649e-09,-2.8237737276679447
906,907.0,0.3506674465777886,1.0583442471890832,0.14035758531685857,0.5086175183668423,0.019532901118555136,0.05282437359314234,0.9814856214162988,-37.17095603182678
907,908.0,0.8163620639024269,7.249591497196955,0.0,0.43626033894347044,0.3528969931167733,0.22453030120573714,0.7065109080645651,-16.912424525223415
908,909.0,0.18864215937674278,4.693220403525373,0.18864215937674278,4.693220403525373,2.6408090713822334,0.6142136751724846,4.43244607684079e-09,-2.823773686909684
909,910.0,0.7909127702161832,5.989301666349256,0.0,0.40419626452879653,0.3528969931167733,0.22453030120573714,0.7065109080645651,-16.912424525223415
910,911.0,0.09503383934626464,0.8321248567850732,0.14035731575570115,0.5086178018269617,0.019532901117901978,0.052824373592259166,0.981485586704303,-37.17095603206086
911,912.0,0.29321663587582947,0.9700487063492285,0.1403573814041296,0.5086176767983897,0.019532901117791074,0.052824373592109196,0.9814856019650021,-37.1709560321006
912,913.0,0.4353391745421856,8.585968827732346,0.4353391745421856,8.585968827732346,2.640808964266006,0.6142136627156484,3.984173269078184e-08,-2.823773970842973
913,914.0,0.37927517962082147,2.9474265577746204,0.14035696535803,0.5086185513190351,0.019532901125310594,0.05282437360227702,0.9814854952602978,-37.17095602940583
914,915.0,0.8616458264223992,4.825913750116297,0.0,0.37901118736723494,0.3528969931167733,0.22453030120573714,0.7065109080645651,-16.912424525223415
915,916.0,0.9227887803214537,9.366441062240199,0.0,0.554459620996976,0.48036952058930077,0.26196224389602973,0.5456161466404716,-14.753768500215731
916,917.0,0.7523079465182667,0.05490280753473795,0.14035738262888478,0.5086176964424767,0.01953290111778427,0.0528243735921,0.9814855995782185,-37.17095603210304
917,918.0,0.29174660327206314,8.286143731320474,0.29174660327206314,8.286143731320474,2.640809080976141,0.6142136762881861,2.1441959319190573e-11,-2.823773661479086
918,919.0,0.2154311749656137,2.187369463719308,0.0,0.6187417189616947,0.48036952058930077,0.26196224389602973,0.5456161466404716,-14.753768500215731
919,920.0,0.4984579131197815,0.45950588337068116,0.14035698748850736,0.5086180445057982,0.019532901120503328,0.05282437359577671,0.9814855568915853,-37.17095603112861
920,921.0,0.03257311340557445,1.5623120556422867,0.03260708623012229,1.5623101016497516,2.6408090158709365,0.6142136687169255,3.328989961470796e-08,-2.823773834053636
921,922.0,0.8996842413772524,4.922246575463577,0.0,0.38845222768921434,0.3528969931167733,0.22453030120573714,0.7065109080645651,-16.912424525223415
922,923.0,0.190842407258484,4.740506390064811,0.190842407258484,4.740506390064811,2.640809071545277,0.6142136751914454,4.3471356514501736e-09,-2.8237736864775034
923,924.0,0.8940335968934049,8.06295509097444,0.1403571263699666,0.5086177703938315,0.01953290111854399,0.05282437359312731,0.9814855903455436,-37.17095603183078
924,925.0,0.35313651265167145,8.766464888964249,0.35313651265167145,8.766464888964249,2.640809079906635,0.6142136761638104,4.22992418869228e-10,-2.8237736643140288
925,926.0,0.5699030669813447,9.969649538542638,0.569922429270797,9.969648339501871,2.640808392150916,0.6142135961828304,2.0200114481117026e-07,-2.82377548735027
926,927.0,0.1743254843762162,3.0254191620189386,0.1403573825549217,0.5086177047849673,0.019532901117783007,0.052824373592098295,0.981485598564032,-37.17095603210349
927,928.0,0.6225097407690185,0.6349158311158396,0.1403573442490797,0.5086176255150407,0.019532901117844458,0.05282437359218139,0.9814856081638635,-37.17095603208146
928,929.0,0.6274080040570029,0.8676668113321903,0.14035737128027878,0.5086177340095847,0.019532901117788524,0.052824373592105775,0.981485595000807,-37.170956032101515
929,930.0,0.9643809466617655,4.161519596765989,0.14035738582634782,0.5086178346838399,0.019532901117888156,0.052824373592240466,0.9814855827765291,-37.1709560320658
930,931.0,0.5706541058243366,0.9006251542709155,0.1403573835613304,0.5086176914711767,0.01953290111778553,0.05282437359210171,0.9814856001834135,-37.17095603210259
931,932.0,0.8278150110540817,4.153815697063237,0.14035737843306237,0.5086177062352794,0.019532901117783164,0.052824373592098524,0.9814855983838324,-37.17095603210343
932,933.0,0.24770861963814428,7.534774037785944,0.24770861963814428,7.534774037785944,2.6408090810168092,0.6142136762929155,5.173528272450767e-12,-2.8237736613712867
933,934.0,0.12031445249454009,4.317462032388398,0.12031445249454009,4.317462032388398,2.640809081026155,0.6142136762940024,1.326938559031987e-12,-2.8237736613465136
934,935.0,0.7855505804968742,5.128526623611037,0.0,0.4308055847730552,0.3528969931167733,0.22453030120573714,0.7065109080645651,-16.912424525223415
935,936.0,0.9642770814669807,1.4307441905756235,0.0,0.4221422302073873,0.3528969931167733,0.22453030120573714,0.7065109080645651,-16.912424525223415
936,937.0,0.45628485785323936,0.8853976984388595,0.14035737805811138,0.50861772311638,0.019532901117784125,0.0528243735920998,0.9814855963314032,-37.17095603210309
937,938.0,0.6597929121074679,9.40429356585893,0.0,0.5427609686798769,0.48036952058930077,0.26196224389602973,0.5456161466404716,-14.753768500215731
938,939.0,0.728040933899334,3.655838896980567,0.14035754030130743,0.5086181584728042,0.019532901119294226,0.052824373594141764,0.9814855435622025,-37.170956031561914
939,940.0,0.5132370037573685,5.365386212683748,0.0,0.4500392094804719,0.3528969931167733,0.22453030120573714,0.7065109080645651,-16.912424525223415
940,941.0,0.06859727474896227,5.728265196775284,0.06859727474896227,5.728265196775284,2.6408090810288622,0.6142136762943171,2.220446049250313e-16,-2.823773661339337
941,942.0,0.1070626793340459,8.664732671044627,0.1070626793340459,8.664732671044627,2.6408090810288622,0.6142136762943171,2.220446049250313e-16,-2.823773661339337
942,943.0,0.09378191669177571,3.3110161974748227,0.09378191669177571,3.3110161974748227,2.6408090809822204,0.614213676288893,2.329270110124071e-11,-2.8237736614629707
943,944.0,0.1465392788127915,0.562761086536357,0.14035737134609025,0.5086176925365259,0.019532901117786484,0.05282437359210299,0.9814856000423543,-37.17095603210225
944,945.0,0.6404856052440796,4.75739902928521,0.0,0.35456675504516155,0.3528969931167733,0.22453030120573714,0.7065109080645651,-16.912424525223415
945,946.0,0.7039326748525052,5.472881357662511,0.0,0.37432437549419195,0.3528969931167733,0.22453030120573714,0.7065109080645651,-16.912424525223415
946,947.0,0.3262813071129458,2.8982638666098763,0.0,0.44389904049538187,0.3528969931167733,0.22453030120573714,0.7065109080645651,-16.912424525223415
947,948.0,0.9302206123944883,6.521680982022784,0.0,0.41973609100577663,0.3528969931167733,0.22453030120573714,0.7065109080645651,-16.912424525223415
948,949.0,0.6641366458711684,9.93238992544249,0.1403573756849082,0.5086177080940905,0.019532901117783472,0.05282437359209894,0.9814855981552748,-37.17095603210332
949,950.0,0.35497282391750884,2.057602549847449,0.0,0.6057658729505542,0.48036952058930077,0.26196224389602973,0.5456161466404716,-14.753768500215731
950,951.0,0.45241183591753,1.243866398547062,0.14035728111200782,0.5086177334818238,0.019532901117903373,0.052824373592261054,0.9814855949795636,-37.17095603206035
951,952.0,0.9906161147441163,1.537925142989466,0.1403573783818631,0.5086177132587948,0.019532901117783073,0.05282437359209838,0.9814855975300023,-37.17095603210347
952,953.0,0.9475444724863198,4.68147668066981,0.0,0.44887999404489703,0.3528969931167733,0.22453030120573714,0.7065109080645651,-16.912424525223415
953,954.0,0.5502395964539967,9.060398526181134,0.5502946635157414,9.060394884649915,2.6408070518854547,0.614213440319691,6.077120131564584e-07,-2.823779039997497
954,955.0,0.7016614240652786,0.30932877625391014,0.14035768753408703,0.5086176664594309,0.019532901118803434,0.05282437359347808,0.9814856035103652,-37.1709560317378
955,956.0,0.9717765115985721,7.603512159087786,0.0,0.4072773783353492,0.3528969931167733,0.22453030120573714,0.7065109080645651,-16.912424525223415
956,957.0,0.06089408944489094,2.283383480129302,0.06089408944489094,2.283383480129302,2.640809079536772,0.6142136761207979,7.57396367845331e-10,-2.8237736652944267
957,958.0,0.9841598605292023,2.9560149732346708,0.14035748415317525,0.5086176148628263,0.019532901117974715,0.05282437359235751,0.9814856095909588,-37.17095603203479
958,959.0,0.7583513335150958,8.186175128925099,0.0,0.45670047785410606,0.3528969931167733,0.22453030120573714,0.7065109080645651,-16.912424525223415
959,960.0,0.5102115294711915,9.824728744234369,0.5102115294711915,9.824728744234369,2.6408089408679314,0.6142136599946229,4.3873550015227636e-08,-2.8237740328643177
960,961.0,0.8010784365728952,6.509198947498268,0.0,0.40603175588843554,0.3528969931167733,0.22453030120573714,0.7065109080645651,-16.912424525223415
961,962.0,0.15307853154329631,7.18752299389806,0.15307853154329631,7.18752299389806,2.6408090810288622,0.6142136762943171,2.220446049250313e-16,-2.823773661339337
962,963.0,0.21067777537966337,6.113898283039806,0.21067777537966337,6.113898283039806,2.6408090809364158,0.6142136762835664,4.1448178222935894e-11,-2.8237736615843856
963,964.0,0.17060208735463167,2.859783940616459,0.14035560445074946,0.5086169752609424,0.019532901152506367,0.052824373639050876,0.9814856855318788,-37.17095601965969
964,965.0,0.22246664697807395,8.926225159452024,0.22246664697807395,8.926225159452024,2.640809081028861,0.6142136762943171,5.551115123125783e-16,-2.8237736613393407
965,966.0,0.07115332001945507,5.691462047711784,0.07115332001945507,5.691462047711784,2.6408090810288622,0.6142136762943171,2.220446049250313e-16,-2.823773661339337
966,967.0,0.20912874068572895,2.7938408878661596,0.0,0.5742856457866946,0.48036952058930077,0.26196224389602973,0.5456161466404716,-14.753768500215731
967,968.0,0.06457482568144024,4.569412381342638,0.06457482568144024,4.569412381342638,2.6408090810288622,0.6142136762943171,2.220446049250313e-16,-2.823773661339337
968,969.0,0.5327416739862908,8.91828813199079,0.5327879036728039,8.918285156593331,2.6408074600734572,0.6142134877889954,4.948373308888421e-07,-2.8237779580116724
969,970.0,0.29029026682081427,8.359440772332077,0.29029026682081427,8.359440772332077,2.640809080992803,0.6142136762901238,1.4692025374074547e-11,-2.8237736614349194
970,971.0,0.9989804091870662,2.7798158550094643,0.14035733219661922,0.5086178138135345,0.0195329011178953,0.05282437359225012,0.981485585262778,-37.17095603206325
971,972.0,0.21552211390408083,3.994941991836979,0.14035740598466362,0.5086175938419626,0.019532901117890362,0.05282437359224347,0.9814856120724346,-37.170956032065014
972,973.0,0.8967434317684825,2.6602546592054033,0.14035735548896522,0.5086175322791596,0.019532901118006128,0.0528243735924,0.9814856195082493,-37.170956032023525
973,974.0,0.2337741641380503,1.1707930740416501,0.14035720955469272,0.5086172481287115,0.019532901119442933,0.05282437359434282,0.981485653911134,-37.170956031508624
974,975.0,0.26315623459525117,2.5318739767002656,0.1403574214997705,0.5086175511107509,0.019532901117990525,0.05282437359237889,0.9814856172814926,-37.170956032029125
975,976.0,0.9941734075799126,7.742666987658814,0.14035737906074383,0.5086177071459246,0.01953290111778303,0.052824373592098316,0.9814855982737278,-37.17095603210348
976,977.0,0.4777596709727505,0.4421718485338944,0.14035744335159306,0.5086175700131697,0.019532901117977924,0.052824373592361876,0.9814856150043594,-37.17095603203364
977,978.0,0.8162372398074632,3.966617809326266,0.14035735895647547,0.5086176842971607,0.01953290111779324,0.05282437359211212,0.9814856010322119,-37.170956032099824
978,979.0,0.9997812285278493,6.61976937693245,0.0,0.483785031851929,0.3528969931167733,0.22453030120573714,0.7065109080645651,-16.912424525223415
979,980.0,0.49962118118469356,4.207422096114149,0.0,0.3901299087488525,0.3528969931167733,0.22453030120573714,0.7065109080645651,-16.912424525223415
980,981.0,0.5398024866227623,4.5697990842657585,0.0,0.3664946679304743,0.3528969931167733,0.22453030120573714,0.7065109080645651,-16.912424525223415
981,982.0,0.6332539607810725,2.8358872187358086,0.1403570280113936,0.5086183609459354,0.019532901122560658,0.052824373598558606,0.9814855184627601,-37.170956030391324
982,983.0,0.28585296062964005,8.047792569883196,0.28585296062964005,8.047792569883196,2.6408090809569496,0.6142136762859542,2.946121124836054e-11,-2.823773661529957
983,984.0,0.8779661402078135,9.576990210956527,0.0,0.4855508155936796,0.3528969931167733,0.22453030120573714,0.7065109080645651,-16.912424525223415
984,985.0,0.040561541740863905,7.224233123993256,0.040561541740863905,7.224233123993256,2.6408090810288622,0.6142136762943171,2.220446049250313e-16,-2.823773661339337
985,986.0,0.29687087839460113,1.0364690006882171,0.14035737585110705,0.5086176952218541,0.01953290111778502,0.05282437359210104,0.9814855997201866,-37.170956032102765
986,987.0,0.0677785737924751,3.2439255039681694,0.0677785737924751,3.2439255039681694,2.640809081028853,0.614213676294316,4.9960036108132044e-15,-2.823773661339362
987,988.0,0.7163544834974425,7.50427908415659,0.0,0.44206872562323213,0.3528969931167733,0.22453030120573714,0.7065109080645651,-16.912424525223415
988,989.0,0.5702195261975289,4.205891318809923,0.0,0.3525123256157196,0.3528969931167733,0.22453030120573714,0.7065109080645651,-16.912424525223415
989,990.0,0.3992473369768237,5.761396380344935,0.0,0.3896578454729681,0.3528969931167733,0.22453030120573714,0.7065109080645651,-16.912424525223415
990,991.0,0.19299757926672834,9.983326409617087,0.19299757926672834,9.983326409617087,2.6408090810288622,0.6142136762943171,2.220446049250313e-16,-2.823773661339337
991,992.0,0.3136606890574425,6.481292419311238,0.3136606890574425,6.481292419311238,2.640808982937639,0.6142136648870232,3.882516907971478e-08,-2.8237739213500213
992,993.0,0.5328811555733421,1.594898760692824,0.0,0.5352116630252889,0.48036952058930077,0.26196224389602973,0.5456161466404716,-14.753768500215731
993,994.0,0.544261720575803,0.9875442729463003,0.14035757966624635,0.5086178622622535,0.01953290111828643,0.052824373592779056,0.9814855796070704,-37.170956031923076
994,995.0,0.3141322827264733,9.811068223111267,0.3141322827264733,9.811068223111267,2.6408090810263514,0.6142136762940251,9.935385847370526e-13,-2.823773661345993
995,996.0,0.3478594657942071,5.062185251841395,0.1403573747326347,0.5086175889574014,0.0195329011178867,0.052824373592238516,0.9814856126366539,-37.17095603206633
996,997.0,0.611317533539654,6.5198535973440634,0.0,0.40618084965572776,0.3528969931167733,0.22453030120573714,0.7065109080645651,-16.912424525223415
997,998.0,0.24760015055156748,4.428707677837115,0.0,0.3495931721354315,0.3528969931167733,0.22453030120573714,0.7065109080645651,-16.912424525223415
998,999.0,0.1398609737461466,9.981619662840616,0.1398609737461466,9.981619662840616,2.6408090810288622,0.6142136762943171,2.220446049250313e-16,-2.823773661339337
999,1000.0,0.6809001345595999,3.142655728753114,0.1403576617807232,0.5086178826902243,0.019532901118707754,0.052824373593348746,0.9814855772011206,-37.17095603177209
