,iteration,init_sigma,init_center,est_sigma,est_center,ss_res,nrmse,r_squared,aic
0,1.0,0.9725936735129483,2.2912793251216144,0.13834679283058313,0.49309062591954933,0.017124686239827713,0.04946093153739442,0.9821782740801495,-38.09201056073225
1,2.0,0.7031306085016655,9.246096670797826,0.0,0.4846887185393011,0.33909955362248556,0.22009723618128604,0.6785130506792842,-17.19160186686373
2,3.0,0.9624660264976415,5.507164183197067,1.1102230246251565e-16,0.593850841099905,0.466425704455003,0.25813222095192195,0.5579931347456221,-14.95996677436371
3,4.0,0.4287636867706516,5.872793209752407,0.0,0.400673860917097,0.33909955362248556,0.22009723618128604,0.6785130506792842,-17.19160186686373
4,5.0,0.02407701135032092,3.3988502458547742,0.02407701135032092,3.3988502458547742,2.7514403959339453,0.6269472973901788,0.0,-2.536499159135812
5,6.0,0.16100069581757814,4.2662778208342464,0.16100069581757814,4.2662778208342464,2.751440391462515,0.6269472968807455,2.130804754862936e-09,-2.536499170511676
6,7.0,0.5928040015136579,0.5125599075079464,0.0,0.45088311081488347,0.33909955362248556,0.22009723618128604,0.6785130506792842,-17.19160186686373
7,8.0,0.9922162729481271,5.111472946253055,0.0,0.35649857207857016,0.33909955362248556,0.22009723618128604,0.6785130506792842,-17.19160186686373
8,9.0,0.02208511049481887,0.09826786893926487,0.13834673508551149,0.4930905009939412,0.017124686239890767,0.04946093153748547,0.9821782740797546,-38.09201056070647
9,10.0,0.5315042888491085,5.585683596746362,0.1383469417478497,0.49309054036089855,0.017124686239967494,0.049460931537596266,0.982178274079764,-38.09201056067511
10,11.0,0.15893483941566366,5.585153383025353,0.15893483941566366,5.585153383025353,2.7514403959330953,0.626947297390082,4.0611958240788226e-13,-2.536499159137975
11,12.0,0.23239330666365487,4.620723587436627,0.23243349673716746,4.620721056128116,2.751439811961297,0.6269472308577376,2.568997458096689e-07,-2.536500644833623
12,13.0,0.6513319557800786,1.2844515118866144,0.138346857840298,0.49309053310776174,0.01712468623983166,0.04946093153740007,0.9821782740798871,-38.092010560730635
13,14.0,0.7005233226142266,2.067957887748494,0.13834679283058313,0.49309062591954933,0.017124686239827713,0.04946093153739442,0.9821782740801495,-38.09201056073225
14,15.0,0.7273070060394377,8.792321938095682,0.1383469926123838,0.49309052034459816,0.017124686240134388,0.049460931537837295,0.9821782740795449,-38.09201056060689
15,16.0,0.4820261735497299,7.339571808025048,0.0,0.43702997234089214,0.33909955362248556,0.22009723618128604,0.6785130506792842,-17.19160186686373
16,17.0,0.6399715425182682,4.317564198997063,0.13834680501739058,0.49309062588298275,0.017124686239823175,0.04946093153738785,0.9821782740801542,-38.092010560734096
17,18.0,0.687041221292614,9.636283542534002,0.0,0.49070512745703204,0.33909955362248556,0.22009723618128604,0.6785130506792842,-17.19160186686373
18,19.0,0.263393795324381,4.304558015997075,0.0,0.4401920140958074,0.33909955362248556,0.22009723618128604,0.6785130506792842,-17.19160186686373
19,20.0,0.3125884221339291,1.7198349995448543,0.0,0.5498355925844083,0.466425704455003,0.25813222095192195,0.5579931347456221,-14.95996677436371
20,21.0,0.1615656432497229,1.735727612722679,0.13834679283058313,0.49309062591954933,0.017124686239827713,0.04946093153739442,0.9821782740801495,-38.09201056073225
21,22.0,0.059357074606206206,5.968552372427742,0.059357074606206206,5.968552372427742,2.7514403959339453,0.6269472973901788,0.0,-2.536499159135812
22,23.0,0.059807864491820406,0.8962302841139259,0.13834714280081015,0.49309042412432746,0.017124686241048966,0.04946093153915803,0.9821782740784288,-38.092010560233035
23,24.0,0.8605103706629427,4.429709678179633,0.13834678157678643,0.4930905945413686,0.017124686239815907,0.04946093153737734,0.9821782740800642,-38.092010560737066
24,25.0,0.8634853969654003,5.660766227113406,0.1383466487062743,0.49309056113324523,0.01712468624006315,0.04946093153773439,0.982178274079712,-38.092010560636005
25,26.0,0.37592654542301984,0.47092878732416543,0.13834650503804763,0.49309075531361607,0.017124686241031018,0.04946093153913212,0.9821782740793962,-38.092010560240375
26,27.0,0.11414769851223283,6.252465308740358,0.11414769851223283,6.252465308740358,2.7514403959339453,0.6269472973901788,0.0,-2.536499159135812
27,28.0,0.30676840384872617,5.997019105427487,0.3067859897814455,5.997018084022298,2.751440072309447,0.6269472605193981,1.2967854345902197e-07,-2.5364999824760606
28,29.0,0.7420112727507882,2.4394183793520425,0.13834679363763408,0.4930905753589611,0.01712468623980525,0.04946093153736196,0.9821782740800208,-38.09201056074143
29,30.0,0.5921598837046623,2.086983147217169,0.13834690155690363,0.4930898834094823,0.0171246862433568,0.0494609315424909,0.9821782740768423,-38.092010559289676
30,31.0,0.808914270244949,6.654111588522155,0.0,0.3777161793440782,0.33909955362248556,0.22009723618128604,0.6785130506792842,-17.19160186686373
31,32.0,0.7935023307267638,7.913810948301171,0.0,0.4082757980343917,0.33909955362248556,0.22009723618128604,0.6785130506792842,-17.19160186686373
32,33.0,0.08649236937833615,8.183428447645255,0.08649236937833615,8.183428447645255,2.7514403959339453,0.6269472973901788,0.0,-2.536499159135812
33,34.0,0.6821137524473775,4.605559627670024,0.0,0.4853072725685991,0.33909955362248556,0.22009723618128604,0.6785130506792842,-17.19160186686373
34,35.0,0.6550265206638547,9.72546318719331,0.0,0.4913320172047506,0.33909955362248556,0.22009723618128604,0.6785130506792842,-17.19160186686373
35,36.0,0.24122945076625502,9.60520454176264,0.24122945076625502,9.60520454176264,2.7514403959339444,0.6269472973901787,6.661338147750939e-16,-2.536499159135814
36,37.0,0.44939115521232187,3.9957386725248916,0.13834680564826904,0.4930902782039389,0.017124686240419053,0.04946093153824837,0.9821782740790116,-38.09201056049052
37,38.0,0.6848825483966066,8.426142633887318,0.0,0.4725511908443287,0.33909955362248556,0.22009723618128604,0.6785130506792842,-17.19160186686373
38,39.0,0.5384139467309097,5.0923076319683,0.0,0.4265930570028072,0.33909955362248556,0.22009723618128604,0.6785130506792842,-17.19160186686373
39,40.0,0.29428536562898633,2.759417355785866,0.13834681851674097,0.4930907848171554,0.01712468624012514,0.04946093153782391,0.9821782740804869,-38.09201056061067
40,41.0,0.2700079250839652,3.0887623096637764,0.0,0.6648841214439607,0.466425704455003,0.25813222095192195,0.5579931347456221,-14.95996677436371
41,42.0,0.2962434228198809,8.902758128955,0.2962434228198809,8.902758128955,2.751440395924128,0.6269472973890602,3.987699059848637e-12,-2.5364991591607886
42,43.0,0.38443597188420386,3.8557399810067934,0.13834682222405986,0.4930906212958619,0.017124686239818294,0.04946093153738078,0.9821782740801448,-38.09201056073609
43,44.0,0.6413309934584284,6.638389875359773,0.0,0.4049324528219969,0.33909955362248556,0.22009723618128604,0.6785130506792842,-17.19160186686373
44,45.0,0.3915838872204934,7.726277374167739,0.3915838872204934,7.726277374167739,2.7514402491121794,0.6269472806626658,5.283218929008626e-08,-2.5364995326683033
45,46.0,0.8996628932254459,5.656987572269959,0.13834667638484738,0.49309045167664733,0.017124686240067286,0.04946093153774037,0.9821782740794843,-38.092010560634314
46,47.0,0.0208849478152221,4.629121446783198,0.0208849478152221,4.629121446783198,2.7514403959339453,0.6269472973901788,0.0,-2.536499159135812
47,48.0,0.7547737600129069,6.434519165352383,0.0,0.4018051506990418,0.33909955362248556,0.22009723618128604,0.6785130506792842,-17.19160186686373
48,49.0,0.5310588054194979,6.201827640138398,0.0,0.39315128709516034,0.33909955362248556,0.22009723618128604,0.6785130506792842,-17.19160186686373
49,50.0,0.995447220101932,4.948764714384375,0.0,0.5736598665120392,0.466425704455003,0.25813222095192195,0.5579931347456221,-14.95996677436371
50,51.0,0.11450458802076735,1.1111558311289984,0.13834684000263306,0.4930905722797942,0.01712468623980694,0.04946093153736439,0.9821782740800113,-38.09201056074074
51,52.0,0.7147502624019977,2.6286512328592955,0.0,0.42253531717344706,0.33909955362248556,0.22009723618128604,0.6785130506792842,-17.19160186686373
52,53.0,0.9423102562642472,2.279830870222745,0.13834679283058313,0.49309062591954933,0.017124686239827713,0.04946093153739442,0.9821782740801495,-38.09201056073225
53,54.0,0.5889321078339846,1.7956813885334828,0.1383470884244789,0.49309034629658816,0.017124686240961622,0.04946093153903194,0.9821782740784537,-38.09201056026874
54,55.0,0.4202631948834824,6.264972186382734,0.0,0.3962744708058059,0.33909955362248556,0.22009723618128604,0.6785130506792842,-17.19160186686373
55,56.0,0.5528662854299341,5.130662426906719,0.0,0.6269539180841255,0.466425704455003,0.25813222095192195,0.5579931347456221,-14.95996677436371
56,57.0,0.8501979031552325,4.278053804687216,0.13834680967209362,0.49309056758642417,0.017124686239801214,0.04946093153735616,0.9821782740800041,-38.09201056074308
57,58.0,0.8137466753197817,9.283346743023829,0.0,0.363390125695193,0.33909955362248556,0.22009723618128604,0.6785130506792842,-17.19160186686373
58,59.0,0.9683117209557904,8.923037721377078,0.13834686338467939,0.49309054787586076,0.017124686239829188,0.0494609315373965,0.9821782740799252,-38.092010560731644
59,60.0,0.2872765003042699,0.4732086664098441,0.13834696782720446,0.49309053437708134,0.017124686240042573,0.049460931537704735,0.9821782740796721,-38.09201056064442
60,61.0,0.372379083656853,7.9291689332879765,0.372379083656853,7.9291689332879765,2.751440361503024,0.6269472934674383,1.2691846684731445e-08,-2.5364992467322756
61,62.0,0.029415476470445956,1.605604314908762,0.029415476470445956,1.605604314908762,2.7514403936368814,0.6269472971284727,1.1811482902857051e-09,-2.536499164979822
62,63.0,0.21120671609539465,1.627289106918754,0.13834666197347062,0.49308830254944286,0.01712468627660695,0.04946093159050878,0.9821782740616346,-38.09201054569812
63,64.0,0.6835574717596106,8.37738544557191,0.0,0.47055765562123847,0.33909955362248556,0.22009723618128604,0.6785130506792842,-17.19160186686373
64,65.0,0.9678038554297955,2.80562824878278,0.13834674208463849,0.49309100590096105,0.01712468624124333,0.04946093153943873,0.9821782740806446,-38.09201056015359
65,66.0,0.06706693175903822,9.265161349334864,0.06706693175903822,9.265161349334864,2.7514403959339453,0.6269472973901788,0.0,-2.536499159135812
66,67.0,0.9026896699934444,0.947976877110818,0.0,0.3752409210679339,0.33909955362248556,0.22009723618128604,0.6785130506792842,-17.19160186686373
67,68.0,0.6194041772835174,0.18093795474566088,0.138346800267155,0.4930905611212563,0.017124686239803504,0.04946093153735943,0.9821782740799846,-38.09201056074214
68,69.0,0.4791965951548671,1.5005202029881426,0.1383467958676425,0.49309057672938544,0.01712468623980449,0.049460931537360864,0.9821782740800254,-38.09201056074174
69,70.0,0.4377940139204063,7.765301473498403,0.43782501134727014,7.765299475096946,2.751439536689539,0.6269471994958176,2.92061626105955e-07,-2.5365013451587366
70,71.0,0.022688651653935965,5.560555599896284,0.022688651653935965,5.560555599896284,2.7514403959339453,0.6269472973901788,0.0,-2.536499159135812
71,72.0,0.32149797702277416,4.880966135760108,0.0,0.5508857752372007,0.466425704455003,0.25813222095192195,0.5579931347456221,-14.95996677436371
72,73.0,0.7899589019500625,6.627078016963288,0.0,0.4057014151972768,0.33909955362248556,0.22009723618128604,0.6785130506792842,-17.19160186686373
73,74.0,0.015920355746086967,2.811611838250448,0.015920355746086967,2.811611838250448,2.7514403959339453,0.6269472973901788,0.0,-2.536499159135812
74,75.0,0.48509088374501275,2.4505267672910276,0.13834679283058313,0.49309062591954933,0.017124686239827713,0.04946093153739442,0.9821782740801495,-38.09201056073225
75,76.0,0.7279177215898599,1.4437276102205474,0.13834680857954867,0.49309054925708246,0.017124686239804766,0.04946093153736128,0.9821782740799532,-38.09201056074163
76,77.0,0.7993225811254913,7.224342347633756,0.0,0.43106082366139753,0.33909955362248556,0.22009723618128604,0.6785130506792842,-17.19160186686373
77,78.0,0.46707587153928376,0.06292794245257181,0.13834681107796168,0.49309056240520627,0.017124686239801602,0.049460931537356694,0.9821782740799901,-38.09201056074292
78,79.0,0.21848103879791836,2.1499344986610964,0.13834669755136192,0.49309112260339416,0.017124686242191208,0.0494609315408076,0.9821782740805542,-38.09201055976613
79,80.0,0.9735969092495252,3.8426298154081078,0.0,0.348196275787503,0.33909955362248556,0.22009723618128604,0.6785130506792842,-17.19160186686373
80,81.0,0.9482887214025677,5.356460455904536,0.0,0.3753263972964519,0.33909955362248556,0.22009723618128604,0.6785130506792842,-17.19160186686373
81,82.0,0.9819771758291614,6.103167739363933,0.0,0.38886893715956017,0.33909955362248556,0.22009723618128604,0.6785130506792842,-17.19160186686373
82,83.0,0.8605529498193826,8.10970244047422,0.13834684737294897,0.4930899652533426,0.017124686242482597,0.049460931541228416,0.9821782740774394,-38.092010559647015
83,84.0,0.03390357193519622,5.557576908075121,0.03390357193519622,5.557576908075121,2.7514403959339453,0.6269472973901788,0.0,-2.536499159135812
84,85.0,0.7053437767559222,4.166088843068897,0.1383467302242047,0.4930906629774311,0.017124686239938163,0.049460931537553904,0.982178274080161,-38.09201056068709
85,86.0,0.46831628950514204,6.955761167421326,0.13834629842038748,0.4930899594927675,0.017124686244651268,0.049460931544360286,0.982178274075214,-38.092010558760535
86,87.0,0.6435106029262823,4.398147757420829,0.0,0.5693411171279301,0.466425704455003,0.25813222095192195,0.5579931347456221,-14.95996677436371
87,88.0,0.5075489718392181,1.3247961426295147,0.0,0.4163943964010638,0.33909955362248556,0.22009723618128604,0.6785130506792842,-17.19160186686373
88,89.0,0.3521972737359388,9.588727756218388,0.3521972737359388,9.588727756218388,2.7514403958297478,0.6269472973783075,3.940281434466897e-11,-2.5364991594009023
89,90.0,0.6845881048958192,8.63991544760451,0.0,0.465236481981001,0.33909955362248556,0.22009723618128604,0.6785130506792842,-17.19160186686373
90,91.0,0.16511176253941173,4.1251410602019,0.16511176253941173,4.1251410602019,2.751440378323119,0.6269472953837643,8.357762038002647e-09,-2.5364992039399015
91,92.0,0.27244163206406935,8.152761202140297,0.27244163206406935,8.152761202140297,2.7514403959194973,0.6269472973885327,6.04793992664554e-12,-2.5364991591725685
92,93.0,0.8799041405733558,6.2801136644875495,0.0,0.3971130973614399,0.33909955362248556,0.22009723618128604,0.6785130506792842,-17.19160186686373
93,94.0,0.14653756356092873,7.1595726994649045,0.14653756356092873,7.1595726994649045,2.7514403959339453,0.6269472973901788,0.0,-2.536499159135812
94,95.0,0.10352154731077534,6.291853883147755,0.10352154731077534,6.291853883147755,2.7514403959339453,0.6269472973901788,0.0,-2.536499159135812
95,96.0,0.7916185222974699,7.730551896401994,0.1383467971105582,0.49309057199012507,0.017124686239803795,0.049460931537359885,0.9821782740800131,-38.092010560742025
96,97.0,0.09218484396901105,3.4027101478130883,0.09218484396901105,3.4027101478130883,2.7514403959227125,0.6269472973888989,5.65691937737256e-12,-2.5364991591643893
97,98.0,0.4726242447884814,9.840830624149701,0.4726242447884814,9.840830624149701,2.7514403618232097,0.6269472935039173,1.1120347864768121e-08,-2.5364992459176845
98,99.0,0.9663946987777404,9.040085954733145,0.0,0.4830821356413269,0.33909955362248556,0.22009723618128604,0.6785130506792842,-17.19160186686373
99,100.0,0.6550307175792264,0.3961716755832955,0.13834667441384704,0.4930894966136417,0.017124686248112485,0.049460931549358746,0.9821782740743048,-38.09201055734571
100,101.0,0.5649396032220514,8.528008818266999,0.0,0.47464571490742113,0.33909955362248556,0.22009723618128604,0.6785130506792842,-17.19160186686373
101,102.0,0.5278363471079528,0.9982890031207188,0.13834680940715677,0.49309056629534825,0.017124686239801314,0.049460931537356284,0.9821782740800007,-38.092010560743034
102,103.0,0.11797051845663786,0.7057134396088909,0.13834614093550499,0.49309015511567195,0.01712468624504142,0.04946093154492375,0.9821782740743156,-38.09201055860106
103,104.0,0.2920882403449784,6.9093806749426525,0.2920882403449784,6.9093806749426525,2.7514403897893223,0.6269472966901173,2.508792729116749e-09,-2.5364991747684824
104,105.0,0.2653953675197386,7.06872496650311,0.2653953675197386,7.06872496650311,2.7514403955112128,0.6269472973420165,1.785329661885271e-10,-2.536499160211296
105,106.0,0.06738289059950209,9.174473575968774,0.06738289059950209,9.174473575968774,2.7514403959339453,0.6269472973901788,0.0,-2.536499159135812
106,107.0,0.31201793556047,8.960984712075435,0.31201793556047,8.960984712075435,2.751440395901866,0.626947297386524,1.276889705081885e-11,-2.536499159217426
107,108.0,0.9892947173120402,8.943777747990929,0.0,0.3749529243595792,0.33909955362248556,0.22009723618128604,0.6785130506792842,-17.19160186686373
108,109.0,0.9776643013705189,1.1750217553372753,0.0,0.40035289702175214,0.33909955362248556,0.22009723618128604,0.6785130506792842,-17.19160186686373
109,110.0,0.2387313641035893,3.68709591822636,0.1383465540266118,0.49309097920576384,0.01712468624177554,0.049460931540207365,0.9821782740798969,-38.09201055993604
110,111.0,0.18935064671411683,9.51567755386292,0.18935064671411683,9.51567755386292,2.7514403959339453,0.6269472973901788,0.0,-2.536499159135812
111,112.0,0.0496751726601794,9.356170572539536,0.0496751726601794,9.356170572539536,2.7514403959339453,0.6269472973901788,0.0,-2.536499159135812
112,113.0,0.4461974280679336,3.122106174273357,0.13834670823879003,0.49309037368756564,0.017124686240165752,0.049460931537882565,0.9821782740792965,-38.09201056059407
113,114.0,0.49291081244458657,4.2753944508467985,0.13834680601249608,0.4930905673398854,0.01712468623980168,0.04946093153735679,0.982178274080003,-38.09201056074289
114,115.0,0.9349212776628073,2.2248902414227856,0.13834679283058313,0.49309062591954933,0.017124686239827713,0.04946093153739442,0.9821782740801495,-38.09201056073225
115,116.0,0.19579029917920365,2.8799687537466014,0.13834674667901742,0.49309115082580623,0.017124686242301613,0.049460931540967076,0.9821782740806797,-38.092010559721
116,117.0,0.629557524586608,8.209532328490122,0.0,0.5245781177596739,0.466425704455003,0.25813222095192195,0.5579931347456221,-14.95996677436371
117,118.0,0.2561473906250543,3.0742144150479502,0.1383473165763651,0.49309040425664574,0.017124686242518745,0.04946093154128061,0.9821782740768777,-38.09201055963224
118,119.0,0.17549065005537212,7.75875289616043,0.17549065005537212,7.75875289616043,2.7514403959339453,0.6269472973901788,0.0,-2.536499159135812
119,120.0,0.05679573737688948,1.7941688431038783,0.0,0.4494546499571753,0.33909955362248556,0.22009723618128604,0.6785130506792842,-17.19160186686373
120,121.0,0.8953166901738733,8.750868277052668,0.138346819043625,0.4930902168887425,0.017124686240709754,0.04946093153866822,0.9821782740787438,-38.09201056037169
121,122.0,0.014765603870858235,1.8477922133312692,0.014765603870858235,1.8477922133312692,2.7514403959339453,0.6269472973901788,0.0,-2.536499159135812
122,123.0,0.17253248695196766,6.194980243762458,0.17253248695196766,6.194980243762458,2.7514403959336957,0.6269472973901503,1.1757261830780408e-13,-2.5364991591364463
123,124.0,0.004495091294262288,7.39846452697824,0.004495091294262288,7.39846452697824,2.7514403959339453,0.6269472973901788,0.0,-2.536499159135812
124,125.0,0.47235502866086965,6.761854388580401,1.1102230246251565e-16,0.39347759543125616,0.33909955362248556,0.22009723618128604,0.6785130506792842,-17.19160186686373
125,126.0,0.815516929377664,5.450647423531182,0.0,0.3766558722167335,0.33909955362248556,0.22009723618128604,0.6785130506792842,-17.19160186686373
126,127.0,0.9228732551148666,6.703231921149928,0.0,0.4076076436731251,0.33909955362248556,0.22009723618128604,0.6785130506792842,-17.19160186686373
127,128.0,0.46675507909167446,6.98703304601184,0.13834680837735777,0.49309056150910935,0.01712468623980194,0.04946093153735717,0.9821782740799874,-38.092010560742786
128,129.0,0.6515368866727531,0.6277183020660753,0.13834676338679333,0.4930905761989761,0.017124686239826454,0.049460931537392575,0.9821782740800006,-38.09201056073276
129,130.0,0.3728070942720958,2.403720043075409,0.1383467947511383,0.4930905386309765,0.017124686239811886,0.04946093153737151,0.9821782740799198,-38.092010560738714
130,131.0,0.48024743833065064,3.3488500439833206,0.13834675600243385,0.49309067982646393,0.017124686239925163,0.04946093153753515,0.9821782740802377,-38.09201056069241
131,132.0,0.21910161512117388,4.22291263546429,0.0,0.4014593834106914,0.33909955362248556,0.22009723618128604,0.6785130506792842,-17.19160186686373
132,133.0,0.31877423505344604,2.7676635564511787,0.13834633523586468,0.49308943927243964,0.017124686250541206,0.04946093155286614,0.9821782740722808,-38.092010556352925
133,134.0,0.230576809224449,4.499841255564049,0.2306355622269431,4.499837480805742,2.7514395254037916,0.6269471982100238,3.837967718078872e-07,-2.5365013738710642
134,135.0,0.5937886410139243,4.424116679488202,0.0,0.47268422823056455,0.33909955362248556,0.22009723618128604,0.6785130506792842,-17.19160186686373
135,136.0,0.4103879606679336,1.335807448919879,0.13834713716019365,0.4930904954853738,0.017124686240868724,0.04946093153889779,0.9821782740787307,-38.09201056030672
136,137.0,0.560929706322532,8.553465403961665,0.0,0.47481092986240014,0.33909955362248556,0.22009723618128604,0.6785130506792842,-17.19160186686373
137,138.0,0.4405470930045484,1.6431980924549794,0.13834678464320593,0.49309010715544754,0.01712468624134556,0.049460931539586354,0.9821782740782398,-38.0920105601118
138,139.0,0.7523322825794949,7.083453653361115,0.0,0.42802441700355776,0.33909955362248556,0.22009723618128604,0.6785130506792842,-17.19160186686373
139,140.0,0.4953192060268501,5.946036839343616,0.0,0.3935669929220685,0.33909955362248556,0.22009723618128604,0.6785130506792842,-17.19160186686373
140,141.0,0.6314093007284572,9.51967641680186,0.0,0.5130975570863814,0.466425704455003,0.25813222095192195,0.5579931347456221,-14.95996677436371
141,142.0,0.005959593512892436,9.273399133029011,0.005959593512892436,9.273399133029011,2.7514403959339453,0.6269472973901788,0.0,-2.536499159135812
142,143.0,0.8654705272718805,9.735026985826568,0.0,0.49154287726127177,0.33909955362248556,0.22009723618128604,0.6785130506792842,-17.19160186686373
143,144.0,0.8548942347499906,8.625282301651175,0.0,0.4751647738531454,0.33909955362248556,0.22009723618128604,0.6785130506792842,-17.19160186686373
144,145.0,0.7062220388520226,0.2568016594499765,0.1383475938515276,0.4930910146245775,0.017124686246582973,0.049460931547149985,0.9821782740751871,-38.09201055797092
145,146.0,0.35666465544562176,3.1479672921752546,0.13834683440746384,0.4930906497047435,0.01712468623984589,0.049460931537420635,0.9821782740802119,-38.092010560724816
146,147.0,0.8486536861905482,6.5578132791570125,0.0,0.40943734809890864,0.33909955362248556,0.22009723618128604,0.6785130506792842,-17.19160186686373
147,148.0,0.44154738663041193,7.4635016641558485,0.4416134226959514,7.463497356490487,2.7514384467804063,0.6269470753216286,6.594900684442351e-07,-2.536504118021938
148,149.0,0.9422787829394833,0.4284832676276948,0.0,0.49199406428292236,0.33909955362248556,0.22009723618128604,0.6785130506792842,-17.19160186686373
149,150.0,0.14775690284294707,6.595950996672679,0.14775690284294707,6.595950996672679,2.7514403959339453,0.6269472973901788,0.0,-2.536499159135812
150,151.0,0.3569799521397914,6.449903632752683,0.3570219185701443,6.449901012626329,2.751439437575627,0.626947188203694,3.601953163512306e-07,-2.536501597316703
151,152.0,0.39852723349570784,0.3870127367544295,0.138346810849093,0.4930905666805469,0.01712468623980116,0.04946093153735605,0.9821782740800018,-38.0920105607431
152,153.0,0.9398643364700122,4.338043357364066,0.13834639239261293,0.4930914136580204,0.01712468624704379,0.04946093154781543,0.9821782740783237,-38.09201055778256
153,154.0,0.032561591835642556,9.330553475523605,0.032561591835642556,9.330553475523605,2.7514403959339453,0.6269472973901788,0.0,-2.536499159135812
154,155.0,0.6429843911620726,3.0398347630849236,0.13834673306483866,0.49309130491006614,0.01712468624379916,0.049460931543129714,0.9821782740805617,-38.09201055910885
155,156.0,0.11038517607689824,9.83610762969628,0.11038517607689824,9.83610762969628,2.7514403959339453,0.6269472973901788,0.0,-2.536499159135812
156,157.0,0.2815589097144946,0.0863270133928761,0.13834698891072697,0.4930906221868047,0.017124686240098157,0.04946093153778493,0.9821782740798597,-38.092010560621695
157,158.0,0.1210044428458712,6.5871448441209495,0.1210044428458712,6.5871448441209495,2.7514403959339453,0.6269472973901788,0.0,-2.536499159135812
158,159.0,0.5604852914712023,6.342114621774414,0.0,0.39924392774529655,0.33909955362248556,0.22009723618128604,0.6785130506792842,-17.19160186686373
159,160.0,0.0060849815073218405,4.395528170925905,0.0060849815073218405,4.395528170925905,2.7514403959339453,0.6269472973901788,0.0,-2.536499159135812
160,161.0,0.9803727400640345,7.164316434201236,0.0,0.42804442942053006,0.33909955362248556,0.22009723618128604,0.6785130506792842,-17.19160186686373
161,162.0,0.09268125055447352,4.454281029269882,0.09268125055447352,4.454281029269882,2.7514403959339453,0.6269472973901788,1.1102230246251565e-16,-2.536499159135812
162,163.0,0.8587971075460453,5.069049716588442,0.0,0.6450999147447118,0.466425704455003,0.25813222095192195,0.5579931347456221,-14.95996677436371
163,164.0,0.06940001840886811,6.1383389031034925,0.06940001840886811,6.1383389031034925,2.7514403959339453,0.6269472973901788,0.0,-2.536499159135812
164,165.0,0.702944002043938,4.947850807211866,0.0,0.5754841652539131,0.466425704455003,0.25813222095192195,0.5579931347456221,-14.95996677436371
165,166.0,0.27426959909415616,1.89314354652798,0.0,0.46731613637495917,0.33909955362248556,0.22009723618128604,0.6785130506792842,-17.19160186686373
166,167.0,0.34862026212132646,1.0437286548474651,0.1383468490582204,0.49309057550466767,0.017124686239812045,0.049460931537371765,0.982178274080015,-38.09201056073865
167,168.0,0.8184056087844956,5.986876725315316,0.0,0.3920403630681804,0.33909955362248556,0.22009723618128604,0.6785130506792842,-17.19160186686373
168,169.0,0.6484243396586943,5.317616678812514,0.0,0.3744577402967673,0.33909955362248556,0.22009723618128604,0.6785130506792842,-17.19160186686373
169,170.0,0.12128702580754513,6.163828868211952,0.12128702580754513,6.163828868211952,2.7514403959339453,0.6269472973901788,0.0,-2.536499159135812
170,171.0,0.07360633319118859,7.145967732236478,0.07360633319118859,7.145967732236478,2.7514403959339453,0.6269472973901788,0.0,-2.536499159135812
171,172.0,0.0666287265286094,9.759061979954723,0.0666287265286094,9.759061979954723,2.7514403959339453,0.6269472973901788,0.0,-2.536499159135812
172,173.0,0.9569853774100876,4.837622677572861,0.13834640775261117,0.4930905553421505,0.017124686241379056,0.04946093153963476,0.982178274078324,-38.09201056009811
173,174.0,0.9116492726387475,3.0550980533625656,0.13834666592351869,0.4930907046438309,0.017124686240163722,0.04946093153787962,0.9821782740800848,-38.09201056059489
174,175.0,0.11611763649115392,6.1899625771173605,0.11611763649115392,6.1899625771173605,2.7514403959339453,0.6269472973901788,0.0,-2.536499159135812
175,176.0,0.08055193047481135,7.708613641153456,0.08055193047481135,7.708613641153456,2.7514403959339453,0.6269472973901788,0.0,-2.536499159135812
176,177.0,0.4761579625313679,9.073257470291518,0.4761579625313679,9.073257470291518,2.751440198964015,0.626947274949248,6.394577356516606e-08,-2.5364996602513594
177,178.0,0.4441496745567527,9.986828456549972,0.4441496745567527,9.986828456549972,2.7514403886945327,0.6269472965653872,2.441926216789625e-09,-2.53649917755376
178,179.0,0.5210333474743978,3.2068111632873473,0.13834670167579527,0.4930904676165612,0.01712468623998677,0.049460931537624125,0.9821782740795933,-38.092010560667234
179,180.0,0.24041551327412514,3.5063303912521873,0.0,0.4032048294213321,0.33909955362248556,0.22009723618128604,0.6785130506792842,-17.19160186686373
180,181.0,0.10813991693344949,9.912591491319253,0.10813991693344949,9.912591491319253,2.7514403959339453,0.6269472973901788,0.0,-2.536499159135812
181,182.0,0.3010690097031141,2.3613362347356874,0.13834679283058313,0.49309062591954933,0.017124686239827713,0.04946093153739442,0.9821782740801495,-38.09201056073225
182,183.0,0.006265455340163428,0.8705391487686591,0.13834680938538924,0.4930905664800916,0.017124686239801297,0.0494609315373562,0.9821782740800011,-38.09201056074304
183,184.0,0.31759861566325975,6.8557638184087075,0.31759861566325975,6.8557638184087075,2.751440357660953,0.6269472930297082,1.5125852792508e-08,-2.536499256506973
184,185.0,0.6004241884963449,5.583788936097823,0.1383468387055164,0.4930905621974131,0.017124686239807337,0.049460931537364944,0.982178274079984,-38.092010560740576
185,186.0,0.23973010482476065,0.47521304508235773,0.13834669275305192,0.49309099564953063,0.01712468624129734,0.04946093153951674,0.9821782740805141,-38.09201056013151
186,187.0,0.3361333029667599,2.3096595231844694,0.13834679283058313,0.49309062591954933,0.017124686239827713,0.04946093153739442,0.9821782740801495,-38.09201056073225
187,188.0,0.7946819452642399,5.29714416716609,0.0,0.6028298132745837,0.466425704455003,0.25813222095192195,0.5579931347456221,-14.95996677436371
188,189.0,0.05536477246111271,4.824383138948106,0.05536477246111271,4.824383138948106,2.7514403959339453,0.6269472973901788,0.0,-2.536499159135812
189,190.0,0.6589985379696993,8.506497785254615,0.0,0.47180606177408857,0.33909955362248556,0.22009723618128604,0.6785130506792842,-17.19160186686373
190,191.0,0.12977187602439533,8.269902290137479,0.12977187602439533,8.269902290137479,2.7514403959339453,0.6269472973901788,0.0,-2.536499159135812
191,192.0,0.7688466672914611,4.365083231357739,0.13834679410716266,0.49309091525249915,0.01712468624066004,0.04946093153859639,0.982178274080651,-38.09201056039202
192,193.0,0.8310291914593395,4.714470262405119,0.13834659101189542,0.49309130394466444,0.017124686244334587,0.04946093154390295,0.982178274079986,-38.09201055888999
193,194.0,0.7033243086728684,2.771516524160764,0.13834691992880085,0.4930904035575247,0.017124686240133156,0.04946093153783551,0.9821782740793572,-38.09201056060739
194,195.0,0.33522382128718353,9.054006883497104,0.33522382128718353,9.054006883497104,2.7514403957875007,0.6269472973734944,5.658851165435408e-11,-2.5364991595083852
195,196.0,0.5715964045707075,8.969929858544557,0.0,0.37784531945563826,0.33909955362248556,0.22009723618128604,0.6785130506792842,-17.19160186686373
196,197.0,0.8982962488229831,8.340160089900412,0.0,0.4695665408007832,0.33909955362248556,0.22009723618128604,0.6785130506792842,-17.19160186686373
197,198.0,0.5288428913834379,2.8217206493212945,0.13834647703602285,0.49309009562559386,0.017124686242321465,0.04946093154099576,0.9821782740772517,-38.09201055971288
198,199.0,0.5403870655334284,0.9277363696796358,0.13834683784259352,0.4930906270275517,0.01712468623982602,0.04946093153739196,0.9821782740801557,-38.09201056073294
199,200.0,0.38625732811176705,2.405719737368839,0.13834679283058313,0.49309062591954933,0.017124686239827713,0.04946093153739442,0.9821782740801495,-38.09201056073225
200,201.0,0.2859434200826684,8.836127430597712,0.2859434200826684,8.836127430597712,2.7514403959292753,0.6269472973896467,1.9216850333236835e-12,-2.5364991591476933
201,202.0,0.9246005205388543,1.6730270270142233,0.0,0.44073159830067266,0.33909955362248556,0.22009723618128604,0.6785130506792842,-17.19160186686373
202,203.0,0.562878213650957,3.2743598041310054,0.13834681279375288,0.4930905657263975,0.017124686239801137,0.04946093153735603,0.9821782740799994,-38.092010560743105
203,204.0,0.2419315305680111,3.827345668387963,0.13834683002633794,0.4930906478144848,0.017124686239842802,0.049460931537416195,0.9821782740802084,-38.09201056072608
204,205.0,0.9490615060527473,9.695561799630237,0.0,0.4914025562340488,0.33909955362248556,0.22009723618128604,0.6785130506792842,-17.19160186686373
205,206.0,0.8172776602588351,6.411092977831092,0.0,0.40148182994312304,0.33909955362248556,0.22009723618128604,0.6785130506792842,-17.19160186686373
206,207.0,0.5943219016251607,8.848966103129523,0.0,0.4089419205811506,0.33909955362248556,0.22009723618128604,0.6785130506792842,-17.19160186686373
207,208.0,0.8704438800161763,1.4730614770236965,0.0,0.3414219522993445,0.33909955362248556,0.22009723618128604,0.6785130506792842,-17.19160186686373
208,209.0,0.7896427525814351,8.044837808377672,0.0,0.430803457521578,0.33909955362248556,0.22009723618128604,0.6785130506792842,-17.19160186686373
209,210.0,0.010537281348272365,0.7177252981197706,0.0,0.4419653189452884,0.33909955362248556,0.22009723618128604,0.6785130506792842,-17.19160186686373
210,211.0,0.0413926369981541,0.13345338137891793,0.13834684420141563,0.4930904404748633,0.01712468623993853,0.04946093153755442,0.9821782740796036,-38.092010560686944
211,212.0,0.32197472252084613,3.69497824726485,0.13834686593557585,0.4930905768427007,0.017124686239825774,0.04946093153739157,0.9821782740800048,-38.092010560733044
212,213.0,0.28411378980010593,9.7359426660678,0.28411378980010593,9.7359426660678,2.751440395933781,0.6269472973901601,6.783462680459706e-14,-2.5364991591362287
213,214.0,0.43531758464765113,6.797605333017665,0.0,0.40178373309876403,0.33909955362248556,0.22009723618128604,0.6785130506792842,-17.19160186686373
214,215.0,0.48467321241041994,4.414583366172474,0.0,0.536586386319257,0.466425704455003,0.25813222095192195,0.5579931347456221,-14.95996677436371
215,216.0,0.5465014657318576,7.408413801209525,0.0,0.4395980297483555,0.33909955362248556,0.22009723618128604,0.6785130506792842,-17.19160186686373
216,217.0,0.4086201328645662,4.347761178328503,0.13834685566204558,0.49309058213244605,0.017124686239817062,0.04946093153737904,0.9821782740800284,-38.0920105607366
217,218.0,0.8742981146578892,7.45523925214188,0.0,0.440977937357084,0.33909955362248556,0.22009723618128604,0.6785130506792842,-17.19160186686373
218,219.0,0.40033922807144096,8.04461626252207,0.40033922807144096,8.04461626252207,2.751440298598816,0.6269472863007152,3.464489350957223e-08,-2.536499406768259
219,220.0,0.8791409131633627,8.467940818536107,0.0,0.45739412236604715,0.33909955362248556,0.22009723618128604,0.6785130506792842,-17.19160186686373
220,221.0,0.38900279439921526,6.785382276770572,0.3890603927697631,6.785378502012265,2.751438924921127,0.6269471297965731,5.309999177027791e-07,-2.536502901572862
221,222.0,0.4792057123069777,7.6090020793984054,0.0,0.4606579832866486,0.33909955362248556,0.22009723618128604,0.6785130506792842,-17.19160186686373
222,223.0,0.38738381474238315,3.5044242465487385,0.1383468093512077,0.4930905659093023,0.01712468623980135,0.0494609315373563,0.9821782740799996,-38.09201056074303
223,224.0,0.5381206596576623,6.799556045050208,0.0,0.402006324564663,0.33909955362248556,0.22009723618128604,0.6785130506792842,-17.19160186686373
224,225.0,0.09080401691270934,2.6243739449966244,0.09080401691270934,2.6243739449966244,2.751440356213074,0.6269472928647504,2.0017950741468837e-08,-2.5364992601905545
225,226.0,0.5407232636758597,7.126641679976909,0.0,0.5709096573085897,0.466425704455003,0.25813222095192195,0.5579931347456221,-14.95996677436371
226,227.0,0.4709861028967832,8.014544631818628,0.47103606293291767,8.014541434376582,2.751438851308414,0.6269471214098197,5.04507840615176e-07,-2.5365030888526876
227,228.0,0.7581147677901976,8.26770510440255,0.0,0.5081848394266987,0.466425704455003,0.25813222095192195,0.5579931347456221,-14.95996677436371
228,229.0,0.6280445705914356,3.683724840658595,0.0,0.34805998285726897,0.33909955362248556,0.22009723618128604,0.6785130506792842,-17.19160186686373
229,230.0,0.21621400800957702,0.2361640332268414,0.13834681621773756,0.4930905928583785,0.017124686239803906,0.04946093153736002,0.9821782740800723,-38.092010560741976
230,231.0,0.14678319858650268,5.5180551886941185,0.14678319858650268,5.5180551886941185,2.7514403959338267,0.6269472973901652,5.750955267558311e-14,-2.536499159136114
231,232.0,0.6467320242549109,3.8430905106712916,0.13834685466661578,0.4930912783907457,0.017124686243365717,0.049460931542503805,0.9821782740807549,-38.092010559286024
232,233.0,0.6219493990748314,1.0560310451473074,0.13834680023164148,0.4930905601409814,0.017124686239803646,0.049460931537359615,0.9821782740799819,-38.09201056074209
233,234.0,0.1520870277778681,0.6437324690697674,0.1383468010354382,0.49309136944013165,0.017124686244385293,0.049460931543976176,0.9821782740806311,-38.09201055886926
234,235.0,0.32366792886691376,6.001176796216258,0.3237054099962448,6.001174442543432,2.7514396304550406,0.6269472101785925,3.001735027208241e-07,-2.5365011066077923
235,236.0,0.06729359272409452,0.12481311923315755,0.13834672326930425,0.49309072286251215,0.017124686240061544,0.04946093153773209,0.9821782740802681,-38.09201056063666
236,237.0,0.2217611755966309,3.5781295680005143,0.0,0.3596011414718369,0.33909955362248556,0.22009723618128604,0.6785130506792842,-17.19160186686373
237,238.0,0.8971356537188147,6.279807969879353,0.0,0.39690284531519826,0.33909955362248556,0.22009723618128604,0.6785130506792842,-17.19160186686373
238,239.0,0.7490746942104414,0.24419285994245155,0.1383468733122924,0.49309065066546226,0.01712468623987223,0.049460931537458716,0.9821782740801887,-38.092010560714044
239,240.0,0.46030922696660714,3.3724585865520686,0.13834684252713847,0.49309050043857583,0.017124686239847635,0.04946093153742315,0.9821782740797996,-38.0920105607241
240,241.0,0.9025368485790872,2.090694462323731,0.13834679283058313,0.49309062591954933,0.017124686239827713,0.04946093153739442,0.9821782740801495,-38.09201056073225
241,242.0,0.25878900469780275,3.029064561829571,0.13834662954323704,0.49309044280904013,0.017124686240219046,0.049460931537959524,0.9821782740793131,-38.092010560572284
242,243.0,0.785386243282976,2.3324026010160446,0.13834679283058313,0.49309062591954933,0.017124686239827713,0.04946093153739442,0.9821782740801495,-38.09201056073225
243,244.0,0.4814863092123318,2.54748754312956,0.13834674578927453,0.4930911524235501,0.01712468624231688,0.049460931540989045,0.9821782740806775,-38.09201055971476
244,245.0,0.8684146001539982,0.2875356897553246,0.0,0.3872130736610775,0.33909955362248556,0.22009723618128604,0.6785130506792842,-17.19160186686373
245,246.0,0.5975533698848874,6.469740846771798,0.0,0.40224075569220397,0.33909955362248556,0.22009723618128604,0.6785130506792842,-17.19160186686373
246,247.0,0.7123989789162856,6.182631011890885,0.0,0.3925185207269163,0.33909955362248556,0.22009723618128604,0.6785130506792842,-17.19160186686373
247,248.0,0.604868458969311,5.064512041506295,0.0,0.5605704186476386,0.466425704455003,0.25813222095192195,0.5579931347456221,-14.95996677436371
248,249.0,0.4195739917754069,3.717201597715097,0.1383469261069932,0.49309057348978946,0.017124686239919334,0.0494609315375267,0.9821782740798991,-38.09201056069479
249,250.0,0.907199752861248,1.7978527201755992,0.13834702390244932,0.49309062920158575,0.01712468624022786,0.04946093153797224,0.9821782740797483,-38.09201056056868
250,251.0,0.503653792237881,8.05198388170932,0.0,0.4405776250997668,0.33909955362248556,0.22009723618128604,0.6785130506792842,-17.19160186686373
251,252.0,0.6488730618852913,3.6701589789502607,0.0,0.355226529395311,0.33909955362248556,0.22009723618128604,0.6785130506792842,-17.19160186686373
252,253.0,0.8318443504833318,2.131764133059338,0.13834679283058313,0.49309062591954933,0.017124686239827713,0.04946093153739442,0.9821782740801495,-38.09201056073225
253,254.0,0.8598123793848134,3.532458454937224,0.13834682270341844,0.4930905629395368,0.017124686239802133,0.04946093153735741,0.9821782740799911,-38.0920105607427
254,255.0,0.8114124048720739,6.305487793315518,0.0,0.398534295216441,0.33909955362248556,0.22009723618128604,0.6785130506792842,-17.19160186686373
255,256.0,0.02107423639454309,9.566385165745642,0.02107423639454309,9.566385165745642,2.7514403959339453,0.6269472973901788,0.0,-2.536499159135812
256,257.0,0.6038363359753713,2.532306066737107,0.0,0.4271368801318121,0.33909955362248556,0.22009723618128604,0.6785130506792842,-17.19160186686373
257,258.0,0.7472015212035517,7.688691584037791,0.1383466931740794,0.4930904481357441,0.017124686240033733,0.04946093153769188,0.9821782740795142,-38.092010560648035
258,259.0,0.7349117178840969,6.97671214705772,0.13834731516740195,0.4930884067754035,0.017124686277254605,0.04946093159144409,0.9821782740588274,-38.09201054543338
259,260.0,0.41369295511518234,3.6802725577370636,0.0,0.3483211211346308,0.33909955362248556,0.22009723618128604,0.6785130506792842,-17.19160186686373
260,261.0,0.36595788564954,4.0124113012472264,0.13834683346372048,0.49309030138044335,0.017124686240337292,0.04946093153813029,0.9821782740790934,-38.092010560523946
261,262.0,0.30681177237932866,3.1737861599581816,0.13834681507562271,0.49309057169054066,0.01712468623980085,0.04946093153735562,0.9821782740800157,-38.092010560743226
262,263.0,0.6361539637731042,6.665531405937873,0.0,0.37891710880109214,0.33909955362248556,0.22009723618128604,0.6785130506792842,-17.19160186686373
263,264.0,0.4685700448630201,0.848305677146044,0.13834681477621427,0.49309061045813457,0.017124686239811417,0.04946093153737085,0.9821782740801176,-38.09201056073891
264,265.0,0.25419256132767376,3.366470574462728,0.13834680910911537,0.49309056858024247,0.017124686239801203,0.049460931537356125,0.9821782740800069,-38.092010560743084
265,266.0,0.4204138310320277,6.5003732354980786,0.0,0.40266288915721377,0.33909955362248556,0.22009723618128604,0.6785130506792842,-17.19160186686373
266,267.0,0.1855668251060303,8.949936831096426,0.1855668251060303,8.949936831096426,2.7514403959339453,0.6269472973901788,0.0,-2.536499159135812
267,268.0,0.9147114989829124,3.5580747702249713,0.13834682881615035,0.49309056187492073,0.017124686239803674,0.04946093153735968,0.9821782740799868,-38.092010560742075
268,269.0,0.5898484841187106,3.0376821538288565,0.13834695127846283,0.4930904756672696,0.01712468624006261,0.04946093153773362,0.9821782740795307,-38.09201056063623
269,270.0,0.5526032683709309,4.947444173868364,0.0,0.5760435889448902,0.466425704455003,0.25813222095192195,0.5579931347456221,-14.95996677436371
270,271.0,0.3077623462798301,7.831217120401037,0.3077623462798301,7.831217120401037,2.7514403950533852,0.6269472972898559,3.5240688145421473e-10,-2.5364991613760637
271,272.0,0.22197488231144302,6.100196478002716,0.22197488231144302,6.100196478002716,2.751440395583878,0.6269472973502954,1.5595158497916373e-10,-2.536499160026425
272,273.0,0.5865105235602717,4.245103378808824,0.13834682784241895,0.49309056177494986,0.017124686239803417,0.049460931537359316,0.9821782740799868,-38.09201056074218
273,274.0,0.05472659684889125,9.559023111572237,0.05472659684889125,9.559023111572237,2.7514403959339453,0.6269472973901788,0.0,-2.536499159135812
274,275.0,0.29404971687250014,0.5423655895443991,0.13834672540497694,0.4930900990529776,0.017124686241432343,0.04946093153971171,0.9821782740781666,-38.092010560076325
275,276.0,0.3501927046516473,3.7977343015242195,0.1383469358381279,0.49309054022126825,0.01712468623995332,0.04946093153757577,0.9821782740797784,-38.092010560680905
276,277.0,0.8179325059907068,3.1015541579054875,0.13834662506313844,0.4930902807214002,0.017124686240685815,0.04946093153863361,0.9821782740787336,-38.09201056038148
277,278.0,0.5230770177124046,8.102723103984347,0.1383468091029586,0.4930905668202192,0.017124686239801297,0.0494609315373563,0.982178274080002,-38.09201056074304
278,279.0,0.2858378760779594,1.4327060583315883,0.13834684455301574,0.4930904478201359,0.017124686239925017,0.049460931537534954,0.9821782740796281,-38.09201056069247
279,280.0,0.8174765638340895,1.5747541425090315,0.13834666026732792,0.49309034003846797,0.01712468624037114,0.04946093153817916,0.9821782740790647,-38.09201056051011
280,281.0,0.45300036538425104,3.073989114155639,0.13834681927450337,0.4930907840967831,0.017124686240122786,0.04946093153782054,0.9821782740804859,-38.09201056061163
281,282.0,0.8681284470269746,9.946804623885859,0.13834697129464482,0.4930906501666474,0.017124686240063785,0.049460931537735287,0.9821782740799896,-38.09201056063575
282,283.0,0.06630751103299737,3.5247862881386287,0.06630751103299737,3.5247862881386287,2.7514403959339453,0.6269472973901788,0.0,-2.536499159135812
283,284.0,0.6462005959779583,9.268652108716916,1.1102230246251565e-16,0.43778986668238146,0.33909955362248556,0.22009723618128604,0.6785130506792842,-17.19160186686373
284,285.0,0.12703810822643014,9.623569191026933,0.12703810822643014,9.623569191026933,2.7514403959339453,0.6269472973901788,0.0,-2.536499159135812
285,286.0,0.3644922606348837,2.358919495427671,0.13834679283058313,0.49309062591954933,0.017124686239827713,0.04946093153739442,0.9821782740801495,-38.09201056073225
286,287.0,0.7600110244153314,1.1025457144110282,0.13834680827851106,0.49309095192437374,0.01712468624084109,0.04946093153885784,0.982178274080697,-38.09201056031801
287,288.0,0.6379719925326884,2.6693073184356275,0.13834675434635854,0.4930911559253145,0.017124686242329604,0.04946093154100748,0.9821782740806948,-38.09201055970956
288,289.0,0.6731578494038358,6.9883938845847915,0.0,0.5954481113762513,0.466425704455003,0.25813222095192195,0.5579931347456221,-14.95996677436371
289,290.0,0.329595944120912,4.4631226917846085,0.0,0.338998225502819,0.33909955362248556,0.22009723618128604,0.6785130506792842,-17.19160186686373
290,291.0,0.22790797890343506,8.603384712154847,0.22790797890343506,8.603384712154847,2.7514403959339346,0.6269472973901776,4.773959005888173e-15,-2.536499159135839
291,292.0,0.30271066371113353,7.681200374387559,0.30271066371113353,7.681200374387559,2.751440394942915,0.6269472972772699,3.991846853068637e-10,-2.5364991616571135
292,293.0,0.2133624324634411,7.534497423704073,0.2133624324634411,7.534497423704073,2.7514403959337823,0.6269472973901602,7.37188088351104e-14,-2.536499159136227
293,294.0,0.08705963678426043,3.4507178555606117,0.08705963678426043,3.4507178555606117,2.751440395932574,0.6269472973900225,6.930012119710227e-13,-2.536499159139301
294,295.0,0.8000845245856785,3.0583027180211984,0.13834675903930402,0.4930904849124032,0.017124686239879058,0.049460931537468555,0.9821782740797362,-38.09201056071126
295,296.0,0.670314632242992,4.156341421149158,0.1383467890082303,0.4930904929136541,0.01712468623984968,0.04946093153742609,0.9821782740797822,-38.09201056072327
296,297.0,0.27245031618875315,0.32302087869459545,0.13834681153531384,0.49309056435933957,0.01712468623980132,0.049460931537356305,0.9821782740799955,-38.092010560743034
297,298.0,0.1806263611294987,7.073614400200203,0.1806263611294987,7.073614400200203,2.751440395933938,0.626947297390178,3.4416913763379853e-15,-2.53649915913583
298,299.0,0.55750291220356,1.8161707790996535,0.1383469043056918,0.49309045340855473,0.017124686239992207,0.049460931537631966,0.982178274079567,-38.092010560665
299,300.0,0.5934093219974136,7.388591389803327,0.0,0.43902717456892526,0.33909955362248556,0.22009723618128604,0.6785130506792842,-17.19160186686373
300,301.0,0.9309395745878039,1.7067213120450955,0.1383468968905082,0.49309058313677046,0.017124686239865152,0.04946093153744847,0.9821782740799819,-38.09201056071694
301,302.0,0.42976088010565483,8.05960166458465,0.4297734478303002,8.059600865224137,2.751440073792761,0.6269472606883932,1.1057634474731515e-07,-2.536499978702329
302,303.0,0.6316642627664769,8.950539477012693,0.13834681215084435,0.4930905309555092,0.017124686239812947,0.0494609315373731,0.9821782740799009,-38.09201056073828
303,304.0,0.4539165826099205,0.7216009394280529,0.13834681024409026,0.4930905659052491,0.01712468623980128,0.04946093153735617,0.9821782740799997,-38.09201056074305
304,305.0,0.80088879362032,0.06067230124545226,0.0,0.33433577771397954,0.33909955362248556,0.22009723618128604,0.6785130506792842,-17.19160186686373
305,306.0,0.010036745232441802,5.198302188578972,0.010036745232441802,5.198302188578972,2.7514403959339453,0.6269472973901788,0.0,-2.536499159135812
306,307.0,0.17819168353821946,9.892267287392214,0.17819168353821946,9.892267287392214,2.7514403959339453,0.6269472973901788,0.0,-2.536499159135812
307,308.0,0.46002872728919786,5.11811726907273,0.0,0.6377276897768915,0.466425704455003,0.25813222095192195,0.5579931347456221,-14.95996677436371
308,309.0,0.17139730631727845,6.600861974012667,0.17139730631727845,6.600861974012667,2.751440395933926,0.6269472973901766,9.103828801926284e-15,-2.536499159135861
309,310.0,0.16477369250089702,4.138518694645606,0.16477369250089702,4.138518694645606,2.7514403803287344,0.6269472956122655,7.408462399105531e-09,-2.5364991988373724
310,311.0,0.04964183152057278,6.882808181296378,0.04964183152057278,6.882808181296378,2.7514403959339453,0.6269472973901788,0.0,-2.536499159135812
311,312.0,0.6193244023847825,3.8230113903204233,0.13834684988115079,0.49309124539209004,0.017124686243040803,0.04946093154203456,0.9821782740807724,-38.092010559418846
312,313.0,0.9838772551458393,5.208246256303584,0.0,0.6049988549939909,0.466425704455003,0.25813222095192195,0.5579931347456221,-14.95996677436371
313,314.0,0.9583791330642306,6.258573088294168,0.0,0.3969203847002788,0.33909955362248556,0.22009723618128604,0.6785130506792842,-17.19160186686373
314,315.0,0.905544984446198,7.862585273115675,0.0,0.4569584557342735,0.33909955362248556,0.22009723618128604,0.6785130506792842,-17.19160186686373
315,316.0,0.24752039028529793,2.025201257452659,0.0,0.35938106651082596,0.33909955362248556,0.22009723618128604,0.6785130506792842,-17.19160186686373
316,317.0,0.11250625645313317,4.769140105393106,0.11250625645313317,4.769140105393106,2.7514403959339386,0.6269472973901781,3.4416913763379853e-15,-2.536499159135829
317,318.0,0.6767013441282335,5.014648018711126,0.0,0.3808468259012108,0.33909955362248556,0.22009723618128604,0.6785130506792842,-17.19160186686373
318,319.0,0.059032418686432275,5.835218924375478,0.059032418686432275,5.835218924375478,2.7514403959339453,0.6269472973901788,0.0,-2.536499159135812
319,320.0,0.1284014491520491,4.418366548137952,0.1284014491520491,4.418366548137952,2.7514403959267257,0.6269472973893563,3.5438318946034997e-12,-2.536499159154179
320,321.0,0.6180088247397136,4.188899387373617,0.1383469969665333,0.4930899273313851,0.017124686243253966,0.0494609315423424,0.9821782740767703,-38.09201055933171
321,322.0,0.650351322887829,7.574139816404184,0.0,0.44362179310815075,0.33909955362248556,0.22009723618128604,0.6785130506792842,-17.19160186686373
322,323.0,0.6515731440693031,2.3673026075392505,0.1383467970360698,0.49309056768877807,0.017124686239803868,0.04946093153735995,0.9821782740800015,-38.092010560742
323,324.0,0.8902311433613643,4.29758405365869,0.0,0.5461076301684051,0.466425704455003,0.25813222095192195,0.5579931347456221,-14.95996677436371
324,325.0,0.8110514085771905,2.881144378026137,0.13834680036796737,0.49309070114292125,0.017124686239924816,0.04946093153753463,0.9821782740803227,-38.09201056069256
325,326.0,0.44422420847633715,9.584833828605385,0.44422420847633715,9.584833828605385,2.751440377977806,0.6269472953444225,6.056239176821521e-09,-2.536499204818421
326,327.0,0.9708442570041895,9.97765705979161,0.13834703114769215,0.49309050360495055,0.017124686240301303,0.04946093153807832,0.9821782740793362,-38.09201056053866
327,328.0,0.8410194731613246,5.407407514679901,0.0,0.3768305827398131,0.33909955362248556,0.22009723618128604,0.6785130506792842,-17.19160186686373
328,329.0,0.20204618402355878,9.04453757964897,0.20204618402355878,9.04453757964897,2.7514403959339453,0.6269472973901788,0.0,-2.536499159135812
329,330.0,0.4900342154379367,1.039090126972835,0.1383468099429749,0.4930905667005199,0.01712468623980124,0.04946093153735618,0.9821782740800018,-38.09201056074307
330,331.0,0.3734994176285107,2.962422806182445,0.1383472880920539,0.4930907946638783,0.017124686242168296,0.04946093154077453,0.9821782740784232,-38.09201055977549
331,332.0,0.8968895282630133,8.785503971339025,0.1383468571626139,0.49309062983194435,0.017124686239838923,0.0494609315374106,0.9821782740801519,-38.092010560727665
332,333.0,0.1258403778421593,3.8789310286630347,0.1258403778421593,3.8789310286630347,2.7514403956309175,0.6269472973556546,1.4905776613005628e-10,-2.536499159906751
333,334.0,0.11914891581863041,6.850950129951657,0.11914891581863041,6.850950129951657,2.7514403959339453,0.6269472973901788,0.0,-2.536499159135812
334,335.0,0.022029421835456753,1.8518067956871973,0.022029421835456753,1.8518067956871973,2.7514403959339453,0.6269472973901788,0.0,-2.536499159135812
335,336.0,0.44761775291863637,1.8437801154242297,0.13834686213998607,0.4930905487079225,0.01712468623982765,0.04946093153739431,0.9821782740799289,-38.09201056073227
336,337.0,0.7150351815544567,0.8305685509923101,0.13834681006321903,0.49309062007882076,0.017124686239817864,0.04946093153738019,0.9821782740801411,-38.09201056073627
337,338.0,0.06692662937917226,6.283362009168675,0.06692662937917226,6.283362009168675,2.7514403959339453,0.6269472973901788,0.0,-2.536499159135812
338,339.0,0.8101090412113787,4.123172633237128,0.13834702289246037,0.4930897506546004,0.017124686245279738,0.049460931545267914,0.9821782740754902,-38.09201055850364
339,340.0,0.25244129828091355,9.516446527650109,0.25244129828091355,9.516446527650109,2.7514403959339377,0.626947297390178,3.3306690738754696e-15,-2.536499159135831
340,341.0,0.706560584452377,1.5169624950331022,0.13834675866270366,0.49309039505312025,0.01712468624004373,0.04946093153770634,0.982178274079441,-38.09201056064395
341,342.0,0.8052018615489088,9.034562001943929,0.0,0.48274269633956823,0.33909955362248556,0.22009723618128604,0.6785130506792842,-17.19160186686373
342,343.0,0.9788184079568593,3.798075226823707,0.0,0.35906554866511803,0.33909955362248556,0.22009723618128604,0.6785130506792842,-17.19160186686373
343,344.0,0.6771440906463697,0.9174113307566976,0.13834673846552012,0.4930905212067934,0.017124686239870218,0.04946093153745577,0.9821782740798184,-38.092010560714876
344,345.0,0.7204118946012265,8.641708134305011,0.0,0.47385984546023374,0.33909955362248556,0.22009723618128604,0.6785130506792842,-17.19160186686373
345,346.0,0.5155675127633726,1.4147417553311628,0.13834681059904497,0.49309048748591644,0.017124686239852024,0.04946093153742954,0.9821782740797697,-38.09201056072231
346,347.0,0.8680637357893014,0.7565436435650228,0.13834680868056307,0.49309055603216,0.017124686239802928,0.04946093153735863,0.9821782740799722,-38.09201056074238
347,348.0,0.27463308982506096,6.5004412134527,0.27463308982506096,6.5004412134527,2.751440388601883,0.6269472965548315,3.0606909229291546e-09,-2.536499177789473
348,349.0,0.2924412516984827,2.1357679194228525,0.0,0.36107519260568,0.33909955362248556,0.22009723618128604,0.6785130506792842,-17.19160186686373
349,350.0,0.8028704588843398,9.55527431744513,0.0,0.5086354786597992,0.466425704455003,0.25813222095192195,0.5579931347456221,-14.95996677436371
350,351.0,0.4512297437194055,6.088516901189337,0.0,0.5869088168971266,0.466425704455003,0.25813222095192195,0.5579931347456221,-14.95996677436371
351,352.0,0.6204027703636347,5.877469251516943,0.0,0.40075130937011355,0.33909955362248556,0.22009723618128604,0.6785130506792842,-17.19160186686373
352,353.0,0.7434005746091352,4.0130041952457,0.13834680029607271,0.49309028176509434,0.017124686240403395,0.049460931538225734,0.9821782740790271,-38.09201056049693
353,354.0,0.8164203619496576,9.56386261790784,0.0,0.5081737672831939,0.466425704455003,0.25813222095192195,0.5579931347456221,-14.95996677436371
354,355.0,0.21716964231539893,6.610000135220942,0.21716964231539893,6.610000135220942,2.75144039591401,0.6269472973879076,8.93196627771431e-12,-2.536499159186529
355,356.0,0.6220236513516615,5.236131386731992,0.0,0.6039551704914057,0.466425704455003,0.25813222095192195,0.5579931347456221,-14.95996677436371
356,357.0,0.6604493822751022,3.607186315385132,0.0,0.3627007015027882,0.33909955362248556,0.22009723618128604,0.6785130506792842,-17.19160186686373
357,358.0,0.43670917607219484,1.2990636386668062,0.0,0.5777114882663433,0.466425704455003,0.25813222095192195,0.5579931347456221,-14.95996677436371
358,359.0,0.5048891429197495,1.1800669906702559,0.13834683721769717,0.4930905631695829,0.017124686239806498,0.04946093153736377,0.9821782740799874,-38.09201056074092
359,360.0,0.3015959060715063,0.5735444272999228,0.13834674501235275,0.4930905167931872,0.01712468623986448,0.04946093153744751,0.9821782740798148,-38.09201056071722
360,361.0,0.7610887421041069,8.840736668803329,0.0,0.41031054202178874,0.33909955362248556,0.22009723618128604,0.6785130506792842,-17.19160186686373
361,362.0,0.805271306106573,8.004950434687666,0.0,0.45493490001980313,0.33909955362248556,0.22009723618128604,0.6785130506792842,-17.19160186686373
362,363.0,0.5543632909908756,3.1021678372736385,0.13834677556856967,0.49309063730469,0.017124686239849283,0.04946093153742557,0.9821782740801644,-38.09201056072343
363,364.0,0.26940138323990725,4.666279167091504,0.13834680642465438,0.49309057076651697,0.017124686239801488,0.04946093153735655,0.9821782740800123,-38.09201056074296
364,365.0,0.32910627665168257,7.172545456647754,0.32910627665168257,7.172545456647754,2.7514403676690042,0.6269472941699331,1.1007581179889314e-08,-2.536499231045271
365,366.0,0.6675465901152174,6.940006139999531,0.1383468113493077,0.49309058429378544,0.01712468623980206,0.049460931537357374,0.9821782740800494,-38.092010560742736
366,367.0,0.5260835122099032,8.581716532485881,0.5261561652042697,8.581711647504978,2.751437798437672,0.6269470014554286,7.958103519500881e-07,-2.536505767486303
367,368.0,0.013440312270232457,7.450526800758669,0.013440312270232457,7.450526800758669,2.7514403959339453,0.6269472973901788,0.0,-2.536499159135812
368,369.0,0.16617320752067988,9.458891340817186,0.16617320752067988,9.458891340817186,2.7514403959339453,0.6269472973901788,0.0,-2.536499159135812
369,370.0,0.14152173396508194,1.951015612943132,0.0,0.49801643189632194,0.33909955362248556,0.22009723618128604,0.6785130506792842,-17.19160186686373
370,371.0,0.3945403385281985,3.138511159642185,0.13834681900160017,0.4930905721170314,0.017124686239801016,0.04946093153735585,0.9821782740800168,-38.092010560743155
371,372.0,0.787732155833478,0.11978309512295506,0.0,0.4582019521593464,0.33909955362248556,0.22009723618128604,0.6785130506792842,-17.19160186686373
372,373.0,0.5292953351099393,6.966966014261216,0.0,0.41399868275935775,0.33909955362248556,0.22009723618128604,0.6785130506792842,-17.19160186686373
373,374.0,0.11676397591741527,9.630961586104378,0.11676397591741527,9.630961586104378,2.7514403959339453,0.6269472973901788,0.0,-2.536499159135812
374,375.0,0.603408039688719,6.338940197167299,0.0,0.3991734530876423,0.33909955362248556,0.22009723618128604,0.6785130506792842,-17.19160186686373
375,376.0,0.40725958860654454,6.65867134623562,0.0,0.3870938316735704,0.33909955362248556,0.22009723618128604,0.6785130506792842,-17.19160186686373
376,377.0,0.4027161127044644,7.81809578127332,0.4027161127044644,7.81809578127332,2.7514402059863845,0.6269472757493116,6.740946378869239e-08,-2.536499642385593
377,378.0,0.042270743656730114,4.532372249367455,0.042270743656730114,4.532372249367455,2.7514403959339453,0.6269472973901788,0.0,-2.536499159135812
378,379.0,0.3434158599242302,3.9391804253036824,0.13834673751184898,0.4930906623392782,0.01712468623992517,0.04946093153753516,0.9821782740801723,-38.09201056069241
379,380.0,0.05757361493033997,6.819270369655121,0.05757361493033997,6.819270369655121,2.7514403959339453,0.6269472973901788,0.0,-2.536499159135812
380,381.0,0.2085990995401963,0.10388314996155154,0.13834685600994967,0.4930904365899967,0.01712468623995615,0.04946093153757988,0.98217827407958,-38.092010560679746
381,382.0,0.5487948520960148,1.8910363044092087,1.1102230246251565e-16,0.5967823974407751,0.466425704455003,0.25813222095192195,0.5579931347456221,-14.95996677436371
382,383.0,0.6420011556446292,4.886166781728776,0.0,0.5810110939982408,0.466425704455003,0.25813222095192195,0.5579931347456221,-14.95996677436371
383,384.0,0.36843239362498825,9.516504886620337,0.36843239362498825,9.516504886620337,2.751440395555967,0.6269472973471155,1.4002510262400847e-10,-2.536499160097434
384,385.0,0.5493195360838038,7.485180130545331,0.0,0.44110552509775425,0.33909955362248556,0.22009723618128604,0.6785130506792842,-17.19160186686373
385,386.0,0.31484845183288945,6.267493538041795,0.31485990933450964,6.267492871907976,2.751440185511295,0.6269472734165695,8.345255919639527e-08,-2.5364996944767233
386,387.0,0.7784290490702245,6.4518068331099325,0.0,0.40213676562250233,0.33909955362248556,0.22009723618128604,0.6785130506792842,-17.19160186686373
387,388.0,0.1495830688104285,2.2854732714515293,0.13834672369986226,0.4930914324273361,0.017124686245297848,0.04946093154529405,0.9821782740803758,-38.092010558496234
388,389.0,0.33078176523334935,4.014223415330413,0.13834684147280335,0.4930903067461381,0.017124686240322647,0.04946093153810914,0.9821782740791087,-38.092010560529936
389,390.0,0.5647763119414602,2.5711735748689826,0.13834723425745069,0.49308953355834195,0.01712468624978364,0.04946093155177217,0.982178274072244,-38.09201055666259
390,391.0,0.4059660881770568,4.302985034108705,0.0,0.3498526229590322,0.33909955362248556,0.22009723618128604,0.6785130506792842,-17.19160186686373
391,392.0,0.7375765174925228,2.150531176894619,0.13834679283058313,0.49309062591954933,0.017124686239827713,0.04946093153739442,0.9821782740801495,-38.09201056073225
392,393.0,0.10332027920902365,9.181686330745652,0.10332027920902365,9.181686330745652,2.7514403959339453,0.6269472973901788,0.0,-2.536499159135812
393,394.0,0.19035393554705304,4.160957521537633,0.19037103298164126,4.1609565001324444,2.7514402045562165,0.6269472755863715,8.842230281302932e-08,-2.536499646024116
394,395.0,0.15713652306731973,7.559814935788868,0.15713652306731973,7.559814935788868,2.7514403959339453,0.6269472973901788,0.0,-2.536499159135812
395,396.0,0.8890813040588101,4.650330900328715,0.0,0.6443414642213025,0.466425704455003,0.25813222095192195,0.5579931347456221,-14.95996677436371
396,397.0,0.8216501858764684,4.392747456115457,0.13834713004029742,0.4930904194089247,0.017124686240980107,0.04946093153905861,0.9821782740784947,-38.09201056026119
397,398.0,0.7835071889106698,9.179957162271137,0.0,0.382511369848779,0.33909955362248556,0.22009723618128604,0.6785130506792842,-17.19160186686373
398,399.0,0.2494402554517675,1.1626478212397922,0.13834679783566886,0.4930906056507813,0.01712468623981238,0.049460931537372244,0.9821782740801015,-38.092010560738515
399,400.0,0.37096933652916597,1.666724803955661,0.0,0.5984311125130604,0.466425704455003,0.25813222095192195,0.5579931347456221,-14.95996677436371
400,401.0,0.15467679001427503,0.856543368458268,0.13834681743665064,0.4930905770355558,0.017124686239801075,0.049460931537355944,0.9821782740800302,-38.092010560743134
401,402.0,0.6052195088751334,6.700583772872454,0.0,0.4276440341482523,0.33909955362248556,0.22009723618128604,0.6785130506792842,-17.19160186686373
402,403.0,0.6362173185726647,0.3696726545757468,0.1383468331285501,0.49309054811611885,0.017124686239808756,0.049460931537367026,0.9821782740799466,-38.09201056074
403,404.0,0.40811241811246,0.5000318529480505,0.13834685040879385,0.49309060580071673,0.017124686239819657,0.04946093153738276,0.9821782740800953,-38.09201056073554
404,405.0,0.8338409436969487,9.77063363595715,0.0,0.4504717245503949,0.33909955362248556,0.22009723618128604,0.6785130506792842,-17.19160186686373
405,406.0,0.8211278461996108,8.832726062199107,0.0,0.41551911674407427,0.33909955362248556,0.22009723618128604,0.6785130506792842,-17.19160186686373
406,407.0,0.010189770997696357,8.961459272247726,0.010189770997696357,8.961459272247726,2.7514403959339453,0.6269472973901788,0.0,-2.536499159135812
407,408.0,0.952353177628897,4.610211146972606,0.0,0.5074133925304064,0.466425704455003,0.25813222095192195,0.5579931347456221,-14.95996677436371
408,409.0,0.8230381280418164,3.3228875323619618,0.0,0.6452858830317161,0.466425704455003,0.25813222095192195,0.5579931347456221,-14.95996677436371
409,410.0,0.6072473413010703,3.108651143796198,0.13834662147860327,0.49309027806744843,0.017124686240708155,0.04946093153866585,0.982178274078711,-38.09201056037235
410,411.0,0.8336283096060288,6.6761196930644,0.0,0.4298869023148515,0.33909955362248556,0.22009723618128604,0.6785130506792842,-17.19160186686373
411,412.0,0.7612091311590367,5.560751775748355,0.0,0.6082425964618601,0.466425704455003,0.25813222095192195,0.5579931347456221,-14.95996677436371
412,413.0,0.5078290800048301,6.811321844182516,0.0,0.40506123229302793,0.33909955362248556,0.22009723618128604,0.6785130506792842,-17.19160186686373
413,414.0,0.3498065842856626,6.078610835528251,0.0,0.5895333248790888,0.466425704455003,0.25813222095192195,0.5579931347456221,-14.95996677436371
414,415.0,0.7875456808621281,5.248721724251466,0.0,0.6041425230769636,0.466425704455003,0.25813222095192195,0.5579931347456221,-14.95996677436371
415,416.0,0.5549241652297406,3.473756150751386,0.1383468287545778,0.49309057307296916,0.017124686239802712,0.04946093153735831,0.9821782740800178,-38.092010560742466
416,417.0,0.8024616879230192,9.491628050798106,0.0,0.4897562832967725,0.33909955362248556,0.22009723618128604,0.6785130506792842,-17.19160186686373
417,418.0,0.48902954204454907,2.287474155613139,0.13834679283058313,0.49309062591954933,0.017124686239827713,0.04946093153739442,0.9821782740801495,-38.09201056073225
418,419.0,0.18604296433527068,6.707790842236978,0.18604296433527068,6.707790842236978,2.7514403959338,0.6269472973901623,6.783462680459706e-14,-2.5364991591361807
419,420.0,0.0889832387208973,7.41454928958884,0.0889832387208973,7.41454928958884,2.7514403959339453,0.6269472973901788,0.0,-2.536499159135812
420,421.0,0.20313436202646562,6.904191990496779,0.20313436202646562,6.904191990496779,2.751440395933183,0.6269472973900918,3.476108290101365e-13,-2.536499159137751
421,422.0,0.45186461484510054,0.23152749053875293,0.13834657384198953,0.49309108037365945,0.017124686242366478,0.04946093154106076,0.9821782740800251,-38.09201055969449
422,423.0,0.49179275129546995,0.5833530060750641,0.13834683938577289,0.4930906106204806,0.01712468623981612,0.049460931537377656,0.9821782740801136,-38.09201056073698
423,424.0,0.5937549723172665,0.2431988746839696,0.13834675622518597,0.4930907130216606,0.017124686239986676,0.04946093153762396,0.9821782740803057,-38.09201056066727
424,425.0,0.9564715311078718,5.73780581435691,0.0,0.3369717138659269,0.33909955362248556,0.22009723618128604,0.6785130506792842,-17.19160186686373
425,426.0,0.07198273513785969,5.912205834232907,0.07198273513785969,5.912205834232907,2.7514403959339453,0.6269472973901788,0.0,-2.536499159135812
426,427.0,0.48617869971582406,9.629650043590491,0.48617869971582406,9.629650043590491,2.751440306337329,0.6269472871823697,2.874630822269353e-08,-2.5364993870805375
427,428.0,0.2921170158006309,3.2769485683392414,0.13834698613921648,0.49309047843933396,0.017124686240165155,0.04946093153788172,0.9821782740794293,-38.09201056059431
428,429.0,0.9865100839387704,0.5209668506420867,0.13834688381444046,0.493090525434017,0.017124686239866193,0.04946093153745,0.9821782740798339,-38.09201056071652
429,430.0,0.23730757074238262,2.746101247888669,0.13834680338059907,0.49309055972292276,0.017124686239802997,0.04946093153735869,0.9821782740799816,-38.092010560742345
430,431.0,0.07475354621971186,6.151789603375506,0.07475354621971186,6.151789603375506,2.7514403959339453,0.6269472973901788,0.0,-2.536499159135812
431,432.0,0.16384845875058207,9.318527456966418,0.16384845875058207,9.318527456966418,2.7514403959339453,0.6269472973901788,0.0,-2.536499159135812
432,433.0,0.773335881032904,8.482222197675414,0.0,0.4597870576502654,0.33909955362248556,0.22009723618128604,0.6785130506792842,-17.19160186686373
433,434.0,0.29178288680013875,0.9013484830300841,0.13834677624568578,0.4930905594564507,0.017124686239815542,0.049460931537376865,0.9821782740799674,-38.09201056073722
434,435.0,0.4029983443019852,9.894759440799213,0.4029983443019852,9.894759440799213,2.751440394822304,0.6269472972635288,3.9436620635768804e-10,-2.536499161963963
435,436.0,0.40795602462958636,0.05690183654335859,0.0,0.4493653281185243,0.33909955362248556,0.22009723618128604,0.6785130506792842,-17.19160186686373
436,437.0,0.7157854083661631,5.240003655504406,0.0,0.6039058127948194,0.466425704455003,0.25813222095192195,0.5579931347456221,-14.95996677436371
437,438.0,0.3447765044505682,0.6902724514620496,0.1383467867363316,0.4930905397932573,0.0171246862398147,0.0494609315373756,0.9821782740799194,-38.09201056073756
438,439.0,0.4822106650651786,6.786165729925841,0.0,0.40103949350800766,0.33909955362248556,0.22009723618128604,0.6785130506792842,-17.19160186686373
439,440.0,0.7174969265023482,9.963631886093257,0.13834662750249,0.4930903226135446,0.01712468624052492,0.04946093153840127,0.9821782740788998,-38.09201056044725
440,441.0,0.8038756712375985,1.121136345552767,0.13834679234624023,0.4930904465939135,0.017124686239915317,0.04946093153752091,0.982178274079636,-38.09201056069644
441,442.0,0.7874429296480152,0.45207694619844263,0.13834699166436146,0.4930906476935069,0.01712468624012461,0.04946093153782316,0.9821782740799181,-38.09201056061089
442,443.0,0.6275110738416593,1.444323840373281,0.0,0.6363879598821061,0.466425704455003,0.25813222095192195,0.5579931347456221,-14.95996677436371
443,444.0,0.7058212270992731,3.612884593694168,0.0,0.36414429983299285,0.33909955362248556,0.22009723618128604,0.6785130506792842,-17.19160186686373
444,445.0,0.9374481854759148,6.895716339944585,0.13834681702844898,0.49309053359883986,0.017124686239811653,0.04946093153737122,0.9821782740799084,-38.092010560738814
445,446.0,0.04364849720394637,2.969534438502532,0.04364849720394637,2.969534438502532,2.7514403959339453,0.6269472973901788,0.0,-2.536499159135812
446,447.0,0.6917886838768854,1.8640601706749427,0.13834680991583673,0.49309054928759966,0.017124686239804645,0.04946093153736105,0.9821782740799534,-38.09201056074168
447,448.0,0.022665898711742183,7.342605940988901,0.022665898711742183,7.342605940988901,2.7514403959339453,0.6269472973901788,0.0,-2.536499159135812
448,449.0,0.4608550249003597,1.4513455420959969,0.138346771649857,0.4930906735819563,0.017124686239898098,0.049460931537496054,0.9821782740802427,-38.09201056070347
449,450.0,0.15459928742245865,7.065485213422033,0.15459928742245865,7.065485213422033,2.7514403959339453,0.6269472973901788,0.0,-2.536499159135812
450,451.0,0.09126941071061456,3.828048646829259,0.09126941071061456,3.828048646829259,2.7514403959338636,0.6269472973901695,4.107825191113079e-14,-2.53649915913602
451,452.0,0.06295699051568115,8.389567575946748,0.06295699051568115,8.389567575946748,2.7514403959339453,0.6269472973901788,0.0,-2.536499159135812
452,453.0,0.10051709293586442,1.9376822763325179,0.13834654916144118,0.4930904762244187,0.01712468624050974,0.04946093153837936,0.9821782740790621,-38.09201056045346
453,454.0,0.32032431856693544,1.077210861590442,0.13834681195134374,0.49309053357461435,0.017124686239811455,0.04946093153737092,0.9821782740799085,-38.09201056073889
454,455.0,0.34036729513509856,6.182157142915117,0.34041219255423805,6.182154211926314,2.7514394157494957,0.6269471857170262,3.7626066062834695e-07,-2.536501652845063
455,456.0,0.11371021265243653,0.37668903085588556,0.1383475642234131,0.49308999518834834,0.017124686248110633,0.04946093154935613,0.982178274071471,-38.09201055734647
456,457.0,0.4365561840934251,7.362707974852252,0.43662683868674945,7.362703267506599,2.751438327160812,0.6269470616932743,7.04211049473713e-07,-2.536504422349
457,458.0,0.03632923530407972,4.845836855363597,0.03632923530407972,4.845836855363597,2.7514403959339453,0.6269472973901788,0.0,-2.536499159135812
458,459.0,0.504728806794362,3.454819138495189,0.1383467499948367,0.493090646317794,0.01712468623988655,0.04946093153747938,0.9821782740801559,-38.0920105607082
459,460.0,0.20917751195116785,5.896184311015405,0.20917751195116785,5.896184311015405,2.751440395712256,0.6269472973649217,1.0026135477403386e-10,-2.536499159699816
460,461.0,0.32174958729286984,7.038779609731415,0.32174958729286984,7.038779609731415,2.7514403682959063,0.6269472942413564,1.0865042532337554e-08,-2.5364992294503548
461,462.0,0.6612058421587229,1.474990934009912,0.0,0.5822544192471555,0.466425704455003,0.25813222095192195,0.5579931347456221,-14.95996677436371
462,463.0,0.7153090017465354,0.7718700281731431,0.13834698771628318,0.4930910645036182,0.01712468624172261,0.049460931540130856,0.9821782740805911,-38.09201055995767
463,464.0,0.7513980242176337,6.4777470510217885,0.0,0.4024829836349917,0.33909955362248556,0.22009723618128604,0.6785130506792842,-17.19160186686373
464,465.0,0.7582844404539535,6.712658156277941,0.0,0.3807479624198183,0.33909955362248556,0.22009723618128604,0.6785130506792842,-17.19160186686373
465,466.0,0.7594320804686331,4.780023579919002,0.1383468135293533,0.49309056306067645,0.017124686239801422,0.049460931537356444,0.982178274079992,-38.09201056074299
466,467.0,0.6144230368300354,4.1101665670413245,0.13834682438139334,0.49309056261672946,0.017124686239802487,0.04946093153735799,0.9821782740799899,-38.09201056074256
467,468.0,0.24706966703558597,2.921325163728678,0.13834681069151009,0.4930906780816326,0.017124686239882243,0.04946093153747314,0.982178274080277,-38.09201056070996
468,469.0,0.6132406851281577,5.109034172149459,0.0,0.4015655565740883,0.33909955362248556,0.22009723618128604,0.6785130506792842,-17.19160186686373
469,470.0,0.5170242348510145,6.300086787253278,0.0,0.39770546260586703,0.33909955362248556,0.22009723618128604,0.6785130506792842,-17.19160186686373
470,471.0,0.598683563926007,1.4187501954626316,0.13834718381668312,0.4930900582050308,0.01712468624324044,0.04946093154232283,0.9821782740763713,-38.09201055933724
471,472.0,0.5051501673115509,5.872045090707704,0.0,0.4006244858685114,0.33909955362248556,0.22009723618128604,0.6785130506792842,-17.19160186686373
472,473.0,0.6070561970718885,4.880693823302021,0.0,0.5090548222470634,0.466425704455003,0.25813222095192195,0.5579931347456221,-14.95996677436371
473,474.0,0.6200122726473705,5.69118042264154,0.13834675449793912,0.49309096243878675,0.01712468624096006,0.049460931539029654,0.9821782740806406,-38.09201056026938
474,475.0,0.6842593605545725,7.6404943960655265,0.0,0.41060957551023036,0.33909955362248556,0.22009723618128604,0.6785130506792842,-17.19160186686373
475,476.0,0.02635336209962935,0.27038925614586223,0.13834686430516355,0.4930905624321001,0.017124686239825618,0.0494609315373914,0.982178274079966,-38.0920105607331
476,477.0,0.10969688837966551,7.674233886501037,0.10969688837966551,7.674233886501037,2.7514403959339453,0.6269472973901788,0.0,-2.536499159135812
477,478.0,0.03557352622391352,0.39510923663033326,0.1383470069269369,0.4930910773923609,0.01712468624186714,0.04946093154033958,0.9821782740805419,-38.0920105598986
478,479.0,0.4848642331051981,4.283299299071306,0.0,0.5171044146106578,0.466425704455003,0.25813222095192195,0.5579931347456221,-14.95996677436371
479,480.0,0.05696452674334618,8.092697326470692,0.05696452674334618,8.092697326470692,2.7514403959339453,0.6269472973901788,0.0,-2.536499159135812
480,481.0,0.8557968845048708,8.954418169280755,0.0,0.3792452505157045,0.33909955362248556,0.22009723618128604,0.6785130506792842,-17.19160186686373
481,482.0,0.16444208727367482,7.581936566469796,0.16444208727367482,7.581936566469796,2.7514403959339453,0.6269472973901788,0.0,-2.536499159135812
482,483.0,0.21936598239488958,9.854098482939571,0.21936598239488958,9.854098482939571,2.7514403959339453,0.6269472973901788,0.0,-2.536499159135812
483,484.0,0.4560603267235299,9.035812753774016,0.4560603267235299,9.035812753774016,2.751440296173897,0.6269472860244424,3.317089469767609e-08,-2.536499412937548
484,485.0,0.7779472794948106,9.748986183259802,0.0,0.491615698461339,0.33909955362248556,0.22009723618128604,0.6785130506792842,-17.19160186686373
485,486.0,0.5203545701835193,7.462118868104852,0.0,0.44076988211208834,0.33909955362248556,0.22009723618128604,0.6785130506792842,-17.19160186686373
486,487.0,0.7424217427529449,6.675153605406476,0.0,0.3626711918805893,0.33909955362248556,0.22009723618128604,0.6785130506792842,-17.19160186686373
487,488.0,0.17320366499915985,6.705994473452225,0.17320366499915985,6.705994473452225,2.7514403959339315,0.6269472973901771,6.994405055138486e-15,-2.536499159135847
488,489.0,0.20546467897142928,3.985964362929213,0.13834683200943232,0.4930902987567146,0.01712468624034661,0.04946093153814377,0.9821782740790839,-38.09201056052014
489,490.0,0.9200853026523585,7.09952944118769,0.13834679394892035,0.49309077175035176,0.017124686240096627,0.04946093153778276,0.982178274080453,-38.09201056062233
490,491.0,0.13794081083872067,2.349545943413482,0.13834689042516563,0.4930905078027826,0.017124686239891485,0.04946093153748651,0.9821782740797695,-38.09201056070618
491,492.0,0.6092635326898899,4.774949960896474,0.13834681521075276,0.4930904351849789,0.017124686239935658,0.0494609315375503,0.9821782740795991,-38.092010560688124
492,493.0,0.6338443022789632,8.655132139271666,0.0,0.4638145142598652,0.33909955362248556,0.22009723618128604,0.6785130506792842,-17.19160186686373
493,494.0,0.11490664767038361,1.2195632977235997,0.0,0.3631473868668057,0.33909955362248556,0.22009723618128604,0.6785130506792842,-17.19160186686373
494,495.0,0.08660953879391309,9.014871359161113,0.08660953879391309,9.014871359161113,2.7514403959339453,0.6269472973901788,0.0,-2.536499159135812
495,496.0,0.7761622882555357,7.089262258067936,0.0,0.431168824313635,0.33909955362248556,0.22009723618128604,0.6785130506792842,-17.19160186686373
496,497.0,0.900988465082557,1.1493373103266027,0.13834673214550236,0.49309064361187344,0.017124686239910265,0.04946093153751362,0.9821782740801216,-38.092010560698505
497,498.0,0.7496985712316164,9.98608428129894,0.1383469027999584,0.49309053904324956,0.017124686239886555,0.04946093153747939,0.9821782740798446,-38.0920105607082
498,499.0,0.6892953337525781,1.7239371535506538,0.1383469999844368,0.49309055264185614,0.01712468624013642,0.0494609315378402,0.9821782740796194,-38.092010560606056
499,500.0,0.056717212487298774,2.080366093664076,0.056717212487298774,2.080366093664076,2.7514403847173687,0.6269472961122659,5.739012154393208e-09,-2.5364991876721508
500,501.0,0.016964175971334483,5.499765514958951,0.016964175971334483,5.499765514958951,2.7514403959339453,0.6269472973901788,0.0,-2.536499159135812
501,502.0,0.41614936771436584,7.398648429996827,0.41618382903706835,7.398646253959686,2.751439484660664,0.6269471935681282,3.1805527767048147e-07,-2.536501477526585
502,503.0,0.816007713080129,4.868448752592026,0.0,0.49005484478589667,0.33909955362248556,0.22009723618128604,0.6785130506792842,-17.19160186686373
503,504.0,0.9907063928803175,9.374820771131109,0.0,0.3478480049120628,0.33909955362248556,0.22009723618128604,0.6785130506792842,-17.19160186686373
504,505.0,0.6224681551917741,3.865147081208461,0.13834679369740202,0.49309022276321357,0.017124686240672905,0.049460931538614986,0.9821782740787773,-38.09201056038676
505,506.0,0.42232164726921717,2.5744938367745833,0.13834686975941424,0.4930905983588975,0.01712468623983293,0.04946093153740193,0.9821782740800593,-38.09201056073011
506,507.0,0.4035213910839818,0.38813677974952326,0.13834662359737387,0.493090818678334,0.017124686240646534,0.0494609315385769,0.9821782740801089,-38.09201056039754
507,508.0,0.4585921497512345,4.417992204612703,0.0,0.5660821629690679,0.466425704455003,0.25813222095192195,0.5579931347456221,-14.95996677436371
508,509.0,0.46794539836144655,7.2526125023874,0.0,0.4320498115064637,0.33909955362248556,0.22009723618128604,0.6785130506792842,-17.19160186686373
509,510.0,0.27457769928790765,7.07927225981467,0.27457769928790765,7.07927225981467,2.7514403950469792,0.6269472972891261,3.7028058397226005e-10,-2.5364991613923618
510,511.0,0.7059525188769749,4.694370773149816,0.0,0.6334012675989377,0.466425704455003,0.25813222095192195,0.5579931347456221,-14.95996677436371
511,512.0,0.4926015048404342,4.519004256320354,0.0,0.4152366204049486,0.33909955362248556,0.22009723618128604,0.6785130506792842,-17.19160186686373
512,513.0,0.83321076431353,8.551890409589214,0.0,0.47484527305794666,0.33909955362248556,0.22009723618128604,0.6785130506792842,-17.19160186686373
513,514.0,0.8738645356129513,6.08550888644506,0.0,0.5895877878431908,0.466425704455003,0.25813222095192195,0.5579931347456221,-14.95996677436371
514,515.0,0.22409902142705562,4.948786096573416,0.22409902142705562,4.948786096573416,2.7514403214675367,0.6269472889061655,3.3089941786634824e-08,-2.5364993485874416
515,516.0,0.7440673008014832,0.0019223071931787374,0.13834705115665727,0.49309033280127423,0.017124686240818275,0.049460931538824915,0.9821782740785976,-38.09201056032733
516,517.0,0.5013434941607802,9.69665208907776,0.5013434941607802,9.69665208907776,2.751440260419136,0.6269472819508758,4.271711873116146e-08,-2.536499503902025
517,518.0,0.4329577799910648,7.291486850351492,0.43303167643562274,7.291481832143391,2.7514382417339514,0.6269470519605249,7.365055650909724e-07,-2.5365046396855213
518,519.0,0.5625065750321449,0.6918917193492711,0.13834746844304352,0.49309070302953356,0.01712468624390519,0.049460931543282835,0.9821782740762043,-38.09201055906551
519,520.0,0.7909473591305959,4.628130167496455,0.13834667659285763,0.4930910144785346,0.017124686241466597,0.04946093153976119,0.9821782740804708,-38.09201056006232
520,521.0,0.3607942870078823,1.3692907454096146,0.13834683853337698,0.4930903111705423,0.017124686240303374,0.04946093153808133,0.982178274079129,-38.092010560537815
521,522.0,0.822918010847848,0.8145587080755117,0.13834688728991784,0.4930905104290888,0.017124686239884154,0.049460931537475925,0.9821782740797826,-38.09201056070917
522,523.0,0.22906498105226347,7.919407867164086,0.22906498105226347,7.919407867164086,2.751440395933688,0.6269472973901496,1.13464793116691e-13,-2.536499159136465
523,524.0,0.46294088601454775,1.269944427006572,0.13834681388084968,0.49309061111828606,0.017124686239811823,0.04946093153737147,0.9821782740801192,-38.09201056073874
524,525.0,0.6214520119997627,4.4488335391851335,0.0,0.48514814385793814,0.33909955362248556,0.22009723618128604,0.6785130506792842,-17.19160186686373
525,526.0,0.5587709997411673,4.544923734667757,0.0,0.49065228525730054,0.33909955362248556,0.22009723618128604,0.6785130506792842,-17.19160186686373
526,527.0,0.535745848117029,8.06270780297127,1.1102230246251565e-16,0.41453562309310193,0.33909955362248556,0.22009723618128604,0.6785130506792842,-17.19160186686373
527,528.0,0.2566699220643148,7.669093186132539,0.2566699220643148,7.669093186132539,2.7514403959154836,0.6269472973880755,7.882472452536149e-12,-2.53649915918278
528,529.0,0.9070695765606664,3.732893585078822,0.0,0.36231669975714154,0.33909955362248556,0.22009723618128604,0.6785130506792842,-17.19160186686373
529,530.0,0.8689206086233053,6.643947609191133,0.0,0.3835650565889016,0.33909955362248556,0.22009723618128604,0.6785130506792842,-17.19160186686373
530,531.0,0.2147020926881551,6.777820213447108,0.2147020926881551,6.777820213447108,2.7514403959272005,0.6269472973894104,3.0309088572266774e-12,-2.536499159152971
531,532.0,0.17203753965307733,1.029669347962943,0.1383468304547986,0.4930901379137311,0.017124686241166653,0.049460931539328,0.982178274078369,-38.09201056018493
532,533.0,0.9688107360181345,1.6025661093943249,0.13834678106674325,0.49309050345190775,0.017124686239842632,0.049460931537415986,0.9821782740798101,-38.092010560726145
533,534.0,0.9220125981446506,5.479868232682701,0.0,0.37775911051274963,0.33909955362248556,0.22009723618128604,0.6785130506792842,-17.19160186686373
534,535.0,0.27290665650717705,0.04986380406873617,0.13834679631010138,0.4930905572012871,0.017124686239805335,0.049460931537362106,0.9821782740799725,-38.09201056074139
535,536.0,0.5572753324313212,7.518712751510309,0.0,0.4414525860922561,0.33909955362248556,0.22009723618128604,0.6785130506792842,-17.19160186686373
536,537.0,0.1720398947126175,2.343913637649765,0.13834674345062437,0.493090997396911,0.017124686241187428,0.04946093153935801,0.9821782740806428,-38.09201056017644
537,538.0,0.16040133790761224,1.882194252815646,0.13834684061292518,0.4930905588768049,0.017124686239808937,0.04946093153736728,0.9821782740799737,-38.09201056073992
538,539.0,0.4305688876573712,5.315248333042761,0.0,0.3743877176983605,0.33909955362248556,0.22009723618128604,0.6785130506792842,-17.19160186686373
539,540.0,0.7690390829233336,4.245015803883837,0.0,0.34180247092836896,0.33909955362248556,0.22009723618128604,0.6785130506792842,-17.19160186686373
540,541.0,0.007911235211060852,8.34155873190434,0.007911235211060852,8.34155873190434,2.7514403959339453,0.6269472973901788,0.0,-2.536499159135812
541,542.0,0.28313928110834263,7.174749576734194,0.28313928110834263,7.174749576734194,2.751440394680905,0.626947297247419,5.174604078561629e-10,-2.5364991623236994
542,543.0,0.908201166628147,4.769858109176284,0.13834680988984766,0.4930906037244608,0.01712468623980843,0.049460931537366554,0.9821782740801,-38.09201056074013
543,544.0,0.9887854463153409,5.010831889548771,0.0,0.5720162948796284,0.466425704455003,0.25813222095192195,0.5579931347456221,-14.95996677436371
544,545.0,0.04767805454559282,9.510851419747025,0.04767805454559282,9.510851419747025,2.7514403959339453,0.6269472973901788,0.0,-2.536499159135812
545,546.0,0.8383031886387281,8.540196399450679,0.0,0.4748148824490144,0.33909955362248556,0.22009723618128604,0.6785130506792842,-17.19160186686373
546,547.0,0.2226793064738276,5.986052656434935,0.2226793064738276,5.986052656434935,2.751440395304516,0.6269472973184675,2.801687770670469e-10,-2.536499160737157
547,548.0,0.39738336792580586,1.409179531669268,0.0,0.38638416359673167,0.33909955362248556,0.22009723618128604,0.6785130506792842,-17.19160186686373
548,549.0,0.1735490776107147,9.104557711419536,0.1735490776107147,9.104557711419536,2.7514403959339453,0.6269472973901788,0.0,-2.536499159135812
549,550.0,0.8926384460575507,2.3143196432198283,0.13834679283058313,0.49309062591954933,0.017124686239827713,0.04946093153739442,0.9821782740801495,-38.09201056073225
550,551.0,0.8326218102856244,0.8168101928613819,0.1383468083471855,0.49309057119746474,0.01712468623980123,0.04946093153735615,0.9821782740800139,-38.09201056074307
551,552.0,0.2583534417290728,9.682462539953205,0.2583534417290728,9.682462539953205,2.7514403959339364,0.6269472973901778,3.774758283725532e-15,-2.5364991591358343
552,553.0,0.2176963770034055,9.22754102838922,0.2176963770034055,9.22754102838922,2.7514403959339453,0.6269472973901788,0.0,-2.536499159135812
553,554.0,0.38341887927874196,1.6312049141378293,0.0,0.40716780747261244,0.33909955362248556,0.22009723618128604,0.6785130506792842,-17.19160186686373
554,555.0,0.5686501267244083,3.909947121555061,0.13834683069712503,0.493090558132169,0.01712468623980497,0.04946093153736155,0.9821782740799758,-38.09201056074154
555,556.0,0.45727479714434305,6.654054603675255,0.0,0.3926255133932467,0.33909955362248556,0.22009723618128604,0.6785130506792842,-17.19160186686373
556,557.0,0.1322604348008457,4.39803705465905,0.1322604348008457,4.39803705465905,2.7514403959154223,0.6269472973880684,9.06352770613239e-12,-2.5364991591829362
557,558.0,0.41430339860876875,7.2228787783761055,0.41435158228806285,7.222875625342696,2.7514390968514895,0.626947149384732,4.544345056922694e-07,-2.5365024641608276
558,559.0,0.3923022813131165,3.8901307889062737,0.13834687753413039,0.4930912657101459,0.017124686243241323,0.049460931542324116,0.9821782740807613,-38.09201055933688
559,560.0,0.6010826792820538,0.16758285712424423,0.1383468374041648,0.4930903026194627,0.01712468624033535,0.049460931538127494,0.9821782740790954,-38.09201056052474
560,561.0,0.5625499877408836,9.718336852274806,0.5625751231900348,9.718335209144866,2.751439501342831,0.62694719546874,2.6313899115226747e-07,-2.5365014350851016
561,562.0,0.44382530456296754,7.873439378971517,0.4438551029489642,7.873437469387903,2.751439561031509,0.6269472022691167,2.81721248440725e-07,-2.536501283229777
562,563.0,0.9764328796566999,3.6172593054389597,0.1383467133661436,0.4930906730363079,0.01712468623998522,0.04946093153762187,0.9821782740801487,-38.092010560667866
563,564.0,0.5006135516117431,2.6103627719606153,0.13834690220561577,0.49309048771554326,0.017124686239934506,0.04946093153754864,0.9821782740796853,-38.09201056068859
564,565.0,0.45328320990845106,1.449289576698783,0.0,0.4210150838490672,0.33909955362248556,0.22009723618128604,0.6785130506792842,-17.19160186686373
565,566.0,0.4770317193816307,6.318884560389701,0.0,0.39842724249895395,0.33909955362248556,0.22009723618128604,0.6785130506792842,-17.19160186686373
566,567.0,0.12186150623046099,5.207029575516827,0.12186150623046099,5.207029575516827,2.751440395933943,0.6269472973901786,1.2212453270876722e-15,-2.5364991591358175
567,568.0,0.08686863989651039,0.9459087695795645,0.13834672083408436,0.49309081596035925,0.017124686240341337,0.04946093153813614,0.9821782740804155,-38.0920105605223
568,569.0,0.5184583655104614,0.9441879745876753,0.1383464791794836,0.49309097098754967,0.01712468624218978,0.049460931540805546,0.982178274079407,-38.09201055976671
569,570.0,0.2758337958231447,8.455988467275569,0.2758337958231447,8.455988467275569,2.751440395927263,0.6269472973894176,2.7851054795746677e-12,-2.536499159152812
570,571.0,0.5862856358722582,7.661322538659107,0.0,0.38591805772689425,0.33909955362248556,0.22009723618128604,0.6785130506792842,-17.19160186686373
571,572.0,0.051001567104139944,9.62248859256144,0.051001567104139944,9.62248859256144,2.7514403959339453,0.6269472973901788,0.0,-2.536499159135812
572,573.0,0.6497687250154974,1.0197838350682455,0.13834680877783867,0.49309055964383425,0.017124686239802192,0.04946093153735755,0.9821782740799823,-38.09201056074268
573,574.0,0.680830034753754,2.2505738035112146,0.13834679283058313,0.49309062591954933,0.017124686239827713,0.04946093153739442,0.9821782740801495,-38.09201056073225
574,575.0,0.15140639198143768,5.1675692005976135,0.15140639198143768,5.1675692005976135,2.751440395930816,0.6269472973898222,1.5052403767867872e-12,-2.536499159143773
575,576.0,0.6166328906019448,1.9962574423197277,0.13834680773164465,0.4930898895678911,0.017124686243143325,0.049460931542182646,0.9821782740770408,-38.09201055937693
576,577.0,0.17018701037656647,2.4787809994736447,0.13834680063996893,0.49309069051679805,0.017124686239905602,0.04946093153750691,0.9821782740803005,-38.09201056070041
577,578.0,0.8350128646682351,1.9786247344662047,0.13834681145874064,0.49309064348584275,0.017124686239837837,0.04946093153740904,0.9821782740801981,-38.09201056072811
578,579.0,0.5936053071902038,1.1930882580521947,0.13834678273882808,0.4930905753346465,0.017124686239810828,0.049460931537370044,0.9821782740800147,-38.09201056073915
579,580.0,0.7308060938170603,3.062045201126978,0.13834666688368055,0.4930907464294604,0.017124686240260763,0.04946093153801975,0.982178274080162,-38.092010560555224
580,581.0,0.7017972357512232,9.023911074305524,0.0,0.48245771682165056,0.33909955362248556,0.22009723618128604,0.6785130506792842,-17.19160186686373
581,582.0,0.6757593368351014,0.815944764792102,0.13834625862100305,0.4930914605386349,0.017124686249053195,0.04946093155071729,0.98217827407676,-38.09201055696118
582,583.0,0.15896879375705208,2.642682218189554,0.13834651513322088,0.49309019286760136,0.017124686241550537,0.04946093153988238,0.9821782740778948,-38.09201056002801
583,584.0,0.5207472865372468,4.0884639773230615,0.1383469892664949,0.49308996944655203,0.01712468624283466,0.04946093154173687,0.9821782740770558,-38.09201055950311
584,585.0,0.9359838008402419,9.519716034097378,0.0,0.5100531593965764,0.466425704455003,0.25813222095192195,0.5579931347456221,-14.95996677436371
585,586.0,0.27701285650201735,0.06739474119027898,0.13834679536774042,0.49309051604180354,0.017124686239825646,0.04946093153739139,0.9821782740798543,-38.09201056073309
586,587.0,0.7460213442181365,5.437686190783212,0.0,0.3769933431297127,0.33909955362248556,0.22009723618128604,0.6785130506792842,-17.19160186686373
587,588.0,0.5142465560455503,2.989823510135984,0.13834680938438196,0.49309056563494086,0.017124686239801373,0.04946093153735637,0.9821782740799988,-38.09201056074301
588,589.0,0.40564473480624563,4.388271271398573,0.13834690896742818,0.49309055148165104,0.01712468623989129,0.0494609315374862,0.9821782740798702,-38.09201056070626
589,590.0,0.7817139410152534,8.613267871577976,0.0,0.45743921559886974,0.33909955362248556,0.22009723618128604,0.6785130506792842,-17.19160186686373
590,591.0,0.3627738307041325,0.9992126986093498,0.1383467169975802,0.4930903977461753,0.01712468624008932,0.04946093153777223,0.9821782740793958,-38.09201056062531
591,592.0,0.24966353633738914,0.7978135698855081,0.13834676594129697,0.4930905639439669,0.017124686239823595,0.04946093153738847,0.9821782740799705,-38.09201056073393
592,593.0,0.07743820113351862,2.139446829904092,0.13834679283058313,0.49309062591954933,0.017124686239827713,0.04946093153739442,0.9821782740801495,-38.09201056073225
593,594.0,0.3459681930449853,8.553895442916653,0.3459681930449853,8.553895442916653,2.7514403946063046,0.6269472972389197,5.060453167615719e-10,-2.5364991625134925
594,595.0,0.11394922535611662,7.998236935613376,0.11394922535611662,7.998236935613376,2.7514403959339453,0.6269472973901788,0.0,-2.536499159135812
595,596.0,0.07627502861368496,5.875646627184643,0.07627502861368496,5.875646627184643,2.7514403959339453,0.6269472973901788,0.0,-2.536499159135812
596,597.0,0.5171689546238376,0.8009659858959393,0.1383468346072689,0.49309049874592803,0.01712468623984512,0.04946093153741954,0.9821782740797987,-38.09201056072513
597,598.0,0.23679759300106928,6.383479346816136,0.23679759300106928,6.383479346816136,2.7514403954750644,0.6269472973378981,2.0080037632652648e-10,-2.5364991603032614
598,599.0,0.7233982940526956,8.258680851638239,0.0,0.5223868607503555,0.466425704455003,0.25813222095192195,0.5579931347456221,-14.95996677436371
599,600.0,0.32652517649944957,1.165890691588932,0.13834645632652645,0.49309131558717795,0.017124686245337275,0.04946093154535097,0.9821782740790527,-38.09201055848012
600,601.0,0.8305848562734355,0.17332822686696703,0.13834689624493654,0.4930906874002986,0.01712468623994813,0.0494609315375683,0.9821782740802463,-38.09201056068302
601,602.0,0.5709557534879363,2.008905512605047,0.138346819212529,0.4930904707916329,0.017124686239875356,0.049460931537463206,0.9821782740797158,-38.09201056071277
602,603.0,0.16697708081709628,6.3622875173881,0.16697708081709628,6.3622875173881,2.7514403959339124,0.6269472973901751,1.554312234475219e-14,-2.5364991591358947
603,604.0,0.8217372292256359,7.815657853685643,0.13834674916603998,0.49309053718297824,0.01712468623984784,0.04946093153742346,0.9821782740798782,-38.09201056072402
604,605.0,0.23650053108569313,3.931445156719219,0.13834686797523807,0.49309081488039097,0.0171246862402353,0.049460931537982984,0.9821782740805248,-38.09201056056563
605,606.0,0.385384266994912,5.763903752622853,0.13834681487706674,0.49309059773199,0.01712468623980555,0.049460931537362425,0.982178274080085,-38.0920105607413
606,607.0,0.14706219442690593,3.4088267803844485,0.14708666374238155,3.408825314890047,2.751440181113533,0.626947272915529,1.0374395775780698e-07,-2.5364997056651672
607,608.0,0.9666082370948407,9.885673977948032,0.13834681013562908,0.49309057565152364,0.017124686239801158,0.04946093153735604,0.9821782740800261,-38.0920105607431
608,609.0,0.858167626374684,6.7368859708288635,0.0,0.3851102650808743,0.33909955362248556,0.22009723618128604,0.6785130506792842,-17.19160186686373
609,610.0,0.3884143809655195,5.733762490775424,0.0,0.36621792895985045,0.33909955362248556,0.22009723618128604,0.6785130506792842,-17.19160186686373
610,611.0,0.07391749459152896,0.5637404029493435,0.13834662436879266,0.4930904783966254,0.01712468624018827,0.04946093153791511,0.9821782740794013,-38.09201056058487
611,612.0,0.8365772286847931,0.08349312761076987,0.13834703607524243,0.4930903546542049,0.017124686240669866,0.04946093153861059,0.9821782740787612,-38.092010560388005
612,613.0,0.6741176355953932,9.235934840716599,0.1383468433935415,0.4930909270480256,0.01712468624070132,0.049460931538656036,0.9821782740806836,-38.092010560375144
613,614.0,0.3728112398659529,5.718747408952175,0.13834680062893054,0.4930905929118895,0.01712468623980621,0.04946093153736334,0.9821782740800697,-38.09201056074104
614,615.0,0.9880746427048595,1.5099994242687258,0.13834740617323468,0.49308973829089076,0.0171246862487638,0.049460931550299375,0.9821782740719209,-38.09201055707947
615,616.0,0.23546534240505146,5.4881250387781275,0.23546534240505146,5.4881250387781275,2.751440377897509,0.6269472953352742,7.905338383906724e-09,-2.5364992050227064
616,617.0,0.9045644502814101,6.185992268999524,0.0,0.3937355460567264,0.33909955362248556,0.22009723618128604,0.6785130506792842,-17.19160186686373
617,618.0,0.3045064223217383,6.356867100436088,0.3045064223217383,6.356867100436088,2.7514403083356695,0.6269472874100421,3.5203555848184465e-08,-2.5364993819965136
618,619.0,0.5910596002938988,5.7565613958903405,0.13834682155927025,0.49309059354909673,0.017124686239804416,0.049460931537360725,0.9821782740800739,-38.09201056074177
619,620.0,0.8735259198402354,6.8223881426843365,0.0,0.3945293993561667,0.33909955362248556,0.22009723618128604,0.6785130506792842,-17.19160186686373
620,621.0,0.10291689236315849,1.0654897888190737,0.13834673780939996,0.4930906823783867,0.017124686239955493,0.04946093153757896,0.9821782740802155,-38.092010560680016
621,622.0,0.8656104689172066,3.0986880959236447,0.13834677799839412,0.4930904555764042,0.017124686239905963,0.049460931537507406,0.982178274079659,-38.09201056070026
622,623.0,0.643237390213499,4.753850410503272,0.13834680975074365,0.49309059686383605,0.01712468623980562,0.04946093153736248,0.9821782740800822,-38.09201056074128
623,624.0,0.6105995411786264,6.982880595601957,0.13834695354922644,0.49309037361911884,0.017124686240302944,0.04946093153808071,0.9821782740791546,-38.092010560537986
624,625.0,0.18974302706457358,1.469800082131287,0.13834680128395815,0.493090579397212,0.01712468623980307,0.04946093153735879,0.9821782740800344,-38.09201056074232
625,626.0,0.3415537202508405,3.4963907339953537,0.0,0.6626943232273342,0.466425704455003,0.25813222095192195,0.5579931347456221,-14.95996677436371
626,627.0,0.19028827113497326,5.361380335198601,0.19028827113497326,5.361380335198601,2.7514403955880486,0.6269472973507706,1.598295940041794e-10,-2.536499160015815
627,628.0,0.06352486472001995,0.8024940177879762,0.13834680619864445,0.49309055678882074,0.017124686239803046,0.04946093153735876,0.9821782740799739,-38.09201056074233
628,629.0,0.3901352390804358,3.0491320682595586,0.13834680574178843,0.4930905624198588,0.017124686239802178,0.04946093153735753,0.9821782740799895,-38.092010560742686
629,630.0,0.863700062381567,3.191338051772008,0.13834676279421548,0.4930904429118978,0.017124686239938167,0.049460931537553904,0.9821782740796067,-38.09201056068709
630,631.0,0.4640700451037114,6.484006221434347,0.0,0.40243330220321943,0.33909955362248556,0.22009723618128604,0.6785130506792842,-17.19160186686373
631,632.0,0.13142166408183031,6.2955261908977675,0.13142166408183031,6.2955261908977675,2.7514403959339453,0.6269472973901788,0.0,-2.536499159135812
632,633.0,0.8738190268774738,5.286192374558244,0.0,0.5973201614456176,0.466425704455003,0.25813222095192195,0.5579931347456221,-14.95996677436371
633,634.0,0.37162375817331916,7.670189210170583,0.37162375817331916,7.670189210170583,2.7514403294324774,0.6269472898136172,2.4536974119193644e-08,-2.5364993283236608
634,635.0,0.6758107290632767,3.768393171429846,0.0,0.34113829137042345,0.33909955362248556,0.22009723618128604,0.6785130506792842,-17.19160186686373
635,636.0,0.5585724867965762,8.00980979574315,0.0,0.45211536795220514,0.33909955362248556,0.22009723618128604,0.6785130506792842,-17.19160186686373
636,637.0,0.4518143869384189,2.8058183747068575,0.13834678466419434,0.4930905342168525,0.017124686239818377,0.04946093153738094,0.9821782740799024,-38.092010560736064
637,638.0,0.12018116705004311,3.3824092930874974,0.12018116705004311,3.3824092930874974,2.751440389621005,0.6269472966709408,3.1191605964764335e-09,-2.5364991751967016
638,639.0,0.79172935405597,4.923522788130479,0.0,0.5762414704555295,0.466425704455003,0.25813222095192195,0.5579931347456221,-14.95996677436371
639,640.0,0.4685893872516166,2.288021035016197,0.13834679283058313,0.49309062591954933,0.017124686239827713,0.04946093153739442,0.9821782740801495,-38.09201056073225
640,641.0,0.37847704982473995,0.7425059815357418,0.13834679634091923,0.4930905492874343,0.01712468623980729,0.04946093153736489,0.9821782740799505,-38.0920105607406
641,642.0,0.39438067902353047,8.549401462114734,0.39438067902353047,8.549401462114734,2.7514403753063106,0.626947295040057,7.396759427180655e-09,-2.5364992116150304
642,643.0,0.8412209029707695,5.2044720269110245,0.0,0.604087473573109,0.466425704455003,0.25813222095192195,0.5579931347456221,-14.95996677436371
643,644.0,0.06829495490726867,1.776503546980194,0.0,0.4633252096570199,0.33909955362248556,0.22009723618128604,0.6785130506792842,-17.19160186686373
644,645.0,0.49097404795834054,8.992732279350177,0.490987281816801,8.992731479989665,2.7514400045222036,0.6269472527963467,1.2487649980741367e-07,-2.5365001549350996
645,646.0,0.10415476940749391,6.779107620630941,0.10415476940749391,6.779107620630941,2.7514403959339453,0.6269472973901788,0.0,-2.536499159135812
646,647.0,0.056110918168381874,4.2571755641321305,0.056110918168381874,4.2571755641321305,2.7514403959339453,0.6269472973901788,0.0,-2.536499159135812
647,648.0,0.9941053055958904,0.9800533513248583,0.13834710369695313,0.4930907381795676,0.01712468624073766,0.04946093153870847,0.9821782740796408,-38.09201056036029
648,649.0,0.123940710818495,3.497821400483402,0.123940710818495,3.497821400483402,2.7514403913412178,0.626947296866926,2.262565912403147e-09,-2.536499170820271
649,650.0,0.41793834097211624,0.8090464650694551,0.138346742408996,0.4930905142048369,0.01712468623986972,0.04946093153745506,0.9821782740798037,-38.092010560715075
650,651.0,0.4900416019141146,9.794481947781126,0.4900416019141146,9.794481947781126,2.7514403221163533,0.6269472889800858,2.357689432574972e-08,-2.5364993469367727
651,652.0,0.12276690482223584,1.7627807464252367,1.1102230246251565e-16,0.5532544884463229,0.466425704455003,0.25813222095192195,0.5579931347456221,-14.95996677436371
652,653.0,0.8508290918265053,4.727529350286049,0.13834679974886857,0.49309057472392676,0.01712468623980308,0.04946093153735884,0.9821782740800215,-38.09201056074232
653,654.0,0.9635854040464928,5.85719513870244,0.0,0.40058869673290487,0.33909955362248556,0.22009723618128604,0.6785130506792842,-17.19160186686373
654,655.0,0.5769618282524923,8.34439120367179,0.0,0.46877353340222055,0.33909955362248556,0.22009723618128604,0.6785130506792842,-17.19160186686373
655,656.0,0.188538174509415,0.09204541044698275,0.13834682916096064,0.49309053770316447,0.017124686239811962,0.04946093153737167,0.9821782740799179,-38.092010560738686
656,657.0,0.725868409535037,0.3634059461662152,0.13834680867765506,0.49309056571515364,0.017124686239801425,0.049460931537356416,0.982178274079999,-38.09201056074299
657,658.0,0.051490785322349075,9.487556609441556,0.051490785322349075,9.487556609441556,2.7514403959339453,0.6269472973901788,0.0,-2.536499159135812
658,659.0,0.8831713302898898,2.7174648095454317,0.13834679283058313,0.49309062591954933,0.017124686239827713,0.04946093153739442,0.9821782740801495,-38.09201056073225
659,660.0,0.22685033075738836,3.6282028926799312,0.0,0.35212775458538065,0.33909955362248556,0.22009723618128604,0.6785130506792842,-17.19160186686373
660,661.0,0.5252210241658254,2.1334150200767765,0.0,0.4039941359686147,0.33909955362248556,0.22009723618128604,0.6785130506792842,-17.19160186686373
661,662.0,0.3015971798852197,8.156054095380798,0.3015971798852197,8.156054095380798,2.7514403957450417,0.6269472973686568,7.61981588937033e-11,-2.5364991596164046
662,663.0,0.7898484111473669,5.182626234549984,0.0,0.6252857062932112,0.466425704455003,0.25813222095192195,0.5579931347456221,-14.95996677436371
663,664.0,0.08372956758244865,2.3314489373956016,0.08378423496420996,2.3314455623175863,2.7514401098648857,0.6269472647981175,1.4472456488778818e-07,-2.536499886930433
664,665.0,0.1990842840400726,0.6598099048310894,0.13834735030534165,0.4930916973493262,0.017124686250887873,0.04946093155336684,0.9821782740779933,-38.09201055621122
665,666.0,0.6736084523569964,8.234122302667828,0.0,0.4658524945429183,0.33909955362248556,0.22009723618128604,0.6785130506792842,-17.19160186686373
666,667.0,0.5859163375335071,5.220216261062606,0.0,0.604088622418483,0.466425704455003,0.25813222095192195,0.5579931347456221,-14.95996677436371
667,668.0,0.7389419959604441,8.981036136214783,0.0,0.48175471307276096,0.33909955362248556,0.22009723618128604,0.6785130506792842,-17.19160186686373
668,669.0,0.8032809944678069,3.066850511124835,0.13834675659819662,0.4930904505838597,0.017124686239930444,0.04946093153754271,0.9821782740796258,-38.092010560690255
669,670.0,0.6802363111226515,4.658119644804899,0.0,0.5777823316228174,0.466425704455003,0.25813222095192195,0.5579931347456221,-14.95996677436371
670,671.0,0.43878597054520896,9.686237096954175,0.43878597054520896,9.686237096954175,2.751440384768249,0.6269472961180628,3.790853186913523e-09,-2.536499187542705
671,672.0,0.9408628201744883,5.530574674982883,0.0,0.6143293012506283,0.466425704455003,0.25813222095192195,0.5579931347456221,-14.95996677436371
672,673.0,0.38579665986434997,3.5844885344078454,0.0,0.36189715244770054,0.33909955362248556,0.22009723618128604,0.6785130506792842,-17.19160186686373
673,674.0,0.8223574665861829,7.231377828074613,0.0,0.4316760167717438,0.33909955362248556,0.22009723618128604,0.6785130506792842,-17.19160186686373
674,675.0,0.6826282815663592,8.954360050724926,0.0,0.4121462181597939,0.33909955362248556,0.22009723618128604,0.6785130506792842,-17.19160186686373
675,676.0,0.06135483863537006,8.97561803717881,0.06135483863537006,8.97561803717881,2.7514403959339453,0.6269472973901788,0.0,-2.536499159135812
676,677.0,0.3957865392861988,6.841368456207088,0.3958498664075567,6.841364192950648,2.7514387369476045,0.6269471083806039,5.937987826998281e-07,-2.5365033798007044
677,678.0,0.7259195542052826,5.646166737903797,0.0,0.3759229457655809,0.33909955362248556,0.22009723618128604,0.6785130506792842,-17.19160186686373
678,679.0,0.23537558514384826,5.998894622576303,0.23537558514384826,5.998894622576303,2.7514403938898884,0.6269472971572978,8.960049369122203e-10,-2.536499164336142
679,680.0,0.23443035434360326,5.808627977454018,0.23443035434360326,5.808627977454018,2.7514403917169092,0.6269472969097288,1.850651076829024e-09,-2.5364991698644657
680,681.0,0.9389510560502877,1.9455370374372845,0.13834679283058313,0.49309062591954933,0.017124686239827713,0.04946093153739442,0.9821782740801495,-38.09201056073225
681,682.0,0.8462003067217434,6.55358133645264,0.0,0.40977488787829314,0.33909955362248556,0.22009723618128604,0.6785130506792842,-17.19160186686373
682,683.0,0.5682990343717348,7.2270232920924515,0.0,0.4303795696841146,0.33909955362248556,0.22009723618128604,0.6785130506792842,-17.19160186686373
683,684.0,0.8704318876610042,8.30468180827967,0.0,0.4676583256562384,0.33909955362248556,0.22009723618128604,0.6785130506792842,-17.19160186686373
684,685.0,0.6311136744886927,2.2076278138146663,0.13834681903963253,0.4930905783891351,0.01712468623980128,0.04946093153735622,0.9821782740800338,-38.09201056074305
685,686.0,0.4030168185644566,4.8948721546154434,0.0,0.5556718347507084,0.466425704455003,0.25813222095192195,0.5579931347456221,-14.95996677436371
686,687.0,0.07270547805162497,6.35798924803581,0.07270547805162497,6.35798924803581,2.7514403959339453,0.6269472973901788,0.0,-2.536499159135812
687,688.0,0.14934322653405607,8.349116921506788,0.14934322653405607,8.349116921506788,2.7514403959339453,0.6269472973901788,0.0,-2.536499159135812
688,689.0,0.0035555558387392328,4.872500497031483,0.0035555558387392328,4.872500497031483,2.7514403959339453,0.6269472973901788,0.0,-2.536499159135812
689,690.0,0.5231703712578537,3.970587276664305,0.13834675410252892,0.4930910828548313,0.01712468624174969,0.04946093154017002,0.982178274080695,-38.09201055994661
690,691.0,0.8024488443206724,8.19508757292843,0.0,0.523761834108292,0.466425704455003,0.25813222095192195,0.5579931347456221,-14.95996677436371
691,692.0,0.9990395111195415,4.489243126398038,0.0,0.5093295982003694,0.466425704455003,0.25813222095192195,0.5579931347456221,-14.95996677436371
692,693.0,0.9194874432284029,5.821519568412226,0.0,0.3987546753984147,0.33909955362248556,0.22009723618128604,0.6785130506792842,-17.19160186686373
693,694.0,0.02313353415975794,9.96284158211909,0.02313353415975794,9.96284158211909,2.7514403959339453,0.6269472973901788,0.0,-2.536499159135812
694,695.0,0.7256582798129807,7.730727536232889,0.1383463193668176,0.49309245166631965,0.01712468626870758,0.049460931579100975,0.9821782740728623,-38.09201054892712
695,696.0,0.9201031104155485,4.700248017646742,0.13834705020411547,0.4930909969203506,0.017124686241502665,0.049460931539813284,0.9821782740803243,-38.092010560047584
696,697.0,0.6596842067975994,9.22647967754828,0.0,0.3558613641346584,0.33909955362248556,0.22009723618128604,0.6785130506792842,-17.19160186686373
697,698.0,0.027551147754046434,5.840905641089612,0.027551147754046434,5.840905641089612,2.7514403959339453,0.6269472973901788,0.0,-2.536499159135812
698,699.0,0.956568838510968,5.572972957605673,0.13834681572624097,0.49309054629232923,0.017124686239805665,0.049460931537362585,0.982178274079945,-38.09201056074126
699,700.0,0.9035454799293927,0.15729911494953286,0.13834681025645526,0.49309057469921774,0.017124686239801082,0.049460931537355916,0.9821782740800237,-38.092010560743134
700,701.0,0.7503634034527553,5.595516697232246,0.13834681100445734,0.49309056952563746,0.017124686239801,0.04946093153735582,0.9821782740800097,-38.09201056074317
701,702.0,0.004193830432601686,4.4738318243737165,0.004193830432601686,4.4738318243737165,2.7514403959339453,0.6269472973901788,0.0,-2.536499159135812
702,703.0,0.4458992968345027,9.199357932435325,0.4458992968345027,9.199357932435325,2.751440350037749,0.6269472921611912,1.5448546886176473e-08,-2.5364992759013347
703,704.0,0.8716169406729514,2.9332639349077376,0.13834680455422974,0.4930907804369829,0.017124686240116413,0.049460931537811344,0.9821782740804743,-38.092010560614234
704,705.0,0.5872299684020424,6.800074084774568,0.0,0.4022722232532219,0.33909955362248556,0.22009723618128604,0.6785130506792842,-17.19160186686373
705,706.0,0.2758192458225318,2.934254298376874,0.13834661144572824,0.4930899613845333,0.017124686242720816,0.049460931541572495,0.9821782740772097,-38.09201055954964
706,707.0,0.7268458881815076,8.740708719041681,0.13834681580157565,0.49309059990803994,0.017124686239806366,0.04946093153736359,0.9821782740800906,-38.092010560740974
707,708.0,0.59129531967616,5.332584824784165,0.0,0.3747772420888468,0.33909955362248556,0.22009723618128604,0.6785130506792842,-17.19160186686373
708,709.0,0.7710520603861918,1.751174593573389,0.13834675211278555,0.4930906868586058,0.01712468623994202,0.04946093153755948,0.9821782740802472,-38.09201056068552
709,710.0,0.8649705189099279,3.492429120058691,0.13834690972280236,0.493090605083594,0.01712468623989105,0.049460931537485854,0.9821782740800199,-38.092010560706356
710,711.0,0.8819326442968421,5.453092486118064,0.0,0.3774752205906557,0.33909955362248556,0.22009723618128604,0.6785130506792842,-17.19160186686373
711,712.0,0.35415433368681304,9.637311983662777,0.35415433368681304,9.637311983662777,2.7514403958297686,0.6269472973783099,3.9297121112724653e-11,-2.53649915940085
712,713.0,0.5359816344670728,9.559706922564706,0.5359982878123585,9.559705945568526,2.751439846794806,0.6269472348263455,1.6638061106633018e-07,-2.536500556212908
713,714.0,0.1598366413179062,1.483547959489566,0.0,0.3613065784311795,0.33909955362248556,0.22009723618128604,0.6785130506792842,-17.19160186686373
714,715.0,0.42361251446075443,1.1432779212463293,0.13834676603843057,0.4930904613644139,0.017124686239904888,0.049460931537505824,0.9821782740796691,-38.0920105607007
715,716.0,0.45774471606361977,9.624414567024175,0.45774471606361977,9.624414567024175,2.7514403664735676,0.6269472940337362,9.776024101348924e-09,-2.536499234086607
716,717.0,0.0698960842179982,9.003731164266057,0.0698960842179982,9.003731164266057,2.7514403959339453,0.6269472973901788,0.0,-2.536499159135812
717,718.0,0.4756605780324915,9.312871559729192,0.4756605780324915,9.312871559729192,2.751440279047027,0.6269472840731652,3.7969340338506186e-08,-2.5364994565103967
718,719.0,0.5450392181960523,6.099848019383528,0.0,0.5864816329199436,0.466425704455003,0.25813222095192195,0.5579931347456221,-14.95996677436371
719,720.0,0.28819873894462344,4.948928290885625,0.0,0.5747909436099721,0.466425704455003,0.25813222095192195,0.5579931347456221,-14.95996677436371
720,721.0,0.3089785231480471,5.004668081820912,0.0,0.38136088382363664,0.33909955362248556,0.22009723618128604,0.6785130506792842,-17.19160186686373
721,722.0,0.7382156640393646,0.951684511695191,0.13834662203875484,0.49309079509102227,0.017124686240567438,0.049460931538462684,0.9821782740800713,-38.09201056042987
722,723.0,0.46327602640870313,6.8193469176597885,0.0,0.4084950566665343,0.33909955362248556,0.22009723618128604,0.6785130506792842,-17.19160186686373
723,724.0,0.27066567743783765,4.8227529425090205,0.1383467795298167,0.4930906075373402,0.0171246862398233,0.049460931537388016,0.9821782740800955,-38.092010560734046
724,725.0,0.17954210535454074,8.210142254180507,0.17954210535454074,8.210142254180507,2.7514403959339453,0.6269472973901788,0.0,-2.536499159135812
725,726.0,0.011260400069339593,2.5007105522082806,0.011260400069339593,2.5007105522082806,2.7514403959339453,0.6269472973901788,0.0,-2.536499159135812
726,727.0,0.8184808221170133,5.269405927422773,1.1102230246251565e-16,0.5985402401818779,0.466425704455003,0.25813222095192195,0.5579931347456221,-14.95996677436371
727,728.0,0.8625964740632786,7.250688059602848,0.0,0.43320655587260704,0.33909955362248556,0.22009723618128604,0.6785130506792842,-17.19160186686373
728,729.0,0.5179646925222723,1.811168660498025,0.1383464452955243,0.4930871082310831,0.017124686325729454,0.04946093166144865,0.9821782740419818,-38.09201052561848
729,730.0,0.745263279763482,7.643139559708531,0.0,0.40145446003892965,0.33909955362248556,0.22009723618128604,0.6785130506792842,-17.19160186686373
730,731.0,0.35364168114854144,4.222596376901622,0.13834678660154293,0.4930906096590236,0.017124686239819865,0.04946093153738309,0.9821782740801057,-38.09201056073545
731,732.0,0.3316112210707881,6.65187712726289,0.3316112210707881,6.65187712726289,2.7514402388891837,0.6269472794979521,6.096473137429115e-08,-2.536499558676854
732,733.0,0.5477368908845877,2.2768797585691103,0.13834681238967428,0.4930905657441988,0.017124686239801158,0.0494609315373561,0.9821782740799994,-38.0920105607431
733,734.0,0.981083283020238,0.10252703183057571,0.13834686511662717,0.49309045499555637,0.017124686239931096,0.04946093153754367,0.9821782740796328,-38.092010560689985
734,735.0,0.755192143528131,4.386327004917236,0.0,0.6162782388953651,0.466425704455003,0.25813222095192195,0.5579931347456221,-14.95996677436371
735,736.0,0.3286561007414298,4.693933017785054,0.13834683103861248,0.4930904885859311,0.017124686239855216,0.04946093153743413,0.9821782740797687,-38.09201056072101
736,737.0,0.25834593411489404,0.20643093822848407,0.13834696171051758,0.49309066307454036,0.017124686240050195,0.04946093153771565,0.9821782740800499,-38.092010560641306
737,738.0,0.6116019793355145,1.0429420855117957,0.1383468190552027,0.49309058149071644,0.01712468623980159,0.049460931537356694,0.9821782740800421,-38.09201056074293
738,739.0,0.7603946770514624,2.945715406330973,0.1383472760609296,0.49309078648619864,0.01712468624204315,0.049460931540593805,0.9821782740785124,-38.09201055982665
739,740.0,0.6836089082634828,1.7863173839875743,0.13834681296957171,0.4930905655984332,0.017124686239801176,0.04946093153735606,0.982178274079999,-38.09201056074309
740,741.0,0.6036489607399871,1.985771975440985,0.13834680510138123,0.49309057211677243,0.01712468623980172,0.04946093153735688,0.9821782740800158,-38.09201056074287
741,742.0,0.5532214636100242,3.1626041306733397,0.0,0.6530206979979211,0.466425704455003,0.25813222095192195,0.5579931347456221,-14.95996677436371
742,743.0,0.30815520842282473,8.162569038910009,0.30815520842282473,8.162569038910009,2.7514403956247064,0.626947297354947,1.2369805180156845e-10,-2.5364991599225526
743,744.0,0.8617645066698781,7.411101608708062,0.0,0.44015017774352205,0.33909955362248556,0.22009723618128604,0.6785130506792842,-17.19160186686373
744,745.0,0.5194005636562394,2.4750299003531855,0.0,0.43479454451033095,0.33909955362248556,0.22009723618128604,0.6785130506792842,-17.19160186686373
745,746.0,0.6655022877936853,1.6472708724227463,0.0,0.5904679352730687,0.466425704455003,0.25813222095192195,0.5579931347456221,-14.95996677436371
746,747.0,0.47554307231318993,5.940856362292173,0.0,0.39476231466008405,0.33909955362248556,0.22009723618128604,0.6785130506792842,-17.19160186686373
747,748.0,0.9717632429087953,8.337166809960603,0.0,0.46969883599440926,0.33909955362248556,0.22009723618128604,0.6785130506792842,-17.19160186686373
748,749.0,0.5987572705215259,7.026715622104284,0.0,0.3987376052821473,0.33909955362248556,0.22009723618128604,0.6785130506792842,-17.19160186686373
749,750.0,0.8338261537286153,5.857277155497121,0.0,0.3997689260069393,0.33909955362248556,0.22009723618128604,0.6785130506792842,-17.19160186686373
750,751.0,0.3204734639416762,7.234028620648441,0.3204734639416762,7.234028620648441,2.7514403820107467,0.6269472958038984,5.482406861823108e-09,-2.536499194558127
751,752.0,0.35283999543553457,8.66851496791891,0.35283999543553457,8.66851496791891,2.751440394454439,0.6269472972216176,5.590254925635918e-10,-2.536499162899857
752,753.0,0.07264793925499546,8.869982992045147,0.07264793925499546,8.869982992045147,2.7514403959339453,0.6269472973901788,0.0,-2.536499159135812
753,754.0,0.5491367778008608,2.7089630151912,0.13834686787507441,0.4930905920487261,0.017124686239829365,0.049460931537396786,0.9821782740800443,-38.09201056073157
754,755.0,0.9712448113096198,2.9677643782531042,0.13834680927661505,0.4930907884863985,0.01712468624013909,0.04946093153784404,0.9821782740804901,-38.09201056060496
755,756.0,0.6992589996575954,3.2277689361643436,0.13834682373558851,0.4930905242498385,0.017124686239818616,0.04946093153738126,0.9821782740798799,-38.092010560735964
756,757.0,0.9459430040970486,6.67984632898291,0.0,0.4307706358333041,0.33909955362248556,0.22009723618128604,0.6785130506792842,-17.19160186686373
757,758.0,0.10926129948325047,1.7210010077415954,0.0,0.4282989310674622,0.33909955362248556,0.22009723618128604,0.6785130506792842,-17.19160186686373
758,759.0,0.9416436357111515,7.285957550583914,0.0,0.43537948012973293,0.33909955362248556,0.22009723618128604,0.6785130506792842,-17.19160186686373
759,760.0,0.5685053118852667,9.225363598763447,0.5685705929987865,9.225359157871717,2.7514378805694215,0.6269470108127642,7.350209023648802e-07,-2.5365055585329204
760,761.0,0.1268276052797992,7.927039215108839,0.1268276052797992,7.927039215108839,2.7514403959339453,0.6269472973901788,0.0,-2.536499159135812
761,762.0,0.8964379957991611,4.842771907716468,0.1383468578597356,0.4930905512673213,0.017124686239822877,0.049460931537387405,0.9821782740799401,-38.092010560734224
762,763.0,0.8695224836997724,3.404933715474885,0.0,0.37974147863141516,0.33909955362248556,0.22009723618128604,0.6785130506792842,-17.19160186686373
763,764.0,0.4480497831621031,9.842716589746704,0.4480497831621031,9.842716589746704,2.7514403839871124,0.6269472960290673,4.010851983871078e-09,-2.536499189530012
764,765.0,0.7547281079198873,6.631113788901235,0.0,0.404978790070138,0.33909955362248556,0.22009723618128604,0.6785130506792842,-17.19160186686373
765,766.0,0.4206238266428771,9.633358417395145,0.4206238266428771,9.633358417395145,2.751440390631145,0.6269472967860268,1.8407195767622397e-09,-2.536499172626783
766,767.0,0.27418016474295304,3.287521189647122,0.0,0.3959645771828919,0.33909955362248556,0.22009723618128604,0.6785130506792842,-17.19160186686373
767,768.0,0.6322853052023254,5.117975876018033,0.0,0.6377949960068633,0.466425704455003,0.25813222095192195,0.5579931347456221,-14.95996677436371
768,769.0,0.10006422493609202,7.494765455622163,0.10006422493609202,7.494765455622163,2.7514403959339453,0.6269472973901788,0.0,-2.536499159135812
769,770.0,0.7722081612781031,0.5990421990580486,0.1383468098462568,0.49309048582785525,0.017124686239854033,0.04946093153743242,0.9821782740797645,-38.09201056072149
770,771.0,0.9883132960182077,7.923616781866461,0.0,0.40493482544794646,0.33909955362248556,0.22009723618128604,0.6785130506792842,-17.19160186686373
771,772.0,0.5904221416154867,1.9121834717044963,0.13834758891540277,0.4930903162389173,0.017124686246254753,0.04946093154667596,0.9821782740729367,-38.09201055810509
772,773.0,0.08850078925135874,7.412573455354064,0.08850078925135874,7.412573455354064,2.7514403959339453,0.6269472973901788,0.0,-2.536499159135812
773,774.0,0.09945589390783716,0.7293519381311074,0.13834679322442,0.49309046134234813,0.017124686239890424,0.049460931537484966,0.9821782740796844,-38.09201056070661
774,775.0,0.6980864813322218,1.9260605047565411,0.13834685815263845,0.49309001515599077,0.017124686242078545,0.049460931540644903,0.9821782740777015,-38.09201055981218
775,776.0,0.8512790314943474,6.378664895787413,0.0,0.40073372235854826,0.33909955362248556,0.22009723618128604,0.6785130506792842,-17.19160186686373
776,777.0,0.20248924657502154,3.6962503780419356,0.13834687797894227,0.4930905612005526,0.01712468623984082,0.049460931537413336,0.9821782740799472,-38.092010560726884
777,778.0,0.8001373927652871,2.7760684657549275,0.13834673977333742,0.4930910573714067,0.017124686241592656,0.04946093153994323,0.9821782740806602,-38.09201056001079
778,779.0,0.554293114813969,6.342648434972817,0.0,0.3992575578318616,0.33909955362248556,0.22009723618128604,0.6785130506792842,-17.19160186686373
779,780.0,0.5993712113153677,0.35295432670296256,0.13834695186307988,0.4930901650360396,0.017124686241241763,0.04946093153943653,0.9821782740782481,-38.09201056015423
780,781.0,0.8611058807162506,2.3840900292683385,0.13834679283058313,0.49309062591954933,0.017124686239827713,0.04946093153739442,0.9821782740801495,-38.09201056073225
781,782.0,0.6532990491701258,2.818518887833888,0.1383468015771346,0.49309076201561947,0.017124686240064836,0.04946093153773686,0.9821782740804407,-38.092010560635316
782,783.0,0.2550655906680529,8.944796963054836,0.2550655906680529,8.944796963054836,2.75144039593384,0.626947297390167,4.5075054799781356e-14,-2.5364991591360795
783,784.0,0.5916145260888682,3.7457309157890615,0.1383468594840657,0.4930905826036266,0.017124686239820188,0.04946093153738353,0.9821782740800266,-38.092010560735325
784,785.0,0.6915222872826543,6.056120680063587,0.138346458217672,0.49309070522061604,0.01712468624120393,0.049460931539381865,0.9821782740789996,-38.0920105601697
785,786.0,0.7559616419720492,0.8592185381086502,0.13834680661272358,0.4930906306655097,0.017124686239826707,0.049460931537392935,0.9821782740801663,-38.09201056073265
786,787.0,0.926340464578728,5.107675960947456,0.13834690815957748,0.4930903709205088,0.017124686240198844,0.049460931537930374,0.9821782740792608,-38.09201056058054
787,788.0,0.7056462632333239,8.81268396930899,0.1383469430860484,0.49309082004623994,0.017124686240360287,0.049460931538163534,0.982178274080424,-38.092010560514545
788,789.0,0.788593570776999,3.8835601957147676,0.13834684536779143,0.49309123073300476,0.01712468624290201,0.04946093154183411,0.982178274080778,-38.092010559475575
789,790.0,0.9750745915732738,2.0138722032360423,0.13834679283058313,0.49309062591954933,0.017124686239827713,0.04946093153739442,0.9821782740801495,-38.09201056073225
790,791.0,0.13575719249279072,6.702738221014618,0.13575719249279072,6.702738221014618,2.7514403959339453,0.6269472973901788,0.0,-2.536499159135812
791,792.0,0.5680029718815117,1.3037183870422526,0.13834680231346833,0.4930906133662098,0.017124686239815192,0.0494609315373763,0.9821782740801225,-38.092010560737364
792,793.0,0.09363358521056953,6.994534160122022,0.09363358521056953,6.994534160122022,2.7514403959339453,0.6269472973901788,0.0,-2.536499159135812
793,794.0,0.37317221497574327,8.94204547803489,0.37317221497574327,8.94204547803489,2.7514403935586893,0.6269472971195642,8.746861013264606e-10,-2.5364991651787525
794,795.0,0.5736381570188194,8.824786942100245,0.1383487116956521,0.4930898191745175,0.01712468628009885,0.04946093159555159,0.9821782740388456,-38.09201054427075
795,796.0,0.5317848849712808,1.9472252437453805,0.0,0.5505994977421733,0.466425704455003,0.25813222095192195,0.5579931347456221,-14.95996677436371
796,797.0,0.7511845044457951,5.704765016191462,0.0,0.4324587630686964,0.33909955362248556,0.22009723618128604,0.6785130506792842,-17.19160186686373
797,798.0,0.779012224560174,9.364157973921046,0.1383468065338505,0.4930905746257324,0.017124686239801564,0.04946093153735664,0.9821782740800229,-38.092010560742935
798,799.0,0.005587166768661778,5.287045984364698,0.005587166768661778,5.287045984364698,2.7514403959339453,0.6269472973901788,0.0,-2.536499159135812
799,800.0,0.6494651852976007,6.579653748374651,0.0,0.40906696192061764,0.33909955362248556,0.22009723618128604,0.6785130506792842,-17.19160186686373
800,801.0,0.995318054838787,0.8895222436729491,0.13834677962685935,0.49309055706722194,0.01712468623981358,0.04946093153737399,0.9821782740799633,-38.092010560738025
801,802.0,0.311795132149138,6.332769485454567,0.311795132149138,6.332769485454567,2.7514402517300818,0.6269472809609253,5.74149099374921e-08,-2.5364995260080416
802,803.0,0.35322351057558266,2.7982278092695188,0.1383467490438659,0.4930911487907467,0.017124686242279804,0.04946093154093559,0.982178274080685,-38.092010559729914
803,804.0,0.8129791852363543,8.991461576160686,0.0,0.48202269019571486,0.33909955362248556,0.22009723618128604,0.6785130506792842,-17.19160186686373
804,805.0,0.6533680036685983,2.877780704301773,0.138347285226464,0.49309079257245836,0.01712468624213781,0.0494609315407305,0.9821782740784444,-38.09201055978796
805,806.0,0.2450596947513003,7.727546413539091,0.2450596947513003,7.727546413539091,2.751440395929785,0.6269472973897048,1.8024470804789416e-12,-2.5364991591463957
806,807.0,0.9980785436939115,3.335484703296169,0.13834682732478812,0.49309045454433115,0.01712468623990355,0.04946093153750391,0.9821782740796604,-38.09201056070125
807,808.0,0.10632527356887367,0.7383175572396212,0.13834679797154606,0.4930904643628318,0.01712468623988468,0.04946093153747666,0.9821782740796953,-38.092010560708964
808,809.0,0.9650393651161826,0.713297545195274,0.13834681210877958,0.4930905648935411,0.017124686239801245,0.049460931537356194,0.982178274079997,-38.09201056074306
809,810.0,0.7079110262690538,0.3213073822637049,0.13834719006894172,0.49309060675296434,0.017124686241141017,0.04946093153929102,0.9821782740787294,-38.09201056019541
810,811.0,0.07860071253773615,8.559155492625852,0.07860071253773615,8.559155492625852,2.7514403959339453,0.6269472973901788,0.0,-2.536499159135812
811,812.0,0.7481179179607724,6.141636984743828,0.0,0.3905204784870111,0.33909955362248556,0.22009723618128604,0.6785130506792842,-17.19160186686373
812,813.0,0.2832179318993905,1.744981656504235,0.13834670304898297,0.49309061100733764,0.017124686239936494,0.049460931537551454,0.982178274079987,-38.09201056068778
813,814.0,0.7919983054433705,6.017227999708436,0.0,0.4065643249818865,0.33909955362248556,0.22009723618128604,0.6785130506792842,-17.19160186686373
814,815.0,0.2776436149552558,7.79948181057092,0.2776436149552558,7.79948181057092,2.751440395848909,0.6269472973804905,3.536293480266295e-11,-2.5364991593521546
815,816.0,0.4476266157769965,0.8501514898998092,0.1383468090264895,0.4930905665920727,0.017124686239801328,0.04946093153735628,0.9821782740800015,-38.092010560743034
816,817.0,0.11472188084034707,5.138490082542367,0.11472188084034707,5.138490082542367,2.7514403959339453,0.6269472973901788,2.220446049250313e-16,-2.536499159135812
817,818.0,0.6505461914064536,7.420055145708621,0.0,0.43998137741604065,0.33909955362248556,0.22009723618128604,0.6785130506792842,-17.19160186686373
818,819.0,0.93635340005404,7.681820747254635,0.13834682139327145,0.4930905926752691,0.017124686239804114,0.04946093153736035,0.9821782740800716,-38.0920105607419
819,820.0,0.5062500907550885,8.425465370173471,0.5063088437572565,8.425461551006583,2.7514384112159025,0.6269470712697366,6.220434777270967e-07,-2.5365042085024383
820,821.0,0.011914497608720875,1.6165869858750497,0.011914497608720875,1.6165869858750497,2.7514403959339453,0.6269472973901788,0.0,-2.536499159135812
821,822.0,0.1824428489513299,5.908113178284311,0.1824428489513299,5.908113178284311,2.751440395927616,0.6269472973894578,2.949640531824116e-12,-2.536499159151914
822,823.0,0.6542301878140933,9.939651420450936,0.13834681015536016,0.49309073194251773,0.017124686239985552,0.04946093153762236,0.9821782740803884,-38.09201056066773
823,824.0,0.19827067072773008,3.5393327895497455,0.0,0.36197264891249514,0.33909955362248556,0.22009723618128604,0.6785130506792842,-17.19160186686373
824,825.0,0.8326750758058128,8.216048221545094,0.0,0.4645563911190212,0.33909955362248556,0.22009723618128604,0.6785130506792842,-17.19160186686373
825,826.0,0.5582274035088699,2.271092997247946,0.13834682103778045,0.49309047819289203,0.017124686239865343,0.04946093153744874,0.9821782740797391,-38.092010560716865
826,827.0,0.5739629501117005,9.611579330449278,0.574002207597654,9.611576754732074,2.751438919771829,0.6269471292099096,4.2879781048110743e-07,-2.536502914673311
827,828.0,0.4957729203898187,7.356658274027163,0.0,0.4377891532771073,0.33909955362248556,0.22009723618128604,0.6785130506792842,-17.19160186686373
828,829.0,0.32278722009089633,2.1467750544635495,0.13834680936614066,0.493090567166068,0.017124686239801252,0.04946093153735618,0.982178274080003,-38.09201056074306
829,830.0,0.028131690314426305,4.551964388449831,0.028131690314426305,4.551964388449831,2.7514403959339453,0.6269472973901788,0.0,-2.536499159135812
830,831.0,0.5948089584365884,3.0773534543989327,0.13834669940877742,0.4930910814808371,0.017124686241866596,0.04946093154033882,0.98217827408056,-38.09201055989882
831,832.0,0.8214940497959708,6.262809422272293,0.0,0.3969057019630079,0.33909955362248556,0.22009723618128604,0.6785130506792842,-17.19160186686373
832,833.0,0.9774278677532314,1.183537551693489,0.13834683361120798,0.49309062632621925,0.017124686239824095,0.049460931537389195,0.9821782740801553,-38.092010560733726
833,834.0,0.675570786820272,2.040852628651878,0.13834671877149593,0.4930902308722318,0.017124686240684656,0.04946093153863196,0.9821782740787591,-38.09201056038196
834,835.0,0.4961224512149467,7.199695012942534,0.0,0.42848239005415933,0.33909955362248556,0.22009723618128604,0.6785130506792842,-17.19160186686373
835,836.0,0.7990261667947439,4.885190738764079,0.0,0.5559117342315442,0.466425704455003,0.25813222095192195,0.5579931347456221,-14.95996677436371
836,837.0,0.6616511788840046,5.8794588952606075,0.0,0.4007626698248764,0.33909955362248556,0.22009723618128604,0.6785130506792842,-17.19160186686373
837,838.0,0.07158785854236682,8.88721350975103,0.07158785854236682,8.88721350975103,2.7514403959339453,0.6269472973901788,0.0,-2.536499159135812
838,839.0,0.657493523697145,9.0962826685581,0.0,0.48361268703103694,0.33909955362248556,0.22009723618128604,0.6785130506792842,-17.19160186686373
839,840.0,0.6707780842847282,4.689826440038887,0.13834676909007998,0.4930905420901816,0.01712468623982553,0.04946093153739127,0.9821782740799134,-38.092010560733144
840,841.0,0.7860915725000466,6.452319337126139,0.0,0.40215688313028736,0.33909955362248556,0.22009723618128604,0.6785130506792842,-17.19160186686373
841,842.0,0.16113622443031994,0.4443940349632946,0.1383465803479141,0.4930902361125252,0.017124686241038863,0.04946093153914343,0.9821782740783873,-38.09201056023717
842,843.0,0.016496388687614716,7.58332763244626,0.016496388687614716,7.58332763244626,2.7514403959339453,0.6269472973901788,0.0,-2.536499159135812
843,844.0,0.595549170136614,9.008880402093327,0.0,0.4821378879609631,0.33909955362248556,0.22009723618128604,0.6785130506792842,-17.19160186686373
844,845.0,0.9200051972756755,4.465714951230822,0.0,0.5301822031432959,0.466425704455003,0.25813222095192195,0.5579931347456221,-14.95996677436371
845,846.0,0.31962338328955864,2.033058561825828,0.13834679283058313,0.49309062591954933,0.017124686239827713,0.04946093153739442,0.9821782740801495,-38.09201056073225
846,847.0,0.88177395159999,6.980920918653404,0.0,0.40810125385848356,0.33909955362248556,0.22009723618128604,0.6785130506792842,-17.19160186686373
847,848.0,0.3382043245506312,8.115246290080465,0.3382043245506312,8.115246290080465,2.751440393018682,0.6269472970580408,1.122227311078916e-09,-2.5364991665525967
848,849.0,0.48050505223963214,2.486892569303102,0.13834682078579236,0.4930905617260975,0.01712468623980204,0.04946093153735734,0.982178274079988,-38.092010560742736
849,850.0,0.10003190559202502,1.0064840266341488,0.0,0.4293905162795272,0.33909955362248556,0.22009723618128604,0.6785130506792842,-17.19160186686373
850,851.0,0.5797154054229071,2.7068173985981585,0.13834693681981086,0.49309170767663435,0.017124686249036784,0.04946093155069361,0.9821782740800308,-38.092010556967885
851,852.0,0.3328560261044843,0.1417506939826288,0.13834681938341048,0.4930905986563929,0.01712468623980595,0.049460931537362966,0.9821782740800874,-38.092010560741144
852,853.0,0.68472599039289,2.0540880060051236,0.1383466982346494,0.4930907453935315,0.017124686240171858,0.049460931537891405,0.9821782740802507,-38.092010560591575
853,854.0,0.24971853592684257,5.6745686193225735,0.24971853592684257,5.6745686193225735,2.751440369892618,0.626947294423271,1.121551984617497e-08,-2.536499225388125
854,855.0,0.10149655698842053,3.366813891568717,0.10149655698842053,3.366813891568717,2.7514403957536673,0.6269472973696396,9.026279723656216e-11,-2.5364991595944604
855,856.0,0.5121268887789626,4.981548550713051,0.0,0.5719700397939592,0.466425704455003,0.25813222095192195,0.5579931347456221,-14.95996677436371
856,857.0,0.38293837509311823,2.4407505308644257,0.1383467470859643,0.4930911503654235,0.0171246862422969,0.04946093154096023,0.9821782740806807,-38.09201055972292
857,858.0,0.5379919959468507,8.380463124100752,0.0,0.470508199240595,0.33909955362248556,0.22009723618128604,0.6785130506792842,-17.19160186686373
858,859.0,0.4359570877425374,2.999279053646301,0.13834686751364655,0.49309059343773065,0.017124686239829354,0.04946093153739673,0.9821782740800484,-38.09201056073157
859,860.0,0.3268085631650389,0.23406662278497634,0.1383465735385167,0.49309064296570737,0.017124686240415014,0.04946093153824255,0.9821782740795908,-38.09201056049218
860,861.0,0.7049043100022527,9.404314429977994,0.1383462812142247,0.49309087965713466,0.01712468624341022,0.049460931542568025,0.9821782740775569,-38.092010559267834
861,862.0,0.5789865403165159,9.372313745702952,0.5790515105675905,9.372309393629056,2.751437845645478,0.6269470068338516,7.367492068643955e-07,-2.536505647383775
862,863.0,0.10741248426107874,0.26792887209069716,0.1383466262632212,0.49308889076655993,0.01712468626005899,0.049460931566611216,0.9821782740686889,-38.092010552462376
863,864.0,0.03985156469441975,7.921636949033463,0.03985156469441975,7.921636949033463,2.7514403959339453,0.6269472973901788,0.0,-2.536499159135812
864,865.0,0.9731536783140403,7.9153916076223325,0.1383468151411587,0.49309060002173905,0.017124686239806425,0.04946093153736363,0.982178274080091,-38.092010560740945
865,866.0,0.29342171956398033,8.741869155936822,0.29342171956398033,8.741869155936822,2.7514403959208535,0.6269472973886873,5.336175945558352e-12,-2.536499159169119
866,867.0,0.33517282103146584,4.593368558395541,0.0,0.5849483612761041,0.466425704455003,0.25813222095192195,0.5579931347456221,-14.95996677436371
867,868.0,0.08556887387951628,4.746131597586679,0.08556887387951628,4.746131597586679,2.7514403959339453,0.6269472973901788,0.0,-2.536499159135812
868,869.0,0.5862929988984746,7.001427040883305,0.0,0.41285021284998197,0.33909955362248556,0.22009723618128604,0.6785130506792842,-17.19160186686373
869,870.0,0.7536743670630447,0.9622730194679561,0.13834669534717575,0.49309064959262267,0.017124686239992,0.04946093153763163,0.9821782740800565,-38.092010560665095
870,871.0,0.10819350185877485,1.6287938575503984,0.0,0.3891148757622835,0.33909955362248556,0.22009723618128604,0.6785130506792842,-17.19160186686373
871,872.0,0.023251503223821746,2.622629836041458,0.023251503223821746,2.622629836041458,2.7514403959339453,0.6269472973901788,0.0,-2.536499159135812
872,873.0,0.1894857033510663,3.5257252597220674,0.0,0.36270850913429786,0.33909955362248556,0.22009723618128604,0.6785130506792842,-17.19160186686373
873,874.0,0.5720376301609906,3.739415200283201,0.1383468514840457,0.4930904922491632,0.017124686239863275,0.049460931537445754,0.9821782740797674,-38.09201056071771
874,875.0,0.11251912655322438,3.4830783253062356,0.11251912655322438,3.4830783253062356,2.7514403952810422,0.6269472973157932,3.244406965308144e-10,-2.5364991607968763
875,876.0,0.16059319157556284,5.921574952150212,0.16059319157556284,5.921574952150212,2.7514403959338045,0.6269472973901627,6.750155989720952e-14,-2.53649915913617
876,877.0,0.8057545165881421,6.624319980657183,0.0,0.40674615226312316,0.33909955362248556,0.22009723618128604,0.6785130506792842,-17.19160186686373
877,878.0,0.7441769846320337,5.460716154812306,0.0,0.37740254344020663,0.33909955362248556,0.22009723618128604,0.6785130506792842,-17.19160186686373
878,879.0,0.4655893719906071,1.6036792448450348,0.0,0.5353202786633129,0.466425704455003,0.25813222095192195,0.5579931347456221,-14.95996677436371
879,880.0,0.9824236981907049,5.3764391791042865,0.0,0.37562592254843696,0.33909955362248556,0.22009723618128604,0.6785130506792842,-17.19160186686373
880,881.0,0.018751588735313462,1.821493954693274,0.018751588735313462,1.821493954693274,2.7514403959339453,0.6269472973901788,0.0,-2.536499159135812
881,882.0,0.5928237759157383,9.78428741316145,0.5928696059219646,9.784284393355074,2.7514385998686275,0.6269470927630892,5.111741800956082e-07,-2.5365037285465633
882,883.0,0.1865143951833389,9.489469783991181,0.1865143951833389,9.489469783991181,2.7514403959339453,0.6269472973901788,0.0,-2.536499159135812
883,884.0,0.7255915418535355,1.368556969876417,0.1383468235995341,0.49309058053027804,0.01712468623980201,0.049460931537357276,0.9821782740800391,-38.09201056074275
884,885.0,0.39715733129854613,6.674928517020094,0.0,0.3702421456913025,0.33909955362248556,0.22009723618128604,0.6785130506792842,-17.19160186686373
885,886.0,0.7789517435818033,4.457835542375815,0.0,0.33896638521057987,0.33909955362248556,0.22009723618128604,0.6785130506792842,-17.19160186686373
886,887.0,0.35221174701796754,1.800820232060504,0.1383467918916002,0.4930906766284922,0.017124686239887353,0.04946093153748055,0.9821782740802658,-38.09201056070787
887,888.0,0.9127452118857539,6.37364639592366,0.0,0.40091753380304535,0.33909955362248556,0.22009723618128604,0.6785130506792842,-17.19160186686373
888,889.0,0.3280339515814622,6.898145106324101,0.3280339515814622,6.898145106324101,2.751440334653066,0.6269472904084027,2.3898100276475986e-08,-2.536499315041846
889,890.0,0.18515013063266428,2.3053615731992894,0.13834679283058313,0.49309062591954933,0.017124686239827713,0.04946093153739442,0.9821782740801495,-38.09201056073225
890,891.0,0.6875182211207594,8.11240596154656,0.13834702377425637,0.4930905737572978,0.017124686240218515,0.049460931537958774,0.9821782740795901,-38.0920105605725
891,892.0,0.13993710780903312,0.6703294855460187,0.1383466368082704,0.4930911515907302,0.017124686242646604,0.049460931541465254,0.9821782740803215,-38.092010559579975
892,893.0,0.4711053864569502,8.27635978192653,0.47113518484294686,8.276357916752003,2.7514395069939823,0.6269471961125801,2.9031274961788256e-07,-2.5365014207078804
893,894.0,0.31677781184097664,0.9781476352336745,0.13834695573919634,0.49309048139894196,0.017124686240066255,0.049460931537738874,0.9821782740795372,-38.09201056063474
894,895.0,0.5938467816271602,2.9693650267997196,0.13834670131428592,0.49309070282098355,0.017124686240065346,0.04946093153773757,0.9821782740801808,-38.0920105606351
895,896.0,0.009510351993943233,9.93785901069302,0.009510351993943233,9.93785901069302,2.7514403959339453,0.6269472973901788,0.0,-2.536499159135812
896,897.0,0.9664361942718095,0.4109974565337442,0.1383469270389363,0.4930908863309406,0.017124686240586787,0.04946093153849062,0.9821782740805571,-38.09201056042196
897,898.0,0.2665191168562675,6.584015212027447,0.2665191168562675,6.584015212027447,2.7514403930593545,0.6269472970626746,1.212311473430816e-09,-2.536499166449121
898,899.0,0.13718580981621964,6.688093495659706,0.13718580981621964,6.688093495659706,2.7514403959339453,0.6269472973901788,0.0,-2.536499159135812
899,900.0,0.9346185845241235,9.729106317478644,0.0,0.49154617050905747,0.33909955362248556,0.22009723618128604,0.6785130506792842,-17.19160186686373
900,901.0,0.8328198931453689,7.804341828633086,0.1383470356927007,0.4930905679713094,0.017124686240269225,0.049460931538032,0.9821782740795219,-38.09201056055177
901,902.0,0.40603525776134564,5.751718461038679,0.13834686507799715,0.4930899344446961,0.017124686242787648,0.04946093154166897,0.9821782740772318,-38.09201055952232
902,903.0,0.8719772763460664,9.074078622788836,0.0,0.4834753154502531,0.33909955362248556,0.22009723618128604,0.6785130506792842,-17.19160186686373
903,904.0,0.9468118931901787,3.1553335976840504,0.1383466566081444,0.49309075920924533,0.017124686240328847,0.049460931538118126,0.9821782740801489,-38.0920105605274
904,905.0,0.5475536846075687,6.247668702990949,0.0,0.3954330682754254,0.33909955362248556,0.22009723618128604,0.6785130506792842,-17.19160186686373
905,906.0,0.6003105975333749,2.761406943401161,0.13834680053062387,0.49309070148548706,0.01712468623992537,0.04946093153753544,0.9821782740803234,-38.09201056069232
906,907.0,0.7585251815853867,8.711216629776063,0.0,0.34861776447236825,0.33909955362248556,0.22009723618128604,0.6785130506792842,-17.19160186686373
907,908.0,0.7917918484920086,7.448027493166712,0.0,0.44074015885417095,0.33909955362248556,0.22009723618128604,0.6785130506792842,-17.19160186686373
908,909.0,0.09233274089818555,2.9573540748853477,0.09233274089818555,2.9573540748853477,2.7514403944763424,0.6269472972241131,7.339322483090882e-10,-2.536499162844132
909,910.0,0.22979277479381244,6.583821155132753,0.22979277479381244,6.583821155132753,2.751440395839256,0.6269472973793908,4.178923873610074e-11,-2.5364991593767128
910,911.0,0.7830624111966508,1.3348703078983484,0.13834678768272474,0.49309064578324513,0.017124686239849352,0.049460931537425624,0.9821782740801936,-38.0920105607234
911,912.0,0.0016687655963728565,5.767461009322672,0.0016687655963728565,5.767461009322672,2.7514403959339453,0.6269472973901788,0.0,-2.536499159135812
912,913.0,0.8847299109877629,0.574536074476854,0.13834527346768413,0.4930895703545279,0.01712468626780202,0.04946093157779327,0.9821782740533015,-38.092010549297285
913,914.0,0.4971629944354701,9.709818292207721,0.4971629944354701,9.709818292207721,2.751440282196841,0.6269472844320259,3.6026669314459525e-08,-2.536499448496885
914,915.0,0.3492557085506093,1.677955623767581,0.1383474695649335,0.49309013804180435,0.017124686245614716,0.04946093154575167,0.9821782740737333,-38.09201055836671
915,916.0,0.6719181157219133,9.20375835895036,0.13834670192168932,0.4930905586182526,0.017124686239921992,0.04946093153753058,0.9821782740798533,-38.09201056069371
916,917.0,0.6531360807659801,7.933495587897027,0.13834680937356453,0.49309057058534733,0.017124686239801113,0.04946093153735599,0.9821782740800123,-38.09201056074312
917,918.0,0.9071219453001892,1.3032614329541294,0.1383469061199243,0.49309058439040243,0.01712468623988041,0.04946093153747054,0.9821782740799697,-38.092010560710705
918,919.0,0.2678674275555256,8.057531810489191,0.2678674275555256,8.057531810489191,2.7514403959208744,0.6269472973886897,5.5030424661595134e-12,-2.5364991591690655
919,920.0,0.7033422888249126,8.75907311387066,0.13834681005420374,0.49309056601811985,0.017124686239801283,0.04946093153735624,0.9821782740799999,-38.09201056074305
920,921.0,0.17970035861000344,2.3194765165975673,0.1383467141641548,0.4930914751766829,0.017124686245872805,0.04946093154612439,0.9821782740802744,-38.09201055826121
921,922.0,0.6717073810902427,5.201206823221762,0.0,0.6042238901871919,0.466425704455003,0.25813222095192195,0.5579931347456221,-14.95996677436371
922,923.0,0.8573276676474357,1.439964511160091,0.13834678772937362,0.4930914922443421,0.01712468624592377,0.04946093154619795,0.9821782740804305,-38.09201055824038
923,924.0,0.6776509111067338,9.71046278000752,0.0,0.4913740286425587,0.33909955362248556,0.22009723618128604,0.6785130506792842,-17.19160186686373
924,925.0,0.7761385424012011,8.458089149273377,0.0,0.4588869662948194,0.33909955362248556,0.22009723618128604,0.6785130506792842,-17.19160186686373
925,926.0,0.3466134464819818,8.784651380730828,0.3466134464819818,8.784651380730828,2.751440395222845,0.6269472973091628,2.7082136533351786e-10,-2.5364991609449383
926,927.0,0.6756743375151381,8.341843804588112,0.0,0.46881318096112784,0.33909955362248556,0.22009723618128604,0.6785130506792842,-17.19160186686373
927,928.0,0.7828730990551055,9.38551928742105,0.0,0.3568457122463864,0.33909955362248556,0.22009723618128604,0.6785130506792842,-17.19160186686373
928,929.0,0.35679959969756037,3.1218563971033446,0.13834681170020968,0.49309058669034866,0.01712468623980249,0.049460931537357984,0.9821782740800558,-38.09201056074255
929,930.0,0.3860121475823033,0.3985806838746867,0.13834716580124296,0.4930903554782988,0.01712468624141284,0.049460931539683534,0.982178274077989,-38.092010560084304
930,931.0,0.18151504442750221,0.7876019548402459,0.13834681448899985,0.4930905818213821,0.017124686239801526,0.049460931537356576,0.982178274080043,-38.09201056074295
931,932.0,0.7610753648561607,0.7330197193705147,0.13834686208011562,0.4930908498866483,0.0171246862403603,0.049460931538163534,0.9821782740805821,-38.09201056051454
932,933.0,0.7004164851363309,0.08688953218278055,0.1383470663575608,0.4930905150239343,0.01712468624044807,0.04946093153829027,0.9821782740792079,-38.09201056047866
933,934.0,0.9622509869343394,7.591192359172531,1.1102230246251565e-16,0.4433137675798815,0.33909955362248556,0.22009723618128604,0.6785130506792842,-17.19160186686373
934,935.0,0.15208281077040176,7.004298480549863,0.15208281077040176,7.004298480549863,2.7514403959339453,0.6269472973901788,0.0,-2.536499159135812
935,936.0,0.3242519357747936,8.34600213061329,0.3242519357747936,8.34600213061329,2.7514403953651647,0.6269472973253772,2.2288515477697501e-10,-2.536499160582858
936,937.0,0.47729355355039205,5.9508810947969835,0.0,0.392223089018674,0.33909955362248556,0.22009723618128604,0.6785130506792842,-17.19160186686373
937,938.0,0.4694995759124144,4.446234183584051,0.13834680063310287,0.4930905712906779,0.017124686239802726,0.04946093153735833,0.9821782740800125,-38.09201056074246
938,939.0,0.5043272067915883,4.011913791382534,0.13834681158868972,0.49309027776476,0.017124686240422408,0.04946093153825321,0.9821782740790083,-38.09201056048916
939,940.0,0.9767494584648959,8.462850903405396,0.0,0.458611396985001,0.33909955362248556,0.22009723618128604,0.6785130506792842,-17.19160186686373
940,941.0,0.3470389005427881,2.170585944678453,0.13834680869639868,0.4930905662486971,0.0171246862398014,0.04946093153735641,0.9821782740800004,-38.092010560743
941,942.0,0.19794226818611071,6.440203203520014,0.19794226818611071,6.440203203520014,2.751440395930278,0.626947297389761,1.680433570072637e-12,-2.5364991591451416
942,943.0,0.4575617170134836,5.767475399472355,0.13834681269642435,0.49309058698829766,0.017124686239802504,0.049460931537358026,0.9821782740800566,-38.09201056074255
943,944.0,0.27577882172714374,5.273220729502366,0.2758183456668412,5.273218287011697,2.7514397108271025,0.6269472193354424,2.855620413466653e-07,-2.536500902131409
944,945.0,0.6492751726551057,6.575924846015923,0.0,0.40935370455490144,0.33909955362248556,0.22009723618128604,0.6785130506792842,-17.19160186686373
945,946.0,0.8963502863014721,7.417299268047605,0.0,0.4403724263784766,0.33909955362248556,0.22009723618128604,0.6785130506792842,-17.19160186686373
946,947.0,0.8224135914532611,6.785579613247047,0.0,0.4024721300500571,0.33909955362248556,0.22009723618128604,0.6785130506792842,-17.19160186686373
947,948.0,0.7266788963866039,9.848152616461608,0.13834680911377895,0.4930905669192943,0.017124686239801297,0.04946093153735628,0.9821782740800024,-38.09201056074304
948,949.0,0.5822950452979843,8.584328834170796,0.0,0.47484753814507674,0.33909955362248556,0.22009723618128604,0.6785130506792842,-17.19160186686373
949,950.0,0.1778968924277956,7.1289115215889245,0.1778968924277956,7.1289115215889245,2.751440395933942,0.6269472973901785,1.5543122344752192e-15,-2.53649915913582
950,951.0,0.26885936980539893,0.12266802799940625,0.13834680930381013,0.4930905951829123,0.017124686239805086,0.049460931537361724,0.9821782740800777,-38.0920105607415
951,952.0,0.25764489406535074,9.108875056834544,0.25764489406535074,9.108875056834544,2.7514403959338694,0.6269472973901702,3.241851231905457e-14,-2.536499159136005
952,953.0,0.20370720412995136,7.688703472158787,0.20370720412995136,7.688703472158787,2.751440395933928,0.6269472973901768,7.882583474838611e-15,-2.5364991591358557
953,954.0,0.34129323062729566,8.989956015719606,0.34129323062729566,8.989956015719606,2.751440395661103,0.6269472973590937,1.0461820298957036e-10,-2.5364991598299556
954,955.0,0.41740029731338557,8.498493324466873,0.41740029731338557,8.498493324466873,2.7514403275083734,0.6269472895944024,2.3846354113565837e-08,-2.536499333218816
955,956.0,0.6676224633014657,3.964996801199401,0.13834680467051932,0.49309057212199753,0.01712468623980179,0.04946093153735696,0.9821782740800158,-38.09201056074284
956,957.0,0.916035596674892,2.2389134916359796,0.13834679283058313,0.49309062591954933,0.017124686239827713,0.04946093153739442,0.9821782740801495,-38.09201056073225
957,958.0,0.4760887542463187,6.719947810473134,0.0,0.3736615645894036,0.33909955362248556,0.22009723618128604,0.6785130506792842,-17.19160186686373
958,959.0,0.07724230839578261,4.71448100857362,0.07724230839578261,4.71448100857362,2.7514403959339453,0.6269472973901788,0.0,-2.536499159135812
959,960.0,0.3980150263947093,9.003154139820841,0.3980150263947093,9.003154139820841,2.751440388049504,0.6269472964918985,2.8144675479069292e-09,-2.5364991791947915
960,961.0,0.5572481566516252,4.701680587402495,0.1383468105471732,0.4930905692712052,0.017124686239801044,0.04946093153735591,0.9821782740800089,-38.09201056074315
961,962.0,0.7919329281450214,9.73119927994908,0.0,0.49145548646357323,0.33909955362248556,0.22009723618128604,0.6785130506792842,-17.19160186686373
962,963.0,0.4769988588471422,7.135560295501708,0.0,0.4244075225428033,0.33909955362248556,0.22009723618128604,0.6785130506792842,-17.19160186686373
963,964.0,0.1752755487585521,7.7218224989215685,0.1752755487585521,7.7218224989215685,2.7514403959339453,0.6269472973901788,0.0,-2.536499159135812
964,965.0,0.549880402826593,0.6893581573222718,0.138346682763817,0.493090582040206,0.01712468623996983,0.049460931537599624,0.9821782740798662,-38.092010560674154
965,966.0,0.8656414546730944,3.0584631629020205,0.13834657830583277,0.4930903122690746,0.017124686240743692,0.04946093153871724,0.9821782740786708,-38.09201056035782
966,967.0,0.6842952789402924,7.3916699750365344,0.0,0.4392420550587046,0.33909955362248556,0.22009723618128604,0.6785130506792842,-17.19160186686373
967,968.0,0.2206010911051849,0.3580317216528727,0.13834832060804428,0.4930907080924541,0.017124686261373093,0.04946093156850893,0.9821782740580676,-38.09201055192521
968,969.0,0.7001343698663741,8.777519937898925,0.13834671794918887,0.49309076251874945,0.01712468624017419,0.049460931537894784,0.9821782740803269,-38.092010560590616
969,970.0,0.7196069733003612,1.4599867106769535,0.0,0.48226499436185544,0.33909955362248556,0.22009723618128604,0.6785130506792842,-17.19160186686373
970,971.0,0.7976261887051703,3.152967118591452,0.13834659890018458,0.49309016636334596,0.017124686241319687,0.04946093153954903,0.9821782740781682,-38.092010560122375
971,972.0,0.8646627163971082,5.0218614288585055,0.0,0.38368954997243143,0.33909955362248556,0.22009723618128604,0.6785130506792842,-17.19160186686373
972,973.0,0.6876933655132659,3.4656296884793103,0.13834680923934498,0.49309056707854193,0.01712468623980127,0.04946093153735616,0.9821782740800028,-38.092010560743056
973,974.0,0.2768175717858691,1.9659238476613032,0.13834679283058313,0.49309062591954933,0.017124686239827713,0.04946093153739442,0.9821782740801495,-38.09201056073225
974,975.0,0.20569674681359773,5.967049426957941,0.20569674681359773,5.967049426957941,2.7514403958290257,0.6269472973782252,4.764288963343688e-11,-2.53649915940274
975,976.0,0.5855063663134022,6.192514546517807,0.0,0.39271425705800633,0.33909955362248556,0.22009723618128604,0.6785130506792842,-17.19160186686373
976,977.0,0.1403990052538776,2.2381768842471557,0.13834679283058313,0.49309062591954933,0.017124686239827713,0.04946093153739442,0.9821782740801495,-38.09201056073225
977,978.0,0.7665596941113276,4.5993220384126765,0.0,0.5976540715686892,0.466425704455003,0.25813222095192195,0.5579931347456221,-14.95996677436371
978,979.0,0.9191181683668455,3.691888309687681,0.13834721695761276,0.49309052034474693,0.017124686241394176,0.049460931539656604,0.9821782740782369,-38.09201056009193
979,980.0,0.24897519812326996,7.710428418405107,0.24897519812326996,7.710428418405107,2.751440395927033,0.6269472973893914,2.979616553488995e-12,-2.536499159153397
980,981.0,0.6193507586367928,9.209581638221053,0.1383468469757311,0.4930912315438908,0.017124686242909304,0.04946093154184467,0.9821782740807781,-38.09201055947259
981,982.0,0.6037106346338635,6.920054557226094,0.13834679825335613,0.4930905221924965,0.017124686239820296,0.04946093153738367,0.9821782740798732,-38.092010560735275
982,983.0,0.6244008655336563,7.057035006678408,0.0,0.4320835967688221,0.33909955362248556,0.22009723618128604,0.6785130506792842,-17.19160186686373
983,984.0,0.3100764439555268,5.06781357427918,0.0,0.5381721180785801,0.466425704455003,0.25813222095192195,0.5579931347456221,-14.95996677436371
984,985.0,0.5050264267978616,2.572641420542197,0.13834674108759973,0.49309116265731257,0.01712468624241378,0.049460931541129044,0.9821782740806648,-38.092010559675145
985,986.0,0.9206056425763761,5.692736171380732,0.13834696285248677,0.49309055082504116,0.01712468624001795,0.049460931537669124,0.9821782740797376,-38.09201056065449
986,987.0,0.9236323449785429,0.033974187646115865,0.0,0.5845555783539526,0.466425704455003,0.25813222095192195,0.5579931347456221,-14.95996677436371
987,988.0,0.6921749762203404,0.07506400229165557,0.1383466840172072,0.49309056174993465,0.017124686239963396,0.049460931537590375,0.982178274079818,-38.09201056067678
988,989.0,0.5117640679270581,6.552259030550277,0.0,0.40321790847586714,0.33909955362248556,0.22009723618128604,0.6785130506792842,-17.19160186686373
989,990.0,0.8308492879873655,0.26978685590849416,0.13834683187549854,0.4930904814920667,0.0171246862398646,0.049460931537447676,0.9821782740797459,-38.09201056071717
990,991.0,0.6260014293561182,2.2069104300695437,0.13834729887278635,0.4930901324027137,0.017124686243700366,0.04946093154298708,0.9821782740757367,-38.09201055914923
991,992.0,0.9524819854574536,0.9294804048931805,0.0,0.3478587779014976,0.33909955362248556,0.22009723618128604,0.6785130506792842,-17.19160186686373
992,993.0,0.4517691671575995,7.204310508564695,0.0,0.42881534750736944,0.33909955362248556,0.22009723618128604,0.6785130506792842,-17.19160186686373
993,994.0,0.7065683796593732,0.4729854246955149,0.13834667075994295,0.4930921623733356,0.017124686258461853,0.049460931564304755,0.9821782740777057,-38.09201055311523
994,995.0,0.01182492755606368,9.55295226424865,0.01182492755606368,9.55295226424865,2.7514403959339453,0.6269472973901788,0.0,-2.536499159135812
995,996.0,0.9368564339620563,6.25746773638451,0.0,0.3969737406242187,0.33909955362248556,0.22009723618128604,0.6785130506792842,-17.19160186686373
996,997.0,0.6628099203744947,6.106882862426522,0.1383468255484969,0.4930905224737592,0.017124686239820323,0.04946093153738373,0.9821782740798742,-38.09201056073527
997,998.0,0.519789237965379,3.3743385270493054,0.13834680871708083,0.4930919854399614,0.01712468625416758,0.0494609315581032,0.9821782740790193,-38.09201055487058
998,999.0,0.10919070810856579,9.229171224332879,0.10919070810856579,9.229171224332879,2.7514403959339453,0.6269472973901788,0.0,-2.536499159135812
999,1000.0,0.2093080845038906,2.203562366296512,0.13834698850837107,0.4930909246447839,0.01712468624090599,0.04946093153895158,0.982178274080461,-38.092010560291484
